 
****************************************
Report : timing
        -path full
        -delay min
        -nworst 5
        -input_pins
        -nets
        -max_paths 50
        -transition_time
        -capacitance
Design : NV_NVDLA_partition_m
Version: W-2024.09-SP5-5
Date   : Fri May  8 16:25:26 2026
****************************************

 * Some/all delay information is back-annotated.

 # A fanout number of 1000 was used for high fanout net computations.

Operating Conditions: ss0p95v125c   Library: saed32rvt_ss0p95v125c
Wire Load Model Mode: Inactive.

  Startpoint: u_NV_NVDLA_cmac/u_core/u_rt_out/out_rt_done_d2_reg
              (rising edge-triggered flip-flop clocked by nvdla_core_clk)
  Endpoint: u_NV_NVDLA_cmac/u_core/u_rt_out/out_rt_done_d3_reg
            (rising edge-triggered flip-flop clocked by nvdla_core_clk)
  Path Group: nvdla_core_clk
  Path Type: min

  Point                                       Fanout       Cap     Trans      Incr       Path
  ----------------------------------------------------------------------------------------------
  clock nvdla_core_clk (rise edge)                                          0.0000     0.0000
  clock network delay (ideal)                                               0.0000     0.0000
  u_NV_NVDLA_cmac/u_core/u_rt_out/out_rt_done_d2_reg/CLK (DFFARX1_RVT)
                                                                  0.0500    0.0000     0.0000 r
  u_NV_NVDLA_cmac/u_core/u_rt_out/out_rt_done_d2_reg/Q (DFFARX1_RVT)
                                                                  0.0282    0.1725     0.1725 f
  u_NV_NVDLA_cmac/u_core/u_rt_out/out_rt_done_d2 (net)
                                                1       0.5104              0.0000     0.1725 f
  u_NV_NVDLA_cmac/u_core/u_rt_out/out_rt_done_d3_reg/D (DFFARX1_RVT)
                                                                  0.0282    0.0000 *   0.1725 f
  data arrival time                                                                    0.1725

  clock nvdla_core_clk (rise edge)                                          0.0000     0.0000
  clock network delay (ideal)                                               0.0000     0.0000
  u_NV_NVDLA_cmac/u_core/u_rt_out/out_rt_done_d3_reg/CLK (DFFARX1_RVT)      0.0000     0.0000 r
  library hold time                                                        -0.0058    -0.0058
  data required time                                                                  -0.0058
  ----------------------------------------------------------------------------------------------
  data required time                                                                  -0.0058
  data arrival time                                                                   -0.1725
  ----------------------------------------------------------------------------------------------
  slack (MET)                                                                          0.1784


  Startpoint: u_NV_NVDLA_cmac/u_core/u_rt_out/out_rt_done_d1_reg
              (rising edge-triggered flip-flop clocked by nvdla_core_clk)
  Endpoint: u_NV_NVDLA_cmac/u_core/u_rt_out/out_rt_done_d2_reg
            (rising edge-triggered flip-flop clocked by nvdla_core_clk)
  Path Group: nvdla_core_clk
  Path Type: min

  Point                                       Fanout       Cap     Trans      Incr       Path
  ----------------------------------------------------------------------------------------------
  clock nvdla_core_clk (rise edge)                                          0.0000     0.0000
  clock network delay (ideal)                                               0.0000     0.0000
  u_NV_NVDLA_cmac/u_core/u_rt_out/out_rt_done_d1_reg/CLK (SDFFARX1_RVT)
                                                                  0.0500    0.0000     0.0000 r
  u_NV_NVDLA_cmac/u_core/u_rt_out/out_rt_done_d1_reg/Q (SDFFARX1_RVT)
                                                                  0.0293    0.1744     0.1744 f
  u_NV_NVDLA_cmac/u_core/u_rt_out/out_rt_done_d1 (net)
                                                1       0.6577              0.0000     0.1744 f
  u_NV_NVDLA_cmac/u_core/u_rt_out/out_rt_done_d2_reg/D (DFFARX1_RVT)
                                                                  0.0293    0.0000 *   0.1744 f
  data arrival time                                                                    0.1744

  clock nvdla_core_clk (rise edge)                                          0.0000     0.0000
  clock network delay (ideal)                                               0.0000     0.0000
  u_NV_NVDLA_cmac/u_core/u_rt_out/out_rt_done_d2_reg/CLK (DFFARX1_RVT)      0.0000     0.0000 r
  library hold time                                                        -0.0064    -0.0064
  data required time                                                                  -0.0064
  ----------------------------------------------------------------------------------------------
  data required time                                                                  -0.0064
  data arrival time                                                                   -0.1744
  ----------------------------------------------------------------------------------------------
  slack (MET)                                                                          0.1808


  Startpoint: u_partition_m_reset/sync_reset_synced_rstn/NV_GENERIC_CELL/d0_reg
              (rising edge-triggered flip-flop clocked by nvdla_core_clk)
  Endpoint: u_partition_m_reset/sync_reset_synced_rstn/NV_GENERIC_CELL/q_reg
            (rising edge-triggered flip-flop clocked by nvdla_core_clk)
  Path Group: nvdla_core_clk
  Path Type: min

  Point                                       Fanout       Cap     Trans      Incr       Path
  ----------------------------------------------------------------------------------------------
  clock nvdla_core_clk (rise edge)                                          0.0000     0.0000
  clock network delay (ideal)                                               0.0000     0.0000
  u_partition_m_reset/sync_reset_synced_rstn/NV_GENERIC_CELL/d0_reg/CLK (SDFFARX1_RVT)
                                                                  0.0500    0.0000     0.0000 r
  u_partition_m_reset/sync_reset_synced_rstn/NV_GENERIC_CELL/d0_reg/Q (SDFFARX1_RVT)
                                                                  0.0321    0.1779     0.1779 f
  u_partition_m_reset/sync_reset_synced_rstn/NV_GENERIC_CELL/d0 (net)
                                                1       1.0431              0.0000     0.1779 f
  u_partition_m_reset/sync_reset_synced_rstn/NV_GENERIC_CELL/q_reg/D (DFFARX1_RVT)
                                                                  0.0321    0.0000 *   0.1780 f
  data arrival time                                                                    0.1780

  clock nvdla_core_clk (rise edge)                                          0.0000     0.0000
  clock network delay (ideal)                                               0.0000     0.0000
  u_partition_m_reset/sync_reset_synced_rstn/NV_GENERIC_CELL/q_reg/CLK (DFFARX1_RVT)
                                                                            0.0000     0.0000 r
  library hold time                                                        -0.0077    -0.0077
  data required time                                                                  -0.0077
  ----------------------------------------------------------------------------------------------
  data required time                                                                  -0.0077
  data arrival time                                                                   -0.1780
  ----------------------------------------------------------------------------------------------
  slack (MET)                                                                          0.1857


  Startpoint: u_NV_NVDLA_cmac/u_core/u_mac_0/pp_pvld_d1_reg_0_
              (rising edge-triggered flip-flop clocked by nvdla_core_clk)
  Endpoint: u_NV_NVDLA_cmac/u_core/u_mac_0/pp_pvld_d2_reg_0_
            (rising edge-triggered flip-flop clocked by nvdla_core_clk)
  Path Group: nvdla_core_clk
  Path Type: min

  Point                                       Fanout       Cap     Trans      Incr       Path
  ----------------------------------------------------------------------------------------------
  clock nvdla_core_clk (rise edge)                                          0.0000     0.0000
  clock network delay (ideal)                                               0.0000     0.0000
  u_NV_NVDLA_cmac/u_core/u_mac_0/pp_pvld_d1_reg_0_/CLK (SDFFARX1_RVT)
                                                                  0.0500    0.0000 #   0.0000 r
  u_NV_NVDLA_cmac/u_core/u_mac_0/pp_pvld_d1_reg_0_/Q (SDFFARX1_RVT)
                                                                  0.0338    0.1799     0.1799 f
  u_NV_NVDLA_cmac/u_core/u_mac_0/pp_pvld_d1_0_ (net)
                                                2       1.2895              0.0000     0.1799 f
  u_NV_NVDLA_cmac/u_core/u_mac_0/pp_pvld_d2_reg_0_/D (DFFARX1_RVT)
                                                                  0.0338    0.0000 *   0.1799 f
  data arrival time                                                                    0.1799

  clock nvdla_core_clk (rise edge)                                          0.0000     0.0000
  clock network delay (ideal)                                               0.0000     0.0000
  u_NV_NVDLA_cmac/u_core/u_mac_0/pp_pvld_d2_reg_0_/CLK (DFFARX1_RVT)        0.0000     0.0000 r
  library hold time                                                        -0.0085    -0.0085
  data required time                                                                  -0.0085
  ----------------------------------------------------------------------------------------------
  data required time                                                                  -0.0085
  data arrival time                                                                   -0.1799
  ----------------------------------------------------------------------------------------------
  slack (MET)                                                                          0.1884


  Startpoint: u_NV_NVDLA_cmac/u_core/u_rt_out/out_rt_done_d3_reg
              (rising edge-triggered flip-flop clocked by nvdla_core_clk)
  Endpoint: u_NV_NVDLA_cmac/u_core/u_rt_out/out_rt_done_d4_reg
            (rising edge-triggered flip-flop clocked by nvdla_core_clk)
  Path Group: nvdla_core_clk
  Path Type: min

  Point                                       Fanout       Cap     Trans      Incr       Path
  ----------------------------------------------------------------------------------------------
  clock nvdla_core_clk (rise edge)                                          0.0000     0.0000
  clock network delay (ideal)                                               0.0000     0.0000
  u_NV_NVDLA_cmac/u_core/u_rt_out/out_rt_done_d3_reg/CLK (DFFARX1_RVT)
                                                                  0.0500    0.0000     0.0000 r
  u_NV_NVDLA_cmac/u_core/u_rt_out/out_rt_done_d3_reg/Q (DFFARX1_RVT)
                                                                  0.0363    0.1820     0.1820 f
  u_NV_NVDLA_cmac/u_core/u_rt_out/out_rt_done_d3 (net)
                                                1       1.6392              0.0000     0.1820 f
  u_NV_NVDLA_cmac/u_core/u_rt_out/out_rt_done_d4_reg/D (DFFARX1_RVT)
                                                                  0.0363    0.0000 *   0.1820 f
  data arrival time                                                                    0.1820

  clock nvdla_core_clk (rise edge)                                          0.0000     0.0000
  clock network delay (ideal)                                               0.0000     0.0000
  u_NV_NVDLA_cmac/u_core/u_rt_out/out_rt_done_d4_reg/CLK (DFFARX1_RVT)      0.0000     0.0000 r
  library hold time                                                        -0.0097    -0.0097
  data required time                                                                  -0.0097
  ----------------------------------------------------------------------------------------------
  data required time                                                                  -0.0097
  data arrival time                                                                   -0.1820
  ----------------------------------------------------------------------------------------------
  slack (MET)                                                                          0.1917


  Startpoint: u_NV_NVDLA_cmac/u_core/u_rt_out/out_rt_done_d2_reg
              (rising edge-triggered flip-flop clocked by nvdla_core_clk)
  Endpoint: u_NV_NVDLA_cmac/u_core/u_rt_out/out_rt_done_d3_reg
            (rising edge-triggered flip-flop clocked by nvdla_core_clk)
  Path Group: nvdla_core_clk
  Path Type: min

  Point                                       Fanout       Cap     Trans      Incr       Path
  ----------------------------------------------------------------------------------------------
  clock nvdla_core_clk (rise edge)                                          0.0000     0.0000
  clock network delay (ideal)                                               0.0000     0.0000
  u_NV_NVDLA_cmac/u_core/u_rt_out/out_rt_done_d2_reg/CLK (DFFARX1_RVT)
                                                                  0.0500    0.0000     0.0000 r
  u_NV_NVDLA_cmac/u_core/u_rt_out/out_rt_done_d2_reg/Q (DFFARX1_RVT)
                                                                  0.0301    0.1801     0.1801 r
  u_NV_NVDLA_cmac/u_core/u_rt_out/out_rt_done_d2 (net)
                                                1       0.5207              0.0000     0.1801 r
  u_NV_NVDLA_cmac/u_core/u_rt_out/out_rt_done_d3_reg/D (DFFARX1_RVT)
                                                                  0.0301    0.0000 *   0.1801 r
  data arrival time                                                                    0.1801

  clock nvdla_core_clk (rise edge)                                          0.0000     0.0000
  clock network delay (ideal)                                               0.0000     0.0000
  u_NV_NVDLA_cmac/u_core/u_rt_out/out_rt_done_d3_reg/CLK (DFFARX1_RVT)      0.0000     0.0000 r
  library hold time                                                        -0.0225    -0.0225
  data required time                                                                  -0.0225
  ----------------------------------------------------------------------------------------------
  data required time                                                                  -0.0225
  data arrival time                                                                   -0.1801
  ----------------------------------------------------------------------------------------------
  slack (MET)                                                                          0.2027


  Startpoint: u_NV_NVDLA_cmac/u_core/u_rt_out/out_rt_done_d1_reg
              (rising edge-triggered flip-flop clocked by nvdla_core_clk)
  Endpoint: u_NV_NVDLA_cmac/u_core/u_rt_out/out_rt_done_d2_reg
            (rising edge-triggered flip-flop clocked by nvdla_core_clk)
  Path Group: nvdla_core_clk
  Path Type: min

  Point                                       Fanout       Cap     Trans      Incr       Path
  ----------------------------------------------------------------------------------------------
  clock nvdla_core_clk (rise edge)                                          0.0000     0.0000
  clock network delay (ideal)                                               0.0000     0.0000
  u_NV_NVDLA_cmac/u_core/u_rt_out/out_rt_done_d1_reg/CLK (SDFFARX1_RVT)
                                                                  0.0500    0.0000     0.0000 r
  u_NV_NVDLA_cmac/u_core/u_rt_out/out_rt_done_d1_reg/Q (SDFFARX1_RVT)
                                                                  0.0314    0.1824     0.1824 r
  u_NV_NVDLA_cmac/u_core/u_rt_out/out_rt_done_d1 (net)
                                                1       0.6680              0.0000     0.1824 r
  u_NV_NVDLA_cmac/u_core/u_rt_out/out_rt_done_d2_reg/D (DFFARX1_RVT)
                                                                  0.0314    0.0000 *   0.1824 r
  data arrival time                                                                    0.1824

  clock nvdla_core_clk (rise edge)                                          0.0000     0.0000
  clock network delay (ideal)                                               0.0000     0.0000
  u_NV_NVDLA_cmac/u_core/u_rt_out/out_rt_done_d2_reg/CLK (DFFARX1_RVT)      0.0000     0.0000 r
  library hold time                                                        -0.0230    -0.0230
  data required time                                                                  -0.0230
  ----------------------------------------------------------------------------------------------
  data required time                                                                  -0.0230
  data arrival time                                                                   -0.1824
  ----------------------------------------------------------------------------------------------
  slack (MET)                                                                          0.2054


  Startpoint: u_NV_NVDLA_cmac/u_core/u_mac_1/pp_pvld_d1_reg_0_
              (rising edge-triggered flip-flop clocked by nvdla_core_clk)
  Endpoint: u_NV_NVDLA_cmac/u_core/u_mac_1/pp_pvld_d2_reg_0_
            (rising edge-triggered flip-flop clocked by nvdla_core_clk)
  Path Group: nvdla_core_clk
  Path Type: min

  Point                                       Fanout       Cap     Trans      Incr       Path
  ----------------------------------------------------------------------------------------------
  clock nvdla_core_clk (rise edge)                                          0.0000     0.0000
  clock network delay (ideal)                                               0.0000     0.0000
  u_NV_NVDLA_cmac/u_core/u_mac_1/pp_pvld_d1_reg_0_/CLK (SDFFARX1_RVT)
                                                                  0.0500    0.0000 #   0.0000 r
  u_NV_NVDLA_cmac/u_core/u_mac_1/pp_pvld_d1_reg_0_/Q (SDFFARX1_RVT)
                                                                  0.0482    0.1939     0.1939 f
  u_NV_NVDLA_cmac/u_core/u_mac_1/pp_pvld_d1_0_ (net)
                                                2       3.2619              0.0000     0.1939 f
  u_NV_NVDLA_cmac/u_core/u_mac_1/pp_pvld_d2_reg_0_/D (DFFARX1_RVT)
                                                                  0.0482    0.0001 *   0.1940 f
  data arrival time                                                                    0.1940

  clock nvdla_core_clk (rise edge)                                          0.0000     0.0000
  clock network delay (ideal)                                               0.0000     0.0000
  u_NV_NVDLA_cmac/u_core/u_mac_1/pp_pvld_d2_reg_0_/CLK (DFFARX1_RVT)        0.0000     0.0000 r
  library hold time                                                        -0.0154    -0.0154
  data required time                                                                  -0.0154
  ----------------------------------------------------------------------------------------------
  data required time                                                                  -0.0154
  data arrival time                                                                   -0.1940
  ----------------------------------------------------------------------------------------------
  slack (MET)                                                                          0.2094


  Startpoint: u_partition_m_reset/sync_reset_synced_rstn/NV_GENERIC_CELL/d0_reg
              (rising edge-triggered flip-flop clocked by nvdla_core_clk)
  Endpoint: u_partition_m_reset/sync_reset_synced_rstn/NV_GENERIC_CELL/q_reg
            (rising edge-triggered flip-flop clocked by nvdla_core_clk)
  Path Group: nvdla_core_clk
  Path Type: min

  Point                                       Fanout       Cap     Trans      Incr       Path
  ----------------------------------------------------------------------------------------------
  clock nvdla_core_clk (rise edge)                                          0.0000     0.0000
  clock network delay (ideal)                                               0.0000     0.0000
  u_partition_m_reset/sync_reset_synced_rstn/NV_GENERIC_CELL/d0_reg/CLK (SDFFARX1_RVT)
                                                                  0.0500    0.0000     0.0000 r
  u_partition_m_reset/sync_reset_synced_rstn/NV_GENERIC_CELL/d0_reg/Q (SDFFARX1_RVT)
                                                                  0.0343    0.1859     0.1859 r
  u_partition_m_reset/sync_reset_synced_rstn/NV_GENERIC_CELL/d0 (net)
                                                1       1.0534              0.0000     0.1859 r
  u_partition_m_reset/sync_reset_synced_rstn/NV_GENERIC_CELL/q_reg/D (DFFARX1_RVT)
                                                                  0.0343    0.0000 *   0.1859 r
  data arrival time                                                                    0.1859

  clock nvdla_core_clk (rise edge)                                          0.0000     0.0000
  clock network delay (ideal)                                               0.0000     0.0000
  u_partition_m_reset/sync_reset_synced_rstn/NV_GENERIC_CELL/q_reg/CLK (DFFARX1_RVT)
                                                                            0.0000     0.0000 r
  library hold time                                                        -0.0239    -0.0239
  data required time                                                                  -0.0239
  ----------------------------------------------------------------------------------------------
  data required time                                                                  -0.0239
  data arrival time                                                                   -0.1859
  ----------------------------------------------------------------------------------------------
  slack (MET)                                                                          0.2097


  Startpoint: u_NV_NVDLA_cmac/u_core/u_mac_0/pp_pvld_d1_reg_0_
              (rising edge-triggered flip-flop clocked by nvdla_core_clk)
  Endpoint: u_NV_NVDLA_cmac/u_core/u_mac_0/pp_pvld_d2_reg_0_
            (rising edge-triggered flip-flop clocked by nvdla_core_clk)
  Path Group: nvdla_core_clk
  Path Type: min

  Point                                       Fanout       Cap     Trans      Incr       Path
  ----------------------------------------------------------------------------------------------
  clock nvdla_core_clk (rise edge)                                          0.0000     0.0000
  clock network delay (ideal)                                               0.0000     0.0000
  u_NV_NVDLA_cmac/u_core/u_mac_0/pp_pvld_d1_reg_0_/CLK (SDFFARX1_RVT)
                                                                  0.0500    0.0000 #   0.0000 r
  u_NV_NVDLA_cmac/u_core/u_mac_0/pp_pvld_d1_reg_0_/Q (SDFFARX1_RVT)
                                                                  0.0362    0.1879     0.1879 r
  u_NV_NVDLA_cmac/u_core/u_mac_0/pp_pvld_d1_0_ (net)
                                                2       1.3054              0.0000     0.1879 r
  u_NV_NVDLA_cmac/u_core/u_mac_0/pp_pvld_d2_reg_0_/D (DFFARX1_RVT)
                                                                  0.0362    0.0000 *   0.1879 r
  data arrival time                                                                    0.1879

  clock nvdla_core_clk (rise edge)                                          0.0000     0.0000
  clock network delay (ideal)                                               0.0000     0.0000
  u_NV_NVDLA_cmac/u_core/u_mac_0/pp_pvld_d2_reg_0_/CLK (DFFARX1_RVT)        0.0000     0.0000 r
  library hold time                                                        -0.0244    -0.0244
  data required time                                                                  -0.0244
  ----------------------------------------------------------------------------------------------
  data required time                                                                  -0.0244
  data arrival time                                                                   -0.1879
  ----------------------------------------------------------------------------------------------
  slack (MET)                                                                          0.2123


  Startpoint: u_NV_NVDLA_cmac/u_core/u_rt_out/out_rt_done_d3_reg
              (rising edge-triggered flip-flop clocked by nvdla_core_clk)
  Endpoint: u_NV_NVDLA_cmac/u_core/u_rt_out/out_rt_done_d4_reg
            (rising edge-triggered flip-flop clocked by nvdla_core_clk)
  Path Group: nvdla_core_clk
  Path Type: min

  Point                                       Fanout       Cap     Trans      Incr       Path
  ----------------------------------------------------------------------------------------------
  clock nvdla_core_clk (rise edge)                                          0.0000     0.0000
  clock network delay (ideal)                                               0.0000     0.0000
  u_NV_NVDLA_cmac/u_core/u_rt_out/out_rt_done_d3_reg/CLK (DFFARX1_RVT)
                                                                  0.0500    0.0000     0.0000 r
  u_NV_NVDLA_cmac/u_core/u_rt_out/out_rt_done_d3_reg/Q (DFFARX1_RVT)
                                                                  0.0387    0.1895     0.1895 r
  u_NV_NVDLA_cmac/u_core/u_rt_out/out_rt_done_d3 (net)
                                                1       1.6495              0.0000     0.1895 r
  u_NV_NVDLA_cmac/u_core/u_rt_out/out_rt_done_d4_reg/D (DFFARX1_RVT)
                                                                  0.0387    0.0000 *   0.1895 r
  data arrival time                                                                    0.1895

  clock nvdla_core_clk (rise edge)                                          0.0000     0.0000
  clock network delay (ideal)                                               0.0000     0.0000
  u_NV_NVDLA_cmac/u_core/u_rt_out/out_rt_done_d4_reg/CLK (DFFARX1_RVT)      0.0000     0.0000 r
  library hold time                                                        -0.0252    -0.0252
  data required time                                                                  -0.0252
  ----------------------------------------------------------------------------------------------
  data required time                                                                  -0.0252
  data arrival time                                                                   -0.1895
  ----------------------------------------------------------------------------------------------
  slack (MET)                                                                          0.2147


  Startpoint: u_NV_NVDLA_cmac/u_core/u_rt_out/cfg_reg_en_d1_reg
              (rising edge-triggered flip-flop clocked by nvdla_core_clk)
  Endpoint: u_NV_NVDLA_cmac/u_core/u_rt_out/mac2accu_mode_reg_0_
            (rising edge-triggered flip-flop clocked by nvdla_core_clk)
  Path Group: nvdla_core_clk
  Path Type: min

  Point                                       Fanout       Cap     Trans      Incr       Path
  ----------------------------------------------------------------------------------------------
  clock nvdla_core_clk (rise edge)                                          0.0000     0.0000
  clock network delay (ideal)                                               0.0000     0.0000
  u_NV_NVDLA_cmac/u_core/u_rt_out/cfg_reg_en_d1_reg/CLK (SDFFARX1_RVT)
                                                                  0.0500    0.0000     0.0000 r
  u_NV_NVDLA_cmac/u_core/u_rt_out/cfg_reg_en_d1_reg/QN (SDFFARX1_RVT)
                                                                  0.0359    0.1162     0.1162 f
  u_NV_NVDLA_cmac/u_core/u_rt_out/n227 (net)
                                                1       0.5295              0.0000     0.1162 f
  u_NV_NVDLA_cmac/u_core/u_rt_out/U1643/A3 (AO22X1_RVT)           0.0359    0.0000 *   0.1162 f
  u_NV_NVDLA_cmac/u_core/u_rt_out/U1643/Y (AO22X1_RVT)            0.0230    0.0542     0.1704 f
  u_NV_NVDLA_cmac/u_core/u_rt_out/n207 (net)
                                                1       0.7030              0.0000     0.1704 f
  u_NV_NVDLA_cmac/u_core/u_rt_out/mac2accu_mode_reg_0_/D (SDFFARX2_RVT)
                                                                  0.0230    0.0000 *   0.1704 f
  data arrival time                                                                    0.1704

  clock nvdla_core_clk (rise edge)                                          0.0000     0.0000
  clock network delay (ideal)                                               0.0000     0.0000
  u_NV_NVDLA_cmac/u_core/u_rt_out/mac2accu_mode_reg_0_/CLK (SDFFARX2_RVT)   0.0000     0.0000 r
  library hold time                                                        -0.0456    -0.0456
  data required time                                                                  -0.0456
  ----------------------------------------------------------------------------------------------
  data required time                                                                  -0.0456
  data arrival time                                                                   -0.1704
  ----------------------------------------------------------------------------------------------
  slack (MET)                                                                          0.2161


  Startpoint: u_NV_NVDLA_cmac/u_core/u_mac_5/pp_pvld_d1_reg_0_
              (rising edge-triggered flip-flop clocked by nvdla_core_clk)
  Endpoint: u_NV_NVDLA_cmac/u_core/u_mac_5/pp_pvld_d2_reg_0_
            (rising edge-triggered flip-flop clocked by nvdla_core_clk)
  Path Group: nvdla_core_clk
  Path Type: min

  Point                                       Fanout       Cap     Trans      Incr       Path
  ----------------------------------------------------------------------------------------------
  clock nvdla_core_clk (rise edge)                                          0.0000     0.0000
  clock network delay (ideal)                                               0.0000     0.0000
  u_NV_NVDLA_cmac/u_core/u_mac_5/pp_pvld_d1_reg_0_/CLK (SDFFARX1_RVT)
                                                                  0.0500    0.0000 #   0.0000 r
  u_NV_NVDLA_cmac/u_core/u_mac_5/pp_pvld_d1_reg_0_/Q (SDFFARX1_RVT)
                                                                  0.0549    0.1998     0.1998 f
  u_NV_NVDLA_cmac/u_core/u_mac_5/pp_pvld_d1_0_ (net)
                                                2       4.1503              0.0000     0.1998 f
  u_NV_NVDLA_cmac/u_core/u_mac_5/pp_pvld_d2_reg_0_/D (DFFARX1_RVT)
                                                                  0.0549    0.0002 *   0.2000 f
  data arrival time                                                                    0.2000

  clock nvdla_core_clk (rise edge)                                          0.0000     0.0000
  clock network delay (ideal)                                               0.0000     0.0000
  u_NV_NVDLA_cmac/u_core/u_mac_5/pp_pvld_d2_reg_0_/CLK (DFFARX1_RVT)        0.0000     0.0000 r
  library hold time                                                        -0.0186    -0.0186
  data required time                                                                  -0.0186
  ----------------------------------------------------------------------------------------------
  data required time                                                                  -0.0186
  data arrival time                                                                   -0.2000
  ----------------------------------------------------------------------------------------------
  slack (MET)                                                                          0.2186


  Startpoint: u_NV_NVDLA_cmac/u_core/u_mac_4/pp_pvld_d1_reg_0_
              (rising edge-triggered flip-flop clocked by nvdla_core_clk)
  Endpoint: u_NV_NVDLA_cmac/u_core/u_mac_4/pp_pvld_d2_reg_0_
            (rising edge-triggered flip-flop clocked by nvdla_core_clk)
  Path Group: nvdla_core_clk
  Path Type: min

  Point                                       Fanout       Cap     Trans      Incr       Path
  ----------------------------------------------------------------------------------------------
  clock nvdla_core_clk (rise edge)                                          0.0000     0.0000
  clock network delay (ideal)                                               0.0000     0.0000
  u_NV_NVDLA_cmac/u_core/u_mac_4/pp_pvld_d1_reg_0_/CLK (SDFFARX1_RVT)
                                                                  0.0500    0.0000 #   0.0000 r
  u_NV_NVDLA_cmac/u_core/u_mac_4/pp_pvld_d1_reg_0_/Q (SDFFARX1_RVT)
                                                                  0.0555    0.2002     0.2002 f
  u_NV_NVDLA_cmac/u_core/u_mac_4/pp_pvld_d1_0_ (net)
                                                2       4.2252              0.0000     0.2002 f
  u_NV_NVDLA_cmac/u_core/u_mac_4/pp_pvld_d2_reg_0_/D (DFFARX1_RVT)
                                                                  0.0555    0.0002 *   0.2004 f
  data arrival time                                                                    0.2004

  clock nvdla_core_clk (rise edge)                                          0.0000     0.0000
  clock network delay (ideal)                                               0.0000     0.0000
  u_NV_NVDLA_cmac/u_core/u_mac_4/pp_pvld_d2_reg_0_/CLK (DFFARX1_RVT)        0.0000     0.0000 r
  library hold time                                                        -0.0189    -0.0189
  data required time                                                                  -0.0189
  ----------------------------------------------------------------------------------------------
  data required time                                                                  -0.0189
  data arrival time                                                                   -0.2004
  ----------------------------------------------------------------------------------------------
  slack (MET)                                                                          0.2193


  Startpoint: u_NV_NVDLA_cmac/u_core/u_mac_1/pp_pvld_d1_reg_0_
              (rising edge-triggered flip-flop clocked by nvdla_core_clk)
  Endpoint: u_NV_NVDLA_cmac/u_core/u_mac_1/pp_pvld_d2_reg_0_
            (rising edge-triggered flip-flop clocked by nvdla_core_clk)
  Path Group: nvdla_core_clk
  Path Type: min

  Point                                       Fanout       Cap     Trans      Incr       Path
  ----------------------------------------------------------------------------------------------
  clock nvdla_core_clk (rise edge)                                          0.0000     0.0000
  clock network delay (ideal)                                               0.0000     0.0000
  u_NV_NVDLA_cmac/u_core/u_mac_1/pp_pvld_d1_reg_0_/CLK (SDFFARX1_RVT)
                                                                  0.0500    0.0000 #   0.0000 r
  u_NV_NVDLA_cmac/u_core/u_mac_1/pp_pvld_d1_reg_0_/Q (SDFFARX1_RVT)
                                                                  0.0510    0.2019     0.2019 r
  u_NV_NVDLA_cmac/u_core/u_mac_1/pp_pvld_d1_0_ (net)
                                                2       3.2778              0.0000     0.2019 r
  u_NV_NVDLA_cmac/u_core/u_mac_1/pp_pvld_d2_reg_0_/D (DFFARX1_RVT)
                                                                  0.0510    0.0001 *   0.2020 r
  data arrival time                                                                    0.2020

  clock nvdla_core_clk (rise edge)                                          0.0000     0.0000
  clock network delay (ideal)                                               0.0000     0.0000
  u_NV_NVDLA_cmac/u_core/u_mac_1/pp_pvld_d2_reg_0_/CLK (DFFARX1_RVT)        0.0000     0.0000 r
  library hold time                                                        -0.0289    -0.0289
  data required time                                                                  -0.0289
  ----------------------------------------------------------------------------------------------
  data required time                                                                  -0.0289
  data arrival time                                                                   -0.2020
  ----------------------------------------------------------------------------------------------
  slack (MET)                                                                          0.2309


  Startpoint: u_NV_NVDLA_cmac/u_core/u_mac_4/cfg_reg_en_d1_reg
              (rising edge-triggered flip-flop clocked by nvdla_core_clk)
  Endpoint: u_NV_NVDLA_cmac/u_core/u_mac_4/cfg_reg_en_d2_reg
            (rising edge-triggered flip-flop clocked by nvdla_core_clk)
  Path Group: nvdla_core_clk
  Path Type: min

  Point                                       Fanout       Cap     Trans      Incr       Path
  ----------------------------------------------------------------------------------------------
  clock nvdla_core_clk (rise edge)                                          0.0000     0.0000
  clock network delay (ideal)                                               0.0000     0.0000
  u_NV_NVDLA_cmac/u_core/u_mac_4/cfg_reg_en_d1_reg/CLK (DFFARX2_RVT)
                                                                  0.0500    0.0000 #   0.0000 r
  u_NV_NVDLA_cmac/u_core/u_mac_4/cfg_reg_en_d1_reg/Q (DFFARX2_RVT)
                                                                  0.0560    0.2189     0.2189 f
  u_NV_NVDLA_cmac/u_core/u_mac_4/cfg_reg_en_d1 (net)
                                                2       7.7020              0.0000     0.2189 f
  u_NV_NVDLA_cmac/u_core/u_mac_4/cfg_reg_en_d2_reg/D (DFFARX2_RVT)
                                                                  0.0560    0.0007 *   0.2196 f
  data arrival time                                                                    0.2196

  clock nvdla_core_clk (rise edge)                                          0.0000     0.0000
  clock network delay (ideal)                                               0.0000     0.0000
  u_NV_NVDLA_cmac/u_core/u_mac_4/cfg_reg_en_d2_reg/CLK (DFFARX2_RVT)        0.0000     0.0000 r
  library hold time                                                        -0.0116    -0.0116
  data required time                                                                  -0.0116
  ----------------------------------------------------------------------------------------------
  data required time                                                                  -0.0116
  data arrival time                                                                   -0.2196
  ----------------------------------------------------------------------------------------------
  slack (MET)                                                                          0.2312


  Startpoint: u_NV_NVDLA_cmac/u_core/u_mac_6/pp_pvld_d1_reg_0_
              (rising edge-triggered flip-flop clocked by nvdla_core_clk)
  Endpoint: u_NV_NVDLA_cmac/u_core/u_mac_6/pp_pvld_d2_reg_0_
            (rising edge-triggered flip-flop clocked by nvdla_core_clk)
  Path Group: nvdla_core_clk
  Path Type: min

  Point                                       Fanout       Cap     Trans      Incr       Path
  ----------------------------------------------------------------------------------------------
  clock nvdla_core_clk (rise edge)                                          0.0000     0.0000
  clock network delay (ideal)                                               0.0000     0.0000
  u_NV_NVDLA_cmac/u_core/u_mac_6/pp_pvld_d1_reg_0_/CLK (SDFFARX1_RVT)
                                                                  0.0500    0.0000 #   0.0000 r
  u_NV_NVDLA_cmac/u_core/u_mac_6/pp_pvld_d1_reg_0_/Q (SDFFARX1_RVT)
                                                                  0.0686    0.2098     0.2098 f
  u_NV_NVDLA_cmac/u_core/u_mac_6/pp_pvld_d1_0_ (net)
                                                2       5.8232              0.0000     0.2098 f
  u_NV_NVDLA_cmac/u_core/u_mac_6/pp_pvld_d2_reg_0_/D (DFFARX1_RVT)
                                                                  0.0686    0.0004 *   0.2101 f
  data arrival time                                                                    0.2101

  clock nvdla_core_clk (rise edge)                                          0.0000     0.0000
  clock network delay (ideal)                                               0.0000     0.0000
  u_NV_NVDLA_cmac/u_core/u_mac_6/pp_pvld_d2_reg_0_/CLK (DFFARX1_RVT)        0.0000     0.0000 r
  library hold time                                                        -0.0245    -0.0245
  data required time                                                                  -0.0245
  ----------------------------------------------------------------------------------------------
  data required time                                                                  -0.0245
  data arrival time                                                                   -0.2101
  ----------------------------------------------------------------------------------------------
  slack (MET)                                                                          0.2347


  Startpoint: u_NV_NVDLA_cmac/u_core/u_mac_5/pp_pvld_d1_reg_0_
              (rising edge-triggered flip-flop clocked by nvdla_core_clk)
  Endpoint: u_NV_NVDLA_cmac/u_core/u_mac_5/pp_pvld_d2_reg_0_
            (rising edge-triggered flip-flop clocked by nvdla_core_clk)
  Path Group: nvdla_core_clk
  Path Type: min

  Point                                       Fanout       Cap     Trans      Incr       Path
  ----------------------------------------------------------------------------------------------
  clock nvdla_core_clk (rise edge)                                          0.0000     0.0000
  clock network delay (ideal)                                               0.0000     0.0000
  u_NV_NVDLA_cmac/u_core/u_mac_5/pp_pvld_d1_reg_0_/CLK (SDFFARX1_RVT)
                                                                  0.0500    0.0000 #   0.0000 r
  u_NV_NVDLA_cmac/u_core/u_mac_5/pp_pvld_d1_reg_0_/Q (SDFFARX1_RVT)
                                                                  0.0576    0.2077     0.2077 r
  u_NV_NVDLA_cmac/u_core/u_mac_5/pp_pvld_d1_0_ (net)
                                                2       4.1662              0.0000     0.2077 r
  u_NV_NVDLA_cmac/u_core/u_mac_5/pp_pvld_d2_reg_0_/D (DFFARX1_RVT)
                                                                  0.0576    0.0002 *   0.2079 r
  data arrival time                                                                    0.2079

  clock nvdla_core_clk (rise edge)                                          0.0000     0.0000
  clock network delay (ideal)                                               0.0000     0.0000
  u_NV_NVDLA_cmac/u_core/u_mac_5/pp_pvld_d2_reg_0_/CLK (DFFARX1_RVT)        0.0000     0.0000 r
  library hold time                                                        -0.0309    -0.0309
  data required time                                                                  -0.0309
  ----------------------------------------------------------------------------------------------
  data required time                                                                  -0.0309
  data arrival time                                                                   -0.2079
  ----------------------------------------------------------------------------------------------
  slack (MET)                                                                          0.2387


  Startpoint: u_NV_NVDLA_cmac/u_core/u_mac_4/pp_pvld_d1_reg_0_
              (rising edge-triggered flip-flop clocked by nvdla_core_clk)
  Endpoint: u_NV_NVDLA_cmac/u_core/u_mac_4/pp_pvld_d2_reg_0_
            (rising edge-triggered flip-flop clocked by nvdla_core_clk)
  Path Group: nvdla_core_clk
  Path Type: min

  Point                                       Fanout       Cap     Trans      Incr       Path
  ----------------------------------------------------------------------------------------------
  clock nvdla_core_clk (rise edge)                                          0.0000     0.0000
  clock network delay (ideal)                                               0.0000     0.0000
  u_NV_NVDLA_cmac/u_core/u_mac_4/pp_pvld_d1_reg_0_/CLK (SDFFARX1_RVT)
                                                                  0.0500    0.0000 #   0.0000 r
  u_NV_NVDLA_cmac/u_core/u_mac_4/pp_pvld_d1_reg_0_/Q (SDFFARX1_RVT)
                                                                  0.0582    0.2081     0.2081 r
  u_NV_NVDLA_cmac/u_core/u_mac_4/pp_pvld_d1_0_ (net)
                                                2       4.2411              0.0000     0.2081 r
  u_NV_NVDLA_cmac/u_core/u_mac_4/pp_pvld_d2_reg_0_/D (DFFARX1_RVT)
                                                                  0.0582    0.0002 *   0.2083 r
  data arrival time                                                                    0.2083

  clock nvdla_core_clk (rise edge)                                          0.0000     0.0000
  clock network delay (ideal)                                               0.0000     0.0000
  u_NV_NVDLA_cmac/u_core/u_mac_4/pp_pvld_d2_reg_0_/CLK (DFFARX1_RVT)        0.0000     0.0000 r
  library hold time                                                        -0.0310    -0.0310
  data required time                                                                  -0.0310
  ----------------------------------------------------------------------------------------------
  data required time                                                                  -0.0310
  data arrival time                                                                   -0.2083
  ----------------------------------------------------------------------------------------------
  slack (MET)                                                                          0.2394


  Startpoint: u_NV_NVDLA_cmac/u_core/u_mac_4/u_exp/wt_actv_exp_clr_reg
              (rising edge-triggered flip-flop clocked by nvdla_core_clk)
  Endpoint: u_NV_NVDLA_cmac/u_core/u_mac_4/u_exp/wt_actv_exp_pvld_reg
            (rising edge-triggered flip-flop clocked by nvdla_core_clk)
  Path Group: nvdla_core_clk
  Path Type: min

  Point                                       Fanout       Cap     Trans      Incr       Path
  ----------------------------------------------------------------------------------------------
  clock nvdla_core_clk (rise edge)                                          0.0000     0.0000
  clock network delay (ideal)                                               0.0000     0.0000
  u_NV_NVDLA_cmac/u_core/u_mac_4/u_exp/wt_actv_exp_clr_reg/CLK (SDFFARX1_RVT)
                                                                  0.0500    0.0000 #   0.0000 r
  u_NV_NVDLA_cmac/u_core/u_mac_4/u_exp/wt_actv_exp_clr_reg/QN (SDFFARX1_RVT)
                                                                  0.0373    0.1178     0.1178 f
  u_NV_NVDLA_cmac/u_core/u_mac_4/u_exp/n5310 (net)
                                                1       0.6607              0.0000     0.1178 f
  u_NV_NVDLA_cmac/u_core/u_mac_4/u_exp/U3565/A1 (AO21X1_RVT)      0.0373    0.0000 *   0.1179 f
  u_NV_NVDLA_cmac/u_core/u_mac_4/u_exp/U3565/Y (AO21X1_RVT)       0.0189    0.0703     0.1881 f
  u_NV_NVDLA_cmac/u_core/u_mac_4/u_exp/n5298 (net)
                                                1       0.4420              0.0000     0.1881 f
  u_NV_NVDLA_cmac/u_core/u_mac_4/u_exp/wt_actv_exp_pvld_reg/D (SDFFARX1_RVT)
                                                                  0.0189    0.0000 *   0.1881 f
  data arrival time                                                                    0.1881

  clock nvdla_core_clk (rise edge)                                          0.0000     0.0000
  clock network delay (ideal)                                               0.0000     0.0000
  u_NV_NVDLA_cmac/u_core/u_mac_4/u_exp/wt_actv_exp_pvld_reg/CLK (SDFFARX1_RVT)
                                                                            0.0000     0.0000 r
  library hold time                                                        -0.0521    -0.0521
  data required time                                                                  -0.0521
  ----------------------------------------------------------------------------------------------
  data required time                                                                  -0.0521
  data arrival time                                                                   -0.1881
  ----------------------------------------------------------------------------------------------
  slack (MET)                                                                          0.2402


  Startpoint: u_NV_NVDLA_cmac/u_core/u_mac_5/cfg_reg_en_d0_reg
              (rising edge-triggered flip-flop clocked by nvdla_core_clk)
  Endpoint: u_NV_NVDLA_cmac/u_core/u_mac_5/cfg_reg_en_d1_reg
            (rising edge-triggered flip-flop clocked by nvdla_core_clk)
  Path Group: nvdla_core_clk
  Path Type: min

  Point                                       Fanout       Cap     Trans      Incr       Path
  ----------------------------------------------------------------------------------------------
  clock nvdla_core_clk (rise edge)                                          0.0000     0.0000
  clock network delay (ideal)                                               0.0000     0.0000
  u_NV_NVDLA_cmac/u_core/u_mac_5/cfg_reg_en_d0_reg/CLK (SDFFARX2_RVT)
                                                                  0.0500    0.0000 #   0.0000 r
  u_NV_NVDLA_cmac/u_core/u_mac_5/cfg_reg_en_d0_reg/Q (SDFFARX2_RVT)
                                                                  0.0684    0.2289     0.2289 f
  u_NV_NVDLA_cmac/u_core/u_mac_5/cfg_reg_en_d0 (net)
                                                5      10.9332              0.0000     0.2289 f
  u_NV_NVDLA_cmac/u_core/u_mac_5/cfg_reg_en_d1_reg/D (DFFARX2_RVT)
                                                                  0.0684    0.0010 *   0.2299 f
  data arrival time                                                                    0.2299

  clock nvdla_core_clk (rise edge)                                          0.0000     0.0000
  clock network delay (ideal)                                               0.0000     0.0000
  u_NV_NVDLA_cmac/u_core/u_mac_5/cfg_reg_en_d1_reg/CLK (DFFARX2_RVT)        0.0000     0.0000 r
  library hold time                                                        -0.0165    -0.0165
  data required time                                                                  -0.0165
  ----------------------------------------------------------------------------------------------
  data required time                                                                  -0.0165
  data arrival time                                                                   -0.2299
  ----------------------------------------------------------------------------------------------
  slack (MET)                                                                          0.2463


  Startpoint: u_NV_NVDLA_cmac/u_core/u_mac_6/pp_pvld_d2_reg_0_
              (rising edge-triggered flip-flop clocked by nvdla_core_clk)
  Endpoint: u_NV_NVDLA_cmac/u_core/u_mac_6/mac_out_pvld_reg
            (rising edge-triggered flip-flop clocked by nvdla_core_clk)
  Path Group: nvdla_core_clk
  Path Type: min

  Point                                       Fanout       Cap     Trans      Incr       Path
  ----------------------------------------------------------------------------------------------
  clock nvdla_core_clk (rise edge)                                          0.0000     0.0000
  clock network delay (ideal)                                               0.0000     0.0000
  u_NV_NVDLA_cmac/u_core/u_mac_6/pp_pvld_d2_reg_0_/CLK (DFFARX1_RVT)
                                                                  0.0500    0.0000 #   0.0000 r
  u_NV_NVDLA_cmac/u_core/u_mac_6/pp_pvld_d2_reg_0_/Q (DFFARX1_RVT)
                                                                  0.0308    0.1760     0.1760 f
  u_NV_NVDLA_cmac/u_core/u_mac_6/pp_pvld_d2_0_ (net)
                                                2       0.8920              0.0000     0.1760 f
  u_NV_NVDLA_cmac/u_core/u_mac_6/U8546/A (NBUFFX2_RVT)            0.0308    0.0000 *   0.1760 f
  u_NV_NVDLA_cmac/u_core/u_mac_6/U8546/Y (NBUFFX2_RVT)            0.0404    0.0629     0.2390 f
  u_NV_NVDLA_cmac/u_core/u_mac_6/n2278 (net)
                                                7       6.1895              0.0000     0.2390 f
  u_NV_NVDLA_cmac/u_core/u_mac_6/mac_out_pvld_reg/D (DFFARX1_RVT)
                                                                  0.0404    0.0001 *   0.2391 f
  data arrival time                                                                    0.2391

  clock nvdla_core_clk (rise edge)                                          0.0000     0.0000
  clock network delay (ideal)                                               0.0000     0.0000
  u_NV_NVDLA_cmac/u_core/u_mac_6/mac_out_pvld_reg/CLK (DFFARX1_RVT)         0.0000     0.0000 r
  library hold time                                                        -0.0117    -0.0117
  data required time                                                                  -0.0117
  ----------------------------------------------------------------------------------------------
  data required time                                                                  -0.0117
  data arrival time                                                                   -0.2391
  ----------------------------------------------------------------------------------------------
  slack (MET)                                                                          0.2507


  Startpoint: u_NV_NVDLA_cmac/u_core/u_mac_5/u_exp/wt_actv_exp_clr_reg
              (rising edge-triggered flip-flop clocked by nvdla_core_clk)
  Endpoint: u_NV_NVDLA_cmac/u_core/u_mac_5/u_exp/wt_actv_exp_pvld_reg
            (rising edge-triggered flip-flop clocked by nvdla_core_clk)
  Path Group: nvdla_core_clk
  Path Type: min

  Point                                       Fanout       Cap     Trans      Incr       Path
  ----------------------------------------------------------------------------------------------
  clock nvdla_core_clk (rise edge)                                          0.0000     0.0000
  clock network delay (ideal)                                               0.0000     0.0000
  u_NV_NVDLA_cmac/u_core/u_mac_5/u_exp/wt_actv_exp_clr_reg/CLK (SDFFARX1_RVT)
                                                                  0.0500    0.0000 #   0.0000 r
  u_NV_NVDLA_cmac/u_core/u_mac_5/u_exp/wt_actv_exp_clr_reg/QN (SDFFARX1_RVT)
                                                                  0.0386    0.1195     0.1195 f
  u_NV_NVDLA_cmac/u_core/u_mac_5/u_exp/n5684 (net)
                                                1       0.7901              0.0000     0.1195 f
  u_NV_NVDLA_cmac/u_core/u_mac_5/u_exp/U5371/A2 (AO21X1_RVT)      0.0386    0.0000 *   0.1195 f
  u_NV_NVDLA_cmac/u_core/u_mac_5/u_exp/U5371/Y (AO21X1_RVT)       0.0245    0.0777     0.1971 f
  u_NV_NVDLA_cmac/u_core/u_mac_5/u_exp/n5623 (net)
                                                1       0.8365              0.0000     0.1971 f
  u_NV_NVDLA_cmac/u_core/u_mac_5/u_exp/wt_actv_exp_pvld_reg/D (SDFFARX1_RVT)
                                                                  0.0245    0.0000 *   0.1971 f
  data arrival time                                                                    0.1971

  clock nvdla_core_clk (rise edge)                                          0.0000     0.0000
  clock network delay (ideal)                                               0.0000     0.0000
  u_NV_NVDLA_cmac/u_core/u_mac_5/u_exp/wt_actv_exp_pvld_reg/CLK (SDFFARX1_RVT)
                                                                            0.0000     0.0000 r
  library hold time                                                        -0.0540    -0.0540
  data required time                                                                  -0.0540
  ----------------------------------------------------------------------------------------------
  data required time                                                                  -0.0540
  data arrival time                                                                   -0.1971
  ----------------------------------------------------------------------------------------------
  slack (MET)                                                                          0.2511


  Startpoint: u_NV_NVDLA_cmac/u_core/u_mac_6/pp_pvld_d1_reg_0_
              (rising edge-triggered flip-flop clocked by nvdla_core_clk)
  Endpoint: u_NV_NVDLA_cmac/u_core/u_mac_6/pp_pvld_d2_reg_0_
            (rising edge-triggered flip-flop clocked by nvdla_core_clk)
  Path Group: nvdla_core_clk
  Path Type: min

  Point                                       Fanout       Cap     Trans      Incr       Path
  ----------------------------------------------------------------------------------------------
  clock nvdla_core_clk (rise edge)                                          0.0000     0.0000
  clock network delay (ideal)                                               0.0000     0.0000
  u_NV_NVDLA_cmac/u_core/u_mac_6/pp_pvld_d1_reg_0_/CLK (SDFFARX1_RVT)
                                                                  0.0500    0.0000 #   0.0000 r
  u_NV_NVDLA_cmac/u_core/u_mac_6/pp_pvld_d1_reg_0_/Q (SDFFARX1_RVT)
                                                                  0.0703    0.2174     0.2174 r
  u_NV_NVDLA_cmac/u_core/u_mac_6/pp_pvld_d1_0_ (net)
                                                2       5.8392              0.0000     0.2174 r
  u_NV_NVDLA_cmac/u_core/u_mac_6/pp_pvld_d2_reg_0_/D (DFFARX1_RVT)
                                                                  0.0703    0.0004 *   0.2178 r
  data arrival time                                                                    0.2178

  clock nvdla_core_clk (rise edge)                                          0.0000     0.0000
  clock network delay (ideal)                                               0.0000     0.0000
  u_NV_NVDLA_cmac/u_core/u_mac_6/pp_pvld_d2_reg_0_/CLK (DFFARX1_RVT)        0.0000     0.0000 r
  library hold time                                                        -0.0338    -0.0338
  data required time                                                                  -0.0338
  ----------------------------------------------------------------------------------------------
  data required time                                                                  -0.0338
  data arrival time                                                                   -0.2178
  ----------------------------------------------------------------------------------------------
  slack (MET)                                                                          0.2516


  Startpoint: u_NV_NVDLA_cmac/u_core/in_dat_pvld_d1_reg
              (rising edge-triggered flip-flop clocked by nvdla_core_clk)
  Endpoint: u_NV_NVDLA_cmac/u_core/in_dat_pd_d2_reg_3_
            (rising edge-triggered flip-flop clocked by nvdla_core_clk)
  Path Group: nvdla_core_clk
  Path Type: min

  Point                                       Fanout       Cap     Trans      Incr       Path
  ----------------------------------------------------------------------------------------------
  clock nvdla_core_clk (rise edge)                                          0.0000     0.0000
  clock network delay (ideal)                                               0.0000     0.0000
  u_NV_NVDLA_cmac/u_core/in_dat_pvld_d1_reg/CLK (SDFFARX2_RVT)    0.0500    0.0000     0.0000 r
  u_NV_NVDLA_cmac/u_core/in_dat_pvld_d1_reg/QN (SDFFARX2_RVT)     0.0580    0.1444     0.1444 f
  u_NV_NVDLA_cmac/u_core/n92 (net)              9       4.7593              0.0000     0.1444 f
  u_NV_NVDLA_cmac/u_core/U24/A3 (AO22X1_RVT)                      0.0580    0.0001 *   0.1445 f
  u_NV_NVDLA_cmac/u_core/U24/Y (AO22X1_RVT)                       0.0238    0.0609     0.2054 f
  u_NV_NVDLA_cmac/u_core/n12 (net)              1       0.5004              0.0000     0.2054 f
  u_NV_NVDLA_cmac/u_core/in_dat_pd_d2_reg_3_/D (SDFFX2_RVT)       0.0238    0.0000 *   0.2054 f
  data arrival time                                                                    0.2054

  clock nvdla_core_clk (rise edge)                                          0.0000     0.0000
  clock network delay (ideal)                                               0.0000     0.0000
  u_NV_NVDLA_cmac/u_core/in_dat_pd_d2_reg_3_/CLK (SDFFX2_RVT)               0.0000     0.0000 r
  library hold time                                                        -0.0479    -0.0479
  data required time                                                                  -0.0479
  ----------------------------------------------------------------------------------------------
  data required time                                                                  -0.0479
  data arrival time                                                                   -0.2054
  ----------------------------------------------------------------------------------------------
  slack (MET)                                                                          0.2533


  Startpoint: u_NV_NVDLA_cmac/u_core/u_mac_5/cfg_reg_en_d0_reg
              (rising edge-triggered flip-flop clocked by nvdla_core_clk)
  Endpoint: u_NV_NVDLA_cmac/u_core/u_mac_5/cfg_is_int16_d1_reg
            (rising edge-triggered flip-flop clocked by nvdla_core_clk)
  Path Group: nvdla_core_clk
  Path Type: min

  Point                                       Fanout       Cap     Trans      Incr       Path
  ----------------------------------------------------------------------------------------------
  clock nvdla_core_clk (rise edge)                                          0.0000     0.0000
  clock network delay (ideal)                                               0.0000     0.0000
  u_NV_NVDLA_cmac/u_core/u_mac_5/cfg_reg_en_d0_reg/CLK (SDFFARX2_RVT)
                                                                  0.0500    0.0000 #   0.0000 r
  u_NV_NVDLA_cmac/u_core/u_mac_5/cfg_reg_en_d0_reg/QN (SDFFARX2_RVT)
                                                                  0.0596    0.1462     0.1462 f
  u_NV_NVDLA_cmac/u_core/u_mac_5/n10606 (net)
                                                4       5.1342              0.0000     0.1462 f
  u_NV_NVDLA_cmac/u_core/u_mac_5/U14135/A3 (AO22X1_RVT)           0.0596    0.0001 *   0.1463 f
  u_NV_NVDLA_cmac/u_core/u_mac_5/U14135/Y (AO22X1_RVT)            0.0233    0.0614     0.2077 f
  u_NV_NVDLA_cmac/u_core/u_mac_5/n10004 (net)
                                                1       0.4878              0.0000     0.2077 f
  u_NV_NVDLA_cmac/u_core/u_mac_5/cfg_is_int16_d1_reg/D (SDFFARX2_RVT)
                                                                  0.0233    0.0000 *   0.2077 f
  data arrival time                                                                    0.2077

  clock nvdla_core_clk (rise edge)                                          0.0000     0.0000
  clock network delay (ideal)                                               0.0000     0.0000
  u_NV_NVDLA_cmac/u_core/u_mac_5/cfg_is_int16_d1_reg/CLK (SDFFARX2_RVT)     0.0000     0.0000 r
  library hold time                                                        -0.0457    -0.0457
  data required time                                                                  -0.0457
  ----------------------------------------------------------------------------------------------
  data required time                                                                  -0.0457
  data arrival time                                                                   -0.2077
  ----------------------------------------------------------------------------------------------
  slack (MET)                                                                          0.2535


  Startpoint: u_NV_NVDLA_cmac/u_core/in_dat_pvld_d1_reg
              (rising edge-triggered flip-flop clocked by nvdla_core_clk)
  Endpoint: u_NV_NVDLA_cmac/u_core/in_dat_pd_d2_reg_7_
            (rising edge-triggered flip-flop clocked by nvdla_core_clk)
  Path Group: nvdla_core_clk
  Path Type: min

  Point                                       Fanout       Cap     Trans      Incr       Path
  ----------------------------------------------------------------------------------------------
  clock nvdla_core_clk (rise edge)                                          0.0000     0.0000
  clock network delay (ideal)                                               0.0000     0.0000
  u_NV_NVDLA_cmac/u_core/in_dat_pvld_d1_reg/CLK (SDFFARX2_RVT)    0.0500    0.0000     0.0000 r
  u_NV_NVDLA_cmac/u_core/in_dat_pvld_d1_reg/QN (SDFFARX2_RVT)     0.0580    0.1444     0.1444 f
  u_NV_NVDLA_cmac/u_core/n92 (net)              9       4.7593              0.0000     0.1444 f
  u_NV_NVDLA_cmac/u_core/U20/A3 (AO22X1_RVT)                      0.0580    0.0000 *   0.1445 f
  u_NV_NVDLA_cmac/u_core/U20/Y (AO22X1_RVT)                       0.0250    0.0623     0.2068 f
  u_NV_NVDLA_cmac/u_core/n20 (net)              1       0.6556              0.0000     0.2068 f
  u_NV_NVDLA_cmac/u_core/in_dat_pd_d2_reg_7_/D (SDFFX2_RVT)       0.0250    0.0000 *   0.2068 f
  data arrival time                                                                    0.2068

  clock nvdla_core_clk (rise edge)                                          0.0000     0.0000
  clock network delay (ideal)                                               0.0000     0.0000
  u_NV_NVDLA_cmac/u_core/in_dat_pd_d2_reg_7_/CLK (SDFFX2_RVT)               0.0000     0.0000 r
  library hold time                                                        -0.0483    -0.0483
  data required time                                                                  -0.0483
  ----------------------------------------------------------------------------------------------
  data required time                                                                  -0.0483
  data arrival time                                                                   -0.2068
  ----------------------------------------------------------------------------------------------
  slack (MET)                                                                          0.2551


  Startpoint: u_NV_NVDLA_cmac/u_core/in_dat_pvld_d1_reg
              (rising edge-triggered flip-flop clocked by nvdla_core_clk)
  Endpoint: u_NV_NVDLA_cmac/u_core/in_dat_pvld_d2_reg
            (rising edge-triggered flip-flop clocked by nvdla_core_clk)
  Path Group: nvdla_core_clk
  Path Type: min

  Point                                       Fanout       Cap     Trans      Incr       Path
  ----------------------------------------------------------------------------------------------
  clock nvdla_core_clk (rise edge)                                          0.0000     0.0000
  clock network delay (ideal)                                               0.0000     0.0000
  u_NV_NVDLA_cmac/u_core/in_dat_pvld_d1_reg/CLK (SDFFARX2_RVT)    0.0500    0.0000     0.0000 r
  u_NV_NVDLA_cmac/u_core/in_dat_pvld_d1_reg/Q (SDFFARX2_RVT)      0.0769    0.2357     0.2357 f
  u_NV_NVDLA_cmac/u_core/in_dat_pvld_d1 (net)
                                               10      13.1126              0.0000     0.2357 f
  u_NV_NVDLA_cmac/u_core/in_dat_pvld_d2_reg/D (DFFARX2_RVT)       0.0769    0.0010 *   0.2367 f
  data arrival time                                                                    0.2367

  clock nvdla_core_clk (rise edge)                                          0.0000     0.0000
  clock network delay (ideal)                                               0.0000     0.0000
  u_NV_NVDLA_cmac/u_core/in_dat_pvld_d2_reg/CLK (DFFARX2_RVT)               0.0000     0.0000 r
  library hold time                                                        -0.0194    -0.0194
  data required time                                                                  -0.0194
  ----------------------------------------------------------------------------------------------
  data required time                                                                  -0.0194
  data arrival time                                                                   -0.2367
  ----------------------------------------------------------------------------------------------
  slack (MET)                                                                          0.2561


  Startpoint: u_NV_NVDLA_cmac/u_core/in_dat_pvld_d1_reg
              (rising edge-triggered flip-flop clocked by nvdla_core_clk)
  Endpoint: u_NV_NVDLA_cmac/u_core/in_dat_pd_d2_reg_6_
            (rising edge-triggered flip-flop clocked by nvdla_core_clk)
  Path Group: nvdla_core_clk
  Path Type: min

  Point                                       Fanout       Cap     Trans      Incr       Path
  ----------------------------------------------------------------------------------------------
  clock nvdla_core_clk (rise edge)                                          0.0000     0.0000
  clock network delay (ideal)                                               0.0000     0.0000
  u_NV_NVDLA_cmac/u_core/in_dat_pvld_d1_reg/CLK (SDFFARX2_RVT)    0.0500    0.0000     0.0000 r
  u_NV_NVDLA_cmac/u_core/in_dat_pvld_d1_reg/QN (SDFFARX2_RVT)     0.0580    0.1444     0.1444 f
  u_NV_NVDLA_cmac/u_core/n92 (net)              9       4.7593              0.0000     0.1444 f
  u_NV_NVDLA_cmac/u_core/U21/A3 (AO22X1_RVT)                      0.0580    0.0001 *   0.1445 f
  u_NV_NVDLA_cmac/u_core/U21/Y (AO22X1_RVT)                       0.0259    0.0632     0.2077 f
  u_NV_NVDLA_cmac/u_core/n18 (net)              1       0.7546              0.0000     0.2077 f
  u_NV_NVDLA_cmac/u_core/in_dat_pd_d2_reg_6_/D (SDFFX2_RVT)       0.0259    0.0000 *   0.2077 f
  data arrival time                                                                    0.2077

  clock nvdla_core_clk (rise edge)                                          0.0000     0.0000
  clock network delay (ideal)                                               0.0000     0.0000
  u_NV_NVDLA_cmac/u_core/in_dat_pd_d2_reg_6_/CLK (SDFFX2_RVT)               0.0000     0.0000 r
  library hold time                                                        -0.0486    -0.0486
  data required time                                                                  -0.0486
  ----------------------------------------------------------------------------------------------
  data required time                                                                  -0.0486
  data arrival time                                                                   -0.2077
  ----------------------------------------------------------------------------------------------
  slack (MET)                                                                          0.2563


  Startpoint: u_NV_NVDLA_cmac/u_core/in_dat_pvld_d1_reg
              (rising edge-triggered flip-flop clocked by nvdla_core_clk)
  Endpoint: u_NV_NVDLA_cmac/u_core/in_dat_pd_d2_reg_4_
            (rising edge-triggered flip-flop clocked by nvdla_core_clk)
  Path Group: nvdla_core_clk
  Path Type: min

  Point                                       Fanout       Cap     Trans      Incr       Path
  ----------------------------------------------------------------------------------------------
  clock nvdla_core_clk (rise edge)                                          0.0000     0.0000
  clock network delay (ideal)                                               0.0000     0.0000
  u_NV_NVDLA_cmac/u_core/in_dat_pvld_d1_reg/CLK (SDFFARX2_RVT)    0.0500    0.0000     0.0000 r
  u_NV_NVDLA_cmac/u_core/in_dat_pvld_d1_reg/QN (SDFFARX2_RVT)     0.0580    0.1444     0.1444 f
  u_NV_NVDLA_cmac/u_core/n92 (net)              9       4.7593              0.0000     0.1444 f
  u_NV_NVDLA_cmac/u_core/U23/A3 (AO22X1_RVT)                      0.0580    0.0000 *   0.1445 f
  u_NV_NVDLA_cmac/u_core/U23/Y (AO22X1_RVT)                       0.0258    0.0634     0.2078 f
  u_NV_NVDLA_cmac/u_core/n14 (net)              1       0.7737              0.0000     0.2078 f
  u_NV_NVDLA_cmac/u_core/in_dat_pd_d2_reg_4_/D (SDFFX2_RVT)       0.0258    0.0000 *   0.2078 f
  data arrival time                                                                    0.2078

  clock nvdla_core_clk (rise edge)                                          0.0000     0.0000
  clock network delay (ideal)                                               0.0000     0.0000
  u_NV_NVDLA_cmac/u_core/in_dat_pd_d2_reg_4_/CLK (SDFFX2_RVT)               0.0000     0.0000 r
  library hold time                                                        -0.0486    -0.0486
  data required time                                                                  -0.0486
  ----------------------------------------------------------------------------------------------
  data required time                                                                  -0.0486
  data arrival time                                                                   -0.2078
  ----------------------------------------------------------------------------------------------
  slack (MET)                                                                          0.2564


  Startpoint: u_NV_NVDLA_cmac/u_core/u_mac_1/pp_pvld_d2_reg_0_
              (rising edge-triggered flip-flop clocked by nvdla_core_clk)
  Endpoint: u_NV_NVDLA_cmac/u_core/u_mac_1/mac_out_pvld_reg
            (rising edge-triggered flip-flop clocked by nvdla_core_clk)
  Path Group: nvdla_core_clk
  Path Type: min

  Point                                       Fanout       Cap     Trans      Incr       Path
  ----------------------------------------------------------------------------------------------
  clock nvdla_core_clk (rise edge)                                          0.0000     0.0000
  clock network delay (ideal)                                               0.0000     0.0000
  u_NV_NVDLA_cmac/u_core/u_mac_1/pp_pvld_d2_reg_0_/CLK (DFFARX1_RVT)
                                                                  0.0500    0.0000 #   0.0000 r
  u_NV_NVDLA_cmac/u_core/u_mac_1/pp_pvld_d2_reg_0_/Q (DFFARX1_RVT)
                                                                  0.0306    0.1757     0.1757 f
  u_NV_NVDLA_cmac/u_core/u_mac_1/pp_pvld_d2_0_ (net)
                                                2       0.8555              0.0000     0.1757 f
  u_NV_NVDLA_cmac/u_core/u_mac_1/U7259/A (NBUFFX2_RVT)            0.0306    0.0000 *   0.1757 f
  u_NV_NVDLA_cmac/u_core/u_mac_1/U7259/Y (NBUFFX2_RVT)            0.0456    0.0666     0.2423 f
  u_NV_NVDLA_cmac/u_core/u_mac_1/n987 (net)    10       7.4544              0.0000     0.2423 f
  u_NV_NVDLA_cmac/u_core/u_mac_1/mac_out_pvld_reg/D (DFFARX1_RVT)
                                                                  0.0456    0.0001 *   0.2424 f
  data arrival time                                                                    0.2424

  clock nvdla_core_clk (rise edge)                                          0.0000     0.0000
  clock network delay (ideal)                                               0.0000     0.0000
  u_NV_NVDLA_cmac/u_core/u_mac_1/mac_out_pvld_reg/CLK (DFFARX1_RVT)         0.0000     0.0000 r
  library hold time                                                        -0.0142    -0.0142
  data required time                                                                  -0.0142
  ----------------------------------------------------------------------------------------------
  data required time                                                                  -0.0142
  data arrival time                                                                   -0.2424
  ----------------------------------------------------------------------------------------------
  slack (MET)                                                                          0.2566


  Startpoint: u_NV_NVDLA_cmac/u_core/in_dat_pvld_d1_reg
              (rising edge-triggered flip-flop clocked by nvdla_core_clk)
  Endpoint: u_NV_NVDLA_cmac/u_core/in_dat_pd_d2_reg_5_
            (rising edge-triggered flip-flop clocked by nvdla_core_clk)
  Path Group: nvdla_core_clk
  Path Type: min

  Point                                       Fanout       Cap     Trans      Incr       Path
  ----------------------------------------------------------------------------------------------
  clock nvdla_core_clk (rise edge)                                          0.0000     0.0000
  clock network delay (ideal)                                               0.0000     0.0000
  u_NV_NVDLA_cmac/u_core/in_dat_pvld_d1_reg/CLK (SDFFARX2_RVT)    0.0500    0.0000     0.0000 r
  u_NV_NVDLA_cmac/u_core/in_dat_pvld_d1_reg/QN (SDFFARX2_RVT)     0.0580    0.1444     0.1444 f
  u_NV_NVDLA_cmac/u_core/n92 (net)              9       4.7593              0.0000     0.1444 f
  u_NV_NVDLA_cmac/u_core/U22/A3 (AO22X1_RVT)                      0.0580    0.0000 *   0.1445 f
  u_NV_NVDLA_cmac/u_core/U22/Y (AO22X1_RVT)                       0.0262    0.0637     0.2082 f
  u_NV_NVDLA_cmac/u_core/n16 (net)              1       0.8069              0.0000     0.2082 f
  u_NV_NVDLA_cmac/u_core/in_dat_pd_d2_reg_5_/D (SDFFX2_RVT)       0.0262    0.0000 *   0.2082 f
  data arrival time                                                                    0.2082

  clock nvdla_core_clk (rise edge)                                          0.0000     0.0000
  clock network delay (ideal)                                               0.0000     0.0000
  u_NV_NVDLA_cmac/u_core/in_dat_pd_d2_reg_5_/CLK (SDFFX2_RVT)               0.0000     0.0000 r
  library hold time                                                        -0.0487    -0.0487
  data required time                                                                  -0.0487
  ----------------------------------------------------------------------------------------------
  data required time                                                                  -0.0487
  data arrival time                                                                   -0.2082
  ----------------------------------------------------------------------------------------------
  slack (MET)                                                                          0.2569


  Startpoint: u_NV_NVDLA_cmac/u_core/u_mac_0/pp_pvld_d2_reg_0_
              (rising edge-triggered flip-flop clocked by nvdla_core_clk)
  Endpoint: u_NV_NVDLA_cmac/u_core/u_mac_0/mac_out_pvld_reg
            (rising edge-triggered flip-flop clocked by nvdla_core_clk)
  Path Group: nvdla_core_clk
  Path Type: min

  Point                                       Fanout       Cap     Trans      Incr       Path
  ----------------------------------------------------------------------------------------------
  clock nvdla_core_clk (rise edge)                                          0.0000     0.0000
  clock network delay (ideal)                                               0.0000     0.0000
  u_NV_NVDLA_cmac/u_core/u_mac_0/pp_pvld_d2_reg_0_/CLK (DFFARX1_RVT)
                                                                  0.0500    0.0000 #   0.0000 r
  u_NV_NVDLA_cmac/u_core/u_mac_0/pp_pvld_d2_reg_0_/Q (DFFARX1_RVT)
                                                                  0.0307    0.1759     0.1759 f
  u_NV_NVDLA_cmac/u_core/u_mac_0/pp_pvld_d2_0_ (net)
                                                2       0.8724              0.0000     0.1759 f
  u_NV_NVDLA_cmac/u_core/u_mac_0/U7293/A (NBUFFX2_RVT)            0.0307    0.0000 *   0.1759 f
  u_NV_NVDLA_cmac/u_core/u_mac_0/U7293/Y (NBUFFX2_RVT)            0.0526    0.0713     0.2472 f
  u_NV_NVDLA_cmac/u_core/u_mac_0/n1872 (net)
                                               10       9.0515              0.0000     0.2472 f
  u_NV_NVDLA_cmac/u_core/u_mac_0/mac_out_pvld_reg/D (DFFARX2_RVT)
                                                                  0.0526    0.0000 *   0.2472 f
  data arrival time                                                                    0.2472

  clock nvdla_core_clk (rise edge)                                          0.0000     0.0000
  clock network delay (ideal)                                               0.0000     0.0000
  u_NV_NVDLA_cmac/u_core/u_mac_0/mac_out_pvld_reg/CLK (DFFARX2_RVT)         0.0000     0.0000 r
  library hold time                                                        -0.0102    -0.0102
  data required time                                                                  -0.0102
  ----------------------------------------------------------------------------------------------
  data required time                                                                  -0.0102
  data arrival time                                                                   -0.2472
  ----------------------------------------------------------------------------------------------
  slack (MET)                                                                          0.2574


  Startpoint: u_NV_NVDLA_cmac/u_core/u_rt_in/in_rt_wt_sel_d1_reg_4_
              (rising edge-triggered flip-flop clocked by nvdla_core_clk)
  Endpoint: u_NV_NVDLA_cmac/u_core/u_active/wt_pre_sel_reg_4_
            (rising edge-triggered flip-flop clocked by nvdla_core_clk)
  Path Group: nvdla_core_clk
  Path Type: min

  Point                                       Fanout       Cap     Trans      Incr       Path
  ----------------------------------------------------------------------------------------------
  clock nvdla_core_clk (rise edge)                                          0.0000     0.0000
  clock network delay (ideal)                                               0.0000     0.0000
  u_NV_NVDLA_cmac/u_core/u_rt_in/in_rt_wt_sel_d1_reg_4_/CLK (SDFFARX1_RVT)
                                                                  0.0500    0.0000 #   0.0000 r
  u_NV_NVDLA_cmac/u_core/u_rt_in/in_rt_wt_sel_d1_reg_4_/Q (SDFFARX1_RVT)
                                                                  0.0554    0.2001     0.2001 f
  u_NV_NVDLA_cmac/u_core/u_rt_in/in_wt_sel[4] (net)
                                                2       4.2110              0.0000     0.2001 f
  u_NV_NVDLA_cmac/u_core/u_rt_in/in_wt_sel[4] (NV_NVDLA_CMAC_CORE_rt_in)    0.0000     0.2001 f
  u_NV_NVDLA_cmac/u_core/in_wt_sel[4] (net)             4.2110              0.0000     0.2001 f
  u_NV_NVDLA_cmac/u_core/u_active/in_wt_sel[4] (NV_NVDLA_CMAC_CORE_active)
                                                                            0.0000     0.2001 f
  u_NV_NVDLA_cmac/u_core/u_active/in_wt_sel[4] (net)    4.2110              0.0000     0.2001 f
  u_NV_NVDLA_cmac/u_core/u_active/wt_pre_sel_reg_4_/D (SDFFARX2_RVT)
                                                                  0.0554    0.0002 *   0.2003 f
  data arrival time                                                                    0.2003

  clock nvdla_core_clk (rise edge)                                          0.0000     0.0000
  clock network delay (ideal)                                               0.0000     0.0000
  u_NV_NVDLA_cmac/u_core/u_active/wt_pre_sel_reg_4_/CLK (SDFFARX2_RVT)      0.0000     0.0000 r
  library hold time                                                        -0.0571    -0.0571
  data required time                                                                  -0.0571
  ----------------------------------------------------------------------------------------------
  data required time                                                                  -0.0571
  data arrival time                                                                   -0.2003
  ----------------------------------------------------------------------------------------------
  slack (MET)                                                                          0.2574


  Startpoint: u_NV_NVDLA_cmac/u_core/in_dat_pvld_d1_reg
              (rising edge-triggered flip-flop clocked by nvdla_core_clk)
  Endpoint: u_NV_NVDLA_cmac/u_core/in_dat_pd_d2_reg_1_
            (rising edge-triggered flip-flop clocked by nvdla_core_clk)
  Path Group: nvdla_core_clk
  Path Type: min

  Point                                       Fanout       Cap     Trans      Incr       Path
  ----------------------------------------------------------------------------------------------
  clock nvdla_core_clk (rise edge)                                          0.0000     0.0000
  clock network delay (ideal)                                               0.0000     0.0000
  u_NV_NVDLA_cmac/u_core/in_dat_pvld_d1_reg/CLK (SDFFARX2_RVT)    0.0500    0.0000     0.0000 r
  u_NV_NVDLA_cmac/u_core/in_dat_pvld_d1_reg/QN (SDFFARX2_RVT)     0.0580    0.1444     0.1444 f
  u_NV_NVDLA_cmac/u_core/n92 (net)              9       4.7593              0.0000     0.1444 f
  u_NV_NVDLA_cmac/u_core/U26/A3 (AO22X1_RVT)                      0.0580    0.0000 *   0.1445 f
  u_NV_NVDLA_cmac/u_core/U26/Y (AO22X1_RVT)                       0.0267    0.0644     0.2089 f
  u_NV_NVDLA_cmac/u_core/n8 (net)               1       0.8877              0.0000     0.2089 f
  u_NV_NVDLA_cmac/u_core/in_dat_pd_d2_reg_1_/D (SDFFX2_RVT)       0.0267    0.0000 *   0.2089 f
  data arrival time                                                                    0.2089

  clock nvdla_core_clk (rise edge)                                          0.0000     0.0000
  clock network delay (ideal)                                               0.0000     0.0000
  u_NV_NVDLA_cmac/u_core/in_dat_pd_d2_reg_1_/CLK (SDFFX2_RVT)               0.0000     0.0000 r
  library hold time                                                        -0.0489    -0.0489
  data required time                                                                  -0.0489
  ----------------------------------------------------------------------------------------------
  data required time                                                                  -0.0489
  data arrival time                                                                   -0.2089
  ----------------------------------------------------------------------------------------------
  slack (MET)                                                                          0.2578


  Startpoint: u_NV_NVDLA_cmac/u_core/in_dat_pvld_d1_reg
              (rising edge-triggered flip-flop clocked by nvdla_core_clk)
  Endpoint: u_NV_NVDLA_cmac/u_core/in_dat_pd_d2_reg_2_
            (rising edge-triggered flip-flop clocked by nvdla_core_clk)
  Path Group: nvdla_core_clk
  Path Type: min

  Point                                       Fanout       Cap     Trans      Incr       Path
  ----------------------------------------------------------------------------------------------
  clock nvdla_core_clk (rise edge)                                          0.0000     0.0000
  clock network delay (ideal)                                               0.0000     0.0000
  u_NV_NVDLA_cmac/u_core/in_dat_pvld_d1_reg/CLK (SDFFARX2_RVT)    0.0500    0.0000     0.0000 r
  u_NV_NVDLA_cmac/u_core/in_dat_pvld_d1_reg/QN (SDFFARX2_RVT)     0.0580    0.1444     0.1444 f
  u_NV_NVDLA_cmac/u_core/n92 (net)              9       4.7593              0.0000     0.1444 f
  u_NV_NVDLA_cmac/u_core/U25/A3 (AO22X1_RVT)                      0.0580    0.0000 *   0.1445 f
  u_NV_NVDLA_cmac/u_core/U25/Y (AO22X1_RVT)                       0.0268    0.0645     0.2090 f
  u_NV_NVDLA_cmac/u_core/n10 (net)              1       0.8954              0.0000     0.2090 f
  u_NV_NVDLA_cmac/u_core/in_dat_pd_d2_reg_2_/D (SDFFX2_RVT)       0.0268    0.0000 *   0.2090 f
  data arrival time                                                                    0.2090

  clock nvdla_core_clk (rise edge)                                          0.0000     0.0000
  clock network delay (ideal)                                               0.0000     0.0000
  u_NV_NVDLA_cmac/u_core/in_dat_pd_d2_reg_2_/CLK (SDFFX2_RVT)               0.0000     0.0000 r
  library hold time                                                        -0.0489    -0.0489
  data required time                                                                  -0.0489
  ----------------------------------------------------------------------------------------------
  data required time                                                                  -0.0489
  data arrival time                                                                   -0.2090
  ----------------------------------------------------------------------------------------------
  slack (MET)                                                                          0.2578


  Startpoint: u_NV_NVDLA_cmac/u_core/in_dat_pvld_d1_reg
              (rising edge-triggered flip-flop clocked by nvdla_core_clk)
  Endpoint: u_NV_NVDLA_cmac/u_core/in_dat_pd_d2_reg_8_
            (rising edge-triggered flip-flop clocked by nvdla_core_clk)
  Path Group: nvdla_core_clk
  Path Type: min

  Point                                       Fanout       Cap     Trans      Incr       Path
  ----------------------------------------------------------------------------------------------
  clock nvdla_core_clk (rise edge)                                          0.0000     0.0000
  clock network delay (ideal)                                               0.0000     0.0000
  u_NV_NVDLA_cmac/u_core/in_dat_pvld_d1_reg/CLK (SDFFARX2_RVT)    0.0500    0.0000     0.0000 r
  u_NV_NVDLA_cmac/u_core/in_dat_pvld_d1_reg/QN (SDFFARX2_RVT)     0.0580    0.1444     0.1444 f
  u_NV_NVDLA_cmac/u_core/n92 (net)              9       4.7593              0.0000     0.1444 f
  u_NV_NVDLA_cmac/u_core/U19/A3 (AO22X1_RVT)                      0.0580    0.0001 *   0.1445 f
  u_NV_NVDLA_cmac/u_core/U19/Y (AO22X1_RVT)                       0.0270    0.0646     0.2091 f
  u_NV_NVDLA_cmac/u_core/n22 (net)              1       0.9099              0.0000     0.2091 f
  u_NV_NVDLA_cmac/u_core/in_dat_pd_d2_reg_8_/D (SDFFX2_RVT)       0.0270    0.0000 *   0.2091 f
  data arrival time                                                                    0.2091

  clock nvdla_core_clk (rise edge)                                          0.0000     0.0000
  clock network delay (ideal)                                               0.0000     0.0000
  u_NV_NVDLA_cmac/u_core/in_dat_pd_d2_reg_8_/CLK (SDFFX2_RVT)               0.0000     0.0000 r
  library hold time                                                        -0.0489    -0.0489
  data required time                                                                  -0.0489
  ----------------------------------------------------------------------------------------------
  data required time                                                                  -0.0489
  data arrival time                                                                   -0.2091
  ----------------------------------------------------------------------------------------------
  slack (MET)                                                                          0.2581


  Startpoint: u_NV_NVDLA_cmac/u_core/u_rt_out/cfg_reg_en_d1_reg
              (rising edge-triggered flip-flop clocked by nvdla_core_clk)
  Endpoint: u_NV_NVDLA_cmac/u_core/u_rt_out/mac2accu_mode_reg_0_
            (rising edge-triggered flip-flop clocked by nvdla_core_clk)
  Path Group: nvdla_core_clk
  Path Type: min

  Point                                       Fanout       Cap     Trans      Incr       Path
  ----------------------------------------------------------------------------------------------
  clock nvdla_core_clk (rise edge)                                          0.0000     0.0000
  clock network delay (ideal)                                               0.0000     0.0000
  u_NV_NVDLA_cmac/u_core/u_rt_out/cfg_reg_en_d1_reg/CLK (SDFFARX1_RVT)
                                                                  0.0500    0.0000     0.0000 r
  u_NV_NVDLA_cmac/u_core/u_rt_out/cfg_reg_en_d1_reg/QN (SDFFARX1_RVT)
                                                                  0.0368    0.1304     0.1304 r
  u_NV_NVDLA_cmac/u_core/u_rt_out/n227 (net)
                                                1       0.5347              0.0000     0.1304 r
  u_NV_NVDLA_cmac/u_core/u_rt_out/U1643/A3 (AO22X1_RVT)           0.0368    0.0000 *   0.1304 r
  u_NV_NVDLA_cmac/u_core/u_rt_out/U1643/Y (AO22X1_RVT)            0.0284    0.0641     0.1945 r
  u_NV_NVDLA_cmac/u_core/u_rt_out/n207 (net)
                                                1       0.7096              0.0000     0.1945 r
  u_NV_NVDLA_cmac/u_core/u_rt_out/mac2accu_mode_reg_0_/D (SDFFARX2_RVT)
                                                                  0.0284    0.0000 *   0.1945 r
  data arrival time                                                                    0.1945

  clock nvdla_core_clk (rise edge)                                          0.0000     0.0000
  clock network delay (ideal)                                               0.0000     0.0000
  u_NV_NVDLA_cmac/u_core/u_rt_out/mac2accu_mode_reg_0_/CLK (SDFFARX2_RVT)   0.0000     0.0000 r
  library hold time                                                        -0.0638    -0.0638
  data required time                                                                  -0.0638
  ----------------------------------------------------------------------------------------------
  data required time                                                                  -0.0638
  data arrival time                                                                   -0.1945
  ----------------------------------------------------------------------------------------------
  slack (MET)                                                                          0.2583


  Startpoint: u_NV_NVDLA_cmac/u_core/u_mac_4/cfg_reg_en_d1_reg
              (rising edge-triggered flip-flop clocked by nvdla_core_clk)
  Endpoint: u_NV_NVDLA_cmac/u_core/u_mac_4/cfg_reg_en_d2_reg
            (rising edge-triggered flip-flop clocked by nvdla_core_clk)
  Path Group: nvdla_core_clk
  Path Type: min

  Point                                       Fanout       Cap     Trans      Incr       Path
  ----------------------------------------------------------------------------------------------
  clock nvdla_core_clk (rise edge)                                          0.0000     0.0000
  clock network delay (ideal)                                               0.0000     0.0000
  u_NV_NVDLA_cmac/u_core/u_mac_4/cfg_reg_en_d1_reg/CLK (DFFARX2_RVT)
                                                                  0.0500    0.0000 #   0.0000 r
  u_NV_NVDLA_cmac/u_core/u_mac_4/cfg_reg_en_d1_reg/Q (DFFARX2_RVT)
                                                                  0.0595    0.2310     0.2310 r
  u_NV_NVDLA_cmac/u_core/u_mac_4/cfg_reg_en_d1 (net)
                                                2       7.7241              0.0000     0.2310 r
  u_NV_NVDLA_cmac/u_core/u_mac_4/cfg_reg_en_d2_reg/D (DFFARX2_RVT)
                                                                  0.0595    0.0007 *   0.2317 r
  data arrival time                                                                    0.2317

  clock nvdla_core_clk (rise edge)                                          0.0000     0.0000
  clock network delay (ideal)                                               0.0000     0.0000
  u_NV_NVDLA_cmac/u_core/u_mac_4/cfg_reg_en_d2_reg/CLK (DFFARX2_RVT)        0.0000     0.0000 r
  library hold time                                                        -0.0273    -0.0273
  data required time                                                                  -0.0273
  ----------------------------------------------------------------------------------------------
  data required time                                                                  -0.0273
  data arrival time                                                                   -0.2317
  ----------------------------------------------------------------------------------------------
  slack (MET)                                                                          0.2590


  Startpoint: u_NV_NVDLA_cmac/u_core/in_dat_pvld_d1_reg
              (rising edge-triggered flip-flop clocked by nvdla_core_clk)
  Endpoint: u_NV_NVDLA_cmac/u_core/in_dat_pd_d2_reg_0_
            (rising edge-triggered flip-flop clocked by nvdla_core_clk)
  Path Group: nvdla_core_clk
  Path Type: min

  Point                                       Fanout       Cap     Trans      Incr       Path
  ----------------------------------------------------------------------------------------------
  clock nvdla_core_clk (rise edge)                                          0.0000     0.0000
  clock network delay (ideal)                                               0.0000     0.0000
  u_NV_NVDLA_cmac/u_core/in_dat_pvld_d1_reg/CLK (SDFFARX2_RVT)    0.0500    0.0000     0.0000 r
  u_NV_NVDLA_cmac/u_core/in_dat_pvld_d1_reg/QN (SDFFARX2_RVT)     0.0580    0.1444     0.1444 f
  u_NV_NVDLA_cmac/u_core/n92 (net)              9       4.7593              0.0000     0.1444 f
  u_NV_NVDLA_cmac/u_core/U28/A3 (AO22X1_RVT)                      0.0580    0.0000 *   0.1445 f
  u_NV_NVDLA_cmac/u_core/U28/Y (AO22X1_RVT)                       0.0278    0.0656     0.2101 f
  u_NV_NVDLA_cmac/u_core/n6 (net)               1       1.0196              0.0000     0.2101 f
  u_NV_NVDLA_cmac/u_core/in_dat_pd_d2_reg_0_/D (SDFFX2_RVT)       0.0278    0.0000 *   0.2101 f
  data arrival time                                                                    0.2101

  clock nvdla_core_clk (rise edge)                                          0.0000     0.0000
  clock network delay (ideal)                                               0.0000     0.0000
  u_NV_NVDLA_cmac/u_core/in_dat_pd_d2_reg_0_/CLK (SDFFX2_RVT)               0.0000     0.0000 r
  library hold time                                                        -0.0492    -0.0492
  data required time                                                                  -0.0492
  ----------------------------------------------------------------------------------------------
  data required time                                                                  -0.0492
  data arrival time                                                                   -0.2101
  ----------------------------------------------------------------------------------------------
  slack (MET)                                                                          0.2593


  Startpoint: u_NV_NVDLA_cmac/u_core/u_mac_5/ps_n0b6_d2_reg_6_
              (rising edge-triggered flip-flop clocked by nvdla_core_clk)
  Endpoint: u_NV_NVDLA_cmac/u_core/u_mac_5/ps_n0b6_d2_reg_6_
            (rising edge-triggered flip-flop clocked by nvdla_core_clk)
  Path Group: nvdla_core_clk
  Path Type: min

  Point                                       Fanout       Cap     Trans      Incr       Path
  ----------------------------------------------------------------------------------------------
  clock nvdla_core_clk (rise edge)                                          0.0000     0.0000
  clock network delay (ideal)                                               0.0000     0.0000
  u_NV_NVDLA_cmac/u_core/u_mac_5/ps_n0b6_d2_reg_6_/CLK (SDFFX1_RVT)
                                                                  0.0500    0.0000 #   0.0000 r
  u_NV_NVDLA_cmac/u_core/u_mac_5/ps_n0b6_d2_reg_6_/QN (SDFFX1_RVT)
                                                                  0.0409    0.1202     0.1202 f
  u_NV_NVDLA_cmac/u_core/u_mac_5/n10598 (net)
                                                1       0.7447              0.0000     0.1202 f
  u_NV_NVDLA_cmac/u_core/u_mac_5/U14010/A4 (AOI22X1_RVT)          0.0409    0.0000 *   0.1202 f
  u_NV_NVDLA_cmac/u_core/u_mac_5/U14010/Y (AOI22X1_RVT)           0.0193    0.0788     0.1990 r
  u_NV_NVDLA_cmac/u_core/u_mac_5/n13703 (net)
                                                1       0.4474              0.0000     0.1990 r
  u_NV_NVDLA_cmac/u_core/u_mac_5/ps_n0b6_d2_reg_6_/D (SDFFX1_RVT)
                                                                  0.0193    0.0000 *   0.1990 r
  data arrival time                                                                    0.1990

  clock nvdla_core_clk (rise edge)                                          0.0000     0.0000
  clock network delay (ideal)                                               0.0000     0.0000
  u_NV_NVDLA_cmac/u_core/u_mac_5/ps_n0b6_d2_reg_6_/CLK (SDFFX1_RVT)         0.0000     0.0000 r
  library hold time                                                        -0.0623    -0.0623
  data required time                                                                  -0.0623
  ----------------------------------------------------------------------------------------------
  data required time                                                                  -0.0623
  data arrival time                                                                   -0.1990
  ----------------------------------------------------------------------------------------------
  slack (MET)                                                                          0.2613


  Startpoint: u_NV_NVDLA_cmac/u_core/u_mac_3/cfg_reg_en_d0_reg
              (rising edge-triggered flip-flop clocked by nvdla_core_clk)
  Endpoint: u_NV_NVDLA_cmac/u_core/u_mac_3/cfg_reg_en_d1_reg
            (rising edge-triggered flip-flop clocked by nvdla_core_clk)
  Path Group: nvdla_core_clk
  Path Type: min

  Point                                       Fanout       Cap     Trans      Incr       Path
  ----------------------------------------------------------------------------------------------
  clock nvdla_core_clk (rise edge)                                          0.0000     0.0000
  clock network delay (ideal)                                               0.0000     0.0000
  u_NV_NVDLA_cmac/u_core/u_mac_3/cfg_reg_en_d0_reg/CLK (SDFFARX2_RVT)
                                                                  0.0500    0.0000 #   0.0000 r
  u_NV_NVDLA_cmac/u_core/u_mac_3/cfg_reg_en_d0_reg/Q (SDFFARX2_RVT)
                                                                  0.0815    0.2394     0.2394 f
  u_NV_NVDLA_cmac/u_core/u_mac_3/cfg_reg_en_d0 (net)
                                                5      14.3045              0.0000     0.2394 f
  u_NV_NVDLA_cmac/u_core/u_mac_3/cfg_reg_en_d1_reg/D (DFFARX2_RVT)
                                                                  0.0815    0.0016 *   0.2410 f
  data arrival time                                                                    0.2410

  clock nvdla_core_clk (rise edge)                                          0.0000     0.0000
  clock network delay (ideal)                                               0.0000     0.0000
  u_NV_NVDLA_cmac/u_core/u_mac_3/cfg_reg_en_d1_reg/CLK (DFFARX2_RVT)        0.0000     0.0000 r
  library hold time                                                        -0.0210    -0.0210
  data required time                                                                  -0.0210
  ----------------------------------------------------------------------------------------------
  data required time                                                                  -0.0210
  data arrival time                                                                   -0.2410
  ----------------------------------------------------------------------------------------------
  slack (MET)                                                                          0.2620


  Startpoint: u_NV_NVDLA_cmac/u_core/u_mac_3/pp_pvld_d1_reg_0_
              (rising edge-triggered flip-flop clocked by nvdla_core_clk)
  Endpoint: u_NV_NVDLA_cmac/u_core/u_mac_3/pp_pvld_d2_reg_0_
            (rising edge-triggered flip-flop clocked by nvdla_core_clk)
  Path Group: nvdla_core_clk
  Path Type: min

  Point                                       Fanout       Cap     Trans      Incr       Path
  ----------------------------------------------------------------------------------------------
  clock nvdla_core_clk (rise edge)                                          0.0000     0.0000
  clock network delay (ideal)                                               0.0000     0.0000
  u_NV_NVDLA_cmac/u_core/u_mac_3/pp_pvld_d1_reg_0_/CLK (SDFFARX2_RVT)
                                                                  0.0500    0.0000 #   0.0000 r
  u_NV_NVDLA_cmac/u_core/u_mac_3/pp_pvld_d1_reg_0_/Q (SDFFARX2_RVT)
                                                                  0.0757    0.2348     0.2348 f
  u_NV_NVDLA_cmac/u_core/u_mac_3/pp_pvld_d1_0_ (net)
                                                2      12.8089              0.0000     0.2348 f
  u_NV_NVDLA_cmac/u_core/u_mac_3/pp_pvld_d2_reg_0_/D (DFFARX1_RVT)
                                                                  0.0757    0.0018 *   0.2366 f
  data arrival time                                                                    0.2366

  clock nvdla_core_clk (rise edge)                                          0.0000     0.0000
  clock network delay (ideal)                                               0.0000     0.0000
  u_NV_NVDLA_cmac/u_core/u_mac_3/pp_pvld_d2_reg_0_/CLK (DFFARX1_RVT)        0.0000     0.0000 r
  library hold time                                                        -0.0270    -0.0270
  data required time                                                                  -0.0270
  ----------------------------------------------------------------------------------------------
  data required time                                                                  -0.0270
  data arrival time                                                                   -0.2366
  ----------------------------------------------------------------------------------------------
  slack (MET)                                                                          0.2635


  Startpoint: u_NV_NVDLA_cmac/u_core/u_active/wt4_sd_data_reg_269_
              (rising edge-triggered flip-flop clocked by nvdla_core_clk)
  Endpoint: u_NV_NVDLA_cmac/u_core/u_active/wt4_sd_data_reg_269_
            (rising edge-triggered flip-flop clocked by nvdla_core_clk)
  Path Group: nvdla_core_clk
  Path Type: min

  Point                                       Fanout       Cap     Trans      Incr       Path
  ----------------------------------------------------------------------------------------------
  clock nvdla_core_clk (rise edge)                                          0.0000     0.0000
  clock network delay (ideal)                                               0.0000     0.0000
  u_NV_NVDLA_cmac/u_core/u_active/wt4_sd_data_reg_269_/CLK (SDFFX1_RVT)
                                                                  0.0500    0.0000 #   0.0000 r
  u_NV_NVDLA_cmac/u_core/u_active/wt4_sd_data_reg_269_/Q (SDFFX1_RVT)
                                                                  0.0249    0.1567     0.1567 f
  u_NV_NVDLA_cmac/u_core/u_active/wt4_sd_data[269] (net)
                                                1       0.4103              0.0000     0.1567 f
  u_NV_NVDLA_cmac/u_core/u_active/U50004/A4 (AO22X1_RVT)          0.0249    0.0000 *   0.1567 f
  u_NV_NVDLA_cmac/u_core/u_active/U50004/Y (AO22X1_RVT)           0.0226    0.0519     0.2086 f
  u_NV_NVDLA_cmac/u_core/u_active/n79313 (net)
                                                1       0.6275              0.0000     0.2086 f
  u_NV_NVDLA_cmac/u_core/u_active/wt4_sd_data_reg_269_/D (SDFFX1_RVT)
                                                                  0.0226    0.0000 *   0.2086 f
  data arrival time                                                                    0.2086

  clock nvdla_core_clk (rise edge)                                          0.0000     0.0000
  clock network delay (ideal)                                               0.0000     0.0000
  u_NV_NVDLA_cmac/u_core/u_active/wt4_sd_data_reg_269_/CLK (SDFFX1_RVT)     0.0000     0.0000 r
  library hold time                                                        -0.0553    -0.0553
  data required time                                                                  -0.0553
  ----------------------------------------------------------------------------------------------
  data required time                                                                  -0.0553
  data arrival time                                                                   -0.2086
  ----------------------------------------------------------------------------------------------
  slack (MET)                                                                          0.2639


  Startpoint: u_NV_NVDLA_cmac/u_core/u_active/wt1_sd_data_reg_21_
              (rising edge-triggered flip-flop clocked by nvdla_core_clk)
  Endpoint: u_NV_NVDLA_cmac/u_core/u_active/wt1_sd_data_reg_21_
            (rising edge-triggered flip-flop clocked by nvdla_core_clk)
  Path Group: nvdla_core_clk
  Path Type: min

  Point                                       Fanout       Cap     Trans      Incr       Path
  ----------------------------------------------------------------------------------------------
  clock nvdla_core_clk (rise edge)                                          0.0000     0.0000
  clock network delay (ideal)                                               0.0000     0.0000
  u_NV_NVDLA_cmac/u_core/u_active/wt1_sd_data_reg_21_/CLK (SDFFX1_RVT)
                                                                  0.0500    0.0000 #   0.0000 r
  u_NV_NVDLA_cmac/u_core/u_active/wt1_sd_data_reg_21_/Q (SDFFX1_RVT)
                                                                  0.0249    0.1567     0.1567 f
  u_NV_NVDLA_cmac/u_core/u_active/wt1_sd_data[21] (net)
                                                1       0.4118              0.0000     0.1567 f
  u_NV_NVDLA_cmac/u_core/u_active/U45813/A4 (AO22X1_RVT)          0.0249    0.0000 *   0.1567 f
  u_NV_NVDLA_cmac/u_core/u_active/U45813/Y (AO22X1_RVT)           0.0226    0.0519     0.2086 f
  u_NV_NVDLA_cmac/u_core/u_active/n82633 (net)
                                                1       0.6261              0.0000     0.2086 f
  u_NV_NVDLA_cmac/u_core/u_active/wt1_sd_data_reg_21_/D (SDFFX1_RVT)
                                                                  0.0226    0.0000 *   0.2086 f
  data arrival time                                                                    0.2086

  clock nvdla_core_clk (rise edge)                                          0.0000     0.0000
  clock network delay (ideal)                                               0.0000     0.0000
  u_NV_NVDLA_cmac/u_core/u_active/wt1_sd_data_reg_21_/CLK (SDFFX1_RVT)      0.0000     0.0000 r
  library hold time                                                        -0.0553    -0.0553
  data required time                                                                  -0.0553
  ----------------------------------------------------------------------------------------------
  data required time                                                                  -0.0553
  data arrival time                                                                   -0.2086
  ----------------------------------------------------------------------------------------------
  slack (MET)                                                                          0.2639


  Startpoint: u_NV_NVDLA_cmac/u_core/u_active/wt0_sd_data_reg_400_
              (rising edge-triggered flip-flop clocked by nvdla_core_clk)
  Endpoint: u_NV_NVDLA_cmac/u_core/u_active/wt0_sd_data_reg_400_
            (rising edge-triggered flip-flop clocked by nvdla_core_clk)
  Path Group: nvdla_core_clk
  Path Type: min

  Point                                       Fanout       Cap     Trans      Incr       Path
  ----------------------------------------------------------------------------------------------
  clock nvdla_core_clk (rise edge)                                          0.0000     0.0000
  clock network delay (ideal)                                               0.0000     0.0000
  u_NV_NVDLA_cmac/u_core/u_active/wt0_sd_data_reg_400_/CLK (SDFFX1_RVT)
                                                                  0.0500    0.0000 #   0.0000 r
  u_NV_NVDLA_cmac/u_core/u_active/wt0_sd_data_reg_400_/Q (SDFFX1_RVT)
                                                                  0.0249    0.1567     0.1567 f
  u_NV_NVDLA_cmac/u_core/u_active/wt0_sd_data[400] (net)
                                                1       0.4168              0.0000     0.1567 f
  u_NV_NVDLA_cmac/u_core/u_active/U44933/A4 (AO22X1_RVT)          0.0249    0.0000 *   0.1567 f
  u_NV_NVDLA_cmac/u_core/u_active/U44933/Y (AO22X1_RVT)           0.0225    0.0519     0.2086 f
  u_NV_NVDLA_cmac/u_core/u_active/n83268 (net)
                                                1       0.6211              0.0000     0.2086 f
  u_NV_NVDLA_cmac/u_core/u_active/wt0_sd_data_reg_400_/D (SDFFX1_RVT)
                                                                  0.0225    0.0000 *   0.2086 f
  data arrival time                                                                    0.2086

  clock nvdla_core_clk (rise edge)                                          0.0000     0.0000
  clock network delay (ideal)                                               0.0000     0.0000
  u_NV_NVDLA_cmac/u_core/u_active/wt0_sd_data_reg_400_/CLK (SDFFX1_RVT)     0.0000     0.0000 r
  library hold time                                                        -0.0553    -0.0553
  data required time                                                                  -0.0553
  ----------------------------------------------------------------------------------------------
  data required time                                                                  -0.0553
  data arrival time                                                                   -0.2086
  ----------------------------------------------------------------------------------------------
  slack (MET)                                                                          0.2639


  Startpoint: u_NV_NVDLA_cmac/u_core/u_active/wt4_sd_data_reg_726_
              (rising edge-triggered flip-flop clocked by nvdla_core_clk)
  Endpoint: u_NV_NVDLA_cmac/u_core/u_active/wt4_sd_data_reg_726_
            (rising edge-triggered flip-flop clocked by nvdla_core_clk)
  Path Group: nvdla_core_clk
  Path Type: min

  Point                                       Fanout       Cap     Trans      Incr       Path
  ----------------------------------------------------------------------------------------------
  clock nvdla_core_clk (rise edge)                                          0.0000     0.0000
  clock network delay (ideal)                                               0.0000     0.0000
  u_NV_NVDLA_cmac/u_core/u_active/wt4_sd_data_reg_726_/CLK (SDFFX1_RVT)
                                                                  0.0500    0.0000 #   0.0000 r
  u_NV_NVDLA_cmac/u_core/u_active/wt4_sd_data_reg_726_/Q (SDFFX1_RVT)
                                                                  0.0250    0.1568     0.1568 f
  u_NV_NVDLA_cmac/u_core/u_active/wt4_sd_data[726] (net)
                                                1       0.4262              0.0000     0.1568 f
  u_NV_NVDLA_cmac/u_core/u_active/U50577/A4 (AO22X1_RVT)          0.0250    0.0000 *   0.1568 f
  u_NV_NVDLA_cmac/u_core/u_active/U50577/Y (AO22X1_RVT)           0.0225    0.0519     0.2087 f
  u_NV_NVDLA_cmac/u_core/u_active/n78858 (net)
                                                1       0.6116              0.0000     0.2087 f
  u_NV_NVDLA_cmac/u_core/u_active/wt4_sd_data_reg_726_/D (SDFFX1_RVT)
                                                                  0.0225    0.0000 *   0.2087 f
  data arrival time                                                                    0.2087

  clock nvdla_core_clk (rise edge)                                          0.0000     0.0000
  clock network delay (ideal)                                               0.0000     0.0000
  u_NV_NVDLA_cmac/u_core/u_active/wt4_sd_data_reg_726_/CLK (SDFFX1_RVT)     0.0000     0.0000 r
  library hold time                                                        -0.0553    -0.0553
  data required time                                                                  -0.0553
  ----------------------------------------------------------------------------------------------
  data required time                                                                  -0.0553
  data arrival time                                                                   -0.2087
  ----------------------------------------------------------------------------------------------
  slack (MET)                                                                          0.2640


  Startpoint: u_NV_NVDLA_cmac/u_core/u_active/wt2_sd_data_reg_868_
              (rising edge-triggered flip-flop clocked by nvdla_core_clk)
  Endpoint: u_NV_NVDLA_cmac/u_core/u_active/wt2_sd_data_reg_868_
            (rising edge-triggered flip-flop clocked by nvdla_core_clk)
  Path Group: nvdla_core_clk
  Path Type: min

  Point                                       Fanout       Cap     Trans      Incr       Path
  ----------------------------------------------------------------------------------------------
  clock nvdla_core_clk (rise edge)                                          0.0000     0.0000
  clock network delay (ideal)                                               0.0000     0.0000
  u_NV_NVDLA_cmac/u_core/u_active/wt2_sd_data_reg_868_/CLK (SDFFX1_RVT)
                                                                  0.0500    0.0000 #   0.0000 r
  u_NV_NVDLA_cmac/u_core/u_active/wt2_sd_data_reg_868_/Q (SDFFX1_RVT)
                                                                  0.0251    0.1569     0.1569 f
  u_NV_NVDLA_cmac/u_core/u_active/wt2_sd_data[868] (net)
                                                1       0.4341              0.0000     0.1569 f
  u_NV_NVDLA_cmac/u_core/u_active/U48175/A4 (AO22X1_RVT)          0.0251    0.0000 *   0.1569 f
  u_NV_NVDLA_cmac/u_core/u_active/U48175/Y (AO22X1_RVT)           0.0224    0.0518     0.2087 f
  u_NV_NVDLA_cmac/u_core/u_active/n80760 (net)
                                                1       0.6037              0.0000     0.2087 f
  u_NV_NVDLA_cmac/u_core/u_active/wt2_sd_data_reg_868_/D (SDFFX1_RVT)
                                                                  0.0224    0.0000 *   0.2087 f
  data arrival time                                                                    0.2087

  clock nvdla_core_clk (rise edge)                                          0.0000     0.0000
  clock network delay (ideal)                                               0.0000     0.0000
  u_NV_NVDLA_cmac/u_core/u_active/wt2_sd_data_reg_868_/CLK (SDFFX1_RVT)     0.0000     0.0000 r
  library hold time                                                        -0.0553    -0.0553
  data required time                                                                  -0.0553
  ----------------------------------------------------------------------------------------------
  data required time                                                                  -0.0553
  data arrival time                                                                   -0.2087
  ----------------------------------------------------------------------------------------------
  slack (MET)                                                                          0.2640


  Startpoint: u_NV_NVDLA_cmac/u_core/u_active/wt3_sd_data_reg_56_
              (rising edge-triggered flip-flop clocked by nvdla_core_clk)
  Endpoint: u_NV_NVDLA_cmac/u_core/u_active/wt3_sd_data_reg_56_
            (rising edge-triggered flip-flop clocked by nvdla_core_clk)
  Path Group: nvdla_core_clk
  Path Type: min

  Point                                       Fanout       Cap     Trans      Incr       Path
  ----------------------------------------------------------------------------------------------
  clock nvdla_core_clk (rise edge)                                          0.0000     0.0000
  clock network delay (ideal)                                               0.0000     0.0000
  u_NV_NVDLA_cmac/u_core/u_active/wt3_sd_data_reg_56_/CLK (SDFFX1_RVT)
                                                                  0.0500    0.0000 #   0.0000 r
  u_NV_NVDLA_cmac/u_core/u_active/wt3_sd_data_reg_56_/Q (SDFFX1_RVT)
                                                                  0.0250    0.1569     0.1569 f
  u_NV_NVDLA_cmac/u_core/u_active/wt3_sd_data[56] (net)
                                                1       0.4339              0.0000     0.1569 f
  u_NV_NVDLA_cmac/u_core/u_active/U48454/A4 (AO22X1_RVT)          0.0250    0.0000 *   0.1569 f
  u_NV_NVDLA_cmac/u_core/u_active/U48454/Y (AO22X1_RVT)           0.0224    0.0518     0.2087 f
  u_NV_NVDLA_cmac/u_core/u_active/n80540 (net)
                                                1       0.6054              0.0000     0.2087 f
  u_NV_NVDLA_cmac/u_core/u_active/wt3_sd_data_reg_56_/D (SDFFX1_RVT)
                                                                  0.0224    0.0000 *   0.2087 f
  data arrival time                                                                    0.2087

  clock nvdla_core_clk (rise edge)                                          0.0000     0.0000
  clock network delay (ideal)                                               0.0000     0.0000
  u_NV_NVDLA_cmac/u_core/u_active/wt3_sd_data_reg_56_/CLK (SDFFX1_RVT)      0.0000     0.0000 r
  library hold time                                                        -0.0553    -0.0553
  data required time                                                                  -0.0553
  ----------------------------------------------------------------------------------------------
  data required time                                                                  -0.0553
  data arrival time                                                                   -0.2087
  ----------------------------------------------------------------------------------------------
  slack (MET)                                                                          0.2640


  Startpoint: u_NV_NVDLA_cmac/u_core/u_active/wt4_sd_data_reg_641_
              (rising edge-triggered flip-flop clocked by nvdla_core_clk)
  Endpoint: u_NV_NVDLA_cmac/u_core/u_active/wt4_sd_data_reg_641_
            (rising edge-triggered flip-flop clocked by nvdla_core_clk)
  Path Group: nvdla_core_clk
  Path Type: min

  Point                                       Fanout       Cap     Trans      Incr       Path
  ----------------------------------------------------------------------------------------------
  clock nvdla_core_clk (rise edge)                                          0.0000     0.0000
  clock network delay (ideal)                                               0.0000     0.0000
  u_NV_NVDLA_cmac/u_core/u_active/wt4_sd_data_reg_641_/CLK (SDFFX1_RVT)
                                                                  0.0500    0.0000 #   0.0000 r
  u_NV_NVDLA_cmac/u_core/u_active/wt4_sd_data_reg_641_/Q (SDFFX1_RVT)
                                                                  0.0249    0.1567     0.1567 f
  u_NV_NVDLA_cmac/u_core/u_active/wt4_sd_data[641] (net)
                                                1       0.4095              0.0000     0.1567 f
  u_NV_NVDLA_cmac/u_core/u_active/U50482/A4 (AO22X1_RVT)          0.0249    0.0000 *   0.1567 f
  u_NV_NVDLA_cmac/u_core/u_active/U50482/Y (AO22X1_RVT)           0.0226    0.0520     0.2087 f
  u_NV_NVDLA_cmac/u_core/u_active/n78933 (net)
                                                1       0.6346              0.0000     0.2087 f
  u_NV_NVDLA_cmac/u_core/u_active/wt4_sd_data_reg_641_/D (SDFFX1_RVT)
                                                                  0.0226    0.0000 *   0.2087 f
  data arrival time                                                                    0.2087

  clock nvdla_core_clk (rise edge)                                          0.0000     0.0000
  clock network delay (ideal)                                               0.0000     0.0000
  u_NV_NVDLA_cmac/u_core/u_active/wt4_sd_data_reg_641_/CLK (SDFFX1_RVT)     0.0000     0.0000 r
  library hold time                                                        -0.0553    -0.0553
  data required time                                                                  -0.0553
  ----------------------------------------------------------------------------------------------
  data required time                                                                  -0.0553
  data arrival time                                                                   -0.2087
  ----------------------------------------------------------------------------------------------
  slack (MET)                                                                          0.2640


1
