**************************************************
Report         : setup_status

Reference      : r:/WORK/NV_NVDLA_partition_m
Implementation : i:/WORK/NV_NVDLA_partition_m
Version        : W-2024.09-SP5
Date           : Fri May  8 11:57:43 2026
**************************************************

 #### Design Information ####

 # Design Settings #

 set_top reference design:      r:/WORK/NV_NVDLA_partition_m
 set_top implementation design: i:/WORK/NV_NVDLA_partition_m
 set_reference_design:          r:/WORK/NV_NVDLA_partition_m
 set_implementation_design:     i:/WORK/NV_NVDLA_partition_m

 # Design Statistics Ref(Imp)  #

 Ports:                          3864(3864)
 Registers:                      72895(67183)
 Black boxes:                    0(0)
   - Unresolved modules :        0(0)
   - User specified     :        0(0)
 Undriven nets :                 0(3005)
 Multiply-driven nets:           0(0)

 #### HDL Read Message Summary ####

 Message ID:          Occurrences:  Ref(Imp)
 ----------------------------------------------------

 #### User Specified Setup ####

 Command Name:          Result:  Ref(Imp)
 ----------------------------------------------------
 set_black_box             :       0(   0)
 set_clock                 :       0(   0)
 set_compare_rule          :       0(   0)
 set_constant              :       0(   0)
 set_constraint            :       0(   0)
 set_cutpoint              :       0(   0)
 set_dont_cut              :       0(   0)
 set_dont_match_points     :       0(   0)
 set_dont_verify_points    :       0(   0)
 set_factor_point          :       0(   0)
 set_input_value_range     :       0(   0)
 set_inv_push              :       0(   0)
 set_user_match            :       0(   0)
 set_verify_points         :       0(   0)
 change_link               :       0(   0)
 create_design             :       0(   0)
 create_cell               :       0(   0)
 create_net                :       0(   0)
 create_port               :       0(   0)
 create_primitive          :       0(   0)
 connect_net               :       0(   0)
 disconnect_net            :       0(   0)
 invert_pin                :       0(   0)
 remove_cell               :       0(   0)
 remove_net                :       0(   0)
 remove_port               :       0(   0)
 rewire_connection         :       0(   0)
 set_dont_reverse          :       0(   0)
**************************************************
Report         : designs

Reference      : r:/WORK/NV_NVDLA_partition_m
Implementation : i:/WORK/NV_NVDLA_partition_m
Version        : W-2024.09-SP5
Date           : Fri May  8 11:57:44 2026
**************************************************

 ______________________________________________________________________________ 
|                                                                              |
|  Legend:                                                                     |
|           Statistics                  Attributes                             |
|             c = number of cells         c = CONSENSUS resolution type        |
|                 linked(unlinked)        x = BLACKBOX resolution type         |
|             p = number of ports         a = AND resolution type              |
|             n = number of nets          o = OR resolution type               |
|                                         f = flatten                          |
|                                         r = retimed                          |
|                                         v = VHDL configuration               |
|______________________________________________________________________________|


########################################################################################################
####    DESIGN LIBRARY - i:/WORK
########################################################################################################
Design Name                              Statistics                   Attributes     Verification status
-----------                              ----------                   ----------     -------------------
MUX2D4_0                                 c3(0) p4 n6                     c                     
MUX2D4_1                                 c3(0) p4 n6                     c                     
NV_CLK_gate_power_0                      c4(0) p4 n6                     c                     
NV_CLK_gate_power_1                      c4(0) p4 n6                     c                     
NV_CLK_gate_power_10                     c4(0) p4 n6                     c                     
NV_CLK_gate_power_11                     c4(0) p4 n6                     c                     
NV_CLK_gate_power_12                     c4(0) p4 n6                     c                     
NV_CLK_gate_power_13                     c4(0) p4 n6                     c                     
NV_CLK_gate_power_14                     c4(0) p4 n6                     c                     
NV_CLK_gate_power_15                     c4(0) p4 n6                     c                     
NV_CLK_gate_power_16                     c4(0) p4 n6                     c                     
NV_CLK_gate_power_17                     c4(0) p4 n6                     c                     
NV_CLK_gate_power_18                     c4(0) p4 n6                     c                     
NV_CLK_gate_power_19                     c4(0) p4 n6                     c                     
NV_CLK_gate_power_2                      c4(0) p4 n6                     c                     
NV_CLK_gate_power_3                      c4(0) p4 n6                     c                     
NV_CLK_gate_power_4                      c4(0) p4 n6                     c                     
NV_CLK_gate_power_5                      c4(0) p4 n6                     c                     
NV_CLK_gate_power_6                      c4(0) p4 n6                     c                     
NV_CLK_gate_power_7                      c4(0) p4 n6                     c                     
NV_CLK_gate_power_8                      c4(0) p4 n6                     c                     
NV_CLK_gate_power_9                      c4(0) p4 n6                     c                     
NV_NVDLA_CMAC_CORE_MAC_booth_0           c60(0) p58 n100                 c                     
NV_NVDLA_CMAC_CORE_MAC_booth_1           c60(0) p58 n100                 c                     
NV_NVDLA_CMAC_CORE_MAC_booth_10          c60(0) p56 n98                  c                     
NV_NVDLA_CMAC_CORE_MAC_booth_100         c60(0) p57 n99                  c                     
NV_NVDLA_CMAC_CORE_MAC_booth_1000        c60(0) p56 n98                  c                     
NV_NVDLA_CMAC_CORE_MAC_booth_1001        c60(0) p56 n98                  c                     
NV_NVDLA_CMAC_CORE_MAC_booth_1002        c60(0) p56 n98                  c                     
NV_NVDLA_CMAC_CORE_MAC_booth_1003        c60(0) p58 n100                 c                     
NV_NVDLA_CMAC_CORE_MAC_booth_1004        c60(0) p57 n99                  c                     
NV_NVDLA_CMAC_CORE_MAC_booth_1005        c60(0) p57 n99                  c                     
NV_NVDLA_CMAC_CORE_MAC_booth_1006        c60(0) p58 n100                 c                     
NV_NVDLA_CMAC_CORE_MAC_booth_1007        c56(0) p56 n93                  c                     
NV_NVDLA_CMAC_CORE_MAC_booth_1008        c60(0) p56 n98                  c                     
NV_NVDLA_CMAC_CORE_MAC_booth_1009        c60(0) p56 n98                  c                     
NV_NVDLA_CMAC_CORE_MAC_booth_101         c60(0) p56 n98                  c                     
NV_NVDLA_CMAC_CORE_MAC_booth_1010        c60(0) p56 n98                  c                     
NV_NVDLA_CMAC_CORE_MAC_booth_1011        c60(0) p57 n99                  c                     
NV_NVDLA_CMAC_CORE_MAC_booth_1012        c60(0) p56 n98                  c                     
NV_NVDLA_CMAC_CORE_MAC_booth_1013        c60(0) p56 n98                  c                     
NV_NVDLA_CMAC_CORE_MAC_booth_1014        c60(0) p57 n99                  c                     
NV_NVDLA_CMAC_CORE_MAC_booth_1015        c55(0) p57 n93                  c                     
NV_NVDLA_CMAC_CORE_MAC_booth_1016        c60(0) p56 n98                  c                     
NV_NVDLA_CMAC_CORE_MAC_booth_1017        c60(0) p56 n98                  c                     
NV_NVDLA_CMAC_CORE_MAC_booth_1018        c60(0) p57 n99                  c                     
NV_NVDLA_CMAC_CORE_MAC_booth_1019        c60(0) p57 n99                  c                     
NV_NVDLA_CMAC_CORE_MAC_booth_102         c60(0) p56 n98                  c                     
NV_NVDLA_CMAC_CORE_MAC_booth_1020        c60(0) p56 n98                  c                     
NV_NVDLA_CMAC_CORE_MAC_booth_1021        c60(0) p57 n99                  c                     
NV_NVDLA_CMAC_CORE_MAC_booth_1022        c60(0) p57 n99                  c                     
NV_NVDLA_CMAC_CORE_MAC_booth_1023        c55(0) p56 n92                  c                     
NV_NVDLA_CMAC_CORE_MAC_booth_1024        c60(0) p56 n98                  c                     
NV_NVDLA_CMAC_CORE_MAC_booth_1025        c60(0) p57 n99                  c                     
NV_NVDLA_CMAC_CORE_MAC_booth_1026        c60(0) p56 n98                  c                     
NV_NVDLA_CMAC_CORE_MAC_booth_1027        c60(0) p56 n98                  c                     
NV_NVDLA_CMAC_CORE_MAC_booth_1028        c60(0) p56 n98                  c                     
NV_NVDLA_CMAC_CORE_MAC_booth_1029        c60(0) p57 n99                  c                     
NV_NVDLA_CMAC_CORE_MAC_booth_103         c55(0) p56 n92                  c                     
NV_NVDLA_CMAC_CORE_MAC_booth_1030        c60(0) p56 n98                  c                     
NV_NVDLA_CMAC_CORE_MAC_booth_1031        c55(0) p56 n92                  c                     
NV_NVDLA_CMAC_CORE_MAC_booth_1032        c60(0) p57 n99                  c                     
NV_NVDLA_CMAC_CORE_MAC_booth_1033        c60(0) p56 n98                  c                     
NV_NVDLA_CMAC_CORE_MAC_booth_1034        c60(0) p56 n98                  c                     
NV_NVDLA_CMAC_CORE_MAC_booth_1035        c60(0) p57 n99                  c                     
NV_NVDLA_CMAC_CORE_MAC_booth_1036        c60(0) p56 n98                  c                     
NV_NVDLA_CMAC_CORE_MAC_booth_1037        c60(0) p56 n98                  c                     
NV_NVDLA_CMAC_CORE_MAC_booth_1038        c60(0) p57 n99                  c                     
NV_NVDLA_CMAC_CORE_MAC_booth_1039        c55(0) p57 n93                  c                     
NV_NVDLA_CMAC_CORE_MAC_booth_104         c60(0) p56 n98                  c                     
NV_NVDLA_CMAC_CORE_MAC_booth_1040        c60(0) p56 n98                  c                     
NV_NVDLA_CMAC_CORE_MAC_booth_1041        c60(0) p56 n98                  c                     
NV_NVDLA_CMAC_CORE_MAC_booth_1042        c60(0) p56 n98                  c                     
NV_NVDLA_CMAC_CORE_MAC_booth_1043        c60(0) p56 n98                  c                     
NV_NVDLA_CMAC_CORE_MAC_booth_1044        c60(0) p56 n98                  c                     
NV_NVDLA_CMAC_CORE_MAC_booth_1045        c60(0) p56 n98                  c                     
NV_NVDLA_CMAC_CORE_MAC_booth_1046        c60(0) p57 n99                  c                     
NV_NVDLA_CMAC_CORE_MAC_booth_1047        c55(0) p57 n93                  c                     
NV_NVDLA_CMAC_CORE_MAC_booth_1048        c60(0) p56 n98                  c                     
NV_NVDLA_CMAC_CORE_MAC_booth_1049        c61(0) p57 n100                 c                     
NV_NVDLA_CMAC_CORE_MAC_booth_105         c60(0) p56 n98                  c                     
NV_NVDLA_CMAC_CORE_MAC_booth_1050        c60(0) p56 n98                  c                     
NV_NVDLA_CMAC_CORE_MAC_booth_1051        c60(0) p57 n99                  c                     
NV_NVDLA_CMAC_CORE_MAC_booth_1052        c60(0) p57 n99                  c                     
NV_NVDLA_CMAC_CORE_MAC_booth_1053        c60(0) p57 n99                  c                     
NV_NVDLA_CMAC_CORE_MAC_booth_1054        c61(0) p56 n99                  c                     
NV_NVDLA_CMAC_CORE_MAC_booth_1055        c56(0) p56 n93                  c                     
NV_NVDLA_CMAC_CORE_MAC_booth_1056        c60(0) p57 n99                  c                     
NV_NVDLA_CMAC_CORE_MAC_booth_1057        c60(0) p57 n99                  c                     
NV_NVDLA_CMAC_CORE_MAC_booth_1058        c60(0) p57 n99                  c                     
NV_NVDLA_CMAC_CORE_MAC_booth_1059        c60(0) p56 n98                  c                     
NV_NVDLA_CMAC_CORE_MAC_booth_106         c60(0) p58 n100                 c                     
NV_NVDLA_CMAC_CORE_MAC_booth_1060        c60(0) p56 n98                  c                     
NV_NVDLA_CMAC_CORE_MAC_booth_1061        c60(0) p56 n98                  c                     
NV_NVDLA_CMAC_CORE_MAC_booth_1062        c60(0) p56 n98                  c                     
NV_NVDLA_CMAC_CORE_MAC_booth_1063        c55(0) p57 n93                  c                     
NV_NVDLA_CMAC_CORE_MAC_booth_1064        c60(0) p56 n98                  c                     
NV_NVDLA_CMAC_CORE_MAC_booth_1065        c60(0) p56 n98                  c                     
NV_NVDLA_CMAC_CORE_MAC_booth_1066        c60(0) p58 n100                 c                     
NV_NVDLA_CMAC_CORE_MAC_booth_1067        c60(0) p56 n98                  c                     
NV_NVDLA_CMAC_CORE_MAC_booth_1068        c60(0) p56 n98                  c                     
NV_NVDLA_CMAC_CORE_MAC_booth_1069        c60(0) p56 n98                  c                     
NV_NVDLA_CMAC_CORE_MAC_booth_107         c60(0) p57 n99                  c                     
NV_NVDLA_CMAC_CORE_MAC_booth_1070        c60(0) p56 n98                  c                     
NV_NVDLA_CMAC_CORE_MAC_booth_1071        c55(0) p57 n93                  c                     
NV_NVDLA_CMAC_CORE_MAC_booth_1072        c60(0) p56 n98                  c                     
NV_NVDLA_CMAC_CORE_MAC_booth_1073        c60(0) p56 n98                  c                     
NV_NVDLA_CMAC_CORE_MAC_booth_1074        c60(0) p56 n98                  c                     
NV_NVDLA_CMAC_CORE_MAC_booth_1075        c60(0) p56 n98                  c                     
NV_NVDLA_CMAC_CORE_MAC_booth_1076        c60(0) p56 n98                  c                     
NV_NVDLA_CMAC_CORE_MAC_booth_1077        c60(0) p57 n99                  c                     
NV_NVDLA_CMAC_CORE_MAC_booth_1078        c60(0) p57 n99                  c                     
NV_NVDLA_CMAC_CORE_MAC_booth_1079        c55(0) p57 n93                  c                     
NV_NVDLA_CMAC_CORE_MAC_booth_108         c60(0) p57 n99                  c                     
NV_NVDLA_CMAC_CORE_MAC_booth_1080        c60(0) p56 n98                  c                     
NV_NVDLA_CMAC_CORE_MAC_booth_1081        c60(0) p56 n98                  c                     
NV_NVDLA_CMAC_CORE_MAC_booth_1082        c60(0) p57 n99                  c                     
NV_NVDLA_CMAC_CORE_MAC_booth_1083        c60(0) p58 n100                 c                     
NV_NVDLA_CMAC_CORE_MAC_booth_1084        c60(0) p56 n98                  c                     
NV_NVDLA_CMAC_CORE_MAC_booth_1085        c60(0) p56 n98                  c                     
NV_NVDLA_CMAC_CORE_MAC_booth_1086        c60(0) p57 n99                  c                     
NV_NVDLA_CMAC_CORE_MAC_booth_1087        c55(0) p56 n92                  c                     
NV_NVDLA_CMAC_CORE_MAC_booth_1088        c60(0) p57 n99                  c                     
NV_NVDLA_CMAC_CORE_MAC_booth_1089        c60(0) p56 n98                  c                     
NV_NVDLA_CMAC_CORE_MAC_booth_109         c60(0) p59 n101                 c                     
NV_NVDLA_CMAC_CORE_MAC_booth_1090        c60(0) p57 n99                  c                     
NV_NVDLA_CMAC_CORE_MAC_booth_1091        c60(0) p56 n98                  c                     
NV_NVDLA_CMAC_CORE_MAC_booth_1092        c60(0) p56 n98                  c                     
NV_NVDLA_CMAC_CORE_MAC_booth_1093        c60(0) p56 n98                  c                     
NV_NVDLA_CMAC_CORE_MAC_booth_1094        c60(0) p57 n99                  c                     
NV_NVDLA_CMAC_CORE_MAC_booth_1095        c55(0) p57 n93                  c                     
NV_NVDLA_CMAC_CORE_MAC_booth_1096        c60(0) p57 n99                  c                     
NV_NVDLA_CMAC_CORE_MAC_booth_1097        c60(0) p56 n98                  c                     
NV_NVDLA_CMAC_CORE_MAC_booth_1098        c60(0) p56 n98                  c                     
NV_NVDLA_CMAC_CORE_MAC_booth_1099        c60(0) p58 n100                 c                     
NV_NVDLA_CMAC_CORE_MAC_booth_11          c60(0) p57 n99                  c                     
NV_NVDLA_CMAC_CORE_MAC_booth_110         c60(0) p56 n98                  c                     
NV_NVDLA_CMAC_CORE_MAC_booth_1100        c60(0) p56 n98                  c                     
NV_NVDLA_CMAC_CORE_MAC_booth_1101        c60(0) p56 n98                  c                     
NV_NVDLA_CMAC_CORE_MAC_booth_1102        c60(0) p56 n98                  c                     
NV_NVDLA_CMAC_CORE_MAC_booth_1103        c55(0) p57 n93                  c                     
NV_NVDLA_CMAC_CORE_MAC_booth_1104        c60(0) p57 n99                  c                     
NV_NVDLA_CMAC_CORE_MAC_booth_1105        c60(0) p56 n98                  c                     
NV_NVDLA_CMAC_CORE_MAC_booth_1106        c60(0) p56 n98                  c                     
NV_NVDLA_CMAC_CORE_MAC_booth_1107        c60(0) p56 n98                  c                     
NV_NVDLA_CMAC_CORE_MAC_booth_1108        c60(0) p56 n98                  c                     
NV_NVDLA_CMAC_CORE_MAC_booth_1109        c60(0) p57 n99                  c                     
NV_NVDLA_CMAC_CORE_MAC_booth_111         c55(0) p56 n92                  c                     
NV_NVDLA_CMAC_CORE_MAC_booth_1110        c60(0) p57 n99                  c                     
NV_NVDLA_CMAC_CORE_MAC_booth_1111        c55(0) p56 n92                  c                     
NV_NVDLA_CMAC_CORE_MAC_booth_1112        c60(0) p56 n98                  c                     
NV_NVDLA_CMAC_CORE_MAC_booth_1113        c60(0) p56 n98                  c                     
NV_NVDLA_CMAC_CORE_MAC_booth_1114        c60(0) p56 n98                  c                     
NV_NVDLA_CMAC_CORE_MAC_booth_1115        c60(0) p57 n99                  c                     
NV_NVDLA_CMAC_CORE_MAC_booth_1116        c60(0) p56 n98                  c                     
NV_NVDLA_CMAC_CORE_MAC_booth_1117        c60(0) p56 n98                  c                     
NV_NVDLA_CMAC_CORE_MAC_booth_1118        c60(0) p56 n98                  c                     
NV_NVDLA_CMAC_CORE_MAC_booth_1119        c55(0) p57 n93                  c                     
NV_NVDLA_CMAC_CORE_MAC_booth_112         c60(0) p57 n99                  c                     
NV_NVDLA_CMAC_CORE_MAC_booth_1120        c60(0) p56 n98                  c                     
NV_NVDLA_CMAC_CORE_MAC_booth_1121        c60(0) p56 n98                  c                     
NV_NVDLA_CMAC_CORE_MAC_booth_1122        c60(0) p56 n98                  c                     
NV_NVDLA_CMAC_CORE_MAC_booth_1123        c60(0) p57 n99                  c                     
NV_NVDLA_CMAC_CORE_MAC_booth_1124        c60(0) p57 n99                  c                     
NV_NVDLA_CMAC_CORE_MAC_booth_1125        c60(0) p56 n98                  c                     
NV_NVDLA_CMAC_CORE_MAC_booth_1126        c60(0) p57 n99                  c                     
NV_NVDLA_CMAC_CORE_MAC_booth_1127        c55(0) p56 n92                  c                     
NV_NVDLA_CMAC_CORE_MAC_booth_1128        c60(0) p57 n99                  c                     
NV_NVDLA_CMAC_CORE_MAC_booth_1129        c60(0) p57 n99                  c                     
NV_NVDLA_CMAC_CORE_MAC_booth_113         c60(0) p56 n98                  c                     
NV_NVDLA_CMAC_CORE_MAC_booth_1130        c60(0) p57 n99                  c                     
NV_NVDLA_CMAC_CORE_MAC_booth_1131        c60(0) p56 n98                  c                     
NV_NVDLA_CMAC_CORE_MAC_booth_1132        c60(0) p56 n98                  c                     
NV_NVDLA_CMAC_CORE_MAC_booth_1133        c60(0) p56 n98                  c                     
NV_NVDLA_CMAC_CORE_MAC_booth_1134        c60(0) p57 n99                  c                     
NV_NVDLA_CMAC_CORE_MAC_booth_1135        c55(0) p57 n93                  c                     
NV_NVDLA_CMAC_CORE_MAC_booth_1136        c60(0) p56 n98                  c                     
NV_NVDLA_CMAC_CORE_MAC_booth_1137        c60(0) p56 n98                  c                     
NV_NVDLA_CMAC_CORE_MAC_booth_1138        c60(0) p56 n98                  c                     
NV_NVDLA_CMAC_CORE_MAC_booth_1139        c60(0) p56 n98                  c                     
NV_NVDLA_CMAC_CORE_MAC_booth_114         c60(0) p57 n99                  c                     
NV_NVDLA_CMAC_CORE_MAC_booth_1140        c60(0) p56 n98                  c                     
NV_NVDLA_CMAC_CORE_MAC_booth_1141        c60(0) p56 n98                  c                     
NV_NVDLA_CMAC_CORE_MAC_booth_1142        c60(0) p57 n99                  c                     
NV_NVDLA_CMAC_CORE_MAC_booth_1143        c55(0) p56 n92                  c                     
NV_NVDLA_CMAC_CORE_MAC_booth_1144        c60(0) p56 n98                  c                     
NV_NVDLA_CMAC_CORE_MAC_booth_1145        c60(0) p56 n98                  c                     
NV_NVDLA_CMAC_CORE_MAC_booth_1146        c60(0) p56 n98                  c                     
NV_NVDLA_CMAC_CORE_MAC_booth_1147        c60(0) p57 n99                  c                     
NV_NVDLA_CMAC_CORE_MAC_booth_1148        c60(0) p57 n99                  c                     
NV_NVDLA_CMAC_CORE_MAC_booth_1149        c60(0) p57 n99                  c                     
NV_NVDLA_CMAC_CORE_MAC_booth_115         c60(0) p57 n99                  c                     
NV_NVDLA_CMAC_CORE_MAC_booth_1150        c60(0) p58 n100                 c                     
NV_NVDLA_CMAC_CORE_MAC_booth_1151        c55(0) p57 n93                  c                     
NV_NVDLA_CMAC_CORE_MAC_booth_1152        c60(0) p56 n98                  c                     
NV_NVDLA_CMAC_CORE_MAC_booth_1153        c60(0) p57 n99                  c                     
NV_NVDLA_CMAC_CORE_MAC_booth_1154        c60(0) p57 n99                  c                     
NV_NVDLA_CMAC_CORE_MAC_booth_1155        c60(0) p57 n99                  c                     
NV_NVDLA_CMAC_CORE_MAC_booth_1156        c60(0) p57 n99                  c                     
NV_NVDLA_CMAC_CORE_MAC_booth_1157        c60(0) p57 n99                  c                     
NV_NVDLA_CMAC_CORE_MAC_booth_1158        c60(0) p56 n98                  c                     
NV_NVDLA_CMAC_CORE_MAC_booth_1159        c55(0) p56 n92                  c                     
NV_NVDLA_CMAC_CORE_MAC_booth_116         c60(0) p56 n98                  c                     
NV_NVDLA_CMAC_CORE_MAC_booth_1160        c60(0) p56 n98                  c                     
NV_NVDLA_CMAC_CORE_MAC_booth_1161        c60(0) p56 n98                  c                     
NV_NVDLA_CMAC_CORE_MAC_booth_1162        c60(0) p57 n99                  c                     
NV_NVDLA_CMAC_CORE_MAC_booth_1163        c60(0) p57 n99                  c                     
NV_NVDLA_CMAC_CORE_MAC_booth_1164        c60(0) p58 n100                 c                     
NV_NVDLA_CMAC_CORE_MAC_booth_1165        c60(0) p57 n99                  c                     
NV_NVDLA_CMAC_CORE_MAC_booth_1166        c60(0) p57 n99                  c                     
NV_NVDLA_CMAC_CORE_MAC_booth_1167        c55(0) p57 n93                  c                     
NV_NVDLA_CMAC_CORE_MAC_booth_1168        c60(0) p56 n98                  c                     
NV_NVDLA_CMAC_CORE_MAC_booth_1169        c60(0) p56 n98                  c                     
NV_NVDLA_CMAC_CORE_MAC_booth_117         c60(0) p57 n99                  c                     
NV_NVDLA_CMAC_CORE_MAC_booth_1170        c60(0) p57 n99                  c                     
NV_NVDLA_CMAC_CORE_MAC_booth_1171        c60(0) p56 n98                  c                     
NV_NVDLA_CMAC_CORE_MAC_booth_1172        c60(0) p57 n99                  c                     
NV_NVDLA_CMAC_CORE_MAC_booth_1173        c60(0) p56 n98                  c                     
NV_NVDLA_CMAC_CORE_MAC_booth_1174        c60(0) p56 n98                  c                     
NV_NVDLA_CMAC_CORE_MAC_booth_1175        c55(0) p57 n93                  c                     
NV_NVDLA_CMAC_CORE_MAC_booth_1176        c60(0) p57 n99                  c                     
NV_NVDLA_CMAC_CORE_MAC_booth_1177        c60(0) p57 n99                  c                     
NV_NVDLA_CMAC_CORE_MAC_booth_1178        c60(0) p57 n99                  c                     
NV_NVDLA_CMAC_CORE_MAC_booth_1179        c60(0) p57 n99                  c                     
NV_NVDLA_CMAC_CORE_MAC_booth_118         c60(0) p57 n99                  c                     
NV_NVDLA_CMAC_CORE_MAC_booth_1180        c60(0) p57 n99                  c                     
NV_NVDLA_CMAC_CORE_MAC_booth_1181        c60(0) p57 n99                  c                     
NV_NVDLA_CMAC_CORE_MAC_booth_1182        c60(0) p57 n99                  c                     
NV_NVDLA_CMAC_CORE_MAC_booth_1183        c55(0) p57 n93                  c                     
NV_NVDLA_CMAC_CORE_MAC_booth_1184        c60(0) p56 n98                  c                     
NV_NVDLA_CMAC_CORE_MAC_booth_1185        c60(0) p56 n98                  c                     
NV_NVDLA_CMAC_CORE_MAC_booth_1186        c60(0) p56 n98                  c                     
NV_NVDLA_CMAC_CORE_MAC_booth_1187        c60(0) p56 n98                  c                     
NV_NVDLA_CMAC_CORE_MAC_booth_1188        c60(0) p56 n98                  c                     
NV_NVDLA_CMAC_CORE_MAC_booth_1189        c60(0) p56 n98                  c                     
NV_NVDLA_CMAC_CORE_MAC_booth_119         c55(0) p56 n92                  c                     
NV_NVDLA_CMAC_CORE_MAC_booth_1190        c60(0) p56 n98                  c                     
NV_NVDLA_CMAC_CORE_MAC_booth_1191        c55(0) p57 n93                  c                     
NV_NVDLA_CMAC_CORE_MAC_booth_1192        c60(0) p58 n100                 c                     
NV_NVDLA_CMAC_CORE_MAC_booth_1193        c60(0) p58 n100                 c                     
NV_NVDLA_CMAC_CORE_MAC_booth_1194        c60(0) p56 n98                  c                     
NV_NVDLA_CMAC_CORE_MAC_booth_1195        c60(0) p58 n100                 c                     
NV_NVDLA_CMAC_CORE_MAC_booth_1196        c60(0) p57 n99                  c                     
NV_NVDLA_CMAC_CORE_MAC_booth_1197        c60(0) p57 n99                  c                     
NV_NVDLA_CMAC_CORE_MAC_booth_1198        c60(0) p57 n99                  c                     
NV_NVDLA_CMAC_CORE_MAC_booth_1199        c55(0) p56 n92                  c                     
NV_NVDLA_CMAC_CORE_MAC_booth_12          c60(0) p56 n98                  c                     
NV_NVDLA_CMAC_CORE_MAC_booth_120         c60(0) p56 n98                  c                     
NV_NVDLA_CMAC_CORE_MAC_booth_1200        c60(0) p56 n98                  c                     
NV_NVDLA_CMAC_CORE_MAC_booth_1201        c60(0) p56 n98                  c                     
NV_NVDLA_CMAC_CORE_MAC_booth_1202        c60(0) p57 n99                  c                     
NV_NVDLA_CMAC_CORE_MAC_booth_1203        c60(0) p57 n99                  c                     
NV_NVDLA_CMAC_CORE_MAC_booth_1204        c60(0) p57 n99                  c                     
NV_NVDLA_CMAC_CORE_MAC_booth_1205        c60(0) p56 n98                  c                     
NV_NVDLA_CMAC_CORE_MAC_booth_1206        c60(0) p56 n98                  c                     
NV_NVDLA_CMAC_CORE_MAC_booth_1207        c55(0) p57 n93                  c                     
NV_NVDLA_CMAC_CORE_MAC_booth_1208        c60(0) p58 n100                 c                     
NV_NVDLA_CMAC_CORE_MAC_booth_1209        c60(0) p56 n98                  c                     
NV_NVDLA_CMAC_CORE_MAC_booth_121         c60(0) p56 n98                  c                     
NV_NVDLA_CMAC_CORE_MAC_booth_1210        c60(0) p57 n99                  c                     
NV_NVDLA_CMAC_CORE_MAC_booth_1211        c60(0) p59 n101                 c                     
NV_NVDLA_CMAC_CORE_MAC_booth_1212        c60(0) p57 n99                  c                     
NV_NVDLA_CMAC_CORE_MAC_booth_1213        c60(0) p57 n99                  c                     
NV_NVDLA_CMAC_CORE_MAC_booth_1214        c60(0) p56 n98                  c                     
NV_NVDLA_CMAC_CORE_MAC_booth_1215        c55(0) p57 n93                  c                     
NV_NVDLA_CMAC_CORE_MAC_booth_1216        c60(0) p56 n98                  c                     
NV_NVDLA_CMAC_CORE_MAC_booth_1217        c60(0) p56 n98                  c                     
NV_NVDLA_CMAC_CORE_MAC_booth_1218        c60(0) p57 n99                  c                     
NV_NVDLA_CMAC_CORE_MAC_booth_1219        c60(0) p56 n98                  c                     
NV_NVDLA_CMAC_CORE_MAC_booth_122         c60(0) p57 n99                  c                     
NV_NVDLA_CMAC_CORE_MAC_booth_1220        c60(0) p56 n98                  c                     
NV_NVDLA_CMAC_CORE_MAC_booth_1221        c60(0) p56 n98                  c                     
NV_NVDLA_CMAC_CORE_MAC_booth_1222        c60(0) p56 n98                  c                     
NV_NVDLA_CMAC_CORE_MAC_booth_1223        c55(0) p56 n92                  c                     
NV_NVDLA_CMAC_CORE_MAC_booth_1224        c60(0) p58 n100                 c                     
NV_NVDLA_CMAC_CORE_MAC_booth_1225        c60(0) p57 n99                  c                     
NV_NVDLA_CMAC_CORE_MAC_booth_1226        c60(0) p57 n99                  c                     
NV_NVDLA_CMAC_CORE_MAC_booth_1227        c60(0) p56 n98                  c                     
NV_NVDLA_CMAC_CORE_MAC_booth_1228        c60(0) p57 n99                  c                     
NV_NVDLA_CMAC_CORE_MAC_booth_1229        c60(0) p57 n99                  c                     
NV_NVDLA_CMAC_CORE_MAC_booth_123         c60(0) p58 n100                 c                     
NV_NVDLA_CMAC_CORE_MAC_booth_1230        c60(0) p58 n100                 c                     
NV_NVDLA_CMAC_CORE_MAC_booth_1231        c55(0) p56 n92                  c                     
NV_NVDLA_CMAC_CORE_MAC_booth_1232        c60(0) p56 n98                  c                     
NV_NVDLA_CMAC_CORE_MAC_booth_1233        c60(0) p56 n98                  c                     
NV_NVDLA_CMAC_CORE_MAC_booth_1234        c60(0) p56 n98                  c                     
NV_NVDLA_CMAC_CORE_MAC_booth_1235        c60(0) p57 n99                  c                     
NV_NVDLA_CMAC_CORE_MAC_booth_1236        c60(0) p56 n98                  c                     
NV_NVDLA_CMAC_CORE_MAC_booth_1237        c60(0) p57 n99                  c                     
NV_NVDLA_CMAC_CORE_MAC_booth_1238        c60(0) p56 n98                  c                     
NV_NVDLA_CMAC_CORE_MAC_booth_1239        c55(0) p57 n93                  c                     
NV_NVDLA_CMAC_CORE_MAC_booth_124         c60(0) p56 n98                  c                     
NV_NVDLA_CMAC_CORE_MAC_booth_1240        c60(0) p57 n99                  c                     
NV_NVDLA_CMAC_CORE_MAC_booth_1241        c60(0) p56 n98                  c                     
NV_NVDLA_CMAC_CORE_MAC_booth_1242        c60(0) p56 n98                  c                     
NV_NVDLA_CMAC_CORE_MAC_booth_1243        c60(0) p56 n98                  c                     
NV_NVDLA_CMAC_CORE_MAC_booth_1244        c60(0) p56 n98                  c                     
NV_NVDLA_CMAC_CORE_MAC_booth_1245        c60(0) p57 n99                  c                     
NV_NVDLA_CMAC_CORE_MAC_booth_1246        c60(0) p57 n99                  c                     
NV_NVDLA_CMAC_CORE_MAC_booth_1247        c55(0) p56 n92                  c                     
NV_NVDLA_CMAC_CORE_MAC_booth_1248        c60(0) p57 n99                  c                     
NV_NVDLA_CMAC_CORE_MAC_booth_1249        c60(0) p57 n99                  c                     
NV_NVDLA_CMAC_CORE_MAC_booth_125         c60(0) p56 n98                  c                     
NV_NVDLA_CMAC_CORE_MAC_booth_1250        c60(0) p57 n99                  c                     
NV_NVDLA_CMAC_CORE_MAC_booth_1251        c60(0) p57 n99                  c                     
NV_NVDLA_CMAC_CORE_MAC_booth_1252        c60(0) p56 n98                  c                     
NV_NVDLA_CMAC_CORE_MAC_booth_1253        c60(0) p56 n98                  c                     
NV_NVDLA_CMAC_CORE_MAC_booth_1254        c60(0) p58 n100                 c                     
NV_NVDLA_CMAC_CORE_MAC_booth_1255        c55(0) p57 n93                  c                     
NV_NVDLA_CMAC_CORE_MAC_booth_1256        c60(0) p57 n99                  c                     
NV_NVDLA_CMAC_CORE_MAC_booth_1257        c60(0) p57 n99                  c                     
NV_NVDLA_CMAC_CORE_MAC_booth_1258        c60(0) p57 n99                  c                     
NV_NVDLA_CMAC_CORE_MAC_booth_1259        c60(0) p56 n98                  c                     
NV_NVDLA_CMAC_CORE_MAC_booth_126         c60(0) p57 n99                  c                     
NV_NVDLA_CMAC_CORE_MAC_booth_1260        c60(0) p56 n98                  c                     
NV_NVDLA_CMAC_CORE_MAC_booth_1261        c60(0) p56 n98                  c                     
NV_NVDLA_CMAC_CORE_MAC_booth_1262        c60(0) p57 n99                  c                     
NV_NVDLA_CMAC_CORE_MAC_booth_1263        c55(0) p56 n92                  c                     
NV_NVDLA_CMAC_CORE_MAC_booth_1264        c60(0) p56 n98                  c                     
NV_NVDLA_CMAC_CORE_MAC_booth_1265        c60(0) p56 n98                  c                     
NV_NVDLA_CMAC_CORE_MAC_booth_1266        c60(0) p57 n99                  c                     
NV_NVDLA_CMAC_CORE_MAC_booth_1267        c60(0) p56 n98                  c                     
NV_NVDLA_CMAC_CORE_MAC_booth_1268        c60(0) p57 n99                  c                     
NV_NVDLA_CMAC_CORE_MAC_booth_1269        c60(0) p56 n98                  c                     
NV_NVDLA_CMAC_CORE_MAC_booth_127         c55(0) p57 n93                  c                     
NV_NVDLA_CMAC_CORE_MAC_booth_1270        c60(0) p56 n98                  c                     
NV_NVDLA_CMAC_CORE_MAC_booth_1271        c55(0) p56 n92                  c                     
NV_NVDLA_CMAC_CORE_MAC_booth_1272        c60(0) p56 n98                  c                     
NV_NVDLA_CMAC_CORE_MAC_booth_1273        c60(0) p57 n99                  c                     
NV_NVDLA_CMAC_CORE_MAC_booth_1274        c60(0) p57 n99                  c                     
NV_NVDLA_CMAC_CORE_MAC_booth_1275        c60(0) p56 n98                  c                     
NV_NVDLA_CMAC_CORE_MAC_booth_1276        c60(0) p56 n98                  c                     
NV_NVDLA_CMAC_CORE_MAC_booth_1277        c60(0) p56 n98                  c                     
NV_NVDLA_CMAC_CORE_MAC_booth_1278        c60(0) p57 n99                  c                     
NV_NVDLA_CMAC_CORE_MAC_booth_1279        c55(0) p58 n94                  c                     
NV_NVDLA_CMAC_CORE_MAC_booth_128         c60(0) p57 n99                  c                     
NV_NVDLA_CMAC_CORE_MAC_booth_1280        c60(0) p57 n99                  c                     
NV_NVDLA_CMAC_CORE_MAC_booth_1281        c60(0) p56 n98                  c                     
NV_NVDLA_CMAC_CORE_MAC_booth_1282        c60(0) p56 n98                  c                     
NV_NVDLA_CMAC_CORE_MAC_booth_1283        c60(0) p57 n99                  c                     
NV_NVDLA_CMAC_CORE_MAC_booth_1284        c60(0) p56 n98                  c                     
NV_NVDLA_CMAC_CORE_MAC_booth_1285        c60(0) p56 n98                  c                     
NV_NVDLA_CMAC_CORE_MAC_booth_1286        c60(0) p57 n99                  c                     
NV_NVDLA_CMAC_CORE_MAC_booth_1287        c55(0) p56 n92                  c                     
NV_NVDLA_CMAC_CORE_MAC_booth_1288        c60(0) p56 n98                  c                     
NV_NVDLA_CMAC_CORE_MAC_booth_1289        c60(0) p56 n98                  c                     
NV_NVDLA_CMAC_CORE_MAC_booth_129         c60(0) p57 n99                  c                     
NV_NVDLA_CMAC_CORE_MAC_booth_1290        c60(0) p56 n98                  c                     
NV_NVDLA_CMAC_CORE_MAC_booth_1291        c60(0) p57 n99                  c                     
NV_NVDLA_CMAC_CORE_MAC_booth_1292        c60(0) p56 n98                  c                     
NV_NVDLA_CMAC_CORE_MAC_booth_1293        c60(0) p56 n98                  c                     
NV_NVDLA_CMAC_CORE_MAC_booth_1294        c60(0) p57 n99                  c                     
NV_NVDLA_CMAC_CORE_MAC_booth_1295        c55(0) p56 n92                  c                     
NV_NVDLA_CMAC_CORE_MAC_booth_1296        c60(0) p58 n100                 c                     
NV_NVDLA_CMAC_CORE_MAC_booth_1297        c60(0) p58 n100                 c                     
NV_NVDLA_CMAC_CORE_MAC_booth_1298        c60(0) p57 n99                  c                     
NV_NVDLA_CMAC_CORE_MAC_booth_1299        c60(0) p57 n99                  c                     
NV_NVDLA_CMAC_CORE_MAC_booth_13          c60(0) p57 n99                  c                     
NV_NVDLA_CMAC_CORE_MAC_booth_130         c60(0) p57 n99                  c                     
NV_NVDLA_CMAC_CORE_MAC_booth_1300        c60(0) p57 n99                  c                     
NV_NVDLA_CMAC_CORE_MAC_booth_1301        c60(0) p57 n99                  c                     
NV_NVDLA_CMAC_CORE_MAC_booth_1302        c60(0) p57 n99                  c                     
NV_NVDLA_CMAC_CORE_MAC_booth_1303        c55(0) p57 n93                  c                     
NV_NVDLA_CMAC_CORE_MAC_booth_1304        c60(0) p57 n99                  c                     
NV_NVDLA_CMAC_CORE_MAC_booth_1305        c60(0) p56 n98                  c                     
NV_NVDLA_CMAC_CORE_MAC_booth_1306        c60(0) p57 n99                  c                     
NV_NVDLA_CMAC_CORE_MAC_booth_1307        c60(0) p57 n99                  c                     
NV_NVDLA_CMAC_CORE_MAC_booth_1308        c60(0) p56 n98                  c                     
NV_NVDLA_CMAC_CORE_MAC_booth_1309        c60(0) p57 n99                  c                     
NV_NVDLA_CMAC_CORE_MAC_booth_131         c60(0) p57 n99                  c                     
NV_NVDLA_CMAC_CORE_MAC_booth_1310        c60(0) p57 n99                  c                     
NV_NVDLA_CMAC_CORE_MAC_booth_1311        c55(0) p57 n93                  c                     
NV_NVDLA_CMAC_CORE_MAC_booth_1312        c60(0) p57 n99                  c                     
NV_NVDLA_CMAC_CORE_MAC_booth_1313        c60(0) p57 n99                  c                     
NV_NVDLA_CMAC_CORE_MAC_booth_1314        c60(0) p57 n99                  c                     
NV_NVDLA_CMAC_CORE_MAC_booth_1315        c60(0) p56 n98                  c                     
NV_NVDLA_CMAC_CORE_MAC_booth_1316        c60(0) p56 n98                  c                     
NV_NVDLA_CMAC_CORE_MAC_booth_1317        c60(0) p56 n98                  c                     
NV_NVDLA_CMAC_CORE_MAC_booth_1318        c60(0) p57 n99                  c                     
NV_NVDLA_CMAC_CORE_MAC_booth_1319        c55(0) p56 n92                  c                     
NV_NVDLA_CMAC_CORE_MAC_booth_132         c60(0) p56 n98                  c                     
NV_NVDLA_CMAC_CORE_MAC_booth_1320        c60(0) p56 n98                  c                     
NV_NVDLA_CMAC_CORE_MAC_booth_1321        c60(0) p56 n98                  c                     
NV_NVDLA_CMAC_CORE_MAC_booth_1322        c60(0) p56 n98                  c                     
NV_NVDLA_CMAC_CORE_MAC_booth_1323        c60(0) p57 n99                  c                     
NV_NVDLA_CMAC_CORE_MAC_booth_1324        c60(0) p56 n98                  c                     
NV_NVDLA_CMAC_CORE_MAC_booth_1325        c60(0) p57 n99                  c                     
NV_NVDLA_CMAC_CORE_MAC_booth_1326        c60(0) p57 n99                  c                     
NV_NVDLA_CMAC_CORE_MAC_booth_1327        c55(0) p56 n92                  c                     
NV_NVDLA_CMAC_CORE_MAC_booth_1328        c60(0) p57 n99                  c                     
NV_NVDLA_CMAC_CORE_MAC_booth_1329        c60(0) p57 n99                  c                     
NV_NVDLA_CMAC_CORE_MAC_booth_133         c60(0) p57 n99                  c                     
NV_NVDLA_CMAC_CORE_MAC_booth_1330        c60(0) p57 n99                  c                     
NV_NVDLA_CMAC_CORE_MAC_booth_1331        c60(0) p56 n98                  c                     
NV_NVDLA_CMAC_CORE_MAC_booth_1332        c60(0) p58 n100                 c                     
NV_NVDLA_CMAC_CORE_MAC_booth_1333        c60(0) p56 n98                  c                     
NV_NVDLA_CMAC_CORE_MAC_booth_1334        c60(0) p56 n98                  c                     
NV_NVDLA_CMAC_CORE_MAC_booth_1335        c55(0) p56 n92                  c                     
NV_NVDLA_CMAC_CORE_MAC_booth_1336        c60(0) p57 n99                  c                     
NV_NVDLA_CMAC_CORE_MAC_booth_1337        c60(0) p57 n99                  c                     
NV_NVDLA_CMAC_CORE_MAC_booth_1338        c60(0) p57 n99                  c                     
NV_NVDLA_CMAC_CORE_MAC_booth_1339        c60(0) p56 n98                  c                     
NV_NVDLA_CMAC_CORE_MAC_booth_134         c60(0) p57 n99                  c                     
NV_NVDLA_CMAC_CORE_MAC_booth_1340        c60(0) p57 n99                  c                     
NV_NVDLA_CMAC_CORE_MAC_booth_1341        c60(0) p57 n99                  c                     
NV_NVDLA_CMAC_CORE_MAC_booth_1342        c60(0) p57 n99                  c                     
NV_NVDLA_CMAC_CORE_MAC_booth_1343        c55(0) p56 n92                  c                     
NV_NVDLA_CMAC_CORE_MAC_booth_1344        c60(0) p56 n98                  c                     
NV_NVDLA_CMAC_CORE_MAC_booth_1345        c60(0) p56 n98                  c                     
NV_NVDLA_CMAC_CORE_MAC_booth_1346        c60(0) p56 n98                  c                     
NV_NVDLA_CMAC_CORE_MAC_booth_1347        c60(0) p57 n99                  c                     
NV_NVDLA_CMAC_CORE_MAC_booth_1348        c60(0) p56 n98                  c                     
NV_NVDLA_CMAC_CORE_MAC_booth_1349        c60(0) p57 n99                  c                     
NV_NVDLA_CMAC_CORE_MAC_booth_135         c55(0) p56 n92                  c                     
NV_NVDLA_CMAC_CORE_MAC_booth_1350        c60(0) p57 n99                  c                     
NV_NVDLA_CMAC_CORE_MAC_booth_1351        c55(0) p56 n92                  c                     
NV_NVDLA_CMAC_CORE_MAC_booth_1352        c60(0) p56 n98                  c                     
NV_NVDLA_CMAC_CORE_MAC_booth_1353        c60(0) p56 n98                  c                     
NV_NVDLA_CMAC_CORE_MAC_booth_1354        c60(0) p57 n99                  c                     
NV_NVDLA_CMAC_CORE_MAC_booth_1355        c60(0) p56 n98                  c                     
NV_NVDLA_CMAC_CORE_MAC_booth_1356        c60(0) p56 n98                  c                     
NV_NVDLA_CMAC_CORE_MAC_booth_1357        c60(0) p56 n98                  c                     
NV_NVDLA_CMAC_CORE_MAC_booth_1358        c60(0) p56 n98                  c                     
NV_NVDLA_CMAC_CORE_MAC_booth_1359        c55(0) p56 n92                  c                     
NV_NVDLA_CMAC_CORE_MAC_booth_136         c60(0) p56 n98                  c                     
NV_NVDLA_CMAC_CORE_MAC_booth_1360        c60(0) p57 n99                  c                     
NV_NVDLA_CMAC_CORE_MAC_booth_1361        c60(0) p57 n99                  c                     
NV_NVDLA_CMAC_CORE_MAC_booth_1362        c60(0) p57 n99                  c                     
NV_NVDLA_CMAC_CORE_MAC_booth_1363        c60(0) p56 n98                  c                     
NV_NVDLA_CMAC_CORE_MAC_booth_1364        c60(0) p56 n98                  c                     
NV_NVDLA_CMAC_CORE_MAC_booth_1365        c60(0) p56 n98                  c                     
NV_NVDLA_CMAC_CORE_MAC_booth_1366        c60(0) p57 n99                  c                     
NV_NVDLA_CMAC_CORE_MAC_booth_1367        c55(0) p57 n93                  c                     
NV_NVDLA_CMAC_CORE_MAC_booth_1368        c60(0) p57 n99                  c                     
NV_NVDLA_CMAC_CORE_MAC_booth_1369        c60(0) p56 n98                  c                     
NV_NVDLA_CMAC_CORE_MAC_booth_137         c60(0) p56 n98                  c                     
NV_NVDLA_CMAC_CORE_MAC_booth_1370        c60(0) p56 n98                  c                     
NV_NVDLA_CMAC_CORE_MAC_booth_1371        c60(0) p57 n99                  c                     
NV_NVDLA_CMAC_CORE_MAC_booth_1372        c60(0) p57 n99                  c                     
NV_NVDLA_CMAC_CORE_MAC_booth_1373        c60(0) p56 n98                  c                     
NV_NVDLA_CMAC_CORE_MAC_booth_1374        c60(0) p56 n98                  c                     
NV_NVDLA_CMAC_CORE_MAC_booth_1375        c55(0) p56 n92                  c                     
NV_NVDLA_CMAC_CORE_MAC_booth_1376        c60(0) p56 n98                  c                     
NV_NVDLA_CMAC_CORE_MAC_booth_1377        c60(0) p56 n98                  c                     
NV_NVDLA_CMAC_CORE_MAC_booth_1378        c60(0) p56 n98                  c                     
NV_NVDLA_CMAC_CORE_MAC_booth_1379        c60(0) p58 n100                 c                     
NV_NVDLA_CMAC_CORE_MAC_booth_138         c60(0) p56 n98                  c                     
NV_NVDLA_CMAC_CORE_MAC_booth_1380        c60(0) p56 n98                  c                     
NV_NVDLA_CMAC_CORE_MAC_booth_1381        c60(0) p57 n99                  c                     
NV_NVDLA_CMAC_CORE_MAC_booth_1382        c60(0) p57 n99                  c                     
NV_NVDLA_CMAC_CORE_MAC_booth_1383        c55(0) p56 n92                  c                     
NV_NVDLA_CMAC_CORE_MAC_booth_1384        c60(0) p56 n98                  c                     
NV_NVDLA_CMAC_CORE_MAC_booth_1385        c60(0) p57 n99                  c                     
NV_NVDLA_CMAC_CORE_MAC_booth_1386        c60(0) p57 n99                  c                     
NV_NVDLA_CMAC_CORE_MAC_booth_1387        c60(0) p56 n98                  c                     
NV_NVDLA_CMAC_CORE_MAC_booth_1388        c60(0) p58 n100                 c                     
NV_NVDLA_CMAC_CORE_MAC_booth_1389        c60(0) p57 n99                  c                     
NV_NVDLA_CMAC_CORE_MAC_booth_139         c60(0) p57 n99                  c                     
NV_NVDLA_CMAC_CORE_MAC_booth_1390        c60(0) p57 n99                  c                     
NV_NVDLA_CMAC_CORE_MAC_booth_1391        c55(0) p57 n93                  c                     
NV_NVDLA_CMAC_CORE_MAC_booth_1392        c60(0) p56 n98                  c                     
NV_NVDLA_CMAC_CORE_MAC_booth_1393        c60(0) p56 n98                  c                     
NV_NVDLA_CMAC_CORE_MAC_booth_1394        c60(0) p56 n98                  c                     
NV_NVDLA_CMAC_CORE_MAC_booth_1395        c60(0) p57 n99                  c                     
NV_NVDLA_CMAC_CORE_MAC_booth_1396        c60(0) p56 n98                  c                     
NV_NVDLA_CMAC_CORE_MAC_booth_1397        c60(0) p57 n99                  c                     
NV_NVDLA_CMAC_CORE_MAC_booth_1398        c60(0) p56 n98                  c                     
NV_NVDLA_CMAC_CORE_MAC_booth_1399        c55(0) p56 n92                  c                     
NV_NVDLA_CMAC_CORE_MAC_booth_14          c60(0) p57 n99                  c                     
NV_NVDLA_CMAC_CORE_MAC_booth_140         c60(0) p57 n99                  c                     
NV_NVDLA_CMAC_CORE_MAC_booth_1400        c60(0) p56 n98                  c                     
NV_NVDLA_CMAC_CORE_MAC_booth_1401        c60(0) p56 n98                  c                     
NV_NVDLA_CMAC_CORE_MAC_booth_1402        c60(0) p57 n99                  c                     
NV_NVDLA_CMAC_CORE_MAC_booth_1403        c60(0) p58 n100                 c                     
NV_NVDLA_CMAC_CORE_MAC_booth_1404        c60(0) p58 n100                 c                     
NV_NVDLA_CMAC_CORE_MAC_booth_1405        c60(0) p57 n99                  c                     
NV_NVDLA_CMAC_CORE_MAC_booth_1406        c60(0) p57 n99                  c                     
NV_NVDLA_CMAC_CORE_MAC_booth_1407        c55(0) p56 n92                  c                     
NV_NVDLA_CMAC_CORE_MAC_booth_1408        c60(0) p57 n99                  c                     
NV_NVDLA_CMAC_CORE_MAC_booth_1409        c60(0) p56 n98                  c                     
NV_NVDLA_CMAC_CORE_MAC_booth_141         c60(0) p57 n99                  c                     
NV_NVDLA_CMAC_CORE_MAC_booth_1410        c60(0) p56 n98                  c                     
NV_NVDLA_CMAC_CORE_MAC_booth_1411        c60(0) p56 n98                  c                     
NV_NVDLA_CMAC_CORE_MAC_booth_1412        c60(0) p56 n98                  c                     
NV_NVDLA_CMAC_CORE_MAC_booth_1413        c60(0) p56 n98                  c                     
NV_NVDLA_CMAC_CORE_MAC_booth_1414        c60(0) p57 n99                  c                     
NV_NVDLA_CMAC_CORE_MAC_booth_1415        c55(0) p57 n93                  c                     
NV_NVDLA_CMAC_CORE_MAC_booth_1416        c60(0) p57 n99                  c                     
NV_NVDLA_CMAC_CORE_MAC_booth_1417        c60(0) p57 n99                  c                     
NV_NVDLA_CMAC_CORE_MAC_booth_1418        c60(0) p57 n99                  c                     
NV_NVDLA_CMAC_CORE_MAC_booth_1419        c60(0) p56 n98                  c                     
NV_NVDLA_CMAC_CORE_MAC_booth_142         c60(0) p57 n99                  c                     
NV_NVDLA_CMAC_CORE_MAC_booth_1420        c60(0) p56 n98                  c                     
NV_NVDLA_CMAC_CORE_MAC_booth_1421        c60(0) p56 n98                  c                     
NV_NVDLA_CMAC_CORE_MAC_booth_1422        c60(0) p56 n98                  c                     
NV_NVDLA_CMAC_CORE_MAC_booth_1423        c55(0) p57 n93                  c                     
NV_NVDLA_CMAC_CORE_MAC_booth_1424        c60(0) p56 n98                  c                     
NV_NVDLA_CMAC_CORE_MAC_booth_1425        c60(0) p56 n98                  c                     
NV_NVDLA_CMAC_CORE_MAC_booth_1426        c60(0) p57 n99                  c                     
NV_NVDLA_CMAC_CORE_MAC_booth_1427        c60(0) p56 n98                  c                     
NV_NVDLA_CMAC_CORE_MAC_booth_1428        c60(0) p56 n98                  c                     
NV_NVDLA_CMAC_CORE_MAC_booth_1429        c60(0) p56 n98                  c                     
NV_NVDLA_CMAC_CORE_MAC_booth_143         c55(0) p56 n92                  c                     
NV_NVDLA_CMAC_CORE_MAC_booth_1430        c60(0) p56 n98                  c                     
NV_NVDLA_CMAC_CORE_MAC_booth_1431        c55(0) p56 n92                  c                     
NV_NVDLA_CMAC_CORE_MAC_booth_1432        c60(0) p56 n98                  c                     
NV_NVDLA_CMAC_CORE_MAC_booth_1433        c60(0) p56 n98                  c                     
NV_NVDLA_CMAC_CORE_MAC_booth_1434        c60(0) p56 n98                  c                     
NV_NVDLA_CMAC_CORE_MAC_booth_1435        c60(0) p56 n98                  c                     
NV_NVDLA_CMAC_CORE_MAC_booth_1436        c60(0) p56 n98                  c                     
NV_NVDLA_CMAC_CORE_MAC_booth_1437        c60(0) p57 n99                  c                     
NV_NVDLA_CMAC_CORE_MAC_booth_1438        c60(0) p57 n99                  c                     
NV_NVDLA_CMAC_CORE_MAC_booth_1439        c55(0) p56 n92                  c                     
NV_NVDLA_CMAC_CORE_MAC_booth_144         c60(0) p57 n99                  c                     
NV_NVDLA_CMAC_CORE_MAC_booth_1440        c60(0) p56 n98                  c                     
NV_NVDLA_CMAC_CORE_MAC_booth_1441        c60(0) p57 n99                  c                     
NV_NVDLA_CMAC_CORE_MAC_booth_1442        c60(0) p57 n99                  c                     
NV_NVDLA_CMAC_CORE_MAC_booth_1443        c60(0) p57 n99                  c                     
NV_NVDLA_CMAC_CORE_MAC_booth_1444        c60(0) p57 n99                  c                     
NV_NVDLA_CMAC_CORE_MAC_booth_1445        c60(0) p58 n100                 c                     
NV_NVDLA_CMAC_CORE_MAC_booth_1446        c60(0) p59 n101                 c                     
NV_NVDLA_CMAC_CORE_MAC_booth_1447        c55(0) p57 n93                  c                     
NV_NVDLA_CMAC_CORE_MAC_booth_1448        c60(0) p57 n99                  c                     
NV_NVDLA_CMAC_CORE_MAC_booth_1449        c60(0) p56 n98                  c                     
NV_NVDLA_CMAC_CORE_MAC_booth_145         c60(0) p57 n99                  c                     
NV_NVDLA_CMAC_CORE_MAC_booth_1450        c60(0) p56 n98                  c                     
NV_NVDLA_CMAC_CORE_MAC_booth_1451        c60(0) p57 n99                  c                     
NV_NVDLA_CMAC_CORE_MAC_booth_1452        c60(0) p57 n99                  c                     
NV_NVDLA_CMAC_CORE_MAC_booth_1453        c60(0) p57 n99                  c                     
NV_NVDLA_CMAC_CORE_MAC_booth_1454        c60(0) p57 n99                  c                     
NV_NVDLA_CMAC_CORE_MAC_booth_1455        c55(0) p56 n92                  c                     
NV_NVDLA_CMAC_CORE_MAC_booth_1456        c60(0) p57 n99                  c                     
NV_NVDLA_CMAC_CORE_MAC_booth_1457        c60(0) p56 n98                  c                     
NV_NVDLA_CMAC_CORE_MAC_booth_1458        c60(0) p56 n98                  c                     
NV_NVDLA_CMAC_CORE_MAC_booth_1459        c60(0) p57 n99                  c                     
NV_NVDLA_CMAC_CORE_MAC_booth_146         c60(0) p57 n99                  c                     
NV_NVDLA_CMAC_CORE_MAC_booth_1460        c60(0) p57 n99                  c                     
NV_NVDLA_CMAC_CORE_MAC_booth_1461        c60(0) p57 n99                  c                     
NV_NVDLA_CMAC_CORE_MAC_booth_1462        c60(0) p57 n99                  c                     
NV_NVDLA_CMAC_CORE_MAC_booth_1463        c55(0) p56 n92                  c                     
NV_NVDLA_CMAC_CORE_MAC_booth_1464        c60(0) p56 n98                  c                     
NV_NVDLA_CMAC_CORE_MAC_booth_1465        c60(0) p56 n98                  c                     
NV_NVDLA_CMAC_CORE_MAC_booth_1466        c60(0) p56 n98                  c                     
NV_NVDLA_CMAC_CORE_MAC_booth_1467        c60(0) p56 n98                  c                     
NV_NVDLA_CMAC_CORE_MAC_booth_1468        c60(0) p56 n98                  c                     
NV_NVDLA_CMAC_CORE_MAC_booth_1469        c60(0) p57 n99                  c                     
NV_NVDLA_CMAC_CORE_MAC_booth_147         c60(0) p57 n99                  c                     
NV_NVDLA_CMAC_CORE_MAC_booth_1470        c60(0) p56 n98                  c                     
NV_NVDLA_CMAC_CORE_MAC_booth_1471        c55(0) p57 n93                  c                     
NV_NVDLA_CMAC_CORE_MAC_booth_1472        c60(0) p56 n98                  c                     
NV_NVDLA_CMAC_CORE_MAC_booth_1473        c60(0) p56 n98                  c                     
NV_NVDLA_CMAC_CORE_MAC_booth_1474        c60(0) p56 n98                  c                     
NV_NVDLA_CMAC_CORE_MAC_booth_1475        c60(0) p56 n98                  c                     
NV_NVDLA_CMAC_CORE_MAC_booth_1476        c60(0) p56 n98                  c                     
NV_NVDLA_CMAC_CORE_MAC_booth_1477        c60(0) p56 n98                  c                     
NV_NVDLA_CMAC_CORE_MAC_booth_1478        c60(0) p57 n99                  c                     
NV_NVDLA_CMAC_CORE_MAC_booth_1479        c55(0) p56 n92                  c                     
NV_NVDLA_CMAC_CORE_MAC_booth_148         c60(0) p57 n99                  c                     
NV_NVDLA_CMAC_CORE_MAC_booth_1480        c60(0) p56 n98                  c                     
NV_NVDLA_CMAC_CORE_MAC_booth_1481        c60(0) p56 n98                  c                     
NV_NVDLA_CMAC_CORE_MAC_booth_1482        c60(0) p56 n98                  c                     
NV_NVDLA_CMAC_CORE_MAC_booth_1483        c61(0) p56 n99                  c                     
NV_NVDLA_CMAC_CORE_MAC_booth_1484        c60(0) p56 n98                  c                     
NV_NVDLA_CMAC_CORE_MAC_booth_1485        c60(0) p57 n99                  c                     
NV_NVDLA_CMAC_CORE_MAC_booth_1486        c60(0) p56 n98                  c                     
NV_NVDLA_CMAC_CORE_MAC_booth_1487        c55(0) p57 n93                  c                     
NV_NVDLA_CMAC_CORE_MAC_booth_1488        c60(0) p56 n98                  c                     
NV_NVDLA_CMAC_CORE_MAC_booth_1489        c60(0) p56 n98                  c                     
NV_NVDLA_CMAC_CORE_MAC_booth_149         c60(0) p57 n99                  c                     
NV_NVDLA_CMAC_CORE_MAC_booth_1490        c60(0) p56 n98                  c                     
NV_NVDLA_CMAC_CORE_MAC_booth_1491        c60(0) p56 n98                  c                     
NV_NVDLA_CMAC_CORE_MAC_booth_1492        c60(0) p57 n99                  c                     
NV_NVDLA_CMAC_CORE_MAC_booth_1493        c60(0) p57 n99                  c                     
NV_NVDLA_CMAC_CORE_MAC_booth_1494        c60(0) p57 n99                  c                     
NV_NVDLA_CMAC_CORE_MAC_booth_1495        c55(0) p57 n93                  c                     
NV_NVDLA_CMAC_CORE_MAC_booth_1496        c60(0) p56 n98                  c                     
NV_NVDLA_CMAC_CORE_MAC_booth_1497        c60(0) p56 n98                  c                     
NV_NVDLA_CMAC_CORE_MAC_booth_1498        c60(0) p56 n98                  c                     
NV_NVDLA_CMAC_CORE_MAC_booth_1499        c60(0) p56 n98                  c                     
NV_NVDLA_CMAC_CORE_MAC_booth_15          c55(0) p56 n92                  c                     
NV_NVDLA_CMAC_CORE_MAC_booth_150         c60(0) p59 n101                 c                     
NV_NVDLA_CMAC_CORE_MAC_booth_1500        c60(0) p56 n98                  c                     
NV_NVDLA_CMAC_CORE_MAC_booth_1501        c60(0) p57 n99                  c                     
NV_NVDLA_CMAC_CORE_MAC_booth_1502        c60(0) p56 n98                  c                     
NV_NVDLA_CMAC_CORE_MAC_booth_1503        c55(0) p56 n92                  c                     
NV_NVDLA_CMAC_CORE_MAC_booth_1504        c60(0) p56 n98                  c                     
NV_NVDLA_CMAC_CORE_MAC_booth_1505        c60(0) p56 n98                  c                     
NV_NVDLA_CMAC_CORE_MAC_booth_1506        c60(0) p56 n98                  c                     
NV_NVDLA_CMAC_CORE_MAC_booth_1507        c60(0) p57 n99                  c                     
NV_NVDLA_CMAC_CORE_MAC_booth_1508        c60(0) p56 n98                  c                     
NV_NVDLA_CMAC_CORE_MAC_booth_1509        c60(0) p57 n99                  c                     
NV_NVDLA_CMAC_CORE_MAC_booth_151         c55(0) p56 n92                  c                     
NV_NVDLA_CMAC_CORE_MAC_booth_1510        c60(0) p56 n98                  c                     
NV_NVDLA_CMAC_CORE_MAC_booth_1511        c55(0) p56 n92                  c                     
NV_NVDLA_CMAC_CORE_MAC_booth_1512        c60(0) p56 n98                  c                     
NV_NVDLA_CMAC_CORE_MAC_booth_1513        c60(0) p56 n98                  c                     
NV_NVDLA_CMAC_CORE_MAC_booth_1514        c60(0) p56 n98                  c                     
NV_NVDLA_CMAC_CORE_MAC_booth_1515        c60(0) p57 n99                  c                     
NV_NVDLA_CMAC_CORE_MAC_booth_1516        c60(0) p57 n99                  c                     
NV_NVDLA_CMAC_CORE_MAC_booth_1517        c60(0) p57 n99                  c                     
NV_NVDLA_CMAC_CORE_MAC_booth_1518        c60(0) p56 n98                  c                     
NV_NVDLA_CMAC_CORE_MAC_booth_1519        c55(0) p56 n92                  c                     
NV_NVDLA_CMAC_CORE_MAC_booth_152         c60(0) p56 n98                  c                     
NV_NVDLA_CMAC_CORE_MAC_booth_1520        c60(0) p57 n99                  c                     
NV_NVDLA_CMAC_CORE_MAC_booth_1521        c60(0) p57 n99                  c                     
NV_NVDLA_CMAC_CORE_MAC_booth_1522        c60(0) p56 n98                  c                     
NV_NVDLA_CMAC_CORE_MAC_booth_1523        c60(0) p57 n99                  c                     
NV_NVDLA_CMAC_CORE_MAC_booth_1524        c60(0) p57 n99                  c                     
NV_NVDLA_CMAC_CORE_MAC_booth_1525        c60(0) p57 n99                  c                     
NV_NVDLA_CMAC_CORE_MAC_booth_1526        c60(0) p57 n99                  c                     
NV_NVDLA_CMAC_CORE_MAC_booth_1527        c55(0) p56 n92                  c                     
NV_NVDLA_CMAC_CORE_MAC_booth_1528        c60(0) p56 n98                  c                     
NV_NVDLA_CMAC_CORE_MAC_booth_1529        c60(0) p56 n98                  c                     
NV_NVDLA_CMAC_CORE_MAC_booth_153         c60(0) p56 n98                  c                     
NV_NVDLA_CMAC_CORE_MAC_booth_1530        c60(0) p56 n98                  c                     
NV_NVDLA_CMAC_CORE_MAC_booth_1531        c60(0) p58 n100                 c                     
NV_NVDLA_CMAC_CORE_MAC_booth_1532        c60(0) p56 n98                  c                     
NV_NVDLA_CMAC_CORE_MAC_booth_1533        c60(0) p56 n98                  c                     
NV_NVDLA_CMAC_CORE_MAC_booth_1534        c60(0) p57 n99                  c                     
NV_NVDLA_CMAC_CORE_MAC_booth_1535        c55(0) p57 n93                  c                     
NV_NVDLA_CMAC_CORE_MAC_booth_1536        c60(0) p56 n98                  c                     
NV_NVDLA_CMAC_CORE_MAC_booth_1537        c60(0) p56 n98                  c                     
NV_NVDLA_CMAC_CORE_MAC_booth_1538        c60(0) p56 n98                  c                     
NV_NVDLA_CMAC_CORE_MAC_booth_1539        c60(0) p56 n98                  c                     
NV_NVDLA_CMAC_CORE_MAC_booth_154         c60(0) p57 n99                  c                     
NV_NVDLA_CMAC_CORE_MAC_booth_1540        c60(0) p57 n99                  c                     
NV_NVDLA_CMAC_CORE_MAC_booth_1541        c60(0) p57 n99                  c                     
NV_NVDLA_CMAC_CORE_MAC_booth_1542        c60(0) p57 n99                  c                     
NV_NVDLA_CMAC_CORE_MAC_booth_1543        c55(0) p56 n92                  c                     
NV_NVDLA_CMAC_CORE_MAC_booth_1544        c60(0) p57 n99                  c                     
NV_NVDLA_CMAC_CORE_MAC_booth_1545        c60(0) p56 n98                  c                     
NV_NVDLA_CMAC_CORE_MAC_booth_1546        c60(0) p57 n99                  c                     
NV_NVDLA_CMAC_CORE_MAC_booth_1547        c60(0) p57 n99                  c                     
NV_NVDLA_CMAC_CORE_MAC_booth_1548        c60(0) p57 n99                  c                     
NV_NVDLA_CMAC_CORE_MAC_booth_1549        c60(0) p57 n99                  c                     
NV_NVDLA_CMAC_CORE_MAC_booth_155         c60(0) p56 n98                  c                     
NV_NVDLA_CMAC_CORE_MAC_booth_1550        c60(0) p57 n99                  c                     
NV_NVDLA_CMAC_CORE_MAC_booth_1551        c55(0) p56 n92                  c                     
NV_NVDLA_CMAC_CORE_MAC_booth_1552        c60(0) p57 n99                  c                     
NV_NVDLA_CMAC_CORE_MAC_booth_1553        c60(0) p57 n99                  c                     
NV_NVDLA_CMAC_CORE_MAC_booth_1554        c60(0) p56 n98                  c                     
NV_NVDLA_CMAC_CORE_MAC_booth_1555        c60(0) p56 n98                  c                     
NV_NVDLA_CMAC_CORE_MAC_booth_1556        c60(0) p57 n99                  c                     
NV_NVDLA_CMAC_CORE_MAC_booth_1557        c60(0) p57 n99                  c                     
NV_NVDLA_CMAC_CORE_MAC_booth_1558        c60(0) p56 n98                  c                     
NV_NVDLA_CMAC_CORE_MAC_booth_1559        c55(0) p56 n92                  c                     
NV_NVDLA_CMAC_CORE_MAC_booth_156         c60(0) p57 n99                  c                     
NV_NVDLA_CMAC_CORE_MAC_booth_1560        c60(0) p56 n98                  c                     
NV_NVDLA_CMAC_CORE_MAC_booth_1561        c60(0) p56 n98                  c                     
NV_NVDLA_CMAC_CORE_MAC_booth_1562        c60(0) p56 n98                  c                     
NV_NVDLA_CMAC_CORE_MAC_booth_1563        c60(0) p58 n100                 c                     
NV_NVDLA_CMAC_CORE_MAC_booth_1564        c60(0) p56 n98                  c                     
NV_NVDLA_CMAC_CORE_MAC_booth_1565        c60(0) p56 n98                  c                     
NV_NVDLA_CMAC_CORE_MAC_booth_1566        c60(0) p57 n99                  c                     
NV_NVDLA_CMAC_CORE_MAC_booth_1567        c55(0) p56 n92                  c                     
NV_NVDLA_CMAC_CORE_MAC_booth_1568        c60(0) p56 n98                  c                     
NV_NVDLA_CMAC_CORE_MAC_booth_1569        c60(0) p56 n98                  c                     
NV_NVDLA_CMAC_CORE_MAC_booth_157         c60(0) p57 n99                  c                     
NV_NVDLA_CMAC_CORE_MAC_booth_1570        c60(0) p56 n98                  c                     
NV_NVDLA_CMAC_CORE_MAC_booth_1571        c60(0) p57 n99                  c                     
NV_NVDLA_CMAC_CORE_MAC_booth_1572        c60(0) p56 n98                  c                     
NV_NVDLA_CMAC_CORE_MAC_booth_1573        c60(0) p57 n99                  c                     
NV_NVDLA_CMAC_CORE_MAC_booth_1574        c60(0) p56 n98                  c                     
NV_NVDLA_CMAC_CORE_MAC_booth_1575        c55(0) p58 n94                  c                     
NV_NVDLA_CMAC_CORE_MAC_booth_1576        c60(0) p57 n99                  c                     
NV_NVDLA_CMAC_CORE_MAC_booth_1577        c60(0) p57 n99                  c                     
NV_NVDLA_CMAC_CORE_MAC_booth_1578        c60(0) p57 n99                  c                     
NV_NVDLA_CMAC_CORE_MAC_booth_1579        c60(0) p57 n99                  c                     
NV_NVDLA_CMAC_CORE_MAC_booth_158         c60(0) p56 n98                  c                     
NV_NVDLA_CMAC_CORE_MAC_booth_1580        c60(0) p56 n98                  c                     
NV_NVDLA_CMAC_CORE_MAC_booth_1581        c60(0) p57 n99                  c                     
NV_NVDLA_CMAC_CORE_MAC_booth_1582        c60(0) p57 n99                  c                     
NV_NVDLA_CMAC_CORE_MAC_booth_1583        c55(0) p56 n92                  c                     
NV_NVDLA_CMAC_CORE_MAC_booth_1584        c60(0) p56 n98                  c                     
NV_NVDLA_CMAC_CORE_MAC_booth_1585        c60(0) p56 n98                  c                     
NV_NVDLA_CMAC_CORE_MAC_booth_1586        c60(0) p56 n98                  c                     
NV_NVDLA_CMAC_CORE_MAC_booth_1587        c60(0) p56 n98                  c                     
NV_NVDLA_CMAC_CORE_MAC_booth_1588        c60(0) p56 n98                  c                     
NV_NVDLA_CMAC_CORE_MAC_booth_1589        c60(0) p56 n98                  c                     
NV_NVDLA_CMAC_CORE_MAC_booth_159         c55(0) p58 n94                  c                     
NV_NVDLA_CMAC_CORE_MAC_booth_1590        c60(0) p57 n99                  c                     
NV_NVDLA_CMAC_CORE_MAC_booth_1591        c55(0) p56 n92                  c                     
NV_NVDLA_CMAC_CORE_MAC_booth_1592        c60(0) p56 n98                  c                     
NV_NVDLA_CMAC_CORE_MAC_booth_1593        c60(0) p56 n98                  c                     
NV_NVDLA_CMAC_CORE_MAC_booth_1594        c60(0) p57 n99                  c                     
NV_NVDLA_CMAC_CORE_MAC_booth_1595        c60(0) p56 n98                  c                     
NV_NVDLA_CMAC_CORE_MAC_booth_1596        c60(0) p57 n99                  c                     
NV_NVDLA_CMAC_CORE_MAC_booth_1597        c60(0) p57 n99                  c                     
NV_NVDLA_CMAC_CORE_MAC_booth_1598        c60(0) p57 n99                  c                     
NV_NVDLA_CMAC_CORE_MAC_booth_1599        c55(0) p57 n93                  c                     
NV_NVDLA_CMAC_CORE_MAC_booth_16          c60(0) p56 n98                  c                     
NV_NVDLA_CMAC_CORE_MAC_booth_160         c60(0) p56 n98                  c                     
NV_NVDLA_CMAC_CORE_MAC_booth_1600        c60(0) p56 n98                  c                     
NV_NVDLA_CMAC_CORE_MAC_booth_1601        c60(0) p56 n98                  c                     
NV_NVDLA_CMAC_CORE_MAC_booth_1602        c60(0) p57 n99                  c                     
NV_NVDLA_CMAC_CORE_MAC_booth_1603        c60(0) p57 n99                  c                     
NV_NVDLA_CMAC_CORE_MAC_booth_1604        c60(0) p56 n98                  c                     
NV_NVDLA_CMAC_CORE_MAC_booth_1605        c60(0) p56 n98                  c                     
NV_NVDLA_CMAC_CORE_MAC_booth_1606        c60(0) p56 n98                  c                     
NV_NVDLA_CMAC_CORE_MAC_booth_1607        c55(0) p56 n92                  c                     
NV_NVDLA_CMAC_CORE_MAC_booth_1608        c60(0) p56 n98                  c                     
NV_NVDLA_CMAC_CORE_MAC_booth_1609        c60(0) p56 n98                  c                     
NV_NVDLA_CMAC_CORE_MAC_booth_161         c60(0) p56 n98                  c                     
NV_NVDLA_CMAC_CORE_MAC_booth_1610        c60(0) p56 n98                  c                     
NV_NVDLA_CMAC_CORE_MAC_booth_1611        c60(0) p57 n99                  c                     
NV_NVDLA_CMAC_CORE_MAC_booth_1612        c60(0) p56 n98                  c                     
NV_NVDLA_CMAC_CORE_MAC_booth_1613        c60(0) p56 n98                  c                     
NV_NVDLA_CMAC_CORE_MAC_booth_1614        c60(0) p57 n99                  c                     
NV_NVDLA_CMAC_CORE_MAC_booth_1615        c55(0) p56 n92                  c                     
NV_NVDLA_CMAC_CORE_MAC_booth_1616        c60(0) p56 n98                  c                     
NV_NVDLA_CMAC_CORE_MAC_booth_1617        c60(0) p57 n99                  c                     
NV_NVDLA_CMAC_CORE_MAC_booth_1618        c60(0) p56 n98                  c                     
NV_NVDLA_CMAC_CORE_MAC_booth_1619        c60(0) p56 n98                  c                     
NV_NVDLA_CMAC_CORE_MAC_booth_162         c60(0) p57 n99                  c                     
NV_NVDLA_CMAC_CORE_MAC_booth_1620        c60(0) p56 n98                  c                     
NV_NVDLA_CMAC_CORE_MAC_booth_1621        c60(0) p56 n98                  c                     
NV_NVDLA_CMAC_CORE_MAC_booth_1622        c60(0) p57 n99                  c                     
NV_NVDLA_CMAC_CORE_MAC_booth_1623        c55(0) p57 n93                  c                     
NV_NVDLA_CMAC_CORE_MAC_booth_1624        c60(0) p56 n98                  c                     
NV_NVDLA_CMAC_CORE_MAC_booth_1625        c60(0) p56 n98                  c                     
NV_NVDLA_CMAC_CORE_MAC_booth_1626        c60(0) p57 n99                  c                     
NV_NVDLA_CMAC_CORE_MAC_booth_1627        c60(0) p56 n98                  c                     
NV_NVDLA_CMAC_CORE_MAC_booth_1628        c60(0) p58 n100                 c                     
NV_NVDLA_CMAC_CORE_MAC_booth_1629        c60(0) p57 n99                  c                     
NV_NVDLA_CMAC_CORE_MAC_booth_163         c60(0) p58 n100                 c                     
NV_NVDLA_CMAC_CORE_MAC_booth_1630        c60(0) p56 n98                  c                     
NV_NVDLA_CMAC_CORE_MAC_booth_1631        c55(0) p56 n92                  c                     
NV_NVDLA_CMAC_CORE_MAC_booth_1632        c60(0) p56 n98                  c                     
NV_NVDLA_CMAC_CORE_MAC_booth_1633        c60(0) p56 n98                  c                     
NV_NVDLA_CMAC_CORE_MAC_booth_1634        c60(0) p57 n99                  c                     
NV_NVDLA_CMAC_CORE_MAC_booth_1635        c60(0) p57 n99                  c                     
NV_NVDLA_CMAC_CORE_MAC_booth_1636        c60(0) p56 n98                  c                     
NV_NVDLA_CMAC_CORE_MAC_booth_1637        c60(0) p56 n98                  c                     
NV_NVDLA_CMAC_CORE_MAC_booth_1638        c60(0) p57 n99                  c                     
NV_NVDLA_CMAC_CORE_MAC_booth_1639        c55(0) p57 n93                  c                     
NV_NVDLA_CMAC_CORE_MAC_booth_164         c60(0) p57 n99                  c                     
NV_NVDLA_CMAC_CORE_MAC_booth_1640        c60(0) p56 n98                  c                     
NV_NVDLA_CMAC_CORE_MAC_booth_1641        c60(0) p56 n98                  c                     
NV_NVDLA_CMAC_CORE_MAC_booth_1642        c60(0) p58 n100                 c                     
NV_NVDLA_CMAC_CORE_MAC_booth_1643        c60(0) p56 n98                  c                     
NV_NVDLA_CMAC_CORE_MAC_booth_1644        c60(0) p57 n99                  c                     
NV_NVDLA_CMAC_CORE_MAC_booth_1645        c60(0) p57 n99                  c                     
NV_NVDLA_CMAC_CORE_MAC_booth_1646        c60(0) p56 n98                  c                     
NV_NVDLA_CMAC_CORE_MAC_booth_1647        c55(0) p57 n93                  c                     
NV_NVDLA_CMAC_CORE_MAC_booth_1648        c60(0) p56 n98                  c                     
NV_NVDLA_CMAC_CORE_MAC_booth_1649        c60(0) p56 n98                  c                     
NV_NVDLA_CMAC_CORE_MAC_booth_165         c60(0) p57 n99                  c                     
NV_NVDLA_CMAC_CORE_MAC_booth_1650        c60(0) p56 n98                  c                     
NV_NVDLA_CMAC_CORE_MAC_booth_1651        c60(0) p57 n99                  c                     
NV_NVDLA_CMAC_CORE_MAC_booth_1652        c60(0) p56 n98                  c                     
NV_NVDLA_CMAC_CORE_MAC_booth_1653        c60(0) p56 n98                  c                     
NV_NVDLA_CMAC_CORE_MAC_booth_1654        c60(0) p56 n98                  c                     
NV_NVDLA_CMAC_CORE_MAC_booth_1655        c55(0) p57 n93                  c                     
NV_NVDLA_CMAC_CORE_MAC_booth_1656        c60(0) p56 n98                  c                     
NV_NVDLA_CMAC_CORE_MAC_booth_1657        c60(0) p56 n98                  c                     
NV_NVDLA_CMAC_CORE_MAC_booth_1658        c60(0) p56 n98                  c                     
NV_NVDLA_CMAC_CORE_MAC_booth_1659        c60(0) p57 n99                  c                     
NV_NVDLA_CMAC_CORE_MAC_booth_166         c60(0) p57 n99                  c                     
NV_NVDLA_CMAC_CORE_MAC_booth_1660        c60(0) p57 n99                  c                     
NV_NVDLA_CMAC_CORE_MAC_booth_1661        c60(0) p57 n99                  c                     
NV_NVDLA_CMAC_CORE_MAC_booth_1662        c60(0) p57 n99                  c                     
NV_NVDLA_CMAC_CORE_MAC_booth_1663        c55(0) p56 n92                  c                     
NV_NVDLA_CMAC_CORE_MAC_booth_1664        c60(0) p56 n98                  c                     
NV_NVDLA_CMAC_CORE_MAC_booth_1665        c60(0) p56 n98                  c                     
NV_NVDLA_CMAC_CORE_MAC_booth_1666        c60(0) p56 n98                  c                     
NV_NVDLA_CMAC_CORE_MAC_booth_1667        c60(0) p57 n99                  c                     
NV_NVDLA_CMAC_CORE_MAC_booth_1668        c61(0) p56 n99                  c                     
NV_NVDLA_CMAC_CORE_MAC_booth_1669        c60(0) p56 n98                  c                     
NV_NVDLA_CMAC_CORE_MAC_booth_167         c55(0) p56 n92                  c                     
NV_NVDLA_CMAC_CORE_MAC_booth_1670        c60(0) p56 n98                  c                     
NV_NVDLA_CMAC_CORE_MAC_booth_1671        c55(0) p57 n93                  c                     
NV_NVDLA_CMAC_CORE_MAC_booth_1672        c60(0) p56 n98                  c                     
NV_NVDLA_CMAC_CORE_MAC_booth_1673        c60(0) p56 n98                  c                     
NV_NVDLA_CMAC_CORE_MAC_booth_1674        c60(0) p56 n98                  c                     
NV_NVDLA_CMAC_CORE_MAC_booth_1675        c60(0) p57 n99                  c                     
NV_NVDLA_CMAC_CORE_MAC_booth_1676        c60(0) p57 n99                  c                     
NV_NVDLA_CMAC_CORE_MAC_booth_1677        c60(0) p57 n99                  c                     
NV_NVDLA_CMAC_CORE_MAC_booth_1678        c60(0) p57 n99                  c                     
NV_NVDLA_CMAC_CORE_MAC_booth_1679        c55(0) p58 n94                  c                     
NV_NVDLA_CMAC_CORE_MAC_booth_168         c60(0) p58 n100                 c                     
NV_NVDLA_CMAC_CORE_MAC_booth_1680        c60(0) p56 n98                  c                     
NV_NVDLA_CMAC_CORE_MAC_booth_1681        c60(0) p57 n99                  c                     
NV_NVDLA_CMAC_CORE_MAC_booth_1682        c60(0) p57 n99                  c                     
NV_NVDLA_CMAC_CORE_MAC_booth_1683        c60(0) p57 n99                  c                     
NV_NVDLA_CMAC_CORE_MAC_booth_1684        c60(0) p56 n98                  c                     
NV_NVDLA_CMAC_CORE_MAC_booth_1685        c60(0) p57 n99                  c                     
NV_NVDLA_CMAC_CORE_MAC_booth_1686        c60(0) p57 n99                  c                     
NV_NVDLA_CMAC_CORE_MAC_booth_1687        c55(0) p56 n92                  c                     
NV_NVDLA_CMAC_CORE_MAC_booth_1688        c60(0) p57 n99                  c                     
NV_NVDLA_CMAC_CORE_MAC_booth_1689        c61(0) p56 n99                  c                     
NV_NVDLA_CMAC_CORE_MAC_booth_169         c60(0) p57 n99                  c                     
NV_NVDLA_CMAC_CORE_MAC_booth_1690        c60(0) p56 n98                  c                     
NV_NVDLA_CMAC_CORE_MAC_booth_1691        c60(0) p57 n99                  c                     
NV_NVDLA_CMAC_CORE_MAC_booth_1692        c60(0) p57 n99                  c                     
NV_NVDLA_CMAC_CORE_MAC_booth_1693        c61(0) p57 n100                 c                     
NV_NVDLA_CMAC_CORE_MAC_booth_1694        c60(0) p57 n99                  c                     
NV_NVDLA_CMAC_CORE_MAC_booth_1695        c55(0) p57 n93                  c                     
NV_NVDLA_CMAC_CORE_MAC_booth_1696        c60(0) p56 n98                  c                     
NV_NVDLA_CMAC_CORE_MAC_booth_1697        c60(0) p56 n98                  c                     
NV_NVDLA_CMAC_CORE_MAC_booth_1698        c60(0) p56 n98                  c                     
NV_NVDLA_CMAC_CORE_MAC_booth_1699        c60(0) p57 n99                  c                     
NV_NVDLA_CMAC_CORE_MAC_booth_17          c60(0) p56 n98                  c                     
NV_NVDLA_CMAC_CORE_MAC_booth_170         c60(0) p58 n100                 c                     
NV_NVDLA_CMAC_CORE_MAC_booth_1700        c60(0) p56 n98                  c                     
NV_NVDLA_CMAC_CORE_MAC_booth_1701        c60(0) p57 n99                  c                     
NV_NVDLA_CMAC_CORE_MAC_booth_1702        c60(0) p57 n99                  c                     
NV_NVDLA_CMAC_CORE_MAC_booth_1703        c55(0) p56 n92                  c                     
NV_NVDLA_CMAC_CORE_MAC_booth_1704        c60(0) p57 n99                  c                     
NV_NVDLA_CMAC_CORE_MAC_booth_1705        c60(0) p56 n98                  c                     
NV_NVDLA_CMAC_CORE_MAC_booth_1706        c60(0) p57 n99                  c                     
NV_NVDLA_CMAC_CORE_MAC_booth_1707        c60(0) p57 n99                  c                     
NV_NVDLA_CMAC_CORE_MAC_booth_1708        c60(0) p56 n98                  c                     
NV_NVDLA_CMAC_CORE_MAC_booth_1709        c60(0) p57 n99                  c                     
NV_NVDLA_CMAC_CORE_MAC_booth_171         c60(0) p57 n99                  c                     
NV_NVDLA_CMAC_CORE_MAC_booth_1710        c60(0) p57 n99                  c                     
NV_NVDLA_CMAC_CORE_MAC_booth_1711        c55(0) p57 n93                  c                     
NV_NVDLA_CMAC_CORE_MAC_booth_1712        c60(0) p56 n98                  c                     
NV_NVDLA_CMAC_CORE_MAC_booth_1713        c60(0) p56 n98                  c                     
NV_NVDLA_CMAC_CORE_MAC_booth_1714        c60(0) p57 n99                  c                     
NV_NVDLA_CMAC_CORE_MAC_booth_1715        c60(0) p56 n98                  c                     
NV_NVDLA_CMAC_CORE_MAC_booth_1716        c60(0) p56 n98                  c                     
NV_NVDLA_CMAC_CORE_MAC_booth_1717        c60(0) p56 n98                  c                     
NV_NVDLA_CMAC_CORE_MAC_booth_1718        c60(0) p57 n99                  c                     
NV_NVDLA_CMAC_CORE_MAC_booth_1719        c55(0) p57 n93                  c                     
NV_NVDLA_CMAC_CORE_MAC_booth_172         c60(0) p56 n98                  c                     
NV_NVDLA_CMAC_CORE_MAC_booth_1720        c60(0) p56 n98                  c                     
NV_NVDLA_CMAC_CORE_MAC_booth_1721        c60(0) p56 n98                  c                     
NV_NVDLA_CMAC_CORE_MAC_booth_1722        c60(0) p56 n98                  c                     
NV_NVDLA_CMAC_CORE_MAC_booth_1723        c60(0) p56 n98                  c                     
NV_NVDLA_CMAC_CORE_MAC_booth_1724        c60(0) p57 n99                  c                     
NV_NVDLA_CMAC_CORE_MAC_booth_1725        c60(0) p57 n99                  c                     
NV_NVDLA_CMAC_CORE_MAC_booth_1726        c60(0) p57 n99                  c                     
NV_NVDLA_CMAC_CORE_MAC_booth_1727        c55(0) p56 n92                  c                     
NV_NVDLA_CMAC_CORE_MAC_booth_1728        c60(0) p57 n99                  c                     
NV_NVDLA_CMAC_CORE_MAC_booth_1729        c60(0) p57 n99                  c                     
NV_NVDLA_CMAC_CORE_MAC_booth_173         c60(0) p56 n98                  c                     
NV_NVDLA_CMAC_CORE_MAC_booth_1730        c60(0) p56 n98                  c                     
NV_NVDLA_CMAC_CORE_MAC_booth_1731        c60(0) p58 n100                 c                     
NV_NVDLA_CMAC_CORE_MAC_booth_1732        c60(0) p57 n99                  c                     
NV_NVDLA_CMAC_CORE_MAC_booth_1733        c60(0) p57 n99                  c                     
NV_NVDLA_CMAC_CORE_MAC_booth_1734        c60(0) p57 n99                  c                     
NV_NVDLA_CMAC_CORE_MAC_booth_1735        c55(0) p57 n93                  c                     
NV_NVDLA_CMAC_CORE_MAC_booth_1736        c60(0) p57 n99                  c                     
NV_NVDLA_CMAC_CORE_MAC_booth_1737        c60(0) p57 n99                  c                     
NV_NVDLA_CMAC_CORE_MAC_booth_1738        c60(0) p57 n99                  c                     
NV_NVDLA_CMAC_CORE_MAC_booth_1739        c60(0) p56 n98                  c                     
NV_NVDLA_CMAC_CORE_MAC_booth_174         c60(0) p57 n99                  c                     
NV_NVDLA_CMAC_CORE_MAC_booth_1740        c60(0) p56 n98                  c                     
NV_NVDLA_CMAC_CORE_MAC_booth_1741        c60(0) p56 n98                  c                     
NV_NVDLA_CMAC_CORE_MAC_booth_1742        c60(0) p57 n99                  c                     
NV_NVDLA_CMAC_CORE_MAC_booth_1743        c55(0) p56 n92                  c                     
NV_NVDLA_CMAC_CORE_MAC_booth_1744        c60(0) p56 n98                  c                     
NV_NVDLA_CMAC_CORE_MAC_booth_1745        c60(0) p56 n98                  c                     
NV_NVDLA_CMAC_CORE_MAC_booth_1746        c60(0) p56 n98                  c                     
NV_NVDLA_CMAC_CORE_MAC_booth_1747        c60(0) p56 n98                  c                     
NV_NVDLA_CMAC_CORE_MAC_booth_1748        c60(0) p56 n98                  c                     
NV_NVDLA_CMAC_CORE_MAC_booth_1749        c60(0) p56 n98                  c                     
NV_NVDLA_CMAC_CORE_MAC_booth_175         c55(0) p57 n93                  c                     
NV_NVDLA_CMAC_CORE_MAC_booth_1750        c60(0) p57 n99                  c                     
NV_NVDLA_CMAC_CORE_MAC_booth_1751        c55(0) p56 n92                  c                     
NV_NVDLA_CMAC_CORE_MAC_booth_1752        c60(0) p56 n98                  c                     
NV_NVDLA_CMAC_CORE_MAC_booth_1753        c60(0) p56 n98                  c                     
NV_NVDLA_CMAC_CORE_MAC_booth_1754        c60(0) p56 n98                  c                     
NV_NVDLA_CMAC_CORE_MAC_booth_1755        c60(0) p57 n99                  c                     
NV_NVDLA_CMAC_CORE_MAC_booth_1756        c60(0) p56 n98                  c                     
NV_NVDLA_CMAC_CORE_MAC_booth_1757        c60(0) p56 n98                  c                     
NV_NVDLA_CMAC_CORE_MAC_booth_1758        c60(0) p57 n99                  c                     
NV_NVDLA_CMAC_CORE_MAC_booth_1759        c55(0) p56 n92                  c                     
NV_NVDLA_CMAC_CORE_MAC_booth_176         c60(0) p56 n98                  c                     
NV_NVDLA_CMAC_CORE_MAC_booth_1760        c60(0) p57 n99                  c                     
NV_NVDLA_CMAC_CORE_MAC_booth_1761        c60(0) p57 n99                  c                     
NV_NVDLA_CMAC_CORE_MAC_booth_1762        c60(0) p57 n99                  c                     
NV_NVDLA_CMAC_CORE_MAC_booth_1763        c60(0) p57 n99                  c                     
NV_NVDLA_CMAC_CORE_MAC_booth_1764        c60(0) p56 n98                  c                     
NV_NVDLA_CMAC_CORE_MAC_booth_1765        c60(0) p57 n99                  c                     
NV_NVDLA_CMAC_CORE_MAC_booth_1766        c60(0) p57 n99                  c                     
NV_NVDLA_CMAC_CORE_MAC_booth_1767        c55(0) p57 n93                  c                     
NV_NVDLA_CMAC_CORE_MAC_booth_1768        c60(0) p57 n99                  c                     
NV_NVDLA_CMAC_CORE_MAC_booth_1769        c60(0) p56 n98                  c                     
NV_NVDLA_CMAC_CORE_MAC_booth_177         c60(0) p56 n98                  c                     
NV_NVDLA_CMAC_CORE_MAC_booth_1770        c60(0) p57 n99                  c                     
NV_NVDLA_CMAC_CORE_MAC_booth_1771        c60(0) p56 n98                  c                     
NV_NVDLA_CMAC_CORE_MAC_booth_1772        c60(0) p56 n98                  c                     
NV_NVDLA_CMAC_CORE_MAC_booth_1773        c60(0) p56 n98                  c                     
NV_NVDLA_CMAC_CORE_MAC_booth_1774        c60(0) p57 n99                  c                     
NV_NVDLA_CMAC_CORE_MAC_booth_1775        c55(0) p56 n92                  c                     
NV_NVDLA_CMAC_CORE_MAC_booth_1776        c60(0) p56 n98                  c                     
NV_NVDLA_CMAC_CORE_MAC_booth_1777        c60(0) p56 n98                  c                     
NV_NVDLA_CMAC_CORE_MAC_booth_1778        c60(0) p57 n99                  c                     
NV_NVDLA_CMAC_CORE_MAC_booth_1779        c60(0) p56 n98                  c                     
NV_NVDLA_CMAC_CORE_MAC_booth_178         c60(0) p56 n98                  c                     
NV_NVDLA_CMAC_CORE_MAC_booth_1780        c60(0) p56 n98                  c                     
NV_NVDLA_CMAC_CORE_MAC_booth_1781        c60(0) p56 n98                  c                     
NV_NVDLA_CMAC_CORE_MAC_booth_1782        c60(0) p57 n99                  c                     
NV_NVDLA_CMAC_CORE_MAC_booth_1783        c55(0) p57 n93                  c                     
NV_NVDLA_CMAC_CORE_MAC_booth_1784        c60(0) p57 n99                  c                     
NV_NVDLA_CMAC_CORE_MAC_booth_1785        c60(0) p56 n98                  c                     
NV_NVDLA_CMAC_CORE_MAC_booth_1786        c60(0) p57 n99                  c                     
NV_NVDLA_CMAC_CORE_MAC_booth_1787        c60(0) p57 n99                  c                     
NV_NVDLA_CMAC_CORE_MAC_booth_1788        c60(0) p56 n98                  c                     
NV_NVDLA_CMAC_CORE_MAC_booth_1789        c60(0) p56 n98                  c                     
NV_NVDLA_CMAC_CORE_MAC_booth_179         c60(0) p57 n99                  c                     
NV_NVDLA_CMAC_CORE_MAC_booth_1790        c60(0) p57 n99                  c                     
NV_NVDLA_CMAC_CORE_MAC_booth_1791        c55(0) p56 n92                  c                     
NV_NVDLA_CMAC_CORE_MAC_booth_1792        c60(0) p56 n98                  c                     
NV_NVDLA_CMAC_CORE_MAC_booth_1793        c60(0) p56 n98                  c                     
NV_NVDLA_CMAC_CORE_MAC_booth_1794        c60(0) p56 n98                  c                     
NV_NVDLA_CMAC_CORE_MAC_booth_1795        c60(0) p57 n99                  c                     
NV_NVDLA_CMAC_CORE_MAC_booth_1796        c60(0) p57 n99                  c                     
NV_NVDLA_CMAC_CORE_MAC_booth_1797        c60(0) p57 n99                  c                     
NV_NVDLA_CMAC_CORE_MAC_booth_1798        c60(0) p57 n99                  c                     
NV_NVDLA_CMAC_CORE_MAC_booth_1799        c55(0) p56 n92                  c                     
NV_NVDLA_CMAC_CORE_MAC_booth_18          c60(0) p56 n98                  c                     
NV_NVDLA_CMAC_CORE_MAC_booth_180         c60(0) p56 n98                  c                     
NV_NVDLA_CMAC_CORE_MAC_booth_1800        c60(0) p57 n99                  c                     
NV_NVDLA_CMAC_CORE_MAC_booth_1801        c60(0) p57 n99                  c                     
NV_NVDLA_CMAC_CORE_MAC_booth_1802        c60(0) p57 n99                  c                     
NV_NVDLA_CMAC_CORE_MAC_booth_1803        c60(0) p57 n99                  c                     
NV_NVDLA_CMAC_CORE_MAC_booth_1804        c60(0) p56 n98                  c                     
NV_NVDLA_CMAC_CORE_MAC_booth_1805        c60(0) p56 n98                  c                     
NV_NVDLA_CMAC_CORE_MAC_booth_1806        c60(0) p57 n99                  c                     
NV_NVDLA_CMAC_CORE_MAC_booth_1807        c55(0) p56 n92                  c                     
NV_NVDLA_CMAC_CORE_MAC_booth_1808        c60(0) p56 n98                  c                     
NV_NVDLA_CMAC_CORE_MAC_booth_1809        c60(0) p56 n98                  c                     
NV_NVDLA_CMAC_CORE_MAC_booth_181         c60(0) p56 n98                  c                     
NV_NVDLA_CMAC_CORE_MAC_booth_1810        c60(0) p56 n98                  c                     
NV_NVDLA_CMAC_CORE_MAC_booth_1811        c60(0) p58 n100                 c                     
NV_NVDLA_CMAC_CORE_MAC_booth_1812        c60(0) p56 n98                  c                     
NV_NVDLA_CMAC_CORE_MAC_booth_1813        c60(0) p56 n98                  c                     
NV_NVDLA_CMAC_CORE_MAC_booth_1814        c60(0) p57 n99                  c                     
NV_NVDLA_CMAC_CORE_MAC_booth_1815        c55(0) p56 n92                  c                     
NV_NVDLA_CMAC_CORE_MAC_booth_1816        c60(0) p57 n99                  c                     
NV_NVDLA_CMAC_CORE_MAC_booth_1817        c60(0) p56 n98                  c                     
NV_NVDLA_CMAC_CORE_MAC_booth_1818        c60(0) p56 n98                  c                     
NV_NVDLA_CMAC_CORE_MAC_booth_1819        c60(0) p57 n99                  c                     
NV_NVDLA_CMAC_CORE_MAC_booth_182         c60(0) p57 n99                  c                     
NV_NVDLA_CMAC_CORE_MAC_booth_1820        c60(0) p56 n98                  c                     
NV_NVDLA_CMAC_CORE_MAC_booth_1821        c60(0) p56 n98                  c                     
NV_NVDLA_CMAC_CORE_MAC_booth_1822        c60(0) p56 n98                  c                     
NV_NVDLA_CMAC_CORE_MAC_booth_1823        c55(0) p56 n92                  c                     
NV_NVDLA_CMAC_CORE_MAC_booth_1824        c60(0) p56 n98                  c                     
NV_NVDLA_CMAC_CORE_MAC_booth_1825        c60(0) p56 n98                  c                     
NV_NVDLA_CMAC_CORE_MAC_booth_1826        c60(0) p56 n98                  c                     
NV_NVDLA_CMAC_CORE_MAC_booth_1827        c60(0) p56 n98                  c                     
NV_NVDLA_CMAC_CORE_MAC_booth_1828        c60(0) p57 n99                  c                     
NV_NVDLA_CMAC_CORE_MAC_booth_1829        c60(0) p57 n99                  c                     
NV_NVDLA_CMAC_CORE_MAC_booth_183         c55(0) p57 n93                  c                     
NV_NVDLA_CMAC_CORE_MAC_booth_1830        c60(0) p57 n99                  c                     
NV_NVDLA_CMAC_CORE_MAC_booth_1831        c55(0) p56 n92                  c                     
NV_NVDLA_CMAC_CORE_MAC_booth_1832        c60(0) p57 n99                  c                     
NV_NVDLA_CMAC_CORE_MAC_booth_1833        c60(0) p57 n99                  c                     
NV_NVDLA_CMAC_CORE_MAC_booth_1834        c60(0) p57 n99                  c                     
NV_NVDLA_CMAC_CORE_MAC_booth_1835        c60(0) p57 n99                  c                     
NV_NVDLA_CMAC_CORE_MAC_booth_1836        c60(0) p56 n98                  c                     
NV_NVDLA_CMAC_CORE_MAC_booth_1837        c60(0) p57 n99                  c                     
NV_NVDLA_CMAC_CORE_MAC_booth_1838        c60(0) p57 n99                  c                     
NV_NVDLA_CMAC_CORE_MAC_booth_1839        c55(0) p56 n92                  c                     
NV_NVDLA_CMAC_CORE_MAC_booth_184         c60(0) p56 n98                  c                     
NV_NVDLA_CMAC_CORE_MAC_booth_1840        c60(0) p56 n98                  c                     
NV_NVDLA_CMAC_CORE_MAC_booth_1841        c60(0) p56 n98                  c                     
NV_NVDLA_CMAC_CORE_MAC_booth_1842        c60(0) p58 n100                 c                     
NV_NVDLA_CMAC_CORE_MAC_booth_1843        c60(0) p57 n99                  c                     
NV_NVDLA_CMAC_CORE_MAC_booth_1844        c60(0) p56 n98                  c                     
NV_NVDLA_CMAC_CORE_MAC_booth_1845        c60(0) p57 n99                  c                     
NV_NVDLA_CMAC_CORE_MAC_booth_1846        c60(0) p57 n99                  c                     
NV_NVDLA_CMAC_CORE_MAC_booth_1847        c55(0) p56 n92                  c                     
NV_NVDLA_CMAC_CORE_MAC_booth_1848        c60(0) p57 n99                  c                     
NV_NVDLA_CMAC_CORE_MAC_booth_1849        c60(0) p57 n99                  c                     
NV_NVDLA_CMAC_CORE_MAC_booth_185         c60(0) p56 n98                  c                     
NV_NVDLA_CMAC_CORE_MAC_booth_1850        c60(0) p56 n98                  c                     
NV_NVDLA_CMAC_CORE_MAC_booth_1851        c60(0) p57 n99                  c                     
NV_NVDLA_CMAC_CORE_MAC_booth_1852        c60(0) p56 n98                  c                     
NV_NVDLA_CMAC_CORE_MAC_booth_1853        c60(0) p57 n99                  c                     
NV_NVDLA_CMAC_CORE_MAC_booth_1854        c60(0) p56 n98                  c                     
NV_NVDLA_CMAC_CORE_MAC_booth_1855        c55(0) p57 n93                  c                     
NV_NVDLA_CMAC_CORE_MAC_booth_1856        c60(0) p57 n99                  c                     
NV_NVDLA_CMAC_CORE_MAC_booth_1857        c60(0) p56 n98                  c                     
NV_NVDLA_CMAC_CORE_MAC_booth_1858        c60(0) p57 n99                  c                     
NV_NVDLA_CMAC_CORE_MAC_booth_1859        c60(0) p57 n99                  c                     
NV_NVDLA_CMAC_CORE_MAC_booth_186         c60(0) p56 n98                  c                     
NV_NVDLA_CMAC_CORE_MAC_booth_1860        c60(0) p57 n99                  c                     
NV_NVDLA_CMAC_CORE_MAC_booth_1861        c60(0) p57 n99                  c                     
NV_NVDLA_CMAC_CORE_MAC_booth_1862        c60(0) p56 n98                  c                     
NV_NVDLA_CMAC_CORE_MAC_booth_1863        c55(0) p56 n92                  c                     
NV_NVDLA_CMAC_CORE_MAC_booth_1864        c60(0) p56 n98                  c                     
NV_NVDLA_CMAC_CORE_MAC_booth_1865        c60(0) p57 n99                  c                     
NV_NVDLA_CMAC_CORE_MAC_booth_1866        c60(0) p58 n100                 c                     
NV_NVDLA_CMAC_CORE_MAC_booth_1867        c60(0) p57 n99                  c                     
NV_NVDLA_CMAC_CORE_MAC_booth_1868        c60(0) p57 n99                  c                     
NV_NVDLA_CMAC_CORE_MAC_booth_1869        c60(0) p56 n98                  c                     
NV_NVDLA_CMAC_CORE_MAC_booth_187         c60(0) p57 n99                  c                     
NV_NVDLA_CMAC_CORE_MAC_booth_1870        c60(0) p57 n99                  c                     
NV_NVDLA_CMAC_CORE_MAC_booth_1871        c55(0) p56 n92                  c                     
NV_NVDLA_CMAC_CORE_MAC_booth_1872        c60(0) p56 n98                  c                     
NV_NVDLA_CMAC_CORE_MAC_booth_1873        c60(0) p56 n98                  c                     
NV_NVDLA_CMAC_CORE_MAC_booth_1874        c60(0) p57 n99                  c                     
NV_NVDLA_CMAC_CORE_MAC_booth_1875        c60(0) p56 n98                  c                     
NV_NVDLA_CMAC_CORE_MAC_booth_1876        c60(0) p57 n99                  c                     
NV_NVDLA_CMAC_CORE_MAC_booth_1877        c60(0) p56 n98                  c                     
NV_NVDLA_CMAC_CORE_MAC_booth_1878        c60(0) p58 n100                 c                     
NV_NVDLA_CMAC_CORE_MAC_booth_1879        c55(0) p56 n92                  c                     
NV_NVDLA_CMAC_CORE_MAC_booth_188         c60(0) p56 n98                  c                     
NV_NVDLA_CMAC_CORE_MAC_booth_1880        c60(0) p57 n99                  c                     
NV_NVDLA_CMAC_CORE_MAC_booth_1881        c60(0) p56 n98                  c                     
NV_NVDLA_CMAC_CORE_MAC_booth_1882        c60(0) p56 n98                  c                     
NV_NVDLA_CMAC_CORE_MAC_booth_1883        c60(0) p57 n99                  c                     
NV_NVDLA_CMAC_CORE_MAC_booth_1884        c60(0) p56 n98                  c                     
NV_NVDLA_CMAC_CORE_MAC_booth_1885        c60(0) p56 n98                  c                     
NV_NVDLA_CMAC_CORE_MAC_booth_1886        c60(0) p57 n99                  c                     
NV_NVDLA_CMAC_CORE_MAC_booth_1887        c55(0) p56 n92                  c                     
NV_NVDLA_CMAC_CORE_MAC_booth_1888        c60(0) p58 n100                 c                     
NV_NVDLA_CMAC_CORE_MAC_booth_1889        c60(0) p56 n98                  c                     
NV_NVDLA_CMAC_CORE_MAC_booth_189         c60(0) p57 n99                  c                     
NV_NVDLA_CMAC_CORE_MAC_booth_1890        c60(0) p56 n98                  c                     
NV_NVDLA_CMAC_CORE_MAC_booth_1891        c60(0) p56 n98                  c                     
NV_NVDLA_CMAC_CORE_MAC_booth_1892        c60(0) p57 n99                  c                     
NV_NVDLA_CMAC_CORE_MAC_booth_1893        c60(0) p56 n98                  c                     
NV_NVDLA_CMAC_CORE_MAC_booth_1894        c60(0) p56 n98                  c                     
NV_NVDLA_CMAC_CORE_MAC_booth_1895        c55(0) p56 n92                  c                     
NV_NVDLA_CMAC_CORE_MAC_booth_1896        c60(0) p58 n100                 c                     
NV_NVDLA_CMAC_CORE_MAC_booth_1897        c60(0) p56 n98                  c                     
NV_NVDLA_CMAC_CORE_MAC_booth_1898        c60(0) p56 n98                  c                     
NV_NVDLA_CMAC_CORE_MAC_booth_1899        c60(0) p57 n99                  c                     
NV_NVDLA_CMAC_CORE_MAC_booth_19          c60(0) p58 n100                 c                     
NV_NVDLA_CMAC_CORE_MAC_booth_190         c60(0) p56 n98                  c                     
NV_NVDLA_CMAC_CORE_MAC_booth_1900        c60(0) p56 n98                  c                     
NV_NVDLA_CMAC_CORE_MAC_booth_1901        c60(0) p56 n98                  c                     
NV_NVDLA_CMAC_CORE_MAC_booth_1902        c60(0) p57 n99                  c                     
NV_NVDLA_CMAC_CORE_MAC_booth_1903        c55(0) p57 n93                  c                     
NV_NVDLA_CMAC_CORE_MAC_booth_1904        c60(0) p57 n99                  c                     
NV_NVDLA_CMAC_CORE_MAC_booth_1905        c60(0) p57 n99                  c                     
NV_NVDLA_CMAC_CORE_MAC_booth_1906        c60(0) p57 n99                  c                     
NV_NVDLA_CMAC_CORE_MAC_booth_1907        c60(0) p57 n99                  c                     
NV_NVDLA_CMAC_CORE_MAC_booth_1908        c60(0) p57 n99                  c                     
NV_NVDLA_CMAC_CORE_MAC_booth_1909        c60(0) p56 n98                  c                     
NV_NVDLA_CMAC_CORE_MAC_booth_191         c55(0) p56 n92                  c                     
NV_NVDLA_CMAC_CORE_MAC_booth_1910        c60(0) p56 n98                  c                     
NV_NVDLA_CMAC_CORE_MAC_booth_1911        c55(0) p57 n93                  c                     
NV_NVDLA_CMAC_CORE_MAC_booth_1912        c60(0) p58 n100                 c                     
NV_NVDLA_CMAC_CORE_MAC_booth_1913        c60(0) p56 n98                  c                     
NV_NVDLA_CMAC_CORE_MAC_booth_1914        c60(0) p57 n99                  c                     
NV_NVDLA_CMAC_CORE_MAC_booth_1915        c60(0) p57 n99                  c                     
NV_NVDLA_CMAC_CORE_MAC_booth_1916        c60(0) p57 n99                  c                     
NV_NVDLA_CMAC_CORE_MAC_booth_1917        c60(0) p56 n98                  c                     
NV_NVDLA_CMAC_CORE_MAC_booth_1918        c60(0) p57 n99                  c                     
NV_NVDLA_CMAC_CORE_MAC_booth_1919        c55(0) p56 n92                  c                     
NV_NVDLA_CMAC_CORE_MAC_booth_192         c60(0) p56 n98                  c                     
NV_NVDLA_CMAC_CORE_MAC_booth_1920        c60(0) p56 n98                  c                     
NV_NVDLA_CMAC_CORE_MAC_booth_1921        c60(0) p56 n98                  c                     
NV_NVDLA_CMAC_CORE_MAC_booth_1922        c60(0) p56 n98                  c                     
NV_NVDLA_CMAC_CORE_MAC_booth_1923        c60(0) p56 n98                  c                     
NV_NVDLA_CMAC_CORE_MAC_booth_1924        c60(0) p57 n99                  c                     
NV_NVDLA_CMAC_CORE_MAC_booth_1925        c60(0) p56 n98                  c                     
NV_NVDLA_CMAC_CORE_MAC_booth_1926        c60(0) p56 n98                  c                     
NV_NVDLA_CMAC_CORE_MAC_booth_1927        c55(0) p56 n92                  c                     
NV_NVDLA_CMAC_CORE_MAC_booth_1928        c60(0) p57 n99                  c                     
NV_NVDLA_CMAC_CORE_MAC_booth_1929        c60(0) p56 n98                  c                     
NV_NVDLA_CMAC_CORE_MAC_booth_193         c60(0) p56 n98                  c                     
NV_NVDLA_CMAC_CORE_MAC_booth_1930        c60(0) p56 n98                  c                     
NV_NVDLA_CMAC_CORE_MAC_booth_1931        c60(0) p56 n98                  c                     
NV_NVDLA_CMAC_CORE_MAC_booth_1932        c60(0) p56 n98                  c                     
NV_NVDLA_CMAC_CORE_MAC_booth_1933        c60(0) p57 n99                  c                     
NV_NVDLA_CMAC_CORE_MAC_booth_1934        c60(0) p56 n98                  c                     
NV_NVDLA_CMAC_CORE_MAC_booth_1935        c55(0) p56 n92                  c                     
NV_NVDLA_CMAC_CORE_MAC_booth_1936        c60(0) p56 n98                  c                     
NV_NVDLA_CMAC_CORE_MAC_booth_1937        c60(0) p56 n98                  c                     
NV_NVDLA_CMAC_CORE_MAC_booth_1938        c60(0) p57 n99                  c                     
NV_NVDLA_CMAC_CORE_MAC_booth_1939        c60(0) p57 n99                  c                     
NV_NVDLA_CMAC_CORE_MAC_booth_194         c60(0) p56 n98                  c                     
NV_NVDLA_CMAC_CORE_MAC_booth_1940        c60(0) p56 n98                  c                     
NV_NVDLA_CMAC_CORE_MAC_booth_1941        c60(0) p56 n98                  c                     
NV_NVDLA_CMAC_CORE_MAC_booth_1942        c60(0) p57 n99                  c                     
NV_NVDLA_CMAC_CORE_MAC_booth_1943        c55(0) p56 n92                  c                     
NV_NVDLA_CMAC_CORE_MAC_booth_1944        c60(0) p56 n98                  c                     
NV_NVDLA_CMAC_CORE_MAC_booth_1945        c60(0) p56 n98                  c                     
NV_NVDLA_CMAC_CORE_MAC_booth_1946        c60(0) p57 n99                  c                     
NV_NVDLA_CMAC_CORE_MAC_booth_1947        c60(0) p56 n98                  c                     
NV_NVDLA_CMAC_CORE_MAC_booth_1948        c60(0) p57 n99                  c                     
NV_NVDLA_CMAC_CORE_MAC_booth_1949        c60(0) p56 n98                  c                     
NV_NVDLA_CMAC_CORE_MAC_booth_195         c60(0) p57 n99                  c                     
NV_NVDLA_CMAC_CORE_MAC_booth_1950        c60(0) p57 n99                  c                     
NV_NVDLA_CMAC_CORE_MAC_booth_1951        c55(0) p56 n92                  c                     
NV_NVDLA_CMAC_CORE_MAC_booth_1952        c60(0) p56 n98                  c                     
NV_NVDLA_CMAC_CORE_MAC_booth_1953        c60(0) p56 n98                  c                     
NV_NVDLA_CMAC_CORE_MAC_booth_1954        c60(0) p56 n98                  c                     
NV_NVDLA_CMAC_CORE_MAC_booth_1955        c60(0) p56 n98                  c                     
NV_NVDLA_CMAC_CORE_MAC_booth_1956        c60(0) p56 n98                  c                     
NV_NVDLA_CMAC_CORE_MAC_booth_1957        c60(0) p57 n99                  c                     
NV_NVDLA_CMAC_CORE_MAC_booth_1958        c60(0) p56 n98                  c                     
NV_NVDLA_CMAC_CORE_MAC_booth_1959        c55(0) p58 n94                  c                     
NV_NVDLA_CMAC_CORE_MAC_booth_196         c60(0) p56 n98                  c                     
NV_NVDLA_CMAC_CORE_MAC_booth_1960        c60(0) p56 n98                  c                     
NV_NVDLA_CMAC_CORE_MAC_booth_1961        c60(0) p57 n99                  c                     
NV_NVDLA_CMAC_CORE_MAC_booth_1962        c60(0) p56 n98                  c                     
NV_NVDLA_CMAC_CORE_MAC_booth_1963        c60(0) p56 n98                  c                     
NV_NVDLA_CMAC_CORE_MAC_booth_1964        c60(0) p56 n98                  c                     
NV_NVDLA_CMAC_CORE_MAC_booth_1965        c60(0) p57 n99                  c                     
NV_NVDLA_CMAC_CORE_MAC_booth_1966        c60(0) p56 n98                  c                     
NV_NVDLA_CMAC_CORE_MAC_booth_1967        c55(0) p57 n93                  c                     
NV_NVDLA_CMAC_CORE_MAC_booth_1968        c60(0) p56 n98                  c                     
NV_NVDLA_CMAC_CORE_MAC_booth_1969        c60(0) p56 n98                  c                     
NV_NVDLA_CMAC_CORE_MAC_booth_197         c60(0) p56 n98                  c                     
NV_NVDLA_CMAC_CORE_MAC_booth_1970        c60(0) p56 n98                  c                     
NV_NVDLA_CMAC_CORE_MAC_booth_1971        c60(0) p57 n99                  c                     
NV_NVDLA_CMAC_CORE_MAC_booth_1972        c60(0) p56 n98                  c                     
NV_NVDLA_CMAC_CORE_MAC_booth_1973        c60(0) p57 n99                  c                     
NV_NVDLA_CMAC_CORE_MAC_booth_1974        c60(0) p56 n98                  c                     
NV_NVDLA_CMAC_CORE_MAC_booth_1975        c55(0) p57 n93                  c                     
NV_NVDLA_CMAC_CORE_MAC_booth_1976        c60(0) p56 n98                  c                     
NV_NVDLA_CMAC_CORE_MAC_booth_1977        c60(0) p56 n98                  c                     
NV_NVDLA_CMAC_CORE_MAC_booth_1978        c60(0) p56 n98                  c                     
NV_NVDLA_CMAC_CORE_MAC_booth_1979        c60(0) p57 n99                  c                     
NV_NVDLA_CMAC_CORE_MAC_booth_198         c60(0) p56 n98                  c                     
NV_NVDLA_CMAC_CORE_MAC_booth_1980        c60(0) p56 n98                  c                     
NV_NVDLA_CMAC_CORE_MAC_booth_1981        c60(0) p57 n99                  c                     
NV_NVDLA_CMAC_CORE_MAC_booth_1982        c60(0) p56 n98                  c                     
NV_NVDLA_CMAC_CORE_MAC_booth_1983        c55(0) p58 n94                  c                     
NV_NVDLA_CMAC_CORE_MAC_booth_1984        c60(0) p57 n99                  c                     
NV_NVDLA_CMAC_CORE_MAC_booth_1985        c60(0) p57 n99                  c                     
NV_NVDLA_CMAC_CORE_MAC_booth_1986        c60(0) p57 n99                  c                     
NV_NVDLA_CMAC_CORE_MAC_booth_1987        c60(0) p57 n99                  c                     
NV_NVDLA_CMAC_CORE_MAC_booth_1988        c60(0) p57 n99                  c                     
NV_NVDLA_CMAC_CORE_MAC_booth_1989        c60(0) p56 n98                  c                     
NV_NVDLA_CMAC_CORE_MAC_booth_199         c55(0) p57 n93                  c                     
NV_NVDLA_CMAC_CORE_MAC_booth_1990        c60(0) p58 n100                 c                     
NV_NVDLA_CMAC_CORE_MAC_booth_1991        c55(0) p57 n93                  c                     
NV_NVDLA_CMAC_CORE_MAC_booth_1992        c60(0) p57 n99                  c                     
NV_NVDLA_CMAC_CORE_MAC_booth_1993        c60(0) p57 n99                  c                     
NV_NVDLA_CMAC_CORE_MAC_booth_1994        c60(0) p56 n98                  c                     
NV_NVDLA_CMAC_CORE_MAC_booth_1995        c60(0) p56 n98                  c                     
NV_NVDLA_CMAC_CORE_MAC_booth_1996        c60(0) p57 n99                  c                     
NV_NVDLA_CMAC_CORE_MAC_booth_1997        c60(0) p57 n99                  c                     
NV_NVDLA_CMAC_CORE_MAC_booth_1998        c60(0) p57 n99                  c                     
NV_NVDLA_CMAC_CORE_MAC_booth_1999        c55(0) p57 n93                  c                     
NV_NVDLA_CMAC_CORE_MAC_booth_2           c60(0) p56 n98                  c                     
NV_NVDLA_CMAC_CORE_MAC_booth_20          c60(0) p57 n99                  c                     
NV_NVDLA_CMAC_CORE_MAC_booth_200         c61(0) p56 n99                  c                     
NV_NVDLA_CMAC_CORE_MAC_booth_2000        c60(0) p56 n98                  c                     
NV_NVDLA_CMAC_CORE_MAC_booth_2001        c60(0) p56 n98                  c                     
NV_NVDLA_CMAC_CORE_MAC_booth_2002        c60(0) p58 n100                 c                     
NV_NVDLA_CMAC_CORE_MAC_booth_2003        c60(0) p58 n100                 c                     
NV_NVDLA_CMAC_CORE_MAC_booth_2004        c60(0) p57 n99                  c                     
NV_NVDLA_CMAC_CORE_MAC_booth_2005        c60(0) p56 n98                  c                     
NV_NVDLA_CMAC_CORE_MAC_booth_2006        c60(0) p56 n98                  c                     
NV_NVDLA_CMAC_CORE_MAC_booth_2007        c55(0) p57 n93                  c                     
NV_NVDLA_CMAC_CORE_MAC_booth_2008        c60(0) p56 n98                  c                     
NV_NVDLA_CMAC_CORE_MAC_booth_2009        c60(0) p56 n98                  c                     
NV_NVDLA_CMAC_CORE_MAC_booth_201         c60(0) p56 n98                  c                     
NV_NVDLA_CMAC_CORE_MAC_booth_2010        c60(0) p56 n98                  c                     
NV_NVDLA_CMAC_CORE_MAC_booth_2011        c60(0) p58 n100                 c                     
NV_NVDLA_CMAC_CORE_MAC_booth_2012        c60(0) p56 n98                  c                     
NV_NVDLA_CMAC_CORE_MAC_booth_2013        c60(0) p56 n98                  c                     
NV_NVDLA_CMAC_CORE_MAC_booth_2014        c60(0) p56 n98                  c                     
NV_NVDLA_CMAC_CORE_MAC_booth_2015        c55(0) p56 n92                  c                     
NV_NVDLA_CMAC_CORE_MAC_booth_2016        c60(0) p56 n98                  c                     
NV_NVDLA_CMAC_CORE_MAC_booth_2017        c60(0) p57 n99                  c                     
NV_NVDLA_CMAC_CORE_MAC_booth_2018        c60(0) p56 n98                  c                     
NV_NVDLA_CMAC_CORE_MAC_booth_2019        c60(0) p58 n100                 c                     
NV_NVDLA_CMAC_CORE_MAC_booth_202         c60(0) p56 n98                  c                     
NV_NVDLA_CMAC_CORE_MAC_booth_2020        c60(0) p56 n98                  c                     
NV_NVDLA_CMAC_CORE_MAC_booth_2021        c60(0) p56 n98                  c                     
NV_NVDLA_CMAC_CORE_MAC_booth_2022        c60(0) p57 n99                  c                     
NV_NVDLA_CMAC_CORE_MAC_booth_2023        c55(0) p56 n92                  c                     
NV_NVDLA_CMAC_CORE_MAC_booth_2024        c60(0) p57 n99                  c                     
NV_NVDLA_CMAC_CORE_MAC_booth_2025        c60(0) p57 n99                  c                     
NV_NVDLA_CMAC_CORE_MAC_booth_2026        c60(0) p57 n99                  c                     
NV_NVDLA_CMAC_CORE_MAC_booth_2027        c60(0) p56 n98                  c                     
NV_NVDLA_CMAC_CORE_MAC_booth_2028        c60(0) p57 n99                  c                     
NV_NVDLA_CMAC_CORE_MAC_booth_2029        c60(0) p56 n98                  c                     
NV_NVDLA_CMAC_CORE_MAC_booth_203         c62(0) p55 n99                  c                     
NV_NVDLA_CMAC_CORE_MAC_booth_2030        c60(0) p57 n99                  c                     
NV_NVDLA_CMAC_CORE_MAC_booth_2031        c55(0) p56 n92                  c                     
NV_NVDLA_CMAC_CORE_MAC_booth_2032        c60(0) p56 n98                  c                     
NV_NVDLA_CMAC_CORE_MAC_booth_2033        c60(0) p57 n99                  c                     
NV_NVDLA_CMAC_CORE_MAC_booth_2034        c60(0) p57 n99                  c                     
NV_NVDLA_CMAC_CORE_MAC_booth_2035        c60(0) p56 n98                  c                     
NV_NVDLA_CMAC_CORE_MAC_booth_2036        c60(0) p56 n98                  c                     
NV_NVDLA_CMAC_CORE_MAC_booth_2037        c60(0) p56 n98                  c                     
NV_NVDLA_CMAC_CORE_MAC_booth_2038        c60(0) p57 n99                  c                     
NV_NVDLA_CMAC_CORE_MAC_booth_2039        c55(0) p56 n92                  c                     
NV_NVDLA_CMAC_CORE_MAC_booth_204         c60(0) p56 n98                  c                     
NV_NVDLA_CMAC_CORE_MAC_booth_2040        c60(0) p56 n98                  c                     
NV_NVDLA_CMAC_CORE_MAC_booth_2041        c60(0) p56 n98                  c                     
NV_NVDLA_CMAC_CORE_MAC_booth_2042        c60(0) p57 n99                  c                     
NV_NVDLA_CMAC_CORE_MAC_booth_2043        c60(0) p56 n98                  c                     
NV_NVDLA_CMAC_CORE_MAC_booth_2044        c60(0) p56 n98                  c                     
NV_NVDLA_CMAC_CORE_MAC_booth_2045        c60(0) p56 n98                  c                     
NV_NVDLA_CMAC_CORE_MAC_booth_2046        c60(0) p56 n98                  c                     
NV_NVDLA_CMAC_CORE_MAC_booth_2047        c55(0) p57 n93                  c                     
NV_NVDLA_CMAC_CORE_MAC_booth_2048        c60(0) p57 n99                  c                     
NV_NVDLA_CMAC_CORE_MAC_booth_2049        c60(0) p57 n99                  c                     
NV_NVDLA_CMAC_CORE_MAC_booth_205         c60(0) p58 n100                 c                     
NV_NVDLA_CMAC_CORE_MAC_booth_2050        c60(0) p56 n98                  c                     
NV_NVDLA_CMAC_CORE_MAC_booth_2051        c60(0) p56 n98                  c                     
NV_NVDLA_CMAC_CORE_MAC_booth_2052        c60(0) p57 n99                  c                     
NV_NVDLA_CMAC_CORE_MAC_booth_2053        c60(0) p57 n99                  c                     
NV_NVDLA_CMAC_CORE_MAC_booth_2054        c60(0) p57 n99                  c                     
NV_NVDLA_CMAC_CORE_MAC_booth_2055        c55(0) p56 n92                  c                     
NV_NVDLA_CMAC_CORE_MAC_booth_2056        c60(0) p57 n99                  c                     
NV_NVDLA_CMAC_CORE_MAC_booth_2057        c60(0) p57 n99                  c                     
NV_NVDLA_CMAC_CORE_MAC_booth_2058        c60(0) p56 n98                  c                     
NV_NVDLA_CMAC_CORE_MAC_booth_2059        c60(0) p58 n100                 c                     
NV_NVDLA_CMAC_CORE_MAC_booth_206         c60(0) p57 n99                  c                     
NV_NVDLA_CMAC_CORE_MAC_booth_2060        c60(0) p56 n98                  c                     
NV_NVDLA_CMAC_CORE_MAC_booth_2061        c60(0) p56 n98                  c                     
NV_NVDLA_CMAC_CORE_MAC_booth_2062        c60(0) p57 n99                  c                     
NV_NVDLA_CMAC_CORE_MAC_booth_2063        c55(0) p56 n92                  c                     
NV_NVDLA_CMAC_CORE_MAC_booth_2064        c60(0) p57 n99                  c                     
NV_NVDLA_CMAC_CORE_MAC_booth_2065        c60(0) p57 n99                  c                     
NV_NVDLA_CMAC_CORE_MAC_booth_2066        c60(0) p58 n100                 c                     
NV_NVDLA_CMAC_CORE_MAC_booth_2067        c60(0) p57 n99                  c                     
NV_NVDLA_CMAC_CORE_MAC_booth_2068        c60(0) p56 n98                  c                     
NV_NVDLA_CMAC_CORE_MAC_booth_2069        c60(0) p56 n98                  c                     
NV_NVDLA_CMAC_CORE_MAC_booth_207         c55(0) p57 n93                  c                     
NV_NVDLA_CMAC_CORE_MAC_booth_2070        c60(0) p57 n99                  c                     
NV_NVDLA_CMAC_CORE_MAC_booth_2071        c55(0) p57 n93                  c                     
NV_NVDLA_CMAC_CORE_MAC_booth_2072        c60(0) p57 n99                  c                     
NV_NVDLA_CMAC_CORE_MAC_booth_2073        c60(0) p56 n98                  c                     
NV_NVDLA_CMAC_CORE_MAC_booth_2074        c60(0) p56 n98                  c                     
NV_NVDLA_CMAC_CORE_MAC_booth_2075        c60(0) p57 n99                  c                     
NV_NVDLA_CMAC_CORE_MAC_booth_2076        c60(0) p57 n99                  c                     
NV_NVDLA_CMAC_CORE_MAC_booth_2077        c60(0) p57 n99                  c                     
NV_NVDLA_CMAC_CORE_MAC_booth_2078        c60(0) p56 n98                  c                     
NV_NVDLA_CMAC_CORE_MAC_booth_2079        c55(0) p56 n92                  c                     
NV_NVDLA_CMAC_CORE_MAC_booth_208         c60(0) p56 n98                  c                     
NV_NVDLA_CMAC_CORE_MAC_booth_2080        c60(0) p56 n98                  c                     
NV_NVDLA_CMAC_CORE_MAC_booth_2081        c60(0) p58 n100                 c                     
NV_NVDLA_CMAC_CORE_MAC_booth_2082        c60(0) p56 n98                  c                     
NV_NVDLA_CMAC_CORE_MAC_booth_2083        c60(0) p56 n98                  c                     
NV_NVDLA_CMAC_CORE_MAC_booth_2084        c60(0) p57 n99                  c                     
NV_NVDLA_CMAC_CORE_MAC_booth_2085        c60(0) p57 n99                  c                     
NV_NVDLA_CMAC_CORE_MAC_booth_2086        c60(0) p57 n99                  c                     
NV_NVDLA_CMAC_CORE_MAC_booth_2087        c55(0) p57 n93                  c                     
NV_NVDLA_CMAC_CORE_MAC_booth_2088        c60(0) p57 n99                  c                     
NV_NVDLA_CMAC_CORE_MAC_booth_2089        c60(0) p57 n99                  c                     
NV_NVDLA_CMAC_CORE_MAC_booth_209         c60(0) p56 n98                  c                     
NV_NVDLA_CMAC_CORE_MAC_booth_2090        c60(0) p57 n99                  c                     
NV_NVDLA_CMAC_CORE_MAC_booth_2091        c60(0) p56 n98                  c                     
NV_NVDLA_CMAC_CORE_MAC_booth_2092        c60(0) p57 n99                  c                     
NV_NVDLA_CMAC_CORE_MAC_booth_2093        c60(0) p56 n98                  c                     
NV_NVDLA_CMAC_CORE_MAC_booth_2094        c60(0) p56 n98                  c                     
NV_NVDLA_CMAC_CORE_MAC_booth_2095        c55(0) p57 n93                  c                     
NV_NVDLA_CMAC_CORE_MAC_booth_2096        c60(0) p56 n98                  c                     
NV_NVDLA_CMAC_CORE_MAC_booth_2097        c60(0) p56 n98                  c                     
NV_NVDLA_CMAC_CORE_MAC_booth_2098        c60(0) p58 n100                 c                     
NV_NVDLA_CMAC_CORE_MAC_booth_2099        c60(0) p58 n100                 c                     
NV_NVDLA_CMAC_CORE_MAC_booth_21          c60(0) p57 n99                  c                     
NV_NVDLA_CMAC_CORE_MAC_booth_210         c60(0) p57 n99                  c                     
NV_NVDLA_CMAC_CORE_MAC_booth_2100        c60(0) p56 n98                  c                     
NV_NVDLA_CMAC_CORE_MAC_booth_2101        c60(0) p57 n99                  c                     
NV_NVDLA_CMAC_CORE_MAC_booth_2102        c60(0) p56 n98                  c                     
NV_NVDLA_CMAC_CORE_MAC_booth_2103        c55(0) p57 n93                  c                     
NV_NVDLA_CMAC_CORE_MAC_booth_2104        c60(0) p57 n99                  c                     
NV_NVDLA_CMAC_CORE_MAC_booth_2105        c60(0) p57 n99                  c                     
NV_NVDLA_CMAC_CORE_MAC_booth_2106        c60(0) p57 n99                  c                     
NV_NVDLA_CMAC_CORE_MAC_booth_2107        c60(0) p58 n100                 c                     
NV_NVDLA_CMAC_CORE_MAC_booth_2108        c60(0) p58 n100                 c                     
NV_NVDLA_CMAC_CORE_MAC_booth_2109        c60(0) p57 n99                  c                     
NV_NVDLA_CMAC_CORE_MAC_booth_211         c60(0) p57 n99                  c                     
NV_NVDLA_CMAC_CORE_MAC_booth_2110        c60(0) p57 n99                  c                     
NV_NVDLA_CMAC_CORE_MAC_booth_2111        c55(0) p58 n94                  c                     
NV_NVDLA_CMAC_CORE_MAC_booth_2112        c60(0) p56 n98                  c                     
NV_NVDLA_CMAC_CORE_MAC_booth_2113        c60(0) p56 n98                  c                     
NV_NVDLA_CMAC_CORE_MAC_booth_2114        c60(0) p56 n98                  c                     
NV_NVDLA_CMAC_CORE_MAC_booth_2115        c60(0) p56 n98                  c                     
NV_NVDLA_CMAC_CORE_MAC_booth_2116        c60(0) p57 n99                  c                     
NV_NVDLA_CMAC_CORE_MAC_booth_2117        c60(0) p57 n99                  c                     
NV_NVDLA_CMAC_CORE_MAC_booth_2118        c60(0) p57 n99                  c                     
NV_NVDLA_CMAC_CORE_MAC_booth_2119        c55(0) p56 n92                  c                     
NV_NVDLA_CMAC_CORE_MAC_booth_212         c60(0) p56 n98                  c                     
NV_NVDLA_CMAC_CORE_MAC_booth_2120        c60(0) p56 n98                  c                     
NV_NVDLA_CMAC_CORE_MAC_booth_2121        c60(0) p56 n98                  c                     
NV_NVDLA_CMAC_CORE_MAC_booth_2122        c60(0) p56 n98                  c                     
NV_NVDLA_CMAC_CORE_MAC_booth_2123        c60(0) p58 n100                 c                     
NV_NVDLA_CMAC_CORE_MAC_booth_2124        c60(0) p56 n98                  c                     
NV_NVDLA_CMAC_CORE_MAC_booth_2125        c60(0) p57 n99                  c                     
NV_NVDLA_CMAC_CORE_MAC_booth_2126        c60(0) p56 n98                  c                     
NV_NVDLA_CMAC_CORE_MAC_booth_2127        c55(0) p56 n92                  c                     
NV_NVDLA_CMAC_CORE_MAC_booth_2128        c60(0) p56 n98                  c                     
NV_NVDLA_CMAC_CORE_MAC_booth_2129        c60(0) p56 n98                  c                     
NV_NVDLA_CMAC_CORE_MAC_booth_213         c60(0) p57 n99                  c                     
NV_NVDLA_CMAC_CORE_MAC_booth_2130        c60(0) p56 n98                  c                     
NV_NVDLA_CMAC_CORE_MAC_booth_2131        c60(0) p56 n98                  c                     
NV_NVDLA_CMAC_CORE_MAC_booth_2132        c60(0) p56 n98                  c                     
NV_NVDLA_CMAC_CORE_MAC_booth_2133        c60(0) p56 n98                  c                     
NV_NVDLA_CMAC_CORE_MAC_booth_2134        c60(0) p57 n99                  c                     
NV_NVDLA_CMAC_CORE_MAC_booth_2135        c55(0) p56 n92                  c                     
NV_NVDLA_CMAC_CORE_MAC_booth_2136        c60(0) p56 n98                  c                     
NV_NVDLA_CMAC_CORE_MAC_booth_2137        c60(0) p56 n98                  c                     
NV_NVDLA_CMAC_CORE_MAC_booth_2138        c60(0) p56 n98                  c                     
NV_NVDLA_CMAC_CORE_MAC_booth_2139        c60(0) p56 n98                  c                     
NV_NVDLA_CMAC_CORE_MAC_booth_214         c60(0) p57 n99                  c                     
NV_NVDLA_CMAC_CORE_MAC_booth_2140        c60(0) p56 n98                  c                     
NV_NVDLA_CMAC_CORE_MAC_booth_2141        c60(0) p56 n98                  c                     
NV_NVDLA_CMAC_CORE_MAC_booth_2142        c60(0) p57 n99                  c                     
NV_NVDLA_CMAC_CORE_MAC_booth_2143        c55(0) p58 n94                  c                     
NV_NVDLA_CMAC_CORE_MAC_booth_2144        c60(0) p56 n98                  c                     
NV_NVDLA_CMAC_CORE_MAC_booth_2145        c60(0) p56 n98                  c                     
NV_NVDLA_CMAC_CORE_MAC_booth_2146        c60(0) p56 n98                  c                     
NV_NVDLA_CMAC_CORE_MAC_booth_2147        c60(0) p57 n99                  c                     
NV_NVDLA_CMAC_CORE_MAC_booth_2148        c60(0) p56 n98                  c                     
NV_NVDLA_CMAC_CORE_MAC_booth_2149        c60(0) p56 n98                  c                     
NV_NVDLA_CMAC_CORE_MAC_booth_215         c55(0) p57 n93                  c                     
NV_NVDLA_CMAC_CORE_MAC_booth_2150        c60(0) p57 n99                  c                     
NV_NVDLA_CMAC_CORE_MAC_booth_2151        c55(0) p56 n92                  c                     
NV_NVDLA_CMAC_CORE_MAC_booth_2152        c60(0) p56 n98                  c                     
NV_NVDLA_CMAC_CORE_MAC_booth_2153        c60(0) p56 n98                  c                     
NV_NVDLA_CMAC_CORE_MAC_booth_2154        c60(0) p57 n99                  c                     
NV_NVDLA_CMAC_CORE_MAC_booth_2155        c60(0) p56 n98                  c                     
NV_NVDLA_CMAC_CORE_MAC_booth_2156        c60(0) p57 n99                  c                     
NV_NVDLA_CMAC_CORE_MAC_booth_2157        c60(0) p57 n99                  c                     
NV_NVDLA_CMAC_CORE_MAC_booth_2158        c60(0) p58 n100                 c                     
NV_NVDLA_CMAC_CORE_MAC_booth_2159        c55(0) p56 n92                  c                     
NV_NVDLA_CMAC_CORE_MAC_booth_216         c60(0) p56 n98                  c                     
NV_NVDLA_CMAC_CORE_MAC_booth_2160        c60(0) p56 n98                  c                     
NV_NVDLA_CMAC_CORE_MAC_booth_2161        c60(0) p56 n98                  c                     
NV_NVDLA_CMAC_CORE_MAC_booth_2162        c60(0) p57 n99                  c                     
NV_NVDLA_CMAC_CORE_MAC_booth_2163        c60(0) p57 n99                  c                     
NV_NVDLA_CMAC_CORE_MAC_booth_2164        c60(0) p56 n98                  c                     
NV_NVDLA_CMAC_CORE_MAC_booth_2165        c60(0) p56 n98                  c                     
NV_NVDLA_CMAC_CORE_MAC_booth_2166        c60(0) p57 n99                  c                     
NV_NVDLA_CMAC_CORE_MAC_booth_2167        c55(0) p56 n92                  c                     
NV_NVDLA_CMAC_CORE_MAC_booth_2168        c60(0) p57 n99                  c                     
NV_NVDLA_CMAC_CORE_MAC_booth_2169        c60(0) p58 n100                 c                     
NV_NVDLA_CMAC_CORE_MAC_booth_217         c60(0) p57 n99                  c                     
NV_NVDLA_CMAC_CORE_MAC_booth_2170        c60(0) p56 n98                  c                     
NV_NVDLA_CMAC_CORE_MAC_booth_2171        c60(0) p56 n98                  c                     
NV_NVDLA_CMAC_CORE_MAC_booth_2172        c60(0) p57 n99                  c                     
NV_NVDLA_CMAC_CORE_MAC_booth_2173        c60(0) p56 n98                  c                     
NV_NVDLA_CMAC_CORE_MAC_booth_2174        c60(0) p56 n98                  c                     
NV_NVDLA_CMAC_CORE_MAC_booth_2175        c55(0) p58 n94                  c                     
NV_NVDLA_CMAC_CORE_MAC_booth_2176        c60(0) p56 n98                  c                     
NV_NVDLA_CMAC_CORE_MAC_booth_2177        c60(0) p57 n99                  c                     
NV_NVDLA_CMAC_CORE_MAC_booth_2178        c60(0) p57 n99                  c                     
NV_NVDLA_CMAC_CORE_MAC_booth_2179        c60(0) p57 n99                  c                     
NV_NVDLA_CMAC_CORE_MAC_booth_218         c60(0) p56 n98                  c                     
NV_NVDLA_CMAC_CORE_MAC_booth_2180        c60(0) p56 n98                  c                     
NV_NVDLA_CMAC_CORE_MAC_booth_2181        c60(0) p56 n98                  c                     
NV_NVDLA_CMAC_CORE_MAC_booth_2182        c60(0) p56 n98                  c                     
NV_NVDLA_CMAC_CORE_MAC_booth_2183        c55(0) p56 n92                  c                     
NV_NVDLA_CMAC_CORE_MAC_booth_2184        c60(0) p56 n98                  c                     
NV_NVDLA_CMAC_CORE_MAC_booth_2185        c60(0) p56 n98                  c                     
NV_NVDLA_CMAC_CORE_MAC_booth_2186        c60(0) p57 n99                  c                     
NV_NVDLA_CMAC_CORE_MAC_booth_2187        c60(0) p57 n99                  c                     
NV_NVDLA_CMAC_CORE_MAC_booth_2188        c60(0) p57 n99                  c                     
NV_NVDLA_CMAC_CORE_MAC_booth_2189        c60(0) p57 n99                  c                     
NV_NVDLA_CMAC_CORE_MAC_booth_219         c60(0) p56 n98                  c                     
NV_NVDLA_CMAC_CORE_MAC_booth_2190        c60(0) p58 n100                 c                     
NV_NVDLA_CMAC_CORE_MAC_booth_2191        c55(0) p58 n94                  c                     
NV_NVDLA_CMAC_CORE_MAC_booth_2192        c60(0) p57 n99                  c                     
NV_NVDLA_CMAC_CORE_MAC_booth_2193        c60(0) p56 n98                  c                     
NV_NVDLA_CMAC_CORE_MAC_booth_2194        c61(0) p56 n99                  c                     
NV_NVDLA_CMAC_CORE_MAC_booth_2195        c60(0) p56 n98                  c                     
NV_NVDLA_CMAC_CORE_MAC_booth_2196        c60(0) p56 n98                  c                     
NV_NVDLA_CMAC_CORE_MAC_booth_2197        c60(0) p56 n98                  c                     
NV_NVDLA_CMAC_CORE_MAC_booth_2198        c60(0) p57 n99                  c                     
NV_NVDLA_CMAC_CORE_MAC_booth_2199        c55(0) p57 n93                  c                     
NV_NVDLA_CMAC_CORE_MAC_booth_22          c60(0) p57 n99                  c                     
NV_NVDLA_CMAC_CORE_MAC_booth_220         c60(0) p56 n98                  c                     
NV_NVDLA_CMAC_CORE_MAC_booth_2200        c60(0) p59 n101                 c                     
NV_NVDLA_CMAC_CORE_MAC_booth_2201        c60(0) p57 n99                  c                     
NV_NVDLA_CMAC_CORE_MAC_booth_2202        c60(0) p56 n98                  c                     
NV_NVDLA_CMAC_CORE_MAC_booth_2203        c60(0) p56 n98                  c                     
NV_NVDLA_CMAC_CORE_MAC_booth_2204        c60(0) p56 n98                  c                     
NV_NVDLA_CMAC_CORE_MAC_booth_2205        c60(0) p57 n99                  c                     
NV_NVDLA_CMAC_CORE_MAC_booth_2206        c60(0) p56 n98                  c                     
NV_NVDLA_CMAC_CORE_MAC_booth_2207        c55(0) p56 n92                  c                     
NV_NVDLA_CMAC_CORE_MAC_booth_2208        c60(0) p56 n98                  c                     
NV_NVDLA_CMAC_CORE_MAC_booth_2209        c60(0) p57 n99                  c                     
NV_NVDLA_CMAC_CORE_MAC_booth_221         c60(0) p56 n98                  c                     
NV_NVDLA_CMAC_CORE_MAC_booth_2210        c60(0) p57 n99                  c                     
NV_NVDLA_CMAC_CORE_MAC_booth_2211        c60(0) p56 n98                  c                     
NV_NVDLA_CMAC_CORE_MAC_booth_2212        c60(0) p56 n98                  c                     
NV_NVDLA_CMAC_CORE_MAC_booth_2213        c60(0) p56 n98                  c                     
NV_NVDLA_CMAC_CORE_MAC_booth_2214        c60(0) p57 n99                  c                     
NV_NVDLA_CMAC_CORE_MAC_booth_2215        c55(0) p56 n92                  c                     
NV_NVDLA_CMAC_CORE_MAC_booth_2216        c60(0) p56 n98                  c                     
NV_NVDLA_CMAC_CORE_MAC_booth_2217        c60(0) p56 n98                  c                     
NV_NVDLA_CMAC_CORE_MAC_booth_2218        c60(0) p56 n98                  c                     
NV_NVDLA_CMAC_CORE_MAC_booth_2219        c60(0) p57 n99                  c                     
NV_NVDLA_CMAC_CORE_MAC_booth_222         c60(0) p56 n98                  c                     
NV_NVDLA_CMAC_CORE_MAC_booth_2220        c60(0) p56 n98                  c                     
NV_NVDLA_CMAC_CORE_MAC_booth_2221        c60(0) p57 n99                  c                     
NV_NVDLA_CMAC_CORE_MAC_booth_2222        c60(0) p56 n98                  c                     
NV_NVDLA_CMAC_CORE_MAC_booth_2223        c55(0) p56 n92                  c                     
NV_NVDLA_CMAC_CORE_MAC_booth_2224        c60(0) p57 n99                  c                     
NV_NVDLA_CMAC_CORE_MAC_booth_2225        c60(0) p56 n98                  c                     
NV_NVDLA_CMAC_CORE_MAC_booth_2226        c60(0) p57 n99                  c                     
NV_NVDLA_CMAC_CORE_MAC_booth_2227        c60(0) p57 n99                  c                     
NV_NVDLA_CMAC_CORE_MAC_booth_2228        c60(0) p58 n100                 c                     
NV_NVDLA_CMAC_CORE_MAC_booth_2229        c60(0) p58 n100                 c                     
NV_NVDLA_CMAC_CORE_MAC_booth_223         c55(0) p57 n93                  c                     
NV_NVDLA_CMAC_CORE_MAC_booth_2230        c60(0) p56 n98                  c                     
NV_NVDLA_CMAC_CORE_MAC_booth_2231        c55(0) p56 n92                  c                     
NV_NVDLA_CMAC_CORE_MAC_booth_2232        c60(0) p57 n99                  c                     
NV_NVDLA_CMAC_CORE_MAC_booth_2233        c60(0) p57 n99                  c                     
NV_NVDLA_CMAC_CORE_MAC_booth_2234        c60(0) p57 n99                  c                     
NV_NVDLA_CMAC_CORE_MAC_booth_2235        c60(0) p58 n100                 c                     
NV_NVDLA_CMAC_CORE_MAC_booth_2236        c60(0) p57 n99                  c                     
NV_NVDLA_CMAC_CORE_MAC_booth_2237        c60(0) p56 n98                  c                     
NV_NVDLA_CMAC_CORE_MAC_booth_2238        c60(0) p56 n98                  c                     
NV_NVDLA_CMAC_CORE_MAC_booth_2239        c55(0) p56 n92                  c                     
NV_NVDLA_CMAC_CORE_MAC_booth_224         c61(0) p56 n99                  c                     
NV_NVDLA_CMAC_CORE_MAC_booth_2240        c60(0) p56 n98                  c                     
NV_NVDLA_CMAC_CORE_MAC_booth_2241        c60(0) p56 n98                  c                     
NV_NVDLA_CMAC_CORE_MAC_booth_2242        c60(0) p57 n99                  c                     
NV_NVDLA_CMAC_CORE_MAC_booth_2243        c60(0) p58 n100                 c                     
NV_NVDLA_CMAC_CORE_MAC_booth_2244        c60(0) p57 n99                  c                     
NV_NVDLA_CMAC_CORE_MAC_booth_2245        c60(0) p58 n100                 c                     
NV_NVDLA_CMAC_CORE_MAC_booth_2246        c60(0) p57 n99                  c                     
NV_NVDLA_CMAC_CORE_MAC_booth_2247        c55(0) p57 n93                  c                     
NV_NVDLA_CMAC_CORE_MAC_booth_2248        c60(0) p56 n98                  c                     
NV_NVDLA_CMAC_CORE_MAC_booth_2249        c60(0) p56 n98                  c                     
NV_NVDLA_CMAC_CORE_MAC_booth_225         c60(0) p56 n98                  c                     
NV_NVDLA_CMAC_CORE_MAC_booth_2250        c60(0) p57 n99                  c                     
NV_NVDLA_CMAC_CORE_MAC_booth_2251        c60(0) p56 n98                  c                     
NV_NVDLA_CMAC_CORE_MAC_booth_2252        c60(0) p56 n98                  c                     
NV_NVDLA_CMAC_CORE_MAC_booth_2253        c60(0) p56 n98                  c                     
NV_NVDLA_CMAC_CORE_MAC_booth_2254        c60(0) p57 n99                  c                     
NV_NVDLA_CMAC_CORE_MAC_booth_2255        c55(0) p56 n92                  c                     
NV_NVDLA_CMAC_CORE_MAC_booth_2256        c60(0) p56 n98                  c                     
NV_NVDLA_CMAC_CORE_MAC_booth_2257        c60(0) p56 n98                  c                     
NV_NVDLA_CMAC_CORE_MAC_booth_2258        c60(0) p56 n98                  c                     
NV_NVDLA_CMAC_CORE_MAC_booth_2259        c60(0) p56 n98                  c                     
NV_NVDLA_CMAC_CORE_MAC_booth_226         c60(0) p56 n98                  c                     
NV_NVDLA_CMAC_CORE_MAC_booth_2260        c60(0) p57 n99                  c                     
NV_NVDLA_CMAC_CORE_MAC_booth_2261        c60(0) p57 n99                  c                     
NV_NVDLA_CMAC_CORE_MAC_booth_2262        c60(0) p56 n98                  c                     
NV_NVDLA_CMAC_CORE_MAC_booth_2263        c55(0) p56 n92                  c                     
NV_NVDLA_CMAC_CORE_MAC_booth_2264        c60(0) p56 n98                  c                     
NV_NVDLA_CMAC_CORE_MAC_booth_2265        c60(0) p56 n98                  c                     
NV_NVDLA_CMAC_CORE_MAC_booth_2266        c60(0) p56 n98                  c                     
NV_NVDLA_CMAC_CORE_MAC_booth_2267        c60(0) p56 n98                  c                     
NV_NVDLA_CMAC_CORE_MAC_booth_2268        c60(0) p56 n98                  c                     
NV_NVDLA_CMAC_CORE_MAC_booth_2269        c60(0) p56 n98                  c                     
NV_NVDLA_CMAC_CORE_MAC_booth_227         c60(0) p57 n99                  c                     
NV_NVDLA_CMAC_CORE_MAC_booth_2270        c60(0) p57 n99                  c                     
NV_NVDLA_CMAC_CORE_MAC_booth_2271        c55(0) p56 n92                  c                     
NV_NVDLA_CMAC_CORE_MAC_booth_2272        c60(0) p57 n99                  c                     
NV_NVDLA_CMAC_CORE_MAC_booth_2273        c60(0) p57 n99                  c                     
NV_NVDLA_CMAC_CORE_MAC_booth_2274        c60(0) p56 n98                  c                     
NV_NVDLA_CMAC_CORE_MAC_booth_2275        c60(0) p56 n98                  c                     
NV_NVDLA_CMAC_CORE_MAC_booth_2276        c60(0) p56 n98                  c                     
NV_NVDLA_CMAC_CORE_MAC_booth_2277        c60(0) p57 n99                  c                     
NV_NVDLA_CMAC_CORE_MAC_booth_2278        c60(0) p57 n99                  c                     
NV_NVDLA_CMAC_CORE_MAC_booth_2279        c55(0) p57 n93                  c                     
NV_NVDLA_CMAC_CORE_MAC_booth_228         c60(0) p56 n98                  c                     
NV_NVDLA_CMAC_CORE_MAC_booth_2280        c60(0) p57 n99                  c                     
NV_NVDLA_CMAC_CORE_MAC_booth_2281        c60(0) p56 n98                  c                     
NV_NVDLA_CMAC_CORE_MAC_booth_2282        c60(0) p56 n98                  c                     
NV_NVDLA_CMAC_CORE_MAC_booth_2283        c60(0) p57 n99                  c                     
NV_NVDLA_CMAC_CORE_MAC_booth_2284        c60(0) p56 n98                  c                     
NV_NVDLA_CMAC_CORE_MAC_booth_2285        c60(0) p56 n98                  c                     
NV_NVDLA_CMAC_CORE_MAC_booth_2286        c60(0) p57 n99                  c                     
NV_NVDLA_CMAC_CORE_MAC_booth_2287        c55(0) p56 n92                  c                     
NV_NVDLA_CMAC_CORE_MAC_booth_2288        c60(0) p57 n99                  c                     
NV_NVDLA_CMAC_CORE_MAC_booth_2289        c60(0) p57 n99                  c                     
NV_NVDLA_CMAC_CORE_MAC_booth_229         c60(0) p56 n98                  c                     
NV_NVDLA_CMAC_CORE_MAC_booth_2290        c60(0) p57 n99                  c                     
NV_NVDLA_CMAC_CORE_MAC_booth_2291        c60(0) p57 n99                  c                     
NV_NVDLA_CMAC_CORE_MAC_booth_2292        c60(0) p56 n98                  c                     
NV_NVDLA_CMAC_CORE_MAC_booth_2293        c60(0) p56 n98                  c                     
NV_NVDLA_CMAC_CORE_MAC_booth_2294        c60(0) p57 n99                  c                     
NV_NVDLA_CMAC_CORE_MAC_booth_2295        c55(0) p56 n92                  c                     
NV_NVDLA_CMAC_CORE_MAC_booth_2296        c60(0) p56 n98                  c                     
NV_NVDLA_CMAC_CORE_MAC_booth_2297        c60(0) p57 n99                  c                     
NV_NVDLA_CMAC_CORE_MAC_booth_2298        c60(0) p56 n98                  c                     
NV_NVDLA_CMAC_CORE_MAC_booth_2299        c60(0) p58 n100                 c                     
NV_NVDLA_CMAC_CORE_MAC_booth_23          c55(0) p57 n93                  c                     
NV_NVDLA_CMAC_CORE_MAC_booth_230         c60(0) p57 n99                  c                     
NV_NVDLA_CMAC_CORE_MAC_booth_2300        c60(0) p58 n100                 c                     
NV_NVDLA_CMAC_CORE_MAC_booth_2301        c60(0) p57 n99                  c                     
NV_NVDLA_CMAC_CORE_MAC_booth_2302        c60(0) p57 n99                  c                     
NV_NVDLA_CMAC_CORE_MAC_booth_2303        c55(0) p56 n92                  c                     
NV_NVDLA_CMAC_CORE_MAC_booth_2304        c60(0) p56 n98                  c                     
NV_NVDLA_CMAC_CORE_MAC_booth_2305        c60(0) p56 n98                  c                     
NV_NVDLA_CMAC_CORE_MAC_booth_2306        c60(0) p56 n98                  c                     
NV_NVDLA_CMAC_CORE_MAC_booth_2307        c60(0) p57 n99                  c                     
NV_NVDLA_CMAC_CORE_MAC_booth_2308        c60(0) p56 n98                  c                     
NV_NVDLA_CMAC_CORE_MAC_booth_2309        c60(0) p57 n99                  c                     
NV_NVDLA_CMAC_CORE_MAC_booth_231         c55(0) p56 n92                  c                     
NV_NVDLA_CMAC_CORE_MAC_booth_2310        c60(0) p57 n99                  c                     
NV_NVDLA_CMAC_CORE_MAC_booth_2311        c55(0) p57 n93                  c                     
NV_NVDLA_CMAC_CORE_MAC_booth_2312        c60(0) p56 n98                  c                     
NV_NVDLA_CMAC_CORE_MAC_booth_2313        c60(0) p56 n98                  c                     
NV_NVDLA_CMAC_CORE_MAC_booth_2314        c60(0) p56 n98                  c                     
NV_NVDLA_CMAC_CORE_MAC_booth_2315        c60(0) p57 n99                  c                     
NV_NVDLA_CMAC_CORE_MAC_booth_2316        c60(0) p56 n98                  c                     
NV_NVDLA_CMAC_CORE_MAC_booth_2317        c60(0) p56 n98                  c                     
NV_NVDLA_CMAC_CORE_MAC_booth_2318        c60(0) p56 n98                  c                     
NV_NVDLA_CMAC_CORE_MAC_booth_2319        c55(0) p56 n92                  c                     
NV_NVDLA_CMAC_CORE_MAC_booth_232         c60(0) p58 n100                 c                     
NV_NVDLA_CMAC_CORE_MAC_booth_2320        c60(0) p57 n99                  c                     
NV_NVDLA_CMAC_CORE_MAC_booth_2321        c60(0) p57 n99                  c                     
NV_NVDLA_CMAC_CORE_MAC_booth_2322        c60(0) p59 n101                 c                     
NV_NVDLA_CMAC_CORE_MAC_booth_2323        c60(0) p57 n99                  c                     
NV_NVDLA_CMAC_CORE_MAC_booth_2324        c60(0) p57 n99                  c                     
NV_NVDLA_CMAC_CORE_MAC_booth_2325        c60(0) p57 n99                  c                     
NV_NVDLA_CMAC_CORE_MAC_booth_2326        c60(0) p57 n99                  c                     
NV_NVDLA_CMAC_CORE_MAC_booth_2327        c55(0) p57 n93                  c                     
NV_NVDLA_CMAC_CORE_MAC_booth_2328        c60(0) p57 n99                  c                     
NV_NVDLA_CMAC_CORE_MAC_booth_2329        c60(0) p57 n99                  c                     
NV_NVDLA_CMAC_CORE_MAC_booth_233         c60(0) p57 n99                  c                     
NV_NVDLA_CMAC_CORE_MAC_booth_2330        c60(0) p57 n99                  c                     
NV_NVDLA_CMAC_CORE_MAC_booth_2331        c60(0) p57 n99                  c                     
NV_NVDLA_CMAC_CORE_MAC_booth_2332        c60(0) p57 n99                  c                     
NV_NVDLA_CMAC_CORE_MAC_booth_2333        c60(0) p57 n99                  c                     
NV_NVDLA_CMAC_CORE_MAC_booth_2334        c60(0) p58 n100                 c                     
NV_NVDLA_CMAC_CORE_MAC_booth_2335        c55(0) p58 n94                  c                     
NV_NVDLA_CMAC_CORE_MAC_booth_2336        c60(0) p57 n99                  c                     
NV_NVDLA_CMAC_CORE_MAC_booth_2337        c60(0) p57 n99                  c                     
NV_NVDLA_CMAC_CORE_MAC_booth_2338        c60(0) p56 n98                  c                     
NV_NVDLA_CMAC_CORE_MAC_booth_2339        c60(0) p57 n99                  c                     
NV_NVDLA_CMAC_CORE_MAC_booth_234         c60(0) p56 n98                  c                     
NV_NVDLA_CMAC_CORE_MAC_booth_2340        c60(0) p56 n98                  c                     
NV_NVDLA_CMAC_CORE_MAC_booth_2341        c60(0) p57 n99                  c                     
NV_NVDLA_CMAC_CORE_MAC_booth_2342        c60(0) p56 n98                  c                     
NV_NVDLA_CMAC_CORE_MAC_booth_2343        c55(0) p56 n92                  c                     
NV_NVDLA_CMAC_CORE_MAC_booth_2344        c60(0) p56 n98                  c                     
NV_NVDLA_CMAC_CORE_MAC_booth_2345        c60(0) p56 n98                  c                     
NV_NVDLA_CMAC_CORE_MAC_booth_2346        c60(0) p56 n98                  c                     
NV_NVDLA_CMAC_CORE_MAC_booth_2347        c60(0) p58 n100                 c                     
NV_NVDLA_CMAC_CORE_MAC_booth_2348        c60(0) p56 n98                  c                     
NV_NVDLA_CMAC_CORE_MAC_booth_2349        c60(0) p57 n99                  c                     
NV_NVDLA_CMAC_CORE_MAC_booth_235         c60(0) p58 n100                 c                     
NV_NVDLA_CMAC_CORE_MAC_booth_2350        c60(0) p56 n98                  c                     
NV_NVDLA_CMAC_CORE_MAC_booth_2351        c55(0) p57 n93                  c                     
NV_NVDLA_CMAC_CORE_MAC_booth_2352        c60(0) p56 n98                  c                     
NV_NVDLA_CMAC_CORE_MAC_booth_2353        c60(0) p56 n98                  c                     
NV_NVDLA_CMAC_CORE_MAC_booth_2354        c60(0) p57 n99                  c                     
NV_NVDLA_CMAC_CORE_MAC_booth_2355        c60(0) p57 n99                  c                     
NV_NVDLA_CMAC_CORE_MAC_booth_2356        c60(0) p56 n98                  c                     
NV_NVDLA_CMAC_CORE_MAC_booth_2357        c60(0) p57 n99                  c                     
NV_NVDLA_CMAC_CORE_MAC_booth_2358        c60(0) p57 n99                  c                     
NV_NVDLA_CMAC_CORE_MAC_booth_2359        c55(0) p56 n92                  c                     
NV_NVDLA_CMAC_CORE_MAC_booth_236         c60(0) p57 n99                  c                     
NV_NVDLA_CMAC_CORE_MAC_booth_2360        c60(0) p56 n98                  c                     
NV_NVDLA_CMAC_CORE_MAC_booth_2361        c60(0) p56 n98                  c                     
NV_NVDLA_CMAC_CORE_MAC_booth_2362        c60(0) p56 n98                  c                     
NV_NVDLA_CMAC_CORE_MAC_booth_2363        c60(0) p58 n100                 c                     
NV_NVDLA_CMAC_CORE_MAC_booth_2364        c60(0) p56 n98                  c                     
NV_NVDLA_CMAC_CORE_MAC_booth_2365        c60(0) p57 n99                  c                     
NV_NVDLA_CMAC_CORE_MAC_booth_2366        c60(0) p56 n98                  c                     
NV_NVDLA_CMAC_CORE_MAC_booth_2367        c55(0) p56 n92                  c                     
NV_NVDLA_CMAC_CORE_MAC_booth_2368        c60(0) p57 n99                  c                     
NV_NVDLA_CMAC_CORE_MAC_booth_2369        c60(0) p57 n99                  c                     
NV_NVDLA_CMAC_CORE_MAC_booth_237         c60(0) p57 n99                  c                     
NV_NVDLA_CMAC_CORE_MAC_booth_2370        c60(0) p56 n98                  c                     
NV_NVDLA_CMAC_CORE_MAC_booth_2371        c60(0) p56 n98                  c                     
NV_NVDLA_CMAC_CORE_MAC_booth_2372        c60(0) p58 n100                 c                     
NV_NVDLA_CMAC_CORE_MAC_booth_2373        c60(0) p57 n99                  c                     
NV_NVDLA_CMAC_CORE_MAC_booth_2374        c60(0) p56 n98                  c                     
NV_NVDLA_CMAC_CORE_MAC_booth_2375        c55(0) p58 n94                  c                     
NV_NVDLA_CMAC_CORE_MAC_booth_2376        c60(0) p56 n98                  c                     
NV_NVDLA_CMAC_CORE_MAC_booth_2377        c60(0) p56 n98                  c                     
NV_NVDLA_CMAC_CORE_MAC_booth_2378        c62(0) p56 n100                 c                     
NV_NVDLA_CMAC_CORE_MAC_booth_2379        c60(0) p57 n99                  c                     
NV_NVDLA_CMAC_CORE_MAC_booth_238         c60(0) p57 n99                  c                     
NV_NVDLA_CMAC_CORE_MAC_booth_2380        c60(0) p56 n98                  c                     
NV_NVDLA_CMAC_CORE_MAC_booth_2381        c60(0) p56 n98                  c                     
NV_NVDLA_CMAC_CORE_MAC_booth_2382        c60(0) p56 n98                  c                     
NV_NVDLA_CMAC_CORE_MAC_booth_2383        c55(0) p57 n93                  c                     
NV_NVDLA_CMAC_CORE_MAC_booth_2384        c60(0) p56 n98                  c                     
NV_NVDLA_CMAC_CORE_MAC_booth_2385        c60(0) p56 n98                  c                     
NV_NVDLA_CMAC_CORE_MAC_booth_2386        c60(0) p57 n99                  c                     
NV_NVDLA_CMAC_CORE_MAC_booth_2387        c60(0) p57 n99                  c                     
NV_NVDLA_CMAC_CORE_MAC_booth_2388        c60(0) p57 n99                  c                     
NV_NVDLA_CMAC_CORE_MAC_booth_2389        c60(0) p56 n98                  c                     
NV_NVDLA_CMAC_CORE_MAC_booth_239         c55(0) p57 n93                  c                     
NV_NVDLA_CMAC_CORE_MAC_booth_2390        c60(0) p56 n98                  c                     
NV_NVDLA_CMAC_CORE_MAC_booth_2391        c55(0) p57 n93                  c                     
NV_NVDLA_CMAC_CORE_MAC_booth_2392        c60(0) p57 n99                  c                     
NV_NVDLA_CMAC_CORE_MAC_booth_2393        c60(0) p56 n98                  c                     
NV_NVDLA_CMAC_CORE_MAC_booth_2394        c60(0) p57 n99                  c                     
NV_NVDLA_CMAC_CORE_MAC_booth_2395        c60(0) p56 n98                  c                     
NV_NVDLA_CMAC_CORE_MAC_booth_2396        c60(0) p58 n100                 c                     
NV_NVDLA_CMAC_CORE_MAC_booth_2397        c60(0) p56 n98                  c                     
NV_NVDLA_CMAC_CORE_MAC_booth_2398        c60(0) p56 n98                  c                     
NV_NVDLA_CMAC_CORE_MAC_booth_2399        c55(0) p57 n93                  c                     
NV_NVDLA_CMAC_CORE_MAC_booth_24          c61(0) p57 n100                 c                     
NV_NVDLA_CMAC_CORE_MAC_booth_240         c60(0) p56 n98                  c                     
NV_NVDLA_CMAC_CORE_MAC_booth_2400        c60(0) p56 n98                  c                     
NV_NVDLA_CMAC_CORE_MAC_booth_2401        c60(0) p57 n99                  c                     
NV_NVDLA_CMAC_CORE_MAC_booth_2402        c60(0) p57 n99                  c                     
NV_NVDLA_CMAC_CORE_MAC_booth_2403        c60(0) p57 n99                  c                     
NV_NVDLA_CMAC_CORE_MAC_booth_2404        c60(0) p57 n99                  c                     
NV_NVDLA_CMAC_CORE_MAC_booth_2405        c60(0) p58 n100                 c                     
NV_NVDLA_CMAC_CORE_MAC_booth_2406        c60(0) p57 n99                  c                     
NV_NVDLA_CMAC_CORE_MAC_booth_2407        c55(0) p57 n93                  c                     
NV_NVDLA_CMAC_CORE_MAC_booth_2408        c60(0) p57 n99                  c                     
NV_NVDLA_CMAC_CORE_MAC_booth_2409        c60(0) p57 n99                  c                     
NV_NVDLA_CMAC_CORE_MAC_booth_241         c60(0) p56 n98                  c                     
NV_NVDLA_CMAC_CORE_MAC_booth_2410        c60(0) p56 n98                  c                     
NV_NVDLA_CMAC_CORE_MAC_booth_2411        c60(0) p57 n99                  c                     
NV_NVDLA_CMAC_CORE_MAC_booth_2412        c60(0) p57 n99                  c                     
NV_NVDLA_CMAC_CORE_MAC_booth_2413        c60(0) p57 n99                  c                     
NV_NVDLA_CMAC_CORE_MAC_booth_2414        c60(0) p57 n99                  c                     
NV_NVDLA_CMAC_CORE_MAC_booth_2415        c55(0) p56 n92                  c                     
NV_NVDLA_CMAC_CORE_MAC_booth_2416        c60(0) p56 n98                  c                     
NV_NVDLA_CMAC_CORE_MAC_booth_2417        c60(0) p56 n98                  c                     
NV_NVDLA_CMAC_CORE_MAC_booth_2418        c60(0) p57 n99                  c                     
NV_NVDLA_CMAC_CORE_MAC_booth_2419        c60(0) p56 n98                  c                     
NV_NVDLA_CMAC_CORE_MAC_booth_242         c60(0) p56 n98                  c                     
NV_NVDLA_CMAC_CORE_MAC_booth_2420        c60(0) p57 n99                  c                     
NV_NVDLA_CMAC_CORE_MAC_booth_2421        c60(0) p57 n99                  c                     
NV_NVDLA_CMAC_CORE_MAC_booth_2422        c60(0) p57 n99                  c                     
NV_NVDLA_CMAC_CORE_MAC_booth_2423        c55(0) p56 n92                  c                     
NV_NVDLA_CMAC_CORE_MAC_booth_2424        c60(0) p56 n98                  c                     
NV_NVDLA_CMAC_CORE_MAC_booth_2425        c60(0) p57 n99                  c                     
NV_NVDLA_CMAC_CORE_MAC_booth_2426        c60(0) p56 n98                  c                     
NV_NVDLA_CMAC_CORE_MAC_booth_2427        c60(0) p56 n98                  c                     
NV_NVDLA_CMAC_CORE_MAC_booth_2428        c60(0) p56 n98                  c                     
NV_NVDLA_CMAC_CORE_MAC_booth_2429        c60(0) p57 n99                  c                     
NV_NVDLA_CMAC_CORE_MAC_booth_243         c60(0) p57 n99                  c                     
NV_NVDLA_CMAC_CORE_MAC_booth_2430        c60(0) p56 n98                  c                     
NV_NVDLA_CMAC_CORE_MAC_booth_2431        c55(0) p56 n92                  c                     
NV_NVDLA_CMAC_CORE_MAC_booth_2432        c60(0) p58 n100                 c                     
NV_NVDLA_CMAC_CORE_MAC_booth_2433        c60(0) p57 n99                  c                     
NV_NVDLA_CMAC_CORE_MAC_booth_2434        c60(0) p57 n99                  c                     
NV_NVDLA_CMAC_CORE_MAC_booth_2435        c60(0) p56 n98                  c                     
NV_NVDLA_CMAC_CORE_MAC_booth_2436        c60(0) p57 n99                  c                     
NV_NVDLA_CMAC_CORE_MAC_booth_2437        c60(0) p57 n99                  c                     
NV_NVDLA_CMAC_CORE_MAC_booth_2438        c60(0) p57 n99                  c                     
NV_NVDLA_CMAC_CORE_MAC_booth_2439        c55(0) p56 n92                  c                     
NV_NVDLA_CMAC_CORE_MAC_booth_244         c60(0) p56 n98                  c                     
NV_NVDLA_CMAC_CORE_MAC_booth_2440        c60(0) p56 n98                  c                     
NV_NVDLA_CMAC_CORE_MAC_booth_2441        c60(0) p56 n98                  c                     
NV_NVDLA_CMAC_CORE_MAC_booth_2442        c60(0) p56 n98                  c                     
NV_NVDLA_CMAC_CORE_MAC_booth_2443        c60(0) p57 n99                  c                     
NV_NVDLA_CMAC_CORE_MAC_booth_2444        c60(0) p57 n99                  c                     
NV_NVDLA_CMAC_CORE_MAC_booth_2445        c60(0) p57 n99                  c                     
NV_NVDLA_CMAC_CORE_MAC_booth_2446        c60(0) p56 n98                  c                     
NV_NVDLA_CMAC_CORE_MAC_booth_2447        c55(0) p57 n93                  c                     
NV_NVDLA_CMAC_CORE_MAC_booth_2448        c60(0) p56 n98                  c                     
NV_NVDLA_CMAC_CORE_MAC_booth_2449        c60(0) p56 n98                  c                     
NV_NVDLA_CMAC_CORE_MAC_booth_245         c60(0) p57 n99                  c                     
NV_NVDLA_CMAC_CORE_MAC_booth_2450        c60(0) p56 n98                  c                     
NV_NVDLA_CMAC_CORE_MAC_booth_2451        c60(0) p57 n99                  c                     
NV_NVDLA_CMAC_CORE_MAC_booth_2452        c60(0) p56 n98                  c                     
NV_NVDLA_CMAC_CORE_MAC_booth_2453        c60(0) p56 n98                  c                     
NV_NVDLA_CMAC_CORE_MAC_booth_2454        c60(0) p57 n99                  c                     
NV_NVDLA_CMAC_CORE_MAC_booth_2455        c55(0) p56 n92                  c                     
NV_NVDLA_CMAC_CORE_MAC_booth_2456        c60(0) p58 n100                 c                     
NV_NVDLA_CMAC_CORE_MAC_booth_2457        c60(0) p57 n99                  c                     
NV_NVDLA_CMAC_CORE_MAC_booth_2458        c60(0) p56 n98                  c                     
NV_NVDLA_CMAC_CORE_MAC_booth_2459        c60(0) p57 n99                  c                     
NV_NVDLA_CMAC_CORE_MAC_booth_246         c60(0) p56 n98                  c                     
NV_NVDLA_CMAC_CORE_MAC_booth_2460        c60(0) p56 n98                  c                     
NV_NVDLA_CMAC_CORE_MAC_booth_2461        c60(0) p57 n99                  c                     
NV_NVDLA_CMAC_CORE_MAC_booth_2462        c60(0) p58 n100                 c                     
NV_NVDLA_CMAC_CORE_MAC_booth_2463        c55(0) p57 n93                  c                     
NV_NVDLA_CMAC_CORE_MAC_booth_2464        c61(0) p56 n99                  c                     
NV_NVDLA_CMAC_CORE_MAC_booth_2465        c60(0) p56 n98                  c                     
NV_NVDLA_CMAC_CORE_MAC_booth_2466        c60(0) p56 n98                  c                     
NV_NVDLA_CMAC_CORE_MAC_booth_2467        c60(0) p57 n99                  c                     
NV_NVDLA_CMAC_CORE_MAC_booth_2468        c60(0) p57 n99                  c                     
NV_NVDLA_CMAC_CORE_MAC_booth_2469        c60(0) p56 n98                  c                     
NV_NVDLA_CMAC_CORE_MAC_booth_247         c55(0) p56 n92                  c                     
NV_NVDLA_CMAC_CORE_MAC_booth_2470        c60(0) p58 n100                 c                     
NV_NVDLA_CMAC_CORE_MAC_booth_2471        c55(0) p56 n92                  c                     
NV_NVDLA_CMAC_CORE_MAC_booth_2472        c60(0) p57 n99                  c                     
NV_NVDLA_CMAC_CORE_MAC_booth_2473        c60(0) p57 n99                  c                     
NV_NVDLA_CMAC_CORE_MAC_booth_2474        c60(0) p57 n99                  c                     
NV_NVDLA_CMAC_CORE_MAC_booth_2475        c60(0) p56 n98                  c                     
NV_NVDLA_CMAC_CORE_MAC_booth_2476        c60(0) p57 n99                  c                     
NV_NVDLA_CMAC_CORE_MAC_booth_2477        c60(0) p57 n99                  c                     
NV_NVDLA_CMAC_CORE_MAC_booth_2478        c60(0) p56 n98                  c                     
NV_NVDLA_CMAC_CORE_MAC_booth_2479        c55(0) p58 n94                  c                     
NV_NVDLA_CMAC_CORE_MAC_booth_248         c61(0) p56 n99                  c                     
NV_NVDLA_CMAC_CORE_MAC_booth_2480        c60(0) p56 n98                  c                     
NV_NVDLA_CMAC_CORE_MAC_booth_2481        c60(0) p56 n98                  c                     
NV_NVDLA_CMAC_CORE_MAC_booth_2482        c60(0) p56 n98                  c                     
NV_NVDLA_CMAC_CORE_MAC_booth_2483        c60(0) p58 n100                 c                     
NV_NVDLA_CMAC_CORE_MAC_booth_2484        c60(0) p57 n99                  c                     
NV_NVDLA_CMAC_CORE_MAC_booth_2485        c60(0) p57 n99                  c                     
NV_NVDLA_CMAC_CORE_MAC_booth_2486        c60(0) p57 n99                  c                     
NV_NVDLA_CMAC_CORE_MAC_booth_2487        c55(0) p57 n93                  c                     
NV_NVDLA_CMAC_CORE_MAC_booth_2488        c60(0) p56 n98                  c                     
NV_NVDLA_CMAC_CORE_MAC_booth_2489        c60(0) p56 n98                  c                     
NV_NVDLA_CMAC_CORE_MAC_booth_249         c60(0) p56 n98                  c                     
NV_NVDLA_CMAC_CORE_MAC_booth_2490        c60(0) p56 n98                  c                     
NV_NVDLA_CMAC_CORE_MAC_booth_2491        c60(0) p57 n99                  c                     
NV_NVDLA_CMAC_CORE_MAC_booth_2492        c60(0) p56 n98                  c                     
NV_NVDLA_CMAC_CORE_MAC_booth_2493        c60(0) p56 n98                  c                     
NV_NVDLA_CMAC_CORE_MAC_booth_2494        c60(0) p58 n100                 c                     
NV_NVDLA_CMAC_CORE_MAC_booth_2495        c55(0) p57 n93                  c                     
NV_NVDLA_CMAC_CORE_MAC_booth_2496        c60(0) p56 n98                  c                     
NV_NVDLA_CMAC_CORE_MAC_booth_2497        c60(0) p56 n98                  c                     
NV_NVDLA_CMAC_CORE_MAC_booth_2498        c60(0) p57 n99                  c                     
NV_NVDLA_CMAC_CORE_MAC_booth_2499        c60(0) p57 n99                  c                     
NV_NVDLA_CMAC_CORE_MAC_booth_25          c60(0) p56 n98                  c                     
NV_NVDLA_CMAC_CORE_MAC_booth_250         c60(0) p56 n98                  c                     
NV_NVDLA_CMAC_CORE_MAC_booth_2500        c60(0) p56 n98                  c                     
NV_NVDLA_CMAC_CORE_MAC_booth_2501        c60(0) p56 n98                  c                     
NV_NVDLA_CMAC_CORE_MAC_booth_2502        c60(0) p56 n98                  c                     
NV_NVDLA_CMAC_CORE_MAC_booth_2503        c55(0) p57 n93                  c                     
NV_NVDLA_CMAC_CORE_MAC_booth_2504        c60(0) p58 n100                 c                     
NV_NVDLA_CMAC_CORE_MAC_booth_2505        c60(0) p57 n99                  c                     
NV_NVDLA_CMAC_CORE_MAC_booth_2506        c60(0) p57 n99                  c                     
NV_NVDLA_CMAC_CORE_MAC_booth_2507        c60(0) p57 n99                  c                     
NV_NVDLA_CMAC_CORE_MAC_booth_2508        c60(0) p57 n99                  c                     
NV_NVDLA_CMAC_CORE_MAC_booth_2509        c60(0) p57 n99                  c                     
NV_NVDLA_CMAC_CORE_MAC_booth_251         c60(0) p57 n99                  c                     
NV_NVDLA_CMAC_CORE_MAC_booth_2510        c60(0) p57 n99                  c                     
NV_NVDLA_CMAC_CORE_MAC_booth_2511        c55(0) p57 n93                  c                     
NV_NVDLA_CMAC_CORE_MAC_booth_2512        c60(0) p56 n98                  c                     
NV_NVDLA_CMAC_CORE_MAC_booth_2513        c60(0) p56 n98                  c                     
NV_NVDLA_CMAC_CORE_MAC_booth_2514        c60(0) p56 n98                  c                     
NV_NVDLA_CMAC_CORE_MAC_booth_2515        c60(0) p57 n99                  c                     
NV_NVDLA_CMAC_CORE_MAC_booth_2516        c60(0) p56 n98                  c                     
NV_NVDLA_CMAC_CORE_MAC_booth_2517        c60(0) p57 n99                  c                     
NV_NVDLA_CMAC_CORE_MAC_booth_2518        c60(0) p57 n99                  c                     
NV_NVDLA_CMAC_CORE_MAC_booth_2519        c55(0) p56 n92                  c                     
NV_NVDLA_CMAC_CORE_MAC_booth_252         c60(0) p56 n98                  c                     
NV_NVDLA_CMAC_CORE_MAC_booth_2520        c60(0) p57 n99                  c                     
NV_NVDLA_CMAC_CORE_MAC_booth_2521        c60(0) p58 n100                 c                     
NV_NVDLA_CMAC_CORE_MAC_booth_2522        c60(0) p57 n99                  c                     
NV_NVDLA_CMAC_CORE_MAC_booth_2523        c60(0) p57 n99                  c                     
NV_NVDLA_CMAC_CORE_MAC_booth_2524        c60(0) p56 n98                  c                     
NV_NVDLA_CMAC_CORE_MAC_booth_2525        c60(0) p57 n99                  c                     
NV_NVDLA_CMAC_CORE_MAC_booth_2526        c60(0) p56 n98                  c                     
NV_NVDLA_CMAC_CORE_MAC_booth_2527        c55(0) p57 n93                  c                     
NV_NVDLA_CMAC_CORE_MAC_booth_2528        c60(0) p57 n99                  c                     
NV_NVDLA_CMAC_CORE_MAC_booth_2529        c60(0) p56 n98                  c                     
NV_NVDLA_CMAC_CORE_MAC_booth_253         c60(0) p57 n99                  c                     
NV_NVDLA_CMAC_CORE_MAC_booth_2530        c60(0) p56 n98                  c                     
NV_NVDLA_CMAC_CORE_MAC_booth_2531        c60(0) p56 n98                  c                     
NV_NVDLA_CMAC_CORE_MAC_booth_2532        c60(0) p56 n98                  c                     
NV_NVDLA_CMAC_CORE_MAC_booth_2533        c60(0) p57 n99                  c                     
NV_NVDLA_CMAC_CORE_MAC_booth_2534        c60(0) p56 n98                  c                     
NV_NVDLA_CMAC_CORE_MAC_booth_2535        c55(0) p56 n92                  c                     
NV_NVDLA_CMAC_CORE_MAC_booth_2536        c60(0) p57 n99                  c                     
NV_NVDLA_CMAC_CORE_MAC_booth_2537        c60(0) p57 n99                  c                     
NV_NVDLA_CMAC_CORE_MAC_booth_2538        c60(0) p57 n99                  c                     
NV_NVDLA_CMAC_CORE_MAC_booth_2539        c60(0) p56 n98                  c                     
NV_NVDLA_CMAC_CORE_MAC_booth_254         c60(0) p57 n99                  c                     
NV_NVDLA_CMAC_CORE_MAC_booth_2540        c60(0) p56 n98                  c                     
NV_NVDLA_CMAC_CORE_MAC_booth_2541        c60(0) p56 n98                  c                     
NV_NVDLA_CMAC_CORE_MAC_booth_2542        c60(0) p57 n99                  c                     
NV_NVDLA_CMAC_CORE_MAC_booth_2543        c55(0) p57 n93                  c                     
NV_NVDLA_CMAC_CORE_MAC_booth_2544        c60(0) p57 n99                  c                     
NV_NVDLA_CMAC_CORE_MAC_booth_2545        c60(0) p57 n99                  c                     
NV_NVDLA_CMAC_CORE_MAC_booth_2546        c60(0) p57 n99                  c                     
NV_NVDLA_CMAC_CORE_MAC_booth_2547        c60(0) p57 n99                  c                     
NV_NVDLA_CMAC_CORE_MAC_booth_2548        c60(0) p56 n98                  c                     
NV_NVDLA_CMAC_CORE_MAC_booth_2549        c60(0) p57 n99                  c                     
NV_NVDLA_CMAC_CORE_MAC_booth_255         c55(0) p57 n93                  c                     
NV_NVDLA_CMAC_CORE_MAC_booth_2550        c60(0) p56 n98                  c                     
NV_NVDLA_CMAC_CORE_MAC_booth_2551        c55(0) p56 n92                  c                     
NV_NVDLA_CMAC_CORE_MAC_booth_2552        c60(0) p56 n98                  c                     
NV_NVDLA_CMAC_CORE_MAC_booth_2553        c60(0) p56 n98                  c                     
NV_NVDLA_CMAC_CORE_MAC_booth_2554        c60(0) p56 n98                  c                     
NV_NVDLA_CMAC_CORE_MAC_booth_2555        c60(0) p56 n98                  c                     
NV_NVDLA_CMAC_CORE_MAC_booth_2556        c60(0) p56 n98                  c                     
NV_NVDLA_CMAC_CORE_MAC_booth_2557        c60(0) p57 n99                  c                     
NV_NVDLA_CMAC_CORE_MAC_booth_2558        c60(0) p57 n99                  c                     
NV_NVDLA_CMAC_CORE_MAC_booth_2559        c55(0) p57 n93                  c                     
NV_NVDLA_CMAC_CORE_MAC_booth_256         c60(0) p56 n98                  c                     
NV_NVDLA_CMAC_CORE_MAC_booth_2560        c60(0) p56 n98                  c                     
NV_NVDLA_CMAC_CORE_MAC_booth_2561        c60(0) p56 n98                  c                     
NV_NVDLA_CMAC_CORE_MAC_booth_2562        c60(0) p56 n98                  c                     
NV_NVDLA_CMAC_CORE_MAC_booth_2563        c60(0) p56 n98                  c                     
NV_NVDLA_CMAC_CORE_MAC_booth_2564        c60(0) p57 n99                  c                     
NV_NVDLA_CMAC_CORE_MAC_booth_2565        c60(0) p58 n100                 c                     
NV_NVDLA_CMAC_CORE_MAC_booth_2566        c60(0) p56 n98                  c                     
NV_NVDLA_CMAC_CORE_MAC_booth_2567        c55(0) p56 n92                  c                     
NV_NVDLA_CMAC_CORE_MAC_booth_2568        c60(0) p56 n98                  c                     
NV_NVDLA_CMAC_CORE_MAC_booth_2569        c60(0) p57 n99                  c                     
NV_NVDLA_CMAC_CORE_MAC_booth_257         c60(0) p56 n98                  c                     
NV_NVDLA_CMAC_CORE_MAC_booth_2570        c60(0) p56 n98                  c                     
NV_NVDLA_CMAC_CORE_MAC_booth_2571        c60(0) p56 n98                  c                     
NV_NVDLA_CMAC_CORE_MAC_booth_2572        c60(0) p57 n99                  c                     
NV_NVDLA_CMAC_CORE_MAC_booth_2573        c60(0) p56 n98                  c                     
NV_NVDLA_CMAC_CORE_MAC_booth_2574        c60(0) p56 n98                  c                     
NV_NVDLA_CMAC_CORE_MAC_booth_2575        c55(0) p56 n92                  c                     
NV_NVDLA_CMAC_CORE_MAC_booth_2576        c60(0) p56 n98                  c                     
NV_NVDLA_CMAC_CORE_MAC_booth_2577        c60(0) p56 n98                  c                     
NV_NVDLA_CMAC_CORE_MAC_booth_2578        c60(0) p56 n98                  c                     
NV_NVDLA_CMAC_CORE_MAC_booth_2579        c60(0) p56 n98                  c                     
NV_NVDLA_CMAC_CORE_MAC_booth_258         c60(0) p57 n99                  c                     
NV_NVDLA_CMAC_CORE_MAC_booth_2580        c60(0) p57 n99                  c                     
NV_NVDLA_CMAC_CORE_MAC_booth_2581        c60(0) p57 n99                  c                     
NV_NVDLA_CMAC_CORE_MAC_booth_2582        c60(0) p57 n99                  c                     
NV_NVDLA_CMAC_CORE_MAC_booth_2583        c55(0) p58 n94                  c                     
NV_NVDLA_CMAC_CORE_MAC_booth_2584        c60(0) p56 n98                  c                     
NV_NVDLA_CMAC_CORE_MAC_booth_2585        c60(0) p56 n98                  c                     
NV_NVDLA_CMAC_CORE_MAC_booth_2586        c60(0) p56 n98                  c                     
NV_NVDLA_CMAC_CORE_MAC_booth_2587        c60(0) p56 n98                  c                     
NV_NVDLA_CMAC_CORE_MAC_booth_2588        c60(0) p57 n99                  c                     
NV_NVDLA_CMAC_CORE_MAC_booth_2589        c60(0) p56 n98                  c                     
NV_NVDLA_CMAC_CORE_MAC_booth_259         c60(0) p56 n98                  c                     
NV_NVDLA_CMAC_CORE_MAC_booth_2590        c60(0) p57 n99                  c                     
NV_NVDLA_CMAC_CORE_MAC_booth_2591        c55(0) p56 n92                  c                     
NV_NVDLA_CMAC_CORE_MAC_booth_2592        c60(0) p56 n98                  c                     
NV_NVDLA_CMAC_CORE_MAC_booth_2593        c60(0) p56 n98                  c                     
NV_NVDLA_CMAC_CORE_MAC_booth_2594        c60(0) p56 n98                  c                     
NV_NVDLA_CMAC_CORE_MAC_booth_2595        c60(0) p56 n98                  c                     
NV_NVDLA_CMAC_CORE_MAC_booth_2596        c60(0) p58 n100                 c                     
NV_NVDLA_CMAC_CORE_MAC_booth_2597        c60(0) p57 n99                  c                     
NV_NVDLA_CMAC_CORE_MAC_booth_2598        c60(0) p56 n98                  c                     
NV_NVDLA_CMAC_CORE_MAC_booth_2599        c55(0) p56 n92                  c                     
NV_NVDLA_CMAC_CORE_MAC_booth_26          c60(0) p56 n98                  c                     
NV_NVDLA_CMAC_CORE_MAC_booth_260         c60(0) p56 n98                  c                     
NV_NVDLA_CMAC_CORE_MAC_booth_2600        c60(0) p57 n99                  c                     
NV_NVDLA_CMAC_CORE_MAC_booth_2601        c60(0) p57 n99                  c                     
NV_NVDLA_CMAC_CORE_MAC_booth_2602        c60(0) p57 n99                  c                     
NV_NVDLA_CMAC_CORE_MAC_booth_2603        c60(0) p57 n99                  c                     
NV_NVDLA_CMAC_CORE_MAC_booth_2604        c60(0) p56 n98                  c                     
NV_NVDLA_CMAC_CORE_MAC_booth_2605        c60(0) p56 n98                  c                     
NV_NVDLA_CMAC_CORE_MAC_booth_2606        c60(0) p56 n98                  c                     
NV_NVDLA_CMAC_CORE_MAC_booth_2607        c55(0) p56 n92                  c                     
NV_NVDLA_CMAC_CORE_MAC_booth_2608        c60(0) p56 n98                  c                     
NV_NVDLA_CMAC_CORE_MAC_booth_2609        c60(0) p57 n99                  c                     
NV_NVDLA_CMAC_CORE_MAC_booth_261         c60(0) p57 n99                  c                     
NV_NVDLA_CMAC_CORE_MAC_booth_2610        c60(0) p57 n99                  c                     
NV_NVDLA_CMAC_CORE_MAC_booth_2611        c60(0) p56 n98                  c                     
NV_NVDLA_CMAC_CORE_MAC_booth_2612        c60(0) p56 n98                  c                     
NV_NVDLA_CMAC_CORE_MAC_booth_2613        c60(0) p57 n99                  c                     
NV_NVDLA_CMAC_CORE_MAC_booth_2614        c60(0) p58 n100                 c                     
NV_NVDLA_CMAC_CORE_MAC_booth_2615        c55(0) p56 n92                  c                     
NV_NVDLA_CMAC_CORE_MAC_booth_2616        c60(0) p57 n99                  c                     
NV_NVDLA_CMAC_CORE_MAC_booth_2617        c60(0) p57 n99                  c                     
NV_NVDLA_CMAC_CORE_MAC_booth_2618        c60(0) p57 n99                  c                     
NV_NVDLA_CMAC_CORE_MAC_booth_2619        c60(0) p57 n99                  c                     
NV_NVDLA_CMAC_CORE_MAC_booth_262         c60(0) p57 n99                  c                     
NV_NVDLA_CMAC_CORE_MAC_booth_2620        c60(0) p56 n98                  c                     
NV_NVDLA_CMAC_CORE_MAC_booth_2621        c60(0) p57 n99                  c                     
NV_NVDLA_CMAC_CORE_MAC_booth_2622        c60(0) p56 n98                  c                     
NV_NVDLA_CMAC_CORE_MAC_booth_2623        c55(0) p56 n92                  c                     
NV_NVDLA_CMAC_CORE_MAC_booth_2624        c60(0) p56 n98                  c                     
NV_NVDLA_CMAC_CORE_MAC_booth_2625        c60(0) p56 n98                  c                     
NV_NVDLA_CMAC_CORE_MAC_booth_2626        c60(0) p56 n98                  c                     
NV_NVDLA_CMAC_CORE_MAC_booth_2627        c60(0) p56 n98                  c                     
NV_NVDLA_CMAC_CORE_MAC_booth_2628        c60(0) p56 n98                  c                     
NV_NVDLA_CMAC_CORE_MAC_booth_2629        c60(0) p56 n98                  c                     
NV_NVDLA_CMAC_CORE_MAC_booth_263         c55(0) p56 n92                  c                     
NV_NVDLA_CMAC_CORE_MAC_booth_2630        c60(0) p57 n99                  c                     
NV_NVDLA_CMAC_CORE_MAC_booth_2631        c55(0) p56 n92                  c                     
NV_NVDLA_CMAC_CORE_MAC_booth_2632        c60(0) p58 n100                 c                     
NV_NVDLA_CMAC_CORE_MAC_booth_2633        c60(0) p57 n99                  c                     
NV_NVDLA_CMAC_CORE_MAC_booth_2634        c60(0) p56 n98                  c                     
NV_NVDLA_CMAC_CORE_MAC_booth_2635        c60(0) p56 n98                  c                     
NV_NVDLA_CMAC_CORE_MAC_booth_2636        c60(0) p58 n100                 c                     
NV_NVDLA_CMAC_CORE_MAC_booth_2637        c60(0) p57 n99                  c                     
NV_NVDLA_CMAC_CORE_MAC_booth_2638        c60(0) p57 n99                  c                     
NV_NVDLA_CMAC_CORE_MAC_booth_2639        c55(0) p56 n92                  c                     
NV_NVDLA_CMAC_CORE_MAC_booth_264         c60(0) p57 n99                  c                     
NV_NVDLA_CMAC_CORE_MAC_booth_2640        c60(0) p56 n98                  c                     
NV_NVDLA_CMAC_CORE_MAC_booth_2641        c60(0) p56 n98                  c                     
NV_NVDLA_CMAC_CORE_MAC_booth_2642        c60(0) p56 n98                  c                     
NV_NVDLA_CMAC_CORE_MAC_booth_2643        c60(0) p56 n98                  c                     
NV_NVDLA_CMAC_CORE_MAC_booth_2644        c60(0) p57 n99                  c                     
NV_NVDLA_CMAC_CORE_MAC_booth_2645        c60(0) p56 n98                  c                     
NV_NVDLA_CMAC_CORE_MAC_booth_2646        c60(0) p57 n99                  c                     
NV_NVDLA_CMAC_CORE_MAC_booth_2647        c55(0) p57 n93                  c                     
NV_NVDLA_CMAC_CORE_MAC_booth_2648        c60(0) p56 n98                  c                     
NV_NVDLA_CMAC_CORE_MAC_booth_2649        c60(0) p56 n98                  c                     
NV_NVDLA_CMAC_CORE_MAC_booth_265         c60(0) p58 n100                 c                     
NV_NVDLA_CMAC_CORE_MAC_booth_2650        c60(0) p56 n98                  c                     
NV_NVDLA_CMAC_CORE_MAC_booth_2651        c60(0) p56 n98                  c                     
NV_NVDLA_CMAC_CORE_MAC_booth_2652        c60(0) p56 n98                  c                     
NV_NVDLA_CMAC_CORE_MAC_booth_2653        c60(0) p56 n98                  c                     
NV_NVDLA_CMAC_CORE_MAC_booth_2654        c60(0) p56 n98                  c                     
NV_NVDLA_CMAC_CORE_MAC_booth_2655        c55(0) p57 n93                  c                     
NV_NVDLA_CMAC_CORE_MAC_booth_2656        c60(0) p56 n98                  c                     
NV_NVDLA_CMAC_CORE_MAC_booth_2657        c60(0) p56 n98                  c                     
NV_NVDLA_CMAC_CORE_MAC_booth_2658        c60(0) p56 n98                  c                     
NV_NVDLA_CMAC_CORE_MAC_booth_2659        c60(0) p56 n98                  c                     
NV_NVDLA_CMAC_CORE_MAC_booth_266         c60(0) p56 n98                  c                     
NV_NVDLA_CMAC_CORE_MAC_booth_2660        c60(0) p56 n98                  c                     
NV_NVDLA_CMAC_CORE_MAC_booth_2661        c60(0) p56 n98                  c                     
NV_NVDLA_CMAC_CORE_MAC_booth_2662        c60(0) p58 n100                 c                     
NV_NVDLA_CMAC_CORE_MAC_booth_2663        c55(0) p57 n93                  c                     
NV_NVDLA_CMAC_CORE_MAC_booth_2664        c60(0) p56 n98                  c                     
NV_NVDLA_CMAC_CORE_MAC_booth_2665        c60(0) p56 n98                  c                     
NV_NVDLA_CMAC_CORE_MAC_booth_2666        c60(0) p56 n98                  c                     
NV_NVDLA_CMAC_CORE_MAC_booth_2667        c60(0) p57 n99                  c                     
NV_NVDLA_CMAC_CORE_MAC_booth_2668        c60(0) p57 n99                  c                     
NV_NVDLA_CMAC_CORE_MAC_booth_2669        c60(0) p57 n99                  c                     
NV_NVDLA_CMAC_CORE_MAC_booth_267         c60(0) p57 n99                  c                     
NV_NVDLA_CMAC_CORE_MAC_booth_2670        c60(0) p56 n98                  c                     
NV_NVDLA_CMAC_CORE_MAC_booth_2671        c55(0) p56 n92                  c                     
NV_NVDLA_CMAC_CORE_MAC_booth_2672        c60(0) p56 n98                  c                     
NV_NVDLA_CMAC_CORE_MAC_booth_2673        c60(0) p56 n98                  c                     
NV_NVDLA_CMAC_CORE_MAC_booth_2674        c60(0) p56 n98                  c                     
NV_NVDLA_CMAC_CORE_MAC_booth_2675        c60(0) p56 n98                  c                     
NV_NVDLA_CMAC_CORE_MAC_booth_2676        c60(0) p56 n98                  c                     
NV_NVDLA_CMAC_CORE_MAC_booth_2677        c60(0) p56 n98                  c                     
NV_NVDLA_CMAC_CORE_MAC_booth_2678        c60(0) p57 n99                  c                     
NV_NVDLA_CMAC_CORE_MAC_booth_2679        c55(0) p56 n92                  c                     
NV_NVDLA_CMAC_CORE_MAC_booth_268         c60(0) p57 n99                  c                     
NV_NVDLA_CMAC_CORE_MAC_booth_2680        c60(0) p56 n98                  c                     
NV_NVDLA_CMAC_CORE_MAC_booth_2681        c60(0) p57 n99                  c                     
NV_NVDLA_CMAC_CORE_MAC_booth_2682        c60(0) p56 n98                  c                     
NV_NVDLA_CMAC_CORE_MAC_booth_2683        c60(0) p57 n99                  c                     
NV_NVDLA_CMAC_CORE_MAC_booth_2684        c60(0) p57 n99                  c                     
NV_NVDLA_CMAC_CORE_MAC_booth_2685        c60(0) p56 n98                  c                     
NV_NVDLA_CMAC_CORE_MAC_booth_2686        c60(0) p57 n99                  c                     
NV_NVDLA_CMAC_CORE_MAC_booth_2687        c55(0) p56 n92                  c                     
NV_NVDLA_CMAC_CORE_MAC_booth_2688        c60(0) p56 n98                  c                     
NV_NVDLA_CMAC_CORE_MAC_booth_2689        c60(0) p56 n98                  c                     
NV_NVDLA_CMAC_CORE_MAC_booth_269         c60(0) p57 n99                  c                     
NV_NVDLA_CMAC_CORE_MAC_booth_2690        c60(0) p56 n98                  c                     
NV_NVDLA_CMAC_CORE_MAC_booth_2691        c60(0) p56 n98                  c                     
NV_NVDLA_CMAC_CORE_MAC_booth_2692        c60(0) p57 n99                  c                     
NV_NVDLA_CMAC_CORE_MAC_booth_2693        c60(0) p57 n99                  c                     
NV_NVDLA_CMAC_CORE_MAC_booth_2694        c60(0) p57 n99                  c                     
NV_NVDLA_CMAC_CORE_MAC_booth_2695        c55(0) p57 n93                  c                     
NV_NVDLA_CMAC_CORE_MAC_booth_2696        c60(0) p56 n98                  c                     
NV_NVDLA_CMAC_CORE_MAC_booth_2697        c60(0) p56 n98                  c                     
NV_NVDLA_CMAC_CORE_MAC_booth_2698        c60(0) p56 n98                  c                     
NV_NVDLA_CMAC_CORE_MAC_booth_2699        c60(0) p56 n98                  c                     
NV_NVDLA_CMAC_CORE_MAC_booth_27          c60(0) p57 n99                  c                     
NV_NVDLA_CMAC_CORE_MAC_booth_270         c60(0) p57 n99                  c                     
NV_NVDLA_CMAC_CORE_MAC_booth_2700        c60(0) p57 n99                  c                     
NV_NVDLA_CMAC_CORE_MAC_booth_2701        c60(0) p56 n98                  c                     
NV_NVDLA_CMAC_CORE_MAC_booth_2702        c60(0) p57 n99                  c                     
NV_NVDLA_CMAC_CORE_MAC_booth_2703        c55(0) p56 n92                  c                     
NV_NVDLA_CMAC_CORE_MAC_booth_2704        c60(0) p57 n99                  c                     
NV_NVDLA_CMAC_CORE_MAC_booth_2705        c60(0) p57 n99                  c                     
NV_NVDLA_CMAC_CORE_MAC_booth_2706        c60(0) p56 n98                  c                     
NV_NVDLA_CMAC_CORE_MAC_booth_2707        c60(0) p56 n98                  c                     
NV_NVDLA_CMAC_CORE_MAC_booth_2708        c60(0) p56 n98                  c                     
NV_NVDLA_CMAC_CORE_MAC_booth_2709        c60(0) p56 n98                  c                     
NV_NVDLA_CMAC_CORE_MAC_booth_271         c55(0) p56 n92                  c                     
NV_NVDLA_CMAC_CORE_MAC_booth_2710        c60(0) p57 n99                  c                     
NV_NVDLA_CMAC_CORE_MAC_booth_2711        c55(0) p57 n93                  c                     
NV_NVDLA_CMAC_CORE_MAC_booth_2712        c60(0) p57 n99                  c                     
NV_NVDLA_CMAC_CORE_MAC_booth_2713        c60(0) p58 n100                 c                     
NV_NVDLA_CMAC_CORE_MAC_booth_2714        c60(0) p57 n99                  c                     
NV_NVDLA_CMAC_CORE_MAC_booth_2715        c60(0) p56 n98                  c                     
NV_NVDLA_CMAC_CORE_MAC_booth_2716        c60(0) p57 n99                  c                     
NV_NVDLA_CMAC_CORE_MAC_booth_2717        c60(0) p57 n99                  c                     
NV_NVDLA_CMAC_CORE_MAC_booth_2718        c60(0) p56 n98                  c                     
NV_NVDLA_CMAC_CORE_MAC_booth_2719        c55(0) p56 n92                  c                     
NV_NVDLA_CMAC_CORE_MAC_booth_272         c60(0) p56 n98                  c                     
NV_NVDLA_CMAC_CORE_MAC_booth_2720        c60(0) p57 n99                  c                     
NV_NVDLA_CMAC_CORE_MAC_booth_2721        c60(0) p58 n100                 c                     
NV_NVDLA_CMAC_CORE_MAC_booth_2722        c60(0) p56 n98                  c                     
NV_NVDLA_CMAC_CORE_MAC_booth_2723        c60(0) p57 n99                  c                     
NV_NVDLA_CMAC_CORE_MAC_booth_2724        c60(0) p57 n99                  c                     
NV_NVDLA_CMAC_CORE_MAC_booth_2725        c60(0) p57 n99                  c                     
NV_NVDLA_CMAC_CORE_MAC_booth_2726        c60(0) p56 n98                  c                     
NV_NVDLA_CMAC_CORE_MAC_booth_2727        c56(0) p56 n93                  c                     
NV_NVDLA_CMAC_CORE_MAC_booth_2728        c60(0) p56 n98                  c                     
NV_NVDLA_CMAC_CORE_MAC_booth_2729        c60(0) p56 n98                  c                     
NV_NVDLA_CMAC_CORE_MAC_booth_273         c60(0) p56 n98                  c                     
NV_NVDLA_CMAC_CORE_MAC_booth_2730        c60(0) p56 n98                  c                     
NV_NVDLA_CMAC_CORE_MAC_booth_2731        c60(0) p56 n98                  c                     
NV_NVDLA_CMAC_CORE_MAC_booth_2732        c60(0) p56 n98                  c                     
NV_NVDLA_CMAC_CORE_MAC_booth_2733        c60(0) p56 n98                  c                     
NV_NVDLA_CMAC_CORE_MAC_booth_2734        c60(0) p56 n98                  c                     
NV_NVDLA_CMAC_CORE_MAC_booth_2735        c55(0) p57 n93                  c                     
NV_NVDLA_CMAC_CORE_MAC_booth_2736        c60(0) p57 n99                  c                     
NV_NVDLA_CMAC_CORE_MAC_booth_2737        c60(0) p57 n99                  c                     
NV_NVDLA_CMAC_CORE_MAC_booth_2738        c60(0) p56 n98                  c                     
NV_NVDLA_CMAC_CORE_MAC_booth_2739        c60(0) p56 n98                  c                     
NV_NVDLA_CMAC_CORE_MAC_booth_274         c60(0) p56 n98                  c                     
NV_NVDLA_CMAC_CORE_MAC_booth_2740        c60(0) p56 n98                  c                     
NV_NVDLA_CMAC_CORE_MAC_booth_2741        c60(0) p56 n98                  c                     
NV_NVDLA_CMAC_CORE_MAC_booth_2742        c60(0) p56 n98                  c                     
NV_NVDLA_CMAC_CORE_MAC_booth_2743        c55(0) p57 n93                  c                     
NV_NVDLA_CMAC_CORE_MAC_booth_2744        c60(0) p57 n99                  c                     
NV_NVDLA_CMAC_CORE_MAC_booth_2745        c60(0) p56 n98                  c                     
NV_NVDLA_CMAC_CORE_MAC_booth_2746        c60(0) p56 n98                  c                     
NV_NVDLA_CMAC_CORE_MAC_booth_2747        c60(0) p57 n99                  c                     
NV_NVDLA_CMAC_CORE_MAC_booth_2748        c60(0) p56 n98                  c                     
NV_NVDLA_CMAC_CORE_MAC_booth_2749        c60(0) p56 n98                  c                     
NV_NVDLA_CMAC_CORE_MAC_booth_275         c60(0) p57 n99                  c                     
NV_NVDLA_CMAC_CORE_MAC_booth_2750        c60(0) p57 n99                  c                     
NV_NVDLA_CMAC_CORE_MAC_booth_2751        c55(0) p56 n92                  c                     
NV_NVDLA_CMAC_CORE_MAC_booth_2752        c60(0) p57 n99                  c                     
NV_NVDLA_CMAC_CORE_MAC_booth_2753        c60(0) p56 n98                  c                     
NV_NVDLA_CMAC_CORE_MAC_booth_2754        c60(0) p56 n98                  c                     
NV_NVDLA_CMAC_CORE_MAC_booth_2755        c60(0) p56 n98                  c                     
NV_NVDLA_CMAC_CORE_MAC_booth_2756        c60(0) p56 n98                  c                     
NV_NVDLA_CMAC_CORE_MAC_booth_2757        c60(0) p56 n98                  c                     
NV_NVDLA_CMAC_CORE_MAC_booth_2758        c60(0) p56 n98                  c                     
NV_NVDLA_CMAC_CORE_MAC_booth_2759        c55(0) p56 n92                  c                     
NV_NVDLA_CMAC_CORE_MAC_booth_276         c60(0) p56 n98                  c                     
NV_NVDLA_CMAC_CORE_MAC_booth_2760        c60(0) p56 n98                  c                     
NV_NVDLA_CMAC_CORE_MAC_booth_2761        c61(0) p56 n99                  c                     
NV_NVDLA_CMAC_CORE_MAC_booth_2762        c60(0) p57 n99                  c                     
NV_NVDLA_CMAC_CORE_MAC_booth_2763        c60(0) p57 n99                  c                     
NV_NVDLA_CMAC_CORE_MAC_booth_2764        c60(0) p57 n99                  c                     
NV_NVDLA_CMAC_CORE_MAC_booth_2765        c60(0) p56 n98                  c                     
NV_NVDLA_CMAC_CORE_MAC_booth_2766        c60(0) p56 n98                  c                     
NV_NVDLA_CMAC_CORE_MAC_booth_2767        c55(0) p57 n93                  c                     
NV_NVDLA_CMAC_CORE_MAC_booth_2768        c60(0) p56 n98                  c                     
NV_NVDLA_CMAC_CORE_MAC_booth_2769        c60(0) p56 n98                  c                     
NV_NVDLA_CMAC_CORE_MAC_booth_277         c60(0) p57 n99                  c                     
NV_NVDLA_CMAC_CORE_MAC_booth_2770        c60(0) p56 n98                  c                     
NV_NVDLA_CMAC_CORE_MAC_booth_2771        c60(0) p58 n100                 c                     
NV_NVDLA_CMAC_CORE_MAC_booth_2772        c60(0) p56 n98                  c                     
NV_NVDLA_CMAC_CORE_MAC_booth_2773        c60(0) p57 n99                  c                     
NV_NVDLA_CMAC_CORE_MAC_booth_2774        c60(0) p56 n98                  c                     
NV_NVDLA_CMAC_CORE_MAC_booth_2775        c55(0) p56 n92                  c                     
NV_NVDLA_CMAC_CORE_MAC_booth_2776        c60(0) p56 n98                  c                     
NV_NVDLA_CMAC_CORE_MAC_booth_2777        c60(0) p56 n98                  c                     
NV_NVDLA_CMAC_CORE_MAC_booth_2778        c60(0) p57 n99                  c                     
NV_NVDLA_CMAC_CORE_MAC_booth_2779        c60(0) p57 n99                  c                     
NV_NVDLA_CMAC_CORE_MAC_booth_278         c60(0) p58 n100                 c                     
NV_NVDLA_CMAC_CORE_MAC_booth_2780        c60(0) p56 n98                  c                     
NV_NVDLA_CMAC_CORE_MAC_booth_2781        c60(0) p57 n99                  c                     
NV_NVDLA_CMAC_CORE_MAC_booth_2782        c60(0) p58 n100                 c                     
NV_NVDLA_CMAC_CORE_MAC_booth_2783        c55(0) p57 n93                  c                     
NV_NVDLA_CMAC_CORE_MAC_booth_2784        c60(0) p58 n100                 c                     
NV_NVDLA_CMAC_CORE_MAC_booth_2785        c60(0) p56 n98                  c                     
NV_NVDLA_CMAC_CORE_MAC_booth_2786        c60(0) p57 n99                  c                     
NV_NVDLA_CMAC_CORE_MAC_booth_2787        c60(0) p56 n98                  c                     
NV_NVDLA_CMAC_CORE_MAC_booth_2788        c60(0) p57 n99                  c                     
NV_NVDLA_CMAC_CORE_MAC_booth_2789        c60(0) p56 n98                  c                     
NV_NVDLA_CMAC_CORE_MAC_booth_279         c55(0) p56 n92                  c                     
NV_NVDLA_CMAC_CORE_MAC_booth_2790        c60(0) p57 n99                  c                     
NV_NVDLA_CMAC_CORE_MAC_booth_2791        c55(0) p56 n92                  c                     
NV_NVDLA_CMAC_CORE_MAC_booth_2792        c60(0) p56 n98                  c                     
NV_NVDLA_CMAC_CORE_MAC_booth_2793        c60(0) p58 n100                 c                     
NV_NVDLA_CMAC_CORE_MAC_booth_2794        c60(0) p57 n99                  c                     
NV_NVDLA_CMAC_CORE_MAC_booth_2795        c60(0) p56 n98                  c                     
NV_NVDLA_CMAC_CORE_MAC_booth_2796        c60(0) p56 n98                  c                     
NV_NVDLA_CMAC_CORE_MAC_booth_2797        c60(0) p58 n100                 c                     
NV_NVDLA_CMAC_CORE_MAC_booth_2798        c60(0) p57 n99                  c                     
NV_NVDLA_CMAC_CORE_MAC_booth_2799        c55(0) p56 n92                  c                     
NV_NVDLA_CMAC_CORE_MAC_booth_28          c60(0) p56 n98                  c                     
NV_NVDLA_CMAC_CORE_MAC_booth_280         c60(0) p56 n98                  c                     
NV_NVDLA_CMAC_CORE_MAC_booth_2800        c60(0) p58 n100                 c                     
NV_NVDLA_CMAC_CORE_MAC_booth_2801        c60(0) p57 n99                  c                     
NV_NVDLA_CMAC_CORE_MAC_booth_2802        c60(0) p57 n99                  c                     
NV_NVDLA_CMAC_CORE_MAC_booth_2803        c60(0) p56 n98                  c                     
NV_NVDLA_CMAC_CORE_MAC_booth_2804        c60(0) p57 n99                  c                     
NV_NVDLA_CMAC_CORE_MAC_booth_2805        c60(0) p56 n98                  c                     
NV_NVDLA_CMAC_CORE_MAC_booth_2806        c60(0) p56 n98                  c                     
NV_NVDLA_CMAC_CORE_MAC_booth_2807        c55(0) p57 n93                  c                     
NV_NVDLA_CMAC_CORE_MAC_booth_2808        c60(0) p56 n98                  c                     
NV_NVDLA_CMAC_CORE_MAC_booth_2809        c60(0) p56 n98                  c                     
NV_NVDLA_CMAC_CORE_MAC_booth_281         c60(0) p56 n98                  c                     
NV_NVDLA_CMAC_CORE_MAC_booth_2810        c60(0) p56 n98                  c                     
NV_NVDLA_CMAC_CORE_MAC_booth_2811        c60(0) p57 n99                  c                     
NV_NVDLA_CMAC_CORE_MAC_booth_2812        c60(0) p56 n98                  c                     
NV_NVDLA_CMAC_CORE_MAC_booth_2813        c60(0) p56 n98                  c                     
NV_NVDLA_CMAC_CORE_MAC_booth_2814        c60(0) p57 n99                  c                     
NV_NVDLA_CMAC_CORE_MAC_booth_2815        c55(0) p56 n92                  c                     
NV_NVDLA_CMAC_CORE_MAC_booth_2816        c60(0) p56 n98                  c                     
NV_NVDLA_CMAC_CORE_MAC_booth_2817        c60(0) p56 n98                  c                     
NV_NVDLA_CMAC_CORE_MAC_booth_2818        c60(0) p56 n98                  c                     
NV_NVDLA_CMAC_CORE_MAC_booth_2819        c60(0) p56 n98                  c                     
NV_NVDLA_CMAC_CORE_MAC_booth_282         c60(0) p56 n98                  c                     
NV_NVDLA_CMAC_CORE_MAC_booth_2820        c60(0) p56 n98                  c                     
NV_NVDLA_CMAC_CORE_MAC_booth_2821        c60(0) p57 n99                  c                     
NV_NVDLA_CMAC_CORE_MAC_booth_2822        c60(0) p56 n98                  c                     
NV_NVDLA_CMAC_CORE_MAC_booth_2823        c55(0) p56 n92                  c                     
NV_NVDLA_CMAC_CORE_MAC_booth_2824        c60(0) p56 n98                  c                     
NV_NVDLA_CMAC_CORE_MAC_booth_2825        c60(0) p56 n98                  c                     
NV_NVDLA_CMAC_CORE_MAC_booth_2826        c60(0) p56 n98                  c                     
NV_NVDLA_CMAC_CORE_MAC_booth_2827        c60(0) p57 n99                  c                     
NV_NVDLA_CMAC_CORE_MAC_booth_2828        c60(0) p57 n99                  c                     
NV_NVDLA_CMAC_CORE_MAC_booth_2829        c60(0) p56 n98                  c                     
NV_NVDLA_CMAC_CORE_MAC_booth_283         c60(0) p57 n99                  c                     
NV_NVDLA_CMAC_CORE_MAC_booth_2830        c60(0) p57 n99                  c                     
NV_NVDLA_CMAC_CORE_MAC_booth_2831        c55(0) p56 n92                  c                     
NV_NVDLA_CMAC_CORE_MAC_booth_2832        c60(0) p57 n99                  c                     
NV_NVDLA_CMAC_CORE_MAC_booth_2833        c60(0) p57 n99                  c                     
NV_NVDLA_CMAC_CORE_MAC_booth_2834        c60(0) p57 n99                  c                     
NV_NVDLA_CMAC_CORE_MAC_booth_2835        c60(0) p56 n98                  c                     
NV_NVDLA_CMAC_CORE_MAC_booth_2836        c60(0) p56 n98                  c                     
NV_NVDLA_CMAC_CORE_MAC_booth_2837        c60(0) p57 n99                  c                     
NV_NVDLA_CMAC_CORE_MAC_booth_2838        c60(0) p56 n98                  c                     
NV_NVDLA_CMAC_CORE_MAC_booth_2839        c55(0) p56 n92                  c                     
NV_NVDLA_CMAC_CORE_MAC_booth_284         c60(0) p57 n99                  c                     
NV_NVDLA_CMAC_CORE_MAC_booth_2840        c60(0) p57 n99                  c                     
NV_NVDLA_CMAC_CORE_MAC_booth_2841        c60(0) p57 n99                  c                     
NV_NVDLA_CMAC_CORE_MAC_booth_2842        c60(0) p56 n98                  c                     
NV_NVDLA_CMAC_CORE_MAC_booth_2843        c60(0) p57 n99                  c                     
NV_NVDLA_CMAC_CORE_MAC_booth_2844        c60(0) p56 n98                  c                     
NV_NVDLA_CMAC_CORE_MAC_booth_2845        c60(0) p57 n99                  c                     
NV_NVDLA_CMAC_CORE_MAC_booth_2846        c60(0) p56 n98                  c                     
NV_NVDLA_CMAC_CORE_MAC_booth_2847        c55(0) p57 n93                  c                     
NV_NVDLA_CMAC_CORE_MAC_booth_2848        c60(0) p56 n98                  c                     
NV_NVDLA_CMAC_CORE_MAC_booth_2849        c60(0) p56 n98                  c                     
NV_NVDLA_CMAC_CORE_MAC_booth_285         c60(0) p57 n99                  c                     
NV_NVDLA_CMAC_CORE_MAC_booth_2850        c60(0) p56 n98                  c                     
NV_NVDLA_CMAC_CORE_MAC_booth_2851        c60(0) p58 n100                 c                     
NV_NVDLA_CMAC_CORE_MAC_booth_2852        c60(0) p56 n98                  c                     
NV_NVDLA_CMAC_CORE_MAC_booth_2853        c60(0) p56 n98                  c                     
NV_NVDLA_CMAC_CORE_MAC_booth_2854        c60(0) p57 n99                  c                     
NV_NVDLA_CMAC_CORE_MAC_booth_2855        c55(0) p56 n92                  c                     
NV_NVDLA_CMAC_CORE_MAC_booth_2856        c60(0) p57 n99                  c                     
NV_NVDLA_CMAC_CORE_MAC_booth_2857        c60(0) p57 n99                  c                     
NV_NVDLA_CMAC_CORE_MAC_booth_2858        c60(0) p58 n100                 c                     
NV_NVDLA_CMAC_CORE_MAC_booth_2859        c60(0) p56 n98                  c                     
NV_NVDLA_CMAC_CORE_MAC_booth_286         c60(0) p56 n98                  c                     
NV_NVDLA_CMAC_CORE_MAC_booth_2860        c60(0) p57 n99                  c                     
NV_NVDLA_CMAC_CORE_MAC_booth_2861        c60(0) p57 n99                  c                     
NV_NVDLA_CMAC_CORE_MAC_booth_2862        c60(0) p57 n99                  c                     
NV_NVDLA_CMAC_CORE_MAC_booth_2863        c55(0) p58 n94                  c                     
NV_NVDLA_CMAC_CORE_MAC_booth_2864        c60(0) p56 n98                  c                     
NV_NVDLA_CMAC_CORE_MAC_booth_2865        c60(0) p57 n99                  c                     
NV_NVDLA_CMAC_CORE_MAC_booth_2866        c60(0) p57 n99                  c                     
NV_NVDLA_CMAC_CORE_MAC_booth_2867        c60(0) p58 n100                 c                     
NV_NVDLA_CMAC_CORE_MAC_booth_2868        c60(0) p58 n100                 c                     
NV_NVDLA_CMAC_CORE_MAC_booth_2869        c60(0) p57 n99                  c                     
NV_NVDLA_CMAC_CORE_MAC_booth_287         c55(0) p56 n92                  c                     
NV_NVDLA_CMAC_CORE_MAC_booth_2870        c60(0) p56 n98                  c                     
NV_NVDLA_CMAC_CORE_MAC_booth_2871        c55(0) p57 n93                  c                     
NV_NVDLA_CMAC_CORE_MAC_booth_2872        c60(0) p57 n99                  c                     
NV_NVDLA_CMAC_CORE_MAC_booth_2873        c60(0) p56 n98                  c                     
NV_NVDLA_CMAC_CORE_MAC_booth_2874        c60(0) p56 n98                  c                     
NV_NVDLA_CMAC_CORE_MAC_booth_2875        c60(0) p56 n98                  c                     
NV_NVDLA_CMAC_CORE_MAC_booth_2876        c60(0) p56 n98                  c                     
NV_NVDLA_CMAC_CORE_MAC_booth_2877        c60(0) p57 n99                  c                     
NV_NVDLA_CMAC_CORE_MAC_booth_2878        c60(0) p57 n99                  c                     
NV_NVDLA_CMAC_CORE_MAC_booth_2879        c55(0) p57 n93                  c                     
NV_NVDLA_CMAC_CORE_MAC_booth_288         c61(0) p56 n99                  c                     
NV_NVDLA_CMAC_CORE_MAC_booth_2880        c61(0) p57 n100                 c                     
NV_NVDLA_CMAC_CORE_MAC_booth_2881        c60(0) p56 n98                  c                     
NV_NVDLA_CMAC_CORE_MAC_booth_2882        c60(0) p57 n99                  c                     
NV_NVDLA_CMAC_CORE_MAC_booth_2883        c60(0) p56 n98                  c                     
NV_NVDLA_CMAC_CORE_MAC_booth_2884        c60(0) p57 n99                  c                     
NV_NVDLA_CMAC_CORE_MAC_booth_2885        c60(0) p57 n99                  c                     
NV_NVDLA_CMAC_CORE_MAC_booth_2886        c60(0) p58 n100                 c                     
NV_NVDLA_CMAC_CORE_MAC_booth_2887        c55(0) p56 n92                  c                     
NV_NVDLA_CMAC_CORE_MAC_booth_2888        c60(0) p56 n98                  c                     
NV_NVDLA_CMAC_CORE_MAC_booth_2889        c60(0) p56 n98                  c                     
NV_NVDLA_CMAC_CORE_MAC_booth_289         c60(0) p56 n98                  c                     
NV_NVDLA_CMAC_CORE_MAC_booth_2890        c60(0) p56 n98                  c                     
NV_NVDLA_CMAC_CORE_MAC_booth_2891        c60(0) p57 n99                  c                     
NV_NVDLA_CMAC_CORE_MAC_booth_2892        c60(0) p56 n98                  c                     
NV_NVDLA_CMAC_CORE_MAC_booth_2893        c60(0) p56 n98                  c                     
NV_NVDLA_CMAC_CORE_MAC_booth_2894        c60(0) p57 n99                  c                     
NV_NVDLA_CMAC_CORE_MAC_booth_2895        c55(0) p56 n92                  c                     
NV_NVDLA_CMAC_CORE_MAC_booth_2896        c60(0) p56 n98                  c                     
NV_NVDLA_CMAC_CORE_MAC_booth_2897        c60(0) p56 n98                  c                     
NV_NVDLA_CMAC_CORE_MAC_booth_2898        c60(0) p56 n98                  c                     
NV_NVDLA_CMAC_CORE_MAC_booth_2899        c60(0) p57 n99                  c                     
NV_NVDLA_CMAC_CORE_MAC_booth_29          c60(0) p56 n98                  c                     
NV_NVDLA_CMAC_CORE_MAC_booth_290         c60(0) p56 n98                  c                     
NV_NVDLA_CMAC_CORE_MAC_booth_2900        c60(0) p56 n98                  c                     
NV_NVDLA_CMAC_CORE_MAC_booth_2901        c60(0) p56 n98                  c                     
NV_NVDLA_CMAC_CORE_MAC_booth_2902        c60(0) p56 n98                  c                     
NV_NVDLA_CMAC_CORE_MAC_booth_2903        c55(0) p57 n93                  c                     
NV_NVDLA_CMAC_CORE_MAC_booth_2904        c61(0) p56 n99                  c                     
NV_NVDLA_CMAC_CORE_MAC_booth_2905        c60(0) p56 n98                  c                     
NV_NVDLA_CMAC_CORE_MAC_booth_2906        c60(0) p56 n98                  c                     
NV_NVDLA_CMAC_CORE_MAC_booth_2907        c60(0) p56 n98                  c                     
NV_NVDLA_CMAC_CORE_MAC_booth_2908        c60(0) p56 n98                  c                     
NV_NVDLA_CMAC_CORE_MAC_booth_2909        c60(0) p57 n99                  c                     
NV_NVDLA_CMAC_CORE_MAC_booth_291         c60(0) p56 n98                  c                     
NV_NVDLA_CMAC_CORE_MAC_booth_2910        c60(0) p57 n99                  c                     
NV_NVDLA_CMAC_CORE_MAC_booth_2911        c55(0) p56 n92                  c                     
NV_NVDLA_CMAC_CORE_MAC_booth_2912        c60(0) p56 n98                  c                     
NV_NVDLA_CMAC_CORE_MAC_booth_2913        c60(0) p56 n98                  c                     
NV_NVDLA_CMAC_CORE_MAC_booth_2914        c60(0) p56 n98                  c                     
NV_NVDLA_CMAC_CORE_MAC_booth_2915        c60(0) p56 n98                  c                     
NV_NVDLA_CMAC_CORE_MAC_booth_2916        c60(0) p56 n98                  c                     
NV_NVDLA_CMAC_CORE_MAC_booth_2917        c60(0) p56 n98                  c                     
NV_NVDLA_CMAC_CORE_MAC_booth_2918        c60(0) p56 n98                  c                     
NV_NVDLA_CMAC_CORE_MAC_booth_2919        c55(0) p56 n92                  c                     
NV_NVDLA_CMAC_CORE_MAC_booth_292         c60(0) p56 n98                  c                     
NV_NVDLA_CMAC_CORE_MAC_booth_2920        c60(0) p56 n98                  c                     
NV_NVDLA_CMAC_CORE_MAC_booth_2921        c60(0) p56 n98                  c                     
NV_NVDLA_CMAC_CORE_MAC_booth_2922        c60(0) p56 n98                  c                     
NV_NVDLA_CMAC_CORE_MAC_booth_2923        c60(0) p57 n99                  c                     
NV_NVDLA_CMAC_CORE_MAC_booth_2924        c60(0) p57 n99                  c                     
NV_NVDLA_CMAC_CORE_MAC_booth_2925        c60(0) p56 n98                  c                     
NV_NVDLA_CMAC_CORE_MAC_booth_2926        c60(0) p57 n99                  c                     
NV_NVDLA_CMAC_CORE_MAC_booth_2927        c55(0) p56 n92                  c                     
NV_NVDLA_CMAC_CORE_MAC_booth_2928        c60(0) p56 n98                  c                     
NV_NVDLA_CMAC_CORE_MAC_booth_2929        c60(0) p56 n98                  c                     
NV_NVDLA_CMAC_CORE_MAC_booth_293         c60(0) p56 n98                  c                     
NV_NVDLA_CMAC_CORE_MAC_booth_2930        c60(0) p56 n98                  c                     
NV_NVDLA_CMAC_CORE_MAC_booth_2931        c60(0) p58 n100                 c                     
NV_NVDLA_CMAC_CORE_MAC_booth_2932        c60(0) p58 n100                 c                     
NV_NVDLA_CMAC_CORE_MAC_booth_2933        c60(0) p57 n99                  c                     
NV_NVDLA_CMAC_CORE_MAC_booth_2934        c60(0) p57 n99                  c                     
NV_NVDLA_CMAC_CORE_MAC_booth_2935        c55(0) p56 n92                  c                     
NV_NVDLA_CMAC_CORE_MAC_booth_2936        c60(0) p56 n98                  c                     
NV_NVDLA_CMAC_CORE_MAC_booth_2937        c60(0) p56 n98                  c                     
NV_NVDLA_CMAC_CORE_MAC_booth_2938        c60(0) p56 n98                  c                     
NV_NVDLA_CMAC_CORE_MAC_booth_2939        c60(0) p56 n98                  c                     
NV_NVDLA_CMAC_CORE_MAC_booth_294         c60(0) p57 n99                  c                     
NV_NVDLA_CMAC_CORE_MAC_booth_2940        c60(0) p57 n99                  c                     
NV_NVDLA_CMAC_CORE_MAC_booth_2941        c60(0) p57 n99                  c                     
NV_NVDLA_CMAC_CORE_MAC_booth_2942        c60(0) p58 n100                 c                     
NV_NVDLA_CMAC_CORE_MAC_booth_2943        c55(0) p56 n92                  c                     
NV_NVDLA_CMAC_CORE_MAC_booth_2944        c60(0) p56 n98                  c                     
NV_NVDLA_CMAC_CORE_MAC_booth_2945        c60(0) p56 n98                  c                     
NV_NVDLA_CMAC_CORE_MAC_booth_2946        c60(0) p56 n98                  c                     
NV_NVDLA_CMAC_CORE_MAC_booth_2947        c60(0) p56 n98                  c                     
NV_NVDLA_CMAC_CORE_MAC_booth_2948        c60(0) p56 n98                  c                     
NV_NVDLA_CMAC_CORE_MAC_booth_2949        c60(0) p56 n98                  c                     
NV_NVDLA_CMAC_CORE_MAC_booth_295         c55(0) p57 n93                  c                     
NV_NVDLA_CMAC_CORE_MAC_booth_2950        c60(0) p56 n98                  c                     
NV_NVDLA_CMAC_CORE_MAC_booth_2951        c55(0) p57 n93                  c                     
NV_NVDLA_CMAC_CORE_MAC_booth_2952        c60(0) p59 n101                 c                     
NV_NVDLA_CMAC_CORE_MAC_booth_2953        c60(0) p57 n99                  c                     
NV_NVDLA_CMAC_CORE_MAC_booth_2954        c60(0) p57 n99                  c                     
NV_NVDLA_CMAC_CORE_MAC_booth_2955        c60(0) p56 n98                  c                     
NV_NVDLA_CMAC_CORE_MAC_booth_2956        c60(0) p56 n98                  c                     
NV_NVDLA_CMAC_CORE_MAC_booth_2957        c60(0) p56 n98                  c                     
NV_NVDLA_CMAC_CORE_MAC_booth_2958        c60(0) p56 n98                  c                     
NV_NVDLA_CMAC_CORE_MAC_booth_2959        c55(0) p56 n92                  c                     
NV_NVDLA_CMAC_CORE_MAC_booth_296         c60(0) p56 n98                  c                     
NV_NVDLA_CMAC_CORE_MAC_booth_2960        c60(0) p56 n98                  c                     
NV_NVDLA_CMAC_CORE_MAC_booth_2961        c60(0) p56 n98                  c                     
NV_NVDLA_CMAC_CORE_MAC_booth_2962        c60(0) p56 n98                  c                     
NV_NVDLA_CMAC_CORE_MAC_booth_2963        c60(0) p57 n99                  c                     
NV_NVDLA_CMAC_CORE_MAC_booth_2964        c60(0) p57 n99                  c                     
NV_NVDLA_CMAC_CORE_MAC_booth_2965        c60(0) p56 n98                  c                     
NV_NVDLA_CMAC_CORE_MAC_booth_2966        c60(0) p57 n99                  c                     
NV_NVDLA_CMAC_CORE_MAC_booth_2967        c55(0) p57 n93                  c                     
NV_NVDLA_CMAC_CORE_MAC_booth_2968        c60(0) p56 n98                  c                     
NV_NVDLA_CMAC_CORE_MAC_booth_2969        c60(0) p56 n98                  c                     
NV_NVDLA_CMAC_CORE_MAC_booth_297         c60(0) p56 n98                  c                     
NV_NVDLA_CMAC_CORE_MAC_booth_2970        c60(0) p57 n99                  c                     
NV_NVDLA_CMAC_CORE_MAC_booth_2971        c60(0) p56 n98                  c                     
NV_NVDLA_CMAC_CORE_MAC_booth_2972        c60(0) p56 n98                  c                     
NV_NVDLA_CMAC_CORE_MAC_booth_2973        c60(0) p56 n98                  c                     
NV_NVDLA_CMAC_CORE_MAC_booth_2974        c60(0) p57 n99                  c                     
NV_NVDLA_CMAC_CORE_MAC_booth_2975        c55(0) p58 n94                  c                     
NV_NVDLA_CMAC_CORE_MAC_booth_2976        c60(0) p56 n98                  c                     
NV_NVDLA_CMAC_CORE_MAC_booth_2977        c60(0) p56 n98                  c                     
NV_NVDLA_CMAC_CORE_MAC_booth_2978        c60(0) p56 n98                  c                     
NV_NVDLA_CMAC_CORE_MAC_booth_2979        c60(0) p56 n98                  c                     
NV_NVDLA_CMAC_CORE_MAC_booth_298         c60(0) p57 n99                  c                     
NV_NVDLA_CMAC_CORE_MAC_booth_2980        c60(0) p56 n98                  c                     
NV_NVDLA_CMAC_CORE_MAC_booth_2981        c60(0) p57 n99                  c                     
NV_NVDLA_CMAC_CORE_MAC_booth_2982        c60(0) p56 n98                  c                     
NV_NVDLA_CMAC_CORE_MAC_booth_2983        c55(0) p56 n92                  c                     
NV_NVDLA_CMAC_CORE_MAC_booth_2984        c60(0) p56 n98                  c                     
NV_NVDLA_CMAC_CORE_MAC_booth_2985        c60(0) p56 n98                  c                     
NV_NVDLA_CMAC_CORE_MAC_booth_2986        c60(0) p56 n98                  c                     
NV_NVDLA_CMAC_CORE_MAC_booth_2987        c60(0) p56 n98                  c                     
NV_NVDLA_CMAC_CORE_MAC_booth_2988        c60(0) p57 n99                  c                     
NV_NVDLA_CMAC_CORE_MAC_booth_2989        c60(0) p56 n98                  c                     
NV_NVDLA_CMAC_CORE_MAC_booth_299         c60(0) p56 n98                  c                     
NV_NVDLA_CMAC_CORE_MAC_booth_2990        c60(0) p56 n98                  c                     
NV_NVDLA_CMAC_CORE_MAC_booth_2991        c55(0) p56 n92                  c                     
NV_NVDLA_CMAC_CORE_MAC_booth_2992        c60(0) p57 n99                  c                     
NV_NVDLA_CMAC_CORE_MAC_booth_2993        c60(0) p57 n99                  c                     
NV_NVDLA_CMAC_CORE_MAC_booth_2994        c60(0) p57 n99                  c                     
NV_NVDLA_CMAC_CORE_MAC_booth_2995        c60(0) p57 n99                  c                     
NV_NVDLA_CMAC_CORE_MAC_booth_2996        c60(0) p56 n98                  c                     
NV_NVDLA_CMAC_CORE_MAC_booth_2997        c60(0) p57 n99                  c                     
NV_NVDLA_CMAC_CORE_MAC_booth_2998        c60(0) p56 n98                  c                     
NV_NVDLA_CMAC_CORE_MAC_booth_2999        c55(0) p56 n92                  c                     
NV_NVDLA_CMAC_CORE_MAC_booth_3           c60(0) p58 n100                 c                     
NV_NVDLA_CMAC_CORE_MAC_booth_30          c60(0) p57 n99                  c                     
NV_NVDLA_CMAC_CORE_MAC_booth_300         c60(0) p56 n98                  c                     
NV_NVDLA_CMAC_CORE_MAC_booth_3000        c60(0) p57 n99                  c                     
NV_NVDLA_CMAC_CORE_MAC_booth_3001        c60(0) p56 n98                  c                     
NV_NVDLA_CMAC_CORE_MAC_booth_3002        c60(0) p56 n98                  c                     
NV_NVDLA_CMAC_CORE_MAC_booth_3003        c60(0) p57 n99                  c                     
NV_NVDLA_CMAC_CORE_MAC_booth_3004        c60(0) p57 n99                  c                     
NV_NVDLA_CMAC_CORE_MAC_booth_3005        c60(0) p57 n99                  c                     
NV_NVDLA_CMAC_CORE_MAC_booth_3006        c60(0) p56 n98                  c                     
NV_NVDLA_CMAC_CORE_MAC_booth_3007        c55(0) p56 n92                  c                     
NV_NVDLA_CMAC_CORE_MAC_booth_3008        c60(0) p56 n98                  c                     
NV_NVDLA_CMAC_CORE_MAC_booth_3009        c60(0) p56 n98                  c                     
NV_NVDLA_CMAC_CORE_MAC_booth_301         c60(0) p57 n99                  c                     
NV_NVDLA_CMAC_CORE_MAC_booth_3010        c60(0) p56 n98                  c                     
NV_NVDLA_CMAC_CORE_MAC_booth_3011        c60(0) p57 n99                  c                     
NV_NVDLA_CMAC_CORE_MAC_booth_3012        c60(0) p57 n99                  c                     
NV_NVDLA_CMAC_CORE_MAC_booth_3013        c60(0) p56 n98                  c                     
NV_NVDLA_CMAC_CORE_MAC_booth_3014        c60(0) p56 n98                  c                     
NV_NVDLA_CMAC_CORE_MAC_booth_3015        c55(0) p57 n93                  c                     
NV_NVDLA_CMAC_CORE_MAC_booth_3016        c60(0) p57 n99                  c                     
NV_NVDLA_CMAC_CORE_MAC_booth_3017        c60(0) p57 n99                  c                     
NV_NVDLA_CMAC_CORE_MAC_booth_3018        c60(0) p57 n99                  c                     
NV_NVDLA_CMAC_CORE_MAC_booth_3019        c60(0) p56 n98                  c                     
NV_NVDLA_CMAC_CORE_MAC_booth_302         c60(0) p57 n99                  c                     
NV_NVDLA_CMAC_CORE_MAC_booth_3020        c60(0) p56 n98                  c                     
NV_NVDLA_CMAC_CORE_MAC_booth_3021        c60(0) p56 n98                  c                     
NV_NVDLA_CMAC_CORE_MAC_booth_3022        c60(0) p57 n99                  c                     
NV_NVDLA_CMAC_CORE_MAC_booth_3023        c55(0) p58 n94                  c                     
NV_NVDLA_CMAC_CORE_MAC_booth_3024        c60(0) p57 n99                  c                     
NV_NVDLA_CMAC_CORE_MAC_booth_3025        c60(0) p57 n99                  c                     
NV_NVDLA_CMAC_CORE_MAC_booth_3026        c60(0) p57 n99                  c                     
NV_NVDLA_CMAC_CORE_MAC_booth_3027        c60(0) p57 n99                  c                     
NV_NVDLA_CMAC_CORE_MAC_booth_3028        c60(0) p56 n98                  c                     
NV_NVDLA_CMAC_CORE_MAC_booth_3029        c60(0) p57 n99                  c                     
NV_NVDLA_CMAC_CORE_MAC_booth_303         c56(0) p57 n94                  c                     
NV_NVDLA_CMAC_CORE_MAC_booth_3030        c60(0) p57 n99                  c                     
NV_NVDLA_CMAC_CORE_MAC_booth_3031        c55(0) p57 n93                  c                     
NV_NVDLA_CMAC_CORE_MAC_booth_3032        c60(0) p58 n100                 c                     
NV_NVDLA_CMAC_CORE_MAC_booth_3033        c60(0) p57 n99                  c                     
NV_NVDLA_CMAC_CORE_MAC_booth_3034        c60(0) p57 n99                  c                     
NV_NVDLA_CMAC_CORE_MAC_booth_3035        c60(0) p56 n98                  c                     
NV_NVDLA_CMAC_CORE_MAC_booth_3036        c60(0) p57 n99                  c                     
NV_NVDLA_CMAC_CORE_MAC_booth_3037        c60(0) p56 n98                  c                     
NV_NVDLA_CMAC_CORE_MAC_booth_3038        c60(0) p56 n98                  c                     
NV_NVDLA_CMAC_CORE_MAC_booth_3039        c55(0) p57 n93                  c                     
NV_NVDLA_CMAC_CORE_MAC_booth_304         c60(0) p56 n98                  c                     
NV_NVDLA_CMAC_CORE_MAC_booth_3040        c60(0) p56 n98                  c                     
NV_NVDLA_CMAC_CORE_MAC_booth_3041        c60(0) p56 n98                  c                     
NV_NVDLA_CMAC_CORE_MAC_booth_3042        c60(0) p57 n99                  c                     
NV_NVDLA_CMAC_CORE_MAC_booth_3043        c60(0) p57 n99                  c                     
NV_NVDLA_CMAC_CORE_MAC_booth_3044        c60(0) p56 n98                  c                     
NV_NVDLA_CMAC_CORE_MAC_booth_3045        c60(0) p56 n98                  c                     
NV_NVDLA_CMAC_CORE_MAC_booth_3046        c60(0) p57 n99                  c                     
NV_NVDLA_CMAC_CORE_MAC_booth_3047        c55(0) p56 n92                  c                     
NV_NVDLA_CMAC_CORE_MAC_booth_3048        c60(0) p56 n98                  c                     
NV_NVDLA_CMAC_CORE_MAC_booth_3049        c60(0) p56 n98                  c                     
NV_NVDLA_CMAC_CORE_MAC_booth_305         c60(0) p56 n98                  c                     
NV_NVDLA_CMAC_CORE_MAC_booth_3050        c60(0) p57 n99                  c                     
NV_NVDLA_CMAC_CORE_MAC_booth_3051        c60(0) p57 n99                  c                     
NV_NVDLA_CMAC_CORE_MAC_booth_3052        c60(0) p56 n98                  c                     
NV_NVDLA_CMAC_CORE_MAC_booth_3053        c60(0) p57 n99                  c                     
NV_NVDLA_CMAC_CORE_MAC_booth_3054        c60(0) p56 n98                  c                     
NV_NVDLA_CMAC_CORE_MAC_booth_3055        c55(0) p56 n92                  c                     
NV_NVDLA_CMAC_CORE_MAC_booth_3056        c60(0) p56 n98                  c                     
NV_NVDLA_CMAC_CORE_MAC_booth_3057        c60(0) p56 n98                  c                     
NV_NVDLA_CMAC_CORE_MAC_booth_3058        c60(0) p56 n98                  c                     
NV_NVDLA_CMAC_CORE_MAC_booth_3059        c60(0) p56 n98                  c                     
NV_NVDLA_CMAC_CORE_MAC_booth_306         c60(0) p56 n98                  c                     
NV_NVDLA_CMAC_CORE_MAC_booth_3060        c60(0) p56 n98                  c                     
NV_NVDLA_CMAC_CORE_MAC_booth_3061        c60(0) p57 n99                  c                     
NV_NVDLA_CMAC_CORE_MAC_booth_3062        c60(0) p57 n99                  c                     
NV_NVDLA_CMAC_CORE_MAC_booth_3063        c56(0) p58 n95                  c                     
NV_NVDLA_CMAC_CORE_MAC_booth_3064        c60(0) p56 n98                  c                     
NV_NVDLA_CMAC_CORE_MAC_booth_3065        c60(0) p56 n98                  c                     
NV_NVDLA_CMAC_CORE_MAC_booth_3066        c60(0) p57 n99                  c                     
NV_NVDLA_CMAC_CORE_MAC_booth_3067        c60(0) p57 n99                  c                     
NV_NVDLA_CMAC_CORE_MAC_booth_3068        c60(0) p57 n99                  c                     
NV_NVDLA_CMAC_CORE_MAC_booth_3069        c60(0) p56 n98                  c                     
NV_NVDLA_CMAC_CORE_MAC_booth_307         c60(0) p56 n98                  c                     
NV_NVDLA_CMAC_CORE_MAC_booth_3070        c60(0) p58 n100                 c                     
NV_NVDLA_CMAC_CORE_MAC_booth_3071        c55(0) p57 n93                  c                     
NV_NVDLA_CMAC_CORE_MAC_booth_3072        c60(0) p56 n98                  c                     
NV_NVDLA_CMAC_CORE_MAC_booth_3073        c60(0) p56 n98                  c                     
NV_NVDLA_CMAC_CORE_MAC_booth_3074        c60(0) p56 n98                  c                     
NV_NVDLA_CMAC_CORE_MAC_booth_3075        c60(0) p57 n99                  c                     
NV_NVDLA_CMAC_CORE_MAC_booth_3076        c60(0) p56 n98                  c                     
NV_NVDLA_CMAC_CORE_MAC_booth_3077        c60(0) p57 n99                  c                     
NV_NVDLA_CMAC_CORE_MAC_booth_3078        c60(0) p57 n99                  c                     
NV_NVDLA_CMAC_CORE_MAC_booth_3079        c55(0) p57 n93                  c                     
NV_NVDLA_CMAC_CORE_MAC_booth_308         c60(0) p56 n98                  c                     
NV_NVDLA_CMAC_CORE_MAC_booth_3080        c60(0) p56 n98                  c                     
NV_NVDLA_CMAC_CORE_MAC_booth_3081        c60(0) p56 n98                  c                     
NV_NVDLA_CMAC_CORE_MAC_booth_3082        c60(0) p57 n99                  c                     
NV_NVDLA_CMAC_CORE_MAC_booth_3083        c60(0) p56 n98                  c                     
NV_NVDLA_CMAC_CORE_MAC_booth_3084        c60(0) p56 n98                  c                     
NV_NVDLA_CMAC_CORE_MAC_booth_3085        c60(0) p56 n98                  c                     
NV_NVDLA_CMAC_CORE_MAC_booth_3086        c60(0) p56 n98                  c                     
NV_NVDLA_CMAC_CORE_MAC_booth_3087        c55(0) p57 n93                  c                     
NV_NVDLA_CMAC_CORE_MAC_booth_3088        c60(0) p57 n99                  c                     
NV_NVDLA_CMAC_CORE_MAC_booth_3089        c60(0) p57 n99                  c                     
NV_NVDLA_CMAC_CORE_MAC_booth_309         c60(0) p57 n99                  c                     
NV_NVDLA_CMAC_CORE_MAC_booth_3090        c60(0) p57 n99                  c                     
NV_NVDLA_CMAC_CORE_MAC_booth_3091        c60(0) p58 n100                 c                     
NV_NVDLA_CMAC_CORE_MAC_booth_3092        c60(0) p57 n99                  c                     
NV_NVDLA_CMAC_CORE_MAC_booth_3093        c60(0) p56 n98                  c                     
NV_NVDLA_CMAC_CORE_MAC_booth_3094        c60(0) p56 n98                  c                     
NV_NVDLA_CMAC_CORE_MAC_booth_3095        c55(0) p56 n92                  c                     
NV_NVDLA_CMAC_CORE_MAC_booth_3096        c60(0) p57 n99                  c                     
NV_NVDLA_CMAC_CORE_MAC_booth_3097        c60(0) p56 n98                  c                     
NV_NVDLA_CMAC_CORE_MAC_booth_3098        c60(0) p57 n99                  c                     
NV_NVDLA_CMAC_CORE_MAC_booth_3099        c60(0) p56 n98                  c                     
NV_NVDLA_CMAC_CORE_MAC_booth_31          c55(0) p56 n92                  c                     
NV_NVDLA_CMAC_CORE_MAC_booth_310         c60(0) p57 n99                  c                     
NV_NVDLA_CMAC_CORE_MAC_booth_3100        c60(0) p56 n98                  c                     
NV_NVDLA_CMAC_CORE_MAC_booth_3101        c60(0) p56 n98                  c                     
NV_NVDLA_CMAC_CORE_MAC_booth_3102        c60(0) p57 n99                  c                     
NV_NVDLA_CMAC_CORE_MAC_booth_3103        c55(0) p57 n93                  c                     
NV_NVDLA_CMAC_CORE_MAC_booth_3104        c60(0) p56 n98                  c                     
NV_NVDLA_CMAC_CORE_MAC_booth_3105        c60(0) p56 n98                  c                     
NV_NVDLA_CMAC_CORE_MAC_booth_3106        c60(0) p56 n98                  c                     
NV_NVDLA_CMAC_CORE_MAC_booth_3107        c60(0) p58 n100                 c                     
NV_NVDLA_CMAC_CORE_MAC_booth_3108        c60(0) p57 n99                  c                     
NV_NVDLA_CMAC_CORE_MAC_booth_3109        c60(0) p57 n99                  c                     
NV_NVDLA_CMAC_CORE_MAC_booth_311         c55(0) p56 n92                  c                     
NV_NVDLA_CMAC_CORE_MAC_booth_3110        c60(0) p57 n99                  c                     
NV_NVDLA_CMAC_CORE_MAC_booth_3111        c55(0) p56 n92                  c                     
NV_NVDLA_CMAC_CORE_MAC_booth_3112        c60(0) p58 n100                 c                     
NV_NVDLA_CMAC_CORE_MAC_booth_3113        c60(0) p58 n100                 c                     
NV_NVDLA_CMAC_CORE_MAC_booth_3114        c60(0) p56 n98                  c                     
NV_NVDLA_CMAC_CORE_MAC_booth_3115        c60(0) p56 n98                  c                     
NV_NVDLA_CMAC_CORE_MAC_booth_3116        c60(0) p57 n99                  c                     
NV_NVDLA_CMAC_CORE_MAC_booth_3117        c60(0) p57 n99                  c                     
NV_NVDLA_CMAC_CORE_MAC_booth_3118        c60(0) p56 n98                  c                     
NV_NVDLA_CMAC_CORE_MAC_booth_3119        c55(0) p57 n93                  c                     
NV_NVDLA_CMAC_CORE_MAC_booth_312         c61(0) p56 n99                  c                     
NV_NVDLA_CMAC_CORE_MAC_booth_3120        c60(0) p57 n99                  c                     
NV_NVDLA_CMAC_CORE_MAC_booth_3121        c60(0) p57 n99                  c                     
NV_NVDLA_CMAC_CORE_MAC_booth_3122        c60(0) p57 n99                  c                     
NV_NVDLA_CMAC_CORE_MAC_booth_3123        c60(0) p56 n98                  c                     
NV_NVDLA_CMAC_CORE_MAC_booth_3124        c60(0) p56 n98                  c                     
NV_NVDLA_CMAC_CORE_MAC_booth_3125        c60(0) p57 n99                  c                     
NV_NVDLA_CMAC_CORE_MAC_booth_3126        c60(0) p57 n99                  c                     
NV_NVDLA_CMAC_CORE_MAC_booth_3127        c56(0) p57 n94                  c                     
NV_NVDLA_CMAC_CORE_MAC_booth_3128        c60(0) p56 n98                  c                     
NV_NVDLA_CMAC_CORE_MAC_booth_3129        c60(0) p56 n98                  c                     
NV_NVDLA_CMAC_CORE_MAC_booth_313         c60(0) p56 n98                  c                     
NV_NVDLA_CMAC_CORE_MAC_booth_3130        c60(0) p56 n98                  c                     
NV_NVDLA_CMAC_CORE_MAC_booth_3131        c60(0) p58 n100                 c                     
NV_NVDLA_CMAC_CORE_MAC_booth_3132        c60(0) p57 n99                  c                     
NV_NVDLA_CMAC_CORE_MAC_booth_3133        c60(0) p57 n99                  c                     
NV_NVDLA_CMAC_CORE_MAC_booth_3134        c60(0) p58 n100                 c                     
NV_NVDLA_CMAC_CORE_MAC_booth_3135        c55(0) p57 n93                  c                     
NV_NVDLA_CMAC_CORE_MAC_booth_3136        c60(0) p56 n98                  c                     
NV_NVDLA_CMAC_CORE_MAC_booth_3137        c60(0) p56 n98                  c                     
NV_NVDLA_CMAC_CORE_MAC_booth_3138        c60(0) p56 n98                  c                     
NV_NVDLA_CMAC_CORE_MAC_booth_3139        c60(0) p56 n98                  c                     
NV_NVDLA_CMAC_CORE_MAC_booth_314         c60(0) p56 n98                  c                     
NV_NVDLA_CMAC_CORE_MAC_booth_3140        c60(0) p57 n99                  c                     
NV_NVDLA_CMAC_CORE_MAC_booth_3141        c60(0) p58 n100                 c                     
NV_NVDLA_CMAC_CORE_MAC_booth_3142        c60(0) p57 n99                  c                     
NV_NVDLA_CMAC_CORE_MAC_booth_3143        c55(0) p56 n92                  c                     
NV_NVDLA_CMAC_CORE_MAC_booth_3144        c60(0) p56 n98                  c                     
NV_NVDLA_CMAC_CORE_MAC_booth_3145        c60(0) p58 n100                 c                     
NV_NVDLA_CMAC_CORE_MAC_booth_3146        c60(0) p57 n99                  c                     
NV_NVDLA_CMAC_CORE_MAC_booth_3147        c60(0) p57 n99                  c                     
NV_NVDLA_CMAC_CORE_MAC_booth_3148        c60(0) p57 n99                  c                     
NV_NVDLA_CMAC_CORE_MAC_booth_3149        c60(0) p56 n98                  c                     
NV_NVDLA_CMAC_CORE_MAC_booth_315         c60(0) p57 n99                  c                     
NV_NVDLA_CMAC_CORE_MAC_booth_3150        c60(0) p57 n99                  c                     
NV_NVDLA_CMAC_CORE_MAC_booth_3151        c55(0) p57 n93                  c                     
NV_NVDLA_CMAC_CORE_MAC_booth_3152        c60(0) p57 n99                  c                     
NV_NVDLA_CMAC_CORE_MAC_booth_3153        c60(0) p57 n99                  c                     
NV_NVDLA_CMAC_CORE_MAC_booth_3154        c60(0) p57 n99                  c                     
NV_NVDLA_CMAC_CORE_MAC_booth_3155        c60(0) p57 n99                  c                     
NV_NVDLA_CMAC_CORE_MAC_booth_3156        c60(0) p57 n99                  c                     
NV_NVDLA_CMAC_CORE_MAC_booth_3157        c60(0) p57 n99                  c                     
NV_NVDLA_CMAC_CORE_MAC_booth_3158        c60(0) p58 n100                 c                     
NV_NVDLA_CMAC_CORE_MAC_booth_3159        c55(0) p57 n93                  c                     
NV_NVDLA_CMAC_CORE_MAC_booth_316         c60(0) p57 n99                  c                     
NV_NVDLA_CMAC_CORE_MAC_booth_3160        c60(0) p56 n98                  c                     
NV_NVDLA_CMAC_CORE_MAC_booth_3161        c60(0) p56 n98                  c                     
NV_NVDLA_CMAC_CORE_MAC_booth_3162        c60(0) p56 n98                  c                     
NV_NVDLA_CMAC_CORE_MAC_booth_3163        c60(0) p57 n99                  c                     
NV_NVDLA_CMAC_CORE_MAC_booth_3164        c60(0) p57 n99                  c                     
NV_NVDLA_CMAC_CORE_MAC_booth_3165        c60(0) p57 n99                  c                     
NV_NVDLA_CMAC_CORE_MAC_booth_3166        c60(0) p56 n98                  c                     
NV_NVDLA_CMAC_CORE_MAC_booth_3167        c55(0) p56 n92                  c                     
NV_NVDLA_CMAC_CORE_MAC_booth_3168        c60(0) p56 n98                  c                     
NV_NVDLA_CMAC_CORE_MAC_booth_3169        c60(0) p56 n98                  c                     
NV_NVDLA_CMAC_CORE_MAC_booth_317         c60(0) p57 n99                  c                     
NV_NVDLA_CMAC_CORE_MAC_booth_3170        c60(0) p57 n99                  c                     
NV_NVDLA_CMAC_CORE_MAC_booth_3171        c60(0) p57 n99                  c                     
NV_NVDLA_CMAC_CORE_MAC_booth_3172        c60(0) p57 n99                  c                     
NV_NVDLA_CMAC_CORE_MAC_booth_3173        c60(0) p57 n99                  c                     
NV_NVDLA_CMAC_CORE_MAC_booth_3174        c60(0) p58 n100                 c                     
NV_NVDLA_CMAC_CORE_MAC_booth_3175        c55(0) p56 n92                  c                     
NV_NVDLA_CMAC_CORE_MAC_booth_3176        c60(0) p56 n98                  c                     
NV_NVDLA_CMAC_CORE_MAC_booth_3177        c60(0) p56 n98                  c                     
NV_NVDLA_CMAC_CORE_MAC_booth_3178        c60(0) p57 n99                  c                     
NV_NVDLA_CMAC_CORE_MAC_booth_3179        c60(0) p57 n99                  c                     
NV_NVDLA_CMAC_CORE_MAC_booth_318         c60(0) p56 n98                  c                     
NV_NVDLA_CMAC_CORE_MAC_booth_3180        c60(0) p57 n99                  c                     
NV_NVDLA_CMAC_CORE_MAC_booth_3181        c60(0) p58 n100                 c                     
NV_NVDLA_CMAC_CORE_MAC_booth_3182        c60(0) p56 n98                  c                     
NV_NVDLA_CMAC_CORE_MAC_booth_3183        c55(0) p56 n92                  c                     
NV_NVDLA_CMAC_CORE_MAC_booth_3184        c60(0) p57 n99                  c                     
NV_NVDLA_CMAC_CORE_MAC_booth_3185        c60(0) p57 n99                  c                     
NV_NVDLA_CMAC_CORE_MAC_booth_3186        c60(0) p57 n99                  c                     
NV_NVDLA_CMAC_CORE_MAC_booth_3187        c60(0) p57 n99                  c                     
NV_NVDLA_CMAC_CORE_MAC_booth_3188        c60(0) p56 n98                  c                     
NV_NVDLA_CMAC_CORE_MAC_booth_3189        c60(0) p58 n100                 c                     
NV_NVDLA_CMAC_CORE_MAC_booth_319         c55(0) p57 n93                  c                     
NV_NVDLA_CMAC_CORE_MAC_booth_3190        c60(0) p56 n98                  c                     
NV_NVDLA_CMAC_CORE_MAC_booth_3191        c55(0) p56 n92                  c                     
NV_NVDLA_CMAC_CORE_MAC_booth_3192        c60(0) p58 n100                 c                     
NV_NVDLA_CMAC_CORE_MAC_booth_3193        c60(0) p57 n99                  c                     
NV_NVDLA_CMAC_CORE_MAC_booth_3194        c60(0) p56 n98                  c                     
NV_NVDLA_CMAC_CORE_MAC_booth_3195        c60(0) p58 n100                 c                     
NV_NVDLA_CMAC_CORE_MAC_booth_3196        c60(0) p57 n99                  c                     
NV_NVDLA_CMAC_CORE_MAC_booth_3197        c60(0) p56 n98                  c                     
NV_NVDLA_CMAC_CORE_MAC_booth_3198        c60(0) p56 n98                  c                     
NV_NVDLA_CMAC_CORE_MAC_booth_3199        c55(0) p57 n93                  c                     
NV_NVDLA_CMAC_CORE_MAC_booth_32          c60(0) p56 n98                  c                     
NV_NVDLA_CMAC_CORE_MAC_booth_320         c60(0) p56 n98                  c                     
NV_NVDLA_CMAC_CORE_MAC_booth_3200        c61(0) p57 n100                 c                     
NV_NVDLA_CMAC_CORE_MAC_booth_3201        c60(0) p56 n98                  c                     
NV_NVDLA_CMAC_CORE_MAC_booth_3202        c60(0) p56 n98                  c                     
NV_NVDLA_CMAC_CORE_MAC_booth_3203        c60(0) p56 n98                  c                     
NV_NVDLA_CMAC_CORE_MAC_booth_3204        c60(0) p56 n98                  c                     
NV_NVDLA_CMAC_CORE_MAC_booth_3205        c60(0) p56 n98                  c                     
NV_NVDLA_CMAC_CORE_MAC_booth_3206        c60(0) p56 n98                  c                     
NV_NVDLA_CMAC_CORE_MAC_booth_3207        c55(0) p59 n95                  c                     
NV_NVDLA_CMAC_CORE_MAC_booth_3208        c60(0) p56 n98                  c                     
NV_NVDLA_CMAC_CORE_MAC_booth_3209        c60(0) p56 n98                  c                     
NV_NVDLA_CMAC_CORE_MAC_booth_321         c60(0) p56 n98                  c                     
NV_NVDLA_CMAC_CORE_MAC_booth_3210        c60(0) p56 n98                  c                     
NV_NVDLA_CMAC_CORE_MAC_booth_3211        c60(0) p57 n99                  c                     
NV_NVDLA_CMAC_CORE_MAC_booth_3212        c60(0) p57 n99                  c                     
NV_NVDLA_CMAC_CORE_MAC_booth_3213        c60(0) p57 n99                  c                     
NV_NVDLA_CMAC_CORE_MAC_booth_3214        c60(0) p56 n98                  c                     
NV_NVDLA_CMAC_CORE_MAC_booth_3215        c55(0) p56 n92                  c                     
NV_NVDLA_CMAC_CORE_MAC_booth_3216        c60(0) p57 n99                  c                     
NV_NVDLA_CMAC_CORE_MAC_booth_3217        c60(0) p56 n98                  c                     
NV_NVDLA_CMAC_CORE_MAC_booth_3218        c60(0) p56 n98                  c                     
NV_NVDLA_CMAC_CORE_MAC_booth_3219        c60(0) p57 n99                  c                     
NV_NVDLA_CMAC_CORE_MAC_booth_322         c60(0) p57 n99                  c                     
NV_NVDLA_CMAC_CORE_MAC_booth_3220        c60(0) p56 n98                  c                     
NV_NVDLA_CMAC_CORE_MAC_booth_3221        c60(0) p57 n99                  c                     
NV_NVDLA_CMAC_CORE_MAC_booth_3222        c60(0) p56 n98                  c                     
NV_NVDLA_CMAC_CORE_MAC_booth_3223        c55(0) p56 n92                  c                     
NV_NVDLA_CMAC_CORE_MAC_booth_3224        c60(0) p58 n100                 c                     
NV_NVDLA_CMAC_CORE_MAC_booth_3225        c60(0) p58 n100                 c                     
NV_NVDLA_CMAC_CORE_MAC_booth_3226        c60(0) p57 n99                  c                     
NV_NVDLA_CMAC_CORE_MAC_booth_3227        c60(0) p57 n99                  c                     
NV_NVDLA_CMAC_CORE_MAC_booth_3228        c60(0) p57 n99                  c                     
NV_NVDLA_CMAC_CORE_MAC_booth_3229        c60(0) p56 n98                  c                     
NV_NVDLA_CMAC_CORE_MAC_booth_323         c60(0) p58 n100                 c                     
NV_NVDLA_CMAC_CORE_MAC_booth_3230        c60(0) p57 n99                  c                     
NV_NVDLA_CMAC_CORE_MAC_booth_3231        c55(0) p56 n92                  c                     
NV_NVDLA_CMAC_CORE_MAC_booth_3232        c60(0) p56 n98                  c                     
NV_NVDLA_CMAC_CORE_MAC_booth_3233        c60(0) p56 n98                  c                     
NV_NVDLA_CMAC_CORE_MAC_booth_3234        c60(0) p56 n98                  c                     
NV_NVDLA_CMAC_CORE_MAC_booth_3235        c60(0) p57 n99                  c                     
NV_NVDLA_CMAC_CORE_MAC_booth_3236        c60(0) p56 n98                  c                     
NV_NVDLA_CMAC_CORE_MAC_booth_3237        c60(0) p56 n98                  c                     
NV_NVDLA_CMAC_CORE_MAC_booth_3238        c60(0) p56 n98                  c                     
NV_NVDLA_CMAC_CORE_MAC_booth_3239        c55(0) p56 n92                  c                     
NV_NVDLA_CMAC_CORE_MAC_booth_324         c60(0) p56 n98                  c                     
NV_NVDLA_CMAC_CORE_MAC_booth_3240        c60(0) p56 n98                  c                     
NV_NVDLA_CMAC_CORE_MAC_booth_3241        c60(0) p56 n98                  c                     
NV_NVDLA_CMAC_CORE_MAC_booth_3242        c60(0) p56 n98                  c                     
NV_NVDLA_CMAC_CORE_MAC_booth_3243        c60(0) p56 n98                  c                     
NV_NVDLA_CMAC_CORE_MAC_booth_3244        c60(0) p56 n98                  c                     
NV_NVDLA_CMAC_CORE_MAC_booth_3245        c60(0) p56 n98                  c                     
NV_NVDLA_CMAC_CORE_MAC_booth_3246        c60(0) p57 n99                  c                     
NV_NVDLA_CMAC_CORE_MAC_booth_3247        c55(0) p56 n92                  c                     
NV_NVDLA_CMAC_CORE_MAC_booth_3248        c60(0) p56 n98                  c                     
NV_NVDLA_CMAC_CORE_MAC_booth_3249        c60(0) p56 n98                  c                     
NV_NVDLA_CMAC_CORE_MAC_booth_325         c60(0) p56 n98                  c                     
NV_NVDLA_CMAC_CORE_MAC_booth_3250        c60(0) p57 n99                  c                     
NV_NVDLA_CMAC_CORE_MAC_booth_3251        c60(0) p56 n98                  c                     
NV_NVDLA_CMAC_CORE_MAC_booth_3252        c60(0) p56 n98                  c                     
NV_NVDLA_CMAC_CORE_MAC_booth_3253        c60(0) p56 n98                  c                     
NV_NVDLA_CMAC_CORE_MAC_booth_3254        c60(0) p57 n99                  c                     
NV_NVDLA_CMAC_CORE_MAC_booth_3255        c55(0) p56 n92                  c                     
NV_NVDLA_CMAC_CORE_MAC_booth_3256        c60(0) p56 n98                  c                     
NV_NVDLA_CMAC_CORE_MAC_booth_3257        c60(0) p56 n98                  c                     
NV_NVDLA_CMAC_CORE_MAC_booth_3258        c60(0) p56 n98                  c                     
NV_NVDLA_CMAC_CORE_MAC_booth_3259        c60(0) p57 n99                  c                     
NV_NVDLA_CMAC_CORE_MAC_booth_326         c60(0) p56 n98                  c                     
NV_NVDLA_CMAC_CORE_MAC_booth_3260        c60(0) p56 n98                  c                     
NV_NVDLA_CMAC_CORE_MAC_booth_3261        c60(0) p56 n98                  c                     
NV_NVDLA_CMAC_CORE_MAC_booth_3262        c60(0) p56 n98                  c                     
NV_NVDLA_CMAC_CORE_MAC_booth_3263        c55(0) p56 n92                  c                     
NV_NVDLA_CMAC_CORE_MAC_booth_3264        c60(0) p56 n98                  c                     
NV_NVDLA_CMAC_CORE_MAC_booth_3265        c60(0) p56 n98                  c                     
NV_NVDLA_CMAC_CORE_MAC_booth_3266        c60(0) p56 n98                  c                     
NV_NVDLA_CMAC_CORE_MAC_booth_3267        c60(0) p57 n99                  c                     
NV_NVDLA_CMAC_CORE_MAC_booth_3268        c60(0) p56 n98                  c                     
NV_NVDLA_CMAC_CORE_MAC_booth_3269        c60(0) p56 n98                  c                     
NV_NVDLA_CMAC_CORE_MAC_booth_327         c55(0) p56 n92                  c                     
NV_NVDLA_CMAC_CORE_MAC_booth_3270        c60(0) p56 n98                  c                     
NV_NVDLA_CMAC_CORE_MAC_booth_3271        c55(0) p58 n94                  c                     
NV_NVDLA_CMAC_CORE_MAC_booth_3272        c60(0) p56 n98                  c                     
NV_NVDLA_CMAC_CORE_MAC_booth_3273        c60(0) p56 n98                  c                     
NV_NVDLA_CMAC_CORE_MAC_booth_3274        c60(0) p57 n99                  c                     
NV_NVDLA_CMAC_CORE_MAC_booth_3275        c60(0) p56 n98                  c                     
NV_NVDLA_CMAC_CORE_MAC_booth_3276        c60(0) p56 n98                  c                     
NV_NVDLA_CMAC_CORE_MAC_booth_3277        c60(0) p57 n99                  c                     
NV_NVDLA_CMAC_CORE_MAC_booth_3278        c60(0) p58 n100                 c                     
NV_NVDLA_CMAC_CORE_MAC_booth_3279        c55(0) p57 n93                  c                     
NV_NVDLA_CMAC_CORE_MAC_booth_328         c60(0) p57 n99                  c                     
NV_NVDLA_CMAC_CORE_MAC_booth_3280        c61(0) p57 n100                 c                     
NV_NVDLA_CMAC_CORE_MAC_booth_3281        c60(0) p56 n98                  c                     
NV_NVDLA_CMAC_CORE_MAC_booth_3282        c60(0) p56 n98                  c                     
NV_NVDLA_CMAC_CORE_MAC_booth_3283        c60(0) p57 n99                  c                     
NV_NVDLA_CMAC_CORE_MAC_booth_3284        c60(0) p56 n98                  c                     
NV_NVDLA_CMAC_CORE_MAC_booth_3285        c60(0) p57 n99                  c                     
NV_NVDLA_CMAC_CORE_MAC_booth_3286        c60(0) p58 n100                 c                     
NV_NVDLA_CMAC_CORE_MAC_booth_3287        c55(0) p57 n93                  c                     
NV_NVDLA_CMAC_CORE_MAC_booth_3288        c60(0) p57 n99                  c                     
NV_NVDLA_CMAC_CORE_MAC_booth_3289        c60(0) p56 n98                  c                     
NV_NVDLA_CMAC_CORE_MAC_booth_329         c60(0) p57 n99                  c                     
NV_NVDLA_CMAC_CORE_MAC_booth_3290        c60(0) p56 n98                  c                     
NV_NVDLA_CMAC_CORE_MAC_booth_3291        c60(0) p57 n99                  c                     
NV_NVDLA_CMAC_CORE_MAC_booth_3292        c60(0) p56 n98                  c                     
NV_NVDLA_CMAC_CORE_MAC_booth_3293        c60(0) p56 n98                  c                     
NV_NVDLA_CMAC_CORE_MAC_booth_3294        c60(0) p56 n98                  c                     
NV_NVDLA_CMAC_CORE_MAC_booth_3295        c55(0) p56 n92                  c                     
NV_NVDLA_CMAC_CORE_MAC_booth_3296        c60(0) p57 n99                  c                     
NV_NVDLA_CMAC_CORE_MAC_booth_3297        c60(0) p57 n99                  c                     
NV_NVDLA_CMAC_CORE_MAC_booth_3298        c60(0) p57 n99                  c                     
NV_NVDLA_CMAC_CORE_MAC_booth_3299        c60(0) p57 n99                  c                     
NV_NVDLA_CMAC_CORE_MAC_booth_33          c60(0) p57 n99                  c                     
NV_NVDLA_CMAC_CORE_MAC_booth_330         c60(0) p56 n98                  c                     
NV_NVDLA_CMAC_CORE_MAC_booth_3300        c60(0) p56 n98                  c                     
NV_NVDLA_CMAC_CORE_MAC_booth_3301        c60(0) p56 n98                  c                     
NV_NVDLA_CMAC_CORE_MAC_booth_3302        c60(0) p57 n99                  c                     
NV_NVDLA_CMAC_CORE_MAC_booth_3303        c55(0) p56 n92                  c                     
NV_NVDLA_CMAC_CORE_MAC_booth_3304        c60(0) p57 n99                  c                     
NV_NVDLA_CMAC_CORE_MAC_booth_3305        c60(0) p57 n99                  c                     
NV_NVDLA_CMAC_CORE_MAC_booth_3306        c60(0) p57 n99                  c                     
NV_NVDLA_CMAC_CORE_MAC_booth_3307        c60(0) p56 n98                  c                     
NV_NVDLA_CMAC_CORE_MAC_booth_3308        c60(0) p57 n99                  c                     
NV_NVDLA_CMAC_CORE_MAC_booth_3309        c60(0) p57 n99                  c                     
NV_NVDLA_CMAC_CORE_MAC_booth_331         c60(0) p57 n99                  c                     
NV_NVDLA_CMAC_CORE_MAC_booth_3310        c60(0) p57 n99                  c                     
NV_NVDLA_CMAC_CORE_MAC_booth_3311        c55(0) p56 n92                  c                     
NV_NVDLA_CMAC_CORE_MAC_booth_3312        c60(0) p57 n99                  c                     
NV_NVDLA_CMAC_CORE_MAC_booth_3313        c60(0) p56 n98                  c                     
NV_NVDLA_CMAC_CORE_MAC_booth_3314        c60(0) p57 n99                  c                     
NV_NVDLA_CMAC_CORE_MAC_booth_3315        c60(0) p56 n98                  c                     
NV_NVDLA_CMAC_CORE_MAC_booth_3316        c60(0) p57 n99                  c                     
NV_NVDLA_CMAC_CORE_MAC_booth_3317        c60(0) p56 n98                  c                     
NV_NVDLA_CMAC_CORE_MAC_booth_3318        c60(0) p57 n99                  c                     
NV_NVDLA_CMAC_CORE_MAC_booth_3319        c55(0) p56 n92                  c                     
NV_NVDLA_CMAC_CORE_MAC_booth_332         c60(0) p56 n98                  c                     
NV_NVDLA_CMAC_CORE_MAC_booth_3320        c60(0) p57 n99                  c                     
NV_NVDLA_CMAC_CORE_MAC_booth_3321        c60(0) p57 n99                  c                     
NV_NVDLA_CMAC_CORE_MAC_booth_3322        c60(0) p58 n100                 c                     
NV_NVDLA_CMAC_CORE_MAC_booth_3323        c60(0) p57 n99                  c                     
NV_NVDLA_CMAC_CORE_MAC_booth_3324        c60(0) p57 n99                  c                     
NV_NVDLA_CMAC_CORE_MAC_booth_3325        c60(0) p57 n99                  c                     
NV_NVDLA_CMAC_CORE_MAC_booth_3326        c60(0) p57 n99                  c                     
NV_NVDLA_CMAC_CORE_MAC_booth_3327        c55(0) p57 n93                  c                     
NV_NVDLA_CMAC_CORE_MAC_booth_3328        c60(0) p56 n98                  c                     
NV_NVDLA_CMAC_CORE_MAC_booth_3329        c60(0) p56 n98                  c                     
NV_NVDLA_CMAC_CORE_MAC_booth_333         c60(0) p57 n99                  c                     
NV_NVDLA_CMAC_CORE_MAC_booth_3330        c60(0) p56 n98                  c                     
NV_NVDLA_CMAC_CORE_MAC_booth_3331        c60(0) p57 n99                  c                     
NV_NVDLA_CMAC_CORE_MAC_booth_3332        c60(0) p56 n98                  c                     
NV_NVDLA_CMAC_CORE_MAC_booth_3333        c60(0) p56 n98                  c                     
NV_NVDLA_CMAC_CORE_MAC_booth_3334        c60(0) p57 n99                  c                     
NV_NVDLA_CMAC_CORE_MAC_booth_3335        c55(0) p57 n93                  c                     
NV_NVDLA_CMAC_CORE_MAC_booth_3336        c60(0) p56 n98                  c                     
NV_NVDLA_CMAC_CORE_MAC_booth_3337        c60(0) p56 n98                  c                     
NV_NVDLA_CMAC_CORE_MAC_booth_3338        c60(0) p57 n99                  c                     
NV_NVDLA_CMAC_CORE_MAC_booth_3339        c60(0) p56 n98                  c                     
NV_NVDLA_CMAC_CORE_MAC_booth_334         c60(0) p57 n99                  c                     
NV_NVDLA_CMAC_CORE_MAC_booth_3340        c60(0) p57 n99                  c                     
NV_NVDLA_CMAC_CORE_MAC_booth_3341        c60(0) p57 n99                  c                     
NV_NVDLA_CMAC_CORE_MAC_booth_3342        c60(0) p56 n98                  c                     
NV_NVDLA_CMAC_CORE_MAC_booth_3343        c55(0) p56 n92                  c                     
NV_NVDLA_CMAC_CORE_MAC_booth_3344        c60(0) p56 n98                  c                     
NV_NVDLA_CMAC_CORE_MAC_booth_3345        c60(0) p56 n98                  c                     
NV_NVDLA_CMAC_CORE_MAC_booth_3346        c60(0) p56 n98                  c                     
NV_NVDLA_CMAC_CORE_MAC_booth_3347        c60(0) p57 n99                  c                     
NV_NVDLA_CMAC_CORE_MAC_booth_3348        c60(0) p56 n98                  c                     
NV_NVDLA_CMAC_CORE_MAC_booth_3349        c60(0) p57 n99                  c                     
NV_NVDLA_CMAC_CORE_MAC_booth_335         c55(0) p56 n92                  c                     
NV_NVDLA_CMAC_CORE_MAC_booth_3350        c60(0) p57 n99                  c                     
NV_NVDLA_CMAC_CORE_MAC_booth_3351        c55(0) p57 n93                  c                     
NV_NVDLA_CMAC_CORE_MAC_booth_3352        c60(0) p57 n99                  c                     
NV_NVDLA_CMAC_CORE_MAC_booth_3353        c60(0) p56 n98                  c                     
NV_NVDLA_CMAC_CORE_MAC_booth_3354        c60(0) p56 n98                  c                     
NV_NVDLA_CMAC_CORE_MAC_booth_3355        c60(0) p57 n99                  c                     
NV_NVDLA_CMAC_CORE_MAC_booth_3356        c60(0) p57 n99                  c                     
NV_NVDLA_CMAC_CORE_MAC_booth_3357        c60(0) p56 n98                  c                     
NV_NVDLA_CMAC_CORE_MAC_booth_3358        c60(0) p56 n98                  c                     
NV_NVDLA_CMAC_CORE_MAC_booth_3359        c55(0) p57 n93                  c                     
NV_NVDLA_CMAC_CORE_MAC_booth_336         c60(0) p56 n98                  c                     
NV_NVDLA_CMAC_CORE_MAC_booth_3360        c60(0) p57 n99                  c                     
NV_NVDLA_CMAC_CORE_MAC_booth_3361        c60(0) p56 n98                  c                     
NV_NVDLA_CMAC_CORE_MAC_booth_3362        c60(0) p56 n98                  c                     
NV_NVDLA_CMAC_CORE_MAC_booth_3363        c60(0) p59 n101                 c                     
NV_NVDLA_CMAC_CORE_MAC_booth_3364        c60(0) p56 n98                  c                     
NV_NVDLA_CMAC_CORE_MAC_booth_3365        c60(0) p56 n98                  c                     
NV_NVDLA_CMAC_CORE_MAC_booth_3366        c60(0) p57 n99                  c                     
NV_NVDLA_CMAC_CORE_MAC_booth_3367        c55(0) p56 n92                  c                     
NV_NVDLA_CMAC_CORE_MAC_booth_3368        c60(0) p56 n98                  c                     
NV_NVDLA_CMAC_CORE_MAC_booth_3369        c60(0) p56 n98                  c                     
NV_NVDLA_CMAC_CORE_MAC_booth_337         c60(0) p56 n98                  c                     
NV_NVDLA_CMAC_CORE_MAC_booth_3370        c60(0) p57 n99                  c                     
NV_NVDLA_CMAC_CORE_MAC_booth_3371        c60(0) p58 n100                 c                     
NV_NVDLA_CMAC_CORE_MAC_booth_3372        c60(0) p56 n98                  c                     
NV_NVDLA_CMAC_CORE_MAC_booth_3373        c60(0) p57 n99                  c                     
NV_NVDLA_CMAC_CORE_MAC_booth_3374        c60(0) p56 n98                  c                     
NV_NVDLA_CMAC_CORE_MAC_booth_3375        c55(0) p57 n93                  c                     
NV_NVDLA_CMAC_CORE_MAC_booth_3376        c60(0) p57 n99                  c                     
NV_NVDLA_CMAC_CORE_MAC_booth_3377        c60(0) p56 n98                  c                     
NV_NVDLA_CMAC_CORE_MAC_booth_3378        c60(0) p57 n99                  c                     
NV_NVDLA_CMAC_CORE_MAC_booth_3379        c60(0) p57 n99                  c                     
NV_NVDLA_CMAC_CORE_MAC_booth_338         c60(0) p56 n98                  c                     
NV_NVDLA_CMAC_CORE_MAC_booth_3380        c60(0) p56 n98                  c                     
NV_NVDLA_CMAC_CORE_MAC_booth_3381        c60(0) p56 n98                  c                     
NV_NVDLA_CMAC_CORE_MAC_booth_3382        c60(0) p57 n99                  c                     
NV_NVDLA_CMAC_CORE_MAC_booth_3383        c55(0) p57 n93                  c                     
NV_NVDLA_CMAC_CORE_MAC_booth_3384        c60(0) p57 n99                  c                     
NV_NVDLA_CMAC_CORE_MAC_booth_3385        c60(0) p56 n98                  c                     
NV_NVDLA_CMAC_CORE_MAC_booth_3386        c60(0) p57 n99                  c                     
NV_NVDLA_CMAC_CORE_MAC_booth_3387        c60(0) p56 n98                  c                     
NV_NVDLA_CMAC_CORE_MAC_booth_3388        c60(0) p56 n98                  c                     
NV_NVDLA_CMAC_CORE_MAC_booth_3389        c60(0) p57 n99                  c                     
NV_NVDLA_CMAC_CORE_MAC_booth_339         c60(0) p56 n98                  c                     
NV_NVDLA_CMAC_CORE_MAC_booth_3390        c60(0) p57 n99                  c                     
NV_NVDLA_CMAC_CORE_MAC_booth_3391        c55(0) p56 n92                  c                     
NV_NVDLA_CMAC_CORE_MAC_booth_3392        c60(0) p56 n98                  c                     
NV_NVDLA_CMAC_CORE_MAC_booth_3393        c60(0) p56 n98                  c                     
NV_NVDLA_CMAC_CORE_MAC_booth_3394        c60(0) p57 n99                  c                     
NV_NVDLA_CMAC_CORE_MAC_booth_3395        c60(0) p56 n98                  c                     
NV_NVDLA_CMAC_CORE_MAC_booth_3396        c60(0) p56 n98                  c                     
NV_NVDLA_CMAC_CORE_MAC_booth_3397        c60(0) p56 n98                  c                     
NV_NVDLA_CMAC_CORE_MAC_booth_3398        c60(0) p57 n99                  c                     
NV_NVDLA_CMAC_CORE_MAC_booth_3399        c55(0) p57 n93                  c                     
NV_NVDLA_CMAC_CORE_MAC_booth_34          c60(0) p56 n98                  c                     
NV_NVDLA_CMAC_CORE_MAC_booth_340         c60(0) p57 n99                  c                     
NV_NVDLA_CMAC_CORE_MAC_booth_3400        c60(0) p57 n99                  c                     
NV_NVDLA_CMAC_CORE_MAC_booth_3401        c60(0) p57 n99                  c                     
NV_NVDLA_CMAC_CORE_MAC_booth_3402        c60(0) p57 n99                  c                     
NV_NVDLA_CMAC_CORE_MAC_booth_3403        c60(0) p58 n100                 c                     
NV_NVDLA_CMAC_CORE_MAC_booth_3404        c60(0) p58 n100                 c                     
NV_NVDLA_CMAC_CORE_MAC_booth_3405        c60(0) p56 n98                  c                     
NV_NVDLA_CMAC_CORE_MAC_booth_3406        c60(0) p57 n99                  c                     
NV_NVDLA_CMAC_CORE_MAC_booth_3407        c55(0) p57 n93                  c                     
NV_NVDLA_CMAC_CORE_MAC_booth_3408        c60(0) p56 n98                  c                     
NV_NVDLA_CMAC_CORE_MAC_booth_3409        c60(0) p56 n98                  c                     
NV_NVDLA_CMAC_CORE_MAC_booth_341         c60(0) p57 n99                  c                     
NV_NVDLA_CMAC_CORE_MAC_booth_3410        c60(0) p56 n98                  c                     
NV_NVDLA_CMAC_CORE_MAC_booth_3411        c60(0) p57 n99                  c                     
NV_NVDLA_CMAC_CORE_MAC_booth_3412        c60(0) p56 n98                  c                     
NV_NVDLA_CMAC_CORE_MAC_booth_3413        c60(0) p56 n98                  c                     
NV_NVDLA_CMAC_CORE_MAC_booth_3414        c60(0) p57 n99                  c                     
NV_NVDLA_CMAC_CORE_MAC_booth_3415        c55(0) p56 n92                  c                     
NV_NVDLA_CMAC_CORE_MAC_booth_3416        c60(0) p56 n98                  c                     
NV_NVDLA_CMAC_CORE_MAC_booth_3417        c60(0) p56 n98                  c                     
NV_NVDLA_CMAC_CORE_MAC_booth_3418        c60(0) p57 n99                  c                     
NV_NVDLA_CMAC_CORE_MAC_booth_3419        c60(0) p56 n98                  c                     
NV_NVDLA_CMAC_CORE_MAC_booth_342         c60(0) p57 n99                  c                     
NV_NVDLA_CMAC_CORE_MAC_booth_3420        c60(0) p57 n99                  c                     
NV_NVDLA_CMAC_CORE_MAC_booth_3421        c60(0) p57 n99                  c                     
NV_NVDLA_CMAC_CORE_MAC_booth_3422        c60(0) p56 n98                  c                     
NV_NVDLA_CMAC_CORE_MAC_booth_3423        c55(0) p56 n92                  c                     
NV_NVDLA_CMAC_CORE_MAC_booth_3424        c60(0) p56 n98                  c                     
NV_NVDLA_CMAC_CORE_MAC_booth_3425        c60(0) p56 n98                  c                     
NV_NVDLA_CMAC_CORE_MAC_booth_3426        c60(0) p57 n99                  c                     
NV_NVDLA_CMAC_CORE_MAC_booth_3427        c60(0) p57 n99                  c                     
NV_NVDLA_CMAC_CORE_MAC_booth_3428        c60(0) p57 n99                  c                     
NV_NVDLA_CMAC_CORE_MAC_booth_3429        c60(0) p57 n99                  c                     
NV_NVDLA_CMAC_CORE_MAC_booth_343         c55(0) p56 n92                  c                     
NV_NVDLA_CMAC_CORE_MAC_booth_3430        c60(0) p57 n99                  c                     
NV_NVDLA_CMAC_CORE_MAC_booth_3431        c55(0) p57 n93                  c                     
NV_NVDLA_CMAC_CORE_MAC_booth_3432        c60(0) p56 n98                  c                     
NV_NVDLA_CMAC_CORE_MAC_booth_3433        c60(0) p56 n98                  c                     
NV_NVDLA_CMAC_CORE_MAC_booth_3434        c60(0) p56 n98                  c                     
NV_NVDLA_CMAC_CORE_MAC_booth_3435        c60(0) p57 n99                  c                     
NV_NVDLA_CMAC_CORE_MAC_booth_3436        c60(0) p56 n98                  c                     
NV_NVDLA_CMAC_CORE_MAC_booth_3437        c60(0) p57 n99                  c                     
NV_NVDLA_CMAC_CORE_MAC_booth_3438        c60(0) p57 n99                  c                     
NV_NVDLA_CMAC_CORE_MAC_booth_3439        c55(0) p56 n92                  c                     
NV_NVDLA_CMAC_CORE_MAC_booth_344         c60(0) p57 n99                  c                     
NV_NVDLA_CMAC_CORE_MAC_booth_3440        c61(0) p56 n99                  c                     
NV_NVDLA_CMAC_CORE_MAC_booth_3441        c60(0) p56 n98                  c                     
NV_NVDLA_CMAC_CORE_MAC_booth_3442        c60(0) p56 n98                  c                     
NV_NVDLA_CMAC_CORE_MAC_booth_3443        c60(0) p57 n99                  c                     
NV_NVDLA_CMAC_CORE_MAC_booth_3444        c60(0) p57 n99                  c                     
NV_NVDLA_CMAC_CORE_MAC_booth_3445        c60(0) p57 n99                  c                     
NV_NVDLA_CMAC_CORE_MAC_booth_3446        c60(0) p57 n99                  c                     
NV_NVDLA_CMAC_CORE_MAC_booth_3447        c55(0) p56 n92                  c                     
NV_NVDLA_CMAC_CORE_MAC_booth_3448        c60(0) p57 n99                  c                     
NV_NVDLA_CMAC_CORE_MAC_booth_3449        c60(0) p57 n99                  c                     
NV_NVDLA_CMAC_CORE_MAC_booth_345         c60(0) p57 n99                  c                     
NV_NVDLA_CMAC_CORE_MAC_booth_3450        c60(0) p57 n99                  c                     
NV_NVDLA_CMAC_CORE_MAC_booth_3451        c60(0) p57 n99                  c                     
NV_NVDLA_CMAC_CORE_MAC_booth_3452        c60(0) p57 n99                  c                     
NV_NVDLA_CMAC_CORE_MAC_booth_3453        c60(0) p56 n98                  c                     
NV_NVDLA_CMAC_CORE_MAC_booth_3454        c60(0) p56 n98                  c                     
NV_NVDLA_CMAC_CORE_MAC_booth_3455        c57(0) p57 n95                  c                     
NV_NVDLA_CMAC_CORE_MAC_booth_3456        c60(0) p57 n99                  c                     
NV_NVDLA_CMAC_CORE_MAC_booth_3457        c60(0) p56 n98                  c                     
NV_NVDLA_CMAC_CORE_MAC_booth_3458        c60(0) p57 n99                  c                     
NV_NVDLA_CMAC_CORE_MAC_booth_3459        c60(0) p56 n98                  c                     
NV_NVDLA_CMAC_CORE_MAC_booth_346         c60(0) p56 n98                  c                     
NV_NVDLA_CMAC_CORE_MAC_booth_3460        c60(0) p57 n99                  c                     
NV_NVDLA_CMAC_CORE_MAC_booth_3461        c60(0) p57 n99                  c                     
NV_NVDLA_CMAC_CORE_MAC_booth_3462        c60(0) p58 n100                 c                     
NV_NVDLA_CMAC_CORE_MAC_booth_3463        c55(0) p56 n92                  c                     
NV_NVDLA_CMAC_CORE_MAC_booth_3464        c60(0) p56 n98                  c                     
NV_NVDLA_CMAC_CORE_MAC_booth_3465        c60(0) p56 n98                  c                     
NV_NVDLA_CMAC_CORE_MAC_booth_3466        c60(0) p57 n99                  c                     
NV_NVDLA_CMAC_CORE_MAC_booth_3467        c60(0) p57 n99                  c                     
NV_NVDLA_CMAC_CORE_MAC_booth_3468        c60(0) p57 n99                  c                     
NV_NVDLA_CMAC_CORE_MAC_booth_3469        c60(0) p56 n98                  c                     
NV_NVDLA_CMAC_CORE_MAC_booth_347         c60(0) p56 n98                  c                     
NV_NVDLA_CMAC_CORE_MAC_booth_3470        c60(0) p56 n98                  c                     
NV_NVDLA_CMAC_CORE_MAC_booth_3471        c55(0) p56 n92                  c                     
NV_NVDLA_CMAC_CORE_MAC_booth_3472        c60(0) p57 n99                  c                     
NV_NVDLA_CMAC_CORE_MAC_booth_3473        c60(0) p57 n99                  c                     
NV_NVDLA_CMAC_CORE_MAC_booth_3474        c60(0) p58 n100                 c                     
NV_NVDLA_CMAC_CORE_MAC_booth_3475        c60(0) p57 n99                  c                     
NV_NVDLA_CMAC_CORE_MAC_booth_3476        c60(0) p57 n99                  c                     
NV_NVDLA_CMAC_CORE_MAC_booth_3477        c60(0) p57 n99                  c                     
NV_NVDLA_CMAC_CORE_MAC_booth_3478        c60(0) p56 n98                  c                     
NV_NVDLA_CMAC_CORE_MAC_booth_3479        c55(0) p56 n92                  c                     
NV_NVDLA_CMAC_CORE_MAC_booth_348         c60(0) p58 n100                 c                     
NV_NVDLA_CMAC_CORE_MAC_booth_3480        c60(0) p57 n99                  c                     
NV_NVDLA_CMAC_CORE_MAC_booth_3481        c60(0) p56 n98                  c                     
NV_NVDLA_CMAC_CORE_MAC_booth_3482        c60(0) p56 n98                  c                     
NV_NVDLA_CMAC_CORE_MAC_booth_3483        c60(0) p56 n98                  c                     
NV_NVDLA_CMAC_CORE_MAC_booth_3484        c60(0) p56 n98                  c                     
NV_NVDLA_CMAC_CORE_MAC_booth_3485        c60(0) p56 n98                  c                     
NV_NVDLA_CMAC_CORE_MAC_booth_3486        c60(0) p57 n99                  c                     
NV_NVDLA_CMAC_CORE_MAC_booth_3487        c55(0) p56 n92                  c                     
NV_NVDLA_CMAC_CORE_MAC_booth_3488        c60(0) p57 n99                  c                     
NV_NVDLA_CMAC_CORE_MAC_booth_3489        c60(0) p57 n99                  c                     
NV_NVDLA_CMAC_CORE_MAC_booth_349         c60(0) p56 n98                  c                     
NV_NVDLA_CMAC_CORE_MAC_booth_3490        c60(0) p57 n99                  c                     
NV_NVDLA_CMAC_CORE_MAC_booth_3491        c60(0) p57 n99                  c                     
NV_NVDLA_CMAC_CORE_MAC_booth_3492        c60(0) p56 n98                  c                     
NV_NVDLA_CMAC_CORE_MAC_booth_3493        c60(0) p56 n98                  c                     
NV_NVDLA_CMAC_CORE_MAC_booth_3494        c60(0) p57 n99                  c                     
NV_NVDLA_CMAC_CORE_MAC_booth_3495        c55(0) p57 n93                  c                     
NV_NVDLA_CMAC_CORE_MAC_booth_3496        c60(0) p57 n99                  c                     
NV_NVDLA_CMAC_CORE_MAC_booth_3497        c60(0) p56 n98                  c                     
NV_NVDLA_CMAC_CORE_MAC_booth_3498        c60(0) p56 n98                  c                     
NV_NVDLA_CMAC_CORE_MAC_booth_3499        c60(0) p56 n98                  c                     
NV_NVDLA_CMAC_CORE_MAC_booth_35          c60(0) p56 n98                  c                     
NV_NVDLA_CMAC_CORE_MAC_booth_350         c60(0) p56 n98                  c                     
NV_NVDLA_CMAC_CORE_MAC_booth_3500        c60(0) p56 n98                  c                     
NV_NVDLA_CMAC_CORE_MAC_booth_3501        c60(0) p57 n99                  c                     
NV_NVDLA_CMAC_CORE_MAC_booth_3502        c60(0) p56 n98                  c                     
NV_NVDLA_CMAC_CORE_MAC_booth_3503        c54(0) p56 n91                  c                     
NV_NVDLA_CMAC_CORE_MAC_booth_3504        c60(0) p56 n98                  c                     
NV_NVDLA_CMAC_CORE_MAC_booth_3505        c60(0) p56 n98                  c                     
NV_NVDLA_CMAC_CORE_MAC_booth_3506        c60(0) p57 n99                  c                     
NV_NVDLA_CMAC_CORE_MAC_booth_3507        c60(0) p56 n98                  c                     
NV_NVDLA_CMAC_CORE_MAC_booth_3508        c60(0) p56 n98                  c                     
NV_NVDLA_CMAC_CORE_MAC_booth_3509        c60(0) p57 n99                  c                     
NV_NVDLA_CMAC_CORE_MAC_booth_351         c55(0) p57 n93                  c                     
NV_NVDLA_CMAC_CORE_MAC_booth_3510        c60(0) p56 n98                  c                     
NV_NVDLA_CMAC_CORE_MAC_booth_3511        c55(0) p56 n92                  c                     
NV_NVDLA_CMAC_CORE_MAC_booth_3512        c60(0) p57 n99                  c                     
NV_NVDLA_CMAC_CORE_MAC_booth_3513        c60(0) p57 n99                  c                     
NV_NVDLA_CMAC_CORE_MAC_booth_3514        c60(0) p58 n100                 c                     
NV_NVDLA_CMAC_CORE_MAC_booth_3515        c60(0) p58 n100                 c                     
NV_NVDLA_CMAC_CORE_MAC_booth_3516        c60(0) p57 n99                  c                     
NV_NVDLA_CMAC_CORE_MAC_booth_3517        c60(0) p58 n100                 c                     
NV_NVDLA_CMAC_CORE_MAC_booth_3518        c60(0) p56 n98                  c                     
NV_NVDLA_CMAC_CORE_MAC_booth_3519        c55(0) p56 n92                  c                     
NV_NVDLA_CMAC_CORE_MAC_booth_352         c60(0) p56 n98                  c                     
NV_NVDLA_CMAC_CORE_MAC_booth_3520        c60(0) p58 n100                 c                     
NV_NVDLA_CMAC_CORE_MAC_booth_3521        c60(0) p58 n100                 c                     
NV_NVDLA_CMAC_CORE_MAC_booth_3522        c60(0) p56 n98                  c                     
NV_NVDLA_CMAC_CORE_MAC_booth_3523        c60(0) p56 n98                  c                     
NV_NVDLA_CMAC_CORE_MAC_booth_3524        c60(0) p57 n99                  c                     
NV_NVDLA_CMAC_CORE_MAC_booth_3525        c60(0) p57 n99                  c                     
NV_NVDLA_CMAC_CORE_MAC_booth_3526        c60(0) p58 n100                 c                     
NV_NVDLA_CMAC_CORE_MAC_booth_3527        c56(0) p57 n94                  c                     
NV_NVDLA_CMAC_CORE_MAC_booth_3528        c60(0) p57 n99                  c                     
NV_NVDLA_CMAC_CORE_MAC_booth_3529        c60(0) p57 n99                  c                     
NV_NVDLA_CMAC_CORE_MAC_booth_353         c60(0) p57 n99                  c                     
NV_NVDLA_CMAC_CORE_MAC_booth_3530        c60(0) p58 n100                 c                     
NV_NVDLA_CMAC_CORE_MAC_booth_3531        c60(0) p57 n99                  c                     
NV_NVDLA_CMAC_CORE_MAC_booth_3532        c60(0) p57 n99                  c                     
NV_NVDLA_CMAC_CORE_MAC_booth_3533        c60(0) p57 n99                  c                     
NV_NVDLA_CMAC_CORE_MAC_booth_3534        c60(0) p56 n98                  c                     
NV_NVDLA_CMAC_CORE_MAC_booth_3535        c55(0) p56 n92                  c                     
NV_NVDLA_CMAC_CORE_MAC_booth_3536        c61(0) p57 n100                 c                     
NV_NVDLA_CMAC_CORE_MAC_booth_3537        c60(0) p56 n98                  c                     
NV_NVDLA_CMAC_CORE_MAC_booth_3538        c60(0) p56 n98                  c                     
NV_NVDLA_CMAC_CORE_MAC_booth_3539        c60(0) p56 n98                  c                     
NV_NVDLA_CMAC_CORE_MAC_booth_354         c60(0) p57 n99                  c                     
NV_NVDLA_CMAC_CORE_MAC_booth_3540        c60(0) p56 n98                  c                     
NV_NVDLA_CMAC_CORE_MAC_booth_3541        c60(0) p57 n99                  c                     
NV_NVDLA_CMAC_CORE_MAC_booth_3542        c60(0) p57 n99                  c                     
NV_NVDLA_CMAC_CORE_MAC_booth_3543        c55(0) p57 n93                  c                     
NV_NVDLA_CMAC_CORE_MAC_booth_3544        c61(0) p57 n100                 c                     
NV_NVDLA_CMAC_CORE_MAC_booth_3545        c60(0) p57 n99                  c                     
NV_NVDLA_CMAC_CORE_MAC_booth_3546        c60(0) p56 n98                  c                     
NV_NVDLA_CMAC_CORE_MAC_booth_3547        c60(0) p57 n99                  c                     
NV_NVDLA_CMAC_CORE_MAC_booth_3548        c60(0) p56 n98                  c                     
NV_NVDLA_CMAC_CORE_MAC_booth_3549        c60(0) p57 n99                  c                     
NV_NVDLA_CMAC_CORE_MAC_booth_355         c60(0) p57 n99                  c                     
NV_NVDLA_CMAC_CORE_MAC_booth_3550        c60(0) p57 n99                  c                     
NV_NVDLA_CMAC_CORE_MAC_booth_3551        c55(0) p57 n93                  c                     
NV_NVDLA_CMAC_CORE_MAC_booth_3552        c61(0) p56 n99                  c                     
NV_NVDLA_CMAC_CORE_MAC_booth_3553        c60(0) p56 n98                  c                     
NV_NVDLA_CMAC_CORE_MAC_booth_3554        c60(0) p56 n98                  c                     
NV_NVDLA_CMAC_CORE_MAC_booth_3555        c60(0) p56 n98                  c                     
NV_NVDLA_CMAC_CORE_MAC_booth_3556        c60(0) p56 n98                  c                     
NV_NVDLA_CMAC_CORE_MAC_booth_3557        c60(0) p56 n98                  c                     
NV_NVDLA_CMAC_CORE_MAC_booth_3558        c60(0) p57 n99                  c                     
NV_NVDLA_CMAC_CORE_MAC_booth_3559        c55(0) p56 n92                  c                     
NV_NVDLA_CMAC_CORE_MAC_booth_356         c60(0) p56 n98                  c                     
NV_NVDLA_CMAC_CORE_MAC_booth_3560        c60(0) p56 n98                  c                     
NV_NVDLA_CMAC_CORE_MAC_booth_3561        c60(0) p56 n98                  c                     
NV_NVDLA_CMAC_CORE_MAC_booth_3562        c60(0) p56 n98                  c                     
NV_NVDLA_CMAC_CORE_MAC_booth_3563        c60(0) p57 n99                  c                     
NV_NVDLA_CMAC_CORE_MAC_booth_3564        c60(0) p57 n99                  c                     
NV_NVDLA_CMAC_CORE_MAC_booth_3565        c60(0) p57 n99                  c                     
NV_NVDLA_CMAC_CORE_MAC_booth_3566        c60(0) p57 n99                  c                     
NV_NVDLA_CMAC_CORE_MAC_booth_3567        c55(0) p57 n93                  c                     
NV_NVDLA_CMAC_CORE_MAC_booth_3568        c60(0) p57 n99                  c                     
NV_NVDLA_CMAC_CORE_MAC_booth_3569        c61(0) p56 n99                  c                     
NV_NVDLA_CMAC_CORE_MAC_booth_357         c60(0) p56 n98                  c                     
NV_NVDLA_CMAC_CORE_MAC_booth_3570        c60(0) p56 n98                  c                     
NV_NVDLA_CMAC_CORE_MAC_booth_3571        c60(0) p56 n98                  c                     
NV_NVDLA_CMAC_CORE_MAC_booth_3572        c61(0) p56 n99                  c                     
NV_NVDLA_CMAC_CORE_MAC_booth_3573        c60(0) p56 n98                  c                     
NV_NVDLA_CMAC_CORE_MAC_booth_3574        c60(0) p56 n98                  c                     
NV_NVDLA_CMAC_CORE_MAC_booth_3575        c55(0) p57 n93                  c                     
NV_NVDLA_CMAC_CORE_MAC_booth_3576        c60(0) p57 n99                  c                     
NV_NVDLA_CMAC_CORE_MAC_booth_3577        c60(0) p56 n98                  c                     
NV_NVDLA_CMAC_CORE_MAC_booth_3578        c60(0) p58 n100                 c                     
NV_NVDLA_CMAC_CORE_MAC_booth_3579        c60(0) p57 n99                  c                     
NV_NVDLA_CMAC_CORE_MAC_booth_358         c60(0) p57 n99                  c                     
NV_NVDLA_CMAC_CORE_MAC_booth_3580        c60(0) p58 n100                 c                     
NV_NVDLA_CMAC_CORE_MAC_booth_3581        c60(0) p57 n99                  c                     
NV_NVDLA_CMAC_CORE_MAC_booth_3582        c60(0) p57 n99                  c                     
NV_NVDLA_CMAC_CORE_MAC_booth_3583        c56(0) p56 n93                  c                     
NV_NVDLA_CMAC_CORE_MAC_booth_3584        c60(0) p57 n99                  c                     
NV_NVDLA_CMAC_CORE_MAC_booth_3585        c60(0) p57 n99                  c                     
NV_NVDLA_CMAC_CORE_MAC_booth_3586        c60(0) p56 n98                  c                     
NV_NVDLA_CMAC_CORE_MAC_booth_3587        c60(0) p56 n98                  c                     
NV_NVDLA_CMAC_CORE_MAC_booth_3588        c60(0) p57 n99                  c                     
NV_NVDLA_CMAC_CORE_MAC_booth_3589        c60(0) p57 n99                  c                     
NV_NVDLA_CMAC_CORE_MAC_booth_359         c55(0) p56 n92                  c                     
NV_NVDLA_CMAC_CORE_MAC_booth_3590        c60(0) p57 n99                  c                     
NV_NVDLA_CMAC_CORE_MAC_booth_3591        c55(0) p56 n92                  c                     
NV_NVDLA_CMAC_CORE_MAC_booth_3592        c60(0) p56 n98                  c                     
NV_NVDLA_CMAC_CORE_MAC_booth_3593        c60(0) p56 n98                  c                     
NV_NVDLA_CMAC_CORE_MAC_booth_3594        c60(0) p56 n98                  c                     
NV_NVDLA_CMAC_CORE_MAC_booth_3595        c60(0) p58 n100                 c                     
NV_NVDLA_CMAC_CORE_MAC_booth_3596        c60(0) p56 n98                  c                     
NV_NVDLA_CMAC_CORE_MAC_booth_3597        c60(0) p57 n99                  c                     
NV_NVDLA_CMAC_CORE_MAC_booth_3598        c60(0) p56 n98                  c                     
NV_NVDLA_CMAC_CORE_MAC_booth_3599        c55(0) p56 n92                  c                     
NV_NVDLA_CMAC_CORE_MAC_booth_36          c60(0) p57 n99                  c                     
NV_NVDLA_CMAC_CORE_MAC_booth_360         c60(0) p56 n98                  c                     
NV_NVDLA_CMAC_CORE_MAC_booth_3600        c60(0) p57 n99                  c                     
NV_NVDLA_CMAC_CORE_MAC_booth_3601        c60(0) p56 n98                  c                     
NV_NVDLA_CMAC_CORE_MAC_booth_3602        c60(0) p56 n98                  c                     
NV_NVDLA_CMAC_CORE_MAC_booth_3603        c60(0) p56 n98                  c                     
NV_NVDLA_CMAC_CORE_MAC_booth_3604        c60(0) p56 n98                  c                     
NV_NVDLA_CMAC_CORE_MAC_booth_3605        c60(0) p56 n98                  c                     
NV_NVDLA_CMAC_CORE_MAC_booth_3606        c60(0) p57 n99                  c                     
NV_NVDLA_CMAC_CORE_MAC_booth_3607        c55(0) p57 n93                  c                     
NV_NVDLA_CMAC_CORE_MAC_booth_3608        c60(0) p57 n99                  c                     
NV_NVDLA_CMAC_CORE_MAC_booth_3609        c60(0) p56 n98                  c                     
NV_NVDLA_CMAC_CORE_MAC_booth_361         c60(0) p56 n98                  c                     
NV_NVDLA_CMAC_CORE_MAC_booth_3610        c60(0) p56 n98                  c                     
NV_NVDLA_CMAC_CORE_MAC_booth_3611        c60(0) p56 n98                  c                     
NV_NVDLA_CMAC_CORE_MAC_booth_3612        c60(0) p56 n98                  c                     
NV_NVDLA_CMAC_CORE_MAC_booth_3613        c60(0) p57 n99                  c                     
NV_NVDLA_CMAC_CORE_MAC_booth_3614        c60(0) p56 n98                  c                     
NV_NVDLA_CMAC_CORE_MAC_booth_3615        c55(0) p56 n92                  c                     
NV_NVDLA_CMAC_CORE_MAC_booth_3616        c60(0) p56 n98                  c                     
NV_NVDLA_CMAC_CORE_MAC_booth_3617        c60(0) p57 n99                  c                     
NV_NVDLA_CMAC_CORE_MAC_booth_3618        c60(0) p57 n99                  c                     
NV_NVDLA_CMAC_CORE_MAC_booth_3619        c60(0) p57 n99                  c                     
NV_NVDLA_CMAC_CORE_MAC_booth_362         c60(0) p56 n98                  c                     
NV_NVDLA_CMAC_CORE_MAC_booth_3620        c60(0) p56 n98                  c                     
NV_NVDLA_CMAC_CORE_MAC_booth_3621        c60(0) p56 n98                  c                     
NV_NVDLA_CMAC_CORE_MAC_booth_3622        c60(0) p57 n99                  c                     
NV_NVDLA_CMAC_CORE_MAC_booth_3623        c55(0) p56 n92                  c                     
NV_NVDLA_CMAC_CORE_MAC_booth_3624        c60(0) p57 n99                  c                     
NV_NVDLA_CMAC_CORE_MAC_booth_3625        c60(0) p57 n99                  c                     
NV_NVDLA_CMAC_CORE_MAC_booth_3626        c60(0) p57 n99                  c                     
NV_NVDLA_CMAC_CORE_MAC_booth_3627        c60(0) p57 n99                  c                     
NV_NVDLA_CMAC_CORE_MAC_booth_3628        c60(0) p56 n98                  c                     
NV_NVDLA_CMAC_CORE_MAC_booth_3629        c60(0) p57 n99                  c                     
NV_NVDLA_CMAC_CORE_MAC_booth_363         c60(0) p56 n98                  c                     
NV_NVDLA_CMAC_CORE_MAC_booth_3630        c60(0) p56 n98                  c                     
NV_NVDLA_CMAC_CORE_MAC_booth_3631        c55(0) p56 n92                  c                     
NV_NVDLA_CMAC_CORE_MAC_booth_3632        c60(0) p57 n99                  c                     
NV_NVDLA_CMAC_CORE_MAC_booth_3633        c60(0) p57 n99                  c                     
NV_NVDLA_CMAC_CORE_MAC_booth_3634        c60(0) p57 n99                  c                     
NV_NVDLA_CMAC_CORE_MAC_booth_3635        c60(0) p57 n99                  c                     
NV_NVDLA_CMAC_CORE_MAC_booth_3636        c60(0) p58 n100                 c                     
NV_NVDLA_CMAC_CORE_MAC_booth_3637        c60(0) p57 n99                  c                     
NV_NVDLA_CMAC_CORE_MAC_booth_3638        c60(0) p57 n99                  c                     
NV_NVDLA_CMAC_CORE_MAC_booth_3639        c55(0) p57 n93                  c                     
NV_NVDLA_CMAC_CORE_MAC_booth_364         c60(0) p56 n98                  c                     
NV_NVDLA_CMAC_CORE_MAC_booth_3640        c60(0) p56 n98                  c                     
NV_NVDLA_CMAC_CORE_MAC_booth_3641        c60(0) p56 n98                  c                     
NV_NVDLA_CMAC_CORE_MAC_booth_3642        c60(0) p57 n99                  c                     
NV_NVDLA_CMAC_CORE_MAC_booth_3643        c60(0) p56 n98                  c                     
NV_NVDLA_CMAC_CORE_MAC_booth_3644        c60(0) p56 n98                  c                     
NV_NVDLA_CMAC_CORE_MAC_booth_3645        c60(0) p56 n98                  c                     
NV_NVDLA_CMAC_CORE_MAC_booth_3646        c60(0) p57 n99                  c                     
NV_NVDLA_CMAC_CORE_MAC_booth_3647        c55(0) p57 n93                  c                     
NV_NVDLA_CMAC_CORE_MAC_booth_3648        c60(0) p57 n99                  c                     
NV_NVDLA_CMAC_CORE_MAC_booth_3649        c60(0) p56 n98                  c                     
NV_NVDLA_CMAC_CORE_MAC_booth_365         c60(0) p57 n99                  c                     
NV_NVDLA_CMAC_CORE_MAC_booth_3650        c60(0) p56 n98                  c                     
NV_NVDLA_CMAC_CORE_MAC_booth_3651        c60(0) p56 n98                  c                     
NV_NVDLA_CMAC_CORE_MAC_booth_3652        c60(0) p56 n98                  c                     
NV_NVDLA_CMAC_CORE_MAC_booth_3653        c60(0) p56 n98                  c                     
NV_NVDLA_CMAC_CORE_MAC_booth_3654        c60(0) p57 n99                  c                     
NV_NVDLA_CMAC_CORE_MAC_booth_3655        c55(0) p56 n92                  c                     
NV_NVDLA_CMAC_CORE_MAC_booth_3656        c60(0) p56 n98                  c                     
NV_NVDLA_CMAC_CORE_MAC_booth_3657        c60(0) p56 n98                  c                     
NV_NVDLA_CMAC_CORE_MAC_booth_3658        c60(0) p56 n98                  c                     
NV_NVDLA_CMAC_CORE_MAC_booth_3659        c60(0) p57 n99                  c                     
NV_NVDLA_CMAC_CORE_MAC_booth_366         c60(0) p58 n100                 c                     
NV_NVDLA_CMAC_CORE_MAC_booth_3660        c60(0) p56 n98                  c                     
NV_NVDLA_CMAC_CORE_MAC_booth_3661        c60(0) p56 n98                  c                     
NV_NVDLA_CMAC_CORE_MAC_booth_3662        c60(0) p56 n98                  c                     
NV_NVDLA_CMAC_CORE_MAC_booth_3663        c55(0) p56 n92                  c                     
NV_NVDLA_CMAC_CORE_MAC_booth_3664        c60(0) p56 n98                  c                     
NV_NVDLA_CMAC_CORE_MAC_booth_3665        c61(0) p56 n99                  c                     
NV_NVDLA_CMAC_CORE_MAC_booth_3666        c60(0) p57 n99                  c                     
NV_NVDLA_CMAC_CORE_MAC_booth_3667        c60(0) p56 n98                  c                     
NV_NVDLA_CMAC_CORE_MAC_booth_3668        c60(0) p57 n99                  c                     
NV_NVDLA_CMAC_CORE_MAC_booth_3669        c60(0) p56 n98                  c                     
NV_NVDLA_CMAC_CORE_MAC_booth_367         c55(0) p57 n93                  c                     
NV_NVDLA_CMAC_CORE_MAC_booth_3670        c60(0) p57 n99                  c                     
NV_NVDLA_CMAC_CORE_MAC_booth_3671        c55(0) p57 n93                  c                     
NV_NVDLA_CMAC_CORE_MAC_booth_3672        c60(0) p56 n98                  c                     
NV_NVDLA_CMAC_CORE_MAC_booth_3673        c60(0) p56 n98                  c                     
NV_NVDLA_CMAC_CORE_MAC_booth_3674        c60(0) p56 n98                  c                     
NV_NVDLA_CMAC_CORE_MAC_booth_3675        c60(0) p56 n98                  c                     
NV_NVDLA_CMAC_CORE_MAC_booth_3676        c60(0) p57 n99                  c                     
NV_NVDLA_CMAC_CORE_MAC_booth_3677        c60(0) p57 n99                  c                     
NV_NVDLA_CMAC_CORE_MAC_booth_3678        c60(0) p57 n99                  c                     
NV_NVDLA_CMAC_CORE_MAC_booth_3679        c55(0) p56 n92                  c                     
NV_NVDLA_CMAC_CORE_MAC_booth_368         c60(0) p56 n98                  c                     
NV_NVDLA_CMAC_CORE_MAC_booth_3680        c60(0) p57 n99                  c                     
NV_NVDLA_CMAC_CORE_MAC_booth_3681        c60(0) p56 n98                  c                     
NV_NVDLA_CMAC_CORE_MAC_booth_3682        c60(0) p57 n99                  c                     
NV_NVDLA_CMAC_CORE_MAC_booth_3683        c60(0) p57 n99                  c                     
NV_NVDLA_CMAC_CORE_MAC_booth_3684        c60(0) p58 n100                 c                     
NV_NVDLA_CMAC_CORE_MAC_booth_3685        c60(0) p56 n98                  c                     
NV_NVDLA_CMAC_CORE_MAC_booth_3686        c60(0) p56 n98                  c                     
NV_NVDLA_CMAC_CORE_MAC_booth_3687        c55(0) p56 n92                  c                     
NV_NVDLA_CMAC_CORE_MAC_booth_3688        c60(0) p56 n98                  c                     
NV_NVDLA_CMAC_CORE_MAC_booth_3689        c60(0) p56 n98                  c                     
NV_NVDLA_CMAC_CORE_MAC_booth_369         c60(0) p56 n98                  c                     
NV_NVDLA_CMAC_CORE_MAC_booth_3690        c60(0) p56 n98                  c                     
NV_NVDLA_CMAC_CORE_MAC_booth_3691        c60(0) p56 n98                  c                     
NV_NVDLA_CMAC_CORE_MAC_booth_3692        c60(0) p57 n99                  c                     
NV_NVDLA_CMAC_CORE_MAC_booth_3693        c60(0) p57 n99                  c                     
NV_NVDLA_CMAC_CORE_MAC_booth_3694        c60(0) p56 n98                  c                     
NV_NVDLA_CMAC_CORE_MAC_booth_3695        c55(0) p56 n92                  c                     
NV_NVDLA_CMAC_CORE_MAC_booth_3696        c60(0) p56 n98                  c                     
NV_NVDLA_CMAC_CORE_MAC_booth_3697        c60(0) p56 n98                  c                     
NV_NVDLA_CMAC_CORE_MAC_booth_3698        c60(0) p56 n98                  c                     
NV_NVDLA_CMAC_CORE_MAC_booth_3699        c60(0) p56 n98                  c                     
NV_NVDLA_CMAC_CORE_MAC_booth_37          c60(0) p56 n98                  c                     
NV_NVDLA_CMAC_CORE_MAC_booth_370         c60(0) p56 n98                  c                     
NV_NVDLA_CMAC_CORE_MAC_booth_3700        c60(0) p56 n98                  c                     
NV_NVDLA_CMAC_CORE_MAC_booth_3701        c60(0) p56 n98                  c                     
NV_NVDLA_CMAC_CORE_MAC_booth_3702        c60(0) p57 n99                  c                     
NV_NVDLA_CMAC_CORE_MAC_booth_3703        c55(0) p56 n92                  c                     
NV_NVDLA_CMAC_CORE_MAC_booth_3704        c60(0) p57 n99                  c                     
NV_NVDLA_CMAC_CORE_MAC_booth_3705        c60(0) p57 n99                  c                     
NV_NVDLA_CMAC_CORE_MAC_booth_3706        c60(0) p56 n98                  c                     
NV_NVDLA_CMAC_CORE_MAC_booth_3707        c60(0) p56 n98                  c                     
NV_NVDLA_CMAC_CORE_MAC_booth_3708        c60(0) p56 n98                  c                     
NV_NVDLA_CMAC_CORE_MAC_booth_3709        c60(0) p56 n98                  c                     
NV_NVDLA_CMAC_CORE_MAC_booth_371         c60(0) p56 n98                  c                     
NV_NVDLA_CMAC_CORE_MAC_booth_3710        c60(0) p56 n98                  c                     
NV_NVDLA_CMAC_CORE_MAC_booth_3711        c55(0) p56 n92                  c                     
NV_NVDLA_CMAC_CORE_MAC_booth_3712        c60(0) p56 n98                  c                     
NV_NVDLA_CMAC_CORE_MAC_booth_3713        c60(0) p56 n98                  c                     
NV_NVDLA_CMAC_CORE_MAC_booth_3714        c60(0) p56 n98                  c                     
NV_NVDLA_CMAC_CORE_MAC_booth_3715        c60(0) p56 n98                  c                     
NV_NVDLA_CMAC_CORE_MAC_booth_3716        c60(0) p57 n99                  c                     
NV_NVDLA_CMAC_CORE_MAC_booth_3717        c60(0) p57 n99                  c                     
NV_NVDLA_CMAC_CORE_MAC_booth_3718        c60(0) p57 n99                  c                     
NV_NVDLA_CMAC_CORE_MAC_booth_3719        c55(0) p58 n94                  c                     
NV_NVDLA_CMAC_CORE_MAC_booth_372         c60(0) p56 n98                  c                     
NV_NVDLA_CMAC_CORE_MAC_booth_3720        c60(0) p58 n100                 c                     
NV_NVDLA_CMAC_CORE_MAC_booth_3721        c60(0) p57 n99                  c                     
NV_NVDLA_CMAC_CORE_MAC_booth_3722        c60(0) p57 n99                  c                     
NV_NVDLA_CMAC_CORE_MAC_booth_3723        c60(0) p57 n99                  c                     
NV_NVDLA_CMAC_CORE_MAC_booth_3724        c60(0) p56 n98                  c                     
NV_NVDLA_CMAC_CORE_MAC_booth_3725        c60(0) p57 n99                  c                     
NV_NVDLA_CMAC_CORE_MAC_booth_3726        c60(0) p57 n99                  c                     
NV_NVDLA_CMAC_CORE_MAC_booth_3727        c54(0) p57 n92                  c                     
NV_NVDLA_CMAC_CORE_MAC_booth_3728        c60(0) p56 n98                  c                     
NV_NVDLA_CMAC_CORE_MAC_booth_3729        c60(0) p56 n98                  c                     
NV_NVDLA_CMAC_CORE_MAC_booth_373         c60(0) p56 n98                  c                     
NV_NVDLA_CMAC_CORE_MAC_booth_3730        c60(0) p56 n98                  c                     
NV_NVDLA_CMAC_CORE_MAC_booth_3731        c60(0) p56 n98                  c                     
NV_NVDLA_CMAC_CORE_MAC_booth_3732        c60(0) p57 n99                  c                     
NV_NVDLA_CMAC_CORE_MAC_booth_3733        c60(0) p56 n98                  c                     
NV_NVDLA_CMAC_CORE_MAC_booth_3734        c60(0) p56 n98                  c                     
NV_NVDLA_CMAC_CORE_MAC_booth_3735        c55(0) p56 n92                  c                     
NV_NVDLA_CMAC_CORE_MAC_booth_3736        c61(0) p57 n100                 c                     
NV_NVDLA_CMAC_CORE_MAC_booth_3737        c60(0) p56 n98                  c                     
NV_NVDLA_CMAC_CORE_MAC_booth_3738        c60(0) p56 n98                  c                     
NV_NVDLA_CMAC_CORE_MAC_booth_3739        c60(0) p56 n98                  c                     
NV_NVDLA_CMAC_CORE_MAC_booth_374         c60(0) p57 n99                  c                     
NV_NVDLA_CMAC_CORE_MAC_booth_3740        c60(0) p57 n99                  c                     
NV_NVDLA_CMAC_CORE_MAC_booth_3741        c60(0) p57 n99                  c                     
NV_NVDLA_CMAC_CORE_MAC_booth_3742        c60(0) p57 n99                  c                     
NV_NVDLA_CMAC_CORE_MAC_booth_3743        c55(0) p57 n93                  c                     
NV_NVDLA_CMAC_CORE_MAC_booth_3744        c60(0) p57 n99                  c                     
NV_NVDLA_CMAC_CORE_MAC_booth_3745        c60(0) p57 n99                  c                     
NV_NVDLA_CMAC_CORE_MAC_booth_3746        c60(0) p57 n99                  c                     
NV_NVDLA_CMAC_CORE_MAC_booth_3747        c60(0) p57 n99                  c                     
NV_NVDLA_CMAC_CORE_MAC_booth_3748        c60(0) p56 n98                  c                     
NV_NVDLA_CMAC_CORE_MAC_booth_3749        c60(0) p56 n98                  c                     
NV_NVDLA_CMAC_CORE_MAC_booth_375         c56(0) p56 n93                  c                     
NV_NVDLA_CMAC_CORE_MAC_booth_3750        c60(0) p57 n99                  c                     
NV_NVDLA_CMAC_CORE_MAC_booth_3751        c55(0) p56 n92                  c                     
NV_NVDLA_CMAC_CORE_MAC_booth_3752        c60(0) p56 n98                  c                     
NV_NVDLA_CMAC_CORE_MAC_booth_3753        c60(0) p56 n98                  c                     
NV_NVDLA_CMAC_CORE_MAC_booth_3754        c60(0) p56 n98                  c                     
NV_NVDLA_CMAC_CORE_MAC_booth_3755        c60(0) p57 n99                  c                     
NV_NVDLA_CMAC_CORE_MAC_booth_3756        c60(0) p56 n98                  c                     
NV_NVDLA_CMAC_CORE_MAC_booth_3757        c60(0) p57 n99                  c                     
NV_NVDLA_CMAC_CORE_MAC_booth_3758        c60(0) p56 n98                  c                     
NV_NVDLA_CMAC_CORE_MAC_booth_3759        c55(0) p56 n92                  c                     
NV_NVDLA_CMAC_CORE_MAC_booth_376         c60(0) p57 n99                  c                     
NV_NVDLA_CMAC_CORE_MAC_booth_3760        c60(0) p58 n100                 c                     
NV_NVDLA_CMAC_CORE_MAC_booth_3761        c60(0) p57 n99                  c                     
NV_NVDLA_CMAC_CORE_MAC_booth_3762        c60(0) p57 n99                  c                     
NV_NVDLA_CMAC_CORE_MAC_booth_3763        c60(0) p57 n99                  c                     
NV_NVDLA_CMAC_CORE_MAC_booth_3764        c60(0) p58 n100                 c                     
NV_NVDLA_CMAC_CORE_MAC_booth_3765        c60(0) p56 n98                  c                     
NV_NVDLA_CMAC_CORE_MAC_booth_3766        c60(0) p56 n98                  c                     
NV_NVDLA_CMAC_CORE_MAC_booth_3767        c55(0) p56 n92                  c                     
NV_NVDLA_CMAC_CORE_MAC_booth_3768        c60(0) p57 n99                  c                     
NV_NVDLA_CMAC_CORE_MAC_booth_3769        c60(0) p57 n99                  c                     
NV_NVDLA_CMAC_CORE_MAC_booth_377         c60(0) p56 n98                  c                     
NV_NVDLA_CMAC_CORE_MAC_booth_3770        c60(0) p56 n98                  c                     
NV_NVDLA_CMAC_CORE_MAC_booth_3771        c60(0) p57 n99                  c                     
NV_NVDLA_CMAC_CORE_MAC_booth_3772        c60(0) p56 n98                  c                     
NV_NVDLA_CMAC_CORE_MAC_booth_3773        c60(0) p56 n98                  c                     
NV_NVDLA_CMAC_CORE_MAC_booth_3774        c60(0) p56 n98                  c                     
NV_NVDLA_CMAC_CORE_MAC_booth_3775        c55(0) p56 n92                  c                     
NV_NVDLA_CMAC_CORE_MAC_booth_3776        c61(0) p56 n99                  c                     
NV_NVDLA_CMAC_CORE_MAC_booth_3777        c60(0) p56 n98                  c                     
NV_NVDLA_CMAC_CORE_MAC_booth_3778        c60(0) p57 n99                  c                     
NV_NVDLA_CMAC_CORE_MAC_booth_3779        c60(0) p58 n100                 c                     
NV_NVDLA_CMAC_CORE_MAC_booth_378         c60(0) p58 n100                 c                     
NV_NVDLA_CMAC_CORE_MAC_booth_3780        c60(0) p57 n99                  c                     
NV_NVDLA_CMAC_CORE_MAC_booth_3781        c60(0) p56 n98                  c                     
NV_NVDLA_CMAC_CORE_MAC_booth_3782        c60(0) p56 n98                  c                     
NV_NVDLA_CMAC_CORE_MAC_booth_3783        c55(0) p57 n93                  c                     
NV_NVDLA_CMAC_CORE_MAC_booth_3784        c60(0) p57 n99                  c                     
NV_NVDLA_CMAC_CORE_MAC_booth_3785        c60(0) p57 n99                  c                     
NV_NVDLA_CMAC_CORE_MAC_booth_3786        c60(0) p57 n99                  c                     
NV_NVDLA_CMAC_CORE_MAC_booth_3787        c60(0) p56 n98                  c                     
NV_NVDLA_CMAC_CORE_MAC_booth_3788        c60(0) p56 n98                  c                     
NV_NVDLA_CMAC_CORE_MAC_booth_3789        c60(0) p57 n99                  c                     
NV_NVDLA_CMAC_CORE_MAC_booth_379         c60(0) p57 n99                  c                     
NV_NVDLA_CMAC_CORE_MAC_booth_3790        c60(0) p56 n98                  c                     
NV_NVDLA_CMAC_CORE_MAC_booth_3791        c55(0) p56 n92                  c                     
NV_NVDLA_CMAC_CORE_MAC_booth_3792        c60(0) p58 n100                 c                     
NV_NVDLA_CMAC_CORE_MAC_booth_3793        c60(0) p57 n99                  c                     
NV_NVDLA_CMAC_CORE_MAC_booth_3794        c60(0) p57 n99                  c                     
NV_NVDLA_CMAC_CORE_MAC_booth_3795        c60(0) p57 n99                  c                     
NV_NVDLA_CMAC_CORE_MAC_booth_3796        c60(0) p57 n99                  c                     
NV_NVDLA_CMAC_CORE_MAC_booth_3797        c60(0) p57 n99                  c                     
NV_NVDLA_CMAC_CORE_MAC_booth_3798        c60(0) p57 n99                  c                     
NV_NVDLA_CMAC_CORE_MAC_booth_3799        c55(0) p57 n93                  c                     
NV_NVDLA_CMAC_CORE_MAC_booth_38          c60(0) p57 n99                  c                     
NV_NVDLA_CMAC_CORE_MAC_booth_380         c60(0) p57 n99                  c                     
NV_NVDLA_CMAC_CORE_MAC_booth_3800        c61(0) p56 n99                  c                     
NV_NVDLA_CMAC_CORE_MAC_booth_3801        c60(0) p57 n99                  c                     
NV_NVDLA_CMAC_CORE_MAC_booth_3802        c60(0) p57 n99                  c                     
NV_NVDLA_CMAC_CORE_MAC_booth_3803        c60(0) p58 n100                 c                     
NV_NVDLA_CMAC_CORE_MAC_booth_3804        c60(0) p56 n98                  c                     
NV_NVDLA_CMAC_CORE_MAC_booth_3805        c60(0) p56 n98                  c                     
NV_NVDLA_CMAC_CORE_MAC_booth_3806        c60(0) p56 n98                  c                     
NV_NVDLA_CMAC_CORE_MAC_booth_3807        c55(0) p56 n92                  c                     
NV_NVDLA_CMAC_CORE_MAC_booth_3808        c60(0) p56 n98                  c                     
NV_NVDLA_CMAC_CORE_MAC_booth_3809        c60(0) p56 n98                  c                     
NV_NVDLA_CMAC_CORE_MAC_booth_381         c60(0) p56 n98                  c                     
NV_NVDLA_CMAC_CORE_MAC_booth_3810        c60(0) p56 n98                  c                     
NV_NVDLA_CMAC_CORE_MAC_booth_3811        c60(0) p57 n99                  c                     
NV_NVDLA_CMAC_CORE_MAC_booth_3812        c60(0) p56 n98                  c                     
NV_NVDLA_CMAC_CORE_MAC_booth_3813        c60(0) p57 n99                  c                     
NV_NVDLA_CMAC_CORE_MAC_booth_3814        c60(0) p57 n99                  c                     
NV_NVDLA_CMAC_CORE_MAC_booth_3815        c55(0) p57 n93                  c                     
NV_NVDLA_CMAC_CORE_MAC_booth_3816        c60(0) p56 n98                  c                     
NV_NVDLA_CMAC_CORE_MAC_booth_3817        c60(0) p56 n98                  c                     
NV_NVDLA_CMAC_CORE_MAC_booth_3818        c60(0) p56 n98                  c                     
NV_NVDLA_CMAC_CORE_MAC_booth_3819        c60(0) p57 n99                  c                     
NV_NVDLA_CMAC_CORE_MAC_booth_382         c60(0) p57 n99                  c                     
NV_NVDLA_CMAC_CORE_MAC_booth_3820        c60(0) p56 n98                  c                     
NV_NVDLA_CMAC_CORE_MAC_booth_3821        c60(0) p56 n98                  c                     
NV_NVDLA_CMAC_CORE_MAC_booth_3822        c60(0) p57 n99                  c                     
NV_NVDLA_CMAC_CORE_MAC_booth_3823        c55(0) p57 n93                  c                     
NV_NVDLA_CMAC_CORE_MAC_booth_3824        c61(0) p57 n100                 c                     
NV_NVDLA_CMAC_CORE_MAC_booth_3825        c60(0) p58 n100                 c                     
NV_NVDLA_CMAC_CORE_MAC_booth_3826        c60(0) p57 n99                  c                     
NV_NVDLA_CMAC_CORE_MAC_booth_3827        c60(0) p56 n98                  c                     
NV_NVDLA_CMAC_CORE_MAC_booth_3828        c60(0) p56 n98                  c                     
NV_NVDLA_CMAC_CORE_MAC_booth_3829        c60(0) p56 n98                  c                     
NV_NVDLA_CMAC_CORE_MAC_booth_383         c55(0) p56 n92                  c                     
NV_NVDLA_CMAC_CORE_MAC_booth_3830        c60(0) p57 n99                  c                     
NV_NVDLA_CMAC_CORE_MAC_booth_3831        c55(0) p56 n92                  c                     
NV_NVDLA_CMAC_CORE_MAC_booth_3832        c61(0) p56 n99                  c                     
NV_NVDLA_CMAC_CORE_MAC_booth_3833        c60(0) p56 n98                  c                     
NV_NVDLA_CMAC_CORE_MAC_booth_3834        c60(0) p56 n98                  c                     
NV_NVDLA_CMAC_CORE_MAC_booth_3835        c60(0) p56 n98                  c                     
NV_NVDLA_CMAC_CORE_MAC_booth_3836        c60(0) p56 n98                  c                     
NV_NVDLA_CMAC_CORE_MAC_booth_3837        c60(0) p56 n98                  c                     
NV_NVDLA_CMAC_CORE_MAC_booth_3838        c60(0) p57 n99                  c                     
NV_NVDLA_CMAC_CORE_MAC_booth_3839        c55(0) p56 n92                  c                     
NV_NVDLA_CMAC_CORE_MAC_booth_384         c60(0) p56 n98                  c                     
NV_NVDLA_CMAC_CORE_MAC_booth_3840        c60(0) p56 n98                  c                     
NV_NVDLA_CMAC_CORE_MAC_booth_3841        c60(0) p56 n98                  c                     
NV_NVDLA_CMAC_CORE_MAC_booth_3842        c60(0) p57 n99                  c                     
NV_NVDLA_CMAC_CORE_MAC_booth_3843        c60(0) p56 n98                  c                     
NV_NVDLA_CMAC_CORE_MAC_booth_3844        c60(0) p56 n98                  c                     
NV_NVDLA_CMAC_CORE_MAC_booth_3845        c60(0) p56 n98                  c                     
NV_NVDLA_CMAC_CORE_MAC_booth_3846        c60(0) p56 n98                  c                     
NV_NVDLA_CMAC_CORE_MAC_booth_3847        c55(0) p56 n92                  c                     
NV_NVDLA_CMAC_CORE_MAC_booth_3848        c60(0) p57 n99                  c                     
NV_NVDLA_CMAC_CORE_MAC_booth_3849        c60(0) p57 n99                  c                     
NV_NVDLA_CMAC_CORE_MAC_booth_385         c60(0) p56 n98                  c                     
NV_NVDLA_CMAC_CORE_MAC_booth_3850        c60(0) p57 n99                  c                     
NV_NVDLA_CMAC_CORE_MAC_booth_3851        c60(0) p57 n99                  c                     
NV_NVDLA_CMAC_CORE_MAC_booth_3852        c60(0) p57 n99                  c                     
NV_NVDLA_CMAC_CORE_MAC_booth_3853        c60(0) p57 n99                  c                     
NV_NVDLA_CMAC_CORE_MAC_booth_3854        c60(0) p56 n98                  c                     
NV_NVDLA_CMAC_CORE_MAC_booth_3855        c56(0) p56 n93                  c                     
NV_NVDLA_CMAC_CORE_MAC_booth_3856        c60(0) p56 n98                  c                     
NV_NVDLA_CMAC_CORE_MAC_booth_3857        c60(0) p56 n98                  c                     
NV_NVDLA_CMAC_CORE_MAC_booth_3858        c60(0) p56 n98                  c                     
NV_NVDLA_CMAC_CORE_MAC_booth_3859        c61(0) p55 n98                  c                     
NV_NVDLA_CMAC_CORE_MAC_booth_386         c60(0) p56 n98                  c                     
NV_NVDLA_CMAC_CORE_MAC_booth_3860        c60(0) p57 n99                  c                     
NV_NVDLA_CMAC_CORE_MAC_booth_3861        c60(0) p56 n98                  c                     
NV_NVDLA_CMAC_CORE_MAC_booth_3862        c60(0) p57 n99                  c                     
NV_NVDLA_CMAC_CORE_MAC_booth_3863        c56(0) p56 n93                  c                     
NV_NVDLA_CMAC_CORE_MAC_booth_3864        c60(0) p56 n98                  c                     
NV_NVDLA_CMAC_CORE_MAC_booth_3865        c60(0) p56 n98                  c                     
NV_NVDLA_CMAC_CORE_MAC_booth_3866        c60(0) p57 n99                  c                     
NV_NVDLA_CMAC_CORE_MAC_booth_3867        c60(0) p57 n99                  c                     
NV_NVDLA_CMAC_CORE_MAC_booth_3868        c60(0) p57 n99                  c                     
NV_NVDLA_CMAC_CORE_MAC_booth_3869        c60(0) p56 n98                  c                     
NV_NVDLA_CMAC_CORE_MAC_booth_387         c60(0) p57 n99                  c                     
NV_NVDLA_CMAC_CORE_MAC_booth_3870        c60(0) p56 n98                  c                     
NV_NVDLA_CMAC_CORE_MAC_booth_3871        c55(0) p56 n92                  c                     
NV_NVDLA_CMAC_CORE_MAC_booth_3872        c60(0) p56 n98                  c                     
NV_NVDLA_CMAC_CORE_MAC_booth_3873        c60(0) p56 n98                  c                     
NV_NVDLA_CMAC_CORE_MAC_booth_3874        c60(0) p56 n98                  c                     
NV_NVDLA_CMAC_CORE_MAC_booth_3875        c60(0) p57 n99                  c                     
NV_NVDLA_CMAC_CORE_MAC_booth_3876        c60(0) p57 n99                  c                     
NV_NVDLA_CMAC_CORE_MAC_booth_3877        c60(0) p57 n99                  c                     
NV_NVDLA_CMAC_CORE_MAC_booth_3878        c60(0) p57 n99                  c                     
NV_NVDLA_CMAC_CORE_MAC_booth_3879        c55(0) p56 n92                  c                     
NV_NVDLA_CMAC_CORE_MAC_booth_388         c60(0) p56 n98                  c                     
NV_NVDLA_CMAC_CORE_MAC_booth_3880        c60(0) p57 n99                  c                     
NV_NVDLA_CMAC_CORE_MAC_booth_3881        c60(0) p57 n99                  c                     
NV_NVDLA_CMAC_CORE_MAC_booth_3882        c60(0) p57 n99                  c                     
NV_NVDLA_CMAC_CORE_MAC_booth_3883        c60(0) p57 n99                  c                     
NV_NVDLA_CMAC_CORE_MAC_booth_3884        c60(0) p56 n98                  c                     
NV_NVDLA_CMAC_CORE_MAC_booth_3885        c60(0) p57 n99                  c                     
NV_NVDLA_CMAC_CORE_MAC_booth_3886        c60(0) p57 n99                  c                     
NV_NVDLA_CMAC_CORE_MAC_booth_3887        c55(0) p56 n92                  c                     
NV_NVDLA_CMAC_CORE_MAC_booth_3888        c60(0) p58 n100                 c                     
NV_NVDLA_CMAC_CORE_MAC_booth_3889        c60(0) p56 n98                  c                     
NV_NVDLA_CMAC_CORE_MAC_booth_389         c60(0) p56 n98                  c                     
NV_NVDLA_CMAC_CORE_MAC_booth_3890        c60(0) p56 n98                  c                     
NV_NVDLA_CMAC_CORE_MAC_booth_3891        c60(0) p57 n99                  c                     
NV_NVDLA_CMAC_CORE_MAC_booth_3892        c60(0) p56 n98                  c                     
NV_NVDLA_CMAC_CORE_MAC_booth_3893        c60(0) p57 n99                  c                     
NV_NVDLA_CMAC_CORE_MAC_booth_3894        c60(0) p58 n100                 c                     
NV_NVDLA_CMAC_CORE_MAC_booth_3895        c55(0) p57 n93                  c                     
NV_NVDLA_CMAC_CORE_MAC_booth_3896        c61(0) p57 n100                 c                     
NV_NVDLA_CMAC_CORE_MAC_booth_3897        c60(0) p57 n99                  c                     
NV_NVDLA_CMAC_CORE_MAC_booth_3898        c60(0) p57 n99                  c                     
NV_NVDLA_CMAC_CORE_MAC_booth_3899        c60(0) p57 n99                  c                     
NV_NVDLA_CMAC_CORE_MAC_booth_39          c55(0) p56 n92                  c                     
NV_NVDLA_CMAC_CORE_MAC_booth_390         c60(0) p57 n99                  c                     
NV_NVDLA_CMAC_CORE_MAC_booth_3900        c60(0) p57 n99                  c                     
NV_NVDLA_CMAC_CORE_MAC_booth_3901        c60(0) p58 n100                 c                     
NV_NVDLA_CMAC_CORE_MAC_booth_3902        c60(0) p58 n100                 c                     
NV_NVDLA_CMAC_CORE_MAC_booth_3903        c55(0) p56 n92                  c                     
NV_NVDLA_CMAC_CORE_MAC_booth_3904        c60(0) p56 n98                  c                     
NV_NVDLA_CMAC_CORE_MAC_booth_3905        c60(0) p56 n98                  c                     
NV_NVDLA_CMAC_CORE_MAC_booth_3906        c60(0) p56 n98                  c                     
NV_NVDLA_CMAC_CORE_MAC_booth_3907        c60(0) p58 n100                 c                     
NV_NVDLA_CMAC_CORE_MAC_booth_3908        c60(0) p57 n99                  c                     
NV_NVDLA_CMAC_CORE_MAC_booth_3909        c60(0) p57 n99                  c                     
NV_NVDLA_CMAC_CORE_MAC_booth_391         c55(0) p56 n92                  c                     
NV_NVDLA_CMAC_CORE_MAC_booth_3910        c60(0) p58 n100                 c                     
NV_NVDLA_CMAC_CORE_MAC_booth_3911        c55(0) p56 n92                  c                     
NV_NVDLA_CMAC_CORE_MAC_booth_3912        c60(0) p57 n99                  c                     
NV_NVDLA_CMAC_CORE_MAC_booth_3913        c60(0) p57 n99                  c                     
NV_NVDLA_CMAC_CORE_MAC_booth_3914        c60(0) p57 n99                  c                     
NV_NVDLA_CMAC_CORE_MAC_booth_3915        c60(0) p56 n98                  c                     
NV_NVDLA_CMAC_CORE_MAC_booth_3916        c60(0) p56 n98                  c                     
NV_NVDLA_CMAC_CORE_MAC_booth_3917        c60(0) p57 n99                  c                     
NV_NVDLA_CMAC_CORE_MAC_booth_3918        c60(0) p56 n98                  c                     
NV_NVDLA_CMAC_CORE_MAC_booth_3919        c55(0) p56 n92                  c                     
NV_NVDLA_CMAC_CORE_MAC_booth_392         c60(0) p56 n98                  c                     
NV_NVDLA_CMAC_CORE_MAC_booth_3920        c60(0) p57 n99                  c                     
NV_NVDLA_CMAC_CORE_MAC_booth_3921        c60(0) p57 n99                  c                     
NV_NVDLA_CMAC_CORE_MAC_booth_3922        c60(0) p56 n98                  c                     
NV_NVDLA_CMAC_CORE_MAC_booth_3923        c60(0) p57 n99                  c                     
NV_NVDLA_CMAC_CORE_MAC_booth_3924        c60(0) p57 n99                  c                     
NV_NVDLA_CMAC_CORE_MAC_booth_3925        c60(0) p57 n99                  c                     
NV_NVDLA_CMAC_CORE_MAC_booth_3926        c60(0) p58 n100                 c                     
NV_NVDLA_CMAC_CORE_MAC_booth_3927        c55(0) p56 n92                  c                     
NV_NVDLA_CMAC_CORE_MAC_booth_3928        c60(0) p56 n98                  c                     
NV_NVDLA_CMAC_CORE_MAC_booth_3929        c60(0) p56 n98                  c                     
NV_NVDLA_CMAC_CORE_MAC_booth_393         c60(0) p56 n98                  c                     
NV_NVDLA_CMAC_CORE_MAC_booth_3930        c60(0) p56 n98                  c                     
NV_NVDLA_CMAC_CORE_MAC_booth_3931        c60(0) p57 n99                  c                     
NV_NVDLA_CMAC_CORE_MAC_booth_3932        c60(0) p57 n99                  c                     
NV_NVDLA_CMAC_CORE_MAC_booth_3933        c60(0) p57 n99                  c                     
NV_NVDLA_CMAC_CORE_MAC_booth_3934        c60(0) p57 n99                  c                     
NV_NVDLA_CMAC_CORE_MAC_booth_3935        c55(0) p56 n92                  c                     
NV_NVDLA_CMAC_CORE_MAC_booth_3936        c60(0) p56 n98                  c                     
NV_NVDLA_CMAC_CORE_MAC_booth_3937        c60(0) p56 n98                  c                     
NV_NVDLA_CMAC_CORE_MAC_booth_3938        c60(0) p56 n98                  c                     
NV_NVDLA_CMAC_CORE_MAC_booth_3939        c60(0) p56 n98                  c                     
NV_NVDLA_CMAC_CORE_MAC_booth_394         c60(0) p57 n99                  c                     
NV_NVDLA_CMAC_CORE_MAC_booth_3940        c60(0) p56 n98                  c                     
NV_NVDLA_CMAC_CORE_MAC_booth_3941        c60(0) p57 n99                  c                     
NV_NVDLA_CMAC_CORE_MAC_booth_3942        c60(0) p58 n100                 c                     
NV_NVDLA_CMAC_CORE_MAC_booth_3943        c55(0) p56 n92                  c                     
NV_NVDLA_CMAC_CORE_MAC_booth_3944        c60(0) p56 n98                  c                     
NV_NVDLA_CMAC_CORE_MAC_booth_3945        c60(0) p56 n98                  c                     
NV_NVDLA_CMAC_CORE_MAC_booth_3946        c60(0) p56 n98                  c                     
NV_NVDLA_CMAC_CORE_MAC_booth_3947        c60(0) p56 n98                  c                     
NV_NVDLA_CMAC_CORE_MAC_booth_3948        c60(0) p56 n98                  c                     
NV_NVDLA_CMAC_CORE_MAC_booth_3949        c60(0) p56 n98                  c                     
NV_NVDLA_CMAC_CORE_MAC_booth_395         c60(0) p57 n99                  c                     
NV_NVDLA_CMAC_CORE_MAC_booth_3950        c60(0) p57 n99                  c                     
NV_NVDLA_CMAC_CORE_MAC_booth_3951        c56(0) p56 n93                  c                     
NV_NVDLA_CMAC_CORE_MAC_booth_3952        c61(0) p56 n99                  c                     
NV_NVDLA_CMAC_CORE_MAC_booth_3953        c60(0) p56 n98                  c                     
NV_NVDLA_CMAC_CORE_MAC_booth_3954        c60(0) p56 n98                  c                     
NV_NVDLA_CMAC_CORE_MAC_booth_3955        c60(0) p57 n99                  c                     
NV_NVDLA_CMAC_CORE_MAC_booth_3956        c60(0) p56 n98                  c                     
NV_NVDLA_CMAC_CORE_MAC_booth_3957        c60(0) p57 n99                  c                     
NV_NVDLA_CMAC_CORE_MAC_booth_3958        c60(0) p58 n100                 c                     
NV_NVDLA_CMAC_CORE_MAC_booth_3959        c55(0) p56 n92                  c                     
NV_NVDLA_CMAC_CORE_MAC_booth_396         c60(0) p57 n99                  c                     
NV_NVDLA_CMAC_CORE_MAC_booth_3960        c60(0) p56 n98                  c                     
NV_NVDLA_CMAC_CORE_MAC_booth_3961        c60(0) p56 n98                  c                     
NV_NVDLA_CMAC_CORE_MAC_booth_3962        c60(0) p56 n98                  c                     
NV_NVDLA_CMAC_CORE_MAC_booth_3963        c60(0) p56 n98                  c                     
NV_NVDLA_CMAC_CORE_MAC_booth_3964        c60(0) p56 n98                  c                     
NV_NVDLA_CMAC_CORE_MAC_booth_3965        c60(0) p57 n99                  c                     
NV_NVDLA_CMAC_CORE_MAC_booth_3966        c60(0) p58 n100                 c                     
NV_NVDLA_CMAC_CORE_MAC_booth_3967        c55(0) p58 n94                  c                     
NV_NVDLA_CMAC_CORE_MAC_booth_3968        c60(0) p57 n99                  c                     
NV_NVDLA_CMAC_CORE_MAC_booth_3969        c60(0) p57 n99                  c                     
NV_NVDLA_CMAC_CORE_MAC_booth_397         c60(0) p56 n98                  c                     
NV_NVDLA_CMAC_CORE_MAC_booth_3970        c60(0) p56 n98                  c                     
NV_NVDLA_CMAC_CORE_MAC_booth_3971        c60(0) p56 n98                  c                     
NV_NVDLA_CMAC_CORE_MAC_booth_3972        c60(0) p56 n98                  c                     
NV_NVDLA_CMAC_CORE_MAC_booth_3973        c60(0) p57 n99                  c                     
NV_NVDLA_CMAC_CORE_MAC_booth_3974        c60(0) p57 n99                  c                     
NV_NVDLA_CMAC_CORE_MAC_booth_3975        c55(0) p56 n92                  c                     
NV_NVDLA_CMAC_CORE_MAC_booth_3976        c60(0) p57 n99                  c                     
NV_NVDLA_CMAC_CORE_MAC_booth_3977        c60(0) p56 n98                  c                     
NV_NVDLA_CMAC_CORE_MAC_booth_3978        c60(0) p56 n98                  c                     
NV_NVDLA_CMAC_CORE_MAC_booth_3979        c60(0) p57 n99                  c                     
NV_NVDLA_CMAC_CORE_MAC_booth_398         c60(0) p56 n98                  c                     
NV_NVDLA_CMAC_CORE_MAC_booth_3980        c60(0) p56 n98                  c                     
NV_NVDLA_CMAC_CORE_MAC_booth_3981        c60(0) p56 n98                  c                     
NV_NVDLA_CMAC_CORE_MAC_booth_3982        c60(0) p56 n98                  c                     
NV_NVDLA_CMAC_CORE_MAC_booth_3983        c55(0) p56 n92                  c                     
NV_NVDLA_CMAC_CORE_MAC_booth_3984        c60(0) p57 n99                  c                     
NV_NVDLA_CMAC_CORE_MAC_booth_3985        c60(0) p57 n99                  c                     
NV_NVDLA_CMAC_CORE_MAC_booth_3986        c60(0) p57 n99                  c                     
NV_NVDLA_CMAC_CORE_MAC_booth_3987        c60(0) p56 n98                  c                     
NV_NVDLA_CMAC_CORE_MAC_booth_3988        c60(0) p56 n98                  c                     
NV_NVDLA_CMAC_CORE_MAC_booth_3989        c60(0) p56 n98                  c                     
NV_NVDLA_CMAC_CORE_MAC_booth_399         c55(0) p56 n92                  c                     
NV_NVDLA_CMAC_CORE_MAC_booth_3990        c60(0) p57 n99                  c                     
NV_NVDLA_CMAC_CORE_MAC_booth_3991        c55(0) p57 n93                  c                     
NV_NVDLA_CMAC_CORE_MAC_booth_3992        c60(0) p56 n98                  c                     
NV_NVDLA_CMAC_CORE_MAC_booth_3993        c60(0) p56 n98                  c                     
NV_NVDLA_CMAC_CORE_MAC_booth_3994        c60(0) p56 n98                  c                     
NV_NVDLA_CMAC_CORE_MAC_booth_3995        c60(0) p56 n98                  c                     
NV_NVDLA_CMAC_CORE_MAC_booth_3996        c60(0) p56 n98                  c                     
NV_NVDLA_CMAC_CORE_MAC_booth_3997        c60(0) p57 n99                  c                     
NV_NVDLA_CMAC_CORE_MAC_booth_3998        c60(0) p56 n98                  c                     
NV_NVDLA_CMAC_CORE_MAC_booth_3999        c55(0) p56 n92                  c                     
NV_NVDLA_CMAC_CORE_MAC_booth_4           c60(0) p58 n100                 c                     
NV_NVDLA_CMAC_CORE_MAC_booth_40          c60(0) p57 n99                  c                     
NV_NVDLA_CMAC_CORE_MAC_booth_400         c60(0) p56 n98                  c                     
NV_NVDLA_CMAC_CORE_MAC_booth_4000        c60(0) p57 n99                  c                     
NV_NVDLA_CMAC_CORE_MAC_booth_4001        c60(0) p57 n99                  c                     
NV_NVDLA_CMAC_CORE_MAC_booth_4002        c60(0) p57 n99                  c                     
NV_NVDLA_CMAC_CORE_MAC_booth_4003        c60(0) p57 n99                  c                     
NV_NVDLA_CMAC_CORE_MAC_booth_4004        c60(0) p56 n98                  c                     
NV_NVDLA_CMAC_CORE_MAC_booth_4005        c60(0) p56 n98                  c                     
NV_NVDLA_CMAC_CORE_MAC_booth_4006        c60(0) p57 n99                  c                     
NV_NVDLA_CMAC_CORE_MAC_booth_4007        c55(0) p56 n92                  c                     
NV_NVDLA_CMAC_CORE_MAC_booth_4008        c60(0) p56 n98                  c                     
NV_NVDLA_CMAC_CORE_MAC_booth_4009        c60(0) p56 n98                  c                     
NV_NVDLA_CMAC_CORE_MAC_booth_401         c60(0) p57 n99                  c                     
NV_NVDLA_CMAC_CORE_MAC_booth_4010        c60(0) p56 n98                  c                     
NV_NVDLA_CMAC_CORE_MAC_booth_4011        c60(0) p56 n98                  c                     
NV_NVDLA_CMAC_CORE_MAC_booth_4012        c60(0) p56 n98                  c                     
NV_NVDLA_CMAC_CORE_MAC_booth_4013        c60(0) p57 n99                  c                     
NV_NVDLA_CMAC_CORE_MAC_booth_4014        c60(0) p56 n98                  c                     
NV_NVDLA_CMAC_CORE_MAC_booth_4015        c55(0) p56 n92                  c                     
NV_NVDLA_CMAC_CORE_MAC_booth_4016        c60(0) p58 n100                 c                     
NV_NVDLA_CMAC_CORE_MAC_booth_4017        c60(0) p56 n98                  c                     
NV_NVDLA_CMAC_CORE_MAC_booth_4018        c60(0) p56 n98                  c                     
NV_NVDLA_CMAC_CORE_MAC_booth_4019        c60(0) p57 n99                  c                     
NV_NVDLA_CMAC_CORE_MAC_booth_402         c60(0) p57 n99                  c                     
NV_NVDLA_CMAC_CORE_MAC_booth_4020        c60(0) p57 n99                  c                     
NV_NVDLA_CMAC_CORE_MAC_booth_4021        c60(0) p57 n99                  c                     
NV_NVDLA_CMAC_CORE_MAC_booth_4022        c60(0) p58 n100                 c                     
NV_NVDLA_CMAC_CORE_MAC_booth_4023        c55(0) p56 n92                  c                     
NV_NVDLA_CMAC_CORE_MAC_booth_4024        c60(0) p56 n98                  c                     
NV_NVDLA_CMAC_CORE_MAC_booth_4025        c60(0) p56 n98                  c                     
NV_NVDLA_CMAC_CORE_MAC_booth_4026        c60(0) p56 n98                  c                     
NV_NVDLA_CMAC_CORE_MAC_booth_4027        c60(0) p56 n98                  c                     
NV_NVDLA_CMAC_CORE_MAC_booth_4028        c60(0) p57 n99                  c                     
NV_NVDLA_CMAC_CORE_MAC_booth_4029        c60(0) p57 n99                  c                     
NV_NVDLA_CMAC_CORE_MAC_booth_403         c60(0) p58 n100                 c                     
NV_NVDLA_CMAC_CORE_MAC_booth_4030        c60(0) p58 n100                 c                     
NV_NVDLA_CMAC_CORE_MAC_booth_4031        c55(0) p57 n93                  c                     
NV_NVDLA_CMAC_CORE_MAC_booth_4032        c60(0) p56 n98                  c                     
NV_NVDLA_CMAC_CORE_MAC_booth_4033        c60(0) p56 n98                  c                     
NV_NVDLA_CMAC_CORE_MAC_booth_4034        c60(0) p56 n98                  c                     
NV_NVDLA_CMAC_CORE_MAC_booth_4035        c60(0) p56 n98                  c                     
NV_NVDLA_CMAC_CORE_MAC_booth_4036        c60(0) p56 n98                  c                     
NV_NVDLA_CMAC_CORE_MAC_booth_4037        c60(0) p57 n99                  c                     
NV_NVDLA_CMAC_CORE_MAC_booth_4038        c60(0) p57 n99                  c                     
NV_NVDLA_CMAC_CORE_MAC_booth_4039        c55(0) p56 n92                  c                     
NV_NVDLA_CMAC_CORE_MAC_booth_404         c60(0) p56 n98                  c                     
NV_NVDLA_CMAC_CORE_MAC_booth_4040        c60(0) p57 n99                  c                     
NV_NVDLA_CMAC_CORE_MAC_booth_4041        c60(0) p57 n99                  c                     
NV_NVDLA_CMAC_CORE_MAC_booth_4042        c60(0) p57 n99                  c                     
NV_NVDLA_CMAC_CORE_MAC_booth_4043        c60(0) p56 n98                  c                     
NV_NVDLA_CMAC_CORE_MAC_booth_4044        c60(0) p56 n98                  c                     
NV_NVDLA_CMAC_CORE_MAC_booth_4045        c60(0) p56 n98                  c                     
NV_NVDLA_CMAC_CORE_MAC_booth_4046        c60(0) p56 n98                  c                     
NV_NVDLA_CMAC_CORE_MAC_booth_4047        c55(0) p56 n92                  c                     
NV_NVDLA_CMAC_CORE_MAC_booth_4048        c60(0) p57 n99                  c                     
NV_NVDLA_CMAC_CORE_MAC_booth_4049        c60(0) p57 n99                  c                     
NV_NVDLA_CMAC_CORE_MAC_booth_405         c60(0) p57 n99                  c                     
NV_NVDLA_CMAC_CORE_MAC_booth_4050        c60(0) p57 n99                  c                     
NV_NVDLA_CMAC_CORE_MAC_booth_4051        c60(0) p56 n98                  c                     
NV_NVDLA_CMAC_CORE_MAC_booth_4052        c60(0) p56 n98                  c                     
NV_NVDLA_CMAC_CORE_MAC_booth_4053        c60(0) p57 n99                  c                     
NV_NVDLA_CMAC_CORE_MAC_booth_4054        c60(0) p56 n98                  c                     
NV_NVDLA_CMAC_CORE_MAC_booth_4055        c55(0) p57 n93                  c                     
NV_NVDLA_CMAC_CORE_MAC_booth_4056        c61(0) p57 n100                 c                     
NV_NVDLA_CMAC_CORE_MAC_booth_4057        c60(0) p57 n99                  c                     
NV_NVDLA_CMAC_CORE_MAC_booth_4058        c61(0) p57 n100                 c                     
NV_NVDLA_CMAC_CORE_MAC_booth_4059        c60(0) p58 n100                 c                     
NV_NVDLA_CMAC_CORE_MAC_booth_406         c60(0) p59 n101                 c                     
NV_NVDLA_CMAC_CORE_MAC_booth_4060        c60(0) p57 n99                  c                     
NV_NVDLA_CMAC_CORE_MAC_booth_4061        c60(0) p56 n98                  c                     
NV_NVDLA_CMAC_CORE_MAC_booth_4062        c61(0) p56 n99                  c                     
NV_NVDLA_CMAC_CORE_MAC_booth_4063        c55(0) p57 n93                  c                     
NV_NVDLA_CMAC_CORE_MAC_booth_4064        c60(0) p57 n99                  c                     
NV_NVDLA_CMAC_CORE_MAC_booth_4065        c60(0) p56 n98                  c                     
NV_NVDLA_CMAC_CORE_MAC_booth_4066        c60(0) p57 n99                  c                     
NV_NVDLA_CMAC_CORE_MAC_booth_4067        c60(0) p57 n99                  c                     
NV_NVDLA_CMAC_CORE_MAC_booth_4068        c60(0) p56 n98                  c                     
NV_NVDLA_CMAC_CORE_MAC_booth_4069        c60(0) p57 n99                  c                     
NV_NVDLA_CMAC_CORE_MAC_booth_407         c55(0) p58 n94                  c                     
NV_NVDLA_CMAC_CORE_MAC_booth_4070        c60(0) p58 n100                 c                     
NV_NVDLA_CMAC_CORE_MAC_booth_4071        c56(0) p57 n94                  c                     
NV_NVDLA_CMAC_CORE_MAC_booth_4072        c60(0) p57 n99                  c                     
NV_NVDLA_CMAC_CORE_MAC_booth_4073        c60(0) p56 n98                  c                     
NV_NVDLA_CMAC_CORE_MAC_booth_4074        c60(0) p57 n99                  c                     
NV_NVDLA_CMAC_CORE_MAC_booth_4075        c60(0) p56 n98                  c                     
NV_NVDLA_CMAC_CORE_MAC_booth_4076        c60(0) p56 n98                  c                     
NV_NVDLA_CMAC_CORE_MAC_booth_4077        c60(0) p56 n98                  c                     
NV_NVDLA_CMAC_CORE_MAC_booth_4078        c60(0) p57 n99                  c                     
NV_NVDLA_CMAC_CORE_MAC_booth_4079        c55(0) p56 n92                  c                     
NV_NVDLA_CMAC_CORE_MAC_booth_408         c60(0) p56 n98                  c                     
NV_NVDLA_CMAC_CORE_MAC_booth_4080        c60(0) p57 n99                  c                     
NV_NVDLA_CMAC_CORE_MAC_booth_4081        c60(0) p56 n98                  c                     
NV_NVDLA_CMAC_CORE_MAC_booth_4082        c60(0) p57 n99                  c                     
NV_NVDLA_CMAC_CORE_MAC_booth_4083        c60(0) p56 n98                  c                     
NV_NVDLA_CMAC_CORE_MAC_booth_4084        c60(0) p56 n98                  c                     
NV_NVDLA_CMAC_CORE_MAC_booth_4085        c60(0) p57 n99                  c                     
NV_NVDLA_CMAC_CORE_MAC_booth_4086        c60(0) p57 n99                  c                     
NV_NVDLA_CMAC_CORE_MAC_booth_4087        c55(0) p56 n92                  c                     
NV_NVDLA_CMAC_CORE_MAC_booth_4088        c60(0) p56 n98                  c                     
NV_NVDLA_CMAC_CORE_MAC_booth_4089        c60(0) p56 n98                  c                     
NV_NVDLA_CMAC_CORE_MAC_booth_409         c60(0) p56 n98                  c                     
NV_NVDLA_CMAC_CORE_MAC_booth_4090        c60(0) p57 n99                  c                     
NV_NVDLA_CMAC_CORE_MAC_booth_4091        c60(0) p56 n98                  c                     
NV_NVDLA_CMAC_CORE_MAC_booth_4092        c60(0) p57 n99                  c                     
NV_NVDLA_CMAC_CORE_MAC_booth_4093        c60(0) p56 n98                  c                     
NV_NVDLA_CMAC_CORE_MAC_booth_4094        c60(0) p57 n99                  c                     
NV_NVDLA_CMAC_CORE_MAC_booth_4095        c55(0) p57 n93                  c                     
NV_NVDLA_CMAC_CORE_MAC_booth_41          c60(0) p56 n98                  c                     
NV_NVDLA_CMAC_CORE_MAC_booth_410         c60(0) p57 n99                  c                     
NV_NVDLA_CMAC_CORE_MAC_booth_411         c60(0) p57 n99                  c                     
NV_NVDLA_CMAC_CORE_MAC_booth_412         c60(0) p57 n99                  c                     
NV_NVDLA_CMAC_CORE_MAC_booth_413         c60(0) p57 n99                  c                     
NV_NVDLA_CMAC_CORE_MAC_booth_414         c60(0) p56 n98                  c                     
NV_NVDLA_CMAC_CORE_MAC_booth_415         c55(0) p57 n93                  c                     
NV_NVDLA_CMAC_CORE_MAC_booth_416         c61(0) p56 n99                  c                     
NV_NVDLA_CMAC_CORE_MAC_booth_417         c60(0) p56 n98                  c                     
NV_NVDLA_CMAC_CORE_MAC_booth_418         c60(0) p57 n99                  c                     
NV_NVDLA_CMAC_CORE_MAC_booth_419         c60(0) p57 n99                  c                     
NV_NVDLA_CMAC_CORE_MAC_booth_42          c60(0) p58 n100                 c                     
NV_NVDLA_CMAC_CORE_MAC_booth_420         c60(0) p56 n98                  c                     
NV_NVDLA_CMAC_CORE_MAC_booth_421         c60(0) p57 n99                  c                     
NV_NVDLA_CMAC_CORE_MAC_booth_422         c60(0) p56 n98                  c                     
NV_NVDLA_CMAC_CORE_MAC_booth_423         c55(0) p56 n92                  c                     
NV_NVDLA_CMAC_CORE_MAC_booth_424         c60(0) p56 n98                  c                     
NV_NVDLA_CMAC_CORE_MAC_booth_425         c60(0) p56 n98                  c                     
NV_NVDLA_CMAC_CORE_MAC_booth_426         c60(0) p57 n99                  c                     
NV_NVDLA_CMAC_CORE_MAC_booth_427         c60(0) p57 n99                  c                     
NV_NVDLA_CMAC_CORE_MAC_booth_428         c60(0) p56 n98                  c                     
NV_NVDLA_CMAC_CORE_MAC_booth_429         c60(0) p57 n99                  c                     
NV_NVDLA_CMAC_CORE_MAC_booth_43          c60(0) p57 n99                  c                     
NV_NVDLA_CMAC_CORE_MAC_booth_430         c60(0) p57 n99                  c                     
NV_NVDLA_CMAC_CORE_MAC_booth_431         c55(0) p57 n93                  c                     
NV_NVDLA_CMAC_CORE_MAC_booth_432         c60(0) p57 n99                  c                     
NV_NVDLA_CMAC_CORE_MAC_booth_433         c60(0) p56 n98                  c                     
NV_NVDLA_CMAC_CORE_MAC_booth_434         c60(0) p57 n99                  c                     
NV_NVDLA_CMAC_CORE_MAC_booth_435         c60(0) p57 n99                  c                     
NV_NVDLA_CMAC_CORE_MAC_booth_436         c60(0) p56 n98                  c                     
NV_NVDLA_CMAC_CORE_MAC_booth_437         c60(0) p57 n99                  c                     
NV_NVDLA_CMAC_CORE_MAC_booth_438         c60(0) p57 n99                  c                     
NV_NVDLA_CMAC_CORE_MAC_booth_439         c55(0) p56 n92                  c                     
NV_NVDLA_CMAC_CORE_MAC_booth_44          c60(0) p57 n99                  c                     
NV_NVDLA_CMAC_CORE_MAC_booth_440         c60(0) p57 n99                  c                     
NV_NVDLA_CMAC_CORE_MAC_booth_441         c60(0) p57 n99                  c                     
NV_NVDLA_CMAC_CORE_MAC_booth_442         c60(0) p56 n98                  c                     
NV_NVDLA_CMAC_CORE_MAC_booth_443         c60(0) p57 n99                  c                     
NV_NVDLA_CMAC_CORE_MAC_booth_444         c60(0) p56 n98                  c                     
NV_NVDLA_CMAC_CORE_MAC_booth_445         c60(0) p56 n98                  c                     
NV_NVDLA_CMAC_CORE_MAC_booth_446         c60(0) p56 n98                  c                     
NV_NVDLA_CMAC_CORE_MAC_booth_447         c55(0) p56 n92                  c                     
NV_NVDLA_CMAC_CORE_MAC_booth_448         c60(0) p56 n98                  c                     
NV_NVDLA_CMAC_CORE_MAC_booth_449         c60(0) p57 n99                  c                     
NV_NVDLA_CMAC_CORE_MAC_booth_45          c60(0) p59 n101                 c                     
NV_NVDLA_CMAC_CORE_MAC_booth_450         c60(0) p56 n98                  c                     
NV_NVDLA_CMAC_CORE_MAC_booth_451         c60(0) p58 n100                 c                     
NV_NVDLA_CMAC_CORE_MAC_booth_452         c60(0) p56 n98                  c                     
NV_NVDLA_CMAC_CORE_MAC_booth_453         c60(0) p56 n98                  c                     
NV_NVDLA_CMAC_CORE_MAC_booth_454         c60(0) p57 n99                  c                     
NV_NVDLA_CMAC_CORE_MAC_booth_455         c55(0) p57 n93                  c                     
NV_NVDLA_CMAC_CORE_MAC_booth_456         c60(0) p56 n98                  c                     
NV_NVDLA_CMAC_CORE_MAC_booth_457         c60(0) p56 n98                  c                     
NV_NVDLA_CMAC_CORE_MAC_booth_458         c60(0) p56 n98                  c                     
NV_NVDLA_CMAC_CORE_MAC_booth_459         c60(0) p56 n98                  c                     
NV_NVDLA_CMAC_CORE_MAC_booth_46          c60(0) p56 n98                  c                     
NV_NVDLA_CMAC_CORE_MAC_booth_460         c60(0) p57 n99                  c                     
NV_NVDLA_CMAC_CORE_MAC_booth_461         c60(0) p56 n98                  c                     
NV_NVDLA_CMAC_CORE_MAC_booth_462         c60(0) p56 n98                  c                     
NV_NVDLA_CMAC_CORE_MAC_booth_463         c54(0) p57 n92                  c                     
NV_NVDLA_CMAC_CORE_MAC_booth_464         c61(0) p57 n100                 c                     
NV_NVDLA_CMAC_CORE_MAC_booth_465         c60(0) p57 n99                  c                     
NV_NVDLA_CMAC_CORE_MAC_booth_466         c60(0) p57 n99                  c                     
NV_NVDLA_CMAC_CORE_MAC_booth_467         c60(0) p57 n99                  c                     
NV_NVDLA_CMAC_CORE_MAC_booth_468         c60(0) p57 n99                  c                     
NV_NVDLA_CMAC_CORE_MAC_booth_469         c60(0) p57 n99                  c                     
NV_NVDLA_CMAC_CORE_MAC_booth_47          c55(0) p57 n93                  c                     
NV_NVDLA_CMAC_CORE_MAC_booth_470         c60(0) p57 n99                  c                     
NV_NVDLA_CMAC_CORE_MAC_booth_471         c55(0) p57 n93                  c                     
NV_NVDLA_CMAC_CORE_MAC_booth_472         c60(0) p57 n99                  c                     
NV_NVDLA_CMAC_CORE_MAC_booth_473         c60(0) p58 n100                 c                     
NV_NVDLA_CMAC_CORE_MAC_booth_474         c60(0) p57 n99                  c                     
NV_NVDLA_CMAC_CORE_MAC_booth_475         c60(0) p57 n99                  c                     
NV_NVDLA_CMAC_CORE_MAC_booth_476         c60(0) p57 n99                  c                     
NV_NVDLA_CMAC_CORE_MAC_booth_477         c60(0) p56 n98                  c                     
NV_NVDLA_CMAC_CORE_MAC_booth_478         c60(0) p56 n98                  c                     
NV_NVDLA_CMAC_CORE_MAC_booth_479         c55(0) p57 n93                  c                     
NV_NVDLA_CMAC_CORE_MAC_booth_48          c60(0) p56 n98                  c                     
NV_NVDLA_CMAC_CORE_MAC_booth_480         c60(0) p56 n98                  c                     
NV_NVDLA_CMAC_CORE_MAC_booth_481         c60(0) p57 n99                  c                     
NV_NVDLA_CMAC_CORE_MAC_booth_482         c60(0) p56 n98                  c                     
NV_NVDLA_CMAC_CORE_MAC_booth_483         c60(0) p57 n99                  c                     
NV_NVDLA_CMAC_CORE_MAC_booth_484         c60(0) p56 n98                  c                     
NV_NVDLA_CMAC_CORE_MAC_booth_485         c60(0) p56 n98                  c                     
NV_NVDLA_CMAC_CORE_MAC_booth_486         c60(0) p56 n98                  c                     
NV_NVDLA_CMAC_CORE_MAC_booth_487         c55(0) p58 n94                  c                     
NV_NVDLA_CMAC_CORE_MAC_booth_488         c60(0) p56 n98                  c                     
NV_NVDLA_CMAC_CORE_MAC_booth_489         c60(0) p56 n98                  c                     
NV_NVDLA_CMAC_CORE_MAC_booth_49          c60(0) p56 n98                  c                     
NV_NVDLA_CMAC_CORE_MAC_booth_490         c60(0) p56 n98                  c                     
NV_NVDLA_CMAC_CORE_MAC_booth_491         c60(0) p56 n98                  c                     
NV_NVDLA_CMAC_CORE_MAC_booth_492         c60(0) p56 n98                  c                     
NV_NVDLA_CMAC_CORE_MAC_booth_493         c60(0) p56 n98                  c                     
NV_NVDLA_CMAC_CORE_MAC_booth_494         c60(0) p56 n98                  c                     
NV_NVDLA_CMAC_CORE_MAC_booth_495         c55(0) p56 n92                  c                     
NV_NVDLA_CMAC_CORE_MAC_booth_496         c60(0) p56 n98                  c                     
NV_NVDLA_CMAC_CORE_MAC_booth_497         c60(0) p56 n98                  c                     
NV_NVDLA_CMAC_CORE_MAC_booth_498         c60(0) p56 n98                  c                     
NV_NVDLA_CMAC_CORE_MAC_booth_499         c60(0) p57 n99                  c                     
NV_NVDLA_CMAC_CORE_MAC_booth_5           c60(0) p56 n98                  c                     
NV_NVDLA_CMAC_CORE_MAC_booth_50          c60(0) p56 n98                  c                     
NV_NVDLA_CMAC_CORE_MAC_booth_500         c60(0) p56 n98                  c                     
NV_NVDLA_CMAC_CORE_MAC_booth_501         c60(0) p56 n98                  c                     
NV_NVDLA_CMAC_CORE_MAC_booth_502         c60(0) p58 n100                 c                     
NV_NVDLA_CMAC_CORE_MAC_booth_503         c55(0) p57 n93                  c                     
NV_NVDLA_CMAC_CORE_MAC_booth_504         c60(0) p57 n99                  c                     
NV_NVDLA_CMAC_CORE_MAC_booth_505         c60(0) p57 n99                  c                     
NV_NVDLA_CMAC_CORE_MAC_booth_506         c60(0) p56 n98                  c                     
NV_NVDLA_CMAC_CORE_MAC_booth_507         c60(0) p56 n98                  c                     
NV_NVDLA_CMAC_CORE_MAC_booth_508         c60(0) p57 n99                  c                     
NV_NVDLA_CMAC_CORE_MAC_booth_509         c60(0) p56 n98                  c                     
NV_NVDLA_CMAC_CORE_MAC_booth_51          c60(0) p56 n98                  c                     
NV_NVDLA_CMAC_CORE_MAC_booth_510         c60(0) p57 n99                  c                     
NV_NVDLA_CMAC_CORE_MAC_booth_511         c55(0) p56 n92                  c                     
NV_NVDLA_CMAC_CORE_MAC_booth_512         c60(0) p56 n98                  c                     
NV_NVDLA_CMAC_CORE_MAC_booth_513         c60(0) p56 n98                  c                     
NV_NVDLA_CMAC_CORE_MAC_booth_514         c60(0) p57 n99                  c                     
NV_NVDLA_CMAC_CORE_MAC_booth_515         c60(0) p56 n98                  c                     
NV_NVDLA_CMAC_CORE_MAC_booth_516         c60(0) p58 n100                 c                     
NV_NVDLA_CMAC_CORE_MAC_booth_517         c60(0) p57 n99                  c                     
NV_NVDLA_CMAC_CORE_MAC_booth_518         c60(0) p57 n99                  c                     
NV_NVDLA_CMAC_CORE_MAC_booth_519         c55(0) p57 n93                  c                     
NV_NVDLA_CMAC_CORE_MAC_booth_52          c60(0) p56 n98                  c                     
NV_NVDLA_CMAC_CORE_MAC_booth_520         c60(0) p56 n98                  c                     
NV_NVDLA_CMAC_CORE_MAC_booth_521         c60(0) p56 n98                  c                     
NV_NVDLA_CMAC_CORE_MAC_booth_522         c60(0) p56 n98                  c                     
NV_NVDLA_CMAC_CORE_MAC_booth_523         c60(0) p56 n98                  c                     
NV_NVDLA_CMAC_CORE_MAC_booth_524         c60(0) p57 n99                  c                     
NV_NVDLA_CMAC_CORE_MAC_booth_525         c60(0) p57 n99                  c                     
NV_NVDLA_CMAC_CORE_MAC_booth_526         c60(0) p57 n99                  c                     
NV_NVDLA_CMAC_CORE_MAC_booth_527         c55(0) p57 n93                  c                     
NV_NVDLA_CMAC_CORE_MAC_booth_528         c61(0) p56 n99                  c                     
NV_NVDLA_CMAC_CORE_MAC_booth_529         c60(0) p56 n98                  c                     
NV_NVDLA_CMAC_CORE_MAC_booth_53          c60(0) p56 n98                  c                     
NV_NVDLA_CMAC_CORE_MAC_booth_530         c60(0) p56 n98                  c                     
NV_NVDLA_CMAC_CORE_MAC_booth_531         c60(0) p57 n99                  c                     
NV_NVDLA_CMAC_CORE_MAC_booth_532         c60(0) p56 n98                  c                     
NV_NVDLA_CMAC_CORE_MAC_booth_533         c60(0) p57 n99                  c                     
NV_NVDLA_CMAC_CORE_MAC_booth_534         c60(0) p58 n100                 c                     
NV_NVDLA_CMAC_CORE_MAC_booth_535         c55(0) p56 n92                  c                     
NV_NVDLA_CMAC_CORE_MAC_booth_536         c61(0) p56 n99                  c                     
NV_NVDLA_CMAC_CORE_MAC_booth_537         c60(0) p56 n98                  c                     
NV_NVDLA_CMAC_CORE_MAC_booth_538         c60(0) p56 n98                  c                     
NV_NVDLA_CMAC_CORE_MAC_booth_539         c60(0) p57 n99                  c                     
NV_NVDLA_CMAC_CORE_MAC_booth_54          c60(0) p57 n99                  c                     
NV_NVDLA_CMAC_CORE_MAC_booth_540         c60(0) p56 n98                  c                     
NV_NVDLA_CMAC_CORE_MAC_booth_541         c60(0) p57 n99                  c                     
NV_NVDLA_CMAC_CORE_MAC_booth_542         c60(0) p58 n100                 c                     
NV_NVDLA_CMAC_CORE_MAC_booth_543         c55(0) p57 n93                  c                     
NV_NVDLA_CMAC_CORE_MAC_booth_544         c60(0) p57 n99                  c                     
NV_NVDLA_CMAC_CORE_MAC_booth_545         c60(0) p57 n99                  c                     
NV_NVDLA_CMAC_CORE_MAC_booth_546         c60(0) p56 n98                  c                     
NV_NVDLA_CMAC_CORE_MAC_booth_547         c60(0) p57 n99                  c                     
NV_NVDLA_CMAC_CORE_MAC_booth_548         c60(0) p56 n98                  c                     
NV_NVDLA_CMAC_CORE_MAC_booth_549         c60(0) p57 n99                  c                     
NV_NVDLA_CMAC_CORE_MAC_booth_55          c55(0) p56 n92                  c                     
NV_NVDLA_CMAC_CORE_MAC_booth_550         c60(0) p58 n100                 c                     
NV_NVDLA_CMAC_CORE_MAC_booth_551         c55(0) p58 n94                  c                     
NV_NVDLA_CMAC_CORE_MAC_booth_552         c60(0) p57 n99                  c                     
NV_NVDLA_CMAC_CORE_MAC_booth_553         c60(0) p57 n99                  c                     
NV_NVDLA_CMAC_CORE_MAC_booth_554         c60(0) p57 n99                  c                     
NV_NVDLA_CMAC_CORE_MAC_booth_555         c60(0) p57 n99                  c                     
NV_NVDLA_CMAC_CORE_MAC_booth_556         c60(0) p57 n99                  c                     
NV_NVDLA_CMAC_CORE_MAC_booth_557         c60(0) p57 n99                  c                     
NV_NVDLA_CMAC_CORE_MAC_booth_558         c60(0) p57 n99                  c                     
NV_NVDLA_CMAC_CORE_MAC_booth_559         c55(0) p57 n93                  c                     
NV_NVDLA_CMAC_CORE_MAC_booth_56          c60(0) p56 n98                  c                     
NV_NVDLA_CMAC_CORE_MAC_booth_560         c60(0) p56 n98                  c                     
NV_NVDLA_CMAC_CORE_MAC_booth_561         c60(0) p56 n98                  c                     
NV_NVDLA_CMAC_CORE_MAC_booth_562         c60(0) p56 n98                  c                     
NV_NVDLA_CMAC_CORE_MAC_booth_563         c60(0) p57 n99                  c                     
NV_NVDLA_CMAC_CORE_MAC_booth_564         c60(0) p56 n98                  c                     
NV_NVDLA_CMAC_CORE_MAC_booth_565         c60(0) p56 n98                  c                     
NV_NVDLA_CMAC_CORE_MAC_booth_566         c60(0) p56 n98                  c                     
NV_NVDLA_CMAC_CORE_MAC_booth_567         c55(0) p56 n92                  c                     
NV_NVDLA_CMAC_CORE_MAC_booth_568         c60(0) p57 n99                  c                     
NV_NVDLA_CMAC_CORE_MAC_booth_569         c60(0) p57 n99                  c                     
NV_NVDLA_CMAC_CORE_MAC_booth_57          c60(0) p57 n99                  c                     
NV_NVDLA_CMAC_CORE_MAC_booth_570         c60(0) p57 n99                  c                     
NV_NVDLA_CMAC_CORE_MAC_booth_571         c60(0) p57 n99                  c                     
NV_NVDLA_CMAC_CORE_MAC_booth_572         c60(0) p56 n98                  c                     
NV_NVDLA_CMAC_CORE_MAC_booth_573         c60(0) p56 n98                  c                     
NV_NVDLA_CMAC_CORE_MAC_booth_574         c60(0) p57 n99                  c                     
NV_NVDLA_CMAC_CORE_MAC_booth_575         c55(0) p57 n93                  c                     
NV_NVDLA_CMAC_CORE_MAC_booth_576         c60(0) p56 n98                  c                     
NV_NVDLA_CMAC_CORE_MAC_booth_577         c60(0) p56 n98                  c                     
NV_NVDLA_CMAC_CORE_MAC_booth_578         c60(0) p56 n98                  c                     
NV_NVDLA_CMAC_CORE_MAC_booth_579         c60(0) p57 n99                  c                     
NV_NVDLA_CMAC_CORE_MAC_booth_58          c60(0) p57 n99                  c                     
NV_NVDLA_CMAC_CORE_MAC_booth_580         c60(0) p56 n98                  c                     
NV_NVDLA_CMAC_CORE_MAC_booth_581         c60(0) p56 n98                  c                     
NV_NVDLA_CMAC_CORE_MAC_booth_582         c60(0) p57 n99                  c                     
NV_NVDLA_CMAC_CORE_MAC_booth_583         c55(0) p57 n93                  c                     
NV_NVDLA_CMAC_CORE_MAC_booth_584         c61(0) p57 n100                 c                     
NV_NVDLA_CMAC_CORE_MAC_booth_585         c60(0) p56 n98                  c                     
NV_NVDLA_CMAC_CORE_MAC_booth_586         c60(0) p57 n99                  c                     
NV_NVDLA_CMAC_CORE_MAC_booth_587         c60(0) p57 n99                  c                     
NV_NVDLA_CMAC_CORE_MAC_booth_588         c60(0) p56 n98                  c                     
NV_NVDLA_CMAC_CORE_MAC_booth_589         c60(0) p56 n98                  c                     
NV_NVDLA_CMAC_CORE_MAC_booth_59          c60(0) p56 n98                  c                     
NV_NVDLA_CMAC_CORE_MAC_booth_590         c60(0) p56 n98                  c                     
NV_NVDLA_CMAC_CORE_MAC_booth_591         c55(0) p57 n93                  c                     
NV_NVDLA_CMAC_CORE_MAC_booth_592         c60(0) p57 n99                  c                     
NV_NVDLA_CMAC_CORE_MAC_booth_593         c60(0) p57 n99                  c                     
NV_NVDLA_CMAC_CORE_MAC_booth_594         c60(0) p57 n99                  c                     
NV_NVDLA_CMAC_CORE_MAC_booth_595         c60(0) p56 n98                  c                     
NV_NVDLA_CMAC_CORE_MAC_booth_596         c60(0) p57 n99                  c                     
NV_NVDLA_CMAC_CORE_MAC_booth_597         c60(0) p56 n98                  c                     
NV_NVDLA_CMAC_CORE_MAC_booth_598         c60(0) p56 n98                  c                     
NV_NVDLA_CMAC_CORE_MAC_booth_599         c55(0) p57 n93                  c                     
NV_NVDLA_CMAC_CORE_MAC_booth_6           c60(0) p57 n99                  c                     
NV_NVDLA_CMAC_CORE_MAC_booth_60          c60(0) p57 n99                  c                     
NV_NVDLA_CMAC_CORE_MAC_booth_600         c60(0) p57 n99                  c                     
NV_NVDLA_CMAC_CORE_MAC_booth_601         c60(0) p58 n100                 c                     
NV_NVDLA_CMAC_CORE_MAC_booth_602         c60(0) p57 n99                  c                     
NV_NVDLA_CMAC_CORE_MAC_booth_603         c60(0) p57 n99                  c                     
NV_NVDLA_CMAC_CORE_MAC_booth_604         c60(0) p57 n99                  c                     
NV_NVDLA_CMAC_CORE_MAC_booth_605         c60(0) p56 n98                  c                     
NV_NVDLA_CMAC_CORE_MAC_booth_606         c60(0) p56 n98                  c                     
NV_NVDLA_CMAC_CORE_MAC_booth_607         c55(0) p56 n92                  c                     
NV_NVDLA_CMAC_CORE_MAC_booth_608         c60(0) p56 n98                  c                     
NV_NVDLA_CMAC_CORE_MAC_booth_609         c60(0) p56 n98                  c                     
NV_NVDLA_CMAC_CORE_MAC_booth_61          c60(0) p57 n99                  c                     
NV_NVDLA_CMAC_CORE_MAC_booth_610         c60(0) p57 n99                  c                     
NV_NVDLA_CMAC_CORE_MAC_booth_611         c60(0) p56 n98                  c                     
NV_NVDLA_CMAC_CORE_MAC_booth_612         c60(0) p56 n98                  c                     
NV_NVDLA_CMAC_CORE_MAC_booth_613         c60(0) p56 n98                  c                     
NV_NVDLA_CMAC_CORE_MAC_booth_614         c60(0) p57 n99                  c                     
NV_NVDLA_CMAC_CORE_MAC_booth_615         c55(0) p57 n93                  c                     
NV_NVDLA_CMAC_CORE_MAC_booth_616         c61(0) p56 n99                  c                     
NV_NVDLA_CMAC_CORE_MAC_booth_617         c60(0) p56 n98                  c                     
NV_NVDLA_CMAC_CORE_MAC_booth_618         c60(0) p56 n98                  c                     
NV_NVDLA_CMAC_CORE_MAC_booth_619         c60(0) p57 n99                  c                     
NV_NVDLA_CMAC_CORE_MAC_booth_62          c60(0) p56 n98                  c                     
NV_NVDLA_CMAC_CORE_MAC_booth_620         c60(0) p56 n98                  c                     
NV_NVDLA_CMAC_CORE_MAC_booth_621         c60(0) p56 n98                  c                     
NV_NVDLA_CMAC_CORE_MAC_booth_622         c60(0) p57 n99                  c                     
NV_NVDLA_CMAC_CORE_MAC_booth_623         c55(0) p56 n92                  c                     
NV_NVDLA_CMAC_CORE_MAC_booth_624         c60(0) p57 n99                  c                     
NV_NVDLA_CMAC_CORE_MAC_booth_625         c60(0) p57 n99                  c                     
NV_NVDLA_CMAC_CORE_MAC_booth_626         c60(0) p58 n100                 c                     
NV_NVDLA_CMAC_CORE_MAC_booth_627         c60(0) p57 n99                  c                     
NV_NVDLA_CMAC_CORE_MAC_booth_628         c61(0) p56 n99                  c                     
NV_NVDLA_CMAC_CORE_MAC_booth_629         c61(0) p57 n100                 c                     
NV_NVDLA_CMAC_CORE_MAC_booth_63          c56(0) p56 n93                  c                     
NV_NVDLA_CMAC_CORE_MAC_booth_630         c60(0) p57 n99                  c                     
NV_NVDLA_CMAC_CORE_MAC_booth_631         c55(0) p57 n93                  c                     
NV_NVDLA_CMAC_CORE_MAC_booth_632         c60(0) p56 n98                  c                     
NV_NVDLA_CMAC_CORE_MAC_booth_633         c60(0) p56 n98                  c                     
NV_NVDLA_CMAC_CORE_MAC_booth_634         c60(0) p58 n100                 c                     
NV_NVDLA_CMAC_CORE_MAC_booth_635         c60(0) p56 n98                  c                     
NV_NVDLA_CMAC_CORE_MAC_booth_636         c60(0) p56 n98                  c                     
NV_NVDLA_CMAC_CORE_MAC_booth_637         c60(0) p57 n99                  c                     
NV_NVDLA_CMAC_CORE_MAC_booth_638         c60(0) p58 n100                 c                     
NV_NVDLA_CMAC_CORE_MAC_booth_639         c56(0) p56 n93                  c                     
NV_NVDLA_CMAC_CORE_MAC_booth_64          c60(0) p56 n98                  c                     
NV_NVDLA_CMAC_CORE_MAC_booth_640         c60(0) p58 n100                 c                     
NV_NVDLA_CMAC_CORE_MAC_booth_641         c60(0) p57 n99                  c                     
NV_NVDLA_CMAC_CORE_MAC_booth_642         c60(0) p56 n98                  c                     
NV_NVDLA_CMAC_CORE_MAC_booth_643         c60(0) p56 n98                  c                     
NV_NVDLA_CMAC_CORE_MAC_booth_644         c60(0) p57 n99                  c                     
NV_NVDLA_CMAC_CORE_MAC_booth_645         c60(0) p58 n100                 c                     
NV_NVDLA_CMAC_CORE_MAC_booth_646         c60(0) p57 n99                  c                     
NV_NVDLA_CMAC_CORE_MAC_booth_647         c55(0) p57 n93                  c                     
NV_NVDLA_CMAC_CORE_MAC_booth_648         c60(0) p57 n99                  c                     
NV_NVDLA_CMAC_CORE_MAC_booth_649         c60(0) p57 n99                  c                     
NV_NVDLA_CMAC_CORE_MAC_booth_65          c60(0) p56 n98                  c                     
NV_NVDLA_CMAC_CORE_MAC_booth_650         c60(0) p56 n98                  c                     
NV_NVDLA_CMAC_CORE_MAC_booth_651         c60(0) p57 n99                  c                     
NV_NVDLA_CMAC_CORE_MAC_booth_652         c60(0) p56 n98                  c                     
NV_NVDLA_CMAC_CORE_MAC_booth_653         c60(0) p56 n98                  c                     
NV_NVDLA_CMAC_CORE_MAC_booth_654         c60(0) p57 n99                  c                     
NV_NVDLA_CMAC_CORE_MAC_booth_655         c55(0) p56 n92                  c                     
NV_NVDLA_CMAC_CORE_MAC_booth_656         c60(0) p56 n98                  c                     
NV_NVDLA_CMAC_CORE_MAC_booth_657         c60(0) p56 n98                  c                     
NV_NVDLA_CMAC_CORE_MAC_booth_658         c60(0) p56 n98                  c                     
NV_NVDLA_CMAC_CORE_MAC_booth_659         c60(0) p56 n98                  c                     
NV_NVDLA_CMAC_CORE_MAC_booth_66          c60(0) p57 n99                  c                     
NV_NVDLA_CMAC_CORE_MAC_booth_660         c62(0) p55 n99                  c                     
NV_NVDLA_CMAC_CORE_MAC_booth_661         c60(0) p56 n98                  c                     
NV_NVDLA_CMAC_CORE_MAC_booth_662         c60(0) p56 n98                  c                     
NV_NVDLA_CMAC_CORE_MAC_booth_663         c55(0) p56 n92                  c                     
NV_NVDLA_CMAC_CORE_MAC_booth_664         c60(0) p56 n98                  c                     
NV_NVDLA_CMAC_CORE_MAC_booth_665         c60(0) p56 n98                  c                     
NV_NVDLA_CMAC_CORE_MAC_booth_666         c60(0) p56 n98                  c                     
NV_NVDLA_CMAC_CORE_MAC_booth_667         c60(0) p57 n99                  c                     
NV_NVDLA_CMAC_CORE_MAC_booth_668         c60(0) p56 n98                  c                     
NV_NVDLA_CMAC_CORE_MAC_booth_669         c60(0) p56 n98                  c                     
NV_NVDLA_CMAC_CORE_MAC_booth_67          c60(0) p56 n98                  c                     
NV_NVDLA_CMAC_CORE_MAC_booth_670         c60(0) p57 n99                  c                     
NV_NVDLA_CMAC_CORE_MAC_booth_671         c55(0) p56 n92                  c                     
NV_NVDLA_CMAC_CORE_MAC_booth_672         c60(0) p56 n98                  c                     
NV_NVDLA_CMAC_CORE_MAC_booth_673         c60(0) p56 n98                  c                     
NV_NVDLA_CMAC_CORE_MAC_booth_674         c60(0) p57 n99                  c                     
NV_NVDLA_CMAC_CORE_MAC_booth_675         c60(0) p56 n98                  c                     
NV_NVDLA_CMAC_CORE_MAC_booth_676         c60(0) p56 n98                  c                     
NV_NVDLA_CMAC_CORE_MAC_booth_677         c60(0) p57 n99                  c                     
NV_NVDLA_CMAC_CORE_MAC_booth_678         c60(0) p56 n98                  c                     
NV_NVDLA_CMAC_CORE_MAC_booth_679         c55(0) p57 n93                  c                     
NV_NVDLA_CMAC_CORE_MAC_booth_68          c60(0) p56 n98                  c                     
NV_NVDLA_CMAC_CORE_MAC_booth_680         c60(0) p57 n99                  c                     
NV_NVDLA_CMAC_CORE_MAC_booth_681         c60(0) p57 n99                  c                     
NV_NVDLA_CMAC_CORE_MAC_booth_682         c60(0) p57 n99                  c                     
NV_NVDLA_CMAC_CORE_MAC_booth_683         c60(0) p57 n99                  c                     
NV_NVDLA_CMAC_CORE_MAC_booth_684         c60(0) p57 n99                  c                     
NV_NVDLA_CMAC_CORE_MAC_booth_685         c60(0) p57 n99                  c                     
NV_NVDLA_CMAC_CORE_MAC_booth_686         c60(0) p57 n99                  c                     
NV_NVDLA_CMAC_CORE_MAC_booth_687         c55(0) p56 n92                  c                     
NV_NVDLA_CMAC_CORE_MAC_booth_688         c60(0) p56 n98                  c                     
NV_NVDLA_CMAC_CORE_MAC_booth_689         c60(0) p56 n98                  c                     
NV_NVDLA_CMAC_CORE_MAC_booth_69          c60(0) p57 n99                  c                     
NV_NVDLA_CMAC_CORE_MAC_booth_690         c60(0) p56 n98                  c                     
NV_NVDLA_CMAC_CORE_MAC_booth_691         c60(0) p57 n99                  c                     
NV_NVDLA_CMAC_CORE_MAC_booth_692         c60(0) p58 n100                 c                     
NV_NVDLA_CMAC_CORE_MAC_booth_693         c60(0) p56 n98                  c                     
NV_NVDLA_CMAC_CORE_MAC_booth_694         c60(0) p56 n98                  c                     
NV_NVDLA_CMAC_CORE_MAC_booth_695         c55(0) p57 n93                  c                     
NV_NVDLA_CMAC_CORE_MAC_booth_696         c61(0) p56 n99                  c                     
NV_NVDLA_CMAC_CORE_MAC_booth_697         c60(0) p56 n98                  c                     
NV_NVDLA_CMAC_CORE_MAC_booth_698         c60(0) p57 n99                  c                     
NV_NVDLA_CMAC_CORE_MAC_booth_699         c60(0) p57 n99                  c                     
NV_NVDLA_CMAC_CORE_MAC_booth_7           c55(0) p56 n92                  c                     
NV_NVDLA_CMAC_CORE_MAC_booth_70          c60(0) p56 n98                  c                     
NV_NVDLA_CMAC_CORE_MAC_booth_700         c60(0) p57 n99                  c                     
NV_NVDLA_CMAC_CORE_MAC_booth_701         c60(0) p57 n99                  c                     
NV_NVDLA_CMAC_CORE_MAC_booth_702         c60(0) p57 n99                  c                     
NV_NVDLA_CMAC_CORE_MAC_booth_703         c55(0) p58 n94                  c                     
NV_NVDLA_CMAC_CORE_MAC_booth_704         c60(0) p57 n99                  c                     
NV_NVDLA_CMAC_CORE_MAC_booth_705         c60(0) p56 n98                  c                     
NV_NVDLA_CMAC_CORE_MAC_booth_706         c60(0) p56 n98                  c                     
NV_NVDLA_CMAC_CORE_MAC_booth_707         c60(0) p56 n98                  c                     
NV_NVDLA_CMAC_CORE_MAC_booth_708         c60(0) p56 n98                  c                     
NV_NVDLA_CMAC_CORE_MAC_booth_709         c60(0) p56 n98                  c                     
NV_NVDLA_CMAC_CORE_MAC_booth_71          c55(0) p56 n92                  c                     
NV_NVDLA_CMAC_CORE_MAC_booth_710         c60(0) p56 n98                  c                     
NV_NVDLA_CMAC_CORE_MAC_booth_711         c55(0) p56 n92                  c                     
NV_NVDLA_CMAC_CORE_MAC_booth_712         c61(0) p56 n99                  c                     
NV_NVDLA_CMAC_CORE_MAC_booth_713         c60(0) p56 n98                  c                     
NV_NVDLA_CMAC_CORE_MAC_booth_714         c60(0) p57 n99                  c                     
NV_NVDLA_CMAC_CORE_MAC_booth_715         c60(0) p57 n99                  c                     
NV_NVDLA_CMAC_CORE_MAC_booth_716         c60(0) p56 n98                  c                     
NV_NVDLA_CMAC_CORE_MAC_booth_717         c60(0) p57 n99                  c                     
NV_NVDLA_CMAC_CORE_MAC_booth_718         c60(0) p56 n98                  c                     
NV_NVDLA_CMAC_CORE_MAC_booth_719         c55(0) p57 n93                  c                     
NV_NVDLA_CMAC_CORE_MAC_booth_72          c60(0) p56 n98                  c                     
NV_NVDLA_CMAC_CORE_MAC_booth_720         c60(0) p56 n98                  c                     
NV_NVDLA_CMAC_CORE_MAC_booth_721         c60(0) p56 n98                  c                     
NV_NVDLA_CMAC_CORE_MAC_booth_722         c60(0) p56 n98                  c                     
NV_NVDLA_CMAC_CORE_MAC_booth_723         c60(0) p56 n98                  c                     
NV_NVDLA_CMAC_CORE_MAC_booth_724         c60(0) p57 n99                  c                     
NV_NVDLA_CMAC_CORE_MAC_booth_725         c60(0) p56 n98                  c                     
NV_NVDLA_CMAC_CORE_MAC_booth_726         c60(0) p56 n98                  c                     
NV_NVDLA_CMAC_CORE_MAC_booth_727         c55(0) p56 n92                  c                     
NV_NVDLA_CMAC_CORE_MAC_booth_728         c61(0) p57 n100                 c                     
NV_NVDLA_CMAC_CORE_MAC_booth_729         c60(0) p57 n99                  c                     
NV_NVDLA_CMAC_CORE_MAC_booth_73          c60(0) p56 n98                  c                     
NV_NVDLA_CMAC_CORE_MAC_booth_730         c60(0) p57 n99                  c                     
NV_NVDLA_CMAC_CORE_MAC_booth_731         c60(0) p57 n99                  c                     
NV_NVDLA_CMAC_CORE_MAC_booth_732         c60(0) p57 n99                  c                     
NV_NVDLA_CMAC_CORE_MAC_booth_733         c60(0) p57 n99                  c                     
NV_NVDLA_CMAC_CORE_MAC_booth_734         c60(0) p57 n99                  c                     
NV_NVDLA_CMAC_CORE_MAC_booth_735         c55(0) p57 n93                  c                     
NV_NVDLA_CMAC_CORE_MAC_booth_736         c60(0) p57 n99                  c                     
NV_NVDLA_CMAC_CORE_MAC_booth_737         c60(0) p57 n99                  c                     
NV_NVDLA_CMAC_CORE_MAC_booth_738         c60(0) p57 n99                  c                     
NV_NVDLA_CMAC_CORE_MAC_booth_739         c60(0) p57 n99                  c                     
NV_NVDLA_CMAC_CORE_MAC_booth_74          c60(0) p57 n99                  c                     
NV_NVDLA_CMAC_CORE_MAC_booth_740         c60(0) p56 n98                  c                     
NV_NVDLA_CMAC_CORE_MAC_booth_741         c60(0) p57 n99                  c                     
NV_NVDLA_CMAC_CORE_MAC_booth_742         c60(0) p56 n98                  c                     
NV_NVDLA_CMAC_CORE_MAC_booth_743         c55(0) p56 n92                  c                     
NV_NVDLA_CMAC_CORE_MAC_booth_744         c60(0) p56 n98                  c                     
NV_NVDLA_CMAC_CORE_MAC_booth_745         c60(0) p57 n99                  c                     
NV_NVDLA_CMAC_CORE_MAC_booth_746         c60(0) p57 n99                  c                     
NV_NVDLA_CMAC_CORE_MAC_booth_747         c60(0) p56 n98                  c                     
NV_NVDLA_CMAC_CORE_MAC_booth_748         c60(0) p56 n98                  c                     
NV_NVDLA_CMAC_CORE_MAC_booth_749         c60(0) p56 n98                  c                     
NV_NVDLA_CMAC_CORE_MAC_booth_75          c60(0) p57 n99                  c                     
NV_NVDLA_CMAC_CORE_MAC_booth_750         c60(0) p57 n99                  c                     
NV_NVDLA_CMAC_CORE_MAC_booth_751         c55(0) p56 n92                  c                     
NV_NVDLA_CMAC_CORE_MAC_booth_752         c60(0) p56 n98                  c                     
NV_NVDLA_CMAC_CORE_MAC_booth_753         c61(0) p56 n99                  c                     
NV_NVDLA_CMAC_CORE_MAC_booth_754         c60(0) p56 n98                  c                     
NV_NVDLA_CMAC_CORE_MAC_booth_755         c60(0) p56 n98                  c                     
NV_NVDLA_CMAC_CORE_MAC_booth_756         c60(0) p56 n98                  c                     
NV_NVDLA_CMAC_CORE_MAC_booth_757         c60(0) p56 n98                  c                     
NV_NVDLA_CMAC_CORE_MAC_booth_758         c60(0) p57 n99                  c                     
NV_NVDLA_CMAC_CORE_MAC_booth_759         c55(0) p56 n92                  c                     
NV_NVDLA_CMAC_CORE_MAC_booth_76          c60(0) p57 n99                  c                     
NV_NVDLA_CMAC_CORE_MAC_booth_760         c60(0) p56 n98                  c                     
NV_NVDLA_CMAC_CORE_MAC_booth_761         c60(0) p56 n98                  c                     
NV_NVDLA_CMAC_CORE_MAC_booth_762         c60(0) p57 n99                  c                     
NV_NVDLA_CMAC_CORE_MAC_booth_763         c60(0) p56 n98                  c                     
NV_NVDLA_CMAC_CORE_MAC_booth_764         c60(0) p56 n98                  c                     
NV_NVDLA_CMAC_CORE_MAC_booth_765         c60(0) p56 n98                  c                     
NV_NVDLA_CMAC_CORE_MAC_booth_766         c60(0) p57 n99                  c                     
NV_NVDLA_CMAC_CORE_MAC_booth_767         c55(0) p56 n92                  c                     
NV_NVDLA_CMAC_CORE_MAC_booth_768         c60(0) p57 n99                  c                     
NV_NVDLA_CMAC_CORE_MAC_booth_769         c60(0) p57 n99                  c                     
NV_NVDLA_CMAC_CORE_MAC_booth_77          c60(0) p57 n99                  c                     
NV_NVDLA_CMAC_CORE_MAC_booth_770         c60(0) p57 n99                  c                     
NV_NVDLA_CMAC_CORE_MAC_booth_771         c60(0) p57 n99                  c                     
NV_NVDLA_CMAC_CORE_MAC_booth_772         c60(0) p56 n98                  c                     
NV_NVDLA_CMAC_CORE_MAC_booth_773         c60(0) p57 n99                  c                     
NV_NVDLA_CMAC_CORE_MAC_booth_774         c60(0) p56 n98                  c                     
NV_NVDLA_CMAC_CORE_MAC_booth_775         c55(0) p57 n93                  c                     
NV_NVDLA_CMAC_CORE_MAC_booth_776         c60(0) p56 n98                  c                     
NV_NVDLA_CMAC_CORE_MAC_booth_777         c60(0) p56 n98                  c                     
NV_NVDLA_CMAC_CORE_MAC_booth_778         c60(0) p56 n98                  c                     
NV_NVDLA_CMAC_CORE_MAC_booth_779         c60(0) p59 n101                 c                     
NV_NVDLA_CMAC_CORE_MAC_booth_78          c60(0) p56 n98                  c                     
NV_NVDLA_CMAC_CORE_MAC_booth_780         c60(0) p57 n99                  c                     
NV_NVDLA_CMAC_CORE_MAC_booth_781         c60(0) p56 n98                  c                     
NV_NVDLA_CMAC_CORE_MAC_booth_782         c60(0) p57 n99                  c                     
NV_NVDLA_CMAC_CORE_MAC_booth_783         c55(0) p56 n92                  c                     
NV_NVDLA_CMAC_CORE_MAC_booth_784         c60(0) p56 n98                  c                     
NV_NVDLA_CMAC_CORE_MAC_booth_785         c60(0) p56 n98                  c                     
NV_NVDLA_CMAC_CORE_MAC_booth_786         c60(0) p56 n98                  c                     
NV_NVDLA_CMAC_CORE_MAC_booth_787         c60(0) p56 n98                  c                     
NV_NVDLA_CMAC_CORE_MAC_booth_788         c60(0) p56 n98                  c                     
NV_NVDLA_CMAC_CORE_MAC_booth_789         c60(0) p56 n98                  c                     
NV_NVDLA_CMAC_CORE_MAC_booth_79          c55(0) p56 n92                  c                     
NV_NVDLA_CMAC_CORE_MAC_booth_790         c60(0) p56 n98                  c                     
NV_NVDLA_CMAC_CORE_MAC_booth_791         c55(0) p56 n92                  c                     
NV_NVDLA_CMAC_CORE_MAC_booth_792         c60(0) p56 n98                  c                     
NV_NVDLA_CMAC_CORE_MAC_booth_793         c60(0) p56 n98                  c                     
NV_NVDLA_CMAC_CORE_MAC_booth_794         c60(0) p57 n99                  c                     
NV_NVDLA_CMAC_CORE_MAC_booth_795         c60(0) p59 n101                 c                     
NV_NVDLA_CMAC_CORE_MAC_booth_796         c60(0) p56 n98                  c                     
NV_NVDLA_CMAC_CORE_MAC_booth_797         c60(0) p56 n98                  c                     
NV_NVDLA_CMAC_CORE_MAC_booth_798         c60(0) p56 n98                  c                     
NV_NVDLA_CMAC_CORE_MAC_booth_799         c55(0) p56 n92                  c                     
NV_NVDLA_CMAC_CORE_MAC_booth_8           c60(0) p56 n98                  c                     
NV_NVDLA_CMAC_CORE_MAC_booth_80          c60(0) p56 n98                  c                     
NV_NVDLA_CMAC_CORE_MAC_booth_800         c60(0) p56 n98                  c                     
NV_NVDLA_CMAC_CORE_MAC_booth_801         c60(0) p56 n98                  c                     
NV_NVDLA_CMAC_CORE_MAC_booth_802         c60(0) p57 n99                  c                     
NV_NVDLA_CMAC_CORE_MAC_booth_803         c60(0) p57 n99                  c                     
NV_NVDLA_CMAC_CORE_MAC_booth_804         c60(0) p56 n98                  c                     
NV_NVDLA_CMAC_CORE_MAC_booth_805         c60(0) p57 n99                  c                     
NV_NVDLA_CMAC_CORE_MAC_booth_806         c60(0) p57 n99                  c                     
NV_NVDLA_CMAC_CORE_MAC_booth_807         c55(0) p56 n92                  c                     
NV_NVDLA_CMAC_CORE_MAC_booth_808         c60(0) p57 n99                  c                     
NV_NVDLA_CMAC_CORE_MAC_booth_809         c60(0) p57 n99                  c                     
NV_NVDLA_CMAC_CORE_MAC_booth_81          c60(0) p56 n98                  c                     
NV_NVDLA_CMAC_CORE_MAC_booth_810         c60(0) p57 n99                  c                     
NV_NVDLA_CMAC_CORE_MAC_booth_811         c60(0) p58 n100                 c                     
NV_NVDLA_CMAC_CORE_MAC_booth_812         c60(0) p56 n98                  c                     
NV_NVDLA_CMAC_CORE_MAC_booth_813         c60(0) p56 n98                  c                     
NV_NVDLA_CMAC_CORE_MAC_booth_814         c60(0) p57 n99                  c                     
NV_NVDLA_CMAC_CORE_MAC_booth_815         c55(0) p57 n93                  c                     
NV_NVDLA_CMAC_CORE_MAC_booth_816         c60(0) p57 n99                  c                     
NV_NVDLA_CMAC_CORE_MAC_booth_817         c60(0) p57 n99                  c                     
NV_NVDLA_CMAC_CORE_MAC_booth_818         c60(0) p57 n99                  c                     
NV_NVDLA_CMAC_CORE_MAC_booth_819         c60(0) p57 n99                  c                     
NV_NVDLA_CMAC_CORE_MAC_booth_82          c60(0) p58 n100                 c                     
NV_NVDLA_CMAC_CORE_MAC_booth_820         c60(0) p57 n99                  c                     
NV_NVDLA_CMAC_CORE_MAC_booth_821         c60(0) p57 n99                  c                     
NV_NVDLA_CMAC_CORE_MAC_booth_822         c60(0) p56 n98                  c                     
NV_NVDLA_CMAC_CORE_MAC_booth_823         c55(0) p56 n92                  c                     
NV_NVDLA_CMAC_CORE_MAC_booth_824         c60(0) p57 n99                  c                     
NV_NVDLA_CMAC_CORE_MAC_booth_825         c60(0) p57 n99                  c                     
NV_NVDLA_CMAC_CORE_MAC_booth_826         c60(0) p56 n98                  c                     
NV_NVDLA_CMAC_CORE_MAC_booth_827         c60(0) p57 n99                  c                     
NV_NVDLA_CMAC_CORE_MAC_booth_828         c60(0) p57 n99                  c                     
NV_NVDLA_CMAC_CORE_MAC_booth_829         c60(0) p56 n98                  c                     
NV_NVDLA_CMAC_CORE_MAC_booth_83          c60(0) p57 n99                  c                     
NV_NVDLA_CMAC_CORE_MAC_booth_830         c60(0) p57 n99                  c                     
NV_NVDLA_CMAC_CORE_MAC_booth_831         c55(0) p57 n93                  c                     
NV_NVDLA_CMAC_CORE_MAC_booth_832         c60(0) p58 n100                 c                     
NV_NVDLA_CMAC_CORE_MAC_booth_833         c60(0) p56 n98                  c                     
NV_NVDLA_CMAC_CORE_MAC_booth_834         c60(0) p56 n98                  c                     
NV_NVDLA_CMAC_CORE_MAC_booth_835         c60(0) p57 n99                  c                     
NV_NVDLA_CMAC_CORE_MAC_booth_836         c60(0) p56 n98                  c                     
NV_NVDLA_CMAC_CORE_MAC_booth_837         c60(0) p56 n98                  c                     
NV_NVDLA_CMAC_CORE_MAC_booth_838         c60(0) p57 n99                  c                     
NV_NVDLA_CMAC_CORE_MAC_booth_839         c55(0) p56 n92                  c                     
NV_NVDLA_CMAC_CORE_MAC_booth_84          c60(0) p56 n98                  c                     
NV_NVDLA_CMAC_CORE_MAC_booth_840         c60(0) p56 n98                  c                     
NV_NVDLA_CMAC_CORE_MAC_booth_841         c60(0) p56 n98                  c                     
NV_NVDLA_CMAC_CORE_MAC_booth_842         c60(0) p56 n98                  c                     
NV_NVDLA_CMAC_CORE_MAC_booth_843         c60(0) p57 n99                  c                     
NV_NVDLA_CMAC_CORE_MAC_booth_844         c60(0) p57 n99                  c                     
NV_NVDLA_CMAC_CORE_MAC_booth_845         c60(0) p56 n98                  c                     
NV_NVDLA_CMAC_CORE_MAC_booth_846         c60(0) p56 n98                  c                     
NV_NVDLA_CMAC_CORE_MAC_booth_847         c55(0) p56 n92                  c                     
NV_NVDLA_CMAC_CORE_MAC_booth_848         c60(0) p56 n98                  c                     
NV_NVDLA_CMAC_CORE_MAC_booth_849         c60(0) p56 n98                  c                     
NV_NVDLA_CMAC_CORE_MAC_booth_85          c60(0) p57 n99                  c                     
NV_NVDLA_CMAC_CORE_MAC_booth_850         c60(0) p56 n98                  c                     
NV_NVDLA_CMAC_CORE_MAC_booth_851         c60(0) p57 n99                  c                     
NV_NVDLA_CMAC_CORE_MAC_booth_852         c60(0) p56 n98                  c                     
NV_NVDLA_CMAC_CORE_MAC_booth_853         c60(0) p56 n98                  c                     
NV_NVDLA_CMAC_CORE_MAC_booth_854         c60(0) p57 n99                  c                     
NV_NVDLA_CMAC_CORE_MAC_booth_855         c55(0) p56 n92                  c                     
NV_NVDLA_CMAC_CORE_MAC_booth_856         c60(0) p56 n98                  c                     
NV_NVDLA_CMAC_CORE_MAC_booth_857         c60(0) p56 n98                  c                     
NV_NVDLA_CMAC_CORE_MAC_booth_858         c60(0) p57 n99                  c                     
NV_NVDLA_CMAC_CORE_MAC_booth_859         c60(0) p56 n98                  c                     
NV_NVDLA_CMAC_CORE_MAC_booth_86          c60(0) p57 n99                  c                     
NV_NVDLA_CMAC_CORE_MAC_booth_860         c60(0) p57 n99                  c                     
NV_NVDLA_CMAC_CORE_MAC_booth_861         c60(0) p57 n99                  c                     
NV_NVDLA_CMAC_CORE_MAC_booth_862         c60(0) p57 n99                  c                     
NV_NVDLA_CMAC_CORE_MAC_booth_863         c55(0) p57 n93                  c                     
NV_NVDLA_CMAC_CORE_MAC_booth_864         c60(0) p56 n98                  c                     
NV_NVDLA_CMAC_CORE_MAC_booth_865         c60(0) p56 n98                  c                     
NV_NVDLA_CMAC_CORE_MAC_booth_866         c60(0) p56 n98                  c                     
NV_NVDLA_CMAC_CORE_MAC_booth_867         c60(0) p57 n99                  c                     
NV_NVDLA_CMAC_CORE_MAC_booth_868         c60(0) p56 n98                  c                     
NV_NVDLA_CMAC_CORE_MAC_booth_869         c61(0) p56 n99                  c                     
NV_NVDLA_CMAC_CORE_MAC_booth_87          c55(0) p57 n93                  c                     
NV_NVDLA_CMAC_CORE_MAC_booth_870         c60(0) p56 n98                  c                     
NV_NVDLA_CMAC_CORE_MAC_booth_871         c55(0) p56 n92                  c                     
NV_NVDLA_CMAC_CORE_MAC_booth_872         c60(0) p56 n98                  c                     
NV_NVDLA_CMAC_CORE_MAC_booth_873         c60(0) p56 n98                  c                     
NV_NVDLA_CMAC_CORE_MAC_booth_874         c60(0) p57 n99                  c                     
NV_NVDLA_CMAC_CORE_MAC_booth_875         c60(0) p57 n99                  c                     
NV_NVDLA_CMAC_CORE_MAC_booth_876         c60(0) p57 n99                  c                     
NV_NVDLA_CMAC_CORE_MAC_booth_877         c60(0) p57 n99                  c                     
NV_NVDLA_CMAC_CORE_MAC_booth_878         c60(0) p57 n99                  c                     
NV_NVDLA_CMAC_CORE_MAC_booth_879         c55(0) p56 n92                  c                     
NV_NVDLA_CMAC_CORE_MAC_booth_88          c60(0) p56 n98                  c                     
NV_NVDLA_CMAC_CORE_MAC_booth_880         c60(0) p56 n98                  c                     
NV_NVDLA_CMAC_CORE_MAC_booth_881         c60(0) p56 n98                  c                     
NV_NVDLA_CMAC_CORE_MAC_booth_882         c60(0) p56 n98                  c                     
NV_NVDLA_CMAC_CORE_MAC_booth_883         c60(0) p56 n98                  c                     
NV_NVDLA_CMAC_CORE_MAC_booth_884         c60(0) p56 n98                  c                     
NV_NVDLA_CMAC_CORE_MAC_booth_885         c60(0) p56 n98                  c                     
NV_NVDLA_CMAC_CORE_MAC_booth_886         c60(0) p57 n99                  c                     
NV_NVDLA_CMAC_CORE_MAC_booth_887         c55(0) p57 n93                  c                     
NV_NVDLA_CMAC_CORE_MAC_booth_888         c60(0) p56 n98                  c                     
NV_NVDLA_CMAC_CORE_MAC_booth_889         c60(0) p56 n98                  c                     
NV_NVDLA_CMAC_CORE_MAC_booth_89          c60(0) p56 n98                  c                     
NV_NVDLA_CMAC_CORE_MAC_booth_890         c60(0) p57 n99                  c                     
NV_NVDLA_CMAC_CORE_MAC_booth_891         c60(0) p56 n98                  c                     
NV_NVDLA_CMAC_CORE_MAC_booth_892         c60(0) p56 n98                  c                     
NV_NVDLA_CMAC_CORE_MAC_booth_893         c60(0) p57 n99                  c                     
NV_NVDLA_CMAC_CORE_MAC_booth_894         c60(0) p56 n98                  c                     
NV_NVDLA_CMAC_CORE_MAC_booth_895         c56(0) p56 n93                  c                     
NV_NVDLA_CMAC_CORE_MAC_booth_896         c60(0) p56 n98                  c                     
NV_NVDLA_CMAC_CORE_MAC_booth_897         c60(0) p56 n98                  c                     
NV_NVDLA_CMAC_CORE_MAC_booth_898         c60(0) p56 n98                  c                     
NV_NVDLA_CMAC_CORE_MAC_booth_899         c60(0) p56 n98                  c                     
NV_NVDLA_CMAC_CORE_MAC_booth_9           c60(0) p56 n98                  c                     
NV_NVDLA_CMAC_CORE_MAC_booth_90          c60(0) p56 n98                  c                     
NV_NVDLA_CMAC_CORE_MAC_booth_900         c60(0) p56 n98                  c                     
NV_NVDLA_CMAC_CORE_MAC_booth_901         c60(0) p57 n99                  c                     
NV_NVDLA_CMAC_CORE_MAC_booth_902         c60(0) p58 n100                 c                     
NV_NVDLA_CMAC_CORE_MAC_booth_903         c55(0) p56 n92                  c                     
NV_NVDLA_CMAC_CORE_MAC_booth_904         c60(0) p56 n98                  c                     
NV_NVDLA_CMAC_CORE_MAC_booth_905         c60(0) p56 n98                  c                     
NV_NVDLA_CMAC_CORE_MAC_booth_906         c60(0) p56 n98                  c                     
NV_NVDLA_CMAC_CORE_MAC_booth_907         c60(0) p57 n99                  c                     
NV_NVDLA_CMAC_CORE_MAC_booth_908         c60(0) p56 n98                  c                     
NV_NVDLA_CMAC_CORE_MAC_booth_909         c60(0) p57 n99                  c                     
NV_NVDLA_CMAC_CORE_MAC_booth_91          c60(0) p58 n100                 c                     
NV_NVDLA_CMAC_CORE_MAC_booth_910         c60(0) p56 n98                  c                     
NV_NVDLA_CMAC_CORE_MAC_booth_911         c55(0) p56 n92                  c                     
NV_NVDLA_CMAC_CORE_MAC_booth_912         c60(0) p57 n99                  c                     
NV_NVDLA_CMAC_CORE_MAC_booth_913         c60(0) p57 n99                  c                     
NV_NVDLA_CMAC_CORE_MAC_booth_914         c60(0) p57 n99                  c                     
NV_NVDLA_CMAC_CORE_MAC_booth_915         c60(0) p56 n98                  c                     
NV_NVDLA_CMAC_CORE_MAC_booth_916         c60(0) p56 n98                  c                     
NV_NVDLA_CMAC_CORE_MAC_booth_917         c60(0) p56 n98                  c                     
NV_NVDLA_CMAC_CORE_MAC_booth_918         c60(0) p57 n99                  c                     
NV_NVDLA_CMAC_CORE_MAC_booth_919         c55(0) p56 n92                  c                     
NV_NVDLA_CMAC_CORE_MAC_booth_92          c60(0) p58 n100                 c                     
NV_NVDLA_CMAC_CORE_MAC_booth_920         c60(0) p56 n98                  c                     
NV_NVDLA_CMAC_CORE_MAC_booth_921         c60(0) p56 n98                  c                     
NV_NVDLA_CMAC_CORE_MAC_booth_922         c60(0) p56 n98                  c                     
NV_NVDLA_CMAC_CORE_MAC_booth_923         c60(0) p56 n98                  c                     
NV_NVDLA_CMAC_CORE_MAC_booth_924         c60(0) p56 n98                  c                     
NV_NVDLA_CMAC_CORE_MAC_booth_925         c60(0) p56 n98                  c                     
NV_NVDLA_CMAC_CORE_MAC_booth_926         c60(0) p57 n99                  c                     
NV_NVDLA_CMAC_CORE_MAC_booth_927         c55(0) p56 n92                  c                     
NV_NVDLA_CMAC_CORE_MAC_booth_928         c60(0) p56 n98                  c                     
NV_NVDLA_CMAC_CORE_MAC_booth_929         c60(0) p57 n99                  c                     
NV_NVDLA_CMAC_CORE_MAC_booth_93          c60(0) p57 n99                  c                     
NV_NVDLA_CMAC_CORE_MAC_booth_930         c60(0) p56 n98                  c                     
NV_NVDLA_CMAC_CORE_MAC_booth_931         c60(0) p57 n99                  c                     
NV_NVDLA_CMAC_CORE_MAC_booth_932         c60(0) p57 n99                  c                     
NV_NVDLA_CMAC_CORE_MAC_booth_933         c60(0) p57 n99                  c                     
NV_NVDLA_CMAC_CORE_MAC_booth_934         c60(0) p56 n98                  c                     
NV_NVDLA_CMAC_CORE_MAC_booth_935         c55(0) p56 n92                  c                     
NV_NVDLA_CMAC_CORE_MAC_booth_936         c60(0) p56 n98                  c                     
NV_NVDLA_CMAC_CORE_MAC_booth_937         c60(0) p56 n98                  c                     
NV_NVDLA_CMAC_CORE_MAC_booth_938         c60(0) p57 n99                  c                     
NV_NVDLA_CMAC_CORE_MAC_booth_939         c60(0) p57 n99                  c                     
NV_NVDLA_CMAC_CORE_MAC_booth_94          c60(0) p56 n98                  c                     
NV_NVDLA_CMAC_CORE_MAC_booth_940         c60(0) p57 n99                  c                     
NV_NVDLA_CMAC_CORE_MAC_booth_941         c60(0) p57 n99                  c                     
NV_NVDLA_CMAC_CORE_MAC_booth_942         c60(0) p57 n99                  c                     
NV_NVDLA_CMAC_CORE_MAC_booth_943         c55(0) p57 n93                  c                     
NV_NVDLA_CMAC_CORE_MAC_booth_944         c60(0) p56 n98                  c                     
NV_NVDLA_CMAC_CORE_MAC_booth_945         c60(0) p56 n98                  c                     
NV_NVDLA_CMAC_CORE_MAC_booth_946         c60(0) p56 n98                  c                     
NV_NVDLA_CMAC_CORE_MAC_booth_947         c60(0) p57 n99                  c                     
NV_NVDLA_CMAC_CORE_MAC_booth_948         c60(0) p57 n99                  c                     
NV_NVDLA_CMAC_CORE_MAC_booth_949         c60(0) p57 n99                  c                     
NV_NVDLA_CMAC_CORE_MAC_booth_95          c55(0) p56 n92                  c                     
NV_NVDLA_CMAC_CORE_MAC_booth_950         c60(0) p57 n99                  c                     
NV_NVDLA_CMAC_CORE_MAC_booth_951         c55(0) p57 n93                  c                     
NV_NVDLA_CMAC_CORE_MAC_booth_952         c60(0) p57 n99                  c                     
NV_NVDLA_CMAC_CORE_MAC_booth_953         c60(0) p56 n98                  c                     
NV_NVDLA_CMAC_CORE_MAC_booth_954         c60(0) p56 n98                  c                     
NV_NVDLA_CMAC_CORE_MAC_booth_955         c60(0) p56 n98                  c                     
NV_NVDLA_CMAC_CORE_MAC_booth_956         c60(0) p56 n98                  c                     
NV_NVDLA_CMAC_CORE_MAC_booth_957         c60(0) p57 n99                  c                     
NV_NVDLA_CMAC_CORE_MAC_booth_958         c60(0) p57 n99                  c                     
NV_NVDLA_CMAC_CORE_MAC_booth_959         c55(0) p56 n92                  c                     
NV_NVDLA_CMAC_CORE_MAC_booth_96          c60(0) p56 n98                  c                     
NV_NVDLA_CMAC_CORE_MAC_booth_960         c60(0) p57 n99                  c                     
NV_NVDLA_CMAC_CORE_MAC_booth_961         c60(0) p57 n99                  c                     
NV_NVDLA_CMAC_CORE_MAC_booth_962         c60(0) p57 n99                  c                     
NV_NVDLA_CMAC_CORE_MAC_booth_963         c60(0) p58 n100                 c                     
NV_NVDLA_CMAC_CORE_MAC_booth_964         c60(0) p56 n98                  c                     
NV_NVDLA_CMAC_CORE_MAC_booth_965         c60(0) p56 n98                  c                     
NV_NVDLA_CMAC_CORE_MAC_booth_966         c60(0) p57 n99                  c                     
NV_NVDLA_CMAC_CORE_MAC_booth_967         c55(0) p56 n92                  c                     
NV_NVDLA_CMAC_CORE_MAC_booth_968         c60(0) p57 n99                  c                     
NV_NVDLA_CMAC_CORE_MAC_booth_969         c60(0) p56 n98                  c                     
NV_NVDLA_CMAC_CORE_MAC_booth_97          c60(0) p56 n98                  c                     
NV_NVDLA_CMAC_CORE_MAC_booth_970         c60(0) p56 n98                  c                     
NV_NVDLA_CMAC_CORE_MAC_booth_971         c60(0) p57 n99                  c                     
NV_NVDLA_CMAC_CORE_MAC_booth_972         c60(0) p56 n98                  c                     
NV_NVDLA_CMAC_CORE_MAC_booth_973         c60(0) p57 n99                  c                     
NV_NVDLA_CMAC_CORE_MAC_booth_974         c60(0) p57 n99                  c                     
NV_NVDLA_CMAC_CORE_MAC_booth_975         c55(0) p57 n93                  c                     
NV_NVDLA_CMAC_CORE_MAC_booth_976         c60(0) p56 n98                  c                     
NV_NVDLA_CMAC_CORE_MAC_booth_977         c60(0) p56 n98                  c                     
NV_NVDLA_CMAC_CORE_MAC_booth_978         c60(0) p56 n98                  c                     
NV_NVDLA_CMAC_CORE_MAC_booth_979         c60(0) p56 n98                  c                     
NV_NVDLA_CMAC_CORE_MAC_booth_98          c60(0) p57 n99                  c                     
NV_NVDLA_CMAC_CORE_MAC_booth_980         c60(0) p56 n98                  c                     
NV_NVDLA_CMAC_CORE_MAC_booth_981         c60(0) p56 n98                  c                     
NV_NVDLA_CMAC_CORE_MAC_booth_982         c60(0) p57 n99                  c                     
NV_NVDLA_CMAC_CORE_MAC_booth_983         c55(0) p56 n92                  c                     
NV_NVDLA_CMAC_CORE_MAC_booth_984         c60(0) p56 n98                  c                     
NV_NVDLA_CMAC_CORE_MAC_booth_985         c60(0) p56 n98                  c                     
NV_NVDLA_CMAC_CORE_MAC_booth_986         c60(0) p56 n98                  c                     
NV_NVDLA_CMAC_CORE_MAC_booth_987         c60(0) p56 n98                  c                     
NV_NVDLA_CMAC_CORE_MAC_booth_988         c60(0) p57 n99                  c                     
NV_NVDLA_CMAC_CORE_MAC_booth_989         c60(0) p57 n99                  c                     
NV_NVDLA_CMAC_CORE_MAC_booth_99          c60(0) p57 n99                  c                     
NV_NVDLA_CMAC_CORE_MAC_booth_990         c60(0) p57 n99                  c                     
NV_NVDLA_CMAC_CORE_MAC_booth_991         c55(0) p57 n93                  c                     
NV_NVDLA_CMAC_CORE_MAC_booth_992         c60(0) p58 n100                 c                     
NV_NVDLA_CMAC_CORE_MAC_booth_993         c60(0) p56 n98                  c                     
NV_NVDLA_CMAC_CORE_MAC_booth_994         c60(0) p57 n99                  c                     
NV_NVDLA_CMAC_CORE_MAC_booth_995         c60(0) p57 n99                  c                     
NV_NVDLA_CMAC_CORE_MAC_booth_996         c60(0) p56 n98                  c                     
NV_NVDLA_CMAC_CORE_MAC_booth_997         c60(0) p57 n99                  c                     
NV_NVDLA_CMAC_CORE_MAC_booth_998         c60(0) p56 n98                  c                     
NV_NVDLA_CMAC_CORE_MAC_booth_999         c55(0) p57 n93                  c                     
NV_NVDLA_CMAC_CORE_MAC_exp_0             c5522(0) p820 n6281             c                     
NV_NVDLA_CMAC_CORE_MAC_exp_1             c5457(0) p816 n6212             c                     
NV_NVDLA_CMAC_CORE_MAC_exp_2             c5592(0) p811 n6342             c                     
NV_NVDLA_CMAC_CORE_MAC_exp_3             c5478(0) p812 n6229             c                     
NV_NVDLA_CMAC_CORE_MAC_exp_4             c5499(0) p792 n6230             c                     
NV_NVDLA_CMAC_CORE_MAC_exp_5             c5504(0) p801 n6243             c                     
NV_NVDLA_CMAC_CORE_MAC_exp_6             c5551(0) p815 n6306             c                     
NV_NVDLA_CMAC_CORE_MAC_exp_7             c5500(0) p797 n6233             c                     
NV_NVDLA_CMAC_CORE_MAC_mul_0             c650(0) p120 n911               c                     
NV_NVDLA_CMAC_CORE_MAC_mul_1             c654(0) p120 n915               c                     
NV_NVDLA_CMAC_CORE_MAC_mul_10            c649(0) p120 n910               c                     
NV_NVDLA_CMAC_CORE_MAC_mul_100           c645(0) p120 n906               c                     
NV_NVDLA_CMAC_CORE_MAC_mul_101           c647(0) p120 n908               c                     
NV_NVDLA_CMAC_CORE_MAC_mul_102           c646(0) p120 n907               c                     
NV_NVDLA_CMAC_CORE_MAC_mul_103           c644(0) p120 n905               c                     
NV_NVDLA_CMAC_CORE_MAC_mul_104           c650(0) p120 n911               c                     
NV_NVDLA_CMAC_CORE_MAC_mul_105           c649(0) p120 n910               c                     
NV_NVDLA_CMAC_CORE_MAC_mul_106           c648(0) p120 n909               c                     
NV_NVDLA_CMAC_CORE_MAC_mul_107           c653(0) p120 n914               c                     
NV_NVDLA_CMAC_CORE_MAC_mul_108           c644(0) p120 n905               c                     
NV_NVDLA_CMAC_CORE_MAC_mul_109           c645(0) p120 n906               c                     
NV_NVDLA_CMAC_CORE_MAC_mul_11            c650(0) p120 n911               c                     
NV_NVDLA_CMAC_CORE_MAC_mul_110           c646(0) p120 n907               c                     
NV_NVDLA_CMAC_CORE_MAC_mul_111           c645(0) p120 n906               c                     
NV_NVDLA_CMAC_CORE_MAC_mul_112           c648(0) p120 n909               c                     
NV_NVDLA_CMAC_CORE_MAC_mul_113           c654(0) p120 n915               c                     
NV_NVDLA_CMAC_CORE_MAC_mul_114           c651(0) p120 n912               c                     
NV_NVDLA_CMAC_CORE_MAC_mul_115           c650(0) p120 n911               c                     
NV_NVDLA_CMAC_CORE_MAC_mul_116           c647(0) p120 n908               c                     
NV_NVDLA_CMAC_CORE_MAC_mul_117           c651(0) p120 n912               c                     
NV_NVDLA_CMAC_CORE_MAC_mul_118           c650(0) p120 n911               c                     
NV_NVDLA_CMAC_CORE_MAC_mul_119           c651(0) p120 n912               c                     
NV_NVDLA_CMAC_CORE_MAC_mul_12            c649(0) p120 n910               c                     
NV_NVDLA_CMAC_CORE_MAC_mul_120           c648(0) p120 n909               c                     
NV_NVDLA_CMAC_CORE_MAC_mul_121           c647(0) p120 n908               c                     
NV_NVDLA_CMAC_CORE_MAC_mul_122           c649(0) p120 n910               c                     
NV_NVDLA_CMAC_CORE_MAC_mul_123           c646(0) p120 n907               c                     
NV_NVDLA_CMAC_CORE_MAC_mul_124           c653(0) p120 n914               c                     
NV_NVDLA_CMAC_CORE_MAC_mul_125           c652(0) p120 n913               c                     
NV_NVDLA_CMAC_CORE_MAC_mul_126           c652(0) p120 n913               c                     
NV_NVDLA_CMAC_CORE_MAC_mul_127           c651(0) p120 n912               c                     
NV_NVDLA_CMAC_CORE_MAC_mul_128           c648(0) p120 n909               c                     
NV_NVDLA_CMAC_CORE_MAC_mul_129           c650(0) p120 n911               c                     
NV_NVDLA_CMAC_CORE_MAC_mul_13            c651(0) p120 n912               c                     
NV_NVDLA_CMAC_CORE_MAC_mul_130           c647(0) p120 n908               c                     
NV_NVDLA_CMAC_CORE_MAC_mul_131           c653(0) p120 n914               c                     
NV_NVDLA_CMAC_CORE_MAC_mul_132           c643(0) p120 n904               c                     
NV_NVDLA_CMAC_CORE_MAC_mul_133           c641(0) p120 n902               c                     
NV_NVDLA_CMAC_CORE_MAC_mul_134           c646(0) p120 n907               c                     
NV_NVDLA_CMAC_CORE_MAC_mul_135           c644(0) p120 n905               c                     
NV_NVDLA_CMAC_CORE_MAC_mul_136           c646(0) p120 n907               c                     
NV_NVDLA_CMAC_CORE_MAC_mul_137           c642(0) p120 n903               c                     
NV_NVDLA_CMAC_CORE_MAC_mul_138           c644(0) p120 n905               c                     
NV_NVDLA_CMAC_CORE_MAC_mul_139           c643(0) p120 n904               c                     
NV_NVDLA_CMAC_CORE_MAC_mul_14            c655(0) p120 n916               c                     
NV_NVDLA_CMAC_CORE_MAC_mul_140           c642(0) p120 n903               c                     
NV_NVDLA_CMAC_CORE_MAC_mul_141           c643(0) p120 n904               c                     
NV_NVDLA_CMAC_CORE_MAC_mul_142           c646(0) p120 n907               c                     
NV_NVDLA_CMAC_CORE_MAC_mul_143           c642(0) p120 n903               c                     
NV_NVDLA_CMAC_CORE_MAC_mul_144           c652(0) p120 n913               c                     
NV_NVDLA_CMAC_CORE_MAC_mul_145           c653(0) p120 n914               c                     
NV_NVDLA_CMAC_CORE_MAC_mul_146           c659(0) p120 n920               c                     
NV_NVDLA_CMAC_CORE_MAC_mul_147           c653(0) p120 n914               c                     
NV_NVDLA_CMAC_CORE_MAC_mul_148           c654(0) p120 n915               c                     
NV_NVDLA_CMAC_CORE_MAC_mul_149           c653(0) p120 n914               c                     
NV_NVDLA_CMAC_CORE_MAC_mul_15            c649(0) p120 n910               c                     
NV_NVDLA_CMAC_CORE_MAC_mul_150           c653(0) p120 n914               c                     
NV_NVDLA_CMAC_CORE_MAC_mul_151           c650(0) p120 n911               c                     
NV_NVDLA_CMAC_CORE_MAC_mul_152           c647(0) p120 n908               c                     
NV_NVDLA_CMAC_CORE_MAC_mul_153           c648(0) p120 n909               c                     
NV_NVDLA_CMAC_CORE_MAC_mul_154           c645(0) p120 n906               c                     
NV_NVDLA_CMAC_CORE_MAC_mul_155           c646(0) p120 n907               c                     
NV_NVDLA_CMAC_CORE_MAC_mul_156           c646(0) p120 n907               c                     
NV_NVDLA_CMAC_CORE_MAC_mul_157           c644(0) p120 n905               c                     
NV_NVDLA_CMAC_CORE_MAC_mul_158           c645(0) p120 n906               c                     
NV_NVDLA_CMAC_CORE_MAC_mul_159           c645(0) p120 n906               c                     
NV_NVDLA_CMAC_CORE_MAC_mul_16            c651(0) p120 n912               c                     
NV_NVDLA_CMAC_CORE_MAC_mul_160           c643(0) p120 n904               c                     
NV_NVDLA_CMAC_CORE_MAC_mul_161           c640(0) p120 n901               c                     
NV_NVDLA_CMAC_CORE_MAC_mul_162           c645(0) p120 n906               c                     
NV_NVDLA_CMAC_CORE_MAC_mul_163           c644(0) p120 n905               c                     
NV_NVDLA_CMAC_CORE_MAC_mul_164           c648(0) p120 n909               c                     
NV_NVDLA_CMAC_CORE_MAC_mul_165           c644(0) p120 n905               c                     
NV_NVDLA_CMAC_CORE_MAC_mul_166           c643(0) p120 n904               c                     
NV_NVDLA_CMAC_CORE_MAC_mul_167           c647(0) p120 n908               c                     
NV_NVDLA_CMAC_CORE_MAC_mul_168           c643(0) p120 n904               c                     
NV_NVDLA_CMAC_CORE_MAC_mul_169           c643(0) p120 n904               c                     
NV_NVDLA_CMAC_CORE_MAC_mul_17            c647(0) p120 n908               c                     
NV_NVDLA_CMAC_CORE_MAC_mul_170           c645(0) p120 n906               c                     
NV_NVDLA_CMAC_CORE_MAC_mul_171           c646(0) p120 n907               c                     
NV_NVDLA_CMAC_CORE_MAC_mul_172           c650(0) p120 n911               c                     
NV_NVDLA_CMAC_CORE_MAC_mul_173           c649(0) p120 n910               c                     
NV_NVDLA_CMAC_CORE_MAC_mul_174           c647(0) p120 n908               c                     
NV_NVDLA_CMAC_CORE_MAC_mul_175           c650(0) p120 n911               c                     
NV_NVDLA_CMAC_CORE_MAC_mul_176           c655(0) p121 n917               c                     
NV_NVDLA_CMAC_CORE_MAC_mul_177           c654(0) p121 n916               c                     
NV_NVDLA_CMAC_CORE_MAC_mul_178           c656(0) p121 n918               c                     
NV_NVDLA_CMAC_CORE_MAC_mul_179           c651(0) p121 n913               c                     
NV_NVDLA_CMAC_CORE_MAC_mul_18            c646(0) p120 n907               c                     
NV_NVDLA_CMAC_CORE_MAC_mul_180           c653(0) p121 n915               c                     
NV_NVDLA_CMAC_CORE_MAC_mul_181           c654(0) p121 n916               c                     
NV_NVDLA_CMAC_CORE_MAC_mul_182           c652(0) p121 n914               c                     
NV_NVDLA_CMAC_CORE_MAC_mul_183           c658(0) p121 n920               c                     
NV_NVDLA_CMAC_CORE_MAC_mul_184           c654(0) p120 n915               c                     
NV_NVDLA_CMAC_CORE_MAC_mul_185           c654(0) p120 n915               c                     
NV_NVDLA_CMAC_CORE_MAC_mul_186           c651(0) p121 n912               c                     
NV_NVDLA_CMAC_CORE_MAC_mul_187           c647(0) p120 n908               c                     
NV_NVDLA_CMAC_CORE_MAC_mul_188           c648(0) p120 n909               c                     
NV_NVDLA_CMAC_CORE_MAC_mul_189           c653(0) p120 n914               c                     
NV_NVDLA_CMAC_CORE_MAC_mul_19            c655(0) p120 n916               c                     
NV_NVDLA_CMAC_CORE_MAC_mul_190           c652(0) p120 n913               c                     
NV_NVDLA_CMAC_CORE_MAC_mul_191           c649(0) p120 n910               c                     
NV_NVDLA_CMAC_CORE_MAC_mul_192           c645(0) p120 n906               c                     
NV_NVDLA_CMAC_CORE_MAC_mul_193           c648(0) p120 n909               c                     
NV_NVDLA_CMAC_CORE_MAC_mul_194           c647(0) p120 n908               c                     
NV_NVDLA_CMAC_CORE_MAC_mul_195           c644(0) p120 n905               c                     
NV_NVDLA_CMAC_CORE_MAC_mul_196           c655(0) p120 n916               c                     
NV_NVDLA_CMAC_CORE_MAC_mul_197           c658(0) p120 n919               c                     
NV_NVDLA_CMAC_CORE_MAC_mul_198           c658(0) p120 n919               c                     
NV_NVDLA_CMAC_CORE_MAC_mul_199           c655(0) p120 n916               c                     
NV_NVDLA_CMAC_CORE_MAC_mul_2             c648(0) p120 n909               c                     
NV_NVDLA_CMAC_CORE_MAC_mul_20            c645(0) p120 n906               c                     
NV_NVDLA_CMAC_CORE_MAC_mul_200           c642(0) p120 n903               c                     
NV_NVDLA_CMAC_CORE_MAC_mul_201           c645(0) p120 n906               c                     
NV_NVDLA_CMAC_CORE_MAC_mul_202           c647(0) p120 n908               c                     
NV_NVDLA_CMAC_CORE_MAC_mul_203           c645(0) p120 n906               c                     
NV_NVDLA_CMAC_CORE_MAC_mul_204           c643(0) p120 n904               c                     
NV_NVDLA_CMAC_CORE_MAC_mul_205           c643(0) p120 n904               c                     
NV_NVDLA_CMAC_CORE_MAC_mul_206           c640(0) p120 n901               c                     
NV_NVDLA_CMAC_CORE_MAC_mul_207           c641(0) p120 n902               c                     
NV_NVDLA_CMAC_CORE_MAC_mul_208           c651(0) p121 n913               c                     
NV_NVDLA_CMAC_CORE_MAC_mul_209           c652(0) p122 n915               c                     
NV_NVDLA_CMAC_CORE_MAC_mul_21            c645(0) p120 n906               c                     
NV_NVDLA_CMAC_CORE_MAC_mul_210           c654(0) p121 n916               c                     
NV_NVDLA_CMAC_CORE_MAC_mul_211           c653(0) p121 n915               c                     
NV_NVDLA_CMAC_CORE_MAC_mul_212           c653(0) p120 n914               c                     
NV_NVDLA_CMAC_CORE_MAC_mul_213           c653(0) p121 n914               c                     
NV_NVDLA_CMAC_CORE_MAC_mul_214           c653(0) p121 n915               c                     
NV_NVDLA_CMAC_CORE_MAC_mul_215           c654(0) p121 n915               c                     
NV_NVDLA_CMAC_CORE_MAC_mul_216           c644(0) p120 n905               c                     
NV_NVDLA_CMAC_CORE_MAC_mul_217           c646(0) p120 n907               c                     
NV_NVDLA_CMAC_CORE_MAC_mul_218           c643(0) p120 n904               c                     
NV_NVDLA_CMAC_CORE_MAC_mul_219           c640(0) p120 n901               c                     
NV_NVDLA_CMAC_CORE_MAC_mul_22            c646(0) p120 n907               c                     
NV_NVDLA_CMAC_CORE_MAC_mul_220           c642(0) p120 n903               c                     
NV_NVDLA_CMAC_CORE_MAC_mul_221           c643(0) p120 n904               c                     
NV_NVDLA_CMAC_CORE_MAC_mul_222           c645(0) p120 n906               c                     
NV_NVDLA_CMAC_CORE_MAC_mul_223           c642(0) p120 n903               c                     
NV_NVDLA_CMAC_CORE_MAC_mul_224           c643(0) p120 n904               c                     
NV_NVDLA_CMAC_CORE_MAC_mul_225           c643(0) p120 n904               c                     
NV_NVDLA_CMAC_CORE_MAC_mul_226           c642(0) p120 n903               c                     
NV_NVDLA_CMAC_CORE_MAC_mul_227           c643(0) p120 n904               c                     
NV_NVDLA_CMAC_CORE_MAC_mul_228           c651(0) p120 n912               c                     
NV_NVDLA_CMAC_CORE_MAC_mul_229           c649(0) p120 n910               c                     
NV_NVDLA_CMAC_CORE_MAC_mul_23            c644(0) p120 n905               c                     
NV_NVDLA_CMAC_CORE_MAC_mul_230           c647(0) p120 n908               c                     
NV_NVDLA_CMAC_CORE_MAC_mul_231           c646(0) p120 n907               c                     
NV_NVDLA_CMAC_CORE_MAC_mul_232           c647(0) p120 n908               c                     
NV_NVDLA_CMAC_CORE_MAC_mul_233           c652(0) p120 n913               c                     
NV_NVDLA_CMAC_CORE_MAC_mul_234           c648(0) p120 n909               c                     
NV_NVDLA_CMAC_CORE_MAC_mul_235           c646(0) p120 n907               c                     
NV_NVDLA_CMAC_CORE_MAC_mul_236           c645(0) p120 n906               c                     
NV_NVDLA_CMAC_CORE_MAC_mul_237           c646(0) p120 n907               c                     
NV_NVDLA_CMAC_CORE_MAC_mul_238           c646(0) p120 n907               c                     
NV_NVDLA_CMAC_CORE_MAC_mul_239           c650(0) p120 n911               c                     
NV_NVDLA_CMAC_CORE_MAC_mul_24            c649(0) p120 n910               c                     
NV_NVDLA_CMAC_CORE_MAC_mul_240           c657(0) p120 n918               c                     
NV_NVDLA_CMAC_CORE_MAC_mul_241           c650(0) p120 n911               c                     
NV_NVDLA_CMAC_CORE_MAC_mul_242           c657(0) p120 n918               c                     
NV_NVDLA_CMAC_CORE_MAC_mul_243           c655(0) p120 n916               c                     
NV_NVDLA_CMAC_CORE_MAC_mul_244           c653(0) p120 n914               c                     
NV_NVDLA_CMAC_CORE_MAC_mul_245           c658(0) p120 n919               c                     
NV_NVDLA_CMAC_CORE_MAC_mul_246           c658(0) p120 n919               c                     
NV_NVDLA_CMAC_CORE_MAC_mul_247           c656(0) p120 n917               c                     
NV_NVDLA_CMAC_CORE_MAC_mul_248           c642(0) p120 n903               c                     
NV_NVDLA_CMAC_CORE_MAC_mul_249           c644(0) p120 n905               c                     
NV_NVDLA_CMAC_CORE_MAC_mul_25            c647(0) p120 n908               c                     
NV_NVDLA_CMAC_CORE_MAC_mul_250           c641(0) p120 n902               c                     
NV_NVDLA_CMAC_CORE_MAC_mul_251           c646(0) p120 n907               c                     
NV_NVDLA_CMAC_CORE_MAC_mul_252           c652(0) p120 n913               c                     
NV_NVDLA_CMAC_CORE_MAC_mul_253           c649(0) p120 n910               c                     
NV_NVDLA_CMAC_CORE_MAC_mul_254           c650(0) p120 n911               c                     
NV_NVDLA_CMAC_CORE_MAC_mul_255           c645(0) p120 n906               c                     
NV_NVDLA_CMAC_CORE_MAC_mul_256           c650(0) p120 n911               c                     
NV_NVDLA_CMAC_CORE_MAC_mul_257           c647(0) p120 n908               c                     
NV_NVDLA_CMAC_CORE_MAC_mul_258           c654(0) p120 n915               c                     
NV_NVDLA_CMAC_CORE_MAC_mul_259           c646(0) p120 n907               c                     
NV_NVDLA_CMAC_CORE_MAC_mul_26            c646(0) p120 n907               c                     
NV_NVDLA_CMAC_CORE_MAC_mul_260           c659(0) p120 n920               c                     
NV_NVDLA_CMAC_CORE_MAC_mul_261           c656(0) p120 n917               c                     
NV_NVDLA_CMAC_CORE_MAC_mul_262           c651(0) p120 n912               c                     
NV_NVDLA_CMAC_CORE_MAC_mul_263           c655(0) p120 n916               c                     
NV_NVDLA_CMAC_CORE_MAC_mul_264           c649(0) p120 n910               c                     
NV_NVDLA_CMAC_CORE_MAC_mul_265           c647(0) p120 n908               c                     
NV_NVDLA_CMAC_CORE_MAC_mul_266           c647(0) p120 n908               c                     
NV_NVDLA_CMAC_CORE_MAC_mul_267           c649(0) p120 n910               c                     
NV_NVDLA_CMAC_CORE_MAC_mul_268           c644(0) p120 n905               c                     
NV_NVDLA_CMAC_CORE_MAC_mul_269           c649(0) p120 n910               c                     
NV_NVDLA_CMAC_CORE_MAC_mul_27            c649(0) p120 n910               c                     
NV_NVDLA_CMAC_CORE_MAC_mul_270           c642(0) p120 n903               c                     
NV_NVDLA_CMAC_CORE_MAC_mul_271           c641(0) p120 n902               c                     
NV_NVDLA_CMAC_CORE_MAC_mul_272           c662(0) p120 n923               c                     
NV_NVDLA_CMAC_CORE_MAC_mul_273           c659(0) p120 n920               c                     
NV_NVDLA_CMAC_CORE_MAC_mul_274           c657(0) p120 n918               c                     
NV_NVDLA_CMAC_CORE_MAC_mul_275           c656(0) p120 n917               c                     
NV_NVDLA_CMAC_CORE_MAC_mul_276           c646(0) p120 n907               c                     
NV_NVDLA_CMAC_CORE_MAC_mul_277           c645(0) p120 n906               c                     
NV_NVDLA_CMAC_CORE_MAC_mul_278           c645(0) p120 n906               c                     
NV_NVDLA_CMAC_CORE_MAC_mul_279           c643(0) p120 n904               c                     
NV_NVDLA_CMAC_CORE_MAC_mul_28            c645(0) p120 n906               c                     
NV_NVDLA_CMAC_CORE_MAC_mul_280           c649(0) p120 n910               c                     
NV_NVDLA_CMAC_CORE_MAC_mul_281           c650(0) p120 n911               c                     
NV_NVDLA_CMAC_CORE_MAC_mul_282           c653(0) p120 n914               c                     
NV_NVDLA_CMAC_CORE_MAC_mul_283           c646(0) p120 n907               c                     
NV_NVDLA_CMAC_CORE_MAC_mul_284           c651(0) p120 n912               c                     
NV_NVDLA_CMAC_CORE_MAC_mul_285           c651(0) p120 n912               c                     
NV_NVDLA_CMAC_CORE_MAC_mul_286           c652(0) p120 n913               c                     
NV_NVDLA_CMAC_CORE_MAC_mul_287           c650(0) p120 n911               c                     
NV_NVDLA_CMAC_CORE_MAC_mul_288           c643(0) p120 n904               c                     
NV_NVDLA_CMAC_CORE_MAC_mul_289           c642(0) p120 n903               c                     
NV_NVDLA_CMAC_CORE_MAC_mul_29            c648(0) p120 n909               c                     
NV_NVDLA_CMAC_CORE_MAC_mul_290           c645(0) p120 n906               c                     
NV_NVDLA_CMAC_CORE_MAC_mul_291           c644(0) p120 n905               c                     
NV_NVDLA_CMAC_CORE_MAC_mul_292           c651(0) p120 n912               c                     
NV_NVDLA_CMAC_CORE_MAC_mul_293           c655(0) p120 n916               c                     
NV_NVDLA_CMAC_CORE_MAC_mul_294           c660(0) p120 n921               c                     
NV_NVDLA_CMAC_CORE_MAC_mul_295           c649(0) p120 n910               c                     
NV_NVDLA_CMAC_CORE_MAC_mul_296           c658(0) p120 n919               c                     
NV_NVDLA_CMAC_CORE_MAC_mul_297           c652(0) p120 n913               c                     
NV_NVDLA_CMAC_CORE_MAC_mul_298           c650(0) p120 n911               c                     
NV_NVDLA_CMAC_CORE_MAC_mul_299           c656(0) p120 n917               c                     
NV_NVDLA_CMAC_CORE_MAC_mul_3             c644(0) p120 n905               c                     
NV_NVDLA_CMAC_CORE_MAC_mul_30            c643(0) p120 n904               c                     
NV_NVDLA_CMAC_CORE_MAC_mul_300           c648(0) p120 n909               c                     
NV_NVDLA_CMAC_CORE_MAC_mul_301           c650(0) p120 n911               c                     
NV_NVDLA_CMAC_CORE_MAC_mul_302           c652(0) p120 n913               c                     
NV_NVDLA_CMAC_CORE_MAC_mul_303           c651(0) p120 n912               c                     
NV_NVDLA_CMAC_CORE_MAC_mul_304           c642(0) p120 n903               c                     
NV_NVDLA_CMAC_CORE_MAC_mul_305           c646(0) p120 n907               c                     
NV_NVDLA_CMAC_CORE_MAC_mul_306           c654(0) p120 n915               c                     
NV_NVDLA_CMAC_CORE_MAC_mul_307           c652(0) p120 n913               c                     
NV_NVDLA_CMAC_CORE_MAC_mul_308           c660(0) p120 n921               c                     
NV_NVDLA_CMAC_CORE_MAC_mul_309           c658(0) p120 n919               c                     
NV_NVDLA_CMAC_CORE_MAC_mul_31            c647(0) p120 n908               c                     
NV_NVDLA_CMAC_CORE_MAC_mul_310           c658(0) p120 n919               c                     
NV_NVDLA_CMAC_CORE_MAC_mul_311           c656(0) p122 n919               c                     
NV_NVDLA_CMAC_CORE_MAC_mul_312           c642(0) p120 n903               c                     
NV_NVDLA_CMAC_CORE_MAC_mul_313           c644(0) p120 n905               c                     
NV_NVDLA_CMAC_CORE_MAC_mul_314           c642(0) p120 n903               c                     
NV_NVDLA_CMAC_CORE_MAC_mul_315           c646(0) p120 n907               c                     
NV_NVDLA_CMAC_CORE_MAC_mul_316           c642(0) p120 n903               c                     
NV_NVDLA_CMAC_CORE_MAC_mul_317           c645(0) p120 n906               c                     
NV_NVDLA_CMAC_CORE_MAC_mul_318           c644(0) p120 n905               c                     
NV_NVDLA_CMAC_CORE_MAC_mul_319           c641(0) p120 n902               c                     
NV_NVDLA_CMAC_CORE_MAC_mul_32            c649(0) p120 n910               c                     
NV_NVDLA_CMAC_CORE_MAC_mul_320           c646(0) p120 n907               c                     
NV_NVDLA_CMAC_CORE_MAC_mul_321           c645(0) p120 n906               c                     
NV_NVDLA_CMAC_CORE_MAC_mul_322           c643(0) p120 n904               c                     
NV_NVDLA_CMAC_CORE_MAC_mul_323           c651(0) p120 n912               c                     
NV_NVDLA_CMAC_CORE_MAC_mul_324           c654(0) p121 n916               c                     
NV_NVDLA_CMAC_CORE_MAC_mul_325           c656(0) p121 n918               c                     
NV_NVDLA_CMAC_CORE_MAC_mul_326           c655(0) p121 n917               c                     
NV_NVDLA_CMAC_CORE_MAC_mul_327           c654(0) p121 n916               c                     
NV_NVDLA_CMAC_CORE_MAC_mul_328           c653(0) p120 n914               c                     
NV_NVDLA_CMAC_CORE_MAC_mul_329           c653(0) p120 n914               c                     
NV_NVDLA_CMAC_CORE_MAC_mul_33            c647(0) p120 n908               c                     
NV_NVDLA_CMAC_CORE_MAC_mul_330           c654(0) p120 n915               c                     
NV_NVDLA_CMAC_CORE_MAC_mul_331           c655(0) p120 n916               c                     
NV_NVDLA_CMAC_CORE_MAC_mul_332           c650(0) p120 n911               c                     
NV_NVDLA_CMAC_CORE_MAC_mul_333           c650(0) p120 n911               c                     
NV_NVDLA_CMAC_CORE_MAC_mul_334           c648(0) p120 n909               c                     
NV_NVDLA_CMAC_CORE_MAC_mul_335           c649(0) p120 n910               c                     
NV_NVDLA_CMAC_CORE_MAC_mul_336           c640(0) p120 n901               c                     
NV_NVDLA_CMAC_CORE_MAC_mul_337           c641(0) p120 n902               c                     
NV_NVDLA_CMAC_CORE_MAC_mul_338           c643(0) p120 n904               c                     
NV_NVDLA_CMAC_CORE_MAC_mul_339           c643(0) p120 n904               c                     
NV_NVDLA_CMAC_CORE_MAC_mul_34            c646(0) p120 n907               c                     
NV_NVDLA_CMAC_CORE_MAC_mul_340           c649(0) p120 n910               c                     
NV_NVDLA_CMAC_CORE_MAC_mul_341           c645(0) p120 n906               c                     
NV_NVDLA_CMAC_CORE_MAC_mul_342           c644(0) p120 n905               c                     
NV_NVDLA_CMAC_CORE_MAC_mul_343           c644(0) p120 n905               c                     
NV_NVDLA_CMAC_CORE_MAC_mul_344           c651(0) p120 n912               c                     
NV_NVDLA_CMAC_CORE_MAC_mul_345           c650(0) p120 n911               c                     
NV_NVDLA_CMAC_CORE_MAC_mul_346           c652(0) p120 n913               c                     
NV_NVDLA_CMAC_CORE_MAC_mul_347           c650(0) p120 n911               c                     
NV_NVDLA_CMAC_CORE_MAC_mul_348           c644(0) p120 n905               c                     
NV_NVDLA_CMAC_CORE_MAC_mul_349           c644(0) p120 n905               c                     
NV_NVDLA_CMAC_CORE_MAC_mul_35            c645(0) p120 n906               c                     
NV_NVDLA_CMAC_CORE_MAC_mul_350           c645(0) p120 n906               c                     
NV_NVDLA_CMAC_CORE_MAC_mul_351           c642(0) p120 n903               c                     
NV_NVDLA_CMAC_CORE_MAC_mul_352           c643(0) p120 n904               c                     
NV_NVDLA_CMAC_CORE_MAC_mul_353           c644(0) p120 n905               c                     
NV_NVDLA_CMAC_CORE_MAC_mul_354           c643(0) p120 n904               c                     
NV_NVDLA_CMAC_CORE_MAC_mul_355           c642(0) p120 n903               c                     
NV_NVDLA_CMAC_CORE_MAC_mul_356           c644(0) p120 n905               c                     
NV_NVDLA_CMAC_CORE_MAC_mul_357           c647(0) p120 n908               c                     
NV_NVDLA_CMAC_CORE_MAC_mul_358           c641(0) p120 n902               c                     
NV_NVDLA_CMAC_CORE_MAC_mul_359           c642(0) p120 n903               c                     
NV_NVDLA_CMAC_CORE_MAC_mul_36            c655(0) p120 n916               c                     
NV_NVDLA_CMAC_CORE_MAC_mul_360           c655(0) p120 n916               c                     
NV_NVDLA_CMAC_CORE_MAC_mul_361           c656(0) p120 n917               c                     
NV_NVDLA_CMAC_CORE_MAC_mul_362           c659(0) p120 n920               c                     
NV_NVDLA_CMAC_CORE_MAC_mul_363           c657(0) p120 n918               c                     
NV_NVDLA_CMAC_CORE_MAC_mul_364           c643(0) p120 n904               c                     
NV_NVDLA_CMAC_CORE_MAC_mul_365           c646(0) p120 n907               c                     
NV_NVDLA_CMAC_CORE_MAC_mul_366           c646(0) p120 n907               c                     
NV_NVDLA_CMAC_CORE_MAC_mul_367           c644(0) p120 n905               c                     
NV_NVDLA_CMAC_CORE_MAC_mul_368           c658(0) p120 n919               c                     
NV_NVDLA_CMAC_CORE_MAC_mul_369           c661(0) p120 n922               c                     
NV_NVDLA_CMAC_CORE_MAC_mul_37            c651(0) p120 n912               c                     
NV_NVDLA_CMAC_CORE_MAC_mul_370           c650(0) p120 n911               c                     
NV_NVDLA_CMAC_CORE_MAC_mul_371           c654(0) p120 n915               c                     
NV_NVDLA_CMAC_CORE_MAC_mul_372           c642(0) p120 n903               c                     
NV_NVDLA_CMAC_CORE_MAC_mul_373           c643(0) p120 n904               c                     
NV_NVDLA_CMAC_CORE_MAC_mul_374           c641(0) p120 n902               c                     
NV_NVDLA_CMAC_CORE_MAC_mul_375           c646(0) p120 n907               c                     
NV_NVDLA_CMAC_CORE_MAC_mul_376           c653(0) p120 n914               c                     
NV_NVDLA_CMAC_CORE_MAC_mul_377           c650(0) p120 n911               c                     
NV_NVDLA_CMAC_CORE_MAC_mul_378           c649(0) p120 n910               c                     
NV_NVDLA_CMAC_CORE_MAC_mul_379           c650(0) p120 n911               c                     
NV_NVDLA_CMAC_CORE_MAC_mul_38            c655(0) p120 n916               c                     
NV_NVDLA_CMAC_CORE_MAC_mul_380           c644(0) p120 n905               c                     
NV_NVDLA_CMAC_CORE_MAC_mul_381           c647(0) p120 n908               c                     
NV_NVDLA_CMAC_CORE_MAC_mul_382           c643(0) p120 n904               c                     
NV_NVDLA_CMAC_CORE_MAC_mul_383           c644(0) p120 n905               c                     
NV_NVDLA_CMAC_CORE_MAC_mul_384           c656(0) p121 n918               c                     
NV_NVDLA_CMAC_CORE_MAC_mul_385           c659(0) p120 n920               c                     
NV_NVDLA_CMAC_CORE_MAC_mul_386           c656(0) p120 n917               c                     
NV_NVDLA_CMAC_CORE_MAC_mul_387           c654(0) p120 n915               c                     
NV_NVDLA_CMAC_CORE_MAC_mul_388           c643(0) p120 n904               c                     
NV_NVDLA_CMAC_CORE_MAC_mul_389           c646(0) p120 n907               c                     
NV_NVDLA_CMAC_CORE_MAC_mul_39            c655(0) p120 n916               c                     
NV_NVDLA_CMAC_CORE_MAC_mul_390           c647(0) p120 n908               c                     
NV_NVDLA_CMAC_CORE_MAC_mul_391           c646(0) p120 n907               c                     
NV_NVDLA_CMAC_CORE_MAC_mul_392           c658(0) p120 n919               c                     
NV_NVDLA_CMAC_CORE_MAC_mul_393           c656(0) p120 n917               c                     
NV_NVDLA_CMAC_CORE_MAC_mul_394           c659(0) p120 n920               c                     
NV_NVDLA_CMAC_CORE_MAC_mul_395           c657(0) p120 n918               c                     
NV_NVDLA_CMAC_CORE_MAC_mul_396           c648(0) p120 n909               c                     
NV_NVDLA_CMAC_CORE_MAC_mul_397           c654(0) p120 n915               c                     
NV_NVDLA_CMAC_CORE_MAC_mul_398           c652(0) p120 n913               c                     
NV_NVDLA_CMAC_CORE_MAC_mul_399           c647(0) p120 n908               c                     
NV_NVDLA_CMAC_CORE_MAC_mul_4             c644(0) p120 n905               c                     
NV_NVDLA_CMAC_CORE_MAC_mul_40            c650(0) p120 n911               c                     
NV_NVDLA_CMAC_CORE_MAC_mul_400           c650(0) p120 n911               c                     
NV_NVDLA_CMAC_CORE_MAC_mul_401           c644(0) p120 n905               c                     
NV_NVDLA_CMAC_CORE_MAC_mul_402           c654(0) p120 n915               c                     
NV_NVDLA_CMAC_CORE_MAC_mul_403           c646(0) p120 n907               c                     
NV_NVDLA_CMAC_CORE_MAC_mul_404           c650(0) p120 n911               c                     
NV_NVDLA_CMAC_CORE_MAC_mul_405           c654(0) p120 n915               c                     
NV_NVDLA_CMAC_CORE_MAC_mul_406           c652(0) p120 n913               c                     
NV_NVDLA_CMAC_CORE_MAC_mul_407           c653(0) p120 n914               c                     
NV_NVDLA_CMAC_CORE_MAC_mul_408           c654(0) p120 n915               c                     
NV_NVDLA_CMAC_CORE_MAC_mul_409           c649(0) p120 n910               c                     
NV_NVDLA_CMAC_CORE_MAC_mul_41            c652(0) p120 n913               c                     
NV_NVDLA_CMAC_CORE_MAC_mul_410           c649(0) p120 n910               c                     
NV_NVDLA_CMAC_CORE_MAC_mul_411           c648(0) p120 n909               c                     
NV_NVDLA_CMAC_CORE_MAC_mul_412           c645(0) p120 n906               c                     
NV_NVDLA_CMAC_CORE_MAC_mul_413           c646(0) p120 n907               c                     
NV_NVDLA_CMAC_CORE_MAC_mul_414           c645(0) p120 n906               c                     
NV_NVDLA_CMAC_CORE_MAC_mul_415           c645(0) p120 n906               c                     
NV_NVDLA_CMAC_CORE_MAC_mul_416           c646(0) p120 n907               c                     
NV_NVDLA_CMAC_CORE_MAC_mul_417           c646(0) p120 n907               c                     
NV_NVDLA_CMAC_CORE_MAC_mul_418           c646(0) p120 n907               c                     
NV_NVDLA_CMAC_CORE_MAC_mul_419           c644(0) p120 n905               c                     
NV_NVDLA_CMAC_CORE_MAC_mul_42            c650(0) p120 n911               c                     
NV_NVDLA_CMAC_CORE_MAC_mul_420           c643(0) p120 n904               c                     
NV_NVDLA_CMAC_CORE_MAC_mul_421           c644(0) p120 n905               c                     
NV_NVDLA_CMAC_CORE_MAC_mul_422           c643(0) p120 n904               c                     
NV_NVDLA_CMAC_CORE_MAC_mul_423           c645(0) p120 n906               c                     
NV_NVDLA_CMAC_CORE_MAC_mul_424           c643(0) p120 n904               c                     
NV_NVDLA_CMAC_CORE_MAC_mul_425           c647(0) p120 n908               c                     
NV_NVDLA_CMAC_CORE_MAC_mul_426           c643(0) p120 n904               c                     
NV_NVDLA_CMAC_CORE_MAC_mul_427           c646(0) p120 n907               c                     
NV_NVDLA_CMAC_CORE_MAC_mul_428           c648(0) p120 n909               c                     
NV_NVDLA_CMAC_CORE_MAC_mul_429           c647(0) p120 n908               c                     
NV_NVDLA_CMAC_CORE_MAC_mul_43            c651(0) p120 n912               c                     
NV_NVDLA_CMAC_CORE_MAC_mul_430           c648(0) p120 n909               c                     
NV_NVDLA_CMAC_CORE_MAC_mul_431           c649(0) p120 n910               c                     
NV_NVDLA_CMAC_CORE_MAC_mul_432           c652(0) p120 n913               c                     
NV_NVDLA_CMAC_CORE_MAC_mul_433           c648(0) p120 n909               c                     
NV_NVDLA_CMAC_CORE_MAC_mul_434           c648(0) p120 n909               c                     
NV_NVDLA_CMAC_CORE_MAC_mul_435           c653(0) p120 n914               c                     
NV_NVDLA_CMAC_CORE_MAC_mul_436           c649(0) p120 n910               c                     
NV_NVDLA_CMAC_CORE_MAC_mul_437           c653(0) p120 n914               c                     
NV_NVDLA_CMAC_CORE_MAC_mul_438           c644(0) p120 n905               c                     
NV_NVDLA_CMAC_CORE_MAC_mul_439           c653(0) p120 n914               c                     
NV_NVDLA_CMAC_CORE_MAC_mul_44            c651(0) p120 n912               c                     
NV_NVDLA_CMAC_CORE_MAC_mul_440           c647(0) p120 n908               c                     
NV_NVDLA_CMAC_CORE_MAC_mul_441           c648(0) p120 n909               c                     
NV_NVDLA_CMAC_CORE_MAC_mul_442           c644(0) p120 n905               c                     
NV_NVDLA_CMAC_CORE_MAC_mul_443           c650(0) p120 n911               c                     
NV_NVDLA_CMAC_CORE_MAC_mul_444           c647(0) p120 n908               c                     
NV_NVDLA_CMAC_CORE_MAC_mul_445           c643(0) p120 n904               c                     
NV_NVDLA_CMAC_CORE_MAC_mul_446           c648(0) p120 n909               c                     
NV_NVDLA_CMAC_CORE_MAC_mul_447           c644(0) p120 n905               c                     
NV_NVDLA_CMAC_CORE_MAC_mul_448           c651(0) p121 n913               c                     
NV_NVDLA_CMAC_CORE_MAC_mul_449           c652(0) p121 n914               c                     
NV_NVDLA_CMAC_CORE_MAC_mul_45            c649(0) p120 n910               c                     
NV_NVDLA_CMAC_CORE_MAC_mul_450           c650(0) p121 n912               c                     
NV_NVDLA_CMAC_CORE_MAC_mul_451           c650(0) p121 n912               c                     
NV_NVDLA_CMAC_CORE_MAC_mul_452           c647(0) p120 n908               c                     
NV_NVDLA_CMAC_CORE_MAC_mul_453           c655(0) p120 n916               c                     
NV_NVDLA_CMAC_CORE_MAC_mul_454           c649(0) p120 n910               c                     
NV_NVDLA_CMAC_CORE_MAC_mul_455           c653(0) p120 n914               c                     
NV_NVDLA_CMAC_CORE_MAC_mul_456           c652(0) p121 n914               c                     
NV_NVDLA_CMAC_CORE_MAC_mul_457           c652(0) p121 n914               c                     
NV_NVDLA_CMAC_CORE_MAC_mul_458           c650(0) p121 n912               c                     
NV_NVDLA_CMAC_CORE_MAC_mul_459           c650(0) p121 n912               c                     
NV_NVDLA_CMAC_CORE_MAC_mul_46            c648(0) p120 n909               c                     
NV_NVDLA_CMAC_CORE_MAC_mul_460           c651(0) p121 n913               c                     
NV_NVDLA_CMAC_CORE_MAC_mul_461           c652(0) p121 n914               c                     
NV_NVDLA_CMAC_CORE_MAC_mul_462           c656(0) p120 n917               c                     
NV_NVDLA_CMAC_CORE_MAC_mul_463           c652(0) p120 n913               c                     
NV_NVDLA_CMAC_CORE_MAC_mul_464           c647(0) p120 n908               c                     
NV_NVDLA_CMAC_CORE_MAC_mul_465           c645(0) p120 n906               c                     
NV_NVDLA_CMAC_CORE_MAC_mul_466           c642(0) p120 n903               c                     
NV_NVDLA_CMAC_CORE_MAC_mul_467           c649(0) p120 n910               c                     
NV_NVDLA_CMAC_CORE_MAC_mul_468           c647(0) p120 n908               c                     
NV_NVDLA_CMAC_CORE_MAC_mul_469           c648(0) p120 n909               c                     
NV_NVDLA_CMAC_CORE_MAC_mul_47            c651(0) p120 n912               c                     
NV_NVDLA_CMAC_CORE_MAC_mul_470           c645(0) p120 n906               c                     
NV_NVDLA_CMAC_CORE_MAC_mul_471           c648(0) p120 n909               c                     
NV_NVDLA_CMAC_CORE_MAC_mul_472           c649(0) p120 n910               c                     
NV_NVDLA_CMAC_CORE_MAC_mul_473           c647(0) p120 n908               c                     
NV_NVDLA_CMAC_CORE_MAC_mul_474           c647(0) p120 n908               c                     
NV_NVDLA_CMAC_CORE_MAC_mul_475           c649(0) p120 n910               c                     
NV_NVDLA_CMAC_CORE_MAC_mul_476           c650(0) p120 n911               c                     
NV_NVDLA_CMAC_CORE_MAC_mul_477           c646(0) p120 n907               c                     
NV_NVDLA_CMAC_CORE_MAC_mul_478           c649(0) p120 n910               c                     
NV_NVDLA_CMAC_CORE_MAC_mul_479           c647(0) p120 n908               c                     
NV_NVDLA_CMAC_CORE_MAC_mul_48            c647(0) p120 n908               c                     
NV_NVDLA_CMAC_CORE_MAC_mul_480           c647(0) p120 n908               c                     
NV_NVDLA_CMAC_CORE_MAC_mul_481           c651(0) p120 n912               c                     
NV_NVDLA_CMAC_CORE_MAC_mul_482           c650(0) p120 n911               c                     
NV_NVDLA_CMAC_CORE_MAC_mul_483           c653(0) p120 n914               c                     
NV_NVDLA_CMAC_CORE_MAC_mul_484           c657(0) p120 n918               c                     
NV_NVDLA_CMAC_CORE_MAC_mul_485           c653(0) p120 n914               c                     
NV_NVDLA_CMAC_CORE_MAC_mul_486           c650(0) p120 n911               c                     
NV_NVDLA_CMAC_CORE_MAC_mul_487           c657(0) p120 n918               c                     
NV_NVDLA_CMAC_CORE_MAC_mul_488           c646(0) p120 n907               c                     
NV_NVDLA_CMAC_CORE_MAC_mul_489           c643(0) p120 n904               c                     
NV_NVDLA_CMAC_CORE_MAC_mul_49            c652(0) p120 n913               c                     
NV_NVDLA_CMAC_CORE_MAC_mul_490           c644(0) p120 n905               c                     
NV_NVDLA_CMAC_CORE_MAC_mul_491           c646(0) p120 n907               c                     
NV_NVDLA_CMAC_CORE_MAC_mul_492           c649(0) p120 n910               c                     
NV_NVDLA_CMAC_CORE_MAC_mul_493           c646(0) p120 n907               c                     
NV_NVDLA_CMAC_CORE_MAC_mul_494           c649(0) p120 n910               c                     
NV_NVDLA_CMAC_CORE_MAC_mul_495           c647(0) p120 n908               c                     
NV_NVDLA_CMAC_CORE_MAC_mul_496           c651(0) p120 n912               c                     
NV_NVDLA_CMAC_CORE_MAC_mul_497           c654(0) p120 n915               c                     
NV_NVDLA_CMAC_CORE_MAC_mul_498           c653(0) p120 n914               c                     
NV_NVDLA_CMAC_CORE_MAC_mul_499           c649(0) p120 n910               c                     
NV_NVDLA_CMAC_CORE_MAC_mul_5             c653(0) p120 n914               c                     
NV_NVDLA_CMAC_CORE_MAC_mul_50            c647(0) p120 n908               c                     
NV_NVDLA_CMAC_CORE_MAC_mul_500           c655(0) p120 n916               c                     
NV_NVDLA_CMAC_CORE_MAC_mul_501           c650(0) p120 n911               c                     
NV_NVDLA_CMAC_CORE_MAC_mul_502           c648(0) p120 n909               c                     
NV_NVDLA_CMAC_CORE_MAC_mul_503           c649(0) p120 n910               c                     
NV_NVDLA_CMAC_CORE_MAC_mul_504           c643(0) p120 n904               c                     
NV_NVDLA_CMAC_CORE_MAC_mul_505           c645(0) p120 n906               c                     
NV_NVDLA_CMAC_CORE_MAC_mul_506           c648(0) p120 n909               c                     
NV_NVDLA_CMAC_CORE_MAC_mul_507           c651(0) p120 n912               c                     
NV_NVDLA_CMAC_CORE_MAC_mul_508           c649(0) p120 n910               c                     
NV_NVDLA_CMAC_CORE_MAC_mul_509           c650(0) p120 n911               c                     
NV_NVDLA_CMAC_CORE_MAC_mul_51            c650(0) p120 n911               c                     
NV_NVDLA_CMAC_CORE_MAC_mul_510           c646(0) p120 n907               c                     
NV_NVDLA_CMAC_CORE_MAC_mul_511           c649(0) p120 n910               c                     
NV_NVDLA_CMAC_CORE_MAC_mul_52            c647(0) p120 n908               c                     
NV_NVDLA_CMAC_CORE_MAC_mul_53            c644(0) p120 n905               c                     
NV_NVDLA_CMAC_CORE_MAC_mul_54            c645(0) p120 n906               c                     
NV_NVDLA_CMAC_CORE_MAC_mul_55            c647(0) p120 n908               c                     
NV_NVDLA_CMAC_CORE_MAC_mul_56            c647(0) p120 n908               c                     
NV_NVDLA_CMAC_CORE_MAC_mul_57            c648(0) p120 n909               c                     
NV_NVDLA_CMAC_CORE_MAC_mul_58            c646(0) p120 n907               c                     
NV_NVDLA_CMAC_CORE_MAC_mul_59            c650(0) p120 n911               c                     
NV_NVDLA_CMAC_CORE_MAC_mul_6             c647(0) p122 n910               c                     
NV_NVDLA_CMAC_CORE_MAC_mul_60            c647(0) p120 n908               c                     
NV_NVDLA_CMAC_CORE_MAC_mul_61            c648(0) p120 n909               c                     
NV_NVDLA_CMAC_CORE_MAC_mul_62            c645(0) p120 n906               c                     
NV_NVDLA_CMAC_CORE_MAC_mul_63            c644(0) p120 n905               c                     
NV_NVDLA_CMAC_CORE_MAC_mul_64            c646(0) p120 n907               c                     
NV_NVDLA_CMAC_CORE_MAC_mul_65            c645(0) p120 n906               c                     
NV_NVDLA_CMAC_CORE_MAC_mul_66            c644(0) p120 n905               c                     
NV_NVDLA_CMAC_CORE_MAC_mul_67            c649(0) p120 n910               c                     
NV_NVDLA_CMAC_CORE_MAC_mul_68            c658(0) p120 n919               c                     
NV_NVDLA_CMAC_CORE_MAC_mul_69            c656(0) p122 n919               c                     
NV_NVDLA_CMAC_CORE_MAC_mul_7             c645(0) p120 n906               c                     
NV_NVDLA_CMAC_CORE_MAC_mul_70            c660(0) p120 n921               c                     
NV_NVDLA_CMAC_CORE_MAC_mul_71            c644(0) p120 n905               c                     
NV_NVDLA_CMAC_CORE_MAC_mul_72            c649(0) p120 n910               c                     
NV_NVDLA_CMAC_CORE_MAC_mul_73            c650(0) p120 n911               c                     
NV_NVDLA_CMAC_CORE_MAC_mul_74            c647(0) p120 n908               c                     
NV_NVDLA_CMAC_CORE_MAC_mul_75            c649(0) p120 n910               c                     
NV_NVDLA_CMAC_CORE_MAC_mul_76            c649(0) p120 n910               c                     
NV_NVDLA_CMAC_CORE_MAC_mul_77            c649(0) p120 n910               c                     
NV_NVDLA_CMAC_CORE_MAC_mul_78            c652(0) p120 n913               c                     
NV_NVDLA_CMAC_CORE_MAC_mul_79            c656(0) p120 n917               c                     
NV_NVDLA_CMAC_CORE_MAC_mul_8             c650(0) p120 n911               c                     
NV_NVDLA_CMAC_CORE_MAC_mul_80            c649(0) p120 n910               c                     
NV_NVDLA_CMAC_CORE_MAC_mul_81            c647(0) p120 n908               c                     
NV_NVDLA_CMAC_CORE_MAC_mul_82            c645(0) p120 n906               c                     
NV_NVDLA_CMAC_CORE_MAC_mul_83            c643(0) p120 n904               c                     
NV_NVDLA_CMAC_CORE_MAC_mul_84            c654(0) p120 n915               c                     
NV_NVDLA_CMAC_CORE_MAC_mul_85            c656(0) p120 n917               c                     
NV_NVDLA_CMAC_CORE_MAC_mul_86            c654(0) p120 n915               c                     
NV_NVDLA_CMAC_CORE_MAC_mul_87            c656(0) p120 n917               c                     
NV_NVDLA_CMAC_CORE_MAC_mul_88            c650(0) p120 n911               c                     
NV_NVDLA_CMAC_CORE_MAC_mul_89            c651(0) p120 n912               c                     
NV_NVDLA_CMAC_CORE_MAC_mul_9             c647(0) p120 n908               c                     
NV_NVDLA_CMAC_CORE_MAC_mul_90            c646(0) p120 n907               c                     
NV_NVDLA_CMAC_CORE_MAC_mul_91            c645(0) p120 n906               c                     
NV_NVDLA_CMAC_CORE_MAC_mul_92            c646(0) p120 n907               c                     
NV_NVDLA_CMAC_CORE_MAC_mul_93            c645(0) p120 n906               c                     
NV_NVDLA_CMAC_CORE_MAC_mul_94            c643(0) p120 n904               c                     
NV_NVDLA_CMAC_CORE_MAC_mul_95            c645(0) p120 n906               c                     
NV_NVDLA_CMAC_CORE_MAC_mul_96            c646(0) p120 n907               c                     
NV_NVDLA_CMAC_CORE_MAC_mul_97            c646(0) p120 n907               c                     
NV_NVDLA_CMAC_CORE_MAC_mul_98            c645(0) p120 n906               c                     
NV_NVDLA_CMAC_CORE_MAC_mul_99            c646(0) p120 n907               c                     
NV_NVDLA_CMAC_CORE_MAC_nan_0             c1885(0) p2193 n3426            c                     
NV_NVDLA_CMAC_CORE_MAC_nan_1             c1925(0) p2193 n3466            c                     
NV_NVDLA_CMAC_CORE_MAC_nan_2             c1985(0) p2193 n3526            c                     
NV_NVDLA_CMAC_CORE_MAC_nan_3             c2022(0) p2193 n3563            c                     
NV_NVDLA_CMAC_CORE_MAC_nan_4             c2159(0) p2193 n3700            c                     
NV_NVDLA_CMAC_CORE_MAC_nan_5             c2104(0) p2193 n3645            c                     
NV_NVDLA_CMAC_CORE_MAC_nan_6             c2020(0) p2193 n3561            c                     
NV_NVDLA_CMAC_CORE_MAC_nan_7             c1955(0) p2194 n3497            c                     
NV_NVDLA_CMAC_CORE_active                c104298(0) p27685 n123311       c                     
NV_NVDLA_CMAC_CORE_cfg                   c19(0) p21 n35                  c                     
NV_NVDLA_CMAC_CORE_mac_0                 c27854(0) p3360 n42584          c                     
NV_NVDLA_CMAC_CORE_mac_1                 c27660(0) p3358 n42386          c                     
NV_NVDLA_CMAC_CORE_mac_2                 c28833(0) p3427 n43628          c                     
NV_NVDLA_CMAC_CORE_mac_3                 c28605(0) p3440 n43412          c                     
NV_NVDLA_CMAC_CORE_mac_4                 c28572(0) p3561 n43499          c                     
NV_NVDLA_CMAC_CORE_mac_5                 c28898(0) p3440 n43710          c                     
NV_NVDLA_CMAC_CORE_mac_6                 c28381(0) p3449 n43199          c                     
NV_NVDLA_CMAC_CORE_mac_7                 c28271(0) p3469 n43115          c                     
NV_NVDLA_CMAC_CORE_rt_in                 c5004(0) p4652 n7333            c                     
NV_NVDLA_CMAC_CORE_rt_out                c3370(0) p2868 n4810            c                     
NV_NVDLA_CMAC_CORE_slcg_0                c3(0) p8 n6                     c                     
NV_NVDLA_CMAC_CORE_slcg_1                c3(0) p8 n6                     c                     
NV_NVDLA_CMAC_CORE_slcg_10               c3(0) p8 n6                     c                     
NV_NVDLA_CMAC_CORE_slcg_11               c3(0) p8 n6                     c                     
NV_NVDLA_CMAC_CORE_slcg_12               c3(0) p8 n6                     c                     
NV_NVDLA_CMAC_CORE_slcg_13               c3(0) p8 n6                     c                     
NV_NVDLA_CMAC_CORE_slcg_14               c3(0) p8 n6                     c                     
NV_NVDLA_CMAC_CORE_slcg_15               c3(0) p8 n6                     c                     
NV_NVDLA_CMAC_CORE_slcg_16               c3(0) p8 n6                     c                     
NV_NVDLA_CMAC_CORE_slcg_17               c3(0) p8 n6                     c                     
NV_NVDLA_CMAC_CORE_slcg_18               c3(0) p8 n6                     c                     
NV_NVDLA_CMAC_CORE_slcg_19               c3(0) p8 n6                     c                     
NV_NVDLA_CMAC_CORE_slcg_2                c3(0) p8 n6                     c                     
NV_NVDLA_CMAC_CORE_slcg_3                c3(0) p8 n6                     c                     
NV_NVDLA_CMAC_CORE_slcg_4                c3(0) p8 n6                     c                     
NV_NVDLA_CMAC_CORE_slcg_5                c3(0) p8 n6                     c                     
NV_NVDLA_CMAC_CORE_slcg_6                c3(0) p8 n6                     c                     
NV_NVDLA_CMAC_CORE_slcg_7                c3(0) p8 n6                     c                     
NV_NVDLA_CMAC_CORE_slcg_8                c3(0) p8 n6                     c                     
NV_NVDLA_CMAC_CORE_slcg_9                c3(0) p8 n6                     c                     
NV_NVDLA_CMAC_REG_dual_0                 c21(0) p84 n67                  c                     
NV_NVDLA_CMAC_REG_dual_1                 c21(0) p84 n67                  c                     
NV_NVDLA_CMAC_REG_single                 c16(0) p85 n63                  c                     
NV_NVDLA_CMAC_core                       c7139(0) p3780 n40885           c                     
NV_NVDLA_CMAC_reg                        c105(0) p118 n265               c                     
NV_NVDLA_cmac                            c9(0) p3863 n3931               c                     
NV_NVDLA_partition_m                     c69(0) p3864 n3931              c                     
NV_NVDLA_reset                           c3(0) p5 n7                     c                     
OR2D1                                    c2(0) p3 n3                     c                     
p_SSYNC2DO_C_PP                          c5(0) p4 n8                     c                     
sync_reset                               c6(0) p5 n11                    c                     


########################################################################################################
####    DESIGN LIBRARY - r:/WORK
########################################################################################################
Design Name                              Statistics                   Attributes     Verification status
-----------                              ----------                   ----------     -------------------
MUX2D4                                   c5(0) p4 n8                     c                     
MUX2HDD2                                 c5(0) p4 n8                     c                     
M_RTL_ADD_UNS_3                          c17(0) p11 n24                  c                     
M_RTL_ADD_UNS_4                          c22(0) p14 n31                  c                     
M_RTL_ADD_UNS_47                         c237(0) p143 n332               c                     
M_RTL_ADD_UNS_48                         c242(0) p146 n339               c                     
M_RTL_ADD_UNS_5                          c27(0) p17 n38                  c                     
M_RTL_ADD_UNS_6                          c32(0) p20 n45                  c                     
M_RTL_ADD_UNS_7                          c37(0) p23 n52                  c                     
M_RTL_EQ_1                               c3(0) p3 n5                     c                     
M_RTL_EQ_CONST_2_0                       c5(0) p3 n7                     c                     
M_RTL_EQ_CONST_2_1                       c4(0) p3 n6                     c                     
M_RTL_EQ_CONST_2_2                       c4(0) p3 n6                     c                     
M_RTL_EQ_CONST_32_00000000               c5(0) p33 n37                   c                     
M_RTL_EQ_CONST_32_00000004               c8(0) p33 n40                   c                     
M_RTL_EQ_CONST_32_00000008               c8(0) p33 n40                   c                     
M_RTL_EQ_CONST_32_0000000c               c9(0) p33 n41                   c                     
M_RTL_EQ_CONST_4_0                       c5(0) p5 n9                     c                     
M_RTL_EQ_CONST_4_1                       c4(0) p5 n8                     c                     
M_RTL_EQ_CONST_4_2                       c4(0) p5 n8                     c                     
M_RTL_EQ_CONST_4_3                       c5(0) p5 n9                     c                     
M_RTL_EQ_CONST_4_4                       c4(0) p5 n8                     c                     
M_RTL_EQ_CONST_4_5                       c5(0) p5 n9                     c                     
M_RTL_EQ_CONST_4_6                       c5(0) p5 n9                     c                     
M_RTL_EQ_CONST_4_7                       c5(0) p5 n9                     c                     
M_RTL_EQ_CONST_4_8                       c4(0) p5 n8                     c                     
M_RTL_EQ_CONST_4_9                       c5(0) p5 n9                     c                     
M_RTL_EQ_CONST_4_a                       c5(0) p5 n9                     c                     
M_RTL_EQ_CONST_4_b                       c5(0) p5 n9                     c                     
M_RTL_EQ_CONST_4_c                       c5(0) p5 n9                     c                     
M_RTL_EQ_CONST_4_d                       c5(0) p5 n9                     c                     
M_RTL_EQ_CONST_4_e                       c5(0) p5 n9                     c                     
M_RTL_EQ_CONST_4_f                       c5(0) p5 n9                     c                     
M_RTL_GEQ_UNS_32                         c155(0) p65 n219                c                     
M_RTL_GEQ_UNS_4                          c16(0) p9 n24                   c                     
M_RTL_LSHIFT_15_2                        c89(0) p32 n106                 c                     
M_RTL_LT_UNS_32                          c154(0) p65 n218                c                     
M_RTL_LT_UNS_4                           c15(0) p9 n23                   c                     
M_RTL_PRIM_MUX                           c8(0) p4 n11                    c                     
M_RTL_RSHIFT_32_5                        c451(0) p69 n488                c                     
M_RTL_RSHIFT_8_3                         c67(0) p19 n78                  c                     
M_RTL_SELECT_BOX_2_2                     c5(0) p5 n9                     c                     
M_RTL_SUB_BIN_5                          c33(0) p17 n44                  c                     
M_RTL_SUB_BIN_6                          c39(0) p20 n52                  c                     
M_RTL_WMUX_10_1                          c25(0) p31 n55                  c                     
M_RTL_WMUX_10_17                         c393(0) p207 n583               c                     
M_RTL_WMUX_2_1                           c7(0) p7 n13                    c                     
M_RTL_WMUX_2_11                          c57(0) p37 n83                  c                     
M_RTL_WMUX_2_12                          c62(0) p40 n90                  c                     
M_RTL_WMUX_2_128                         c642(0) p388 n902               c                     
M_RTL_WMUX_2_13                          c67(0) p43 n97                  c                     
M_RTL_WMUX_2_14                          c72(0) p46 n104                 c                     
M_RTL_WMUX_2_16                          c82(0) p52 n118                 c                     
M_RTL_WMUX_2_17                          c87(0) p55 n125                 c                     
M_RTL_WMUX_2_18                          c92(0) p58 n132                 c                     
M_RTL_WMUX_2_192                         c962(0) p580 n1350              c                     
M_RTL_WMUX_2_2                           c12(0) p10 n20                  c                     
M_RTL_WMUX_2_21                          c107(0) p67 n153                c                     
M_RTL_WMUX_2_22                          c112(0) p70 n160                c                     
M_RTL_WMUX_2_24                          c122(0) p76 n174                c                     
M_RTL_WMUX_2_29                          c147(0) p91 n209                c                     
M_RTL_WMUX_2_3                           c17(0) p13 n27                  c                     
M_RTL_WMUX_2_31                          c157(0) p97 n223                c                     
M_RTL_WMUX_2_32                          c162(0) p100 n230               c                     
M_RTL_WMUX_2_33                          c167(0) p103 n237               c                     
M_RTL_WMUX_2_34                          c172(0) p106 n244               c                     
M_RTL_WMUX_2_36                          c182(0) p112 n258               c                     
M_RTL_WMUX_2_38                          c192(0) p118 n272               c                     
M_RTL_WMUX_2_4                           c22(0) p16 n34                  c                     
M_RTL_WMUX_2_40                          c202(0) p124 n286               c                     
M_RTL_WMUX_2_42                          c212(0) p130 n300               c                     
M_RTL_WMUX_2_44                          c222(0) p136 n314               c                     
M_RTL_WMUX_2_46                          c232(0) p142 n328               c                     
M_RTL_WMUX_2_63                          c317(0) p193 n447               c                     
M_RTL_WMUX_2_64                          c322(0) p196 n454               c                     
M_RTL_WMUX_2_65                          c327(0) p199 n461               c                     
M_RTL_WMUX_2_7                           c37(0) p25 n55                  c                     
M_RTL_WMUX_2_8                           c42(0) p28 n62                  c                     
M_RTL_WMUX_2_9                           c47(0) p31 n69                  c                     
M_RTL_WMUX_2_96                          c482(0) p292 n678               c                     
M_RTL_WMUX_2_98                          c492(0) p298 n692               c                     
M_RTL_WMUX_3_32                          c226(0) p134 n328               c                     
NV_BLKBOX_SRC0                           c4(0) p1 n4                     c                     
NV_CLK_gate_power                        c2(0) p4 n5                     c                     
NV_DW02_tree_num_inputs4_input_width16   c214(0) p96 n294                c                     
NV_DW02_tree_num_inputs4_input_width32   c438(0) p192 n598               c                     
NV_DW02_tree_num_inputs4_input_width42   c578(0) p252 n788               c                     
NV_DW02_tree_num_inputs4_input_width46   c634(0) p276 n864               c                     
NV_DW02_tree_num_inputs5_input_width24   c484(0) p168 n628               c                     
NV_DW02_tree_num_inputs6_input_width46   c1267(0) p368 n1637             c                     
NV_DW02_tree_num_inputs8_input_width36   c1471(0) p360 n1833             c                     
NV_DW02_tree_num_inputs8_input_width38   c1555(0) p380 n1937             c                     
NV_DW_minmax_width4_num_inputs16         c379(0) p74 n739                c                     
NV_DW_minmax_width4_num_inputs4          c143(0) p24 n221                c                     
NV_NVDLA_CMAC_CORE_MAC_booth             c48(0) p39 n85                  c                     
NV_NVDLA_CMAC_CORE_MAC_exp               c1730(0) p781 n3576             c                     
NV_NVDLA_CMAC_CORE_MAC_mul               c281(0) p119 n1099              c                     
NV_NVDLA_CMAC_CORE_MAC_nan               c606(0) p2192 n4087             c                     
NV_NVDLA_CMAC_CORE_active                c105465(0) p27570 n142136       c                     
NV_NVDLA_CMAC_CORE_cfg                   c87(0) p21 n108                 c                     
NV_NVDLA_CMAC_CORE_mac                   c9577(0) p3342 n35986           c                     
NV_NVDLA_CMAC_CORE_rt_in                 c5467(0) p4650 n9593            c                     
NV_NVDLA_CMAC_CORE_rt_out                c1976(0) p2866 n4781            c                     
NV_NVDLA_CMAC_CORE_slcg                  c7(0) p8 n14                    c                     
NV_NVDLA_CMAC_REG_dual                   c107(0) p84 n186                c                     
NV_NVDLA_CMAC_REG_single                 c97(0) p85 n180                 c                     
NV_NVDLA_CMAC_core                       c93(0) p3778 n32884             c                     
NV_NVDLA_CMAC_reg                        c577(0) p118 n864               c                     
NV_NVDLA_cmac                            c4(0) p3862 n3880               c                     
NV_NVDLA_partition_m                     c6(0) p3864 n3869               c                     
NV_NVDLA_reset                           c3(0) p5 n7                     c                     
NV_NVDLA_sync3d                          c6(0) p3 n8                     c                     
NV_NVDLA_sync3d_s                        c6(0) p4 n9                     c                     
OR2D1                                    c3(0) p3 n5                     c                     
first_stage_of_sync                      c0(0) p0 n0                     c                     
p_SSYNC2DO_C_PP                          c9(0) p4 n12                    c                     
p_SSYNC3DO                               c7(0) p3 n8                     c                     
p_SSYNC3DO_S_PPP                         c14(0) p4 n16                   c                     
sync3d                                   c3(0) p3 n5                     c                     
sync3d_s_ppp                             c3(0) p4 n6                     c                     
sync_reset                               c7(0) p5 n11                    c                     

**************************************************
Report         : libraries

Reference      : r:/WORK/NV_NVDLA_partition_m
Implementation : i:/WORK/NV_NVDLA_partition_m
Version        : W-2024.09-SP5
Date           : Fri May  8 11:57:44 2026
**************************************************

 ______________________________________________________________________________ 
|                                                                              |
|  Legend:                                                                     |
|           Attributes                                                         |
|             s = sequential cell                                              |
|             t = tristate                                                     |
|             b = BLACKBOX                                                     |
|             i = incomplete cell (models mission mode functionality only)     |
|______________________________________________________________________________|


################################################################################
####    SHARED TECH LIB - GTECH
################################################################################
Library Cell                             Attributes
------------                             ----------
GTECH_ZERO                                 
GTECH_ONE                                  
GTECH_BUF                                  
GTECH_NOT                                  
GTECH_AND2                                 
GTECH_AND3                                 
GTECH_AND4                                 
GTECH_AND5                                 
GTECH_AND8                                 
GTECH_NAND2                                
GTECH_NAND3                                
GTECH_NAND4                                
GTECH_NAND5                                
GTECH_NAND8                                
GTECH_OR2                                  
GTECH_OR3                                  
GTECH_OR4                                  
GTECH_OR5                                  
GTECH_OR8                                  
GTECH_NOR2                                 
GTECH_NOR3                                 
GTECH_NOR4                                 
GTECH_NOR5                                 
GTECH_NOR8                                 
GTECH_XOR2                                 
GTECH_XOR3                                 
GTECH_XOR4                                 
GTECH_XNOR2                                
GTECH_XNOR3                                
GTECH_XNOR4                                
GTECH_AND_NOT                              
GTECH_OR_NOT                               
GTECH_AO21                                 
GTECH_OA21                                 
GTECH_OA22                                 
GTECH_AO22                                 
GTECH_AOI21                                
GTECH_AOI22                                
GTECH_AOI222                               
GTECH_AOI2N2                               
GTECH_OAI21                                
GTECH_OAI22                                
GTECH_OAI2N2                               
GTECH_MAJ23                                
GTECH_MUX2                                 
GTECH_MUXI2                                
GTECH_MUX4                                 
GTECH_MUX8                                 
GTECH_ADD_AB                               
GTECH_ADD_ABC                              
GTECH_ISO0_EN1                             
GTECH_ISO1_EN1                             
GTECH_ISO0_EN0                             
GTECH_ISO1_EN0                             
GTECH_ISOLATCH_EN1                         s
GTECH_ISOLATCH_EN0                         s
GTECH_OUTBUF                               t
GTECH_INOUTBUF                             t
GTECH_INBUF                                
GTECH_TBUF                                 t
GTECH_FD1                                  s
GTECH_FD14                                 s
GTECH_FD18                                 s
GTECH_FD1S                                 s
GTECH_FD2                                  s
GTECH_FD24                                 s
GTECH_FD28                                 s
GTECH_FD2S                                 s
GTECH_FD3                                  s
GTECH_FD34                                 s
GTECH_FD38                                 s
GTECH_FD3S                                 s
GTECH_FD4                                  s
GTECH_FD44                                 s
GTECH_FD48                                 s
GTECH_FD4S                                 s
GTECH_FJK1                                 s
GTECH_FJK1S                                s
GTECH_FJK2                                 s
GTECH_FJK2S                                s
GTECH_FJK3                                 s
GTECH_FJK3S                                s
GTECH_LD1                                  s
GTECH_LD2                                  s
GTECH_LD2_1                                s
GTECH_LD3                                  s
GTECH_LD4                                  s
GTECH_LD4_1                                s
GTECH_LSR0                                 s


################################################################################
####    SHARED TECH LIB - SAED32RVT_SS0P95V125C
################################################################################
Library Cell                             Attributes
------------                             ----------
AND2X1_RVT                                 
AND2X1_RVT#PWR                             
AND2X2_RVT                                 
AND2X2_RVT#PWR                             
AND2X4_RVT                                 
AND2X4_RVT#PWR                             
AND3X1_RVT                                 
AND3X1_RVT#PWR                             
AND3X2_RVT                                 
AND3X2_RVT#PWR                             
AND3X4_RVT                                 
AND3X4_RVT#PWR                             
AND4X1_RVT                                 
AND4X1_RVT#PWR                             
AND4X2_RVT                                 
AND4X2_RVT#PWR                             
AND4X4_RVT                                 
AND4X4_RVT#PWR                             
ANTENNA_RVT                                b
ANTENNA_RVT#PWR                            
ANTENNA_RVT#PWR_FM_BBOX                    b
AO21X1_RVT                                 
AO21X1_RVT#PWR                             
AO21X2_RVT                                 
AO21X2_RVT#PWR                             
AO221X1_RVT                                
AO221X1_RVT#PWR                            
AO221X2_RVT                                
AO221X2_RVT#PWR                            
AO222X1_RVT                                
AO222X1_RVT#PWR                            
AO222X2_RVT                                
AO222X2_RVT#PWR                            
AO22X1_RVT                                 
AO22X1_RVT#PWR                             
AO22X2_RVT                                 
AO22X2_RVT#PWR                             
AOBUFX1_RVT                                
AOBUFX1_RVT#PWR                            
AOBUFX2_RVT                                
AOBUFX2_RVT#PWR                            
AOBUFX4_RVT                                
AOBUFX4_RVT#PWR                            
AODFFARX1_RVT                              s
AODFFARX1_RVT#PWR                          s
AODFFARX2_RVT                              s
AODFFARX2_RVT#PWR                          s
AODFFNARX1_RVT                             s
AODFFNARX1_RVT#PWR                         s
AODFFNARX2_RVT                             s
AODFFNARX2_RVT#PWR                         s
AOI21X1_RVT                                
AOI21X1_RVT#PWR                            
AOI21X2_RVT                                
AOI21X2_RVT#PWR                            
AOI221X1_RVT                               
AOI221X1_RVT#PWR                           
AOI221X2_RVT                               
AOI221X2_RVT#PWR                           
AOI222X1_RVT                               
AOI222X1_RVT#PWR                           
AOI222X2_RVT                               
AOI222X2_RVT#PWR                           
AOI22X1_RVT                                
AOI22X1_RVT#PWR                            
AOI22X2_RVT                                
AOI22X2_RVT#PWR                            
AOINVX1_RVT                                
AOINVX1_RVT#PWR                            
AOINVX2_RVT                                
AOINVX2_RVT#PWR                            
AOINVX4_RVT                                
AOINVX4_RVT#PWR                            
BSLEX1_RVT                                 t
BSLEX1_RVT_FM_BBOX                         b
BSLEX1_RVT#PWR                             t
BSLEX1_RVT#PWR_FM_BBOX                     b
BSLEX2_RVT                                 t
BSLEX2_RVT_FM_BBOX                         b
BSLEX2_RVT#PWR                             t
BSLEX2_RVT#PWR_FM_BBOX                     b
BSLEX4_RVT                                 t
BSLEX4_RVT_FM_BBOX                         b
BSLEX4_RVT#PWR                             t
BSLEX4_RVT#PWR_FM_BBOX                     b
BUSKP_RVT                                  b
BUSKP_RVT#PWR                              
BUSKP_RVT#PWR_FM_BBOX                      b
CGLNPRX2_RVT                               s
CGLNPRX2_RVT#PWR                           s
CGLNPRX8_RVT                               s
CGLNPRX8_RVT#PWR                           s
CGLNPSX16_RVT                              s
CGLNPSX16_RVT#PWR                          s
CGLNPSX2_RVT                               s
CGLNPSX2_RVT#PWR                           s
CGLNPSX4_RVT                               s
CGLNPSX4_RVT#PWR                           s
CGLNPSX8_RVT                               s
CGLNPSX8_RVT#PWR                           s
CGLPPRX2_RVT                               s
CGLPPRX2_RVT#PWR                           s
CGLPPRX8_RVT                               s
CGLPPRX8_RVT#PWR                           s
CGLPPSX16_RVT                              s
CGLPPSX16_RVT#PWR                          s
CGLPPSX2_RVT                               s
CGLPPSX2_RVT#PWR                           s
CGLPPSX4_RVT                               s
CGLPPSX4_RVT#PWR                           s
CGLPPSX8_RVT                               s
CGLPPSX8_RVT#PWR                           s
CLOAD1_RVT                                 b
CLOAD1_RVT#PWR                             
CLOAD1_RVT#PWR_FM_BBOX                     b
DCAP_RVT                                   
DCAP_RVT#PWR                               
DEC24X1_RVT                                
DEC24X1_RVT#PWR                            
DEC24X2_RVT                                
DEC24X2_RVT#PWR                            
DELLN1X2_RVT                               
DELLN1X2_RVT#PWR                           
DELLN2X2_RVT                               
DELLN2X2_RVT#PWR                           
DELLN3X2_RVT                               
DELLN3X2_RVT#PWR                           
DFFARX1_RVT                                s
DFFARX1_RVT#PWR                            s
DFFARX2_RVT                                s
DFFARX2_RVT#PWR                            s
DFFASRX1_RVT                               s
DFFASRX1_RVT#PWR                           s
DFFASRX2_RVT                               s
DFFASRX2_RVT#PWR                           s
DFFASX1_RVT                                s
DFFASX1_RVT#PWR                            s
DFFASX2_RVT                                s
DFFASX2_RVT#PWR                            s
DFFNARX1_RVT                               s
DFFNARX1_RVT#PWR                           s
DFFNARX2_RVT                               s
DFFNARX2_RVT#PWR                           s
DFFNASRNX1_RVT                             s
DFFNASRNX1_RVT#PWR                         s
DFFNASRNX2_RVT                             s
DFFNASRNX2_RVT#PWR                         s
DFFNASRQX1_RVT                             s
DFFNASRQX1_RVT#PWR                         s
DFFNASRQX2_RVT                             s
DFFNASRQX2_RVT#PWR                         s
DFFNASRX1_RVT                              s
DFFNASRX1_RVT#PWR                          s
DFFNASRX2_RVT                              s
DFFNASRX2_RVT#PWR                          s
DFFNASX1_RVT                               s
DFFNASX1_RVT#PWR                           s
DFFNASX2_RVT                               s
DFFNASX2_RVT#PWR                           s
DFFNX1_RVT                                 s
DFFNX1_RVT#PWR                             s
DFFNX2_RVT                                 s
DFFNX2_RVT#PWR                             s
DFFSSRX1_RVT                               s
DFFSSRX1_RVT#PWR                           s
DFFSSRX2_RVT                               s
DFFSSRX2_RVT#PWR                           s
DFFX1_RVT                                  s
DFFX1_RVT#PWR                              s
DFFX2_RVT                                  s
DFFX2_RVT#PWR                              s
DHFILLH2_RVT                               
DHFILLH2_RVT#PWR                           
DHFILLHL2_RVT                              
DHFILLHL2_RVT#PWR                          
DHFILLHLHLS11_RVT                          
DHFILLHLHLS11_RVT#PWR                      
FADDX1_RVT                                 
FADDX1_RVT#PWR                             
FADDX2_RVT                                 
FADDX2_RVT#PWR                             
HADDX1_RVT                                 
HADDX1_RVT#PWR                             
HADDX2_RVT                                 
HADDX2_RVT#PWR                             
IBUFFX16_RVT                               
IBUFFX16_RVT#PWR                           
IBUFFX2_RVT                                
IBUFFX2_RVT#PWR                            
IBUFFX32_RVT                               
IBUFFX32_RVT#PWR                           
IBUFFX4_RVT                                
IBUFFX4_RVT#PWR                            
IBUFFX8_RVT                                
IBUFFX8_RVT#PWR                            
INVX0_RVT                                  
INVX0_RVT#PWR                              
INVX16_RVT                                 
INVX16_RVT#PWR                             
INVX1_RVT                                  
INVX1_RVT#PWR                              
INVX2_RVT                                  
INVX2_RVT#PWR                              
INVX32_RVT                                 
INVX32_RVT#PWR                             
INVX4_RVT                                  
INVX4_RVT#PWR                              
INVX8_RVT                                  
INVX8_RVT#PWR                              
ISOLANDAOX1_RVT                            
ISOLANDAOX1_RVT#PWR                        
ISOLANDAOX2_RVT                            
ISOLANDAOX2_RVT#PWR                        
ISOLANDAOX4_RVT                            
ISOLANDAOX4_RVT#PWR                        
ISOLANDAOX8_RVT                            
ISOLANDAOX8_RVT#PWR                        
ISOLANDX1_RVT                              
ISOLANDX1_RVT#PWR                          
ISOLANDX2_RVT                              
ISOLANDX2_RVT#PWR                          
ISOLANDX4_RVT                              
ISOLANDX4_RVT#PWR                          
ISOLANDX8_RVT                              
ISOLANDX8_RVT#PWR                          
ISOLORAOX1_RVT                             
ISOLORAOX1_RVT#PWR                         
ISOLORAOX2_RVT                             
ISOLORAOX2_RVT#PWR                         
ISOLORAOX4_RVT                             
ISOLORAOX4_RVT#PWR                         
ISOLORAOX8_RVT                             
ISOLORAOX8_RVT#PWR                         
ISOLORX1_RVT                               
ISOLORX1_RVT#PWR                           
ISOLORX2_RVT                               
ISOLORX2_RVT#PWR                           
ISOLORX4_RVT                               
ISOLORX4_RVT#PWR                           
ISOLORX8_RVT                               
ISOLORX8_RVT#PWR                           
LARX1_RVT                                  s
LARX1_RVT#PWR                              s
LARX2_RVT                                  s
LARX2_RVT#PWR                              s
LASRNX1_RVT                                s
LASRNX1_RVT#PWR                            s
LASRNX2_RVT                                s
LASRNX2_RVT#PWR                            s
LASRQX1_RVT                                s
LASRQX1_RVT#PWR                            s
LASRQX2_RVT                                s
LASRQX2_RVT#PWR                            s
LASRX1_RVT                                 s
LASRX1_RVT#PWR                             s
LASRX2_RVT                                 s
LASRX2_RVT#PWR                             s
LASX1_RVT                                  s
LASX1_RVT#PWR                              s
LASX2_RVT                                  s
LASX2_RVT#PWR                              s
LATCHX1_RVT                                s
LATCHX1_RVT#PWR                            s
LATCHX2_RVT                                s
LATCHX2_RVT#PWR                            s
LNANDX1_RVT                                s
LNANDX1_RVT#PWR                            s
LNANDX2_RVT                                s
LNANDX2_RVT#PWR                            s
MUX21X1_RVT                                
MUX21X1_RVT#PWR                            
MUX21X2_RVT                                
MUX21X2_RVT#PWR                            
MUX41X1_RVT                                
MUX41X1_RVT#PWR                            
MUX41X2_RVT                                
MUX41X2_RVT#PWR                            
NAND2X0_RVT                                
NAND2X0_RVT#PWR                            
NAND2X1_RVT                                
NAND2X1_RVT#PWR                            
NAND2X2_RVT                                
NAND2X2_RVT#PWR                            
NAND2X4_RVT                                
NAND2X4_RVT#PWR                            
NAND3X0_RVT                                
NAND3X0_RVT#PWR                            
NAND3X1_RVT                                
NAND3X1_RVT#PWR                            
NAND3X2_RVT                                
NAND3X2_RVT#PWR                            
NAND3X4_RVT                                
NAND3X4_RVT#PWR                            
NAND4X0_RVT                                
NAND4X0_RVT#PWR                            
NAND4X1_RVT                                
NAND4X1_RVT#PWR                            
NBUFFX16_RVT                               
NBUFFX16_RVT#PWR                           
NBUFFX2_RVT                                
NBUFFX2_RVT#PWR                            
NBUFFX32_RVT                               
NBUFFX32_RVT#PWR                           
NBUFFX4_RVT                                
NBUFFX4_RVT#PWR                            
NBUFFX8_RVT                                
NBUFFX8_RVT#PWR                            
NMT1_RVT                                   b
NMT1_RVT#PWR                               t
NMT1_RVT#PWR_FM_BBOX                       b
NMT2_RVT                                   b
NMT2_RVT#PWR                               t
NMT2_RVT#PWR_FM_BBOX                       b
NMT3_RVT                                   b
NMT3_RVT#PWR                               t
NMT3_RVT#PWR_FM_BBOX                       b
NOR2X0_RVT                                 
NOR2X0_RVT#PWR                             
NOR2X1_RVT                                 
NOR2X1_RVT#PWR                             
NOR2X2_RVT                                 
NOR2X2_RVT#PWR                             
NOR2X4_RVT                                 
NOR2X4_RVT#PWR                             
NOR3X0_RVT                                 
NOR3X0_RVT#PWR                             
NOR3X1_RVT                                 
NOR3X1_RVT#PWR                             
NOR3X2_RVT                                 
NOR3X2_RVT#PWR                             
NOR3X4_RVT                                 
NOR3X4_RVT#PWR                             
NOR4X0_RVT                                 
NOR4X0_RVT#PWR                             
NOR4X1_RVT                                 
NOR4X1_RVT#PWR                             
OA21X1_RVT                                 
OA21X1_RVT#PWR                             
OA21X2_RVT                                 
OA21X2_RVT#PWR                             
OA221X1_RVT                                
OA221X1_RVT#PWR                            
OA221X2_RVT                                
OA221X2_RVT#PWR                            
OA222X1_RVT                                
OA222X1_RVT#PWR                            
OA222X2_RVT                                
OA222X2_RVT#PWR                            
OA22X1_RVT                                 
OA22X1_RVT#PWR                             
OA22X2_RVT                                 
OA22X2_RVT#PWR                             
OAI21X1_RVT                                
OAI21X1_RVT#PWR                            
OAI21X2_RVT                                
OAI21X2_RVT#PWR                            
OAI221X1_RVT                               
OAI221X1_RVT#PWR                           
OAI221X2_RVT                               
OAI221X2_RVT#PWR                           
OAI222X1_RVT                               
OAI222X1_RVT#PWR                           
OAI222X2_RVT                               
OAI222X2_RVT#PWR                           
OAI22X1_RVT                                
OAI22X1_RVT#PWR                            
OAI22X2_RVT                                
OAI22X2_RVT#PWR                            
OR2X1_RVT                                  
OR2X1_RVT#PWR                              
OR2X2_RVT                                  
OR2X2_RVT#PWR                              
OR2X4_RVT                                  
OR2X4_RVT#PWR                              
OR3X1_RVT                                  
OR3X1_RVT#PWR                              
OR3X2_RVT                                  
OR3X2_RVT#PWR                              
OR3X4_RVT                                  
OR3X4_RVT#PWR                              
OR4X1_RVT                                  
OR4X1_RVT#PWR                              
OR4X2_RVT                                  
OR4X2_RVT#PWR                              
OR4X4_RVT                                  
OR4X4_RVT#PWR                              
PGX1_RVT                                   t
PGX1_RVT_FM_BBOX                           b
PGX1_RVT#PWR                               t
PGX1_RVT#PWR_FM_BBOX                       b
PGX2_RVT                                   t
PGX2_RVT_FM_BBOX                           b
PGX2_RVT#PWR                               t
PGX2_RVT#PWR_FM_BBOX                       b
PGX4_RVT                                   t
PGX4_RVT_FM_BBOX                           b
PGX4_RVT#PWR                               t
PGX4_RVT#PWR_FM_BBOX                       b
PMT1_RVT                                   b
PMT1_RVT#PWR                               t
PMT1_RVT#PWR_FM_BBOX                       b
PMT2_RVT                                   b
PMT2_RVT#PWR                               t
PMT2_RVT#PWR_FM_BBOX                       b
PMT3_RVT                                   b
PMT3_RVT#PWR                               t
PMT3_RVT#PWR_FM_BBOX                       b
RDFFARX1_RVT                               s
RDFFARX1_RVT#PWR                           s
RDFFARX2_RVT                               s
RDFFARX2_RVT#PWR                           s
RDFFNARX1_RVT                              s
RDFFNARX1_RVT#PWR                          s
RDFFNARX2_RVT                              s
RDFFNARX2_RVT#PWR                          s
RDFFNSRARX1_RVT                            s
RDFFNSRARX1_RVT#PWR                        s
RDFFNSRARX2_RVT                            s
RDFFNSRARX2_RVT#PWR                        s
RDFFNSRASRNX1_RVT                          s
RDFFNSRASRNX1_RVT#PWR                      s
RDFFNSRASRNX2_RVT                          s
RDFFNSRASRNX2_RVT#PWR                      s
RDFFNSRASRQX1_RVT                          s
RDFFNSRASRQX1_RVT#PWR                      s
RDFFNSRASRQX2_RVT                          s
RDFFNSRASRQX2_RVT#PWR                      s
RDFFNSRASRX1_RVT                           s
RDFFNSRASRX1_RVT#PWR                       s
RDFFNSRASRX2_RVT                           s
RDFFNSRASRX2_RVT#PWR                       s
RDFFNSRASX1_RVT                            s
RDFFNSRASX1_RVT#PWR                        s
RDFFNSRASX2_RVT                            s
RDFFNSRASX2_RVT#PWR                        s
RDFFNSRX1_RVT                              s
RDFFNSRX1_RVT#PWR                          s
RDFFNSRX2_RVT                              s
RDFFNSRX2_RVT#PWR                          s
RDFFNX1_RVT                                s
RDFFNX1_RVT#PWR                            s
RDFFNX2_RVT                                s
RDFFNX2_RVT#PWR                            s
RDFFSRARX1_RVT                             s
RDFFSRARX1_RVT#PWR                         s
RDFFSRARX2_RVT                             s
RDFFSRARX2_RVT#PWR                         s
RDFFSRASRX1_RVT                            s
RDFFSRASRX1_RVT#PWR                        s
RDFFSRASRX2_RVT                            s
RDFFSRASRX2_RVT#PWR                        s
RDFFSRASX1_RVT                             s
RDFFSRASX1_RVT#PWR                         s
RDFFSRASX2_RVT                             s
RDFFSRASX2_RVT#PWR                         s
RDFFSRSSRX1_RVT                            s
RDFFSRSSRX1_RVT#PWR                        s
RDFFSRSSRX2_RVT                            s
RDFFSRSSRX2_RVT#PWR                        s
RDFFSRX1_RVT                               s
RDFFSRX1_RVT#PWR                           s
RDFFSRX2_RVT                               s
RDFFSRX2_RVT#PWR                           s
RDFFX1_RVT                                 s
RDFFX1_RVT#PWR                             s
RDFFX2_RVT                                 s
RDFFX2_RVT#PWR                             s
RSDFFARX1_RVT                              s
RSDFFARX1_RVT#PWR                          s
RSDFFARX2_RVT                              s
RSDFFARX2_RVT#PWR                          s
RSDFFNARX1_RVT                             s
RSDFFNARX1_RVT#PWR                         s
RSDFFNARX2_RVT                             s
RSDFFNARX2_RVT#PWR                         s
RSDFFNSRARX1_RVT                           s
RSDFFNSRARX1_RVT#PWR                       s
RSDFFNSRARX2_RVT                           s
RSDFFNSRARX2_RVT#PWR                       s
RSDFFNSRASRNX1_RVT                         s
RSDFFNSRASRNX1_RVT#PWR                     s
RSDFFNSRASRNX2_RVT                         s
RSDFFNSRASRNX2_RVT#PWR                     s
RSDFFNSRASRQX1_RVT                         s
RSDFFNSRASRQX1_RVT#PWR                     s
RSDFFNSRASRQX2_RVT                         s
RSDFFNSRASRQX2_RVT#PWR                     s
RSDFFNSRASRX1_RVT                          s
RSDFFNSRASRX1_RVT#PWR                      s
RSDFFNSRASRX2_RVT                          s
RSDFFNSRASRX2_RVT#PWR                      s
RSDFFNSRASX1_RVT                           s
RSDFFNSRASX1_RVT#PWR                       s
RSDFFNSRASX2_RVT                           s
RSDFFNSRASX2_RVT#PWR                       s
RSDFFNSRX1_RVT                             s
RSDFFNSRX1_RVT#PWR                         s
RSDFFNSRX2_RVT                             s
RSDFFNSRX2_RVT#PWR                         s
RSDFFNX1_RVT                               s
RSDFFNX1_RVT#PWR                           s
RSDFFNX2_RVT                               s
RSDFFNX2_RVT#PWR                           s
RSDFFSRARX1_RVT                            s
RSDFFSRARX1_RVT#PWR                        s
RSDFFSRARX2_RVT                            s
RSDFFSRARX2_RVT#PWR                        s
RSDFFSRASRX1_RVT                           s
RSDFFSRASRX1_RVT#PWR                       s
RSDFFSRASRX2_RVT                           s
RSDFFSRASRX2_RVT#PWR                       s
RSDFFSRASX1_RVT                            s
RSDFFSRASX1_RVT#PWR                        s
RSDFFSRASX2_RVT                            s
RSDFFSRASX2_RVT#PWR                        s
RSDFFSRSSRX1_RVT                           s
RSDFFSRSSRX1_RVT#PWR                       s
RSDFFSRSSRX2_RVT                           s
RSDFFSRSSRX2_RVT#PWR                       s
RSDFFSRX1_RVT                              s
RSDFFSRX1_RVT#PWR                          s
RSDFFSRX2_RVT                              s
RSDFFSRX2_RVT#PWR                          s
RSDFFX1_RVT                                s
RSDFFX1_RVT#PWR                            s
RSDFFX2_RVT                                s
RSDFFX2_RVT#PWR                            s
SDFFARX1_RVT                               s
SDFFARX1_RVT#PWR                           s
SDFFARX2_RVT                               s
SDFFARX2_RVT#PWR                           s
SDFFASRSX1_RVT                             s
SDFFASRSX1_RVT#PWR                         s
SDFFASRSX2_RVT                             s
SDFFASRSX2_RVT#PWR                         s
SDFFASRX1_RVT                              s
SDFFASRX1_RVT#PWR                          s
SDFFASRX2_RVT                              s
SDFFASRX2_RVT#PWR                          s
SDFFASX1_RVT                               s
SDFFASX1_RVT#PWR                           s
SDFFASX2_RVT                               s
SDFFASX2_RVT#PWR                           s
SDFFNARX1_RVT                              s
SDFFNARX1_RVT#PWR                          s
SDFFNARX2_RVT                              s
SDFFNARX2_RVT#PWR                          s
SDFFNASRX1_RVT                             s
SDFFNASRX1_RVT#PWR                         s
SDFFNASRX2_RVT                             s
SDFFNASRX2_RVT#PWR                         s
SDFFNASX1_RVT                              s
SDFFNASX1_RVT#PWR                          s
SDFFNASX2_RVT                              s
SDFFNASX2_RVT#PWR                          s
SDFFNX1_RVT                                s
SDFFNX1_RVT#PWR                            s
SDFFNX2_RVT                                s
SDFFNX2_RVT#PWR                            s
SDFFSSRX1_RVT                              s
SDFFSSRX1_RVT#PWR                          s
SDFFSSRX2_RVT                              s
SDFFSSRX2_RVT#PWR                          s
SDFFX1_RVT                                 s
SDFFX1_RVT#PWR                             s
SDFFX2_RVT                                 s
SDFFX2_RVT#PWR                             s
SHFILL128_RVT                              
SHFILL128_RVT#PWR                          
SHFILL1_RVT                                
SHFILL1_RVT#PWR                            
SHFILL2_RVT                                
SHFILL2_RVT#PWR                            
SHFILL3_RVT                                
SHFILL3_RVT#PWR                            
SHFILL64_RVT                               
SHFILL64_RVT#PWR                           
TIEH_RVT                                   
TIEH_RVT#PWR                               
TIEL_RVT                                   
TIEL_RVT#PWR                               
TNBUFFX16_RVT                              t
TNBUFFX16_RVT#PWR                          
TNBUFFX1_RVT                               t
TNBUFFX1_RVT#PWR                           
TNBUFFX2_RVT                               t
TNBUFFX2_RVT#PWR                           
TNBUFFX32_RVT                              t
TNBUFFX32_RVT#PWR                          
TNBUFFX4_RVT                               t
TNBUFFX4_RVT#PWR                           
TNBUFFX8_RVT                               t
TNBUFFX8_RVT#PWR                           
XNOR2X1_RVT                                
XNOR2X1_RVT#PWR                            
XNOR2X2_RVT                                
XNOR2X2_RVT#PWR                            
XNOR3X1_RVT                                
XNOR3X1_RVT#PWR                            
XNOR3X2_RVT                                
XNOR3X2_RVT#PWR                            
XOR2X1_RVT                                 
XOR2X1_RVT#PWR                             
XOR2X2_RVT                                 
XOR2X2_RVT#PWR                             
XOR3X1_RVT                                 
XOR3X1_RVT#PWR                             
XOR3X2_RVT                                 
XOR3X2_RVT#PWR                             


################################################################################
####    SHARED TECH LIB - i:/GTECH
################################################################################

Design information for shared technology library 'GTECH' was reported above


################################################################################
####    TECH LIB - i:/SAED32RVT_SS0P95V125C
################################################################################
Library Cell                             Attributes
------------                             ----------
AND2X1_RVT                                 
AND2X1_RVT#PWR                             
AND2X2_RVT                                 
AND2X2_RVT#PWR                             
AND2X4_RVT                                 
AND2X4_RVT#PWR                             
AND3X1_RVT                                 
AND3X1_RVT#PWR                             
AND3X2_RVT                                 
AND3X2_RVT#PWR                             
AND3X4_RVT                                 
AND3X4_RVT#PWR                             
AND4X1_RVT                                 
AND4X1_RVT#PWR                             
AND4X2_RVT                                 
AND4X2_RVT#PWR                             
AND4X4_RVT                                 
AND4X4_RVT#PWR                             
ANTENNA_RVT                                b
ANTENNA_RVT#PWR                            
ANTENNA_RVT#PWR_FM_BBOX                    b
AO21X1_RVT                                 
AO21X1_RVT#PWR                             
AO21X2_RVT                                 
AO21X2_RVT#PWR                             
AO221X1_RVT                                
AO221X1_RVT#PWR                            
AO221X2_RVT                                
AO221X2_RVT#PWR                            
AO222X1_RVT                                
AO222X1_RVT#PWR                            
AO222X2_RVT                                
AO222X2_RVT#PWR                            
AO22X1_RVT                                 
AO22X1_RVT#PWR                             
AO22X2_RVT                                 
AO22X2_RVT#PWR                             
AOBUFX1_RVT                                
AOBUFX1_RVT#PWR                            
AOBUFX2_RVT                                
AOBUFX2_RVT#PWR                            
AOBUFX4_RVT                                
AOBUFX4_RVT#PWR                            
AODFFARX1_RVT                              s
AODFFARX1_RVT#PWR                          s
AODFFARX2_RVT                              s
AODFFARX2_RVT#PWR                          s
AODFFNARX1_RVT                             s
AODFFNARX1_RVT#PWR                         s
AODFFNARX2_RVT                             s
AODFFNARX2_RVT#PWR                         s
AOI21X1_RVT                                
AOI21X1_RVT#PWR                            
AOI21X2_RVT                                
AOI21X2_RVT#PWR                            
AOI221X1_RVT                               
AOI221X1_RVT#PWR                           
AOI221X2_RVT                               
AOI221X2_RVT#PWR                           
AOI222X1_RVT                               
AOI222X1_RVT#PWR                           
AOI222X2_RVT                               
AOI222X2_RVT#PWR                           
AOI22X1_RVT                                
AOI22X1_RVT#PWR                            
AOI22X2_RVT                                
AOI22X2_RVT#PWR                            
AOINVX1_RVT                                
AOINVX1_RVT#PWR                            
AOINVX2_RVT                                
AOINVX2_RVT#PWR                            
AOINVX4_RVT                                
AOINVX4_RVT#PWR                            
BSLEX1_RVT                                 t
BSLEX1_RVT_FM_BBOX                         b
BSLEX1_RVT#PWR                             t
BSLEX1_RVT#PWR_FM_BBOX                     b
BSLEX2_RVT                                 t
BSLEX2_RVT_FM_BBOX                         b
BSLEX2_RVT#PWR                             t
BSLEX2_RVT#PWR_FM_BBOX                     b
BSLEX4_RVT                                 t
BSLEX4_RVT_FM_BBOX                         b
BSLEX4_RVT#PWR                             t
BSLEX4_RVT#PWR_FM_BBOX                     b
BUSKP_RVT                                  b
BUSKP_RVT#PWR                              
BUSKP_RVT#PWR_FM_BBOX                      b
CGLNPRX2_RVT                               s
CGLNPRX2_RVT#PWR                           s
CGLNPRX8_RVT                               s
CGLNPRX8_RVT#PWR                           s
CGLNPSX16_RVT                              s
CGLNPSX16_RVT#PWR                          s
CGLNPSX2_RVT                               s
CGLNPSX2_RVT#PWR                           s
CGLNPSX4_RVT                               s
CGLNPSX4_RVT#PWR                           s
CGLNPSX8_RVT                               s
CGLNPSX8_RVT#PWR                           s
CGLPPRX2_RVT                               s
CGLPPRX2_RVT#PWR                           s
CGLPPRX8_RVT                               s
CGLPPRX8_RVT#PWR                           s
CGLPPSX16_RVT                              s
CGLPPSX16_RVT#PWR                          s
CGLPPSX2_RVT                               s
CGLPPSX2_RVT#PWR                           s
CGLPPSX4_RVT                               s
CGLPPSX4_RVT#PWR                           s
CGLPPSX8_RVT                               s
CGLPPSX8_RVT#PWR                           s
CLOAD1_RVT                                 b
CLOAD1_RVT#PWR                             
CLOAD1_RVT#PWR_FM_BBOX                     b
DCAP_RVT                                   
DCAP_RVT#PWR                               
DEC24X1_RVT                                
DEC24X1_RVT#PWR                            
DEC24X2_RVT                                
DEC24X2_RVT#PWR                            
DELLN1X2_RVT                               
DELLN1X2_RVT#PWR                           
DELLN2X2_RVT                               
DELLN2X2_RVT#PWR                           
DELLN3X2_RVT                               
DELLN3X2_RVT#PWR                           
DFFARX1_RVT                                s
DFFARX1_RVT#PWR                            s
DFFARX2_RVT                                s
DFFARX2_RVT#PWR                            s
DFFASRX1_RVT                               s
DFFASRX1_RVT#PWR                           s
DFFASRX2_RVT                               s
DFFASRX2_RVT#PWR                           s
DFFASX1_RVT                                s
DFFASX1_RVT#PWR                            s
DFFASX2_RVT                                s
DFFASX2_RVT#PWR                            s
DFFNARX1_RVT                               s
DFFNARX1_RVT#PWR                           s
DFFNARX2_RVT                               s
DFFNARX2_RVT#PWR                           s
DFFNASRNX1_RVT                             s
DFFNASRNX1_RVT#PWR                         s
DFFNASRNX2_RVT                             s
DFFNASRNX2_RVT#PWR                         s
DFFNASRQX1_RVT                             s
DFFNASRQX1_RVT#PWR                         s
DFFNASRQX2_RVT                             s
DFFNASRQX2_RVT#PWR                         s
DFFNASRX1_RVT                              s
DFFNASRX1_RVT#PWR                          s
DFFNASRX2_RVT                              s
DFFNASRX2_RVT#PWR                          s
DFFNASX1_RVT                               s
DFFNASX1_RVT#PWR                           s
DFFNASX2_RVT                               s
DFFNASX2_RVT#PWR                           s
DFFNX1_RVT                                 s
DFFNX1_RVT#PWR                             s
DFFNX2_RVT                                 s
DFFNX2_RVT#PWR                             s
DFFSSRX1_RVT                               s
DFFSSRX1_RVT#PWR                           s
DFFSSRX2_RVT                               s
DFFSSRX2_RVT#PWR                           s
DFFX1_RVT                                  s
DFFX1_RVT#PWR                              s
DFFX2_RVT                                  s
DFFX2_RVT#PWR                              s
DHFILLH2_RVT                               
DHFILLH2_RVT#PWR                           
DHFILLHL2_RVT                              
DHFILLHL2_RVT#PWR                          
DHFILLHLHLS11_RVT                          
DHFILLHLHLS11_RVT#PWR                      
FADDX1_RVT                                 
FADDX1_RVT#PWR                             
FADDX2_RVT                                 
FADDX2_RVT#PWR                             
HADDX1_RVT                                 
HADDX1_RVT#PWR                             
HADDX2_RVT                                 
HADDX2_RVT#PWR                             
IBUFFX16_RVT                               
IBUFFX16_RVT#PWR                           
IBUFFX2_RVT                                
IBUFFX2_RVT#PWR                            
IBUFFX32_RVT                               
IBUFFX32_RVT#PWR                           
IBUFFX4_RVT                                
IBUFFX4_RVT#PWR                            
IBUFFX8_RVT                                
IBUFFX8_RVT#PWR                            
INVX0_RVT                                  
INVX0_RVT#PWR                              
INVX16_RVT                                 
INVX16_RVT#PWR                             
INVX1_RVT                                  
INVX1_RVT#PWR                              
INVX2_RVT                                  
INVX2_RVT#PWR                              
INVX32_RVT                                 
INVX32_RVT#PWR                             
INVX4_RVT                                  
INVX4_RVT#PWR                              
INVX8_RVT                                  
INVX8_RVT#PWR                              
ISOLANDAOX1_RVT                            
ISOLANDAOX1_RVT#PWR                        
ISOLANDAOX2_RVT                            
ISOLANDAOX2_RVT#PWR                        
ISOLANDAOX4_RVT                            
ISOLANDAOX4_RVT#PWR                        
ISOLANDAOX8_RVT                            
ISOLANDAOX8_RVT#PWR                        
ISOLANDX1_RVT                              
ISOLANDX1_RVT#PWR                          
ISOLANDX2_RVT                              
ISOLANDX2_RVT#PWR                          
ISOLANDX4_RVT                              
ISOLANDX4_RVT#PWR                          
ISOLANDX8_RVT                              
ISOLANDX8_RVT#PWR                          
ISOLORAOX1_RVT                             
ISOLORAOX1_RVT#PWR                         
ISOLORAOX2_RVT                             
ISOLORAOX2_RVT#PWR                         
ISOLORAOX4_RVT                             
ISOLORAOX4_RVT#PWR                         
ISOLORAOX8_RVT                             
ISOLORAOX8_RVT#PWR                         
ISOLORX1_RVT                               
ISOLORX1_RVT#PWR                           
ISOLORX2_RVT                               
ISOLORX2_RVT#PWR                           
ISOLORX4_RVT                               
ISOLORX4_RVT#PWR                           
ISOLORX8_RVT                               
ISOLORX8_RVT#PWR                           
LARX1_RVT                                  s
LARX1_RVT#PWR                              s
LARX2_RVT                                  s
LARX2_RVT#PWR                              s
LASRNX1_RVT                                s
LASRNX1_RVT#PWR                            s
LASRNX2_RVT                                s
LASRNX2_RVT#PWR                            s
LASRQX1_RVT                                s
LASRQX1_RVT#PWR                            s
LASRQX2_RVT                                s
LASRQX2_RVT#PWR                            s
LASRX1_RVT                                 s
LASRX1_RVT#PWR                             s
LASRX2_RVT                                 s
LASRX2_RVT#PWR                             s
LASX1_RVT                                  s
LASX1_RVT#PWR                              s
LASX2_RVT                                  s
LASX2_RVT#PWR                              s
LATCHX1_RVT                                s
LATCHX1_RVT#PWR                            s
LATCHX2_RVT                                s
LATCHX2_RVT#PWR                            s
LNANDX1_RVT                                s
LNANDX1_RVT#PWR                            s
LNANDX2_RVT                                s
LNANDX2_RVT#PWR                            s
MUX21X1_RVT                                
MUX21X1_RVT#PWR                            
MUX21X2_RVT                                
MUX21X2_RVT#PWR                            
MUX41X1_RVT                                
MUX41X1_RVT#PWR                            
MUX41X2_RVT                                
MUX41X2_RVT#PWR                            
NAND2X0_RVT                                
NAND2X0_RVT#PWR                            
NAND2X1_RVT                                
NAND2X1_RVT#PWR                            
NAND2X2_RVT                                
NAND2X2_RVT#PWR                            
NAND2X4_RVT                                
NAND2X4_RVT#PWR                            
NAND3X0_RVT                                
NAND3X0_RVT#PWR                            
NAND3X1_RVT                                
NAND3X1_RVT#PWR                            
NAND3X2_RVT                                
NAND3X2_RVT#PWR                            
NAND3X4_RVT                                
NAND3X4_RVT#PWR                            
NAND4X0_RVT                                
NAND4X0_RVT#PWR                            
NAND4X1_RVT                                
NAND4X1_RVT#PWR                            
NBUFFX16_RVT                               
NBUFFX16_RVT#PWR                           
NBUFFX2_RVT                                
NBUFFX2_RVT#PWR                            
NBUFFX32_RVT                               
NBUFFX32_RVT#PWR                           
NBUFFX4_RVT                                
NBUFFX4_RVT#PWR                            
NBUFFX8_RVT                                
NBUFFX8_RVT#PWR                            
NMT1_RVT                                   b
NMT1_RVT#PWR                               t
NMT1_RVT#PWR_FM_BBOX                       b
NMT2_RVT                                   b
NMT2_RVT#PWR                               t
NMT2_RVT#PWR_FM_BBOX                       b
NMT3_RVT                                   b
NMT3_RVT#PWR                               t
NMT3_RVT#PWR_FM_BBOX                       b
NOR2X0_RVT                                 
NOR2X0_RVT#PWR                             
NOR2X1_RVT                                 
NOR2X1_RVT#PWR                             
NOR2X2_RVT                                 
NOR2X2_RVT#PWR                             
NOR2X4_RVT                                 
NOR2X4_RVT#PWR                             
NOR3X0_RVT                                 
NOR3X0_RVT#PWR                             
NOR3X1_RVT                                 
NOR3X1_RVT#PWR                             
NOR3X2_RVT                                 
NOR3X2_RVT#PWR                             
NOR3X4_RVT                                 
NOR3X4_RVT#PWR                             
NOR4X0_RVT                                 
NOR4X0_RVT#PWR                             
NOR4X1_RVT                                 
NOR4X1_RVT#PWR                             
OA21X1_RVT                                 
OA21X1_RVT#PWR                             
OA21X2_RVT                                 
OA21X2_RVT#PWR                             
OA221X1_RVT                                
OA221X1_RVT#PWR                            
OA221X2_RVT                                
OA221X2_RVT#PWR                            
OA222X1_RVT                                
OA222X1_RVT#PWR                            
OA222X2_RVT                                
OA222X2_RVT#PWR                            
OA22X1_RVT                                 
OA22X1_RVT#PWR                             
OA22X2_RVT                                 
OA22X2_RVT#PWR                             
OAI21X1_RVT                                
OAI21X1_RVT#PWR                            
OAI21X2_RVT                                
OAI21X2_RVT#PWR                            
OAI221X1_RVT                               
OAI221X1_RVT#PWR                           
OAI221X2_RVT                               
OAI221X2_RVT#PWR                           
OAI222X1_RVT                               
OAI222X1_RVT#PWR                           
OAI222X2_RVT                               
OAI222X2_RVT#PWR                           
OAI22X1_RVT                                
OAI22X1_RVT#PWR                            
OAI22X2_RVT                                
OAI22X2_RVT#PWR                            
OR2X1_RVT                                  
OR2X1_RVT#PWR                              
OR2X2_RVT                                  
OR2X2_RVT#PWR                              
OR2X4_RVT                                  
OR2X4_RVT#PWR                              
OR3X1_RVT                                  
OR3X1_RVT#PWR                              
OR3X2_RVT                                  
OR3X2_RVT#PWR                              
OR3X4_RVT                                  
OR3X4_RVT#PWR                              
OR4X1_RVT                                  
OR4X1_RVT#PWR                              
OR4X2_RVT                                  
OR4X2_RVT#PWR                              
OR4X4_RVT                                  
OR4X4_RVT#PWR                              
PGX1_RVT                                   t
PGX1_RVT_FM_BBOX                           b
PGX1_RVT#PWR                               t
PGX1_RVT#PWR_FM_BBOX                       b
PGX2_RVT                                   t
PGX2_RVT_FM_BBOX                           b
PGX2_RVT#PWR                               t
PGX2_RVT#PWR_FM_BBOX                       b
PGX4_RVT                                   t
PGX4_RVT_FM_BBOX                           b
PGX4_RVT#PWR                               t
PGX4_RVT#PWR_FM_BBOX                       b
PMT1_RVT                                   b
PMT1_RVT#PWR                               t
PMT1_RVT#PWR_FM_BBOX                       b
PMT2_RVT                                   b
PMT2_RVT#PWR                               t
PMT2_RVT#PWR_FM_BBOX                       b
PMT3_RVT                                   b
PMT3_RVT#PWR                               t
PMT3_RVT#PWR_FM_BBOX                       b
RDFFARX1_RVT                               s
RDFFARX1_RVT#PWR                           s
RDFFARX2_RVT                               s
RDFFARX2_RVT#PWR                           s
RDFFNARX1_RVT                              s
RDFFNARX1_RVT#PWR                          s
RDFFNARX2_RVT                              s
RDFFNARX2_RVT#PWR                          s
RDFFNSRARX1_RVT                            s
RDFFNSRARX1_RVT#PWR                        s
RDFFNSRARX2_RVT                            s
RDFFNSRARX2_RVT#PWR                        s
RDFFNSRASRNX1_RVT                          s
RDFFNSRASRNX1_RVT#PWR                      s
RDFFNSRASRNX2_RVT                          s
RDFFNSRASRNX2_RVT#PWR                      s
RDFFNSRASRQX1_RVT                          s
RDFFNSRASRQX1_RVT#PWR                      s
RDFFNSRASRQX2_RVT                          s
RDFFNSRASRQX2_RVT#PWR                      s
RDFFNSRASRX1_RVT                           s
RDFFNSRASRX1_RVT#PWR                       s
RDFFNSRASRX2_RVT                           s
RDFFNSRASRX2_RVT#PWR                       s
RDFFNSRASX1_RVT                            s
RDFFNSRASX1_RVT#PWR                        s
RDFFNSRASX2_RVT                            s
RDFFNSRASX2_RVT#PWR                        s
RDFFNSRX1_RVT                              s
RDFFNSRX1_RVT#PWR                          s
RDFFNSRX2_RVT                              s
RDFFNSRX2_RVT#PWR                          s
RDFFNX1_RVT                                s
RDFFNX1_RVT#PWR                            s
RDFFNX2_RVT                                s
RDFFNX2_RVT#PWR                            s
RDFFSRARX1_RVT                             s
RDFFSRARX1_RVT#PWR                         s
RDFFSRARX2_RVT                             s
RDFFSRARX2_RVT#PWR                         s
RDFFSRASRX1_RVT                            s
RDFFSRASRX1_RVT#PWR                        s
RDFFSRASRX2_RVT                            s
RDFFSRASRX2_RVT#PWR                        s
RDFFSRASX1_RVT                             s
RDFFSRASX1_RVT#PWR                         s
RDFFSRASX2_RVT                             s
RDFFSRASX2_RVT#PWR                         s
RDFFSRSSRX1_RVT                            s
RDFFSRSSRX1_RVT#PWR                        s
RDFFSRSSRX2_RVT                            s
RDFFSRSSRX2_RVT#PWR                        s
RDFFSRX1_RVT                               s
RDFFSRX1_RVT#PWR                           s
RDFFSRX2_RVT                               s
RDFFSRX2_RVT#PWR                           s
RDFFX1_RVT                                 s
RDFFX1_RVT#PWR                             s
RDFFX2_RVT                                 s
RDFFX2_RVT#PWR                             s
RSDFFARX1_RVT                              s
RSDFFARX1_RVT#PWR                          s
RSDFFARX2_RVT                              s
RSDFFARX2_RVT#PWR                          s
RSDFFNARX1_RVT                             s
RSDFFNARX1_RVT#PWR                         s
RSDFFNARX2_RVT                             s
RSDFFNARX2_RVT#PWR                         s
RSDFFNSRARX1_RVT                           s
RSDFFNSRARX1_RVT#PWR                       s
RSDFFNSRARX2_RVT                           s
RSDFFNSRARX2_RVT#PWR                       s
RSDFFNSRASRNX1_RVT                         s
RSDFFNSRASRNX1_RVT#PWR                     s
RSDFFNSRASRNX2_RVT                         s
RSDFFNSRASRNX2_RVT#PWR                     s
RSDFFNSRASRQX1_RVT                         s
RSDFFNSRASRQX1_RVT#PWR                     s
RSDFFNSRASRQX2_RVT                         s
RSDFFNSRASRQX2_RVT#PWR                     s
RSDFFNSRASRX1_RVT                          s
RSDFFNSRASRX1_RVT#PWR                      s
RSDFFNSRASRX2_RVT                          s
RSDFFNSRASRX2_RVT#PWR                      s
RSDFFNSRASX1_RVT                           s
RSDFFNSRASX1_RVT#PWR                       s
RSDFFNSRASX2_RVT                           s
RSDFFNSRASX2_RVT#PWR                       s
RSDFFNSRX1_RVT                             s
RSDFFNSRX1_RVT#PWR                         s
RSDFFNSRX2_RVT                             s
RSDFFNSRX2_RVT#PWR                         s
RSDFFNX1_RVT                               s
RSDFFNX1_RVT#PWR                           s
RSDFFNX2_RVT                               s
RSDFFNX2_RVT#PWR                           s
RSDFFSRARX1_RVT                            s
RSDFFSRARX1_RVT#PWR                        s
RSDFFSRARX2_RVT                            s
RSDFFSRARX2_RVT#PWR                        s
RSDFFSRASRX1_RVT                           s
RSDFFSRASRX1_RVT#PWR                       s
RSDFFSRASRX2_RVT                           s
RSDFFSRASRX2_RVT#PWR                       s
RSDFFSRASX1_RVT                            s
RSDFFSRASX1_RVT#PWR                        s
RSDFFSRASX2_RVT                            s
RSDFFSRASX2_RVT#PWR                        s
RSDFFSRSSRX1_RVT                           s
RSDFFSRSSRX1_RVT#PWR                       s
RSDFFSRSSRX2_RVT                           s
RSDFFSRSSRX2_RVT#PWR                       s
RSDFFSRX1_RVT                              s
RSDFFSRX1_RVT#PWR                          s
RSDFFSRX2_RVT                              s
RSDFFSRX2_RVT#PWR                          s
RSDFFX1_RVT                                s
RSDFFX1_RVT#PWR                            s
RSDFFX2_RVT                                s
RSDFFX2_RVT#PWR                            s
SDFFARX1_RVT                               s
SDFFARX1_RVT#PWR                           s
SDFFARX2_RVT                               s
SDFFARX2_RVT#PWR                           s
SDFFASRSX1_RVT                             s
SDFFASRSX1_RVT#PWR                         s
SDFFASRSX2_RVT                             s
SDFFASRSX2_RVT#PWR                         s
SDFFASRX1_RVT                              s
SDFFASRX1_RVT#PWR                          s
SDFFASRX2_RVT                              s
SDFFASRX2_RVT#PWR                          s
SDFFASX1_RVT                               s
SDFFASX1_RVT#PWR                           s
SDFFASX2_RVT                               s
SDFFASX2_RVT#PWR                           s
SDFFNARX1_RVT                              s
SDFFNARX1_RVT#PWR                          s
SDFFNARX2_RVT                              s
SDFFNARX2_RVT#PWR                          s
SDFFNASRX1_RVT                             s
SDFFNASRX1_RVT#PWR                         s
SDFFNASRX2_RVT                             s
SDFFNASRX2_RVT#PWR                         s
SDFFNASX1_RVT                              s
SDFFNASX1_RVT#PWR                          s
SDFFNASX2_RVT                              s
SDFFNASX2_RVT#PWR                          s
SDFFNX1_RVT                                s
SDFFNX1_RVT#PWR                            s
SDFFNX2_RVT                                s
SDFFNX2_RVT#PWR                            s
SDFFSSRX1_RVT                              s
SDFFSSRX1_RVT#PWR                          s
SDFFSSRX2_RVT                              s
SDFFSSRX2_RVT#PWR                          s
SDFFX1_RVT                                 s
SDFFX1_RVT#PWR                             s
SDFFX2_RVT                                 s
SDFFX2_RVT#PWR                             s
SHFILL128_RVT                              
SHFILL128_RVT#PWR                          
SHFILL1_RVT                                
SHFILL1_RVT#PWR                            
SHFILL2_RVT                                
SHFILL2_RVT#PWR                            
SHFILL3_RVT                                
SHFILL3_RVT#PWR                            
SHFILL64_RVT                               
SHFILL64_RVT#PWR                           
TIEH_RVT                                   
TIEH_RVT#PWR                               
TIEL_RVT                                   
TIEL_RVT#PWR                               
TNBUFFX16_RVT                              t
TNBUFFX16_RVT#PWR                          t
TNBUFFX1_RVT                               t
TNBUFFX1_RVT#PWR                           t
TNBUFFX2_RVT                               t
TNBUFFX2_RVT#PWR                           t
TNBUFFX32_RVT                              t
TNBUFFX32_RVT#PWR                          t
TNBUFFX4_RVT                               t
TNBUFFX4_RVT#PWR                           t
TNBUFFX8_RVT                               t
TNBUFFX8_RVT#PWR                           t
XNOR2X1_RVT                                
XNOR2X1_RVT#PWR                            
XNOR2X2_RVT                                
XNOR2X2_RVT#PWR                            
XNOR3X1_RVT                                
XNOR3X1_RVT#PWR                            
XNOR3X2_RVT                                
XNOR3X2_RVT#PWR                            
XOR2X1_RVT                                 
XOR2X1_RVT#PWR                             
XOR2X2_RVT                                 
XOR2X2_RVT#PWR                             
XOR3X1_RVT                                 
XOR3X1_RVT#PWR                             
XOR3X2_RVT                                 
XOR3X2_RVT#PWR                             


################################################################################
####    TECH LIB - r:/FM_BBOX
################################################################################
Library Cell                             Attributes
------------                             ----------
fm_internal_act_cond_cell_bb_53            
fm_internal_act_cond_cell_bb_55            
fm_internal_act_cond_cell_bb_65            
fm_internal_act_cond_cell_bb_67            
fm_internal_act_cond_cell_bb_69            
fm_internal_act_cond_cell_bb_71            
fm_internal_act_cond_cell_bb_73            
fm_internal_act_cond_cell_bb_75            
fm_internal_act_cond_cell_bb_77            
fm_internal_act_cond_cell_bb_79            
fm_internal_act_cond_cell_bb_81            
fm_internal_act_cond_cell_bb_83            
fm_internal_act_cond_cell_bb_85            
fm_internal_act_cond_cell_bb_87            
fm_internal_act_cond_cell_bb_89            
fm_internal_act_cond_cell_bb_91            
fm_internal_act_cond_cell_bb_93            
fm_internal_act_cond_cell_bb_95            
fm_internal_act_cond_cell_bb_97            
fm_internal_act_cond_cell_bb_99            
fm_internal_act_cond_cell_bb_101           
fm_internal_act_cond_cell_bb_103           
fm_internal_act_cond_cell_bb_105           
fm_internal_act_cond_cell_bb_107           
fm_internal_act_cond_cell_bb_109           
fm_internal_act_cond_cell_bb_111           
fm_internal_act_cond_cell_bb_113           
fm_internal_act_cond_cell_bb_115           
fm_internal_act_cond_cell_bb_117           
fm_internal_act_cond_cell_bb_119           
fm_internal_act_cond_cell_bb_121           
fm_internal_act_cond_cell_bb_123           
fm_internal_act_cond_cell_bb_125           
fm_internal_act_cond_cell_bb_127           
fm_internal_act_cond_cell_bb_129           
fm_internal_act_cond_cell_bb_131           
fm_internal_act_cond_cell_bb_133           
fm_internal_act_cond_cell_bb_135           
fm_internal_act_cond_cell_bb_137           
fm_internal_act_cond_cell_bb_139           
fm_internal_act_cond_cell_bb_141           
fm_internal_act_cond_cell_bb_143           
fm_internal_act_cond_cell_bb_145           
fm_internal_act_cond_cell_bb_147           
fm_internal_act_cond_cell_bb_149           
fm_internal_act_cond_cell_bb_151           
fm_internal_act_cond_cell_bb_153           
fm_internal_act_cond_cell_bb_155           
fm_internal_act_cond_cell_bb_157           
fm_internal_act_cond_cell_bb_159           
fm_internal_act_cond_cell_bb_161           
fm_internal_act_cond_cell_bb_163           
fm_internal_act_cond_cell_bb_165           
fm_internal_act_cond_cell_bb_167           
fm_internal_act_cond_cell_bb_169           
fm_internal_act_cond_cell_bb_171           
fm_internal_act_cond_cell_bb_173           
fm_internal_act_cond_cell_bb_175           
fm_internal_act_cond_cell_bb_177           
fm_internal_act_cond_cell_bb_179           
fm_internal_act_cond_cell_bb_181           
fm_internal_act_cond_cell_bb_183           
fm_internal_act_cond_cell_bb_185           
fm_internal_act_cond_cell_bb_187           
fm_internal_act_cond_cell_bb_189           
fm_internal_act_cond_cell_bb_191           
fm_internal_act_cond_cell_bb_193           
fm_internal_act_cond_cell_bb_195           
fm_internal_act_cond_cell_bb_197           
fm_internal_act_cond_cell_bb_199           
fm_internal_act_cond_cell_bb_201           
fm_internal_act_cond_cell_bb_203           
fm_internal_act_cond_cell_bb_205           
fm_internal_act_cond_cell_bb_207           
fm_internal_act_cond_cell_bb_209           
fm_internal_act_cond_cell_bb_211           
fm_internal_act_cond_cell_bb_213           
fm_internal_act_cond_cell_bb_215           
fm_internal_act_cond_cell_bb_217           
fm_internal_act_cond_cell_bb_219           
fm_internal_act_cond_cell_bb_221           
fm_internal_act_cond_cell_bb_223           
fm_internal_act_cond_cell_bb_225           
fm_internal_act_cond_cell_bb_227           
fm_internal_act_cond_cell_bb_229           
fm_internal_act_cond_cell_bb_231           
fm_internal_act_cond_cell_bb_233           
fm_internal_act_cond_cell_bb_235           
fm_internal_act_cond_cell_bb_237           
fm_internal_act_cond_cell_bb_239           
fm_internal_act_cond_cell_bb_241           
fm_internal_act_cond_cell_bb_243           
fm_internal_act_cond_cell_bb_245           
fm_internal_act_cond_cell_bb_247           
fm_internal_act_cond_cell_bb_249           
fm_internal_act_cond_cell_bb_251           
fm_internal_act_cond_cell_bb_253           
fm_internal_act_cond_cell_bb_255           
fm_internal_act_cond_cell_bb_257           
fm_internal_act_cond_cell_bb_259           
fm_internal_act_cond_cell_bb_261           
fm_internal_act_cond_cell_bb_263           
fm_internal_act_cond_cell_bb_265           
fm_internal_act_cond_cell_bb_267           
fm_internal_act_cond_cell_bb_269           
fm_internal_act_cond_cell_bb_271           
fm_internal_act_cond_cell_bb_273           
fm_internal_act_cond_cell_bb_275           
fm_internal_act_cond_cell_bb_277           
fm_internal_act_cond_cell_bb_279           
fm_internal_act_cond_cell_bb_281           
fm_internal_act_cond_cell_bb_283           
fm_internal_act_cond_cell_bb_285           
fm_internal_act_cond_cell_bb_287           
fm_internal_act_cond_cell_bb_289           
fm_internal_act_cond_cell_bb_291           
fm_internal_act_cond_cell_bb_293           
fm_internal_act_cond_cell_bb_295           
fm_internal_act_cond_cell_bb_297           
fm_internal_act_cond_cell_bb_299           
fm_internal_act_cond_cell_bb_301           
fm_internal_act_cond_cell_bb_303           
fm_internal_act_cond_cell_bb_305           
fm_internal_act_cond_cell_bb_307           
fm_internal_act_cond_cell_bb_309           
fm_internal_act_cond_cell_bb_311           
fm_internal_act_cond_cell_bb_313           
fm_internal_act_cond_cell_bb_315           
fm_internal_act_cond_cell_bb_317           
fm_internal_act_cond_cell_bb_319           
fm_internal_act_cond_cell_bb_321           
fm_internal_act_cond_cell_bb_323           
fm_internal_act_cond_cell_bb_327           
fm_internal_act_cond_cell_bb_329           
fm_internal_act_cond_cell_bb_331           
fm_internal_act_cond_cell_bb_333           
fm_internal_act_cond_cell_bb_335           
fm_internal_act_cond_cell_bb_337           
fm_internal_act_cond_cell_bb_339           
fm_internal_act_cond_cell_bb_341           
fm_internal_act_cond_cell_bb_343           
fm_internal_act_cond_cell_bb_345           
fm_internal_act_cond_cell_bb_347           
fm_internal_act_cond_cell_bb_349           
fm_internal_act_cond_cell_bb_351           
fm_internal_act_cond_cell_bb_353           
fm_internal_act_cond_cell_bb_355           
fm_internal_act_cond_cell_bb_357           
fm_internal_act_cond_cell_bb_359           
fm_internal_act_cond_cell_bb_361           
fm_internal_act_cond_cell_bb_363           
fm_internal_act_cond_cell_bb_365           
fm_internal_act_cond_cell_bb_367           
fm_internal_act_cond_cell_bb_369           
fm_internal_act_cond_cell_bb_371           
fm_internal_act_cond_cell_bb_373           
fm_internal_act_cond_cell_bb_375           
fm_internal_act_cond_cell_bb_377           
fm_internal_act_cond_cell_bb_379           
fm_internal_act_cond_cell_bb_381           
fm_internal_act_cond_cell_bb_383           
fm_internal_act_cond_cell_bb_385           
fm_internal_act_cond_cell_bb_387           
fm_internal_act_cond_cell_bb_389           
fm_internal_act_cond_cell_bb_391           
fm_internal_act_cond_cell_bb_393           
fm_internal_act_cond_cell_bb_395           
fm_internal_act_cond_cell_bb_397           
fm_internal_act_cond_cell_bb_399           
fm_internal_act_cond_cell_bb_401           
fm_internal_act_cond_cell_bb_403           
fm_internal_act_cond_cell_bb_405           
fm_internal_act_cond_cell_bb_407           
fm_internal_act_cond_cell_bb_409           
fm_internal_act_cond_cell_bb_411           
fm_internal_act_cond_cell_bb_413           
fm_internal_act_cond_cell_bb_415           
fm_internal_act_cond_cell_bb_417           
fm_internal_act_cond_cell_bb_419           
fm_internal_act_cond_cell_bb_421           
fm_internal_act_cond_cell_bb_423           
fm_internal_act_cond_cell_bb_425           
fm_internal_act_cond_cell_bb_427           
fm_internal_act_cond_cell_bb_429           
fm_internal_act_cond_cell_bb_431           
fm_internal_act_cond_cell_bb_433           
fm_internal_act_cond_cell_bb_435           
fm_internal_act_cond_cell_bb_437           
fm_internal_act_cond_cell_bb_439           
fm_internal_act_cond_cell_bb_441           
fm_internal_act_cond_cell_bb_443           
fm_internal_act_cond_cell_bb_445           
fm_internal_act_cond_cell_bb_447           
fm_internal_act_cond_cell_bb_449           
fm_internal_act_cond_cell_bb_451           
fm_internal_act_cond_cell_bb_453           
fm_internal_act_cond_cell_bb_455           
fm_internal_act_cond_cell_bb_457           
fm_internal_act_cond_cell_bb_459           
fm_internal_act_cond_cell_bb_461           
fm_internal_act_cond_cell_bb_463           
fm_internal_act_cond_cell_bb_465           
fm_internal_act_cond_cell_bb_467           
fm_internal_act_cond_cell_bb_469           
fm_internal_act_cond_cell_bb_471           
fm_internal_act_cond_cell_bb_473           
fm_internal_act_cond_cell_bb_475           
fm_internal_act_cond_cell_bb_477           
fm_internal_act_cond_cell_bb_479           
fm_internal_act_cond_cell_bb_481           
fm_internal_act_cond_cell_bb_483           
fm_internal_act_cond_cell_bb_485           
fm_internal_act_cond_cell_bb_487           
fm_internal_act_cond_cell_bb_489           
fm_internal_act_cond_cell_bb_491           
fm_internal_act_cond_cell_bb_493           
fm_internal_act_cond_cell_bb_495           
fm_internal_act_cond_cell_bb_497           
fm_internal_act_cond_cell_bb_499           
fm_internal_act_cond_cell_bb_501           
fm_internal_act_cond_cell_bb_503           
fm_internal_act_cond_cell_bb_505           
fm_internal_act_cond_cell_bb_507           
fm_internal_act_cond_cell_bb_509           
fm_internal_act_cond_cell_bb_511           
fm_internal_act_cond_cell_bb_513           
fm_internal_act_cond_cell_bb_515           
fm_internal_act_cond_cell_bb_517           
fm_internal_act_cond_cell_bb_519           
fm_internal_act_cond_cell_bb_521           
fm_internal_act_cond_cell_bb_523           
fm_internal_act_cond_cell_bb_525           
fm_internal_act_cond_cell_bb_527           
fm_internal_act_cond_cell_bb_529           
fm_internal_act_cond_cell_bb_531           
fm_internal_act_cond_cell_bb_533           
fm_internal_act_cond_cell_bb_535           
fm_internal_act_cond_cell_bb_537           
fm_internal_act_cond_cell_bb_539           
fm_internal_act_cond_cell_bb_541           
fm_internal_act_cond_cell_bb_543           
fm_internal_act_cond_cell_bb_545           
fm_internal_act_cond_cell_bb_547           
fm_internal_act_cond_cell_bb_549           
fm_internal_act_cond_cell_bb_551           
fm_internal_act_cond_cell_bb_553           
fm_internal_act_cond_cell_bb_555           
fm_internal_act_cond_cell_bb_557           
fm_internal_act_cond_cell_bb_559           
fm_internal_act_cond_cell_bb_561           
fm_internal_act_cond_cell_bb_563           
fm_internal_act_cond_cell_bb_565           
fm_internal_act_cond_cell_bb_567           
fm_internal_act_cond_cell_bb_569           
fm_internal_act_cond_cell_bb_571           
fm_internal_act_cond_cell_bb_573           
fm_internal_act_cond_cell_bb_575           
fm_internal_act_cond_cell_bb_577           
fm_internal_act_cond_cell_bb_579           
fm_internal_act_cond_cell_bb_581           
fm_internal_act_cond_cell_bb_583           
fm_internal_act_cond_cell_bb_585           
fm_internal_act_cond_cell_bb_597           
fm_internal_act_cond_cell_bb_599           
fm_internal_act_cond_cell_bb_601           
fm_internal_act_cond_cell_bb_891           
fm_internal_act_cond_cell_bb_893           
fm_internal_act_cond_cell_bb_895           
fm_internal_act_cond_cell_bb_897           
fm_internal_act_cond_cell_bb_899           
fm_internal_act_cond_cell_bb_901           
fm_internal_act_cond_cell_bb_903           
fm_internal_act_cond_cell_bb_905           
fm_internal_act_cond_cell_bb_907           
fm_internal_act_cond_cell_bb_909           
fm_internal_act_cond_cell_bb_911           
fm_internal_act_cond_cell_bb_913           
fm_internal_act_cond_cell_bb_915           
fm_internal_act_cond_cell_bb_917           
fm_internal_act_cond_cell_bb_919           
fm_internal_act_cond_cell_bb_921           
fm_internal_act_cond_cell_bb_923           
fm_internal_act_cond_cell_bb_925           
fm_internal_act_cond_cell_bb_927           
fm_internal_act_cond_cell_bb_929           
fm_internal_act_cond_cell_bb_931           
fm_internal_act_cond_cell_bb_933           
fm_internal_act_cond_cell_bb_935           
fm_internal_act_cond_cell_bb_937           
fm_internal_act_cond_cell_bb_939           
fm_internal_act_cond_cell_bb_941           
fm_internal_act_cond_cell_bb_943           
fm_internal_act_cond_cell_bb_945           
fm_internal_act_cond_cell_bb_947           
fm_internal_act_cond_cell_bb_949           
fm_internal_act_cond_cell_bb_951           
fm_internal_act_cond_cell_bb_953           
fm_internal_act_cond_cell_bb_955           
fm_internal_act_cond_cell_bb_957           
fm_internal_act_cond_cell_bb_959           
fm_internal_act_cond_cell_bb_961           
fm_internal_act_cond_cell_bb_963           
fm_internal_act_cond_cell_bb_965           
fm_internal_act_cond_cell_bb_967           
fm_internal_act_cond_cell_bb_969           
fm_internal_act_cond_cell_bb_971           
fm_internal_act_cond_cell_bb_973           
fm_internal_act_cond_cell_bb_975           
fm_internal_act_cond_cell_bb_977           
fm_internal_act_cond_cell_bb_979           
fm_internal_act_cond_cell_bb_981           
fm_internal_act_cond_cell_bb_983           
fm_internal_act_cond_cell_bb_985           
fm_internal_act_cond_cell_bb_987           
fm_internal_act_cond_cell_bb_989           
fm_internal_act_cond_cell_bb_991           
fm_internal_act_cond_cell_bb_993           
fm_internal_act_cond_cell_bb_995           
fm_internal_act_cond_cell_bb_997           
fm_internal_act_cond_cell_bb_999           
fm_internal_act_cond_cell_bb_1001          
fm_internal_act_cond_cell_bb_1003          
fm_internal_act_cond_cell_bb_1005          
fm_internal_act_cond_cell_bb_1007          
fm_internal_act_cond_cell_bb_1009          
fm_internal_act_cond_cell_bb_1011          
fm_internal_act_cond_cell_bb_1013          
fm_internal_act_cond_cell_bb_1015          
fm_internal_act_cond_cell_bb_1017          
fm_internal_act_cond_cell_bb_1019          
fm_internal_act_cond_cell_bb_1021          
fm_internal_act_cond_cell_bb_1023          
fm_internal_act_cond_cell_bb_1025          
fm_internal_act_cond_cell_bb_1027          
fm_internal_act_cond_cell_bb_1029          
fm_internal_act_cond_cell_bb_1031          
fm_internal_act_cond_cell_bb_1033          
fm_internal_act_cond_cell_bb_1035          
fm_internal_act_cond_cell_bb_1037          
fm_internal_act_cond_cell_bb_1039          
fm_internal_act_cond_cell_bb_1041          
fm_internal_act_cond_cell_bb_1043          
fm_internal_act_cond_cell_bb_1045          
fm_internal_act_cond_cell_bb_1047          
fm_internal_act_cond_cell_bb_1049          
fm_internal_act_cond_cell_bb_1051          
fm_internal_act_cond_cell_bb_1053          
fm_internal_act_cond_cell_bb_1055          
fm_internal_act_cond_cell_bb_1057          
fm_internal_act_cond_cell_bb_1059          
fm_internal_act_cond_cell_bb_1061          
fm_internal_act_cond_cell_bb_1063          
fm_internal_act_cond_cell_bb_1065          
fm_internal_act_cond_cell_bb_1067          
fm_internal_act_cond_cell_bb_1069          
fm_internal_act_cond_cell_bb_1071          
fm_internal_act_cond_cell_bb_1073          
fm_internal_act_cond_cell_bb_1075          
fm_internal_act_cond_cell_bb_1077          
fm_internal_act_cond_cell_bb_1079          
fm_internal_act_cond_cell_bb_1081          
fm_internal_act_cond_cell_bb_1083          
fm_internal_act_cond_cell_bb_1085          
fm_internal_act_cond_cell_bb_1087          
fm_internal_act_cond_cell_bb_1089          
fm_internal_act_cond_cell_bb_1091          
fm_internal_act_cond_cell_bb_1093          
fm_internal_act_cond_cell_bb_1095          
fm_internal_act_cond_cell_bb_1097          
fm_internal_act_cond_cell_bb_1099          
fm_internal_act_cond_cell_bb_1101          
fm_internal_act_cond_cell_bb_1103          
fm_internal_act_cond_cell_bb_1105          
fm_internal_act_cond_cell_bb_1107          
fm_internal_act_cond_cell_bb_1109          
fm_internal_act_cond_cell_bb_1111          
fm_internal_act_cond_cell_bb_1113          
fm_internal_act_cond_cell_bb_1115          
fm_internal_act_cond_cell_bb_1117          
fm_internal_act_cond_cell_bb_1119          
fm_internal_act_cond_cell_bb_1121          
fm_internal_act_cond_cell_bb_1123          
fm_internal_act_cond_cell_bb_1125          
fm_internal_act_cond_cell_bb_1127          
fm_internal_act_cond_cell_bb_1129          
fm_internal_act_cond_cell_bb_1131          
fm_internal_act_cond_cell_bb_1133          
fm_internal_act_cond_cell_bb_1135          
fm_internal_act_cond_cell_bb_1137          
fm_internal_act_cond_cell_bb_1139          
fm_internal_act_cond_cell_bb_1141          
fm_internal_act_cond_cell_bb_1143          
fm_internal_act_cond_cell_bb_1145          
fm_internal_act_cond_cell_bb_1147          
fm_internal_act_cond_cell_bb_1149          
fm_internal_act_cond_cell_bb_1151          
fm_internal_act_cond_cell_bb_1153          
fm_internal_act_cond_cell_bb_1159          
fm_internal_act_cond_cell_bb_1161          
fm_internal_act_cond_cell_bb_1163          
fm_internal_act_cond_cell_bb_1165          
fm_internal_act_cond_cell_bb_1167          
fm_internal_act_cond_cell_bb_1169          
fm_internal_act_cond_cell_bb_1171          
fm_internal_act_cond_cell_bb_1173          
fm_internal_act_cond_cell_bb_1175          
fm_internal_act_cond_cell_bb_1177          
fm_internal_act_cond_cell_bb_1179          
fm_internal_act_cond_cell_bb_1181          
fm_internal_act_cond_cell_bb_1183          
fm_internal_act_cond_cell_bb_1185          
fm_internal_act_cond_cell_bb_1187          
fm_internal_act_cond_cell_bb_1189          
fm_internal_act_cond_cell_bb_1191          
fm_internal_act_cond_cell_bb_1193          
fm_internal_act_cond_cell_bb_1195          
fm_internal_act_cond_cell_bb_1197          
fm_internal_act_cond_cell_bb_1199          
fm_internal_act_cond_cell_bb_1201          
fm_internal_act_cond_cell_bb_1203          
fm_internal_act_cond_cell_bb_1205          
fm_internal_act_cond_cell_bb_1207          
fm_internal_act_cond_cell_bb_1209          
fm_internal_act_cond_cell_bb_1211          
fm_internal_act_cond_cell_bb_1213          
fm_internal_act_cond_cell_bb_1215          
fm_internal_act_cond_cell_bb_1217          
fm_internal_act_cond_cell_bb_1219          
fm_internal_act_cond_cell_bb_1221          
fm_internal_act_cond_cell_bb_1223          
fm_internal_act_cond_cell_bb_1225          
fm_internal_act_cond_cell_bb_1227          
fm_internal_act_cond_cell_bb_1229          
fm_internal_act_cond_cell_bb_1231          
fm_internal_act_cond_cell_bb_1233          
fm_internal_act_cond_cell_bb_1235          
fm_internal_act_cond_cell_bb_1237          
fm_internal_act_cond_cell_bb_1239          
fm_internal_act_cond_cell_bb_1241          
fm_internal_act_cond_cell_bb_1243          
fm_internal_act_cond_cell_bb_1245          
fm_internal_act_cond_cell_bb_1247          
fm_internal_act_cond_cell_bb_1249          
fm_internal_act_cond_cell_bb_1251          
fm_internal_act_cond_cell_bb_1253          
fm_internal_act_cond_cell_bb_1255          
fm_internal_act_cond_cell_bb_1257          
fm_internal_act_cond_cell_bb_1259          
fm_internal_act_cond_cell_bb_1261          
fm_internal_act_cond_cell_bb_1263          
fm_internal_act_cond_cell_bb_1265          
fm_internal_act_cond_cell_bb_1267          
fm_internal_act_cond_cell_bb_1269          
fm_internal_act_cond_cell_bb_1271          
fm_internal_act_cond_cell_bb_1273          
fm_internal_act_cond_cell_bb_1275          
fm_internal_act_cond_cell_bb_1277          
fm_internal_act_cond_cell_bb_1279          
fm_internal_act_cond_cell_bb_1281          
fm_internal_act_cond_cell_bb_1283          
fm_internal_act_cond_cell_bb_1285          
fm_internal_act_cond_cell_bb_1287          
fm_internal_act_cond_cell_bb_1289          
fm_internal_act_cond_cell_bb_1291          
fm_internal_act_cond_cell_bb_1293          
fm_internal_act_cond_cell_bb_1295          
fm_internal_act_cond_cell_bb_1297          
fm_internal_act_cond_cell_bb_1299          
fm_internal_act_cond_cell_bb_1301          
fm_internal_act_cond_cell_bb_1303          
fm_internal_act_cond_cell_bb_1305          
fm_internal_act_cond_cell_bb_1307          
fm_internal_act_cond_cell_bb_1309          
fm_internal_act_cond_cell_bb_1311          
fm_internal_act_cond_cell_bb_1313          
fm_internal_act_cond_cell_bb_1315          
fm_internal_act_cond_cell_bb_1317          
fm_internal_act_cond_cell_bb_1319          
fm_internal_act_cond_cell_bb_1321          
fm_internal_act_cond_cell_bb_1323          
fm_internal_act_cond_cell_bb_1325          
fm_internal_act_cond_cell_bb_1327          
fm_internal_act_cond_cell_bb_1329          
fm_internal_act_cond_cell_bb_1331          
fm_internal_act_cond_cell_bb_1333          
fm_internal_act_cond_cell_bb_1335          
fm_internal_act_cond_cell_bb_1337          
fm_internal_act_cond_cell_bb_1339          
fm_internal_act_cond_cell_bb_1341          
fm_internal_act_cond_cell_bb_1343          
fm_internal_act_cond_cell_bb_1345          
fm_internal_act_cond_cell_bb_1347          
fm_internal_act_cond_cell_bb_1349          
fm_internal_act_cond_cell_bb_1351          
fm_internal_act_cond_cell_bb_1353          
fm_internal_act_cond_cell_bb_1355          
fm_internal_act_cond_cell_bb_1357          
fm_internal_act_cond_cell_bb_1359          
fm_internal_act_cond_cell_bb_1361          
fm_internal_act_cond_cell_bb_1363          
fm_internal_act_cond_cell_bb_1365          
fm_internal_act_cond_cell_bb_1367          
fm_internal_act_cond_cell_bb_1369          
fm_internal_act_cond_cell_bb_1371          
fm_internal_act_cond_cell_bb_1373          
fm_internal_act_cond_cell_bb_1375          
fm_internal_act_cond_cell_bb_1377          
fm_internal_act_cond_cell_bb_1379          
fm_internal_act_cond_cell_bb_1381          
fm_internal_act_cond_cell_bb_1383          
fm_internal_act_cond_cell_bb_1385          
fm_internal_act_cond_cell_bb_1387          
fm_internal_act_cond_cell_bb_1389          
fm_internal_act_cond_cell_bb_1391          
fm_internal_act_cond_cell_bb_1393          
fm_internal_act_cond_cell_bb_1395          
fm_internal_act_cond_cell_bb_1397          
fm_internal_act_cond_cell_bb_1399          
fm_internal_act_cond_cell_bb_1401          
fm_internal_act_cond_cell_bb_1403          
fm_internal_act_cond_cell_bb_1405          
fm_internal_act_cond_cell_bb_1407          
fm_internal_act_cond_cell_bb_1409          
fm_internal_act_cond_cell_bb_1411          
fm_internal_act_cond_cell_bb_1413          
fm_internal_act_cond_cell_bb_1415          
fm_internal_act_cond_cell_bb_1417          
fm_internal_act_cond_cell_bb_1419          
fm_internal_act_cond_cell_bb_1421          
fm_internal_act_cond_cell_bb_1427          
fm_internal_act_cond_cell_bb_1429          
fm_internal_act_cond_cell_bb_1431          
fm_internal_act_cond_cell_bb_1433          
fm_internal_act_cond_cell_bb_1435          
fm_internal_act_cond_cell_bb_1437          
fm_internal_act_cond_cell_bb_1439          
fm_internal_act_cond_cell_bb_1441          
fm_internal_act_cond_cell_bb_1443          
fm_internal_act_cond_cell_bb_1445          
fm_internal_act_cond_cell_bb_1447          
fm_internal_act_cond_cell_bb_1449          
fm_internal_act_cond_cell_bb_1451          
fm_internal_act_cond_cell_bb_1453          
fm_internal_act_cond_cell_bb_1455          
fm_internal_act_cond_cell_bb_1457          
fm_internal_act_cond_cell_bb_1459          
fm_internal_act_cond_cell_bb_1461          
fm_internal_act_cond_cell_bb_1463          
fm_internal_act_cond_cell_bb_1465          
fm_internal_act_cond_cell_bb_1467          
fm_internal_act_cond_cell_bb_1469          
fm_internal_act_cond_cell_bb_1471          
fm_internal_act_cond_cell_bb_1473          
fm_internal_act_cond_cell_bb_1475          
fm_internal_act_cond_cell_bb_1477          
fm_internal_act_cond_cell_bb_1479          
fm_internal_act_cond_cell_bb_1481          
fm_internal_act_cond_cell_bb_1483          
fm_internal_act_cond_cell_bb_1485          
fm_internal_act_cond_cell_bb_1487          
fm_internal_act_cond_cell_bb_1489          
fm_internal_act_cond_cell_bb_1491          
fm_internal_act_cond_cell_bb_1493          
fm_internal_act_cond_cell_bb_1495          
fm_internal_act_cond_cell_bb_1497          
fm_internal_act_cond_cell_bb_1499          
fm_internal_act_cond_cell_bb_1501          
fm_internal_act_cond_cell_bb_1503          
fm_internal_act_cond_cell_bb_1505          
fm_internal_act_cond_cell_bb_1507          
fm_internal_act_cond_cell_bb_1509          
fm_internal_act_cond_cell_bb_1511          
fm_internal_act_cond_cell_bb_1513          
fm_internal_act_cond_cell_bb_1515          
fm_internal_act_cond_cell_bb_1517          
fm_internal_act_cond_cell_bb_1519          
fm_internal_act_cond_cell_bb_1521          
fm_internal_act_cond_cell_bb_1523          
fm_internal_act_cond_cell_bb_1525          
fm_internal_act_cond_cell_bb_1527          
fm_internal_act_cond_cell_bb_1529          
fm_internal_act_cond_cell_bb_1531          
fm_internal_act_cond_cell_bb_1533          
fm_internal_act_cond_cell_bb_1535          
fm_internal_act_cond_cell_bb_1537          
fm_internal_act_cond_cell_bb_1539          
fm_internal_act_cond_cell_bb_1541          
fm_internal_act_cond_cell_bb_1543          
fm_internal_act_cond_cell_bb_1545          
fm_internal_act_cond_cell_bb_1547          
fm_internal_act_cond_cell_bb_1549          
fm_internal_act_cond_cell_bb_1551          
fm_internal_act_cond_cell_bb_1553          
fm_internal_act_cond_cell_bb_1555          
fm_internal_act_cond_cell_bb_1557          
fm_internal_act_cond_cell_bb_1559          
fm_internal_act_cond_cell_bb_1561          
fm_internal_act_cond_cell_bb_1563          
fm_internal_act_cond_cell_bb_1565          
fm_internal_act_cond_cell_bb_1567          
fm_internal_act_cond_cell_bb_1569          
fm_internal_act_cond_cell_bb_1571          
fm_internal_act_cond_cell_bb_1573          
fm_internal_act_cond_cell_bb_1575          
fm_internal_act_cond_cell_bb_1577          
fm_internal_act_cond_cell_bb_1579          
fm_internal_act_cond_cell_bb_1581          
fm_internal_act_cond_cell_bb_1583          
fm_internal_act_cond_cell_bb_1585          
fm_internal_act_cond_cell_bb_1587          
fm_internal_act_cond_cell_bb_1589          
fm_internal_act_cond_cell_bb_1591          
fm_internal_act_cond_cell_bb_1593          
fm_internal_act_cond_cell_bb_1595          
fm_internal_act_cond_cell_bb_1597          
fm_internal_act_cond_cell_bb_1599          
fm_internal_act_cond_cell_bb_1601          
fm_internal_act_cond_cell_bb_1603          
fm_internal_act_cond_cell_bb_1605          
fm_internal_act_cond_cell_bb_1607          
fm_internal_act_cond_cell_bb_1609          
fm_internal_act_cond_cell_bb_1611          
fm_internal_act_cond_cell_bb_1613          
fm_internal_act_cond_cell_bb_1615          
fm_internal_act_cond_cell_bb_1617          
fm_internal_act_cond_cell_bb_1619          
fm_internal_act_cond_cell_bb_1621          
fm_internal_act_cond_cell_bb_1623          
fm_internal_act_cond_cell_bb_1625          
fm_internal_act_cond_cell_bb_1627          
fm_internal_act_cond_cell_bb_1629          
fm_internal_act_cond_cell_bb_1631          
fm_internal_act_cond_cell_bb_1633          
fm_internal_act_cond_cell_bb_1635          
fm_internal_act_cond_cell_bb_1637          
fm_internal_act_cond_cell_bb_1639          
fm_internal_act_cond_cell_bb_1641          
fm_internal_act_cond_cell_bb_1643          
fm_internal_act_cond_cell_bb_1645          
fm_internal_act_cond_cell_bb_1647          
fm_internal_act_cond_cell_bb_1649          
fm_internal_act_cond_cell_bb_1651          
fm_internal_act_cond_cell_bb_1653          
fm_internal_act_cond_cell_bb_1655          
fm_internal_act_cond_cell_bb_1657          
fm_internal_act_cond_cell_bb_1659          
fm_internal_act_cond_cell_bb_1661          
fm_internal_act_cond_cell_bb_1663          
fm_internal_act_cond_cell_bb_1665          
fm_internal_act_cond_cell_bb_1667          
fm_internal_act_cond_cell_bb_1669          
fm_internal_act_cond_cell_bb_1671          
fm_internal_act_cond_cell_bb_1673          
fm_internal_act_cond_cell_bb_1675          
fm_internal_act_cond_cell_bb_1677          
fm_internal_act_cond_cell_bb_1679          
fm_internal_act_cond_cell_bb_1681          
fm_internal_act_cond_cell_bb_1683          
fm_internal_act_cond_cell_bb_1685          
fm_internal_act_cond_cell_bb_1687          
fm_internal_act_cond_cell_bb_1689          
fm_internal_act_cond_cell_bb_1695          
fm_internal_act_cond_cell_bb_1697          
fm_internal_act_cond_cell_bb_1699          
fm_internal_act_cond_cell_bb_1701          
fm_internal_act_cond_cell_bb_1703          
fm_internal_act_cond_cell_bb_1705          
fm_internal_act_cond_cell_bb_1707          
fm_internal_act_cond_cell_bb_1709          
fm_internal_act_cond_cell_bb_1711          
fm_internal_act_cond_cell_bb_1713          
fm_internal_act_cond_cell_bb_1715          
fm_internal_act_cond_cell_bb_1717          
fm_internal_act_cond_cell_bb_1719          
fm_internal_act_cond_cell_bb_1721          
fm_internal_act_cond_cell_bb_1723          
fm_internal_act_cond_cell_bb_1725          
fm_internal_act_cond_cell_bb_1727          
fm_internal_act_cond_cell_bb_1729          
fm_internal_act_cond_cell_bb_1731          
fm_internal_act_cond_cell_bb_1733          
fm_internal_act_cond_cell_bb_1735          
fm_internal_act_cond_cell_bb_1737          
fm_internal_act_cond_cell_bb_1739          
fm_internal_act_cond_cell_bb_1741          
fm_internal_act_cond_cell_bb_1743          
fm_internal_act_cond_cell_bb_1745          
fm_internal_act_cond_cell_bb_1747          
fm_internal_act_cond_cell_bb_1749          
fm_internal_act_cond_cell_bb_1751          
fm_internal_act_cond_cell_bb_1753          
fm_internal_act_cond_cell_bb_1755          
fm_internal_act_cond_cell_bb_1757          
fm_internal_act_cond_cell_bb_1759          
fm_internal_act_cond_cell_bb_1761          
fm_internal_act_cond_cell_bb_1763          
fm_internal_act_cond_cell_bb_1765          
fm_internal_act_cond_cell_bb_1767          
fm_internal_act_cond_cell_bb_1769          
fm_internal_act_cond_cell_bb_1771          
fm_internal_act_cond_cell_bb_1773          
fm_internal_act_cond_cell_bb_1775          
fm_internal_act_cond_cell_bb_1777          
fm_internal_act_cond_cell_bb_1779          
fm_internal_act_cond_cell_bb_1781          
fm_internal_act_cond_cell_bb_1783          
fm_internal_act_cond_cell_bb_1785          
fm_internal_act_cond_cell_bb_1787          
fm_internal_act_cond_cell_bb_1789          
fm_internal_act_cond_cell_bb_1791          
fm_internal_act_cond_cell_bb_1793          
fm_internal_act_cond_cell_bb_1795          
fm_internal_act_cond_cell_bb_1797          
fm_internal_act_cond_cell_bb_1799          
fm_internal_act_cond_cell_bb_1801          
fm_internal_act_cond_cell_bb_1803          
fm_internal_act_cond_cell_bb_1805          
fm_internal_act_cond_cell_bb_1807          
fm_internal_act_cond_cell_bb_1809          
fm_internal_act_cond_cell_bb_1811          
fm_internal_act_cond_cell_bb_1813          
fm_internal_act_cond_cell_bb_1815          
fm_internal_act_cond_cell_bb_1817          
fm_internal_act_cond_cell_bb_1819          
fm_internal_act_cond_cell_bb_1821          
fm_internal_act_cond_cell_bb_1823          
fm_internal_act_cond_cell_bb_1825          
fm_internal_act_cond_cell_bb_1827          
fm_internal_act_cond_cell_bb_1829          
fm_internal_act_cond_cell_bb_1831          
fm_internal_act_cond_cell_bb_1833          
fm_internal_act_cond_cell_bb_1835          
fm_internal_act_cond_cell_bb_1837          
fm_internal_act_cond_cell_bb_1839          
fm_internal_act_cond_cell_bb_1841          
fm_internal_act_cond_cell_bb_1843          
fm_internal_act_cond_cell_bb_1845          
fm_internal_act_cond_cell_bb_1847          
fm_internal_act_cond_cell_bb_1849          
fm_internal_act_cond_cell_bb_1851          
fm_internal_act_cond_cell_bb_1853          
fm_internal_act_cond_cell_bb_1855          
fm_internal_act_cond_cell_bb_1857          
fm_internal_act_cond_cell_bb_1859          
fm_internal_act_cond_cell_bb_1861          
fm_internal_act_cond_cell_bb_1863          
fm_internal_act_cond_cell_bb_1865          
fm_internal_act_cond_cell_bb_1867          
fm_internal_act_cond_cell_bb_1869          
fm_internal_act_cond_cell_bb_1871          
fm_internal_act_cond_cell_bb_1873          
fm_internal_act_cond_cell_bb_1875          
fm_internal_act_cond_cell_bb_1877          
fm_internal_act_cond_cell_bb_1879          
fm_internal_act_cond_cell_bb_1881          
fm_internal_act_cond_cell_bb_1883          
fm_internal_act_cond_cell_bb_1885          
fm_internal_act_cond_cell_bb_1887          
fm_internal_act_cond_cell_bb_1889          
fm_internal_act_cond_cell_bb_1891          
fm_internal_act_cond_cell_bb_1893          
fm_internal_act_cond_cell_bb_1895          
fm_internal_act_cond_cell_bb_1897          
fm_internal_act_cond_cell_bb_1899          
fm_internal_act_cond_cell_bb_1901          
fm_internal_act_cond_cell_bb_1903          
fm_internal_act_cond_cell_bb_1905          
fm_internal_act_cond_cell_bb_1907          
fm_internal_act_cond_cell_bb_1909          
fm_internal_act_cond_cell_bb_1911          
fm_internal_act_cond_cell_bb_1913          
fm_internal_act_cond_cell_bb_1915          
fm_internal_act_cond_cell_bb_1917          
fm_internal_act_cond_cell_bb_1919          
fm_internal_act_cond_cell_bb_1921          
fm_internal_act_cond_cell_bb_1923          
fm_internal_act_cond_cell_bb_1925          
fm_internal_act_cond_cell_bb_1927          
fm_internal_act_cond_cell_bb_1929          
fm_internal_act_cond_cell_bb_1931          
fm_internal_act_cond_cell_bb_1933          
fm_internal_act_cond_cell_bb_1935          
fm_internal_act_cond_cell_bb_1937          
fm_internal_act_cond_cell_bb_1939          
fm_internal_act_cond_cell_bb_1941          
fm_internal_act_cond_cell_bb_1943          
fm_internal_act_cond_cell_bb_1945          
fm_internal_act_cond_cell_bb_1947          
fm_internal_act_cond_cell_bb_1949          
fm_internal_act_cond_cell_bb_1951          
fm_internal_act_cond_cell_bb_1953          
fm_internal_act_cond_cell_bb_1955          
fm_internal_act_cond_cell_bb_1957          
fm_internal_act_cond_cell_bb_1963          
fm_internal_act_cond_cell_bb_1965          
fm_internal_act_cond_cell_bb_1967          
fm_internal_act_cond_cell_bb_1969          
fm_internal_act_cond_cell_bb_1971          
fm_internal_act_cond_cell_bb_1973          
fm_internal_act_cond_cell_bb_1975          
fm_internal_act_cond_cell_bb_1977          
fm_internal_act_cond_cell_bb_1979          
fm_internal_act_cond_cell_bb_1981          
fm_internal_act_cond_cell_bb_1983          
fm_internal_act_cond_cell_bb_1985          
fm_internal_act_cond_cell_bb_1987          
fm_internal_act_cond_cell_bb_1989          
fm_internal_act_cond_cell_bb_1991          
fm_internal_act_cond_cell_bb_1993          
fm_internal_act_cond_cell_bb_1995          
fm_internal_act_cond_cell_bb_1997          
fm_internal_act_cond_cell_bb_1999          
fm_internal_act_cond_cell_bb_2001          
fm_internal_act_cond_cell_bb_2003          
fm_internal_act_cond_cell_bb_2005          
fm_internal_act_cond_cell_bb_2007          
fm_internal_act_cond_cell_bb_2009          
fm_internal_act_cond_cell_bb_2011          
fm_internal_act_cond_cell_bb_2013          
fm_internal_act_cond_cell_bb_2015          
fm_internal_act_cond_cell_bb_2017          
fm_internal_act_cond_cell_bb_2019          
fm_internal_act_cond_cell_bb_2021          
fm_internal_act_cond_cell_bb_2023          
fm_internal_act_cond_cell_bb_2025          
fm_internal_act_cond_cell_bb_2027          
fm_internal_act_cond_cell_bb_2029          
fm_internal_act_cond_cell_bb_2031          
fm_internal_act_cond_cell_bb_2033          
fm_internal_act_cond_cell_bb_2035          
fm_internal_act_cond_cell_bb_2037          
fm_internal_act_cond_cell_bb_2039          
fm_internal_act_cond_cell_bb_2041          
fm_internal_act_cond_cell_bb_2043          
fm_internal_act_cond_cell_bb_2045          
fm_internal_act_cond_cell_bb_2047          
fm_internal_act_cond_cell_bb_2049          
fm_internal_act_cond_cell_bb_2051          
fm_internal_act_cond_cell_bb_2053          
fm_internal_act_cond_cell_bb_2055          
fm_internal_act_cond_cell_bb_2057          
fm_internal_act_cond_cell_bb_2059          
fm_internal_act_cond_cell_bb_2061          
fm_internal_act_cond_cell_bb_2063          
fm_internal_act_cond_cell_bb_2065          
fm_internal_act_cond_cell_bb_2067          
fm_internal_act_cond_cell_bb_2069          
fm_internal_act_cond_cell_bb_2071          
fm_internal_act_cond_cell_bb_2073          
fm_internal_act_cond_cell_bb_2075          
fm_internal_act_cond_cell_bb_2077          
fm_internal_act_cond_cell_bb_2079          
fm_internal_act_cond_cell_bb_2081          
fm_internal_act_cond_cell_bb_2083          
fm_internal_act_cond_cell_bb_2085          
fm_internal_act_cond_cell_bb_2087          
fm_internal_act_cond_cell_bb_2089          
fm_internal_act_cond_cell_bb_2091          
fm_internal_act_cond_cell_bb_2093          
fm_internal_act_cond_cell_bb_2095          
fm_internal_act_cond_cell_bb_2097          
fm_internal_act_cond_cell_bb_2099          
fm_internal_act_cond_cell_bb_2101          
fm_internal_act_cond_cell_bb_2103          
fm_internal_act_cond_cell_bb_2105          
fm_internal_act_cond_cell_bb_2107          
fm_internal_act_cond_cell_bb_2109          
fm_internal_act_cond_cell_bb_2111          
fm_internal_act_cond_cell_bb_2113          
fm_internal_act_cond_cell_bb_2115          
fm_internal_act_cond_cell_bb_2117          
fm_internal_act_cond_cell_bb_2119          
fm_internal_act_cond_cell_bb_2121          
fm_internal_act_cond_cell_bb_2123          
fm_internal_act_cond_cell_bb_2125          
fm_internal_act_cond_cell_bb_2127          
fm_internal_act_cond_cell_bb_2129          
fm_internal_act_cond_cell_bb_2131          
fm_internal_act_cond_cell_bb_2133          
fm_internal_act_cond_cell_bb_2135          
fm_internal_act_cond_cell_bb_2137          
fm_internal_act_cond_cell_bb_2139          
fm_internal_act_cond_cell_bb_2141          
fm_internal_act_cond_cell_bb_2143          
fm_internal_act_cond_cell_bb_2145          
fm_internal_act_cond_cell_bb_2147          
fm_internal_act_cond_cell_bb_2149          
fm_internal_act_cond_cell_bb_2151          
fm_internal_act_cond_cell_bb_2153          
fm_internal_act_cond_cell_bb_2155          
fm_internal_act_cond_cell_bb_2157          
fm_internal_act_cond_cell_bb_2159          
fm_internal_act_cond_cell_bb_2161          
fm_internal_act_cond_cell_bb_2163          
fm_internal_act_cond_cell_bb_2165          
fm_internal_act_cond_cell_bb_2167          
fm_internal_act_cond_cell_bb_2169          
fm_internal_act_cond_cell_bb_2171          
fm_internal_act_cond_cell_bb_2173          
fm_internal_act_cond_cell_bb_2175          
fm_internal_act_cond_cell_bb_2177          
fm_internal_act_cond_cell_bb_2179          
fm_internal_act_cond_cell_bb_2181          
fm_internal_act_cond_cell_bb_2183          
fm_internal_act_cond_cell_bb_2185          
fm_internal_act_cond_cell_bb_2187          
fm_internal_act_cond_cell_bb_2189          
fm_internal_act_cond_cell_bb_2191          
fm_internal_act_cond_cell_bb_2193          
fm_internal_act_cond_cell_bb_2195          
fm_internal_act_cond_cell_bb_2197          
fm_internal_act_cond_cell_bb_2199          
fm_internal_act_cond_cell_bb_2201          
fm_internal_act_cond_cell_bb_2203          
fm_internal_act_cond_cell_bb_2205          
fm_internal_act_cond_cell_bb_2207          
fm_internal_act_cond_cell_bb_2209          
fm_internal_act_cond_cell_bb_2211          
fm_internal_act_cond_cell_bb_2213          
fm_internal_act_cond_cell_bb_2215          
fm_internal_act_cond_cell_bb_2217          
fm_internal_act_cond_cell_bb_2219          
fm_internal_act_cond_cell_bb_2221          
fm_internal_act_cond_cell_bb_2223          
fm_internal_act_cond_cell_bb_2225          
fm_internal_act_cond_cell_bb_2231          
fm_internal_act_cond_cell_bb_2233          
fm_internal_act_cond_cell_bb_2235          
fm_internal_act_cond_cell_bb_2237          
fm_internal_act_cond_cell_bb_2239          
fm_internal_act_cond_cell_bb_2241          
fm_internal_act_cond_cell_bb_2243          
fm_internal_act_cond_cell_bb_2245          
fm_internal_act_cond_cell_bb_2247          
fm_internal_act_cond_cell_bb_2249          
fm_internal_act_cond_cell_bb_2251          
fm_internal_act_cond_cell_bb_2253          
fm_internal_act_cond_cell_bb_2255          
fm_internal_act_cond_cell_bb_2257          
fm_internal_act_cond_cell_bb_2259          
fm_internal_act_cond_cell_bb_2261          
fm_internal_act_cond_cell_bb_2263          
fm_internal_act_cond_cell_bb_2265          
fm_internal_act_cond_cell_bb_2267          
fm_internal_act_cond_cell_bb_2269          
fm_internal_act_cond_cell_bb_2271          
fm_internal_act_cond_cell_bb_2273          
fm_internal_act_cond_cell_bb_2275          
fm_internal_act_cond_cell_bb_2277          
fm_internal_act_cond_cell_bb_2279          
fm_internal_act_cond_cell_bb_2281          
fm_internal_act_cond_cell_bb_2283          
fm_internal_act_cond_cell_bb_2285          
fm_internal_act_cond_cell_bb_2287          
fm_internal_act_cond_cell_bb_2289          
fm_internal_act_cond_cell_bb_2291          
fm_internal_act_cond_cell_bb_2293          
fm_internal_act_cond_cell_bb_2295          
fm_internal_act_cond_cell_bb_2297          
fm_internal_act_cond_cell_bb_2299          
fm_internal_act_cond_cell_bb_2301          
fm_internal_act_cond_cell_bb_2303          
fm_internal_act_cond_cell_bb_2305          
fm_internal_act_cond_cell_bb_2307          
fm_internal_act_cond_cell_bb_2309          
fm_internal_act_cond_cell_bb_2311          
fm_internal_act_cond_cell_bb_2313          
fm_internal_act_cond_cell_bb_2315          
fm_internal_act_cond_cell_bb_2317          
fm_internal_act_cond_cell_bb_2319          
fm_internal_act_cond_cell_bb_2321          
fm_internal_act_cond_cell_bb_2323          
fm_internal_act_cond_cell_bb_2325          
fm_internal_act_cond_cell_bb_2327          
fm_internal_act_cond_cell_bb_2329          
fm_internal_act_cond_cell_bb_2331          
fm_internal_act_cond_cell_bb_2333          
fm_internal_act_cond_cell_bb_2335          
fm_internal_act_cond_cell_bb_2337          
fm_internal_act_cond_cell_bb_2339          
fm_internal_act_cond_cell_bb_2341          
fm_internal_act_cond_cell_bb_2343          
fm_internal_act_cond_cell_bb_2345          
fm_internal_act_cond_cell_bb_2347          
fm_internal_act_cond_cell_bb_2349          
fm_internal_act_cond_cell_bb_2351          
fm_internal_act_cond_cell_bb_2353          
fm_internal_act_cond_cell_bb_2355          
fm_internal_act_cond_cell_bb_2357          
fm_internal_act_cond_cell_bb_2359          
fm_internal_act_cond_cell_bb_2361          
fm_internal_act_cond_cell_bb_2363          
fm_internal_act_cond_cell_bb_2365          
fm_internal_act_cond_cell_bb_2367          
fm_internal_act_cond_cell_bb_2369          
fm_internal_act_cond_cell_bb_2371          
fm_internal_act_cond_cell_bb_2373          
fm_internal_act_cond_cell_bb_2375          
fm_internal_act_cond_cell_bb_2377          
fm_internal_act_cond_cell_bb_2379          
fm_internal_act_cond_cell_bb_2381          
fm_internal_act_cond_cell_bb_2383          
fm_internal_act_cond_cell_bb_2385          
fm_internal_act_cond_cell_bb_2387          
fm_internal_act_cond_cell_bb_2389          
fm_internal_act_cond_cell_bb_2391          
fm_internal_act_cond_cell_bb_2393          
fm_internal_act_cond_cell_bb_2395          
fm_internal_act_cond_cell_bb_2397          
fm_internal_act_cond_cell_bb_2399          
fm_internal_act_cond_cell_bb_2401          
fm_internal_act_cond_cell_bb_2403          
fm_internal_act_cond_cell_bb_2405          
fm_internal_act_cond_cell_bb_2407          
fm_internal_act_cond_cell_bb_2409          
fm_internal_act_cond_cell_bb_2411          
fm_internal_act_cond_cell_bb_2413          
fm_internal_act_cond_cell_bb_2415          
fm_internal_act_cond_cell_bb_2417          
fm_internal_act_cond_cell_bb_2419          
fm_internal_act_cond_cell_bb_2421          
fm_internal_act_cond_cell_bb_2423          
fm_internal_act_cond_cell_bb_2425          
fm_internal_act_cond_cell_bb_2427          
fm_internal_act_cond_cell_bb_2429          
fm_internal_act_cond_cell_bb_2431          
fm_internal_act_cond_cell_bb_2433          
fm_internal_act_cond_cell_bb_2435          
fm_internal_act_cond_cell_bb_2437          
fm_internal_act_cond_cell_bb_2439          
fm_internal_act_cond_cell_bb_2441          
fm_internal_act_cond_cell_bb_2443          
fm_internal_act_cond_cell_bb_2445          
fm_internal_act_cond_cell_bb_2447          
fm_internal_act_cond_cell_bb_2449          
fm_internal_act_cond_cell_bb_2451          
fm_internal_act_cond_cell_bb_2453          
fm_internal_act_cond_cell_bb_2455          
fm_internal_act_cond_cell_bb_2457          
fm_internal_act_cond_cell_bb_2459          
fm_internal_act_cond_cell_bb_2461          
fm_internal_act_cond_cell_bb_2463          
fm_internal_act_cond_cell_bb_2465          
fm_internal_act_cond_cell_bb_2467          
fm_internal_act_cond_cell_bb_2469          
fm_internal_act_cond_cell_bb_2471          
fm_internal_act_cond_cell_bb_2473          
fm_internal_act_cond_cell_bb_2475          
fm_internal_act_cond_cell_bb_2477          
fm_internal_act_cond_cell_bb_2479          
fm_internal_act_cond_cell_bb_2481          
fm_internal_act_cond_cell_bb_2483          
fm_internal_act_cond_cell_bb_2485          
fm_internal_act_cond_cell_bb_2487          
fm_internal_act_cond_cell_bb_2489          
fm_internal_act_cond_cell_bb_2491          
fm_internal_act_cond_cell_bb_2493          
fm_internal_act_cond_cell_bb_2499          
fm_internal_act_cond_cell_bb_2501          
fm_internal_act_cond_cell_bb_2503          
fm_internal_act_cond_cell_bb_2505          
fm_internal_act_cond_cell_bb_2507          
fm_internal_act_cond_cell_bb_2509          
fm_internal_act_cond_cell_bb_2511          
fm_internal_act_cond_cell_bb_2513          
fm_internal_act_cond_cell_bb_2515          
fm_internal_act_cond_cell_bb_2517          
fm_internal_act_cond_cell_bb_2519          
fm_internal_act_cond_cell_bb_2521          
fm_internal_act_cond_cell_bb_2523          
fm_internal_act_cond_cell_bb_2525          
fm_internal_act_cond_cell_bb_2527          
fm_internal_act_cond_cell_bb_2529          
fm_internal_act_cond_cell_bb_2531          
fm_internal_act_cond_cell_bb_2533          
fm_internal_act_cond_cell_bb_2535          
fm_internal_act_cond_cell_bb_2537          
fm_internal_act_cond_cell_bb_2539          
fm_internal_act_cond_cell_bb_2541          
fm_internal_act_cond_cell_bb_2543          
fm_internal_act_cond_cell_bb_2545          
fm_internal_act_cond_cell_bb_2547          
fm_internal_act_cond_cell_bb_2549          
fm_internal_act_cond_cell_bb_2551          
fm_internal_act_cond_cell_bb_2553          
fm_internal_act_cond_cell_bb_2555          
fm_internal_act_cond_cell_bb_2557          
fm_internal_act_cond_cell_bb_2559          
fm_internal_act_cond_cell_bb_2561          
fm_internal_act_cond_cell_bb_2563          
fm_internal_act_cond_cell_bb_2565          
fm_internal_act_cond_cell_bb_2567          
fm_internal_act_cond_cell_bb_2569          
fm_internal_act_cond_cell_bb_2571          
fm_internal_act_cond_cell_bb_2573          
fm_internal_act_cond_cell_bb_2575          
fm_internal_act_cond_cell_bb_2577          
fm_internal_act_cond_cell_bb_2579          
fm_internal_act_cond_cell_bb_2581          
fm_internal_act_cond_cell_bb_2583          
fm_internal_act_cond_cell_bb_2585          
fm_internal_act_cond_cell_bb_2587          
fm_internal_act_cond_cell_bb_2589          
fm_internal_act_cond_cell_bb_2591          
fm_internal_act_cond_cell_bb_2593          
fm_internal_act_cond_cell_bb_2595          
fm_internal_act_cond_cell_bb_2597          
fm_internal_act_cond_cell_bb_2599          
fm_internal_act_cond_cell_bb_2601          
fm_internal_act_cond_cell_bb_2603          
fm_internal_act_cond_cell_bb_2605          
fm_internal_act_cond_cell_bb_2607          
fm_internal_act_cond_cell_bb_2609          
fm_internal_act_cond_cell_bb_2611          
fm_internal_act_cond_cell_bb_2613          
fm_internal_act_cond_cell_bb_2615          
fm_internal_act_cond_cell_bb_2617          
fm_internal_act_cond_cell_bb_2619          
fm_internal_act_cond_cell_bb_2621          
fm_internal_act_cond_cell_bb_2623          
fm_internal_act_cond_cell_bb_2625          
fm_internal_act_cond_cell_bb_2627          
fm_internal_act_cond_cell_bb_2629          
fm_internal_act_cond_cell_bb_2631          
fm_internal_act_cond_cell_bb_2633          
fm_internal_act_cond_cell_bb_2635          
fm_internal_act_cond_cell_bb_2637          
fm_internal_act_cond_cell_bb_2639          
fm_internal_act_cond_cell_bb_2641          
fm_internal_act_cond_cell_bb_2643          
fm_internal_act_cond_cell_bb_2645          
fm_internal_act_cond_cell_bb_2647          
fm_internal_act_cond_cell_bb_2649          
fm_internal_act_cond_cell_bb_2651          
fm_internal_act_cond_cell_bb_2653          
fm_internal_act_cond_cell_bb_2655          
fm_internal_act_cond_cell_bb_2657          
fm_internal_act_cond_cell_bb_2659          
fm_internal_act_cond_cell_bb_2661          
fm_internal_act_cond_cell_bb_2663          
fm_internal_act_cond_cell_bb_2665          
fm_internal_act_cond_cell_bb_2667          
fm_internal_act_cond_cell_bb_2669          
fm_internal_act_cond_cell_bb_2671          
fm_internal_act_cond_cell_bb_2673          
fm_internal_act_cond_cell_bb_2675          
fm_internal_act_cond_cell_bb_2677          
fm_internal_act_cond_cell_bb_2679          
fm_internal_act_cond_cell_bb_2681          
fm_internal_act_cond_cell_bb_2683          
fm_internal_act_cond_cell_bb_2685          
fm_internal_act_cond_cell_bb_2687          
fm_internal_act_cond_cell_bb_2689          
fm_internal_act_cond_cell_bb_2691          
fm_internal_act_cond_cell_bb_2693          
fm_internal_act_cond_cell_bb_2695          
fm_internal_act_cond_cell_bb_2697          
fm_internal_act_cond_cell_bb_2699          
fm_internal_act_cond_cell_bb_2701          
fm_internal_act_cond_cell_bb_2703          
fm_internal_act_cond_cell_bb_2705          
fm_internal_act_cond_cell_bb_2707          
fm_internal_act_cond_cell_bb_2709          
fm_internal_act_cond_cell_bb_2711          
fm_internal_act_cond_cell_bb_2713          
fm_internal_act_cond_cell_bb_2715          
fm_internal_act_cond_cell_bb_2717          
fm_internal_act_cond_cell_bb_2719          
fm_internal_act_cond_cell_bb_2721          
fm_internal_act_cond_cell_bb_2723          
fm_internal_act_cond_cell_bb_2725          
fm_internal_act_cond_cell_bb_2727          
fm_internal_act_cond_cell_bb_2729          
fm_internal_act_cond_cell_bb_2731          
fm_internal_act_cond_cell_bb_2733          
fm_internal_act_cond_cell_bb_2735          
fm_internal_act_cond_cell_bb_2737          
fm_internal_act_cond_cell_bb_2739          
fm_internal_act_cond_cell_bb_2741          
fm_internal_act_cond_cell_bb_2743          
fm_internal_act_cond_cell_bb_2745          
fm_internal_act_cond_cell_bb_2747          
fm_internal_act_cond_cell_bb_2749          
fm_internal_act_cond_cell_bb_2751          
fm_internal_act_cond_cell_bb_2753          
fm_internal_act_cond_cell_bb_2755          
fm_internal_act_cond_cell_bb_2757          
fm_internal_act_cond_cell_bb_2759          
fm_internal_act_cond_cell_bb_2761          
fm_internal_act_cond_cell_bb_2767          
fm_internal_act_cond_cell_bb_2769          
fm_internal_act_cond_cell_bb_2771          
fm_internal_act_cond_cell_bb_2773          
fm_internal_act_cond_cell_bb_2775          
fm_internal_act_cond_cell_bb_2777          
fm_internal_act_cond_cell_bb_2779          
fm_internal_act_cond_cell_bb_2781          
fm_internal_act_cond_cell_bb_2783          
fm_internal_act_cond_cell_bb_2785          
fm_internal_act_cond_cell_bb_2787          
fm_internal_act_cond_cell_bb_2789          
fm_internal_act_cond_cell_bb_2791          
fm_internal_act_cond_cell_bb_2793          
fm_internal_act_cond_cell_bb_2795          
fm_internal_act_cond_cell_bb_2797          
fm_internal_act_cond_cell_bb_2799          
fm_internal_act_cond_cell_bb_2801          
fm_internal_act_cond_cell_bb_2803          
fm_internal_act_cond_cell_bb_2805          
fm_internal_act_cond_cell_bb_2807          
fm_internal_act_cond_cell_bb_2809          
fm_internal_act_cond_cell_bb_2811          
fm_internal_act_cond_cell_bb_2813          
fm_internal_act_cond_cell_bb_2815          
fm_internal_act_cond_cell_bb_2817          
fm_internal_act_cond_cell_bb_2819          
fm_internal_act_cond_cell_bb_2821          
fm_internal_act_cond_cell_bb_2823          
fm_internal_act_cond_cell_bb_2825          
fm_internal_act_cond_cell_bb_2827          
fm_internal_act_cond_cell_bb_2829          
fm_internal_act_cond_cell_bb_2831          
fm_internal_act_cond_cell_bb_2833          
fm_internal_act_cond_cell_bb_2835          
fm_internal_act_cond_cell_bb_2837          
fm_internal_act_cond_cell_bb_2839          
fm_internal_act_cond_cell_bb_2841          
fm_internal_act_cond_cell_bb_2843          
fm_internal_act_cond_cell_bb_2845          
fm_internal_act_cond_cell_bb_2847          
fm_internal_act_cond_cell_bb_2849          
fm_internal_act_cond_cell_bb_2851          
fm_internal_act_cond_cell_bb_2853          
fm_internal_act_cond_cell_bb_2855          
fm_internal_act_cond_cell_bb_2857          
fm_internal_act_cond_cell_bb_2859          
fm_internal_act_cond_cell_bb_2861          
fm_internal_act_cond_cell_bb_2863          
fm_internal_act_cond_cell_bb_2865          
fm_internal_act_cond_cell_bb_2867          
fm_internal_act_cond_cell_bb_2869          
fm_internal_act_cond_cell_bb_2871          
fm_internal_act_cond_cell_bb_2873          
fm_internal_act_cond_cell_bb_2875          
fm_internal_act_cond_cell_bb_2877          
fm_internal_act_cond_cell_bb_2879          
fm_internal_act_cond_cell_bb_2881          
fm_internal_act_cond_cell_bb_2883          
fm_internal_act_cond_cell_bb_2885          
fm_internal_act_cond_cell_bb_2887          
fm_internal_act_cond_cell_bb_2889          
fm_internal_act_cond_cell_bb_2891          
fm_internal_act_cond_cell_bb_2893          
fm_internal_act_cond_cell_bb_2895          
fm_internal_act_cond_cell_bb_2897          
fm_internal_act_cond_cell_bb_2899          
fm_internal_act_cond_cell_bb_2901          
fm_internal_act_cond_cell_bb_2903          
fm_internal_act_cond_cell_bb_2905          
fm_internal_act_cond_cell_bb_2907          
fm_internal_act_cond_cell_bb_2909          
fm_internal_act_cond_cell_bb_2911          
fm_internal_act_cond_cell_bb_2913          
fm_internal_act_cond_cell_bb_2915          
fm_internal_act_cond_cell_bb_2917          
fm_internal_act_cond_cell_bb_2919          
fm_internal_act_cond_cell_bb_2921          
fm_internal_act_cond_cell_bb_2923          
fm_internal_act_cond_cell_bb_2925          
fm_internal_act_cond_cell_bb_2927          
fm_internal_act_cond_cell_bb_2929          
fm_internal_act_cond_cell_bb_2931          
fm_internal_act_cond_cell_bb_2933          
fm_internal_act_cond_cell_bb_2935          
fm_internal_act_cond_cell_bb_2937          
fm_internal_act_cond_cell_bb_2939          
fm_internal_act_cond_cell_bb_2941          
fm_internal_act_cond_cell_bb_2943          
fm_internal_act_cond_cell_bb_2945          
fm_internal_act_cond_cell_bb_2947          
fm_internal_act_cond_cell_bb_2949          
fm_internal_act_cond_cell_bb_2951          
fm_internal_act_cond_cell_bb_2953          
fm_internal_act_cond_cell_bb_2955          
fm_internal_act_cond_cell_bb_2957          
fm_internal_act_cond_cell_bb_2959          
fm_internal_act_cond_cell_bb_2961          
fm_internal_act_cond_cell_bb_2963          
fm_internal_act_cond_cell_bb_2965          
fm_internal_act_cond_cell_bb_2967          
fm_internal_act_cond_cell_bb_2969          
fm_internal_act_cond_cell_bb_2971          
fm_internal_act_cond_cell_bb_2973          
fm_internal_act_cond_cell_bb_2975          
fm_internal_act_cond_cell_bb_2977          
fm_internal_act_cond_cell_bb_2979          
fm_internal_act_cond_cell_bb_2981          
fm_internal_act_cond_cell_bb_2983          
fm_internal_act_cond_cell_bb_2985          
fm_internal_act_cond_cell_bb_2987          
fm_internal_act_cond_cell_bb_2989          
fm_internal_act_cond_cell_bb_2991          
fm_internal_act_cond_cell_bb_2993          
fm_internal_act_cond_cell_bb_2995          
fm_internal_act_cond_cell_bb_2997          
fm_internal_act_cond_cell_bb_2999          
fm_internal_act_cond_cell_bb_3001          
fm_internal_act_cond_cell_bb_3003          
fm_internal_act_cond_cell_bb_3005          
fm_internal_act_cond_cell_bb_3007          
fm_internal_act_cond_cell_bb_3009          
fm_internal_act_cond_cell_bb_3011          
fm_internal_act_cond_cell_bb_3013          
fm_internal_act_cond_cell_bb_3015          
fm_internal_act_cond_cell_bb_3017          
fm_internal_act_cond_cell_bb_3019          
fm_internal_act_cond_cell_bb_3021          
fm_internal_act_cond_cell_bb_3023          
fm_internal_act_cond_cell_bb_3025          
fm_internal_act_cond_cell_bb_3027          
fm_internal_act_cond_cell_bb_3029          
fm_internal_act_cond_cell_bb_3035          
fm_internal_act_cond_cell_bb_3037          
fm_internal_act_cond_cell_bb_3039          
fm_internal_act_cond_cell_bb_3041          
fm_internal_act_cond_cell_bb_3043          
fm_internal_act_cond_cell_bb_3045          
fm_internal_act_cond_cell_bb_3047          
fm_internal_act_cond_cell_bb_3049          
fm_internal_act_cond_cell_bb_3051          
fm_internal_act_cond_cell_bb_3053          
fm_internal_act_cond_cell_bb_3055          
fm_internal_act_cond_cell_bb_3057          
fm_internal_act_cond_cell_bb_3059          
fm_internal_act_cond_cell_bb_3061          
fm_internal_act_cond_cell_bb_3063          
fm_internal_act_cond_cell_bb_3065          
fm_internal_act_cond_cell_bb_3067          
fm_internal_act_cond_cell_bb_3069          
fm_internal_act_cond_cell_bb_3071          
fm_internal_act_cond_cell_bb_3073          
fm_internal_act_cond_cell_bb_3075          
fm_internal_act_cond_cell_bb_3077          
fm_internal_act_cond_cell_bb_3079          
fm_internal_act_cond_cell_bb_3081          
fm_internal_act_cond_cell_bb_3083          
fm_internal_act_cond_cell_bb_3085          
fm_internal_act_cond_cell_bb_3087          
fm_internal_act_cond_cell_bb_3089          
fm_internal_act_cond_cell_bb_3091          
fm_internal_act_cond_cell_bb_3093          
fm_internal_act_cond_cell_bb_3095          
fm_internal_act_cond_cell_bb_3097          
fm_internal_act_cond_cell_bb_3099          
fm_internal_act_cond_cell_bb_3101          
fm_internal_act_cond_cell_bb_3103          
fm_internal_act_cond_cell_bb_3105          
fm_internal_act_cond_cell_bb_3107          
fm_internal_act_cond_cell_bb_3109          
fm_internal_act_cond_cell_bb_3111          
fm_internal_act_cond_cell_bb_3113          
fm_internal_act_cond_cell_bb_3115          
fm_internal_act_cond_cell_bb_3117          
fm_internal_act_cond_cell_bb_3119          
fm_internal_act_cond_cell_bb_3121          
fm_internal_act_cond_cell_bb_3123          
fm_internal_act_cond_cell_bb_3125          
fm_internal_act_cond_cell_bb_3127          
fm_internal_act_cond_cell_bb_3129          
fm_internal_act_cond_cell_bb_3131          
fm_internal_act_cond_cell_bb_3133          
fm_internal_act_cond_cell_bb_3135          
fm_internal_act_cond_cell_bb_3137          
fm_internal_act_cond_cell_bb_3139          
fm_internal_act_cond_cell_bb_3141          
fm_internal_act_cond_cell_bb_3143          
fm_internal_act_cond_cell_bb_3145          
fm_internal_act_cond_cell_bb_3147          
fm_internal_act_cond_cell_bb_3149          
fm_internal_act_cond_cell_bb_3151          
fm_internal_act_cond_cell_bb_3153          
fm_internal_act_cond_cell_bb_3155          
fm_internal_act_cond_cell_bb_3157          
fm_internal_act_cond_cell_bb_3159          
fm_internal_act_cond_cell_bb_3161          
fm_internal_act_cond_cell_bb_3163          
fm_internal_act_cond_cell_bb_3165          
fm_internal_act_cond_cell_bb_3167          
fm_internal_act_cond_cell_bb_3169          
fm_internal_act_cond_cell_bb_3171          
fm_internal_act_cond_cell_bb_3173          
fm_internal_act_cond_cell_bb_3175          
fm_internal_act_cond_cell_bb_3177          
fm_internal_act_cond_cell_bb_3179          
fm_internal_act_cond_cell_bb_3181          
fm_internal_act_cond_cell_bb_3183          
fm_internal_act_cond_cell_bb_3185          
fm_internal_act_cond_cell_bb_3187          
fm_internal_act_cond_cell_bb_3189          
fm_internal_act_cond_cell_bb_3191          
fm_internal_act_cond_cell_bb_3193          
fm_internal_act_cond_cell_bb_3195          
fm_internal_act_cond_cell_bb_3197          
fm_internal_act_cond_cell_bb_3199          
fm_internal_act_cond_cell_bb_3201          
fm_internal_act_cond_cell_bb_3203          
fm_internal_act_cond_cell_bb_3205          
fm_internal_act_cond_cell_bb_3207          
fm_internal_act_cond_cell_bb_3209          
fm_internal_act_cond_cell_bb_3211          
fm_internal_act_cond_cell_bb_3213          
fm_internal_act_cond_cell_bb_3215          
fm_internal_act_cond_cell_bb_3217          
fm_internal_act_cond_cell_bb_3219          
fm_internal_act_cond_cell_bb_3221          
fm_internal_act_cond_cell_bb_3223          
fm_internal_act_cond_cell_bb_3225          
fm_internal_act_cond_cell_bb_3227          
fm_internal_act_cond_cell_bb_3229          
fm_internal_act_cond_cell_bb_3231          
fm_internal_act_cond_cell_bb_3233          
fm_internal_act_cond_cell_bb_3235          
fm_internal_act_cond_cell_bb_3237          
fm_internal_act_cond_cell_bb_3239          
fm_internal_act_cond_cell_bb_3241          
fm_internal_act_cond_cell_bb_3243          
fm_internal_act_cond_cell_bb_3245          
fm_internal_act_cond_cell_bb_3247          
fm_internal_act_cond_cell_bb_3249          
fm_internal_act_cond_cell_bb_3251          
fm_internal_act_cond_cell_bb_3253          
fm_internal_act_cond_cell_bb_3255          
fm_internal_act_cond_cell_bb_3257          
fm_internal_act_cond_cell_bb_3259          
fm_internal_act_cond_cell_bb_3261          
fm_internal_act_cond_cell_bb_3263          
fm_internal_act_cond_cell_bb_3265          
fm_internal_act_cond_cell_bb_3267          
fm_internal_act_cond_cell_bb_3269          
fm_internal_act_cond_cell_bb_3271          
fm_internal_act_cond_cell_bb_3273          
fm_internal_act_cond_cell_bb_3275          
fm_internal_act_cond_cell_bb_3277          
fm_internal_act_cond_cell_bb_3279          
fm_internal_act_cond_cell_bb_3281          
fm_internal_act_cond_cell_bb_3283          
fm_internal_act_cond_cell_bb_3285          
fm_internal_act_cond_cell_bb_3287          
fm_internal_act_cond_cell_bb_3289          
fm_internal_act_cond_cell_bb_3291          
fm_internal_act_cond_cell_bb_3293          
fm_internal_act_cond_cell_bb_3295          
fm_internal_act_cond_cell_bb_3297          
fm_internal_act_cond_cell_bb_3305          
fm_internal_act_cond_cell_bb_3307          
fm_internal_act_cond_cell_bb_3309          
fm_internal_act_cond_cell_bb_3311          
fm_internal_act_cond_cell_bb_3313          
fm_internal_act_cond_cell_bb_3315          
fm_internal_act_cond_cell_bb_3317          
fm_internal_act_cond_cell_bb_3319          
fm_internal_act_cond_cell_bb_3321          
fm_internal_act_cond_cell_bb_3323          
fm_internal_act_cond_cell_bb_3325          
fm_internal_act_cond_cell_bb_3327          
fm_internal_act_cond_cell_bb_3329          
fm_internal_act_cond_cell_bb_3331          
fm_internal_act_cond_cell_bb_3333          
fm_internal_act_cond_cell_bb_3335          
fm_internal_act_cond_cell_bb_3337          
fm_internal_act_cond_cell_bb_3339          
fm_internal_act_cond_cell_bb_3341          
fm_internal_act_cond_cell_bb_3343          
fm_internal_act_cond_cell_bb_3345          
fm_internal_act_cond_cell_bb_3347          
fm_internal_act_cond_cell_bb_3349          
fm_internal_act_cond_cell_bb_3351          
fm_internal_act_cond_cell_bb_3353          
fm_internal_act_cond_cell_bb_3355          
fm_internal_act_cond_cell_bb_3357          
fm_internal_act_cond_cell_bb_3359          
fm_internal_act_cond_cell_bb_3361          
fm_internal_act_cond_cell_bb_3363          
fm_internal_act_cond_cell_bb_3365          
fm_internal_act_cond_cell_bb_3367          
fm_internal_act_cond_cell_bb_3369          
fm_internal_act_cond_cell_bb_3371          
fm_internal_act_cond_cell_bb_3373          
fm_internal_act_cond_cell_bb_3375          
fm_internal_act_cond_cell_bb_3377          
fm_internal_act_cond_cell_bb_3379          
fm_internal_act_cond_cell_bb_3381          
fm_internal_act_cond_cell_bb_3383          
fm_internal_act_cond_cell_bb_3385          
fm_internal_act_cond_cell_bb_3387          
fm_internal_act_cond_cell_bb_3389          
fm_internal_act_cond_cell_bb_3391          
fm_internal_act_cond_cell_bb_3393          
fm_internal_act_cond_cell_bb_3395          
fm_internal_act_cond_cell_bb_3397          
fm_internal_act_cond_cell_bb_3399          
fm_internal_act_cond_cell_bb_3401          
fm_internal_act_cond_cell_bb_3403          
fm_internal_act_cond_cell_bb_3405          
fm_internal_act_cond_cell_bb_3407          
fm_internal_act_cond_cell_bb_3409          
fm_internal_act_cond_cell_bb_3411          
fm_internal_act_cond_cell_bb_3413          
fm_internal_act_cond_cell_bb_3415          
fm_internal_act_cond_cell_bb_3417          
fm_internal_act_cond_cell_bb_3419          
fm_internal_act_cond_cell_bb_3421          
fm_internal_act_cond_cell_bb_3423          
fm_internal_act_cond_cell_bb_3425          
fm_internal_act_cond_cell_bb_3427          
fm_internal_act_cond_cell_bb_3429          
fm_internal_act_cond_cell_bb_3431          
fm_internal_act_cond_cell_bb_3433          
fm_internal_act_cond_cell_bb_3435          
fm_internal_act_cond_cell_bb_3437          
fm_internal_act_cond_cell_bb_3439          
fm_internal_act_cond_cell_bb_3441          
fm_internal_act_cond_cell_bb_3443          
fm_internal_act_cond_cell_bb_3445          
fm_internal_act_cond_cell_bb_3447          
fm_internal_act_cond_cell_bb_3449          
fm_internal_act_cond_cell_bb_3451          
fm_internal_act_cond_cell_bb_3453          
fm_internal_act_cond_cell_bb_3455          
fm_internal_act_cond_cell_bb_3457          
fm_internal_act_cond_cell_bb_3459          
fm_internal_act_cond_cell_bb_3461          
fm_internal_act_cond_cell_bb_3463          
fm_internal_act_cond_cell_bb_3465          
fm_internal_act_cond_cell_bb_3467          
fm_internal_act_cond_cell_bb_3469          
fm_internal_act_cond_cell_bb_3471          
fm_internal_act_cond_cell_bb_3473          
fm_internal_act_cond_cell_bb_3475          
fm_internal_act_cond_cell_bb_3477          
fm_internal_act_cond_cell_bb_3479          
fm_internal_act_cond_cell_bb_3481          
fm_internal_act_cond_cell_bb_3483          
fm_internal_act_cond_cell_bb_3485          
fm_internal_act_cond_cell_bb_3487          
fm_internal_act_cond_cell_bb_3489          
fm_internal_act_cond_cell_bb_3491          
fm_internal_act_cond_cell_bb_3493          
fm_internal_act_cond_cell_bb_3495          
fm_internal_act_cond_cell_bb_3497          
fm_internal_act_cond_cell_bb_3499          
fm_internal_act_cond_cell_bb_3501          
fm_internal_act_cond_cell_bb_3503          
fm_internal_act_cond_cell_bb_3505          
fm_internal_act_cond_cell_bb_3507          
fm_internal_act_cond_cell_bb_3509          
fm_internal_act_cond_cell_bb_3511          
fm_internal_act_cond_cell_bb_3513          
fm_internal_act_cond_cell_bb_3515          
fm_internal_act_cond_cell_bb_3517          
fm_internal_act_cond_cell_bb_3519          
fm_internal_act_cond_cell_bb_3521          
fm_internal_act_cond_cell_bb_3523          
fm_internal_act_cond_cell_bb_3525          
fm_internal_act_cond_cell_bb_3527          
fm_internal_act_cond_cell_bb_3529          
fm_internal_act_cond_cell_bb_3531          
fm_internal_act_cond_cell_bb_3533          
fm_internal_act_cond_cell_bb_3535          
fm_internal_act_cond_cell_bb_3537          
fm_internal_act_cond_cell_bb_3539          
fm_internal_act_cond_cell_bb_3541          
fm_internal_act_cond_cell_bb_3543          
fm_internal_act_cond_cell_bb_3545          
fm_internal_act_cond_cell_bb_3547          
fm_internal_act_cond_cell_bb_3549          
fm_internal_act_cond_cell_bb_3551          
fm_internal_act_cond_cell_bb_3553          
fm_internal_act_cond_cell_bb_3555          
fm_internal_act_cond_cell_bb_3557          
fm_internal_act_cond_cell_bb_3559          
fm_internal_act_cond_cell_bb_3561          
fm_internal_act_cond_cell_bb_3563          
fm_internal_act_cond_cell_bb_3571          
fm_internal_act_cond_cell_bb_3573          
fm_internal_act_cond_cell_bb_3575          
fm_internal_act_cond_cell_bb_3577          
fm_internal_act_cond_cell_bb_3579          
fm_internal_act_cond_cell_bb_3581          
fm_internal_act_cond_cell_bb_3583          
fm_internal_act_cond_cell_bb_3585          
fm_internal_act_cond_cell_bb_3587          
fm_internal_act_cond_cell_bb_3589          
fm_internal_act_cond_cell_bb_3591          
fm_internal_act_cond_cell_bb_3593          
fm_internal_act_cond_cell_bb_3595          
fm_internal_act_cond_cell_bb_3597          
fm_internal_act_cond_cell_bb_3599          
fm_internal_act_cond_cell_bb_3601          
fm_internal_act_cond_cell_bb_3603          
fm_internal_act_cond_cell_bb_3605          
fm_internal_act_cond_cell_bb_3607          
fm_internal_act_cond_cell_bb_3609          
fm_internal_act_cond_cell_bb_3611          
fm_internal_act_cond_cell_bb_3613          
fm_internal_act_cond_cell_bb_3615          
fm_internal_act_cond_cell_bb_3617          
fm_internal_act_cond_cell_bb_3619          
fm_internal_act_cond_cell_bb_3621          
fm_internal_act_cond_cell_bb_3623          
fm_internal_act_cond_cell_bb_3625          
fm_internal_act_cond_cell_bb_3627          
fm_internal_act_cond_cell_bb_3629          
fm_internal_act_cond_cell_bb_3631          
fm_internal_act_cond_cell_bb_3633          
fm_internal_act_cond_cell_bb_3635          
fm_internal_act_cond_cell_bb_3637          
fm_internal_act_cond_cell_bb_3639          
fm_internal_act_cond_cell_bb_3641          
fm_internal_act_cond_cell_bb_3643          
fm_internal_act_cond_cell_bb_3645          
fm_internal_act_cond_cell_bb_3647          
fm_internal_act_cond_cell_bb_3649          
fm_internal_act_cond_cell_bb_3651          
fm_internal_act_cond_cell_bb_3653          
fm_internal_act_cond_cell_bb_3655          
fm_internal_act_cond_cell_bb_3657          
fm_internal_act_cond_cell_bb_3659          
fm_internal_act_cond_cell_bb_3661          
fm_internal_act_cond_cell_bb_3663          
fm_internal_act_cond_cell_bb_3665          
fm_internal_act_cond_cell_bb_3667          
fm_internal_act_cond_cell_bb_3669          
fm_internal_act_cond_cell_bb_3671          
fm_internal_act_cond_cell_bb_3673          
fm_internal_act_cond_cell_bb_3675          
fm_internal_act_cond_cell_bb_3677          
fm_internal_act_cond_cell_bb_3679          
fm_internal_act_cond_cell_bb_3681          
fm_internal_act_cond_cell_bb_3683          
fm_internal_act_cond_cell_bb_3685          
fm_internal_act_cond_cell_bb_3687          
fm_internal_act_cond_cell_bb_3689          
fm_internal_act_cond_cell_bb_3691          
fm_internal_act_cond_cell_bb_3693          
fm_internal_act_cond_cell_bb_3695          
fm_internal_act_cond_cell_bb_3697          
fm_internal_act_cond_cell_bb_3699          
fm_internal_act_cond_cell_bb_3701          
fm_internal_act_cond_cell_bb_3703          
fm_internal_act_cond_cell_bb_3705          
fm_internal_act_cond_cell_bb_3707          
fm_internal_act_cond_cell_bb_3709          
fm_internal_act_cond_cell_bb_3711          
fm_internal_act_cond_cell_bb_3713          
fm_internal_act_cond_cell_bb_3715          
fm_internal_act_cond_cell_bb_3717          
fm_internal_act_cond_cell_bb_3719          
fm_internal_act_cond_cell_bb_3721          
fm_internal_act_cond_cell_bb_3723          
fm_internal_act_cond_cell_bb_3725          
fm_internal_act_cond_cell_bb_3727          
fm_internal_act_cond_cell_bb_3729          
fm_internal_act_cond_cell_bb_3731          
fm_internal_act_cond_cell_bb_3733          
fm_internal_act_cond_cell_bb_3735          
fm_internal_act_cond_cell_bb_3737          
fm_internal_act_cond_cell_bb_3739          
fm_internal_act_cond_cell_bb_3741          
fm_internal_act_cond_cell_bb_3743          
fm_internal_act_cond_cell_bb_3745          
fm_internal_act_cond_cell_bb_3747          
fm_internal_act_cond_cell_bb_3749          
fm_internal_act_cond_cell_bb_3751          
fm_internal_act_cond_cell_bb_3753          
fm_internal_act_cond_cell_bb_3755          
fm_internal_act_cond_cell_bb_3757          
fm_internal_act_cond_cell_bb_3759          
fm_internal_act_cond_cell_bb_3761          
fm_internal_act_cond_cell_bb_3763          
fm_internal_act_cond_cell_bb_3765          
fm_internal_act_cond_cell_bb_3767          
fm_internal_act_cond_cell_bb_3769          
fm_internal_act_cond_cell_bb_3771          
fm_internal_act_cond_cell_bb_3773          
fm_internal_act_cond_cell_bb_3775          
fm_internal_act_cond_cell_bb_3777          
fm_internal_act_cond_cell_bb_3779          
fm_internal_act_cond_cell_bb_3781          
fm_internal_act_cond_cell_bb_3783          
fm_internal_act_cond_cell_bb_3785          
fm_internal_act_cond_cell_bb_3787          
fm_internal_act_cond_cell_bb_3789          
fm_internal_act_cond_cell_bb_3791          
fm_internal_act_cond_cell_bb_3793          
fm_internal_act_cond_cell_bb_3795          
fm_internal_act_cond_cell_bb_3797          
fm_internal_act_cond_cell_bb_3799          
fm_internal_act_cond_cell_bb_3801          
fm_internal_act_cond_cell_bb_3803          
fm_internal_act_cond_cell_bb_3805          
fm_internal_act_cond_cell_bb_3807          
fm_internal_act_cond_cell_bb_3809          
fm_internal_act_cond_cell_bb_3811          
fm_internal_act_cond_cell_bb_3813          
fm_internal_act_cond_cell_bb_3815          
fm_internal_act_cond_cell_bb_3817          
fm_internal_act_cond_cell_bb_3819          
fm_internal_act_cond_cell_bb_3821          
fm_internal_act_cond_cell_bb_3823          
fm_internal_act_cond_cell_bb_3825          
fm_internal_act_cond_cell_bb_3827          
fm_internal_act_cond_cell_bb_3829          
fm_internal_act_cond_cell_bb_3837          
fm_internal_act_cond_cell_bb_3839          
fm_internal_act_cond_cell_bb_3841          
fm_internal_act_cond_cell_bb_3843          
fm_internal_act_cond_cell_bb_3845          
fm_internal_act_cond_cell_bb_3847          
fm_internal_act_cond_cell_bb_3849          
fm_internal_act_cond_cell_bb_3851          
fm_internal_act_cond_cell_bb_3853          
fm_internal_act_cond_cell_bb_3855          
fm_internal_act_cond_cell_bb_3857          
fm_internal_act_cond_cell_bb_3859          
fm_internal_act_cond_cell_bb_3861          
fm_internal_act_cond_cell_bb_3863          
fm_internal_act_cond_cell_bb_3865          
fm_internal_act_cond_cell_bb_3867          
fm_internal_act_cond_cell_bb_3869          
fm_internal_act_cond_cell_bb_3871          
fm_internal_act_cond_cell_bb_3873          
fm_internal_act_cond_cell_bb_3875          
fm_internal_act_cond_cell_bb_3877          
fm_internal_act_cond_cell_bb_3879          
fm_internal_act_cond_cell_bb_3881          
fm_internal_act_cond_cell_bb_3883          
fm_internal_act_cond_cell_bb_3885          
fm_internal_act_cond_cell_bb_3887          
fm_internal_act_cond_cell_bb_3889          
fm_internal_act_cond_cell_bb_3891          
fm_internal_act_cond_cell_bb_3893          
fm_internal_act_cond_cell_bb_3895          
fm_internal_act_cond_cell_bb_3897          
fm_internal_act_cond_cell_bb_3899          
fm_internal_act_cond_cell_bb_3901          
fm_internal_act_cond_cell_bb_3903          
fm_internal_act_cond_cell_bb_3905          
fm_internal_act_cond_cell_bb_3907          
fm_internal_act_cond_cell_bb_3909          
fm_internal_act_cond_cell_bb_3911          
fm_internal_act_cond_cell_bb_3913          
fm_internal_act_cond_cell_bb_3915          
fm_internal_act_cond_cell_bb_3917          
fm_internal_act_cond_cell_bb_3919          
fm_internal_act_cond_cell_bb_3921          
fm_internal_act_cond_cell_bb_3923          
fm_internal_act_cond_cell_bb_3925          
fm_internal_act_cond_cell_bb_3927          
fm_internal_act_cond_cell_bb_3929          
fm_internal_act_cond_cell_bb_3931          
fm_internal_act_cond_cell_bb_3933          
fm_internal_act_cond_cell_bb_3935          
fm_internal_act_cond_cell_bb_3937          
fm_internal_act_cond_cell_bb_3939          
fm_internal_act_cond_cell_bb_3941          
fm_internal_act_cond_cell_bb_3943          
fm_internal_act_cond_cell_bb_3945          
fm_internal_act_cond_cell_bb_3947          
fm_internal_act_cond_cell_bb_3949          
fm_internal_act_cond_cell_bb_3951          
fm_internal_act_cond_cell_bb_3953          
fm_internal_act_cond_cell_bb_3955          
fm_internal_act_cond_cell_bb_3957          
fm_internal_act_cond_cell_bb_3959          
fm_internal_act_cond_cell_bb_3961          
fm_internal_act_cond_cell_bb_3963          
fm_internal_act_cond_cell_bb_3965          
fm_internal_act_cond_cell_bb_3967          
fm_internal_act_cond_cell_bb_3969          
fm_internal_act_cond_cell_bb_3971          
fm_internal_act_cond_cell_bb_3973          
fm_internal_act_cond_cell_bb_3975          
fm_internal_act_cond_cell_bb_3977          
fm_internal_act_cond_cell_bb_3979          
fm_internal_act_cond_cell_bb_3981          
fm_internal_act_cond_cell_bb_3983          
fm_internal_act_cond_cell_bb_3985          
fm_internal_act_cond_cell_bb_3987          
fm_internal_act_cond_cell_bb_3989          
fm_internal_act_cond_cell_bb_3991          
fm_internal_act_cond_cell_bb_3993          
fm_internal_act_cond_cell_bb_3995          
fm_internal_act_cond_cell_bb_3997          
fm_internal_act_cond_cell_bb_3999          
fm_internal_act_cond_cell_bb_4001          
fm_internal_act_cond_cell_bb_4003          
fm_internal_act_cond_cell_bb_4005          
fm_internal_act_cond_cell_bb_4007          
fm_internal_act_cond_cell_bb_4009          
fm_internal_act_cond_cell_bb_4011          
fm_internal_act_cond_cell_bb_4013          
fm_internal_act_cond_cell_bb_4015          
fm_internal_act_cond_cell_bb_4017          
fm_internal_act_cond_cell_bb_4019          
fm_internal_act_cond_cell_bb_4021          
fm_internal_act_cond_cell_bb_4023          
fm_internal_act_cond_cell_bb_4025          
fm_internal_act_cond_cell_bb_4027          
fm_internal_act_cond_cell_bb_4029          
fm_internal_act_cond_cell_bb_4031          
fm_internal_act_cond_cell_bb_4033          
fm_internal_act_cond_cell_bb_4035          
fm_internal_act_cond_cell_bb_4037          
fm_internal_act_cond_cell_bb_4039          
fm_internal_act_cond_cell_bb_4041          
fm_internal_act_cond_cell_bb_4043          
fm_internal_act_cond_cell_bb_4045          
fm_internal_act_cond_cell_bb_4047          
fm_internal_act_cond_cell_bb_4049          
fm_internal_act_cond_cell_bb_4051          
fm_internal_act_cond_cell_bb_4053          
fm_internal_act_cond_cell_bb_4055          
fm_internal_act_cond_cell_bb_4057          
fm_internal_act_cond_cell_bb_4059          
fm_internal_act_cond_cell_bb_4061          
fm_internal_act_cond_cell_bb_4063          
fm_internal_act_cond_cell_bb_4065          
fm_internal_act_cond_cell_bb_4067          
fm_internal_act_cond_cell_bb_4069          
fm_internal_act_cond_cell_bb_4071          
fm_internal_act_cond_cell_bb_4073          
fm_internal_act_cond_cell_bb_4075          
fm_internal_act_cond_cell_bb_4077          
fm_internal_act_cond_cell_bb_4079          
fm_internal_act_cond_cell_bb_4081          
fm_internal_act_cond_cell_bb_4083          
fm_internal_act_cond_cell_bb_4085          
fm_internal_act_cond_cell_bb_4087          
fm_internal_act_cond_cell_bb_4089          
fm_internal_act_cond_cell_bb_4091          
fm_internal_act_cond_cell_bb_4093          
fm_internal_act_cond_cell_bb_4095          
fm_internal_act_cond_cell_bb_4103          
fm_internal_act_cond_cell_bb_4105          
fm_internal_act_cond_cell_bb_4107          
fm_internal_act_cond_cell_bb_4109          
fm_internal_act_cond_cell_bb_4111          
fm_internal_act_cond_cell_bb_4113          
fm_internal_act_cond_cell_bb_4115          
fm_internal_act_cond_cell_bb_4117          
fm_internal_act_cond_cell_bb_4119          
fm_internal_act_cond_cell_bb_4121          
fm_internal_act_cond_cell_bb_4123          
fm_internal_act_cond_cell_bb_4125          
fm_internal_act_cond_cell_bb_4127          
fm_internal_act_cond_cell_bb_4129          
fm_internal_act_cond_cell_bb_4131          
fm_internal_act_cond_cell_bb_4133          
fm_internal_act_cond_cell_bb_4135          
fm_internal_act_cond_cell_bb_4137          
fm_internal_act_cond_cell_bb_4139          
fm_internal_act_cond_cell_bb_4141          
fm_internal_act_cond_cell_bb_4143          
fm_internal_act_cond_cell_bb_4145          
fm_internal_act_cond_cell_bb_4147          
fm_internal_act_cond_cell_bb_4149          
fm_internal_act_cond_cell_bb_4151          
fm_internal_act_cond_cell_bb_4153          
fm_internal_act_cond_cell_bb_4155          
fm_internal_act_cond_cell_bb_4157          
fm_internal_act_cond_cell_bb_4159          
fm_internal_act_cond_cell_bb_4161          
fm_internal_act_cond_cell_bb_4163          
fm_internal_act_cond_cell_bb_4165          
fm_internal_act_cond_cell_bb_4167          
fm_internal_act_cond_cell_bb_4169          
fm_internal_act_cond_cell_bb_4171          
fm_internal_act_cond_cell_bb_4173          
fm_internal_act_cond_cell_bb_4175          
fm_internal_act_cond_cell_bb_4177          
fm_internal_act_cond_cell_bb_4179          
fm_internal_act_cond_cell_bb_4181          
fm_internal_act_cond_cell_bb_4183          
fm_internal_act_cond_cell_bb_4185          
fm_internal_act_cond_cell_bb_4187          
fm_internal_act_cond_cell_bb_4189          
fm_internal_act_cond_cell_bb_4191          
fm_internal_act_cond_cell_bb_4193          
fm_internal_act_cond_cell_bb_4195          
fm_internal_act_cond_cell_bb_4197          
fm_internal_act_cond_cell_bb_4199          
fm_internal_act_cond_cell_bb_4201          
fm_internal_act_cond_cell_bb_4203          
fm_internal_act_cond_cell_bb_4205          
fm_internal_act_cond_cell_bb_4207          
fm_internal_act_cond_cell_bb_4209          
fm_internal_act_cond_cell_bb_4211          
fm_internal_act_cond_cell_bb_4213          
fm_internal_act_cond_cell_bb_4215          
fm_internal_act_cond_cell_bb_4217          
fm_internal_act_cond_cell_bb_4219          
fm_internal_act_cond_cell_bb_4221          
fm_internal_act_cond_cell_bb_4223          
fm_internal_act_cond_cell_bb_4225          
fm_internal_act_cond_cell_bb_4227          
fm_internal_act_cond_cell_bb_4229          
fm_internal_act_cond_cell_bb_4231          
fm_internal_act_cond_cell_bb_4233          
fm_internal_act_cond_cell_bb_4235          
fm_internal_act_cond_cell_bb_4237          
fm_internal_act_cond_cell_bb_4239          
fm_internal_act_cond_cell_bb_4241          
fm_internal_act_cond_cell_bb_4243          
fm_internal_act_cond_cell_bb_4245          
fm_internal_act_cond_cell_bb_4247          
fm_internal_act_cond_cell_bb_4249          
fm_internal_act_cond_cell_bb_4251          
fm_internal_act_cond_cell_bb_4253          
fm_internal_act_cond_cell_bb_4255          
fm_internal_act_cond_cell_bb_4257          
fm_internal_act_cond_cell_bb_4259          
fm_internal_act_cond_cell_bb_4261          
fm_internal_act_cond_cell_bb_4263          
fm_internal_act_cond_cell_bb_4265          
fm_internal_act_cond_cell_bb_4267          
fm_internal_act_cond_cell_bb_4269          
fm_internal_act_cond_cell_bb_4271          
fm_internal_act_cond_cell_bb_4273          
fm_internal_act_cond_cell_bb_4275          
fm_internal_act_cond_cell_bb_4277          
fm_internal_act_cond_cell_bb_4279          
fm_internal_act_cond_cell_bb_4281          
fm_internal_act_cond_cell_bb_4283          
fm_internal_act_cond_cell_bb_4285          
fm_internal_act_cond_cell_bb_4287          
fm_internal_act_cond_cell_bb_4289          
fm_internal_act_cond_cell_bb_4291          
fm_internal_act_cond_cell_bb_4293          
fm_internal_act_cond_cell_bb_4295          
fm_internal_act_cond_cell_bb_4297          
fm_internal_act_cond_cell_bb_4299          
fm_internal_act_cond_cell_bb_4301          
fm_internal_act_cond_cell_bb_4303          
fm_internal_act_cond_cell_bb_4305          
fm_internal_act_cond_cell_bb_4307          
fm_internal_act_cond_cell_bb_4309          
fm_internal_act_cond_cell_bb_4311          
fm_internal_act_cond_cell_bb_4313          
fm_internal_act_cond_cell_bb_4315          
fm_internal_act_cond_cell_bb_4317          
fm_internal_act_cond_cell_bb_4319          
fm_internal_act_cond_cell_bb_4321          
fm_internal_act_cond_cell_bb_4323          
fm_internal_act_cond_cell_bb_4325          
fm_internal_act_cond_cell_bb_4327          
fm_internal_act_cond_cell_bb_4329          
fm_internal_act_cond_cell_bb_4331          
fm_internal_act_cond_cell_bb_4333          
fm_internal_act_cond_cell_bb_4335          
fm_internal_act_cond_cell_bb_4337          
fm_internal_act_cond_cell_bb_4339          
fm_internal_act_cond_cell_bb_4341          
fm_internal_act_cond_cell_bb_4343          
fm_internal_act_cond_cell_bb_4345          
fm_internal_act_cond_cell_bb_4347          
fm_internal_act_cond_cell_bb_4349          
fm_internal_act_cond_cell_bb_4351          
fm_internal_act_cond_cell_bb_4353          
fm_internal_act_cond_cell_bb_4355          
fm_internal_act_cond_cell_bb_4357          
fm_internal_act_cond_cell_bb_4359          
fm_internal_act_cond_cell_bb_4361          
fm_internal_act_cond_cell_bb_4369          
fm_internal_act_cond_cell_bb_4371          
fm_internal_act_cond_cell_bb_4373          
fm_internal_act_cond_cell_bb_4375          
fm_internal_act_cond_cell_bb_4377          
fm_internal_act_cond_cell_bb_4379          
fm_internal_act_cond_cell_bb_4381          
fm_internal_act_cond_cell_bb_4383          
fm_internal_act_cond_cell_bb_4385          
fm_internal_act_cond_cell_bb_4387          
fm_internal_act_cond_cell_bb_4389          
fm_internal_act_cond_cell_bb_4391          
fm_internal_act_cond_cell_bb_4393          
fm_internal_act_cond_cell_bb_4395          
fm_internal_act_cond_cell_bb_4397          
fm_internal_act_cond_cell_bb_4399          
fm_internal_act_cond_cell_bb_4401          
fm_internal_act_cond_cell_bb_4403          
fm_internal_act_cond_cell_bb_4405          
fm_internal_act_cond_cell_bb_4407          
fm_internal_act_cond_cell_bb_4409          
fm_internal_act_cond_cell_bb_4411          
fm_internal_act_cond_cell_bb_4413          
fm_internal_act_cond_cell_bb_4415          
fm_internal_act_cond_cell_bb_4417          
fm_internal_act_cond_cell_bb_4419          
fm_internal_act_cond_cell_bb_4421          
fm_internal_act_cond_cell_bb_4423          
fm_internal_act_cond_cell_bb_4425          
fm_internal_act_cond_cell_bb_4427          
fm_internal_act_cond_cell_bb_4429          
fm_internal_act_cond_cell_bb_4431          
fm_internal_act_cond_cell_bb_4433          
fm_internal_act_cond_cell_bb_4435          
fm_internal_act_cond_cell_bb_4437          
fm_internal_act_cond_cell_bb_4439          
fm_internal_act_cond_cell_bb_4441          
fm_internal_act_cond_cell_bb_4443          
fm_internal_act_cond_cell_bb_4445          
fm_internal_act_cond_cell_bb_4447          
fm_internal_act_cond_cell_bb_4449          
fm_internal_act_cond_cell_bb_4451          
fm_internal_act_cond_cell_bb_4453          
fm_internal_act_cond_cell_bb_4455          
fm_internal_act_cond_cell_bb_4457          
fm_internal_act_cond_cell_bb_4459          
fm_internal_act_cond_cell_bb_4461          
fm_internal_act_cond_cell_bb_4463          
fm_internal_act_cond_cell_bb_4465          
fm_internal_act_cond_cell_bb_4467          
fm_internal_act_cond_cell_bb_4469          
fm_internal_act_cond_cell_bb_4471          
fm_internal_act_cond_cell_bb_4473          
fm_internal_act_cond_cell_bb_4475          
fm_internal_act_cond_cell_bb_4477          
fm_internal_act_cond_cell_bb_4479          
fm_internal_act_cond_cell_bb_4481          
fm_internal_act_cond_cell_bb_4483          
fm_internal_act_cond_cell_bb_4485          
fm_internal_act_cond_cell_bb_4487          
fm_internal_act_cond_cell_bb_4489          
fm_internal_act_cond_cell_bb_4491          
fm_internal_act_cond_cell_bb_4493          
fm_internal_act_cond_cell_bb_4495          
fm_internal_act_cond_cell_bb_4497          
fm_internal_act_cond_cell_bb_4499          
fm_internal_act_cond_cell_bb_4501          
fm_internal_act_cond_cell_bb_4503          
fm_internal_act_cond_cell_bb_4505          
fm_internal_act_cond_cell_bb_4507          
fm_internal_act_cond_cell_bb_4509          
fm_internal_act_cond_cell_bb_4511          
fm_internal_act_cond_cell_bb_4513          
fm_internal_act_cond_cell_bb_4515          
fm_internal_act_cond_cell_bb_4517          
fm_internal_act_cond_cell_bb_4519          
fm_internal_act_cond_cell_bb_4521          
fm_internal_act_cond_cell_bb_4523          
fm_internal_act_cond_cell_bb_4525          
fm_internal_act_cond_cell_bb_4527          
fm_internal_act_cond_cell_bb_4529          
fm_internal_act_cond_cell_bb_4531          
fm_internal_act_cond_cell_bb_4533          
fm_internal_act_cond_cell_bb_4535          
fm_internal_act_cond_cell_bb_4537          
fm_internal_act_cond_cell_bb_4539          
fm_internal_act_cond_cell_bb_4541          
fm_internal_act_cond_cell_bb_4543          
fm_internal_act_cond_cell_bb_4545          
fm_internal_act_cond_cell_bb_4547          
fm_internal_act_cond_cell_bb_4549          
fm_internal_act_cond_cell_bb_4551          
fm_internal_act_cond_cell_bb_4553          
fm_internal_act_cond_cell_bb_4555          
fm_internal_act_cond_cell_bb_4557          
fm_internal_act_cond_cell_bb_4559          
fm_internal_act_cond_cell_bb_4561          
fm_internal_act_cond_cell_bb_4563          
fm_internal_act_cond_cell_bb_4565          
fm_internal_act_cond_cell_bb_4567          
fm_internal_act_cond_cell_bb_4569          
fm_internal_act_cond_cell_bb_4571          
fm_internal_act_cond_cell_bb_4573          
fm_internal_act_cond_cell_bb_4575          
fm_internal_act_cond_cell_bb_4577          
fm_internal_act_cond_cell_bb_4579          
fm_internal_act_cond_cell_bb_4581          
fm_internal_act_cond_cell_bb_4583          
fm_internal_act_cond_cell_bb_4585          
fm_internal_act_cond_cell_bb_4587          
fm_internal_act_cond_cell_bb_4589          
fm_internal_act_cond_cell_bb_4591          
fm_internal_act_cond_cell_bb_4593          
fm_internal_act_cond_cell_bb_4595          
fm_internal_act_cond_cell_bb_4597          
fm_internal_act_cond_cell_bb_4599          
fm_internal_act_cond_cell_bb_4601          
fm_internal_act_cond_cell_bb_4603          
fm_internal_act_cond_cell_bb_4605          
fm_internal_act_cond_cell_bb_4607          
fm_internal_act_cond_cell_bb_4609          
fm_internal_act_cond_cell_bb_4611          
fm_internal_act_cond_cell_bb_4613          
fm_internal_act_cond_cell_bb_4615          
fm_internal_act_cond_cell_bb_4617          
fm_internal_act_cond_cell_bb_4619          
fm_internal_act_cond_cell_bb_4621          
fm_internal_act_cond_cell_bb_4623          
fm_internal_act_cond_cell_bb_4625          
fm_internal_act_cond_cell_bb_4627          
fm_internal_act_cond_cell_bb_4635          
fm_internal_act_cond_cell_bb_4637          
fm_internal_act_cond_cell_bb_4639          
fm_internal_act_cond_cell_bb_4641          
fm_internal_act_cond_cell_bb_4643          
fm_internal_act_cond_cell_bb_4645          
fm_internal_act_cond_cell_bb_4647          
fm_internal_act_cond_cell_bb_4649          
fm_internal_act_cond_cell_bb_4651          
fm_internal_act_cond_cell_bb_4653          
fm_internal_act_cond_cell_bb_4655          
fm_internal_act_cond_cell_bb_4657          
fm_internal_act_cond_cell_bb_4659          
fm_internal_act_cond_cell_bb_4661          
fm_internal_act_cond_cell_bb_4663          
fm_internal_act_cond_cell_bb_4665          
fm_internal_act_cond_cell_bb_4667          
fm_internal_act_cond_cell_bb_4669          
fm_internal_act_cond_cell_bb_4671          
fm_internal_act_cond_cell_bb_4673          
fm_internal_act_cond_cell_bb_4675          
fm_internal_act_cond_cell_bb_4677          
fm_internal_act_cond_cell_bb_4679          
fm_internal_act_cond_cell_bb_4681          
fm_internal_act_cond_cell_bb_4683          
fm_internal_act_cond_cell_bb_4685          
fm_internal_act_cond_cell_bb_4687          
fm_internal_act_cond_cell_bb_4689          
fm_internal_act_cond_cell_bb_4691          
fm_internal_act_cond_cell_bb_4693          
fm_internal_act_cond_cell_bb_4695          
fm_internal_act_cond_cell_bb_4697          
fm_internal_act_cond_cell_bb_4699          
fm_internal_act_cond_cell_bb_4701          
fm_internal_act_cond_cell_bb_4703          
fm_internal_act_cond_cell_bb_4705          
fm_internal_act_cond_cell_bb_4707          
fm_internal_act_cond_cell_bb_4709          
fm_internal_act_cond_cell_bb_4711          
fm_internal_act_cond_cell_bb_4713          
fm_internal_act_cond_cell_bb_4715          
fm_internal_act_cond_cell_bb_4717          
fm_internal_act_cond_cell_bb_4719          
fm_internal_act_cond_cell_bb_4721          
fm_internal_act_cond_cell_bb_4723          
fm_internal_act_cond_cell_bb_4725          
fm_internal_act_cond_cell_bb_4727          
fm_internal_act_cond_cell_bb_4729          
fm_internal_act_cond_cell_bb_4731          
fm_internal_act_cond_cell_bb_4733          
fm_internal_act_cond_cell_bb_4735          
fm_internal_act_cond_cell_bb_4737          
fm_internal_act_cond_cell_bb_4739          
fm_internal_act_cond_cell_bb_4741          
fm_internal_act_cond_cell_bb_4743          
fm_internal_act_cond_cell_bb_4745          
fm_internal_act_cond_cell_bb_4747          
fm_internal_act_cond_cell_bb_4749          
fm_internal_act_cond_cell_bb_4751          
fm_internal_act_cond_cell_bb_4753          
fm_internal_act_cond_cell_bb_4755          
fm_internal_act_cond_cell_bb_4757          
fm_internal_act_cond_cell_bb_4759          
fm_internal_act_cond_cell_bb_4761          
fm_internal_act_cond_cell_bb_4763          
fm_internal_act_cond_cell_bb_4765          
fm_internal_act_cond_cell_bb_4767          
fm_internal_act_cond_cell_bb_4769          
fm_internal_act_cond_cell_bb_4771          
fm_internal_act_cond_cell_bb_4773          
fm_internal_act_cond_cell_bb_4775          
fm_internal_act_cond_cell_bb_4777          
fm_internal_act_cond_cell_bb_4779          
fm_internal_act_cond_cell_bb_4781          
fm_internal_act_cond_cell_bb_4783          
fm_internal_act_cond_cell_bb_4785          
fm_internal_act_cond_cell_bb_4787          
fm_internal_act_cond_cell_bb_4789          
fm_internal_act_cond_cell_bb_4791          
fm_internal_act_cond_cell_bb_4793          
fm_internal_act_cond_cell_bb_4795          
fm_internal_act_cond_cell_bb_4797          
fm_internal_act_cond_cell_bb_4799          
fm_internal_act_cond_cell_bb_4801          
fm_internal_act_cond_cell_bb_4803          
fm_internal_act_cond_cell_bb_4805          
fm_internal_act_cond_cell_bb_4807          
fm_internal_act_cond_cell_bb_4809          
fm_internal_act_cond_cell_bb_4811          
fm_internal_act_cond_cell_bb_4813          
fm_internal_act_cond_cell_bb_4815          
fm_internal_act_cond_cell_bb_4817          
fm_internal_act_cond_cell_bb_4819          
fm_internal_act_cond_cell_bb_4821          
fm_internal_act_cond_cell_bb_4823          
fm_internal_act_cond_cell_bb_4825          
fm_internal_act_cond_cell_bb_4827          
fm_internal_act_cond_cell_bb_4829          
fm_internal_act_cond_cell_bb_4831          
fm_internal_act_cond_cell_bb_4833          
fm_internal_act_cond_cell_bb_4835          
fm_internal_act_cond_cell_bb_4837          
fm_internal_act_cond_cell_bb_4839          
fm_internal_act_cond_cell_bb_4841          
fm_internal_act_cond_cell_bb_4843          
fm_internal_act_cond_cell_bb_4845          
fm_internal_act_cond_cell_bb_4847          
fm_internal_act_cond_cell_bb_4849          
fm_internal_act_cond_cell_bb_4851          
fm_internal_act_cond_cell_bb_4853          
fm_internal_act_cond_cell_bb_4855          
fm_internal_act_cond_cell_bb_4857          
fm_internal_act_cond_cell_bb_4859          
fm_internal_act_cond_cell_bb_4861          
fm_internal_act_cond_cell_bb_4863          
fm_internal_act_cond_cell_bb_4865          
fm_internal_act_cond_cell_bb_4867          
fm_internal_act_cond_cell_bb_4869          
fm_internal_act_cond_cell_bb_4871          
fm_internal_act_cond_cell_bb_4873          
fm_internal_act_cond_cell_bb_4875          
fm_internal_act_cond_cell_bb_4877          
fm_internal_act_cond_cell_bb_4879          
fm_internal_act_cond_cell_bb_4881          
fm_internal_act_cond_cell_bb_4883          
fm_internal_act_cond_cell_bb_4885          
fm_internal_act_cond_cell_bb_4887          
fm_internal_act_cond_cell_bb_4889          
fm_internal_act_cond_cell_bb_4891          
fm_internal_act_cond_cell_bb_4893          
fm_internal_act_cond_cell_bb_4901          
fm_internal_act_cond_cell_bb_4903          
fm_internal_act_cond_cell_bb_4905          
fm_internal_act_cond_cell_bb_4907          
fm_internal_act_cond_cell_bb_4909          
fm_internal_act_cond_cell_bb_4911          
fm_internal_act_cond_cell_bb_4913          
fm_internal_act_cond_cell_bb_4915          
fm_internal_act_cond_cell_bb_4917          
fm_internal_act_cond_cell_bb_4919          
fm_internal_act_cond_cell_bb_4921          
fm_internal_act_cond_cell_bb_4923          
fm_internal_act_cond_cell_bb_4925          
fm_internal_act_cond_cell_bb_4927          
fm_internal_act_cond_cell_bb_4929          
fm_internal_act_cond_cell_bb_4931          
fm_internal_act_cond_cell_bb_4933          
fm_internal_act_cond_cell_bb_4935          
fm_internal_act_cond_cell_bb_4937          
fm_internal_act_cond_cell_bb_4939          
fm_internal_act_cond_cell_bb_4941          
fm_internal_act_cond_cell_bb_4943          
fm_internal_act_cond_cell_bb_4945          
fm_internal_act_cond_cell_bb_4947          
fm_internal_act_cond_cell_bb_4949          
fm_internal_act_cond_cell_bb_4951          
fm_internal_act_cond_cell_bb_4953          
fm_internal_act_cond_cell_bb_4955          
fm_internal_act_cond_cell_bb_4957          
fm_internal_act_cond_cell_bb_4959          
fm_internal_act_cond_cell_bb_4961          
fm_internal_act_cond_cell_bb_4963          
fm_internal_act_cond_cell_bb_4965          
fm_internal_act_cond_cell_bb_4967          
fm_internal_act_cond_cell_bb_4969          
fm_internal_act_cond_cell_bb_4971          
fm_internal_act_cond_cell_bb_4973          
fm_internal_act_cond_cell_bb_4975          
fm_internal_act_cond_cell_bb_4977          
fm_internal_act_cond_cell_bb_4979          
fm_internal_act_cond_cell_bb_4981          
fm_internal_act_cond_cell_bb_4983          
fm_internal_act_cond_cell_bb_4985          
fm_internal_act_cond_cell_bb_4987          
fm_internal_act_cond_cell_bb_4989          
fm_internal_act_cond_cell_bb_4991          
fm_internal_act_cond_cell_bb_4993          
fm_internal_act_cond_cell_bb_4995          
fm_internal_act_cond_cell_bb_4997          
fm_internal_act_cond_cell_bb_4999          
fm_internal_act_cond_cell_bb_5001          
fm_internal_act_cond_cell_bb_5003          
fm_internal_act_cond_cell_bb_5005          
fm_internal_act_cond_cell_bb_5007          
fm_internal_act_cond_cell_bb_5009          
fm_internal_act_cond_cell_bb_5011          
fm_internal_act_cond_cell_bb_5013          
fm_internal_act_cond_cell_bb_5015          
fm_internal_act_cond_cell_bb_5017          
fm_internal_act_cond_cell_bb_5019          
fm_internal_act_cond_cell_bb_5021          
fm_internal_act_cond_cell_bb_5023          
fm_internal_act_cond_cell_bb_5025          
fm_internal_act_cond_cell_bb_5027          
fm_internal_act_cond_cell_bb_5029          
fm_internal_act_cond_cell_bb_5031          
fm_internal_act_cond_cell_bb_5033          
fm_internal_act_cond_cell_bb_5035          
fm_internal_act_cond_cell_bb_5037          
fm_internal_act_cond_cell_bb_5039          
fm_internal_act_cond_cell_bb_5041          
fm_internal_act_cond_cell_bb_5043          
fm_internal_act_cond_cell_bb_5045          
fm_internal_act_cond_cell_bb_5047          
fm_internal_act_cond_cell_bb_5049          
fm_internal_act_cond_cell_bb_5051          
fm_internal_act_cond_cell_bb_5053          
fm_internal_act_cond_cell_bb_5055          
fm_internal_act_cond_cell_bb_5057          
fm_internal_act_cond_cell_bb_5059          
fm_internal_act_cond_cell_bb_5061          
fm_internal_act_cond_cell_bb_5063          
fm_internal_act_cond_cell_bb_5065          
fm_internal_act_cond_cell_bb_5067          
fm_internal_act_cond_cell_bb_5069          
fm_internal_act_cond_cell_bb_5071          
fm_internal_act_cond_cell_bb_5073          
fm_internal_act_cond_cell_bb_5075          
fm_internal_act_cond_cell_bb_5077          
fm_internal_act_cond_cell_bb_5079          
fm_internal_act_cond_cell_bb_5081          
fm_internal_act_cond_cell_bb_5083          
fm_internal_act_cond_cell_bb_5085          
fm_internal_act_cond_cell_bb_5087          
fm_internal_act_cond_cell_bb_5089          
fm_internal_act_cond_cell_bb_5091          
fm_internal_act_cond_cell_bb_5093          
fm_internal_act_cond_cell_bb_5095          
fm_internal_act_cond_cell_bb_5097          
fm_internal_act_cond_cell_bb_5099          
fm_internal_act_cond_cell_bb_5101          
fm_internal_act_cond_cell_bb_5103          
fm_internal_act_cond_cell_bb_5105          
fm_internal_act_cond_cell_bb_5107          
fm_internal_act_cond_cell_bb_5109          
fm_internal_act_cond_cell_bb_5111          
fm_internal_act_cond_cell_bb_5113          
fm_internal_act_cond_cell_bb_5115          
fm_internal_act_cond_cell_bb_5117          
fm_internal_act_cond_cell_bb_5119          
fm_internal_act_cond_cell_bb_5121          
fm_internal_act_cond_cell_bb_5123          
fm_internal_act_cond_cell_bb_5125          
fm_internal_act_cond_cell_bb_5127          
fm_internal_act_cond_cell_bb_5129          
fm_internal_act_cond_cell_bb_5131          
fm_internal_act_cond_cell_bb_5133          
fm_internal_act_cond_cell_bb_5135          
fm_internal_act_cond_cell_bb_5137          
fm_internal_act_cond_cell_bb_5139          
fm_internal_act_cond_cell_bb_5141          
fm_internal_act_cond_cell_bb_5143          
fm_internal_act_cond_cell_bb_5145          
fm_internal_act_cond_cell_bb_5147          
fm_internal_act_cond_cell_bb_5149          
fm_internal_act_cond_cell_bb_5151          
fm_internal_act_cond_cell_bb_5153          
fm_internal_act_cond_cell_bb_5155          
fm_internal_act_cond_cell_bb_5157          
fm_internal_act_cond_cell_bb_5159          
fm_internal_act_cond_cell_bb_5167          
fm_internal_act_cond_cell_bb_5169          
fm_internal_act_cond_cell_bb_5171          
fm_internal_act_cond_cell_bb_5173          
fm_internal_act_cond_cell_bb_5175          
fm_internal_act_cond_cell_bb_5177          
fm_internal_act_cond_cell_bb_5179          
fm_internal_act_cond_cell_bb_5181          
fm_internal_act_cond_cell_bb_5183          
fm_internal_act_cond_cell_bb_5185          
fm_internal_act_cond_cell_bb_5187          
fm_internal_act_cond_cell_bb_5189          
fm_internal_act_cond_cell_bb_5191          
fm_internal_act_cond_cell_bb_5193          
fm_internal_act_cond_cell_bb_5195          
fm_internal_act_cond_cell_bb_5197          
fm_internal_act_cond_cell_bb_5199          
fm_internal_act_cond_cell_bb_5201          
fm_internal_act_cond_cell_bb_5203          
fm_internal_act_cond_cell_bb_5205          
fm_internal_act_cond_cell_bb_5207          
fm_internal_act_cond_cell_bb_5209          
fm_internal_act_cond_cell_bb_5211          
fm_internal_act_cond_cell_bb_5213          
fm_internal_act_cond_cell_bb_5215          
fm_internal_act_cond_cell_bb_5217          
fm_internal_act_cond_cell_bb_5219          
fm_internal_act_cond_cell_bb_5221          
fm_internal_act_cond_cell_bb_5223          
fm_internal_act_cond_cell_bb_5225          
fm_internal_act_cond_cell_bb_5227          
fm_internal_act_cond_cell_bb_5229          
fm_internal_act_cond_cell_bb_5231          
fm_internal_act_cond_cell_bb_5233          
fm_internal_act_cond_cell_bb_5235          
fm_internal_act_cond_cell_bb_5237          
fm_internal_act_cond_cell_bb_5239          
fm_internal_act_cond_cell_bb_5241          
fm_internal_act_cond_cell_bb_5243          
fm_internal_act_cond_cell_bb_5245          
fm_internal_act_cond_cell_bb_5247          
fm_internal_act_cond_cell_bb_5249          
fm_internal_act_cond_cell_bb_5251          
fm_internal_act_cond_cell_bb_5253          
fm_internal_act_cond_cell_bb_5255          
fm_internal_act_cond_cell_bb_5257          
fm_internal_act_cond_cell_bb_5259          
fm_internal_act_cond_cell_bb_5261          
fm_internal_act_cond_cell_bb_5263          
fm_internal_act_cond_cell_bb_5265          
fm_internal_act_cond_cell_bb_5267          
fm_internal_act_cond_cell_bb_5269          
fm_internal_act_cond_cell_bb_5271          
fm_internal_act_cond_cell_bb_5273          
fm_internal_act_cond_cell_bb_5275          
fm_internal_act_cond_cell_bb_5277          
fm_internal_act_cond_cell_bb_5279          
fm_internal_act_cond_cell_bb_5281          
fm_internal_act_cond_cell_bb_5283          
fm_internal_act_cond_cell_bb_5285          
fm_internal_act_cond_cell_bb_5287          
fm_internal_act_cond_cell_bb_5289          
fm_internal_act_cond_cell_bb_5291          
fm_internal_act_cond_cell_bb_5293          
fm_internal_act_cond_cell_bb_5295          
fm_internal_act_cond_cell_bb_5297          
fm_internal_act_cond_cell_bb_5299          
fm_internal_act_cond_cell_bb_5301          
fm_internal_act_cond_cell_bb_5303          
fm_internal_act_cond_cell_bb_5305          
fm_internal_act_cond_cell_bb_5307          
fm_internal_act_cond_cell_bb_5309          
fm_internal_act_cond_cell_bb_5311          
fm_internal_act_cond_cell_bb_5313          
fm_internal_act_cond_cell_bb_5315          
fm_internal_act_cond_cell_bb_5317          
fm_internal_act_cond_cell_bb_5319          
fm_internal_act_cond_cell_bb_5321          
fm_internal_act_cond_cell_bb_5323          
fm_internal_act_cond_cell_bb_5325          
fm_internal_act_cond_cell_bb_5327          
fm_internal_act_cond_cell_bb_5329          
fm_internal_act_cond_cell_bb_5331          
fm_internal_act_cond_cell_bb_5333          
fm_internal_act_cond_cell_bb_5335          
fm_internal_act_cond_cell_bb_5337          
fm_internal_act_cond_cell_bb_5339          
fm_internal_act_cond_cell_bb_5341          
fm_internal_act_cond_cell_bb_5343          
fm_internal_act_cond_cell_bb_5345          
fm_internal_act_cond_cell_bb_5347          
fm_internal_act_cond_cell_bb_5349          
fm_internal_act_cond_cell_bb_5351          
fm_internal_act_cond_cell_bb_5353          
fm_internal_act_cond_cell_bb_5355          
fm_internal_act_cond_cell_bb_5357          
fm_internal_act_cond_cell_bb_5359          
fm_internal_act_cond_cell_bb_5361          
fm_internal_act_cond_cell_bb_5363          
fm_internal_act_cond_cell_bb_5365          
fm_internal_act_cond_cell_bb_5367          
fm_internal_act_cond_cell_bb_5369          
fm_internal_act_cond_cell_bb_5371          
fm_internal_act_cond_cell_bb_5373          
fm_internal_act_cond_cell_bb_5375          
fm_internal_act_cond_cell_bb_5377          
fm_internal_act_cond_cell_bb_5379          
fm_internal_act_cond_cell_bb_5381          
fm_internal_act_cond_cell_bb_5383          
fm_internal_act_cond_cell_bb_5385          
fm_internal_act_cond_cell_bb_5387          
fm_internal_act_cond_cell_bb_5389          
fm_internal_act_cond_cell_bb_5391          
fm_internal_act_cond_cell_bb_5393          
fm_internal_act_cond_cell_bb_5395          
fm_internal_act_cond_cell_bb_5397          
fm_internal_act_cond_cell_bb_5399          
fm_internal_act_cond_cell_bb_5401          
fm_internal_act_cond_cell_bb_5403          
fm_internal_act_cond_cell_bb_5405          
fm_internal_act_cond_cell_bb_5407          
fm_internal_act_cond_cell_bb_5409          
fm_internal_act_cond_cell_bb_5411          
fm_internal_act_cond_cell_bb_5413          
fm_internal_act_cond_cell_bb_5415          
fm_internal_act_cond_cell_bb_5417          
fm_internal_act_cond_cell_bb_5419          
fm_internal_act_cond_cell_bb_5421          
fm_internal_act_cond_cell_bb_5423          
fm_internal_act_cond_cell_bb_5425          
fm_internal_act_cond_cell_bb_5717          
fm_internal_act_cond_cell_bb_5719          
fm_internal_act_cond_cell_bb_5721          
fm_internal_act_cond_cell_bb_5723          
fm_internal_act_cond_cell_bb_5725          
fm_internal_act_cond_cell_bb_5727          
fm_internal_act_cond_cell_bb_5729          
fm_internal_act_cond_cell_bb_5731          
fm_internal_act_cond_cell_bb_5733          
fm_internal_act_cond_cell_bb_5735          
fm_internal_act_cond_cell_bb_5737          
fm_internal_act_cond_cell_bb_5739          
fm_internal_act_cond_cell_bb_5741          
fm_internal_act_cond_cell_bb_5743          
fm_internal_act_cond_cell_bb_5745          
fm_internal_act_cond_cell_bb_5747          
fm_internal_act_cond_cell_bb_5749          
fm_internal_act_cond_cell_bb_5751          
fm_internal_act_cond_cell_bb_5753          
fm_internal_act_cond_cell_bb_5755          
fm_internal_act_cond_cell_bb_5757          
fm_internal_act_cond_cell_bb_5759          
fm_internal_act_cond_cell_bb_5761          
fm_internal_act_cond_cell_bb_5763          
fm_internal_act_cond_cell_bb_5765          
fm_internal_act_cond_cell_bb_5767          
fm_internal_act_cond_cell_bb_5769          
fm_internal_act_cond_cell_bb_5771          
fm_internal_act_cond_cell_bb_5773          
fm_internal_act_cond_cell_bb_5775          
fm_internal_act_cond_cell_bb_5777          
fm_internal_act_cond_cell_bb_5779          
fm_internal_act_cond_cell_bb_5781          
fm_internal_act_cond_cell_bb_5783          
fm_internal_act_cond_cell_bb_5785          
fm_internal_act_cond_cell_bb_5787          
fm_internal_act_cond_cell_bb_5789          
fm_internal_act_cond_cell_bb_5791          
fm_internal_act_cond_cell_bb_5793          
fm_internal_act_cond_cell_bb_5795          
fm_internal_act_cond_cell_bb_5797          
fm_internal_act_cond_cell_bb_5799          
fm_internal_act_cond_cell_bb_5801          
fm_internal_act_cond_cell_bb_5803          
fm_internal_act_cond_cell_bb_5805          
fm_internal_act_cond_cell_bb_5807          
fm_internal_act_cond_cell_bb_5809          
fm_internal_act_cond_cell_bb_5811          
fm_internal_act_cond_cell_bb_5813          
fm_internal_act_cond_cell_bb_5815          
fm_internal_act_cond_cell_bb_5817          
fm_internal_act_cond_cell_bb_5819          
fm_internal_act_cond_cell_bb_5821          
fm_internal_act_cond_cell_bb_5823          
fm_internal_act_cond_cell_bb_5825          
fm_internal_act_cond_cell_bb_5827          
fm_internal_act_cond_cell_bb_5829          
fm_internal_act_cond_cell_bb_5831          
fm_internal_act_cond_cell_bb_5833          
fm_internal_act_cond_cell_bb_5835          
fm_internal_act_cond_cell_bb_5837          
fm_internal_act_cond_cell_bb_5839          
fm_internal_act_cond_cell_bb_5841          
fm_internal_act_cond_cell_bb_5843          
fm_internal_act_cond_cell_bb_5845          
fm_internal_act_cond_cell_bb_5847          
fm_internal_act_cond_cell_bb_5849          
fm_internal_act_cond_cell_bb_5851          
fm_internal_act_cond_cell_bb_5853          
fm_internal_act_cond_cell_bb_5855          
fm_internal_act_cond_cell_bb_5857          
fm_internal_act_cond_cell_bb_5859          
fm_internal_act_cond_cell_bb_5861          
fm_internal_act_cond_cell_bb_5863          
fm_internal_act_cond_cell_bb_5865          
fm_internal_act_cond_cell_bb_5867          
fm_internal_act_cond_cell_bb_5869          
fm_internal_act_cond_cell_bb_5871          
fm_internal_act_cond_cell_bb_5873          
fm_internal_act_cond_cell_bb_5875          
fm_internal_act_cond_cell_bb_5877          
fm_internal_act_cond_cell_bb_5879          
fm_internal_act_cond_cell_bb_5881          
fm_internal_act_cond_cell_bb_5883          
fm_internal_act_cond_cell_bb_5885          
fm_internal_act_cond_cell_bb_5887          
fm_internal_act_cond_cell_bb_5889          
fm_internal_act_cond_cell_bb_5891          
fm_internal_act_cond_cell_bb_5893          
fm_internal_act_cond_cell_bb_5895          
fm_internal_act_cond_cell_bb_5897          
fm_internal_act_cond_cell_bb_5899          
fm_internal_act_cond_cell_bb_5901          
fm_internal_act_cond_cell_bb_5903          
fm_internal_act_cond_cell_bb_5905          
fm_internal_act_cond_cell_bb_5907          
fm_internal_act_cond_cell_bb_5909          
fm_internal_act_cond_cell_bb_5911          
fm_internal_act_cond_cell_bb_5913          
fm_internal_act_cond_cell_bb_5915          
fm_internal_act_cond_cell_bb_5917          
fm_internal_act_cond_cell_bb_5919          
fm_internal_act_cond_cell_bb_5921          
fm_internal_act_cond_cell_bb_5923          
fm_internal_act_cond_cell_bb_5925          
fm_internal_act_cond_cell_bb_5927          
fm_internal_act_cond_cell_bb_5929          
fm_internal_act_cond_cell_bb_5931          
fm_internal_act_cond_cell_bb_5933          
fm_internal_act_cond_cell_bb_5935          
fm_internal_act_cond_cell_bb_5937          
fm_internal_act_cond_cell_bb_5939          
fm_internal_act_cond_cell_bb_5941          
fm_internal_act_cond_cell_bb_5943          
fm_internal_act_cond_cell_bb_5945          
fm_internal_act_cond_cell_bb_5947          
fm_internal_act_cond_cell_bb_5949          
fm_internal_act_cond_cell_bb_5951          
fm_internal_act_cond_cell_bb_5953          
fm_internal_act_cond_cell_bb_5955          
fm_internal_act_cond_cell_bb_5957          
fm_internal_act_cond_cell_bb_5959          
fm_internal_act_cond_cell_bb_5961          
fm_internal_act_cond_cell_bb_5963          
fm_internal_act_cond_cell_bb_5965          
fm_internal_act_cond_cell_bb_5967          
fm_internal_act_cond_cell_bb_5969          
fm_internal_act_cond_cell_bb_5971          
fm_internal_act_cond_cell_bb_5973          
fm_internal_act_cond_cell_bb_5975          
fm_internal_act_cond_cell_bb_5981          
fm_internal_act_cond_cell_bb_5983          
fm_internal_act_cond_cell_bb_5985          
fm_internal_act_cond_cell_bb_5987          
fm_internal_act_cond_cell_bb_5989          
fm_internal_act_cond_cell_bb_5991          
fm_internal_act_cond_cell_bb_5993          
fm_internal_act_cond_cell_bb_5995          
fm_internal_act_cond_cell_bb_5997          
fm_internal_act_cond_cell_bb_5999          
fm_internal_act_cond_cell_bb_6001          
fm_internal_act_cond_cell_bb_6003          
fm_internal_act_cond_cell_bb_6005          
fm_internal_act_cond_cell_bb_6007          
fm_internal_act_cond_cell_bb_6009          
fm_internal_act_cond_cell_bb_6011          
fm_internal_act_cond_cell_bb_6031          
fm_internal_act_cond_cell_bb_6033          
fm_internal_act_cond_cell_bb_6035          
fm_internal_act_cond_cell_bb_6037          
fm_internal_act_cond_cell_bb_6039          
fm_internal_act_cond_cell_bb_6041          
fm_internal_act_cond_cell_bb_6043          
fm_internal_act_cond_cell_bb_6045          
fm_internal_act_cond_cell_bb_6047          
fm_internal_act_cond_cell_bb_6049          
fm_internal_act_cond_cell_bb_6051          
fm_internal_act_cond_cell_bb_6053          
fm_internal_act_cond_cell_bb_6055          
fm_internal_act_cond_cell_bb_6057          
fm_internal_act_cond_cell_bb_6059          
fm_internal_act_cond_cell_bb_6061          
fm_internal_act_cond_cell_bb_6063          
fm_internal_act_cond_cell_bb_6065          
fm_internal_act_cond_cell_bb_6067          
fm_internal_act_cond_cell_bb_6069          
fm_internal_act_cond_cell_bb_6071          
fm_internal_act_cond_cell_bb_6073          
fm_internal_act_cond_cell_bb_6075          
fm_internal_act_cond_cell_bb_6077          
fm_internal_act_cond_cell_bb_6079          
fm_internal_act_cond_cell_bb_6081          
fm_internal_act_cond_cell_bb_6083          
fm_internal_act_cond_cell_bb_6085          
fm_internal_act_cond_cell_bb_6087          
fm_internal_act_cond_cell_bb_6089          
fm_internal_act_cond_cell_bb_6091          
fm_internal_act_cond_cell_bb_6093          
fm_internal_act_cond_cell_bb_6095          
fm_internal_act_cond_cell_bb_6097          
fm_internal_act_cond_cell_bb_6099          
fm_internal_act_cond_cell_bb_6101          
fm_internal_act_cond_cell_bb_6103          
fm_internal_act_cond_cell_bb_6105          
fm_internal_act_cond_cell_bb_6107          
fm_internal_act_cond_cell_bb_6109          
fm_internal_act_cond_cell_bb_6111          
fm_internal_act_cond_cell_bb_6113          
fm_internal_act_cond_cell_bb_6115          
fm_internal_act_cond_cell_bb_6117          
fm_internal_act_cond_cell_bb_6119          
fm_internal_act_cond_cell_bb_6121          
fm_internal_act_cond_cell_bb_6123          
fm_internal_act_cond_cell_bb_6125          
fm_internal_act_cond_cell_bb_6127          
fm_internal_act_cond_cell_bb_6129          
fm_internal_act_cond_cell_bb_6131          
fm_internal_act_cond_cell_bb_6133          
fm_internal_act_cond_cell_bb_6135          
fm_internal_act_cond_cell_bb_6137          
fm_internal_act_cond_cell_bb_6139          
fm_internal_act_cond_cell_bb_6141          
fm_internal_act_cond_cell_bb_6143          
fm_internal_act_cond_cell_bb_6145          
fm_internal_act_cond_cell_bb_6147          
fm_internal_act_cond_cell_bb_6149          
fm_internal_act_cond_cell_bb_6151          
fm_internal_act_cond_cell_bb_6153          
fm_internal_act_cond_cell_bb_6155          
fm_internal_act_cond_cell_bb_6157          
fm_internal_act_cond_cell_bb_6159          
fm_internal_act_cond_cell_bb_6161          
fm_internal_act_cond_cell_bb_6163          
fm_internal_act_cond_cell_bb_6165          
fm_internal_act_cond_cell_bb_6167          
fm_internal_act_cond_cell_bb_6169          
fm_internal_act_cond_cell_bb_6171          
fm_internal_act_cond_cell_bb_6173          
fm_internal_act_cond_cell_bb_6175          
fm_internal_act_cond_cell_bb_6177          
fm_internal_act_cond_cell_bb_6179          
fm_internal_act_cond_cell_bb_6181          
fm_internal_act_cond_cell_bb_6183          
fm_internal_act_cond_cell_bb_6185          
fm_internal_act_cond_cell_bb_6187          
fm_internal_act_cond_cell_bb_6189          
fm_internal_act_cond_cell_bb_6191          
fm_internal_act_cond_cell_bb_6193          
fm_internal_act_cond_cell_bb_6195          
fm_internal_act_cond_cell_bb_6197          
fm_internal_act_cond_cell_bb_6199          
fm_internal_act_cond_cell_bb_6201          
fm_internal_act_cond_cell_bb_6203          
fm_internal_act_cond_cell_bb_6205          
fm_internal_act_cond_cell_bb_6207          
fm_internal_act_cond_cell_bb_6209          
fm_internal_act_cond_cell_bb_6211          
fm_internal_act_cond_cell_bb_6213          
fm_internal_act_cond_cell_bb_6215          
fm_internal_act_cond_cell_bb_6217          
fm_internal_act_cond_cell_bb_6219          
fm_internal_act_cond_cell_bb_6221          
fm_internal_act_cond_cell_bb_6223          
fm_internal_act_cond_cell_bb_6225          
fm_internal_act_cond_cell_bb_6227          
fm_internal_act_cond_cell_bb_6229          
fm_internal_act_cond_cell_bb_6231          
fm_internal_act_cond_cell_bb_6233          
fm_internal_act_cond_cell_bb_6235          
fm_internal_act_cond_cell_bb_6237          
fm_internal_act_cond_cell_bb_6239          
fm_internal_act_cond_cell_bb_6241          
fm_internal_act_cond_cell_bb_6243          
fm_internal_act_cond_cell_bb_6245          
fm_internal_act_cond_cell_bb_6247          
fm_internal_act_cond_cell_bb_6249          
fm_internal_act_cond_cell_bb_6251          
fm_internal_act_cond_cell_bb_6253          
fm_internal_act_cond_cell_bb_6255          
fm_internal_act_cond_cell_bb_6257          
fm_internal_act_cond_cell_bb_6259          
fm_internal_act_cond_cell_bb_6261          
fm_internal_act_cond_cell_bb_6263          
fm_internal_act_cond_cell_bb_6265          
fm_internal_act_cond_cell_bb_6267          
fm_internal_act_cond_cell_bb_6269          
fm_internal_act_cond_cell_bb_6271          
fm_internal_act_cond_cell_bb_6273          
fm_internal_act_cond_cell_bb_6275          
fm_internal_act_cond_cell_bb_6277          
fm_internal_act_cond_cell_bb_6279          
fm_internal_act_cond_cell_bb_6281          
fm_internal_act_cond_cell_bb_6283          
fm_internal_act_cond_cell_bb_6285          
fm_internal_act_cond_cell_bb_6287          
fm_internal_act_cond_cell_bb_6289          
fm_internal_act_cond_cell_bb_6293          
fm_internal_act_cond_cell_bb_6295          
fm_internal_act_cond_cell_bb_6297          
fm_internal_act_cond_cell_bb_6299          
fm_internal_act_cond_cell_bb_6301          
fm_internal_act_cond_cell_bb_6303          
fm_internal_act_cond_cell_bb_6305          
fm_internal_act_cond_cell_bb_6307          
fm_internal_act_cond_cell_bb_6309          
fm_internal_act_cond_cell_bb_6311          
fm_internal_act_cond_cell_bb_6313          
fm_internal_act_cond_cell_bb_6315          
fm_internal_act_cond_cell_bb_6317          
fm_internal_act_cond_cell_bb_6319          
fm_internal_act_cond_cell_bb_6321          
fm_internal_act_cond_cell_bb_6323          
fm_internal_act_cond_cell_bb_6325          
fm_internal_act_cond_cell_bb_6327          
fm_internal_act_cond_cell_bb_6329          
fm_internal_act_cond_cell_bb_6331          
fm_internal_act_cond_cell_bb_6333          
fm_internal_act_cond_cell_bb_6335          
fm_internal_act_cond_cell_bb_6337          
fm_internal_act_cond_cell_bb_6339          
fm_internal_act_cond_cell_bb_6341          
fm_internal_act_cond_cell_bb_6343          
fm_internal_act_cond_cell_bb_6345          
fm_internal_act_cond_cell_bb_6347          
fm_internal_act_cond_cell_bb_6349          
fm_internal_act_cond_cell_bb_6351          
fm_internal_act_cond_cell_bb_6353          
fm_internal_act_cond_cell_bb_6355          
fm_internal_act_cond_cell_bb_6357          
fm_internal_act_cond_cell_bb_6359          
fm_internal_act_cond_cell_bb_6361          
fm_internal_act_cond_cell_bb_6363          
fm_internal_act_cond_cell_bb_6365          
fm_internal_act_cond_cell_bb_6367          
fm_internal_act_cond_cell_bb_6369          
fm_internal_act_cond_cell_bb_6371          
fm_internal_act_cond_cell_bb_6373          
fm_internal_act_cond_cell_bb_6375          
fm_internal_act_cond_cell_bb_6377          
fm_internal_act_cond_cell_bb_6379          
fm_internal_act_cond_cell_bb_6381          
fm_internal_act_cond_cell_bb_6383          
fm_internal_act_cond_cell_bb_6385          
fm_internal_act_cond_cell_bb_6387          
fm_internal_act_cond_cell_bb_6389          
fm_internal_act_cond_cell_bb_6391          
fm_internal_act_cond_cell_bb_6393          
fm_internal_act_cond_cell_bb_6395          
fm_internal_act_cond_cell_bb_6397          
fm_internal_act_cond_cell_bb_6399          
fm_internal_act_cond_cell_bb_6401          
fm_internal_act_cond_cell_bb_6403          
fm_internal_act_cond_cell_bb_6405          
fm_internal_act_cond_cell_bb_6407          
fm_internal_act_cond_cell_bb_6409          
fm_internal_act_cond_cell_bb_6411          
fm_internal_act_cond_cell_bb_6413          
fm_internal_act_cond_cell_bb_6415          
fm_internal_act_cond_cell_bb_6417          
fm_internal_act_cond_cell_bb_6419          
fm_internal_act_cond_cell_bb_6421          
fm_internal_act_cond_cell_bb_6423          
fm_internal_act_cond_cell_bb_6425          
fm_internal_act_cond_cell_bb_6427          
fm_internal_act_cond_cell_bb_6429          
fm_internal_act_cond_cell_bb_6431          
fm_internal_act_cond_cell_bb_6433          
fm_internal_act_cond_cell_bb_6435          
fm_internal_act_cond_cell_bb_6437          
fm_internal_act_cond_cell_bb_6439          
fm_internal_act_cond_cell_bb_6441          
fm_internal_act_cond_cell_bb_6443          
fm_internal_act_cond_cell_bb_6445          
fm_internal_act_cond_cell_bb_6447          
fm_internal_act_cond_cell_bb_6449          
fm_internal_act_cond_cell_bb_6451          
fm_internal_act_cond_cell_bb_6453          
fm_internal_act_cond_cell_bb_6455          
fm_internal_act_cond_cell_bb_6457          
fm_internal_act_cond_cell_bb_6459          
fm_internal_act_cond_cell_bb_6461          
fm_internal_act_cond_cell_bb_6463          
fm_internal_act_cond_cell_bb_6465          
fm_internal_act_cond_cell_bb_6467          
fm_internal_act_cond_cell_bb_6469          
fm_internal_act_cond_cell_bb_6471          
fm_internal_act_cond_cell_bb_6473          
fm_internal_act_cond_cell_bb_6475          
fm_internal_act_cond_cell_bb_6477          
fm_internal_act_cond_cell_bb_6479          
fm_internal_act_cond_cell_bb_6481          
fm_internal_act_cond_cell_bb_6483          
fm_internal_act_cond_cell_bb_6485          
fm_internal_act_cond_cell_bb_6487          
fm_internal_act_cond_cell_bb_6489          
fm_internal_act_cond_cell_bb_6491          
fm_internal_act_cond_cell_bb_6493          
fm_internal_act_cond_cell_bb_6495          
fm_internal_act_cond_cell_bb_6497          
fm_internal_act_cond_cell_bb_6499          
fm_internal_act_cond_cell_bb_6501          
fm_internal_act_cond_cell_bb_6503          
fm_internal_act_cond_cell_bb_6505          
fm_internal_act_cond_cell_bb_6507          
fm_internal_act_cond_cell_bb_6509          
fm_internal_act_cond_cell_bb_6511          
fm_internal_act_cond_cell_bb_6513          
fm_internal_act_cond_cell_bb_6515          
fm_internal_act_cond_cell_bb_6517          
fm_internal_act_cond_cell_bb_6519          
fm_internal_act_cond_cell_bb_6521          
fm_internal_act_cond_cell_bb_6523          
fm_internal_act_cond_cell_bb_6525          
fm_internal_act_cond_cell_bb_6527          
fm_internal_act_cond_cell_bb_6529          
fm_internal_act_cond_cell_bb_6531          
fm_internal_act_cond_cell_bb_6533          
fm_internal_act_cond_cell_bb_6535          
fm_internal_act_cond_cell_bb_6537          
fm_internal_act_cond_cell_bb_6539          
fm_internal_act_cond_cell_bb_6541          
fm_internal_act_cond_cell_bb_6543          
fm_internal_act_cond_cell_bb_6545          
fm_internal_act_cond_cell_bb_6547          
fm_internal_act_cond_cell_bb_6549          
fm_internal_act_cond_cell_bb_6551          
fm_internal_act_cond_cell_bb_6555          
fm_internal_act_cond_cell_bb_6557          
fm_internal_act_cond_cell_bb_6559          
fm_internal_act_cond_cell_bb_6561          
fm_internal_act_cond_cell_bb_6563          
fm_internal_act_cond_cell_bb_6565          
fm_internal_act_cond_cell_bb_6567          
fm_internal_act_cond_cell_bb_6569          
fm_internal_act_cond_cell_bb_6571          
fm_internal_act_cond_cell_bb_6573          
fm_internal_act_cond_cell_bb_6575          
fm_internal_act_cond_cell_bb_6577          
fm_internal_act_cond_cell_bb_6579          
fm_internal_act_cond_cell_bb_6581          
fm_internal_act_cond_cell_bb_6583          
fm_internal_act_cond_cell_bb_6585          
fm_internal_act_cond_cell_bb_6587          
fm_internal_act_cond_cell_bb_6589          
fm_internal_act_cond_cell_bb_6591          
fm_internal_act_cond_cell_bb_6593          
fm_internal_act_cond_cell_bb_6595          
fm_internal_act_cond_cell_bb_6597          
fm_internal_act_cond_cell_bb_6599          
fm_internal_act_cond_cell_bb_6601          
fm_internal_act_cond_cell_bb_6603          
fm_internal_act_cond_cell_bb_6605          
fm_internal_act_cond_cell_bb_6607          
fm_internal_act_cond_cell_bb_6609          
fm_internal_act_cond_cell_bb_6611          
fm_internal_act_cond_cell_bb_6613          
fm_internal_act_cond_cell_bb_6615          
fm_internal_act_cond_cell_bb_6617          
fm_internal_act_cond_cell_bb_6619          
fm_internal_act_cond_cell_bb_6621          
fm_internal_act_cond_cell_bb_6623          
fm_internal_act_cond_cell_bb_6625          
fm_internal_act_cond_cell_bb_6627          
fm_internal_act_cond_cell_bb_6629          
fm_internal_act_cond_cell_bb_6631          
fm_internal_act_cond_cell_bb_6633          
fm_internal_act_cond_cell_bb_6635          
fm_internal_act_cond_cell_bb_6637          
fm_internal_act_cond_cell_bb_6639          
fm_internal_act_cond_cell_bb_6641          
fm_internal_act_cond_cell_bb_6643          
fm_internal_act_cond_cell_bb_6645          
fm_internal_act_cond_cell_bb_6647          
fm_internal_act_cond_cell_bb_6649          
fm_internal_act_cond_cell_bb_6651          
fm_internal_act_cond_cell_bb_6653          
fm_internal_act_cond_cell_bb_6655          
fm_internal_act_cond_cell_bb_6657          
fm_internal_act_cond_cell_bb_6659          
fm_internal_act_cond_cell_bb_6661          
fm_internal_act_cond_cell_bb_6663          
fm_internal_act_cond_cell_bb_6665          
fm_internal_act_cond_cell_bb_6667          
fm_internal_act_cond_cell_bb_6669          
fm_internal_act_cond_cell_bb_6671          
fm_internal_act_cond_cell_bb_6673          
fm_internal_act_cond_cell_bb_6675          
fm_internal_act_cond_cell_bb_6677          
fm_internal_act_cond_cell_bb_6679          
fm_internal_act_cond_cell_bb_6681          
fm_internal_act_cond_cell_bb_6683          
fm_internal_act_cond_cell_bb_6685          
fm_internal_act_cond_cell_bb_6687          
fm_internal_act_cond_cell_bb_6689          
fm_internal_act_cond_cell_bb_6691          
fm_internal_act_cond_cell_bb_6693          
fm_internal_act_cond_cell_bb_6695          
fm_internal_act_cond_cell_bb_6697          
fm_internal_act_cond_cell_bb_6699          
fm_internal_act_cond_cell_bb_6701          
fm_internal_act_cond_cell_bb_6703          
fm_internal_act_cond_cell_bb_6705          
fm_internal_act_cond_cell_bb_6707          
fm_internal_act_cond_cell_bb_6709          
fm_internal_act_cond_cell_bb_6711          
fm_internal_act_cond_cell_bb_6713          
fm_internal_act_cond_cell_bb_6715          
fm_internal_act_cond_cell_bb_6717          
fm_internal_act_cond_cell_bb_6719          
fm_internal_act_cond_cell_bb_6721          
fm_internal_act_cond_cell_bb_6723          
fm_internal_act_cond_cell_bb_6725          
fm_internal_act_cond_cell_bb_6727          
fm_internal_act_cond_cell_bb_6729          
fm_internal_act_cond_cell_bb_6731          
fm_internal_act_cond_cell_bb_6733          
fm_internal_act_cond_cell_bb_6735          
fm_internal_act_cond_cell_bb_6737          
fm_internal_act_cond_cell_bb_6739          
fm_internal_act_cond_cell_bb_6741          
fm_internal_act_cond_cell_bb_6743          
fm_internal_act_cond_cell_bb_6745          
fm_internal_act_cond_cell_bb_6747          
fm_internal_act_cond_cell_bb_6749          
fm_internal_act_cond_cell_bb_6751          
fm_internal_act_cond_cell_bb_6753          
fm_internal_act_cond_cell_bb_6755          
fm_internal_act_cond_cell_bb_6757          
fm_internal_act_cond_cell_bb_6759          
fm_internal_act_cond_cell_bb_6761          
fm_internal_act_cond_cell_bb_6763          
fm_internal_act_cond_cell_bb_6765          
fm_internal_act_cond_cell_bb_6767          
fm_internal_act_cond_cell_bb_6769          
fm_internal_act_cond_cell_bb_6771          
fm_internal_act_cond_cell_bb_6773          
fm_internal_act_cond_cell_bb_6775          
fm_internal_act_cond_cell_bb_6777          
fm_internal_act_cond_cell_bb_6779          
fm_internal_act_cond_cell_bb_6781          
fm_internal_act_cond_cell_bb_6783          
fm_internal_act_cond_cell_bb_6785          
fm_internal_act_cond_cell_bb_6787          
fm_internal_act_cond_cell_bb_6789          
fm_internal_act_cond_cell_bb_6791          
fm_internal_act_cond_cell_bb_6793          
fm_internal_act_cond_cell_bb_6795          
fm_internal_act_cond_cell_bb_6797          
fm_internal_act_cond_cell_bb_6799          
fm_internal_act_cond_cell_bb_6801          
fm_internal_act_cond_cell_bb_6803          
fm_internal_act_cond_cell_bb_6805          
fm_internal_act_cond_cell_bb_6807          
fm_internal_act_cond_cell_bb_6809          
fm_internal_act_cond_cell_bb_6811          
fm_internal_act_cond_cell_bb_6813          
fm_internal_act_cond_cell_bb_6817          
fm_internal_act_cond_cell_bb_6819          
fm_internal_act_cond_cell_bb_6821          
fm_internal_act_cond_cell_bb_6823          
fm_internal_act_cond_cell_bb_6825          
fm_internal_act_cond_cell_bb_6827          
fm_internal_act_cond_cell_bb_6829          
fm_internal_act_cond_cell_bb_6831          
fm_internal_act_cond_cell_bb_6833          
fm_internal_act_cond_cell_bb_6835          
fm_internal_act_cond_cell_bb_6837          
fm_internal_act_cond_cell_bb_6839          
fm_internal_act_cond_cell_bb_6841          
fm_internal_act_cond_cell_bb_6843          
fm_internal_act_cond_cell_bb_6845          
fm_internal_act_cond_cell_bb_6847          
fm_internal_act_cond_cell_bb_6849          
fm_internal_act_cond_cell_bb_6851          
fm_internal_act_cond_cell_bb_6853          
fm_internal_act_cond_cell_bb_6855          
fm_internal_act_cond_cell_bb_6857          
fm_internal_act_cond_cell_bb_6859          
fm_internal_act_cond_cell_bb_6861          
fm_internal_act_cond_cell_bb_6863          
fm_internal_act_cond_cell_bb_6865          
fm_internal_act_cond_cell_bb_6867          
fm_internal_act_cond_cell_bb_6869          
fm_internal_act_cond_cell_bb_6871          
fm_internal_act_cond_cell_bb_6873          
fm_internal_act_cond_cell_bb_6875          
fm_internal_act_cond_cell_bb_6877          
fm_internal_act_cond_cell_bb_6879          
fm_internal_act_cond_cell_bb_6881          
fm_internal_act_cond_cell_bb_6883          
fm_internal_act_cond_cell_bb_6885          
fm_internal_act_cond_cell_bb_6887          
fm_internal_act_cond_cell_bb_6889          
fm_internal_act_cond_cell_bb_6891          
fm_internal_act_cond_cell_bb_6893          
fm_internal_act_cond_cell_bb_6895          
fm_internal_act_cond_cell_bb_6897          
fm_internal_act_cond_cell_bb_6899          
fm_internal_act_cond_cell_bb_6901          
fm_internal_act_cond_cell_bb_6903          
fm_internal_act_cond_cell_bb_6905          
fm_internal_act_cond_cell_bb_6907          
fm_internal_act_cond_cell_bb_6909          
fm_internal_act_cond_cell_bb_6911          
fm_internal_act_cond_cell_bb_6913          
fm_internal_act_cond_cell_bb_6915          
fm_internal_act_cond_cell_bb_6917          
fm_internal_act_cond_cell_bb_6919          
fm_internal_act_cond_cell_bb_6921          
fm_internal_act_cond_cell_bb_6923          
fm_internal_act_cond_cell_bb_6925          
fm_internal_act_cond_cell_bb_6927          
fm_internal_act_cond_cell_bb_6929          
fm_internal_act_cond_cell_bb_6931          
fm_internal_act_cond_cell_bb_6933          
fm_internal_act_cond_cell_bb_6935          
fm_internal_act_cond_cell_bb_6937          
fm_internal_act_cond_cell_bb_6939          
fm_internal_act_cond_cell_bb_6941          
fm_internal_act_cond_cell_bb_6943          
fm_internal_act_cond_cell_bb_6945          
fm_internal_act_cond_cell_bb_6947          
fm_internal_act_cond_cell_bb_6949          
fm_internal_act_cond_cell_bb_6951          
fm_internal_act_cond_cell_bb_6953          
fm_internal_act_cond_cell_bb_6955          
fm_internal_act_cond_cell_bb_6957          
fm_internal_act_cond_cell_bb_6959          
fm_internal_act_cond_cell_bb_6961          
fm_internal_act_cond_cell_bb_6963          
fm_internal_act_cond_cell_bb_6965          
fm_internal_act_cond_cell_bb_6967          
fm_internal_act_cond_cell_bb_6969          
fm_internal_act_cond_cell_bb_6971          
fm_internal_act_cond_cell_bb_6973          
fm_internal_act_cond_cell_bb_6975          
fm_internal_act_cond_cell_bb_6977          
fm_internal_act_cond_cell_bb_6979          
fm_internal_act_cond_cell_bb_6981          
fm_internal_act_cond_cell_bb_6983          
fm_internal_act_cond_cell_bb_6985          
fm_internal_act_cond_cell_bb_6987          
fm_internal_act_cond_cell_bb_6989          
fm_internal_act_cond_cell_bb_6991          
fm_internal_act_cond_cell_bb_6993          
fm_internal_act_cond_cell_bb_6995          
fm_internal_act_cond_cell_bb_6997          
fm_internal_act_cond_cell_bb_6999          
fm_internal_act_cond_cell_bb_7001          
fm_internal_act_cond_cell_bb_7003          
fm_internal_act_cond_cell_bb_7005          
fm_internal_act_cond_cell_bb_7007          
fm_internal_act_cond_cell_bb_7009          
fm_internal_act_cond_cell_bb_7011          
fm_internal_act_cond_cell_bb_7013          
fm_internal_act_cond_cell_bb_7015          
fm_internal_act_cond_cell_bb_7017          
fm_internal_act_cond_cell_bb_7019          
fm_internal_act_cond_cell_bb_7021          
fm_internal_act_cond_cell_bb_7023          
fm_internal_act_cond_cell_bb_7025          
fm_internal_act_cond_cell_bb_7027          
fm_internal_act_cond_cell_bb_7029          
fm_internal_act_cond_cell_bb_7031          
fm_internal_act_cond_cell_bb_7033          
fm_internal_act_cond_cell_bb_7035          
fm_internal_act_cond_cell_bb_7037          
fm_internal_act_cond_cell_bb_7039          
fm_internal_act_cond_cell_bb_7041          
fm_internal_act_cond_cell_bb_7043          
fm_internal_act_cond_cell_bb_7045          
fm_internal_act_cond_cell_bb_7047          
fm_internal_act_cond_cell_bb_7049          
fm_internal_act_cond_cell_bb_7051          
fm_internal_act_cond_cell_bb_7053          
fm_internal_act_cond_cell_bb_7055          
fm_internal_act_cond_cell_bb_7057          
fm_internal_act_cond_cell_bb_7059          
fm_internal_act_cond_cell_bb_7061          
fm_internal_act_cond_cell_bb_7063          
fm_internal_act_cond_cell_bb_7065          
fm_internal_act_cond_cell_bb_7067          
fm_internal_act_cond_cell_bb_7069          
fm_internal_act_cond_cell_bb_7071          
fm_internal_act_cond_cell_bb_7073          
fm_internal_act_cond_cell_bb_7075          
fm_internal_act_cond_cell_bb_7079          
fm_internal_act_cond_cell_bb_7081          
fm_internal_act_cond_cell_bb_7083          
fm_internal_act_cond_cell_bb_7085          
fm_internal_act_cond_cell_bb_7087          
fm_internal_act_cond_cell_bb_7089          
fm_internal_act_cond_cell_bb_7091          
fm_internal_act_cond_cell_bb_7093          
fm_internal_act_cond_cell_bb_7095          
fm_internal_act_cond_cell_bb_7097          
fm_internal_act_cond_cell_bb_7099          
fm_internal_act_cond_cell_bb_7101          
fm_internal_act_cond_cell_bb_7103          
fm_internal_act_cond_cell_bb_7105          
fm_internal_act_cond_cell_bb_7107          
fm_internal_act_cond_cell_bb_7109          
fm_internal_act_cond_cell_bb_7111          
fm_internal_act_cond_cell_bb_7113          
fm_internal_act_cond_cell_bb_7115          
fm_internal_act_cond_cell_bb_7117          
fm_internal_act_cond_cell_bb_7119          
fm_internal_act_cond_cell_bb_7121          
fm_internal_act_cond_cell_bb_7123          
fm_internal_act_cond_cell_bb_7125          
fm_internal_act_cond_cell_bb_7127          
fm_internal_act_cond_cell_bb_7129          
fm_internal_act_cond_cell_bb_7131          
fm_internal_act_cond_cell_bb_7133          
fm_internal_act_cond_cell_bb_7135          
fm_internal_act_cond_cell_bb_7137          
fm_internal_act_cond_cell_bb_7139          
fm_internal_act_cond_cell_bb_7141          
fm_internal_act_cond_cell_bb_7143          
fm_internal_act_cond_cell_bb_7145          
fm_internal_act_cond_cell_bb_7147          
fm_internal_act_cond_cell_bb_7149          
fm_internal_act_cond_cell_bb_7151          
fm_internal_act_cond_cell_bb_7153          
fm_internal_act_cond_cell_bb_7155          
fm_internal_act_cond_cell_bb_7157          
fm_internal_act_cond_cell_bb_7159          
fm_internal_act_cond_cell_bb_7161          
fm_internal_act_cond_cell_bb_7163          
fm_internal_act_cond_cell_bb_7165          
fm_internal_act_cond_cell_bb_7167          
fm_internal_act_cond_cell_bb_7169          
fm_internal_act_cond_cell_bb_7171          
fm_internal_act_cond_cell_bb_7173          
fm_internal_act_cond_cell_bb_7175          
fm_internal_act_cond_cell_bb_7177          
fm_internal_act_cond_cell_bb_7179          
fm_internal_act_cond_cell_bb_7181          
fm_internal_act_cond_cell_bb_7183          
fm_internal_act_cond_cell_bb_7185          
fm_internal_act_cond_cell_bb_7187          
fm_internal_act_cond_cell_bb_7189          
fm_internal_act_cond_cell_bb_7191          
fm_internal_act_cond_cell_bb_7193          
fm_internal_act_cond_cell_bb_7195          
fm_internal_act_cond_cell_bb_7197          
fm_internal_act_cond_cell_bb_7199          
fm_internal_act_cond_cell_bb_7201          
fm_internal_act_cond_cell_bb_7203          
fm_internal_act_cond_cell_bb_7205          
fm_internal_act_cond_cell_bb_7207          
fm_internal_act_cond_cell_bb_7209          
fm_internal_act_cond_cell_bb_7211          
fm_internal_act_cond_cell_bb_7213          
fm_internal_act_cond_cell_bb_7215          
fm_internal_act_cond_cell_bb_7217          
fm_internal_act_cond_cell_bb_7219          
fm_internal_act_cond_cell_bb_7221          
fm_internal_act_cond_cell_bb_7223          
fm_internal_act_cond_cell_bb_7225          
fm_internal_act_cond_cell_bb_7227          
fm_internal_act_cond_cell_bb_7229          
fm_internal_act_cond_cell_bb_7231          
fm_internal_act_cond_cell_bb_7233          
fm_internal_act_cond_cell_bb_7235          
fm_internal_act_cond_cell_bb_7237          
fm_internal_act_cond_cell_bb_7239          
fm_internal_act_cond_cell_bb_7241          
fm_internal_act_cond_cell_bb_7243          
fm_internal_act_cond_cell_bb_7245          
fm_internal_act_cond_cell_bb_7247          
fm_internal_act_cond_cell_bb_7249          
fm_internal_act_cond_cell_bb_7251          
fm_internal_act_cond_cell_bb_7253          
fm_internal_act_cond_cell_bb_7255          
fm_internal_act_cond_cell_bb_7257          
fm_internal_act_cond_cell_bb_7259          
fm_internal_act_cond_cell_bb_7261          
fm_internal_act_cond_cell_bb_7263          
fm_internal_act_cond_cell_bb_7265          
fm_internal_act_cond_cell_bb_7267          
fm_internal_act_cond_cell_bb_7269          
fm_internal_act_cond_cell_bb_7271          
fm_internal_act_cond_cell_bb_7273          
fm_internal_act_cond_cell_bb_7275          
fm_internal_act_cond_cell_bb_7277          
fm_internal_act_cond_cell_bb_7279          
fm_internal_act_cond_cell_bb_7281          
fm_internal_act_cond_cell_bb_7283          
fm_internal_act_cond_cell_bb_7285          
fm_internal_act_cond_cell_bb_7287          
fm_internal_act_cond_cell_bb_7289          
fm_internal_act_cond_cell_bb_7291          
fm_internal_act_cond_cell_bb_7293          
fm_internal_act_cond_cell_bb_7295          
fm_internal_act_cond_cell_bb_7297          
fm_internal_act_cond_cell_bb_7299          
fm_internal_act_cond_cell_bb_7301          
fm_internal_act_cond_cell_bb_7303          
fm_internal_act_cond_cell_bb_7305          
fm_internal_act_cond_cell_bb_7307          
fm_internal_act_cond_cell_bb_7309          
fm_internal_act_cond_cell_bb_7311          
fm_internal_act_cond_cell_bb_7313          
fm_internal_act_cond_cell_bb_7315          
fm_internal_act_cond_cell_bb_7317          
fm_internal_act_cond_cell_bb_7319          
fm_internal_act_cond_cell_bb_7321          
fm_internal_act_cond_cell_bb_7323          
fm_internal_act_cond_cell_bb_7325          
fm_internal_act_cond_cell_bb_7327          
fm_internal_act_cond_cell_bb_7329          
fm_internal_act_cond_cell_bb_7331          
fm_internal_act_cond_cell_bb_7333          
fm_internal_act_cond_cell_bb_7335          
fm_internal_act_cond_cell_bb_7337          
fm_internal_act_cond_cell_bb_7341          
fm_internal_act_cond_cell_bb_7343          
fm_internal_act_cond_cell_bb_7345          
fm_internal_act_cond_cell_bb_7347          
fm_internal_act_cond_cell_bb_7349          
fm_internal_act_cond_cell_bb_7351          
fm_internal_act_cond_cell_bb_7353          
fm_internal_act_cond_cell_bb_7355          
fm_internal_act_cond_cell_bb_7357          
fm_internal_act_cond_cell_bb_7359          
fm_internal_act_cond_cell_bb_7361          
fm_internal_act_cond_cell_bb_7363          
fm_internal_act_cond_cell_bb_7365          
fm_internal_act_cond_cell_bb_7367          
fm_internal_act_cond_cell_bb_7369          
fm_internal_act_cond_cell_bb_7371          
fm_internal_act_cond_cell_bb_7373          
fm_internal_act_cond_cell_bb_7375          
fm_internal_act_cond_cell_bb_7377          
fm_internal_act_cond_cell_bb_7379          
fm_internal_act_cond_cell_bb_7381          
fm_internal_act_cond_cell_bb_7383          
fm_internal_act_cond_cell_bb_7385          
fm_internal_act_cond_cell_bb_7387          
fm_internal_act_cond_cell_bb_7389          
fm_internal_act_cond_cell_bb_7391          
fm_internal_act_cond_cell_bb_7393          
fm_internal_act_cond_cell_bb_7395          
fm_internal_act_cond_cell_bb_7397          
fm_internal_act_cond_cell_bb_7399          
fm_internal_act_cond_cell_bb_7401          
fm_internal_act_cond_cell_bb_7403          
fm_internal_act_cond_cell_bb_7405          
fm_internal_act_cond_cell_bb_7407          
fm_internal_act_cond_cell_bb_7409          
fm_internal_act_cond_cell_bb_7411          
fm_internal_act_cond_cell_bb_7413          
fm_internal_act_cond_cell_bb_7415          
fm_internal_act_cond_cell_bb_7417          
fm_internal_act_cond_cell_bb_7419          
fm_internal_act_cond_cell_bb_7421          
fm_internal_act_cond_cell_bb_7423          
fm_internal_act_cond_cell_bb_7425          
fm_internal_act_cond_cell_bb_7427          
fm_internal_act_cond_cell_bb_7429          
fm_internal_act_cond_cell_bb_7431          
fm_internal_act_cond_cell_bb_7433          
fm_internal_act_cond_cell_bb_7435          
fm_internal_act_cond_cell_bb_7437          
fm_internal_act_cond_cell_bb_7439          
fm_internal_act_cond_cell_bb_7441          
fm_internal_act_cond_cell_bb_7443          
fm_internal_act_cond_cell_bb_7445          
fm_internal_act_cond_cell_bb_7447          
fm_internal_act_cond_cell_bb_7449          
fm_internal_act_cond_cell_bb_7451          
fm_internal_act_cond_cell_bb_7453          
fm_internal_act_cond_cell_bb_7455          
fm_internal_act_cond_cell_bb_7457          
fm_internal_act_cond_cell_bb_7459          
fm_internal_act_cond_cell_bb_7461          
fm_internal_act_cond_cell_bb_7463          
fm_internal_act_cond_cell_bb_7465          
fm_internal_act_cond_cell_bb_7467          
fm_internal_act_cond_cell_bb_7469          
fm_internal_act_cond_cell_bb_7471          
fm_internal_act_cond_cell_bb_7473          
fm_internal_act_cond_cell_bb_7475          
fm_internal_act_cond_cell_bb_7477          
fm_internal_act_cond_cell_bb_7479          
fm_internal_act_cond_cell_bb_7481          
fm_internal_act_cond_cell_bb_7483          
fm_internal_act_cond_cell_bb_7485          
fm_internal_act_cond_cell_bb_7487          
fm_internal_act_cond_cell_bb_7489          
fm_internal_act_cond_cell_bb_7491          
fm_internal_act_cond_cell_bb_7493          
fm_internal_act_cond_cell_bb_7495          
fm_internal_act_cond_cell_bb_7497          
fm_internal_act_cond_cell_bb_7499          
fm_internal_act_cond_cell_bb_7501          
fm_internal_act_cond_cell_bb_7503          
fm_internal_act_cond_cell_bb_7505          
fm_internal_act_cond_cell_bb_7507          
fm_internal_act_cond_cell_bb_7509          
fm_internal_act_cond_cell_bb_7511          
fm_internal_act_cond_cell_bb_7513          
fm_internal_act_cond_cell_bb_7515          
fm_internal_act_cond_cell_bb_7517          
fm_internal_act_cond_cell_bb_7519          
fm_internal_act_cond_cell_bb_7521          
fm_internal_act_cond_cell_bb_7523          
fm_internal_act_cond_cell_bb_7525          
fm_internal_act_cond_cell_bb_7527          
fm_internal_act_cond_cell_bb_7529          
fm_internal_act_cond_cell_bb_7531          
fm_internal_act_cond_cell_bb_7533          
fm_internal_act_cond_cell_bb_7535          
fm_internal_act_cond_cell_bb_7537          
fm_internal_act_cond_cell_bb_7539          
fm_internal_act_cond_cell_bb_7541          
fm_internal_act_cond_cell_bb_7543          
fm_internal_act_cond_cell_bb_7545          
fm_internal_act_cond_cell_bb_7547          
fm_internal_act_cond_cell_bb_7549          
fm_internal_act_cond_cell_bb_7551          
fm_internal_act_cond_cell_bb_7553          
fm_internal_act_cond_cell_bb_7555          
fm_internal_act_cond_cell_bb_7557          
fm_internal_act_cond_cell_bb_7559          
fm_internal_act_cond_cell_bb_7561          
fm_internal_act_cond_cell_bb_7563          
fm_internal_act_cond_cell_bb_7565          
fm_internal_act_cond_cell_bb_7567          
fm_internal_act_cond_cell_bb_7569          
fm_internal_act_cond_cell_bb_7571          
fm_internal_act_cond_cell_bb_7573          
fm_internal_act_cond_cell_bb_7575          
fm_internal_act_cond_cell_bb_7577          
fm_internal_act_cond_cell_bb_7579          
fm_internal_act_cond_cell_bb_7581          
fm_internal_act_cond_cell_bb_7583          
fm_internal_act_cond_cell_bb_7585          
fm_internal_act_cond_cell_bb_7587          
fm_internal_act_cond_cell_bb_7589          
fm_internal_act_cond_cell_bb_7591          
fm_internal_act_cond_cell_bb_7593          
fm_internal_act_cond_cell_bb_7595          
fm_internal_act_cond_cell_bb_7597          
fm_internal_act_cond_cell_bb_7599          
fm_internal_act_cond_cell_bb_7603          
fm_internal_act_cond_cell_bb_7605          
fm_internal_act_cond_cell_bb_7607          
fm_internal_act_cond_cell_bb_7609          
fm_internal_act_cond_cell_bb_7611          
fm_internal_act_cond_cell_bb_7613          
fm_internal_act_cond_cell_bb_7615          
fm_internal_act_cond_cell_bb_7617          
fm_internal_act_cond_cell_bb_7619          
fm_internal_act_cond_cell_bb_7621          
fm_internal_act_cond_cell_bb_7623          
fm_internal_act_cond_cell_bb_7625          
fm_internal_act_cond_cell_bb_7627          
fm_internal_act_cond_cell_bb_7629          
fm_internal_act_cond_cell_bb_7631          
fm_internal_act_cond_cell_bb_7633          
fm_internal_act_cond_cell_bb_7635          
fm_internal_act_cond_cell_bb_7637          
fm_internal_act_cond_cell_bb_7639          
fm_internal_act_cond_cell_bb_7641          
fm_internal_act_cond_cell_bb_7643          
fm_internal_act_cond_cell_bb_7645          
fm_internal_act_cond_cell_bb_7647          
fm_internal_act_cond_cell_bb_7649          
fm_internal_act_cond_cell_bb_7651          
fm_internal_act_cond_cell_bb_7653          
fm_internal_act_cond_cell_bb_7655          
fm_internal_act_cond_cell_bb_7657          
fm_internal_act_cond_cell_bb_7659          
fm_internal_act_cond_cell_bb_7661          
fm_internal_act_cond_cell_bb_7663          
fm_internal_act_cond_cell_bb_7665          
fm_internal_act_cond_cell_bb_7667          
fm_internal_act_cond_cell_bb_7669          
fm_internal_act_cond_cell_bb_7671          
fm_internal_act_cond_cell_bb_7673          
fm_internal_act_cond_cell_bb_7675          
fm_internal_act_cond_cell_bb_7677          
fm_internal_act_cond_cell_bb_7679          
fm_internal_act_cond_cell_bb_7681          
fm_internal_act_cond_cell_bb_7683          
fm_internal_act_cond_cell_bb_7685          
fm_internal_act_cond_cell_bb_7687          
fm_internal_act_cond_cell_bb_7689          
fm_internal_act_cond_cell_bb_7691          
fm_internal_act_cond_cell_bb_7693          
fm_internal_act_cond_cell_bb_7695          
fm_internal_act_cond_cell_bb_7697          
fm_internal_act_cond_cell_bb_7699          
fm_internal_act_cond_cell_bb_7701          
fm_internal_act_cond_cell_bb_7703          
fm_internal_act_cond_cell_bb_7705          
fm_internal_act_cond_cell_bb_7707          
fm_internal_act_cond_cell_bb_7709          
fm_internal_act_cond_cell_bb_7711          
fm_internal_act_cond_cell_bb_7713          
fm_internal_act_cond_cell_bb_7715          
fm_internal_act_cond_cell_bb_7717          
fm_internal_act_cond_cell_bb_7719          
fm_internal_act_cond_cell_bb_7721          
fm_internal_act_cond_cell_bb_7723          
fm_internal_act_cond_cell_bb_7725          
fm_internal_act_cond_cell_bb_7727          
fm_internal_act_cond_cell_bb_7729          
fm_internal_act_cond_cell_bb_7731          
fm_internal_act_cond_cell_bb_7733          
fm_internal_act_cond_cell_bb_7735          
fm_internal_act_cond_cell_bb_7737          
fm_internal_act_cond_cell_bb_7739          
fm_internal_act_cond_cell_bb_7741          
fm_internal_act_cond_cell_bb_7743          
fm_internal_act_cond_cell_bb_7745          
fm_internal_act_cond_cell_bb_7747          
fm_internal_act_cond_cell_bb_7749          
fm_internal_act_cond_cell_bb_7751          
fm_internal_act_cond_cell_bb_7753          
fm_internal_act_cond_cell_bb_7755          
fm_internal_act_cond_cell_bb_7757          
fm_internal_act_cond_cell_bb_7759          
fm_internal_act_cond_cell_bb_7761          
fm_internal_act_cond_cell_bb_7763          
fm_internal_act_cond_cell_bb_7765          
fm_internal_act_cond_cell_bb_7767          
fm_internal_act_cond_cell_bb_7769          
fm_internal_act_cond_cell_bb_7771          
fm_internal_act_cond_cell_bb_7773          
fm_internal_act_cond_cell_bb_7775          
fm_internal_act_cond_cell_bb_7777          
fm_internal_act_cond_cell_bb_7779          
fm_internal_act_cond_cell_bb_7781          
fm_internal_act_cond_cell_bb_7783          
fm_internal_act_cond_cell_bb_7785          
fm_internal_act_cond_cell_bb_7787          
fm_internal_act_cond_cell_bb_7789          
fm_internal_act_cond_cell_bb_7791          
fm_internal_act_cond_cell_bb_7793          
fm_internal_act_cond_cell_bb_7795          
fm_internal_act_cond_cell_bb_7797          
fm_internal_act_cond_cell_bb_7799          
fm_internal_act_cond_cell_bb_7801          
fm_internal_act_cond_cell_bb_7803          
fm_internal_act_cond_cell_bb_7805          
fm_internal_act_cond_cell_bb_7807          
fm_internal_act_cond_cell_bb_7809          
fm_internal_act_cond_cell_bb_7811          
fm_internal_act_cond_cell_bb_7813          
fm_internal_act_cond_cell_bb_7815          
fm_internal_act_cond_cell_bb_7817          
fm_internal_act_cond_cell_bb_7819          
fm_internal_act_cond_cell_bb_7821          
fm_internal_act_cond_cell_bb_7823          
fm_internal_act_cond_cell_bb_7825          
fm_internal_act_cond_cell_bb_7827          
fm_internal_act_cond_cell_bb_7829          
fm_internal_act_cond_cell_bb_7831          
fm_internal_act_cond_cell_bb_7833          
fm_internal_act_cond_cell_bb_7835          
fm_internal_act_cond_cell_bb_7837          
fm_internal_act_cond_cell_bb_7839          
fm_internal_act_cond_cell_bb_7841          
fm_internal_act_cond_cell_bb_7843          
fm_internal_act_cond_cell_bb_7845          
fm_internal_act_cond_cell_bb_7847          
fm_internal_act_cond_cell_bb_7849          
fm_internal_act_cond_cell_bb_7851          
fm_internal_act_cond_cell_bb_7853          
fm_internal_act_cond_cell_bb_7855          
fm_internal_act_cond_cell_bb_7857          
fm_internal_act_cond_cell_bb_7859          
fm_internal_act_cond_cell_bb_7861          
fm_internal_act_cond_cell_bb_7865          
fm_internal_act_cond_cell_bb_7867          
fm_internal_act_cond_cell_bb_7869          
fm_internal_act_cond_cell_bb_7871          
fm_internal_act_cond_cell_bb_7873          
fm_internal_act_cond_cell_bb_7875          
fm_internal_act_cond_cell_bb_7877          
fm_internal_act_cond_cell_bb_7879          
fm_internal_act_cond_cell_bb_7881          
fm_internal_act_cond_cell_bb_7883          
fm_internal_act_cond_cell_bb_7885          
fm_internal_act_cond_cell_bb_7887          
fm_internal_act_cond_cell_bb_7889          
fm_internal_act_cond_cell_bb_7891          
fm_internal_act_cond_cell_bb_7893          
fm_internal_act_cond_cell_bb_7895          
fm_internal_act_cond_cell_bb_7897          
fm_internal_act_cond_cell_bb_7899          
fm_internal_act_cond_cell_bb_7901          
fm_internal_act_cond_cell_bb_7903          
fm_internal_act_cond_cell_bb_7905          
fm_internal_act_cond_cell_bb_7907          
fm_internal_act_cond_cell_bb_7909          
fm_internal_act_cond_cell_bb_7911          
fm_internal_act_cond_cell_bb_7913          
fm_internal_act_cond_cell_bb_7915          
fm_internal_act_cond_cell_bb_7917          
fm_internal_act_cond_cell_bb_7919          
fm_internal_act_cond_cell_bb_7921          
fm_internal_act_cond_cell_bb_7923          
fm_internal_act_cond_cell_bb_7925          
fm_internal_act_cond_cell_bb_7927          
fm_internal_act_cond_cell_bb_7929          
fm_internal_act_cond_cell_bb_7931          
fm_internal_act_cond_cell_bb_7933          
fm_internal_act_cond_cell_bb_7935          
fm_internal_act_cond_cell_bb_7937          
fm_internal_act_cond_cell_bb_7939          
fm_internal_act_cond_cell_bb_7941          
fm_internal_act_cond_cell_bb_7943          
fm_internal_act_cond_cell_bb_7945          
fm_internal_act_cond_cell_bb_7947          
fm_internal_act_cond_cell_bb_7949          
fm_internal_act_cond_cell_bb_7951          
fm_internal_act_cond_cell_bb_7953          
fm_internal_act_cond_cell_bb_7955          
fm_internal_act_cond_cell_bb_7957          
fm_internal_act_cond_cell_bb_7959          
fm_internal_act_cond_cell_bb_7961          
fm_internal_act_cond_cell_bb_7963          
fm_internal_act_cond_cell_bb_7965          
fm_internal_act_cond_cell_bb_7967          
fm_internal_act_cond_cell_bb_7969          
fm_internal_act_cond_cell_bb_7971          
fm_internal_act_cond_cell_bb_7973          
fm_internal_act_cond_cell_bb_7975          
fm_internal_act_cond_cell_bb_7977          
fm_internal_act_cond_cell_bb_7979          
fm_internal_act_cond_cell_bb_7981          
fm_internal_act_cond_cell_bb_7983          
fm_internal_act_cond_cell_bb_7985          
fm_internal_act_cond_cell_bb_7987          
fm_internal_act_cond_cell_bb_7989          
fm_internal_act_cond_cell_bb_7991          
fm_internal_act_cond_cell_bb_7993          
fm_internal_act_cond_cell_bb_7995          
fm_internal_act_cond_cell_bb_7997          
fm_internal_act_cond_cell_bb_7999          
fm_internal_act_cond_cell_bb_8001          
fm_internal_act_cond_cell_bb_8003          
fm_internal_act_cond_cell_bb_8005          
fm_internal_act_cond_cell_bb_8007          
fm_internal_act_cond_cell_bb_8009          
fm_internal_act_cond_cell_bb_8011          
fm_internal_act_cond_cell_bb_8013          
fm_internal_act_cond_cell_bb_8015          
fm_internal_act_cond_cell_bb_8017          
fm_internal_act_cond_cell_bb_8019          
fm_internal_act_cond_cell_bb_8021          
fm_internal_act_cond_cell_bb_8023          
fm_internal_act_cond_cell_bb_8025          
fm_internal_act_cond_cell_bb_8027          
fm_internal_act_cond_cell_bb_8029          
fm_internal_act_cond_cell_bb_8031          
fm_internal_act_cond_cell_bb_8033          
fm_internal_act_cond_cell_bb_8035          
fm_internal_act_cond_cell_bb_8037          
fm_internal_act_cond_cell_bb_8039          
fm_internal_act_cond_cell_bb_8041          
fm_internal_act_cond_cell_bb_8043          
fm_internal_act_cond_cell_bb_8045          
fm_internal_act_cond_cell_bb_8047          
fm_internal_act_cond_cell_bb_8049          
fm_internal_act_cond_cell_bb_8051          
fm_internal_act_cond_cell_bb_8053          
fm_internal_act_cond_cell_bb_8055          
fm_internal_act_cond_cell_bb_8057          
fm_internal_act_cond_cell_bb_8059          
fm_internal_act_cond_cell_bb_8061          
fm_internal_act_cond_cell_bb_8063          
fm_internal_act_cond_cell_bb_8065          
fm_internal_act_cond_cell_bb_8067          
fm_internal_act_cond_cell_bb_8069          
fm_internal_act_cond_cell_bb_8071          
fm_internal_act_cond_cell_bb_8073          
fm_internal_act_cond_cell_bb_8075          
fm_internal_act_cond_cell_bb_8077          
fm_internal_act_cond_cell_bb_8079          
fm_internal_act_cond_cell_bb_8081          
fm_internal_act_cond_cell_bb_8083          
fm_internal_act_cond_cell_bb_8085          
fm_internal_act_cond_cell_bb_8087          
fm_internal_act_cond_cell_bb_8089          
fm_internal_act_cond_cell_bb_8091          
fm_internal_act_cond_cell_bb_8093          
fm_internal_act_cond_cell_bb_8095          
fm_internal_act_cond_cell_bb_8097          
fm_internal_act_cond_cell_bb_8099          
fm_internal_act_cond_cell_bb_8101          
fm_internal_act_cond_cell_bb_8103          
fm_internal_act_cond_cell_bb_8105          
fm_internal_act_cond_cell_bb_8107          
fm_internal_act_cond_cell_bb_8109          
fm_internal_act_cond_cell_bb_8111          
fm_internal_act_cond_cell_bb_8113          
fm_internal_act_cond_cell_bb_8115          
fm_internal_act_cond_cell_bb_8117          
fm_internal_act_cond_cell_bb_8119          
fm_internal_act_cond_cell_bb_8121          
fm_internal_act_cond_cell_bb_8123          
fm_internal_act_cond_cell_bb_8717          
fm_internal_act_cond_cell_bb_8757          
fm_internal_act_cond_cell_bb_8769          
fm_internal_act_cond_cell_bb_8771          
fm_internal_act_cond_cell_bb_8785          
fm_internal_act_cond_cell_bb_8793          
fm_internal_act_cond_cell_bb_8795          
fm_internal_act_cond_cell_bb_8797          
fm_internal_act_cond_cell_bb_8799          
fm_internal_act_cond_cell_bb_8801          
fm_internal_act_cond_cell_bb_8803          
fm_internal_act_cond_cell_bb_8805          
fm_internal_act_cond_cell_bb_8807          
fm_internal_act_cond_cell_bb_8809          
fm_internal_act_cond_cell_bb_8811          
fm_internal_act_cond_cell_bb_8813          
fm_internal_act_cond_cell_bb_8815          
fm_internal_act_cond_cell_bb_8817          
fm_internal_act_cond_cell_bb_8819          
fm_internal_act_cond_cell_bb_8821          
fm_internal_act_cond_cell_bb_8823          
fm_internal_act_cond_cell_bb_8825          
fm_internal_act_cond_cell_bb_8827          
fm_internal_act_cond_cell_bb_8829          
fm_internal_act_cond_cell_bb_8831          
fm_internal_act_cond_cell_bb_8833          
fm_internal_act_cond_cell_bb_8835          
fm_internal_act_cond_cell_bb_8837          
fm_internal_act_cond_cell_bb_8839          
fm_internal_act_cond_cell_bb_8841          
fm_internal_act_cond_cell_bb_8843          
fm_internal_act_cond_cell_bb_8845          
fm_internal_act_cond_cell_bb_8847          
fm_internal_act_cond_cell_bb_8849          
fm_internal_act_cond_cell_bb_8851          
fm_internal_act_cond_cell_bb_8853          
fm_internal_act_cond_cell_bb_8855          
fm_internal_act_cond_cell_bb_8857          
fm_internal_act_cond_cell_bb_8859          
fm_internal_act_cond_cell_bb_8861          
fm_internal_act_cond_cell_bb_8863          
fm_internal_act_cond_cell_bb_8865          
fm_internal_act_cond_cell_bb_8867          
fm_internal_act_cond_cell_bb_8869          
fm_internal_act_cond_cell_bb_8871          
fm_internal_act_cond_cell_bb_8873          
fm_internal_act_cond_cell_bb_8875          
fm_internal_act_cond_cell_bb_8877          
fm_internal_act_cond_cell_bb_8879          
fm_internal_act_cond_cell_bb_8881          
fm_internal_act_cond_cell_bb_8883          
fm_internal_act_cond_cell_bb_8885          
fm_internal_act_cond_cell_bb_8887          
fm_internal_act_cond_cell_bb_8889          
fm_internal_act_cond_cell_bb_8891          
fm_internal_act_cond_cell_bb_8893          
fm_internal_act_cond_cell_bb_8895          
fm_internal_act_cond_cell_bb_8897          
fm_internal_act_cond_cell_bb_8899          
fm_internal_act_cond_cell_bb_8901          
fm_internal_act_cond_cell_bb_8903          
fm_internal_act_cond_cell_bb_8905          
fm_internal_act_cond_cell_bb_8907          
fm_internal_act_cond_cell_bb_8909          
fm_internal_act_cond_cell_bb_8911          
fm_internal_act_cond_cell_bb_8913          
fm_internal_act_cond_cell_bb_8915          
fm_internal_act_cond_cell_bb_8917          
fm_internal_act_cond_cell_bb_8919          
fm_internal_act_cond_cell_bb_8923          
fm_internal_act_cond_cell_bb_8935          
fm_internal_act_cond_cell_bb_8937          
fm_internal_act_cond_cell_bb_8143          
fm_internal_act_cond_cell_bb_8145          
fm_internal_act_cond_cell_bb_8147          
fm_internal_act_cond_cell_bb_8149          
fm_internal_act_cond_cell_bb_8153          
fm_internal_act_cond_cell_bb_8155          
fm_internal_act_cond_cell_bb_8157          
fm_internal_act_cond_cell_bb_8159          
fm_internal_act_cond_cell_bb_8163          
fm_internal_act_cond_cell_bb_8165          
fm_internal_act_cond_cell_bb_8167          
fm_internal_act_cond_cell_bb_8169          
fm_internal_act_cond_cell_bb_8171          
fm_internal_act_cond_cell_bb_8173          
fm_internal_act_cond_cell_bb_8175          
fm_internal_act_cond_cell_bb_8177          
fm_internal_act_cond_cell_bb_8379          
fm_internal_act_cond_cell_bb_8381          
fm_internal_act_cond_cell_bb_8383          
fm_internal_act_cond_cell_bb_8385          
fm_internal_act_cond_cell_bb_8387          
fm_internal_act_cond_cell_bb_8389          
fm_internal_act_cond_cell_bb_8391          
fm_internal_act_cond_cell_bb_8393          
fm_internal_act_cond_cell_bb_8395          
fm_internal_act_cond_cell_bb_8397          
fm_internal_act_cond_cell_bb_8399          
fm_internal_act_cond_cell_bb_8401          
fm_internal_act_cond_cell_bb_8403          
fm_internal_act_cond_cell_bb_8405          
fm_internal_act_cond_cell_bb_8407          
fm_internal_act_cond_cell_bb_8409          
fm_internal_act_cond_cell_bb_8411          
fm_internal_act_cond_cell_bb_8413          
fm_internal_act_cond_cell_bb_8415          
fm_internal_act_cond_cell_bb_8417          
fm_internal_act_cond_cell_bb_8419          
fm_internal_act_cond_cell_bb_8421          
fm_internal_act_cond_cell_bb_8423          
fm_internal_act_cond_cell_bb_8425          
fm_internal_act_cond_cell_bb_8427          
fm_internal_act_cond_cell_bb_8429          
fm_internal_act_cond_cell_bb_8431          
fm_internal_act_cond_cell_bb_8433          
fm_internal_act_cond_cell_bb_8435          
fm_internal_act_cond_cell_bb_8437          
fm_internal_act_cond_cell_bb_8439          
fm_internal_act_cond_cell_bb_8441          
fm_internal_act_cond_cell_bb_8443          
fm_internal_act_cond_cell_bb_8445          
fm_internal_act_cond_cell_bb_8447          
fm_internal_act_cond_cell_bb_8449          
fm_internal_act_cond_cell_bb_8451          
fm_internal_act_cond_cell_bb_8453          
fm_internal_act_cond_cell_bb_8455          
fm_internal_act_cond_cell_bb_8457          
fm_internal_act_cond_cell_bb_8463          
fm_internal_act_cond_cell_bb_8467          
fm_internal_act_cond_cell_bb_8533          
fm_internal_act_cond_cell_bb_8535          
fm_internal_act_cond_cell_bb_8537          
fm_internal_act_cond_cell_bb_8539          
fm_internal_act_cond_cell_bb_8541          
fm_internal_act_cond_cell_bb_8543          
fm_internal_act_cond_cell_bb_8545          
fm_internal_act_cond_cell_bb_8547          
fm_internal_act_cond_cell_bb_8549          
fm_internal_act_cond_cell_bb_8551          
fm_internal_act_cond_cell_bb_8553          
fm_internal_act_cond_cell_bb_8555          
fm_internal_act_cond_cell_bb_8557          
fm_internal_act_cond_cell_bb_8559          
fm_internal_act_cond_cell_bb_8561          
fm_internal_act_cond_cell_bb_8563          
fm_internal_act_cond_cell_bb_8565          
fm_internal_act_cond_cell_bb_8567          
fm_internal_act_cond_cell_bb_8569          
fm_internal_act_cond_cell_bb_8571          
fm_internal_act_cond_cell_bb_8573          
fm_internal_act_cond_cell_bb_8575          
fm_internal_act_cond_cell_bb_8577          
fm_internal_act_cond_cell_bb_8579          
fm_internal_act_cond_cell_bb_8581          
fm_internal_act_cond_cell_bb_8583          
fm_internal_act_cond_cell_bb_8585          
fm_internal_act_cond_cell_bb_8587          
fm_internal_act_cond_cell_bb_8589          
fm_internal_act_cond_cell_bb_8591          
fm_internal_act_cond_cell_bb_8593          
fm_internal_act_cond_cell_bb_8595          
fm_internal_act_cond_cell_bb_8597          
fm_internal_act_cond_cell_bb_8599          
fm_internal_act_cond_cell_bb_8601          
fm_internal_act_cond_cell_bb_8603          
fm_internal_act_cond_cell_bb_8605          
fm_internal_act_cond_cell_bb_8607          
fm_internal_act_cond_cell_bb_8609          
fm_internal_act_cond_cell_bb_8611          
fm_internal_act_cond_cell_bb_8613          
fm_internal_act_cond_cell_bb_8615          
fm_internal_act_cond_cell_bb_8617          
fm_internal_act_cond_cell_bb_8619          
fm_internal_act_cond_cell_bb_8621          
fm_internal_act_cond_cell_bb_8623          
fm_internal_act_cond_cell_bb_8625          
fm_internal_act_cond_cell_bb_8627          
fm_internal_act_cond_cell_bb_8633          
fm_internal_act_cond_cell_bb_8637          
fm_internal_act_cond_cell_bb_8707          
fm_internal_act_cond_cell_bb_8709          
fm_internal_act_cond_cell_bb_8711          
fm_internal_act_cond_cell_bb_8713          
fm_internal_act_cond_cell_bb_9021          
fm_internal_act_cond_cell_bb_9023          
fm_internal_act_cond_cell_bb_9025          
fm_internal_act_cond_cell_bb_9027          
fm_internal_act_cond_cell_bb_9039          
fm_internal_act_cond_cell_bb_9041          
fm_internal_act_cond_cell_bb_9043          
fm_internal_act_cond_cell_bb_9045          
fm_internal_act_cond_cell_bb_9047          
fm_internal_act_cond_cell_bb_9049          
fm_internal_act_cond_cell_bb_9051          
fm_internal_act_cond_cell_bb_9053          
fm_internal_act_cond_cell_bb_9055          
fm_internal_act_cond_cell_bb_9057          
fm_internal_act_cond_cell_bb_9059          
fm_internal_act_cond_cell_bb_9061          
fm_internal_act_cond_cell_bb_9063          
fm_internal_act_cond_cell_bb_9065          
fm_internal_act_cond_cell_bb_9067          
fm_internal_act_cond_cell_bb_9069          
fm_internal_act_cond_cell_bb_9071          
fm_internal_act_cond_cell_bb_9073          
fm_internal_act_cond_cell_bb_9075          
fm_internal_act_cond_cell_bb_9077          
fm_internal_act_cond_cell_bb_9079          
fm_internal_act_cond_cell_bb_9081          
fm_internal_act_cond_cell_bb_9083          
fm_internal_act_cond_cell_bb_9085          
fm_internal_act_cond_cell_bb_9087          
fm_internal_act_cond_cell_bb_9089          
fm_internal_act_cond_cell_bb_9091          
fm_internal_act_cond_cell_bb_9093          
fm_internal_act_cond_cell_bb_9095          
fm_internal_act_cond_cell_bb_9097          
fm_internal_act_cond_cell_bb_9099          
fm_internal_act_cond_cell_bb_9101          
fm_internal_act_cond_cell_bb_9103          
fm_internal_act_cond_cell_bb_9117          
fm_internal_act_cond_cell_bb_21            
fm_internal_act_cond_cell_bb_25            
fm_internal_act_cond_cell_bb_9125          
fm_internal_act_cond_cell_bb_9127          
fm_internal_act_cond_cell_bb_9129          
fm_internal_act_cond_cell_bb_9131          
fm_internal_act_cond_cell_bb_9135          
fm_internal_act_cond_cell_bb_9151          


################################################################################
####    SHARED TECH LIB - r:/GTECH
################################################################################

Design information for shared technology library 'GTECH' was reported above


################################################################################
####    TECH LIB - r:/SAED32RVT_SS0P95V125C
################################################################################
Library Cell                             Attributes
------------                             ----------
AND2X1_RVT                                 
AND2X1_RVT#PWR                             
AND2X2_RVT                                 
AND2X2_RVT#PWR                             
AND2X4_RVT                                 
AND2X4_RVT#PWR                             
AND3X1_RVT                                 
AND3X1_RVT#PWR                             
AND3X2_RVT                                 
AND3X2_RVT#PWR                             
AND3X4_RVT                                 
AND3X4_RVT#PWR                             
AND4X1_RVT                                 
AND4X1_RVT#PWR                             
AND4X2_RVT                                 
AND4X2_RVT#PWR                             
AND4X4_RVT                                 
AND4X4_RVT#PWR                             
ANTENNA_RVT                                b
ANTENNA_RVT#PWR                            
ANTENNA_RVT#PWR_FM_BBOX                    b
AO21X1_RVT                                 
AO21X1_RVT#PWR                             
AO21X2_RVT                                 
AO21X2_RVT#PWR                             
AO221X1_RVT                                
AO221X1_RVT#PWR                            
AO221X2_RVT                                
AO221X2_RVT#PWR                            
AO222X1_RVT                                
AO222X1_RVT#PWR                            
AO222X2_RVT                                
AO222X2_RVT#PWR                            
AO22X1_RVT                                 
AO22X1_RVT#PWR                             
AO22X2_RVT                                 
AO22X2_RVT#PWR                             
AOBUFX1_RVT                                
AOBUFX1_RVT#PWR                            
AOBUFX2_RVT                                
AOBUFX2_RVT#PWR                            
AOBUFX4_RVT                                
AOBUFX4_RVT#PWR                            
AODFFARX1_RVT                              s
AODFFARX1_RVT#PWR                          s
AODFFARX2_RVT                              s
AODFFARX2_RVT#PWR                          s
AODFFNARX1_RVT                             s
AODFFNARX1_RVT#PWR                         s
AODFFNARX2_RVT                             s
AODFFNARX2_RVT#PWR                         s
AOI21X1_RVT                                
AOI21X1_RVT#PWR                            
AOI21X2_RVT                                
AOI21X2_RVT#PWR                            
AOI221X1_RVT                               
AOI221X1_RVT#PWR                           
AOI221X2_RVT                               
AOI221X2_RVT#PWR                           
AOI222X1_RVT                               
AOI222X1_RVT#PWR                           
AOI222X2_RVT                               
AOI222X2_RVT#PWR                           
AOI22X1_RVT                                
AOI22X1_RVT#PWR                            
AOI22X2_RVT                                
AOI22X2_RVT#PWR                            
AOINVX1_RVT                                
AOINVX1_RVT#PWR                            
AOINVX2_RVT                                
AOINVX2_RVT#PWR                            
AOINVX4_RVT                                
AOINVX4_RVT#PWR                            
BSLEX1_RVT                                 t
BSLEX1_RVT_FM_BBOX                         b
BSLEX1_RVT#PWR                             t
BSLEX1_RVT#PWR_FM_BBOX                     b
BSLEX2_RVT                                 t
BSLEX2_RVT_FM_BBOX                         b
BSLEX2_RVT#PWR                             t
BSLEX2_RVT#PWR_FM_BBOX                     b
BSLEX4_RVT                                 t
BSLEX4_RVT_FM_BBOX                         b
BSLEX4_RVT#PWR                             t
BSLEX4_RVT#PWR_FM_BBOX                     b
BUSKP_RVT                                  b
BUSKP_RVT#PWR                              
BUSKP_RVT#PWR_FM_BBOX                      b
CGLNPRX2_RVT                               s
CGLNPRX2_RVT#PWR                           s
CGLNPRX8_RVT                               s
CGLNPRX8_RVT#PWR                           s
CGLNPSX16_RVT                              s
CGLNPSX16_RVT#PWR                          s
CGLNPSX2_RVT                               s
CGLNPSX2_RVT#PWR                           s
CGLNPSX4_RVT                               s
CGLNPSX4_RVT#PWR                           s
CGLNPSX8_RVT                               s
CGLNPSX8_RVT#PWR                           s
CGLPPRX2_RVT                               s
CGLPPRX2_RVT#PWR                           s
CGLPPRX8_RVT                               s
CGLPPRX8_RVT#PWR                           s
CGLPPSX16_RVT                              s
CGLPPSX16_RVT#PWR                          s
CGLPPSX2_RVT                               s
CGLPPSX2_RVT#PWR                           s
CGLPPSX4_RVT                               s
CGLPPSX4_RVT#PWR                           s
CGLPPSX8_RVT                               s
CGLPPSX8_RVT#PWR                           s
CLOAD1_RVT                                 b
CLOAD1_RVT#PWR                             
CLOAD1_RVT#PWR_FM_BBOX                     b
DCAP_RVT                                   
DCAP_RVT#PWR                               
DEC24X1_RVT                                
DEC24X1_RVT#PWR                            
DEC24X2_RVT                                
DEC24X2_RVT#PWR                            
DELLN1X2_RVT                               
DELLN1X2_RVT#PWR                           
DELLN2X2_RVT                               
DELLN2X2_RVT#PWR                           
DELLN3X2_RVT                               
DELLN3X2_RVT#PWR                           
DFFARX1_RVT                                s
DFFARX1_RVT#PWR                            s
DFFARX2_RVT                                s
DFFARX2_RVT#PWR                            s
DFFASRX1_RVT                               s
DFFASRX1_RVT#PWR                           s
DFFASRX2_RVT                               s
DFFASRX2_RVT#PWR                           s
DFFASX1_RVT                                s
DFFASX1_RVT#PWR                            s
DFFASX2_RVT                                s
DFFASX2_RVT#PWR                            s
DFFNARX1_RVT                               s
DFFNARX1_RVT#PWR                           s
DFFNARX2_RVT                               s
DFFNARX2_RVT#PWR                           s
DFFNASRNX1_RVT                             s
DFFNASRNX1_RVT#PWR                         s
DFFNASRNX2_RVT                             s
DFFNASRNX2_RVT#PWR                         s
DFFNASRQX1_RVT                             s
DFFNASRQX1_RVT#PWR                         s
DFFNASRQX2_RVT                             s
DFFNASRQX2_RVT#PWR                         s
DFFNASRX1_RVT                              s
DFFNASRX1_RVT#PWR                          s
DFFNASRX2_RVT                              s
DFFNASRX2_RVT#PWR                          s
DFFNASX1_RVT                               s
DFFNASX1_RVT#PWR                           s
DFFNASX2_RVT                               s
DFFNASX2_RVT#PWR                           s
DFFNX1_RVT                                 s
DFFNX1_RVT#PWR                             s
DFFNX2_RVT                                 s
DFFNX2_RVT#PWR                             s
DFFSSRX1_RVT                               s
DFFSSRX1_RVT#PWR                           s
DFFSSRX2_RVT                               s
DFFSSRX2_RVT#PWR                           s
DFFX1_RVT                                  s
DFFX1_RVT#PWR                              s
DFFX2_RVT                                  s
DFFX2_RVT#PWR                              s
DHFILLH2_RVT                               
DHFILLH2_RVT#PWR                           
DHFILLHL2_RVT                              
DHFILLHL2_RVT#PWR                          
DHFILLHLHLS11_RVT                          
DHFILLHLHLS11_RVT#PWR                      
FADDX1_RVT                                 
FADDX1_RVT#PWR                             
FADDX2_RVT                                 
FADDX2_RVT#PWR                             
HADDX1_RVT                                 
HADDX1_RVT#PWR                             
HADDX2_RVT                                 
HADDX2_RVT#PWR                             
IBUFFX16_RVT                               
IBUFFX16_RVT#PWR                           
IBUFFX2_RVT                                
IBUFFX2_RVT#PWR                            
IBUFFX32_RVT                               
IBUFFX32_RVT#PWR                           
IBUFFX4_RVT                                
IBUFFX4_RVT#PWR                            
IBUFFX8_RVT                                
IBUFFX8_RVT#PWR                            
INVX0_RVT                                  
INVX0_RVT#PWR                              
INVX16_RVT                                 
INVX16_RVT#PWR                             
INVX1_RVT                                  
INVX1_RVT#PWR                              
INVX2_RVT                                  
INVX2_RVT#PWR                              
INVX32_RVT                                 
INVX32_RVT#PWR                             
INVX4_RVT                                  
INVX4_RVT#PWR                              
INVX8_RVT                                  
INVX8_RVT#PWR                              
ISOLANDAOX1_RVT                            
ISOLANDAOX1_RVT#PWR                        
ISOLANDAOX2_RVT                            
ISOLANDAOX2_RVT#PWR                        
ISOLANDAOX4_RVT                            
ISOLANDAOX4_RVT#PWR                        
ISOLANDAOX8_RVT                            
ISOLANDAOX8_RVT#PWR                        
ISOLANDX1_RVT                              
ISOLANDX1_RVT#PWR                          
ISOLANDX2_RVT                              
ISOLANDX2_RVT#PWR                          
ISOLANDX4_RVT                              
ISOLANDX4_RVT#PWR                          
ISOLANDX8_RVT                              
ISOLANDX8_RVT#PWR                          
ISOLORAOX1_RVT                             
ISOLORAOX1_RVT#PWR                         
ISOLORAOX2_RVT                             
ISOLORAOX2_RVT#PWR                         
ISOLORAOX4_RVT                             
ISOLORAOX4_RVT#PWR                         
ISOLORAOX8_RVT                             
ISOLORAOX8_RVT#PWR                         
ISOLORX1_RVT                               
ISOLORX1_RVT#PWR                           
ISOLORX2_RVT                               
ISOLORX2_RVT#PWR                           
ISOLORX4_RVT                               
ISOLORX4_RVT#PWR                           
ISOLORX8_RVT                               
ISOLORX8_RVT#PWR                           
LARX1_RVT                                  s
LARX1_RVT#PWR                              s
LARX2_RVT                                  s
LARX2_RVT#PWR                              s
LASRNX1_RVT                                s
LASRNX1_RVT#PWR                            s
LASRNX2_RVT                                s
LASRNX2_RVT#PWR                            s
LASRQX1_RVT                                s
LASRQX1_RVT#PWR                            s
LASRQX2_RVT                                s
LASRQX2_RVT#PWR                            s
LASRX1_RVT                                 s
LASRX1_RVT#PWR                             s
LASRX2_RVT                                 s
LASRX2_RVT#PWR                             s
LASX1_RVT                                  s
LASX1_RVT#PWR                              s
LASX2_RVT                                  s
LASX2_RVT#PWR                              s
LATCHX1_RVT                                s
LATCHX1_RVT#PWR                            s
LATCHX2_RVT                                s
LATCHX2_RVT#PWR                            s
LNANDX1_RVT                                s
LNANDX1_RVT#PWR                            s
LNANDX2_RVT                                s
LNANDX2_RVT#PWR                            s
MUX21X1_RVT                                
MUX21X1_RVT#PWR                            
MUX21X2_RVT                                
MUX21X2_RVT#PWR                            
MUX41X1_RVT                                
MUX41X1_RVT#PWR                            
MUX41X2_RVT                                
MUX41X2_RVT#PWR                            
NAND2X0_RVT                                
NAND2X0_RVT#PWR                            
NAND2X1_RVT                                
NAND2X1_RVT#PWR                            
NAND2X2_RVT                                
NAND2X2_RVT#PWR                            
NAND2X4_RVT                                
NAND2X4_RVT#PWR                            
NAND3X0_RVT                                
NAND3X0_RVT#PWR                            
NAND3X1_RVT                                
NAND3X1_RVT#PWR                            
NAND3X2_RVT                                
NAND3X2_RVT#PWR                            
NAND3X4_RVT                                
NAND3X4_RVT#PWR                            
NAND4X0_RVT                                
NAND4X0_RVT#PWR                            
NAND4X1_RVT                                
NAND4X1_RVT#PWR                            
NBUFFX16_RVT                               
NBUFFX16_RVT#PWR                           
NBUFFX2_RVT                                
NBUFFX2_RVT#PWR                            
NBUFFX32_RVT                               
NBUFFX32_RVT#PWR                           
NBUFFX4_RVT                                
NBUFFX4_RVT#PWR                            
NBUFFX8_RVT                                
NBUFFX8_RVT#PWR                            
NMT1_RVT                                   b
NMT1_RVT#PWR                               t
NMT1_RVT#PWR_FM_BBOX                       b
NMT2_RVT                                   b
NMT2_RVT#PWR                               t
NMT2_RVT#PWR_FM_BBOX                       b
NMT3_RVT                                   b
NMT3_RVT#PWR                               t
NMT3_RVT#PWR_FM_BBOX                       b
NOR2X0_RVT                                 
NOR2X0_RVT#PWR                             
NOR2X1_RVT                                 
NOR2X1_RVT#PWR                             
NOR2X2_RVT                                 
NOR2X2_RVT#PWR                             
NOR2X4_RVT                                 
NOR2X4_RVT#PWR                             
NOR3X0_RVT                                 
NOR3X0_RVT#PWR                             
NOR3X1_RVT                                 
NOR3X1_RVT#PWR                             
NOR3X2_RVT                                 
NOR3X2_RVT#PWR                             
NOR3X4_RVT                                 
NOR3X4_RVT#PWR                             
NOR4X0_RVT                                 
NOR4X0_RVT#PWR                             
NOR4X1_RVT                                 
NOR4X1_RVT#PWR                             
OA21X1_RVT                                 
OA21X1_RVT#PWR                             
OA21X2_RVT                                 
OA21X2_RVT#PWR                             
OA221X1_RVT                                
OA221X1_RVT#PWR                            
OA221X2_RVT                                
OA221X2_RVT#PWR                            
OA222X1_RVT                                
OA222X1_RVT#PWR                            
OA222X2_RVT                                
OA222X2_RVT#PWR                            
OA22X1_RVT                                 
OA22X1_RVT#PWR                             
OA22X2_RVT                                 
OA22X2_RVT#PWR                             
OAI21X1_RVT                                
OAI21X1_RVT#PWR                            
OAI21X2_RVT                                
OAI21X2_RVT#PWR                            
OAI221X1_RVT                               
OAI221X1_RVT#PWR                           
OAI221X2_RVT                               
OAI221X2_RVT#PWR                           
OAI222X1_RVT                               
OAI222X1_RVT#PWR                           
OAI222X2_RVT                               
OAI222X2_RVT#PWR                           
OAI22X1_RVT                                
OAI22X1_RVT#PWR                            
OAI22X2_RVT                                
OAI22X2_RVT#PWR                            
OR2X1_RVT                                  
OR2X1_RVT#PWR                              
OR2X2_RVT                                  
OR2X2_RVT#PWR                              
OR2X4_RVT                                  
OR2X4_RVT#PWR                              
OR3X1_RVT                                  
OR3X1_RVT#PWR                              
OR3X2_RVT                                  
OR3X2_RVT#PWR                              
OR3X4_RVT                                  
OR3X4_RVT#PWR                              
OR4X1_RVT                                  
OR4X1_RVT#PWR                              
OR4X2_RVT                                  
OR4X2_RVT#PWR                              
OR4X4_RVT                                  
OR4X4_RVT#PWR                              
PGX1_RVT                                   t
PGX1_RVT_FM_BBOX                           b
PGX1_RVT#PWR                               t
PGX1_RVT#PWR_FM_BBOX                       b
PGX2_RVT                                   t
PGX2_RVT_FM_BBOX                           b
PGX2_RVT#PWR                               t
PGX2_RVT#PWR_FM_BBOX                       b
PGX4_RVT                                   t
PGX4_RVT_FM_BBOX                           b
PGX4_RVT#PWR                               t
PGX4_RVT#PWR_FM_BBOX                       b
PMT1_RVT                                   b
PMT1_RVT#PWR                               t
PMT1_RVT#PWR_FM_BBOX                       b
PMT2_RVT                                   b
PMT2_RVT#PWR                               t
PMT2_RVT#PWR_FM_BBOX                       b
PMT3_RVT                                   b
PMT3_RVT#PWR                               t
PMT3_RVT#PWR_FM_BBOX                       b
RDFFARX1_RVT                               s
RDFFARX1_RVT#PWR                           s
RDFFARX2_RVT                               s
RDFFARX2_RVT#PWR                           s
RDFFNARX1_RVT                              s
RDFFNARX1_RVT#PWR                          s
RDFFNARX2_RVT                              s
RDFFNARX2_RVT#PWR                          s
RDFFNSRARX1_RVT                            s
RDFFNSRARX1_RVT#PWR                        s
RDFFNSRARX2_RVT                            s
RDFFNSRARX2_RVT#PWR                        s
RDFFNSRASRNX1_RVT                          s
RDFFNSRASRNX1_RVT#PWR                      s
RDFFNSRASRNX2_RVT                          s
RDFFNSRASRNX2_RVT#PWR                      s
RDFFNSRASRQX1_RVT                          s
RDFFNSRASRQX1_RVT#PWR                      s
RDFFNSRASRQX2_RVT                          s
RDFFNSRASRQX2_RVT#PWR                      s
RDFFNSRASRX1_RVT                           s
RDFFNSRASRX1_RVT#PWR                       s
RDFFNSRASRX2_RVT                           s
RDFFNSRASRX2_RVT#PWR                       s
RDFFNSRASX1_RVT                            s
RDFFNSRASX1_RVT#PWR                        s
RDFFNSRASX2_RVT                            s
RDFFNSRASX2_RVT#PWR                        s
RDFFNSRX1_RVT                              s
RDFFNSRX1_RVT#PWR                          s
RDFFNSRX2_RVT                              s
RDFFNSRX2_RVT#PWR                          s
RDFFNX1_RVT                                s
RDFFNX1_RVT#PWR                            s
RDFFNX2_RVT                                s
RDFFNX2_RVT#PWR                            s
RDFFSRARX1_RVT                             s
RDFFSRARX1_RVT#PWR                         s
RDFFSRARX2_RVT                             s
RDFFSRARX2_RVT#PWR                         s
RDFFSRASRX1_RVT                            s
RDFFSRASRX1_RVT#PWR                        s
RDFFSRASRX2_RVT                            s
RDFFSRASRX2_RVT#PWR                        s
RDFFSRASX1_RVT                             s
RDFFSRASX1_RVT#PWR                         s
RDFFSRASX2_RVT                             s
RDFFSRASX2_RVT#PWR                         s
RDFFSRSSRX1_RVT                            s
RDFFSRSSRX1_RVT#PWR                        s
RDFFSRSSRX2_RVT                            s
RDFFSRSSRX2_RVT#PWR                        s
RDFFSRX1_RVT                               s
RDFFSRX1_RVT#PWR                           s
RDFFSRX2_RVT                               s
RDFFSRX2_RVT#PWR                           s
RDFFX1_RVT                                 s
RDFFX1_RVT#PWR                             s
RDFFX2_RVT                                 s
RDFFX2_RVT#PWR                             s
RSDFFARX1_RVT                              s
RSDFFARX1_RVT#PWR                          s
RSDFFARX2_RVT                              s
RSDFFARX2_RVT#PWR                          s
RSDFFNARX1_RVT                             s
RSDFFNARX1_RVT#PWR                         s
RSDFFNARX2_RVT                             s
RSDFFNARX2_RVT#PWR                         s
RSDFFNSRARX1_RVT                           s
RSDFFNSRARX1_RVT#PWR                       s
RSDFFNSRARX2_RVT                           s
RSDFFNSRARX2_RVT#PWR                       s
RSDFFNSRASRNX1_RVT                         s
RSDFFNSRASRNX1_RVT#PWR                     s
RSDFFNSRASRNX2_RVT                         s
RSDFFNSRASRNX2_RVT#PWR                     s
RSDFFNSRASRQX1_RVT                         s
RSDFFNSRASRQX1_RVT#PWR                     s
RSDFFNSRASRQX2_RVT                         s
RSDFFNSRASRQX2_RVT#PWR                     s
RSDFFNSRASRX1_RVT                          s
RSDFFNSRASRX1_RVT#PWR                      s
RSDFFNSRASRX2_RVT                          s
RSDFFNSRASRX2_RVT#PWR                      s
RSDFFNSRASX1_RVT                           s
RSDFFNSRASX1_RVT#PWR                       s
RSDFFNSRASX2_RVT                           s
RSDFFNSRASX2_RVT#PWR                       s
RSDFFNSRX1_RVT                             s
RSDFFNSRX1_RVT#PWR                         s
RSDFFNSRX2_RVT                             s
RSDFFNSRX2_RVT#PWR                         s
RSDFFNX1_RVT                               s
RSDFFNX1_RVT#PWR                           s
RSDFFNX2_RVT                               s
RSDFFNX2_RVT#PWR                           s
RSDFFSRARX1_RVT                            s
RSDFFSRARX1_RVT#PWR                        s
RSDFFSRARX2_RVT                            s
RSDFFSRARX2_RVT#PWR                        s
RSDFFSRASRX1_RVT                           s
RSDFFSRASRX1_RVT#PWR                       s
RSDFFSRASRX2_RVT                           s
RSDFFSRASRX2_RVT#PWR                       s
RSDFFSRASX1_RVT                            s
RSDFFSRASX1_RVT#PWR                        s
RSDFFSRASX2_RVT                            s
RSDFFSRASX2_RVT#PWR                        s
RSDFFSRSSRX1_RVT                           s
RSDFFSRSSRX1_RVT#PWR                       s
RSDFFSRSSRX2_RVT                           s
RSDFFSRSSRX2_RVT#PWR                       s
RSDFFSRX1_RVT                              s
RSDFFSRX1_RVT#PWR                          s
RSDFFSRX2_RVT                              s
RSDFFSRX2_RVT#PWR                          s
RSDFFX1_RVT                                s
RSDFFX1_RVT#PWR                            s
RSDFFX2_RVT                                s
RSDFFX2_RVT#PWR                            s
SDFFARX1_RVT                               s
SDFFARX1_RVT#PWR                           s
SDFFARX2_RVT                               s
SDFFARX2_RVT#PWR                           s
SDFFASRSX1_RVT                             s
SDFFASRSX1_RVT#PWR                         s
SDFFASRSX2_RVT                             s
SDFFASRSX2_RVT#PWR                         s
SDFFASRX1_RVT                              s
SDFFASRX1_RVT#PWR                          s
SDFFASRX2_RVT                              s
SDFFASRX2_RVT#PWR                          s
SDFFASX1_RVT                               s
SDFFASX1_RVT#PWR                           s
SDFFASX2_RVT                               s
SDFFASX2_RVT#PWR                           s
SDFFNARX1_RVT                              s
SDFFNARX1_RVT#PWR                          s
SDFFNARX2_RVT                              s
SDFFNARX2_RVT#PWR                          s
SDFFNASRX1_RVT                             s
SDFFNASRX1_RVT#PWR                         s
SDFFNASRX2_RVT                             s
SDFFNASRX2_RVT#PWR                         s
SDFFNASX1_RVT                              s
SDFFNASX1_RVT#PWR                          s
SDFFNASX2_RVT                              s
SDFFNASX2_RVT#PWR                          s
SDFFNX1_RVT                                s
SDFFNX1_RVT#PWR                            s
SDFFNX2_RVT                                s
SDFFNX2_RVT#PWR                            s
SDFFSSRX1_RVT                              s
SDFFSSRX1_RVT#PWR                          s
SDFFSSRX2_RVT                              s
SDFFSSRX2_RVT#PWR                          s
SDFFX1_RVT                                 s
SDFFX1_RVT#PWR                             s
SDFFX2_RVT                                 s
SDFFX2_RVT#PWR                             s
SHFILL128_RVT                              
SHFILL128_RVT#PWR                          
SHFILL1_RVT                                
SHFILL1_RVT#PWR                            
SHFILL2_RVT                                
SHFILL2_RVT#PWR                            
SHFILL3_RVT                                
SHFILL3_RVT#PWR                            
SHFILL64_RVT                               
SHFILL64_RVT#PWR                           
TIEH_RVT                                   
TIEH_RVT#PWR                               
TIEL_RVT                                   
TIEL_RVT#PWR                               
TNBUFFX16_RVT                              t
TNBUFFX16_RVT#PWR                          t
TNBUFFX1_RVT                               t
TNBUFFX1_RVT#PWR                           t
TNBUFFX2_RVT                               t
TNBUFFX2_RVT#PWR                           t
TNBUFFX32_RVT                              t
TNBUFFX32_RVT#PWR                          t
TNBUFFX4_RVT                               t
TNBUFFX4_RVT#PWR                           t
TNBUFFX8_RVT                               t
TNBUFFX8_RVT#PWR                           t
XNOR2X1_RVT                                
XNOR2X1_RVT#PWR                            
XNOR2X2_RVT                                
XNOR2X2_RVT#PWR                            
XNOR3X1_RVT                                
XNOR3X1_RVT#PWR                            
XNOR3X2_RVT                                
XNOR3X2_RVT#PWR                            
XOR2X1_RVT                                 
XOR2X1_RVT#PWR                             
XOR2X2_RVT                                 
XOR2X2_RVT#PWR                             
XOR3X1_RVT                                 
XOR3X1_RVT#PWR                             
XOR3X2_RVT                                 
XOR3X2_RVT#PWR                             

Error:  Operation id list or point list or -status or -command required.
**************************************************
Report         : dont_verify_points

Reference      : r:/WORK/NV_NVDLA_partition_m
Implementation : i:/WORK/NV_NVDLA_partition_m
Version        : W-2024.09-SP5
Date           : Fri May  8 11:57:44 2026
**************************************************

Don't verify points:   None

1
