 
****************************************
Report : timing
        -path full
        -delay min
        -nworst 5
        -input_pins
        -nets
        -max_paths 50
        -transition_time
        -capacitance
Design : NV_NVDLA_partition_m
Version: W-2024.09-SP5-5
Date   : Fri May  8 10:25:40 2026
****************************************

 * Some/all delay information is back-annotated.

 # A fanout number of 1000 was used for high fanout net computations.

Operating Conditions: ss0p95v125c   Library: saed32rvt_ss0p95v125c
Wire Load Model Mode: Inactive.

  Startpoint: u_partition_m_reset/sync_reset_synced_rstn/NV_GENERIC_CELL/d0_reg
              (rising edge-triggered flip-flop clocked by nvdla_core_clk)
  Endpoint: u_partition_m_reset/sync_reset_synced_rstn/NV_GENERIC_CELL/q_reg
            (rising edge-triggered flip-flop clocked by nvdla_core_clk)
  Path Group: nvdla_core_clk
  Path Type: min

  Point                                       Fanout       Cap     Trans      Incr       Path
  ----------------------------------------------------------------------------------------------
  clock nvdla_core_clk (rise edge)                                          0.0000     0.0000
  clock network delay (ideal)                                               0.0000     0.0000
  u_partition_m_reset/sync_reset_synced_rstn/NV_GENERIC_CELL/d0_reg/CLK (SDFFARX1_RVT)
                                                                  0.0500    0.0000     0.0000 r
  u_partition_m_reset/sync_reset_synced_rstn/NV_GENERIC_CELL/d0_reg/Q (SDFFARX1_RVT)
                                                                  0.0278    0.1725     0.1725 f
  u_partition_m_reset/sync_reset_synced_rstn/NV_GENERIC_CELL/d0 (net)
                                                1       0.4542              0.0000     0.1725 f
  u_partition_m_reset/sync_reset_synced_rstn/NV_GENERIC_CELL/q_reg/D (DFFARX1_RVT)
                                                                  0.0278    0.0000 *   0.1725 f
  data arrival time                                                                    0.1725

  clock nvdla_core_clk (rise edge)                                          0.0000     0.0000
  clock network delay (ideal)                                               0.0000     0.0000
  u_partition_m_reset/sync_reset_synced_rstn/NV_GENERIC_CELL/q_reg/CLK (DFFARX1_RVT)
                                                                            0.0000     0.0000 r
  library hold time                                                        -0.0057    -0.0057
  data required time                                                                  -0.0057
  ----------------------------------------------------------------------------------------------
  data required time                                                                  -0.0057
  data arrival time                                                                   -0.1725
  ----------------------------------------------------------------------------------------------
  slack (MET)                                                                          0.1781


  Startpoint: u_NV_NVDLA_cmac/u_core/u_rt_out/out_rt_done_d2_reg
              (rising edge-triggered flip-flop clocked by nvdla_core_clk)
  Endpoint: u_NV_NVDLA_cmac/u_core/u_rt_out/out_rt_done_d3_reg
            (rising edge-triggered flip-flop clocked by nvdla_core_clk)
  Path Group: nvdla_core_clk
  Path Type: min

  Point                                       Fanout       Cap     Trans      Incr       Path
  ----------------------------------------------------------------------------------------------
  clock nvdla_core_clk (rise edge)                                          0.0000     0.0000
  clock network delay (ideal)                                               0.0000     0.0000
  u_NV_NVDLA_cmac/u_core/u_rt_out/out_rt_done_d2_reg/CLK (DFFARX1_RVT)
                                                                  0.0500    0.0000     0.0000 r
  u_NV_NVDLA_cmac/u_core/u_rt_out/out_rt_done_d2_reg/Q (DFFARX1_RVT)
                                                                  0.0287    0.1732     0.1732 f
  u_NV_NVDLA_cmac/u_core/u_rt_out/out_rt_done_d2 (net)
                                                1       0.5861              0.0000     0.1732 f
  u_NV_NVDLA_cmac/u_core/u_rt_out/out_rt_done_d3_reg/D (DFFARX1_RVT)
                                                                  0.0287    0.0000 *   0.1732 f
  data arrival time                                                                    0.1732

  clock nvdla_core_clk (rise edge)                                          0.0000     0.0000
  clock network delay (ideal)                                               0.0000     0.0000
  u_NV_NVDLA_cmac/u_core/u_rt_out/out_rt_done_d3_reg/CLK (DFFARX1_RVT)      0.0000     0.0000 r
  library hold time                                                        -0.0061    -0.0061
  data required time                                                                  -0.0061
  ----------------------------------------------------------------------------------------------
  data required time                                                                  -0.0061
  data arrival time                                                                   -0.1732
  ----------------------------------------------------------------------------------------------
  slack (MET)                                                                          0.1793


  Startpoint: u_NV_NVDLA_cmac/u_core/u_rt_out/out_rt_done_d3_reg
              (rising edge-triggered flip-flop clocked by nvdla_core_clk)
  Endpoint: u_NV_NVDLA_cmac/u_core/u_rt_out/out_rt_done_d4_reg
            (rising edge-triggered flip-flop clocked by nvdla_core_clk)
  Path Group: nvdla_core_clk
  Path Type: min

  Point                                       Fanout       Cap     Trans      Incr       Path
  ----------------------------------------------------------------------------------------------
  clock nvdla_core_clk (rise edge)                                          0.0000     0.0000
  clock network delay (ideal)                                               0.0000     0.0000
  u_NV_NVDLA_cmac/u_core/u_rt_out/out_rt_done_d3_reg/CLK (DFFARX1_RVT)
                                                                  0.0500    0.0000     0.0000 r
  u_NV_NVDLA_cmac/u_core/u_rt_out/out_rt_done_d3_reg/Q (DFFARX1_RVT)
                                                                  0.0311    0.1764     0.1764 f
  u_NV_NVDLA_cmac/u_core/u_rt_out/out_rt_done_d3 (net)
                                                1       0.9290              0.0000     0.1764 f
  u_NV_NVDLA_cmac/u_core/u_rt_out/out_rt_done_d4_reg/D (DFFARX1_RVT)
                                                                  0.0311    0.0000 *   0.1764 f
  data arrival time                                                                    0.1764

  clock nvdla_core_clk (rise edge)                                          0.0000     0.0000
  clock network delay (ideal)                                               0.0000     0.0000
  u_NV_NVDLA_cmac/u_core/u_rt_out/out_rt_done_d4_reg/CLK (DFFARX1_RVT)      0.0000     0.0000 r
  library hold time                                                        -0.0072    -0.0072
  data required time                                                                  -0.0072
  ----------------------------------------------------------------------------------------------
  data required time                                                                  -0.0072
  data arrival time                                                                   -0.1764
  ----------------------------------------------------------------------------------------------
  slack (MET)                                                                          0.1836


  Startpoint: u_partition_m_reset/sync_reset_synced_rstn/NV_GENERIC_CELL/d0_reg
              (rising edge-triggered flip-flop clocked by nvdla_core_clk)
  Endpoint: u_partition_m_reset/sync_reset_synced_rstn/NV_GENERIC_CELL/q_reg
            (rising edge-triggered flip-flop clocked by nvdla_core_clk)
  Path Group: nvdla_core_clk
  Path Type: min

  Point                                       Fanout       Cap     Trans      Incr       Path
  ----------------------------------------------------------------------------------------------
  clock nvdla_core_clk (rise edge)                                          0.0000     0.0000
  clock network delay (ideal)                                               0.0000     0.0000
  u_partition_m_reset/sync_reset_synced_rstn/NV_GENERIC_CELL/d0_reg/CLK (SDFFARX1_RVT)
                                                                  0.0500    0.0000     0.0000 r
  u_partition_m_reset/sync_reset_synced_rstn/NV_GENERIC_CELL/d0_reg/Q (SDFFARX1_RVT)
                                                                  0.0298    0.1805     0.1805 r
  u_partition_m_reset/sync_reset_synced_rstn/NV_GENERIC_CELL/d0 (net)
                                                1       0.4646              0.0000     0.1805 r
  u_partition_m_reset/sync_reset_synced_rstn/NV_GENERIC_CELL/q_reg/D (DFFARX1_RVT)
                                                                  0.0298    0.0000 *   0.1806 r
  data arrival time                                                                    0.1806

  clock nvdla_core_clk (rise edge)                                          0.0000     0.0000
  clock network delay (ideal)                                               0.0000     0.0000
  u_partition_m_reset/sync_reset_synced_rstn/NV_GENERIC_CELL/q_reg/CLK (DFFARX1_RVT)
                                                                            0.0000     0.0000 r
  library hold time                                                        -0.0224    -0.0224
  data required time                                                                  -0.0224
  ----------------------------------------------------------------------------------------------
  data required time                                                                  -0.0224
  data arrival time                                                                   -0.1806
  ----------------------------------------------------------------------------------------------
  slack (MET)                                                                          0.2030


  Startpoint: u_NV_NVDLA_cmac/u_core/u_rt_out/out_rt_done_d2_reg
              (rising edge-triggered flip-flop clocked by nvdla_core_clk)
  Endpoint: u_NV_NVDLA_cmac/u_core/u_rt_out/out_rt_done_d3_reg
            (rising edge-triggered flip-flop clocked by nvdla_core_clk)
  Path Group: nvdla_core_clk
  Path Type: min

  Point                                       Fanout       Cap     Trans      Incr       Path
  ----------------------------------------------------------------------------------------------
  clock nvdla_core_clk (rise edge)                                          0.0000     0.0000
  clock network delay (ideal)                                               0.0000     0.0000
  u_NV_NVDLA_cmac/u_core/u_rt_out/out_rt_done_d2_reg/CLK (DFFARX1_RVT)
                                                                  0.0500    0.0000     0.0000 r
  u_NV_NVDLA_cmac/u_core/u_rt_out/out_rt_done_d2_reg/Q (DFFARX1_RVT)
                                                                  0.0307    0.1808     0.1808 r
  u_NV_NVDLA_cmac/u_core/u_rt_out/out_rt_done_d2 (net)
                                                1       0.5965              0.0000     0.1808 r
  u_NV_NVDLA_cmac/u_core/u_rt_out/out_rt_done_d3_reg/D (DFFARX1_RVT)
                                                                  0.0307    0.0000 *   0.1808 r
  data arrival time                                                                    0.1808

  clock nvdla_core_clk (rise edge)                                          0.0000     0.0000
  clock network delay (ideal)                                               0.0000     0.0000
  u_NV_NVDLA_cmac/u_core/u_rt_out/out_rt_done_d3_reg/CLK (DFFARX1_RVT)      0.0000     0.0000 r
  library hold time                                                        -0.0227    -0.0227
  data required time                                                                  -0.0227
  ----------------------------------------------------------------------------------------------
  data required time                                                                  -0.0227
  data arrival time                                                                   -0.1808
  ----------------------------------------------------------------------------------------------
  slack (MET)                                                                          0.2036


  Startpoint: u_NV_NVDLA_cmac/u_core/u_mac_1/pp_pvld_d1_reg_0_
              (rising edge-triggered flip-flop clocked by nvdla_core_clk)
  Endpoint: u_NV_NVDLA_cmac/u_core/u_mac_1/pp_pvld_d2_reg_0_
            (rising edge-triggered flip-flop clocked by nvdla_core_clk)
  Path Group: nvdla_core_clk
  Path Type: min

  Point                                       Fanout       Cap     Trans      Incr       Path
  ----------------------------------------------------------------------------------------------
  clock nvdla_core_clk (rise edge)                                          0.0000     0.0000
  clock network delay (ideal)                                               0.0000     0.0000
  u_NV_NVDLA_cmac/u_core/u_mac_1/pp_pvld_d1_reg_0_/CLK (SDFFARX1_RVT)
                                                                  0.0500    0.0000 #   0.0000 r
  u_NV_NVDLA_cmac/u_core/u_mac_1/pp_pvld_d1_reg_0_/Q (SDFFARX1_RVT)
                                                                  0.0459    0.1919     0.1919 f
  u_NV_NVDLA_cmac/u_core/u_mac_1/pp_pvld_d1_0_ (net)
                                                2       2.9558              0.0000     0.1919 f
  u_NV_NVDLA_cmac/u_core/u_mac_1/pp_pvld_d2_reg_0_/D (DFFARX1_RVT)
                                                                  0.0459    0.0001 *   0.1920 f
  data arrival time                                                                    0.1920

  clock nvdla_core_clk (rise edge)                                          0.0000     0.0000
  clock network delay (ideal)                                               0.0000     0.0000
  u_NV_NVDLA_cmac/u_core/u_mac_1/pp_pvld_d2_reg_0_/CLK (DFFARX1_RVT)        0.0000     0.0000 r
  library hold time                                                        -0.0143    -0.0143
  data required time                                                                  -0.0143
  ----------------------------------------------------------------------------------------------
  data required time                                                                  -0.0143
  data arrival time                                                                   -0.1920
  ----------------------------------------------------------------------------------------------
  slack (MET)                                                                          0.2063


  Startpoint: u_NV_NVDLA_cmac/u_core/u_rt_out/out_rt_done_d3_reg
              (rising edge-triggered flip-flop clocked by nvdla_core_clk)
  Endpoint: u_NV_NVDLA_cmac/u_core/u_rt_out/out_rt_done_d4_reg
            (rising edge-triggered flip-flop clocked by nvdla_core_clk)
  Path Group: nvdla_core_clk
  Path Type: min

  Point                                       Fanout       Cap     Trans      Incr       Path
  ----------------------------------------------------------------------------------------------
  clock nvdla_core_clk (rise edge)                                          0.0000     0.0000
  clock network delay (ideal)                                               0.0000     0.0000
  u_NV_NVDLA_cmac/u_core/u_rt_out/out_rt_done_d3_reg/CLK (DFFARX1_RVT)
                                                                  0.0500    0.0000     0.0000 r
  u_NV_NVDLA_cmac/u_core/u_rt_out/out_rt_done_d3_reg/Q (DFFARX1_RVT)
                                                                  0.0333    0.1839     0.1839 r
  u_NV_NVDLA_cmac/u_core/u_rt_out/out_rt_done_d3 (net)
                                                1       0.9394              0.0000     0.1839 r
  u_NV_NVDLA_cmac/u_core/u_rt_out/out_rt_done_d4_reg/D (DFFARX1_RVT)
                                                                  0.0333    0.0000 *   0.1839 r
  data arrival time                                                                    0.1839

  clock nvdla_core_clk (rise edge)                                          0.0000     0.0000
  clock network delay (ideal)                                               0.0000     0.0000
  u_NV_NVDLA_cmac/u_core/u_rt_out/out_rt_done_d4_reg/CLK (DFFARX1_RVT)      0.0000     0.0000 r
  library hold time                                                        -0.0236    -0.0236
  data required time                                                                  -0.0236
  ----------------------------------------------------------------------------------------------
  data required time                                                                  -0.0236
  data arrival time                                                                   -0.1839
  ----------------------------------------------------------------------------------------------
  slack (MET)                                                                          0.2075


  Startpoint: u_NV_NVDLA_cmac/u_core/u_mac_7/pp_pvld_d1_reg_0_
              (rising edge-triggered flip-flop clocked by nvdla_core_clk)
  Endpoint: u_NV_NVDLA_cmac/u_core/u_mac_7/pp_pvld_d2_reg_0_
            (rising edge-triggered flip-flop clocked by nvdla_core_clk)
  Path Group: nvdla_core_clk
  Path Type: min

  Point                                       Fanout       Cap     Trans      Incr       Path
  ----------------------------------------------------------------------------------------------
  clock nvdla_core_clk (rise edge)                                          0.0000     0.0000
  clock network delay (ideal)                                               0.0000     0.0000
  u_NV_NVDLA_cmac/u_core/u_mac_7/pp_pvld_d1_reg_0_/CLK (SDFFARX1_RVT)
                                                                  0.0500    0.0000 #   0.0000 r
  u_NV_NVDLA_cmac/u_core/u_mac_7/pp_pvld_d1_reg_0_/Q (SDFFARX1_RVT)
                                                                  0.0577    0.2018     0.2018 f
  u_NV_NVDLA_cmac/u_core/u_mac_7/pp_pvld_d1_0_ (net)
                                                2       4.4935              0.0000     0.2018 f
  u_NV_NVDLA_cmac/u_core/u_mac_7/pp_pvld_d2_reg_0_/D (DFFARX1_RVT)
                                                                  0.0577    0.0002 *   0.2020 f
  data arrival time                                                                    0.2020

  clock nvdla_core_clk (rise edge)                                          0.0000     0.0000
  clock network delay (ideal)                                               0.0000     0.0000
  u_NV_NVDLA_cmac/u_core/u_mac_7/pp_pvld_d2_reg_0_/CLK (DFFARX1_RVT)        0.0000     0.0000 r
  library hold time                                                        -0.0199    -0.0199
  data required time                                                                  -0.0199
  ----------------------------------------------------------------------------------------------
  data required time                                                                  -0.0199
  data arrival time                                                                   -0.2020
  ----------------------------------------------------------------------------------------------
  slack (MET)                                                                          0.2220


  Startpoint: u_NV_NVDLA_cmac/u_core/u_mac_6/cfg_reg_en_d0_reg
              (rising edge-triggered flip-flop clocked by nvdla_core_clk)
  Endpoint: u_NV_NVDLA_cmac/u_core/u_mac_6/cfg_reg_en_d1_reg
            (rising edge-triggered flip-flop clocked by nvdla_core_clk)
  Path Group: nvdla_core_clk
  Path Type: min

  Point                                       Fanout       Cap     Trans      Incr       Path
  ----------------------------------------------------------------------------------------------
  clock nvdla_core_clk (rise edge)                                          0.0000     0.0000
  clock network delay (ideal)                                               0.0000     0.0000
  u_NV_NVDLA_cmac/u_core/u_mac_6/cfg_reg_en_d0_reg/CLK (SDFFARX1_RVT)
                                                                  0.0500    0.0000 #   0.0000 r
  u_NV_NVDLA_cmac/u_core/u_mac_6/cfg_reg_en_d0_reg/Q (SDFFARX1_RVT)
                                                                  0.0672    0.2087     0.2087 f
  u_NV_NVDLA_cmac/u_core/u_mac_6/cfg_reg_en_d0 (net)
                                                6       5.6478              0.0000     0.2087 f
  u_NV_NVDLA_cmac/u_core/u_mac_6/cfg_reg_en_d1_reg/D (DFFARX2_RVT)
                                                                  0.0672    0.0000 *   0.2088 f
  data arrival time                                                                    0.2088

  clock nvdla_core_clk (rise edge)                                          0.0000     0.0000
  clock network delay (ideal)                                               0.0000     0.0000
  u_NV_NVDLA_cmac/u_core/u_mac_6/cfg_reg_en_d1_reg/CLK (DFFARX2_RVT)        0.0000     0.0000 r
  library hold time                                                        -0.0160    -0.0160
  data required time                                                                  -0.0160
  ----------------------------------------------------------------------------------------------
  data required time                                                                  -0.0160
  data arrival time                                                                   -0.2088
  ----------------------------------------------------------------------------------------------
  slack (MET)                                                                          0.2248


  Startpoint: u_NV_NVDLA_cmac/u_core/u_mac_1/pp_pvld_d1_reg_0_
              (rising edge-triggered flip-flop clocked by nvdla_core_clk)
  Endpoint: u_NV_NVDLA_cmac/u_core/u_mac_1/pp_pvld_d2_reg_0_
            (rising edge-triggered flip-flop clocked by nvdla_core_clk)
  Path Group: nvdla_core_clk
  Path Type: min

  Point                                       Fanout       Cap     Trans      Incr       Path
  ----------------------------------------------------------------------------------------------
  clock nvdla_core_clk (rise edge)                                          0.0000     0.0000
  clock network delay (ideal)                                               0.0000     0.0000
  u_NV_NVDLA_cmac/u_core/u_mac_1/pp_pvld_d1_reg_0_/CLK (SDFFARX1_RVT)
                                                                  0.0500    0.0000 #   0.0000 r
  u_NV_NVDLA_cmac/u_core/u_mac_1/pp_pvld_d1_reg_0_/Q (SDFFARX1_RVT)
                                                                  0.0487    0.1999     0.1999 r
  u_NV_NVDLA_cmac/u_core/u_mac_1/pp_pvld_d1_0_ (net)
                                                2       2.9718              0.0000     0.1999 r
  u_NV_NVDLA_cmac/u_core/u_mac_1/pp_pvld_d2_reg_0_/D (DFFARX1_RVT)
                                                                  0.0487    0.0001 *   0.1999 r
  data arrival time                                                                    0.1999

  clock nvdla_core_clk (rise edge)                                          0.0000     0.0000
  clock network delay (ideal)                                               0.0000     0.0000
  u_NV_NVDLA_cmac/u_core/u_mac_1/pp_pvld_d2_reg_0_/CLK (DFFARX1_RVT)        0.0000     0.0000 r
  library hold time                                                        -0.0282    -0.0282
  data required time                                                                  -0.0282
  ----------------------------------------------------------------------------------------------
  data required time                                                                  -0.0282
  data arrival time                                                                   -0.1999
  ----------------------------------------------------------------------------------------------
  slack (MET)                                                                          0.2281


  Startpoint: u_NV_NVDLA_cmac/u_core/u_rt_out/out_rt_done_d1_reg
              (rising edge-triggered flip-flop clocked by nvdla_core_clk)
  Endpoint: u_NV_NVDLA_cmac/u_core/u_rt_out/out_rt_done_d2_reg
            (rising edge-triggered flip-flop clocked by nvdla_core_clk)
  Path Group: nvdla_core_clk
  Path Type: min

  Point                                       Fanout       Cap     Trans      Incr       Path
  ----------------------------------------------------------------------------------------------
  clock nvdla_core_clk (rise edge)                                          0.0000     0.0000
  clock network delay (ideal)                                               0.0000     0.0000
  u_NV_NVDLA_cmac/u_core/u_rt_out/out_rt_done_d1_reg/CLK (SDFFARX1_RVT)
                                                                  0.0500    0.0000     0.0000 r
  u_NV_NVDLA_cmac/u_core/u_rt_out/out_rt_done_d1_reg/Q (SDFFARX1_RVT)
                                                                  0.0645    0.2068     0.2068 f
  u_NV_NVDLA_cmac/u_core/u_rt_out/out_rt_done_d1 (net)
                                                1       5.3214              0.0000     0.2068 f
  u_NV_NVDLA_cmac/u_core/u_rt_out/out_rt_done_d2_reg/D (DFFARX1_RVT)
                                                                  0.0645    0.0003 *   0.2071 f
  data arrival time                                                                    0.2071

  clock nvdla_core_clk (rise edge)                                          0.0000     0.0000
  clock network delay (ideal)                                               0.0000     0.0000
  u_NV_NVDLA_cmac/u_core/u_rt_out/out_rt_done_d2_reg/CLK (DFFARX1_RVT)      0.0000     0.0000 r
  library hold time                                                        -0.0231    -0.0231
  data required time                                                                  -0.0231
  ----------------------------------------------------------------------------------------------
  data required time                                                                  -0.0231
  data arrival time                                                                   -0.2071
  ----------------------------------------------------------------------------------------------
  slack (MET)                                                                          0.2302


  Startpoint: u_NV_NVDLA_cmac/u_core/u_mac_0/cfg_reg_en_d0_reg
              (rising edge-triggered flip-flop clocked by nvdla_core_clk)
  Endpoint: u_NV_NVDLA_cmac/u_core/u_mac_0/cfg_reg_en_d1_reg
            (rising edge-triggered flip-flop clocked by nvdla_core_clk)
  Path Group: nvdla_core_clk
  Path Type: min

  Point                                       Fanout       Cap     Trans      Incr       Path
  ----------------------------------------------------------------------------------------------
  clock nvdla_core_clk (rise edge)                                          0.0000     0.0000
  clock network delay (ideal)                                               0.0000     0.0000
  u_NV_NVDLA_cmac/u_core/u_mac_0/cfg_reg_en_d0_reg/CLK (SDFFARX2_RVT)
                                                                  0.0500    0.0000 #   0.0000 r
  u_NV_NVDLA_cmac/u_core/u_mac_0/cfg_reg_en_d0_reg/Q (SDFFARX2_RVT)
                                                                  0.0567    0.2194     0.2194 f
  u_NV_NVDLA_cmac/u_core/u_mac_0/cfg_reg_en_d0 (net)
                                                6       7.9267              0.0000     0.2194 f
  u_NV_NVDLA_cmac/u_core/u_mac_0/cfg_reg_en_d1_reg/D (DFFARX2_RVT)
                                                                  0.0567    0.0004 *   0.2199 f
  data arrival time                                                                    0.2199

  clock nvdla_core_clk (rise edge)                                          0.0000     0.0000
  clock network delay (ideal)                                               0.0000     0.0000
  u_NV_NVDLA_cmac/u_core/u_mac_0/cfg_reg_en_d1_reg/CLK (DFFARX2_RVT)        0.0000     0.0000 r
  library hold time                                                        -0.0119    -0.0119
  data required time                                                                  -0.0119
  ----------------------------------------------------------------------------------------------
  data required time                                                                  -0.0119
  data arrival time                                                                   -0.2199
  ----------------------------------------------------------------------------------------------
  slack (MET)                                                                          0.2318


  Startpoint: u_NV_NVDLA_cmac/u_core/u_mac_6/pp_pvld_d2_reg_0_
              (rising edge-triggered flip-flop clocked by nvdla_core_clk)
  Endpoint: u_NV_NVDLA_cmac/u_core/u_mac_6/mac_out_pvld_reg
            (rising edge-triggered flip-flop clocked by nvdla_core_clk)
  Path Group: nvdla_core_clk
  Path Type: min

  Point                                       Fanout       Cap     Trans      Incr       Path
  ----------------------------------------------------------------------------------------------
  clock nvdla_core_clk (rise edge)                                          0.0000     0.0000
  clock network delay (ideal)                                               0.0000     0.0000
  u_NV_NVDLA_cmac/u_core/u_mac_6/pp_pvld_d2_reg_0_/CLK (DFFARX1_RVT)
                                                                  0.0500    0.0000 #   0.0000 r
  u_NV_NVDLA_cmac/u_core/u_mac_6/pp_pvld_d2_reg_0_/Q (DFFARX1_RVT)
                                                                  0.0674    0.2081     0.2081 f
  u_NV_NVDLA_cmac/u_core/u_mac_6/pp_pvld_d2_0_ (net)
                                                5       5.6763              0.0000     0.2081 f
  u_NV_NVDLA_cmac/u_core/u_mac_6/mac_out_pvld_reg/D (DFFARX1_RVT)
                                                                  0.0674    0.0000 *   0.2081 f
  data arrival time                                                                    0.2081

  clock nvdla_core_clk (rise edge)                                          0.0000     0.0000
  clock network delay (ideal)                                               0.0000     0.0000
  u_NV_NVDLA_cmac/u_core/u_mac_6/mac_out_pvld_reg/CLK (DFFARX1_RVT)         0.0000     0.0000 r
  library hold time                                                        -0.0241    -0.0241
  data required time                                                                  -0.0241
  ----------------------------------------------------------------------------------------------
  data required time                                                                  -0.0241
  data arrival time                                                                   -0.2081
  ----------------------------------------------------------------------------------------------
  slack (MET)                                                                          0.2322


  Startpoint: u_NV_NVDLA_cmac/u_core/u_mac_3/cfg_reg_en_d0_reg
              (rising edge-triggered flip-flop clocked by nvdla_core_clk)
  Endpoint: u_NV_NVDLA_cmac/u_core/u_mac_3/cfg_reg_en_d1_reg
            (rising edge-triggered flip-flop clocked by nvdla_core_clk)
  Path Group: nvdla_core_clk
  Path Type: min

  Point                                       Fanout       Cap     Trans      Incr       Path
  ----------------------------------------------------------------------------------------------
  clock nvdla_core_clk (rise edge)                                          0.0000     0.0000
  clock network delay (ideal)                                               0.0000     0.0000
  u_NV_NVDLA_cmac/u_core/u_mac_3/cfg_reg_en_d0_reg/CLK (SDFFARX2_RVT)
                                                                  0.0500    0.0000 #   0.0000 r
  u_NV_NVDLA_cmac/u_core/u_mac_3/cfg_reg_en_d0_reg/Q (SDFFARX2_RVT)
                                                                  0.0589    0.2212     0.2212 f
  u_NV_NVDLA_cmac/u_core/u_mac_3/cfg_reg_en_d0 (net)
                                                6       8.4807              0.0000     0.2212 f
  u_NV_NVDLA_cmac/u_core/u_mac_3/cfg_reg_en_d1_reg/D (DFFARX2_RVT)
                                                                  0.0589    0.0002 *   0.2214 f
  data arrival time                                                                    0.2214

  clock nvdla_core_clk (rise edge)                                          0.0000     0.0000
  clock network delay (ideal)                                               0.0000     0.0000
  u_NV_NVDLA_cmac/u_core/u_mac_3/cfg_reg_en_d1_reg/CLK (DFFARX2_RVT)        0.0000     0.0000 r
  library hold time                                                        -0.0128    -0.0128
  data required time                                                                  -0.0128
  ----------------------------------------------------------------------------------------------
  data required time                                                                  -0.0128
  data arrival time                                                                   -0.2214
  ----------------------------------------------------------------------------------------------
  slack (MET)                                                                          0.2342


  Startpoint: u_NV_NVDLA_cmac/u_core/u_mac_5/cfg_reg_en_d0_reg
              (rising edge-triggered flip-flop clocked by nvdla_core_clk)
  Endpoint: u_NV_NVDLA_cmac/u_core/u_mac_5/cfg_reg_en_d1_reg
            (rising edge-triggered flip-flop clocked by nvdla_core_clk)
  Path Group: nvdla_core_clk
  Path Type: min

  Point                                       Fanout       Cap     Trans      Incr       Path
  ----------------------------------------------------------------------------------------------
  clock nvdla_core_clk (rise edge)                                          0.0000     0.0000
  clock network delay (ideal)                                               0.0000     0.0000
  u_NV_NVDLA_cmac/u_core/u_mac_5/cfg_reg_en_d0_reg/CLK (SDFFARX1_RVT)
                                                                  0.0500    0.0000 #   0.0000 r
  u_NV_NVDLA_cmac/u_core/u_mac_5/cfg_reg_en_d0_reg/Q (SDFFARX1_RVT)
                                                                  0.0768    0.2157     0.2157 f
  u_NV_NVDLA_cmac/u_core/u_mac_5/cfg_reg_en_d0 (net)
                                                6       6.8214              0.0000     0.2157 f
  u_NV_NVDLA_cmac/u_core/u_mac_5/cfg_reg_en_d1_reg/D (DFFARX2_RVT)
                                                                  0.0768    0.0000 *   0.2158 f
  data arrival time                                                                    0.2158

  clock nvdla_core_clk (rise edge)                                          0.0000     0.0000
  clock network delay (ideal)                                               0.0000     0.0000
  u_NV_NVDLA_cmac/u_core/u_mac_5/cfg_reg_en_d1_reg/CLK (DFFARX2_RVT)        0.0000     0.0000 r
  library hold time                                                        -0.0194    -0.0194
  data required time                                                                  -0.0194
  ----------------------------------------------------------------------------------------------
  data required time                                                                  -0.0194
  data arrival time                                                                   -0.2158
  ----------------------------------------------------------------------------------------------
  slack (MET)                                                                          0.2351


  Startpoint: u_NV_NVDLA_cmac/u_core/u_mac_4/cfg_reg_en_d0_reg
              (rising edge-triggered flip-flop clocked by nvdla_core_clk)
  Endpoint: u_NV_NVDLA_cmac/u_core/u_mac_4/cfg_reg_en_d1_reg
            (rising edge-triggered flip-flop clocked by nvdla_core_clk)
  Path Group: nvdla_core_clk
  Path Type: min

  Point                                       Fanout       Cap     Trans      Incr       Path
  ----------------------------------------------------------------------------------------------
  clock nvdla_core_clk (rise edge)                                          0.0000     0.0000
  clock network delay (ideal)                                               0.0000     0.0000
  u_NV_NVDLA_cmac/u_core/u_mac_4/cfg_reg_en_d0_reg/CLK (SDFFARX2_RVT)
                                                                  0.0500    0.0000 #   0.0000 r
  u_NV_NVDLA_cmac/u_core/u_mac_4/cfg_reg_en_d0_reg/Q (SDFFARX2_RVT)
                                                                  0.0635    0.2249     0.2249 f
  u_NV_NVDLA_cmac/u_core/u_mac_4/cfg_reg_en_d0 (net)
                                                6       9.6581              0.0000     0.2249 f
  u_NV_NVDLA_cmac/u_core/u_mac_4/cfg_reg_en_d1_reg/D (DFFARX2_RVT)
                                                                  0.0635    0.0000 *   0.2249 f
  data arrival time                                                                    0.2249

  clock nvdla_core_clk (rise edge)                                          0.0000     0.0000
  clock network delay (ideal)                                               0.0000     0.0000
  u_NV_NVDLA_cmac/u_core/u_mac_4/cfg_reg_en_d1_reg/CLK (DFFARX2_RVT)        0.0000     0.0000 r
  library hold time                                                        -0.0147    -0.0147
  data required time                                                                  -0.0147
  ----------------------------------------------------------------------------------------------
  data required time                                                                  -0.0147
  data arrival time                                                                   -0.2249
  ----------------------------------------------------------------------------------------------
  slack (MET)                                                                          0.2396


  Startpoint: u_NV_NVDLA_cmac/u_core/u_mac_7/pp_pvld_d1_reg_0_
              (rising edge-triggered flip-flop clocked by nvdla_core_clk)
  Endpoint: u_NV_NVDLA_cmac/u_core/u_mac_7/pp_pvld_d2_reg_0_
            (rising edge-triggered flip-flop clocked by nvdla_core_clk)
  Path Group: nvdla_core_clk
  Path Type: min

  Point                                       Fanout       Cap     Trans      Incr       Path
  ----------------------------------------------------------------------------------------------
  clock nvdla_core_clk (rise edge)                                          0.0000     0.0000
  clock network delay (ideal)                                               0.0000     0.0000
  u_NV_NVDLA_cmac/u_core/u_mac_7/pp_pvld_d1_reg_0_/CLK (SDFFARX1_RVT)
                                                                  0.0500    0.0000 #   0.0000 r
  u_NV_NVDLA_cmac/u_core/u_mac_7/pp_pvld_d1_reg_0_/Q (SDFFARX1_RVT)
                                                                  0.0603    0.2097     0.2097 r
  u_NV_NVDLA_cmac/u_core/u_mac_7/pp_pvld_d1_0_ (net)
                                                2       4.5095              0.0000     0.2097 r
  u_NV_NVDLA_cmac/u_core/u_mac_7/pp_pvld_d2_reg_0_/D (DFFARX1_RVT)
                                                                  0.0603    0.0002 *   0.2099 r
  data arrival time                                                                    0.2099

  clock nvdla_core_clk (rise edge)                                          0.0000     0.0000
  clock network delay (ideal)                                               0.0000     0.0000
  u_NV_NVDLA_cmac/u_core/u_mac_7/pp_pvld_d2_reg_0_/CLK (DFFARX1_RVT)        0.0000     0.0000 r
  library hold time                                                        -0.0316    -0.0316
  data required time                                                                  -0.0316
  ----------------------------------------------------------------------------------------------
  data required time                                                                  -0.0316
  data arrival time                                                                   -0.2099
  ----------------------------------------------------------------------------------------------
  slack (MET)                                                                          0.2416


  Startpoint: u_NV_NVDLA_cmac/u_core/u_mac_6/cfg_reg_en_d0_reg
              (rising edge-triggered flip-flop clocked by nvdla_core_clk)
  Endpoint: u_NV_NVDLA_cmac/u_core/u_mac_6/cfg_reg_en_d1_reg
            (rising edge-triggered flip-flop clocked by nvdla_core_clk)
  Path Group: nvdla_core_clk
  Path Type: min

  Point                                       Fanout       Cap     Trans      Incr       Path
  ----------------------------------------------------------------------------------------------
  clock nvdla_core_clk (rise edge)                                          0.0000     0.0000
  clock network delay (ideal)                                               0.0000     0.0000
  u_NV_NVDLA_cmac/u_core/u_mac_6/cfg_reg_en_d0_reg/CLK (SDFFARX1_RVT)
                                                                  0.0500    0.0000 #   0.0000 r
  u_NV_NVDLA_cmac/u_core/u_mac_6/cfg_reg_en_d0_reg/Q (SDFFARX1_RVT)
                                                                  0.0691    0.2165     0.2165 r
  u_NV_NVDLA_cmac/u_core/u_mac_6/cfg_reg_en_d0 (net)
                                                6       5.6801              0.0000     0.2165 r
  u_NV_NVDLA_cmac/u_core/u_mac_6/cfg_reg_en_d1_reg/D (DFFARX2_RVT)
                                                                  0.0691    0.0000 *   0.2165 r
  data arrival time                                                                    0.2165

  clock nvdla_core_clk (rise edge)                                          0.0000     0.0000
  clock network delay (ideal)                                               0.0000     0.0000
  u_NV_NVDLA_cmac/u_core/u_mac_6/cfg_reg_en_d1_reg/CLK (DFFARX2_RVT)        0.0000     0.0000 r
  library hold time                                                        -0.0294    -0.0294
  data required time                                                                  -0.0294
  ----------------------------------------------------------------------------------------------
  data required time                                                                  -0.0294
  data arrival time                                                                   -0.2165
  ----------------------------------------------------------------------------------------------
  slack (MET)                                                                          0.2459


  Startpoint: u_NV_NVDLA_cmac/u_core/u_mac_1/cfg_reg_en_d0_reg
              (rising edge-triggered flip-flop clocked by nvdla_core_clk)
  Endpoint: u_NV_NVDLA_cmac/u_core/u_mac_1/cfg_reg_en_d1_reg
            (rising edge-triggered flip-flop clocked by nvdla_core_clk)
  Path Group: nvdla_core_clk
  Path Type: min

  Point                                       Fanout       Cap     Trans      Incr       Path
  ----------------------------------------------------------------------------------------------
  clock nvdla_core_clk (rise edge)                                          0.0000     0.0000
  clock network delay (ideal)                                               0.0000     0.0000
  u_NV_NVDLA_cmac/u_core/u_mac_1/cfg_reg_en_d0_reg/CLK (SDFFARX2_RVT)
                                                                  0.0500    0.0000 #   0.0000 r
  u_NV_NVDLA_cmac/u_core/u_mac_1/cfg_reg_en_d0_reg/Q (SDFFARX2_RVT)
                                                                  0.0688    0.2292     0.2292 f
  u_NV_NVDLA_cmac/u_core/u_mac_1/cfg_reg_en_d0 (net)
                                                6      11.0331              0.0000     0.2292 f
  u_NV_NVDLA_cmac/u_core/u_mac_1/cfg_reg_en_d1_reg/D (DFFARX2_RVT)
                                                                  0.0688    0.0009 *   0.2301 f
  data arrival time                                                                    0.2301

  clock nvdla_core_clk (rise edge)                                          0.0000     0.0000
  clock network delay (ideal)                                               0.0000     0.0000
  u_NV_NVDLA_cmac/u_core/u_mac_1/cfg_reg_en_d1_reg/CLK (DFFARX2_RVT)        0.0000     0.0000 r
  library hold time                                                        -0.0166    -0.0166
  data required time                                                                  -0.0166
  ----------------------------------------------------------------------------------------------
  data required time                                                                  -0.0166
  data arrival time                                                                   -0.2301
  ----------------------------------------------------------------------------------------------
  slack (MET)                                                                          0.2467


  Startpoint: u_NV_NVDLA_cmac/u_core/u_rt_out/out_rt_done_d1_reg
              (rising edge-triggered flip-flop clocked by nvdla_core_clk)
  Endpoint: u_NV_NVDLA_cmac/u_core/u_rt_out/out_rt_done_d2_reg
            (rising edge-triggered flip-flop clocked by nvdla_core_clk)
  Path Group: nvdla_core_clk
  Path Type: min

  Point                                       Fanout       Cap     Trans      Incr       Path
  ----------------------------------------------------------------------------------------------
  clock nvdla_core_clk (rise edge)                                          0.0000     0.0000
  clock network delay (ideal)                                               0.0000     0.0000
  u_NV_NVDLA_cmac/u_core/u_rt_out/out_rt_done_d1_reg/CLK (SDFFARX1_RVT)
                                                                  0.0500    0.0000     0.0000 r
  u_NV_NVDLA_cmac/u_core/u_rt_out/out_rt_done_d1_reg/Q (SDFFARX1_RVT)
                                                                  0.0665    0.2145     0.2145 r
  u_NV_NVDLA_cmac/u_core/u_rt_out/out_rt_done_d1 (net)
                                                1       5.3317              0.0000     0.2145 r
  u_NV_NVDLA_cmac/u_core/u_rt_out/out_rt_done_d2_reg/D (DFFARX1_RVT)
                                                                  0.0665    0.0003 *   0.2148 r
  data arrival time                                                                    0.2148

  clock nvdla_core_clk (rise edge)                                          0.0000     0.0000
  clock network delay (ideal)                                               0.0000     0.0000
  u_NV_NVDLA_cmac/u_core/u_rt_out/out_rt_done_d2_reg/CLK (DFFARX1_RVT)      0.0000     0.0000 r
  library hold time                                                        -0.0332    -0.0332
  data required time                                                                  -0.0332
  ----------------------------------------------------------------------------------------------
  data required time                                                                  -0.0332
  data arrival time                                                                   -0.2148
  ----------------------------------------------------------------------------------------------
  slack (MET)                                                                          0.2480


  Startpoint: u_NV_NVDLA_cmac/u_core/u_mac_6/pp_pvld_d2_reg_0_
              (rising edge-triggered flip-flop clocked by nvdla_core_clk)
  Endpoint: u_NV_NVDLA_cmac/u_core/u_mac_6/mac_out_pvld_reg
            (rising edge-triggered flip-flop clocked by nvdla_core_clk)
  Path Group: nvdla_core_clk
  Path Type: min

  Point                                       Fanout       Cap     Trans      Incr       Path
  ----------------------------------------------------------------------------------------------
  clock nvdla_core_clk (rise edge)                                          0.0000     0.0000
  clock network delay (ideal)                                               0.0000     0.0000
  u_NV_NVDLA_cmac/u_core/u_mac_6/pp_pvld_d2_reg_0_/CLK (DFFARX1_RVT)
                                                                  0.0500    0.0000 #   0.0000 r
  u_NV_NVDLA_cmac/u_core/u_mac_6/pp_pvld_d2_reg_0_/Q (DFFARX1_RVT)
                                                                  0.0691    0.2154     0.2154 r
  u_NV_NVDLA_cmac/u_core/u_mac_6/pp_pvld_d2_0_ (net)
                                                5       5.7238              0.0000     0.2154 r
  u_NV_NVDLA_cmac/u_core/u_mac_6/mac_out_pvld_reg/D (DFFARX1_RVT)
                                                                  0.0691    0.0000 *   0.2154 r
  data arrival time                                                                    0.2154

  clock nvdla_core_clk (rise edge)                                          0.0000     0.0000
  clock network delay (ideal)                                               0.0000     0.0000
  u_NV_NVDLA_cmac/u_core/u_mac_6/mac_out_pvld_reg/CLK (DFFARX1_RVT)         0.0000     0.0000 r
  library hold time                                                        -0.0336    -0.0336
  data required time                                                                  -0.0336
  ----------------------------------------------------------------------------------------------
  data required time                                                                  -0.0336
  data arrival time                                                                   -0.2154
  ----------------------------------------------------------------------------------------------
  slack (MET)                                                                          0.2490


  Startpoint: u_NV_NVDLA_cmac/u_core/u_mac_2/pp_out_l0n05_1_d1_reg_33_
              (rising edge-triggered flip-flop clocked by nvdla_core_clk)
  Endpoint: u_NV_NVDLA_cmac/u_core/u_mac_2/pp_out_l0n05_1_d1_reg_33_
            (rising edge-triggered flip-flop clocked by nvdla_core_clk)
  Path Group: nvdla_core_clk
  Path Type: min

  Point                                       Fanout       Cap     Trans      Incr       Path
  ----------------------------------------------------------------------------------------------
  clock nvdla_core_clk (rise edge)                                          0.0000     0.0000
  clock network delay (ideal)                                               0.0000     0.0000
  u_NV_NVDLA_cmac/u_core/u_mac_2/pp_out_l0n05_1_d1_reg_33_/CLK (SDFFX2_RVT)
                                                                  0.0500    0.0000 #   0.0000 r
  u_NV_NVDLA_cmac/u_core/u_mac_2/pp_out_l0n05_1_d1_reg_33_/QN (SDFFX2_RVT)
                                                                  0.0400    0.1202     0.1202 f
  u_NV_NVDLA_cmac/u_core/u_mac_2/n30308 (net)
                                                1       0.6822              0.0000     0.1202 f
  u_NV_NVDLA_cmac/u_core/u_mac_2/U17357/A3 (AOI22X1_RVT)          0.0400    0.0000 *   0.1202 f
  u_NV_NVDLA_cmac/u_core/u_mac_2/U17357/Y (AOI22X1_RVT)           0.0188    0.0752     0.1954 r
  u_NV_NVDLA_cmac/u_core/u_mac_2/n30806 (net)
                                                1       0.3938              0.0000     0.1954 r
  u_NV_NVDLA_cmac/u_core/u_mac_2/pp_out_l0n05_1_d1_reg_33_/D (SDFFX2_RVT)
                                                                  0.0188    0.0000 *   0.1954 r
  data arrival time                                                                    0.1954

  clock nvdla_core_clk (rise edge)                                          0.0000     0.0000
  clock network delay (ideal)                                               0.0000     0.0000
  u_NV_NVDLA_cmac/u_core/u_mac_2/pp_out_l0n05_1_d1_reg_33_/CLK (SDFFX2_RVT)
                                                                            0.0000     0.0000 r
  library hold time                                                        -0.0544    -0.0544
  data required time                                                                  -0.0544
  ----------------------------------------------------------------------------------------------
  data required time                                                                  -0.0544
  data arrival time                                                                   -0.1954
  ----------------------------------------------------------------------------------------------
  slack (MET)                                                                          0.2498


  Startpoint: u_NV_NVDLA_cmac/u_core/u_mac_0/pp_out_l0n13_1_d1_reg_33_
              (rising edge-triggered flip-flop clocked by nvdla_core_clk)
  Endpoint: u_NV_NVDLA_cmac/u_core/u_mac_0/pp_out_l0n13_1_d1_reg_33_
            (rising edge-triggered flip-flop clocked by nvdla_core_clk)
  Path Group: nvdla_core_clk
  Path Type: min

  Point                                       Fanout       Cap     Trans      Incr       Path
  ----------------------------------------------------------------------------------------------
  clock nvdla_core_clk (rise edge)                                          0.0000     0.0000
  clock network delay (ideal)                                               0.0000     0.0000
  u_NV_NVDLA_cmac/u_core/u_mac_0/pp_out_l0n13_1_d1_reg_33_/CLK (SDFFX2_RVT)
                                                                  0.0500    0.0000 #   0.0000 r
  u_NV_NVDLA_cmac/u_core/u_mac_0/pp_out_l0n13_1_d1_reg_33_/QN (SDFFX2_RVT)
                                                                  0.0407    0.1213     0.1213 f
  u_NV_NVDLA_cmac/u_core/u_mac_0/n30454 (net)
                                                1       0.8130              0.0000     0.1213 f
  u_NV_NVDLA_cmac/u_core/u_mac_0/U22060/A3 (AOI22X1_RVT)          0.0407    0.0000 *   0.1213 f
  u_NV_NVDLA_cmac/u_core/u_mac_0/U22060/Y (AOI22X1_RVT)           0.0194    0.0761     0.1974 r
  u_NV_NVDLA_cmac/u_core/u_mac_0/n2789 (net)
                                                1       0.4742              0.0000     0.1974 r
  u_NV_NVDLA_cmac/u_core/u_mac_0/pp_out_l0n13_1_d1_reg_33_/D (SDFFX2_RVT)
                                                                  0.0194    0.0000 *   0.1974 r
  data arrival time                                                                    0.1974

  clock nvdla_core_clk (rise edge)                                          0.0000     0.0000
  clock network delay (ideal)                                               0.0000     0.0000
  u_NV_NVDLA_cmac/u_core/u_mac_0/pp_out_l0n13_1_d1_reg_33_/CLK (SDFFX2_RVT)
                                                                            0.0000     0.0000 r
  library hold time                                                        -0.0546    -0.0546
  data required time                                                                  -0.0546
  ----------------------------------------------------------------------------------------------
  data required time                                                                  -0.0546
  data arrival time                                                                   -0.1974
  ----------------------------------------------------------------------------------------------
  slack (MET)                                                                          0.2520


  Startpoint: u_NV_NVDLA_cmac/u_core/u_mac_1/pp_out_l0n01_1_d1_reg_33_
              (rising edge-triggered flip-flop clocked by nvdla_core_clk)
  Endpoint: u_NV_NVDLA_cmac/u_core/u_mac_1/pp_out_l0n01_1_d1_reg_33_
            (rising edge-triggered flip-flop clocked by nvdla_core_clk)
  Path Group: nvdla_core_clk
  Path Type: min

  Point                                       Fanout       Cap     Trans      Incr       Path
  ----------------------------------------------------------------------------------------------
  clock nvdla_core_clk (rise edge)                                          0.0000     0.0000
  clock network delay (ideal)                                               0.0000     0.0000
  u_NV_NVDLA_cmac/u_core/u_mac_1/pp_out_l0n01_1_d1_reg_33_/CLK (SDFFX2_RVT)
                                                                  0.0500    0.0000 #   0.0000 r
  u_NV_NVDLA_cmac/u_core/u_mac_1/pp_out_l0n01_1_d1_reg_33_/QN (SDFFX2_RVT)
                                                                  0.0401    0.1204     0.1204 f
  u_NV_NVDLA_cmac/u_core/u_mac_1/n30387 (net)
                                                1       0.7117              0.0000     0.1204 f
  u_NV_NVDLA_cmac/u_core/u_mac_1/U15066/A3 (AOI22X1_RVT)          0.0401    0.0000 *   0.1205 f
  u_NV_NVDLA_cmac/u_core/u_mac_1/U15066/Y (AOI22X1_RVT)           0.0204    0.0769     0.1973 r
  u_NV_NVDLA_cmac/u_core/u_mac_1/n3653 (net)
                                                1       0.6042              0.0000     0.1973 r
  u_NV_NVDLA_cmac/u_core/u_mac_1/pp_out_l0n01_1_d1_reg_33_/D (SDFFX2_RVT)
                                                                  0.0204    0.0000 *   0.1973 r
  data arrival time                                                                    0.1973

  clock nvdla_core_clk (rise edge)                                          0.0000     0.0000
  clock network delay (ideal)                                               0.0000     0.0000
  u_NV_NVDLA_cmac/u_core/u_mac_1/pp_out_l0n01_1_d1_reg_33_/CLK (SDFFX2_RVT)
                                                                            0.0000     0.0000 r
  library hold time                                                        -0.0549    -0.0549
  data required time                                                                  -0.0549
  ----------------------------------------------------------------------------------------------
  data required time                                                                  -0.0549
  data arrival time                                                                   -0.1973
  ----------------------------------------------------------------------------------------------
  slack (MET)                                                                          0.2522


  Startpoint: u_NV_NVDLA_cmac/u_core/u_rt_in/in_rt_wt_sel_d1_reg_3_
              (rising edge-triggered flip-flop clocked by nvdla_core_clk)
  Endpoint: u_NV_NVDLA_cmac/u_core/u_active/wt_pre_sel_reg_3_
            (rising edge-triggered flip-flop clocked by nvdla_core_clk)
  Path Group: nvdla_core_clk
  Path Type: min

  Point                                       Fanout       Cap     Trans      Incr       Path
  ----------------------------------------------------------------------------------------------
  clock nvdla_core_clk (rise edge)                                          0.0000     0.0000
  clock network delay (ideal)                                               0.0000     0.0000
  u_NV_NVDLA_cmac/u_core/u_rt_in/in_rt_wt_sel_d1_reg_3_/CLK (SDFFARX1_RVT)
                                                                  0.0500    0.0000 #   0.0000 r
  u_NV_NVDLA_cmac/u_core/u_rt_in/in_rt_wt_sel_d1_reg_3_/Q (SDFFARX1_RVT)
                                                                  0.0512    0.1967     0.1967 f
  u_NV_NVDLA_cmac/u_core/u_rt_in/in_wt_sel[3] (net)
                                                2       3.6702              0.0000     0.1967 f
  u_NV_NVDLA_cmac/u_core/u_rt_in/in_wt_sel[3] (NV_NVDLA_CMAC_CORE_rt_in)    0.0000     0.1967 f
  u_NV_NVDLA_cmac/u_core/in_wt_sel[3] (net)             3.6702              0.0000     0.1967 f
  u_NV_NVDLA_cmac/u_core/u_active/in_wt_sel[3] (NV_NVDLA_CMAC_CORE_active)
                                                                            0.0000     0.1967 f
  u_NV_NVDLA_cmac/u_core/u_active/in_wt_sel[3] (net)    3.6702              0.0000     0.1967 f
  u_NV_NVDLA_cmac/u_core/u_active/wt_pre_sel_reg_3_/D (SDFFARX2_RVT)
                                                                  0.0512    0.0001 *   0.1968 f
  data arrival time                                                                    0.1968

  clock nvdla_core_clk (rise edge)                                          0.0000     0.0000
  clock network delay (ideal)                                               0.0000     0.0000
  u_NV_NVDLA_cmac/u_core/u_active/wt_pre_sel_reg_3_/CLK (SDFFARX2_RVT)      0.0000     0.0000 r
  library hold time                                                        -0.0556    -0.0556
  data required time                                                                  -0.0556
  ----------------------------------------------------------------------------------------------
  data required time                                                                  -0.0556
  data arrival time                                                                   -0.1968
  ----------------------------------------------------------------------------------------------
  slack (MET)                                                                          0.2524


  Startpoint: u_NV_NVDLA_cmac/u_core/u_mac_7/pp_out_l0n01_1_d1_reg_33_
              (rising edge-triggered flip-flop clocked by nvdla_core_clk)
  Endpoint: u_NV_NVDLA_cmac/u_core/u_mac_7/pp_out_l0n01_1_d1_reg_33_
            (rising edge-triggered flip-flop clocked by nvdla_core_clk)
  Path Group: nvdla_core_clk
  Path Type: min

  Point                                       Fanout       Cap     Trans      Incr       Path
  ----------------------------------------------------------------------------------------------
  clock nvdla_core_clk (rise edge)                                          0.0000     0.0000
  clock network delay (ideal)                                               0.0000     0.0000
  u_NV_NVDLA_cmac/u_core/u_mac_7/pp_out_l0n01_1_d1_reg_33_/CLK (SDFFX2_RVT)
                                                                  0.0500    0.0000 #   0.0000 r
  u_NV_NVDLA_cmac/u_core/u_mac_7/pp_out_l0n01_1_d1_reg_33_/QN (SDFFX2_RVT)
                                                                  0.0391    0.1190     0.1190 f
  u_NV_NVDLA_cmac/u_core/u_mac_7/n30387 (net)
                                                1       0.5350              0.0000     0.1190 f
  u_NV_NVDLA_cmac/u_core/u_mac_7/U15066/A3 (AOI22X1_RVT)          0.0391    0.0000 *   0.1190 f
  u_NV_NVDLA_cmac/u_core/u_mac_7/U15066/Y (AOI22X1_RVT)           0.0219    0.0780     0.1970 r
  u_NV_NVDLA_cmac/u_core/u_mac_7/n30623 (net)
                                                1       0.8175              0.0000     0.1970 r
  u_NV_NVDLA_cmac/u_core/u_mac_7/pp_out_l0n01_1_d1_reg_33_/D (SDFFX2_RVT)
                                                                  0.0219    0.0000 *   0.1970 r
  data arrival time                                                                    0.1970

  clock nvdla_core_clk (rise edge)                                          0.0000     0.0000
  clock network delay (ideal)                                               0.0000     0.0000
  u_NV_NVDLA_cmac/u_core/u_mac_7/pp_out_l0n01_1_d1_reg_33_/CLK (SDFFX2_RVT)
                                                                            0.0000     0.0000 r
  library hold time                                                        -0.0554    -0.0554
  data required time                                                                  -0.0554
  ----------------------------------------------------------------------------------------------
  data required time                                                                  -0.0554
  data arrival time                                                                   -0.1970
  ----------------------------------------------------------------------------------------------
  slack (MET)                                                                          0.2525


  Startpoint: u_NV_NVDLA_cmac/u_core/u_mac_2/pp_out_l0n03_1_d1_reg_32_
              (rising edge-triggered flip-flop clocked by nvdla_core_clk)
  Endpoint: u_NV_NVDLA_cmac/u_core/u_mac_2/pp_out_l0n03_1_d1_reg_32_
            (rising edge-triggered flip-flop clocked by nvdla_core_clk)
  Path Group: nvdla_core_clk
  Path Type: min

  Point                                       Fanout       Cap     Trans      Incr       Path
  ----------------------------------------------------------------------------------------------
  clock nvdla_core_clk (rise edge)                                          0.0000     0.0000
  clock network delay (ideal)                                               0.0000     0.0000
  u_NV_NVDLA_cmac/u_core/u_mac_2/pp_out_l0n03_1_d1_reg_32_/CLK (SDFFX2_RVT)
                                                                  0.0500    0.0000 #   0.0000 r
  u_NV_NVDLA_cmac/u_core/u_mac_2/pp_out_l0n03_1_d1_reg_32_/QN (SDFFX2_RVT)
                                                                  0.0401    0.1203     0.1203 f
  u_NV_NVDLA_cmac/u_core/u_mac_2/n30295 (net)
                                                1       0.6962              0.0000     0.1203 f
  u_NV_NVDLA_cmac/u_core/u_mac_2/U16220/A4 (AOI22X1_RVT)          0.0401    0.0000 *   0.1203 f
  u_NV_NVDLA_cmac/u_core/u_mac_2/U16220/Y (AOI22X1_RVT)           0.0188    0.0780     0.1983 r
  u_NV_NVDLA_cmac/u_core/u_mac_2/n30663 (net)
                                                1       0.3836              0.0000     0.1983 r
  u_NV_NVDLA_cmac/u_core/u_mac_2/pp_out_l0n03_1_d1_reg_32_/D (SDFFX2_RVT)
                                                                  0.0188    0.0000 *   0.1983 r
  data arrival time                                                                    0.1983

  clock nvdla_core_clk (rise edge)                                          0.0000     0.0000
  clock network delay (ideal)                                               0.0000     0.0000
  u_NV_NVDLA_cmac/u_core/u_mac_2/pp_out_l0n03_1_d1_reg_32_/CLK (SDFFX2_RVT)
                                                                            0.0000     0.0000 r
  library hold time                                                        -0.0544    -0.0544
  data required time                                                                  -0.0544
  ----------------------------------------------------------------------------------------------
  data required time                                                                  -0.0544
  data arrival time                                                                   -0.1983
  ----------------------------------------------------------------------------------------------
  slack (MET)                                                                          0.2527


  Startpoint: u_NV_NVDLA_cmac/u_core/u_mac_3/pp_out_l0n01_1_d1_reg_33_
              (rising edge-triggered flip-flop clocked by nvdla_core_clk)
  Endpoint: u_NV_NVDLA_cmac/u_core/u_mac_3/pp_out_l0n01_1_d1_reg_33_
            (rising edge-triggered flip-flop clocked by nvdla_core_clk)
  Path Group: nvdla_core_clk
  Path Type: min

  Point                                       Fanout       Cap     Trans      Incr       Path
  ----------------------------------------------------------------------------------------------
  clock nvdla_core_clk (rise edge)                                          0.0000     0.0000
  clock network delay (ideal)                                               0.0000     0.0000
  u_NV_NVDLA_cmac/u_core/u_mac_3/pp_out_l0n01_1_d1_reg_33_/CLK (SDFFX2_RVT)
                                                                  0.0500    0.0000 #   0.0000 r
  u_NV_NVDLA_cmac/u_core/u_mac_3/pp_out_l0n01_1_d1_reg_33_/QN (SDFFX2_RVT)
                                                                  0.0395    0.1195     0.1195 f
  u_NV_NVDLA_cmac/u_core/u_mac_3/n30387 (net)
                                                1       0.5976              0.0000     0.1195 f
  u_NV_NVDLA_cmac/u_core/u_mac_3/U15066/A3 (AOI22X1_RVT)          0.0395    0.0000 *   0.1195 f
  u_NV_NVDLA_cmac/u_core/u_mac_3/U15066/Y (AOI22X1_RVT)           0.0217    0.0779     0.1975 r
  u_NV_NVDLA_cmac/u_core/u_mac_3/n30623 (net)
                                                1       0.7900              0.0000     0.1975 r
  u_NV_NVDLA_cmac/u_core/u_mac_3/pp_out_l0n01_1_d1_reg_33_/D (SDFFX2_RVT)
                                                                  0.0217    0.0000 *   0.1975 r
  data arrival time                                                                    0.1975

  clock nvdla_core_clk (rise edge)                                          0.0000     0.0000
  clock network delay (ideal)                                               0.0000     0.0000
  u_NV_NVDLA_cmac/u_core/u_mac_3/pp_out_l0n01_1_d1_reg_33_/CLK (SDFFX2_RVT)
                                                                            0.0000     0.0000 r
  library hold time                                                        -0.0554    -0.0554
  data required time                                                                  -0.0554
  ----------------------------------------------------------------------------------------------
  data required time                                                                  -0.0554
  data arrival time                                                                   -0.1975
  ----------------------------------------------------------------------------------------------
  slack (MET)                                                                          0.2529


  Startpoint: u_NV_NVDLA_cmac/u_core/u_mac_5/pp_out_l0n06_1_d1_reg_8_
              (rising edge-triggered flip-flop clocked by nvdla_core_clk)
  Endpoint: u_NV_NVDLA_cmac/u_core/u_mac_5/pp_out_l0n06_1_d1_reg_8_
            (rising edge-triggered flip-flop clocked by nvdla_core_clk)
  Path Group: nvdla_core_clk
  Path Type: min

  Point                                       Fanout       Cap     Trans      Incr       Path
  ----------------------------------------------------------------------------------------------
  clock nvdla_core_clk (rise edge)                                          0.0000     0.0000
  clock network delay (ideal)                                               0.0000     0.0000
  u_NV_NVDLA_cmac/u_core/u_mac_5/pp_out_l0n06_1_d1_reg_8_/CLK (SDFFX2_RVT)
                                                                  0.0500    0.0000 #   0.0000 r
  u_NV_NVDLA_cmac/u_core/u_mac_5/pp_out_l0n06_1_d1_reg_8_/QN (SDFFX2_RVT)
                                                                  0.0403    0.1206     0.1206 f
  u_NV_NVDLA_cmac/u_core/u_mac_5/n30427 (net)
                                                1       0.7332              0.0000     0.1206 f
  u_NV_NVDLA_cmac/u_core/u_mac_5/U18060/A4 (AOI22X1_RVT)          0.0403    0.0000 *   0.1206 f
  u_NV_NVDLA_cmac/u_core/u_mac_5/U18060/Y (AOI22X1_RVT)           0.0190    0.0782     0.1988 r
  u_NV_NVDLA_cmac/u_core/u_mac_5/n31009 (net)
                                                1       0.4042              0.0000     0.1988 r
  u_NV_NVDLA_cmac/u_core/u_mac_5/pp_out_l0n06_1_d1_reg_8_/D (SDFFX2_RVT)
                                                                  0.0190    0.0000 *   0.1988 r
  data arrival time                                                                    0.1988

  clock nvdla_core_clk (rise edge)                                          0.0000     0.0000
  clock network delay (ideal)                                               0.0000     0.0000
  u_NV_NVDLA_cmac/u_core/u_mac_5/pp_out_l0n06_1_d1_reg_8_/CLK (SDFFX2_RVT)
                                                                            0.0000     0.0000 r
  library hold time                                                        -0.0544    -0.0544
  data required time                                                                  -0.0544
  ----------------------------------------------------------------------------------------------
  data required time                                                                  -0.0544
  data arrival time                                                                   -0.1988
  ----------------------------------------------------------------------------------------------
  slack (MET)                                                                          0.2533


  Startpoint: u_NV_NVDLA_cmac/u_core/u_mac_1/pp_out_l0n06_1_d1_reg_14_
              (rising edge-triggered flip-flop clocked by nvdla_core_clk)
  Endpoint: u_NV_NVDLA_cmac/u_core/u_mac_1/pp_out_l0n06_1_d1_reg_14_
            (rising edge-triggered flip-flop clocked by nvdla_core_clk)
  Path Group: nvdla_core_clk
  Path Type: min

  Point                                       Fanout       Cap     Trans      Incr       Path
  ----------------------------------------------------------------------------------------------
  clock nvdla_core_clk (rise edge)                                          0.0000     0.0000
  clock network delay (ideal)                                               0.0000     0.0000
  u_NV_NVDLA_cmac/u_core/u_mac_1/pp_out_l0n06_1_d1_reg_14_/CLK (SDFFX2_RVT)
                                                                  0.0500    0.0000 #   0.0000 r
  u_NV_NVDLA_cmac/u_core/u_mac_1/pp_out_l0n06_1_d1_reg_14_/QN (SDFFX2_RVT)
                                                                  0.0403    0.1207     0.1207 f
  u_NV_NVDLA_cmac/u_core/u_mac_1/n30425 (net)
                                                1       0.7485              0.0000     0.1207 f
  u_NV_NVDLA_cmac/u_core/u_mac_1/U18048/A4 (AOI22X1_RVT)          0.0403    0.0000 *   0.1208 f
  u_NV_NVDLA_cmac/u_core/u_mac_1/U18048/Y (AOI22X1_RVT)           0.0190    0.0783     0.1990 r
  u_NV_NVDLA_cmac/u_core/u_mac_1/n3274 (net)
                                                1       0.4094              0.0000     0.1990 r
  u_NV_NVDLA_cmac/u_core/u_mac_1/pp_out_l0n06_1_d1_reg_14_/D (SDFFX2_RVT)
                                                                  0.0190    0.0000 *   0.1990 r
  data arrival time                                                                    0.1990

  clock nvdla_core_clk (rise edge)                                          0.0000     0.0000
  clock network delay (ideal)                                               0.0000     0.0000
  u_NV_NVDLA_cmac/u_core/u_mac_1/pp_out_l0n06_1_d1_reg_14_/CLK (SDFFX2_RVT)
                                                                            0.0000     0.0000 r
  library hold time                                                        -0.0545    -0.0545
  data required time                                                                  -0.0545
  ----------------------------------------------------------------------------------------------
  data required time                                                                  -0.0545
  data arrival time                                                                   -0.1990
  ----------------------------------------------------------------------------------------------
  slack (MET)                                                                          0.2535


  Startpoint: u_NV_NVDLA_cmac/u_core/u_mac_5/pp_out_l0n13_1_d1_reg_33_
              (rising edge-triggered flip-flop clocked by nvdla_core_clk)
  Endpoint: u_NV_NVDLA_cmac/u_core/u_mac_5/pp_out_l0n13_1_d1_reg_33_
            (rising edge-triggered flip-flop clocked by nvdla_core_clk)
  Path Group: nvdla_core_clk
  Path Type: min

  Point                                       Fanout       Cap     Trans      Incr       Path
  ----------------------------------------------------------------------------------------------
  clock nvdla_core_clk (rise edge)                                          0.0000     0.0000
  clock network delay (ideal)                                               0.0000     0.0000
  u_NV_NVDLA_cmac/u_core/u_mac_5/pp_out_l0n13_1_d1_reg_33_/CLK (SDFFX2_RVT)
                                                                  0.0500    0.0000 #   0.0000 r
  u_NV_NVDLA_cmac/u_core/u_mac_5/pp_out_l0n13_1_d1_reg_33_/QN (SDFFX2_RVT)
                                                                  0.0411    0.1219     0.1219 f
  u_NV_NVDLA_cmac/u_core/u_mac_5/n30455 (net)
                                                1       0.8882              0.0000     0.1219 f
  u_NV_NVDLA_cmac/u_core/u_mac_5/U22060/A3 (AOI22X1_RVT)          0.0411    0.0000 *   0.1219 f
  u_NV_NVDLA_cmac/u_core/u_mac_5/U22060/Y (AOI22X1_RVT)           0.0200    0.0768     0.1987 r
  u_NV_NVDLA_cmac/u_core/u_mac_5/n31488 (net)
                                                1       0.5494              0.0000     0.1987 r
  u_NV_NVDLA_cmac/u_core/u_mac_5/pp_out_l0n13_1_d1_reg_33_/D (SDFFX2_RVT)
                                                                  0.0200    0.0000 *   0.1987 r
  data arrival time                                                                    0.1987

  clock nvdla_core_clk (rise edge)                                          0.0000     0.0000
  clock network delay (ideal)                                               0.0000     0.0000
  u_NV_NVDLA_cmac/u_core/u_mac_5/pp_out_l0n13_1_d1_reg_33_/CLK (SDFFX2_RVT)
                                                                            0.0000     0.0000 r
  library hold time                                                        -0.0548    -0.0548
  data required time                                                                  -0.0548
  ----------------------------------------------------------------------------------------------
  data required time                                                                  -0.0548
  data arrival time                                                                   -0.1987
  ----------------------------------------------------------------------------------------------
  slack (MET)                                                                          0.2535


  Startpoint: u_NV_NVDLA_cmac/u_core/u_mac_1/pp_out_l0n04_1_d1_reg_32_
              (rising edge-triggered flip-flop clocked by nvdla_core_clk)
  Endpoint: u_NV_NVDLA_cmac/u_core/u_mac_1/pp_out_l0n04_1_d1_reg_32_
            (rising edge-triggered flip-flop clocked by nvdla_core_clk)
  Path Group: nvdla_core_clk
  Path Type: min

  Point                                       Fanout       Cap     Trans      Incr       Path
  ----------------------------------------------------------------------------------------------
  clock nvdla_core_clk (rise edge)                                          0.0000     0.0000
  clock network delay (ideal)                                               0.0000     0.0000
  u_NV_NVDLA_cmac/u_core/u_mac_1/pp_out_l0n04_1_d1_reg_32_/CLK (SDFFX2_RVT)
                                                                  0.0500    0.0000 #   0.0000 r
  u_NV_NVDLA_cmac/u_core/u_mac_1/pp_out_l0n04_1_d1_reg_32_/QN (SDFFX2_RVT)
                                                                  0.0386    0.1182     0.1182 f
  u_NV_NVDLA_cmac/u_core/u_mac_1/n30409 (net)
                                                1       0.4424              0.0000     0.1182 f
  u_NV_NVDLA_cmac/u_core/u_mac_1/U16834/A4 (AOI22X1_RVT)          0.0386    0.0000 *   0.1182 f
  u_NV_NVDLA_cmac/u_core/u_mac_1/U16834/Y (AOI22X1_RVT)           0.0215    0.0801     0.1983 r
  u_NV_NVDLA_cmac/u_core/u_mac_1/n3436 (net)
                                                1       0.7456              0.0000     0.1983 r
  u_NV_NVDLA_cmac/u_core/u_mac_1/pp_out_l0n04_1_d1_reg_32_/D (SDFFX2_RVT)
                                                                  0.0215    0.0000 *   0.1983 r
  data arrival time                                                                    0.1983

  clock nvdla_core_clk (rise edge)                                          0.0000     0.0000
  clock network delay (ideal)                                               0.0000     0.0000
  u_NV_NVDLA_cmac/u_core/u_mac_1/pp_out_l0n04_1_d1_reg_32_/CLK (SDFFX2_RVT)
                                                                            0.0000     0.0000 r
  library hold time                                                        -0.0553    -0.0553
  data required time                                                                  -0.0553
  ----------------------------------------------------------------------------------------------
  data required time                                                                  -0.0553
  data arrival time                                                                   -0.1983
  ----------------------------------------------------------------------------------------------
  slack (MET)                                                                          0.2536


  Startpoint: u_NV_NVDLA_cmac/u_core/u_mac_5/cfg_reg_en_d0_reg
              (rising edge-triggered flip-flop clocked by nvdla_core_clk)
  Endpoint: u_NV_NVDLA_cmac/u_core/u_mac_5/cfg_reg_en_d1_reg
            (rising edge-triggered flip-flop clocked by nvdla_core_clk)
  Path Group: nvdla_core_clk
  Path Type: min

  Point                                       Fanout       Cap     Trans      Incr       Path
  ----------------------------------------------------------------------------------------------
  clock nvdla_core_clk (rise edge)                                          0.0000     0.0000
  clock network delay (ideal)                                               0.0000     0.0000
  u_NV_NVDLA_cmac/u_core/u_mac_5/cfg_reg_en_d0_reg/CLK (SDFFARX1_RVT)
                                                                  0.0500    0.0000 #   0.0000 r
  u_NV_NVDLA_cmac/u_core/u_mac_5/cfg_reg_en_d0_reg/Q (SDFFARX1_RVT)
                                                                  0.0780    0.2233     0.2233 r
  u_NV_NVDLA_cmac/u_core/u_mac_5/cfg_reg_en_d0 (net)
                                                6       6.8537              0.0000     0.2233 r
  u_NV_NVDLA_cmac/u_core/u_mac_5/cfg_reg_en_d1_reg/D (DFFARX2_RVT)
                                                                  0.0780    0.0000 *   0.2233 r
  data arrival time                                                                    0.2233

  clock nvdla_core_clk (rise edge)                                          0.0000     0.0000
  clock network delay (ideal)                                               0.0000     0.0000
  u_NV_NVDLA_cmac/u_core/u_mac_5/cfg_reg_en_d1_reg/CLK (DFFARX2_RVT)        0.0000     0.0000 r
  library hold time                                                        -0.0303    -0.0303
  data required time                                                                  -0.0303
  ----------------------------------------------------------------------------------------------
  data required time                                                                  -0.0303
  data arrival time                                                                   -0.2233
  ----------------------------------------------------------------------------------------------
  slack (MET)                                                                          0.2536


  Startpoint: u_NV_NVDLA_cmac/u_core/u_mac_7/pp_out_l0n08_1_d1_reg_32_
              (rising edge-triggered flip-flop clocked by nvdla_core_clk)
  Endpoint: u_NV_NVDLA_cmac/u_core/u_mac_7/pp_out_l0n08_1_d1_reg_32_
            (rising edge-triggered flip-flop clocked by nvdla_core_clk)
  Path Group: nvdla_core_clk
  Path Type: min

  Point                                       Fanout       Cap     Trans      Incr       Path
  ----------------------------------------------------------------------------------------------
  clock nvdla_core_clk (rise edge)                                          0.0000     0.0000
  clock network delay (ideal)                                               0.0000     0.0000
  u_NV_NVDLA_cmac/u_core/u_mac_7/pp_out_l0n08_1_d1_reg_32_/CLK (SDFFX2_RVT)
                                                                  0.0500    0.0000 #   0.0000 r
  u_NV_NVDLA_cmac/u_core/u_mac_7/pp_out_l0n08_1_d1_reg_32_/QN (SDFFX2_RVT)
                                                                  0.0386    0.1182     0.1182 f
  u_NV_NVDLA_cmac/u_core/u_mac_7/n30434 (net)
                                                1       0.4438              0.0000     0.1182 f
  u_NV_NVDLA_cmac/u_core/u_mac_7/U19174/A4 (AOI22X1_RVT)          0.0386    0.0000 *   0.1182 f
  u_NV_NVDLA_cmac/u_core/u_mac_7/U19174/Y (AOI22X1_RVT)           0.0215    0.0801     0.1983 r
  u_NV_NVDLA_cmac/u_core/u_mac_7/n31128 (net)
                                                1       0.7450              0.0000     0.1983 r
  u_NV_NVDLA_cmac/u_core/u_mac_7/pp_out_l0n08_1_d1_reg_32_/D (SDFFX2_RVT)
                                                                  0.0215    0.0000 *   0.1983 r
  data arrival time                                                                    0.1983

  clock nvdla_core_clk (rise edge)                                          0.0000     0.0000
  clock network delay (ideal)                                               0.0000     0.0000
  u_NV_NVDLA_cmac/u_core/u_mac_7/pp_out_l0n08_1_d1_reg_32_/CLK (SDFFX2_RVT)
                                                                            0.0000     0.0000 r
  library hold time                                                        -0.0553    -0.0553
  data required time                                                                  -0.0553
  ----------------------------------------------------------------------------------------------
  data required time                                                                  -0.0553
  data arrival time                                                                   -0.1983
  ----------------------------------------------------------------------------------------------
  slack (MET)                                                                          0.2536


  Startpoint: u_NV_NVDLA_cmac/u_core/u_mac_4/pp_out_l0n13_1_d1_reg_33_
              (rising edge-triggered flip-flop clocked by nvdla_core_clk)
  Endpoint: u_NV_NVDLA_cmac/u_core/u_mac_4/pp_out_l0n13_1_d1_reg_33_
            (rising edge-triggered flip-flop clocked by nvdla_core_clk)
  Path Group: nvdla_core_clk
  Path Type: min

  Point                                       Fanout       Cap     Trans      Incr       Path
  ----------------------------------------------------------------------------------------------
  clock nvdla_core_clk (rise edge)                                          0.0000     0.0000
  clock network delay (ideal)                                               0.0000     0.0000
  u_NV_NVDLA_cmac/u_core/u_mac_4/pp_out_l0n13_1_d1_reg_33_/CLK (SDFFX2_RVT)
                                                                  0.0500    0.0000 #   0.0000 r
  u_NV_NVDLA_cmac/u_core/u_mac_4/pp_out_l0n13_1_d1_reg_33_/QN (SDFFX2_RVT)
                                                                  0.0413    0.1220     0.1220 f
  u_NV_NVDLA_cmac/u_core/u_mac_4/n30454 (net)
                                                1       0.9085              0.0000     0.1220 f
  u_NV_NVDLA_cmac/u_core/u_mac_4/U22060/A3 (AOI22X1_RVT)          0.0413    0.0000 *   0.1221 f
  u_NV_NVDLA_cmac/u_core/u_mac_4/U22060/Y (AOI22X1_RVT)           0.0201    0.0770     0.1991 r
  u_NV_NVDLA_cmac/u_core/u_mac_4/n31487 (net)
                                                1       0.5698              0.0000     0.1991 r
  u_NV_NVDLA_cmac/u_core/u_mac_4/pp_out_l0n13_1_d1_reg_33_/D (SDFFX2_RVT)
                                                                  0.0201    0.0000 *   0.1991 r
  data arrival time                                                                    0.1991

  clock nvdla_core_clk (rise edge)                                          0.0000     0.0000
  clock network delay (ideal)                                               0.0000     0.0000
  u_NV_NVDLA_cmac/u_core/u_mac_4/pp_out_l0n13_1_d1_reg_33_/CLK (SDFFX2_RVT)
                                                                            0.0000     0.0000 r
  library hold time                                                        -0.0548    -0.0548
  data required time                                                                  -0.0548
  ----------------------------------------------------------------------------------------------
  data required time                                                                  -0.0548
  data arrival time                                                                   -0.1991
  ----------------------------------------------------------------------------------------------
  slack (MET)                                                                          0.2539


  Startpoint: u_NV_NVDLA_cmac/u_core/u_mac_5/pp_out_l2n3_1_d2_reg_39_
              (rising edge-triggered flip-flop clocked by nvdla_core_clk)
  Endpoint: u_NV_NVDLA_cmac/u_core/u_mac_5/pp_out_l2n3_1_d2_reg_39_
            (rising edge-triggered flip-flop clocked by nvdla_core_clk)
  Path Group: nvdla_core_clk
  Path Type: min

  Point                                       Fanout       Cap     Trans      Incr       Path
  ----------------------------------------------------------------------------------------------
  clock nvdla_core_clk (rise edge)                                          0.0000     0.0000
  clock network delay (ideal)                                               0.0000     0.0000
  u_NV_NVDLA_cmac/u_core/u_mac_5/pp_out_l2n3_1_d2_reg_39_/CLK (SDFFX2_RVT)
                                                                  0.0500    0.0000 #   0.0000 r
  u_NV_NVDLA_cmac/u_core/u_mac_5/pp_out_l2n3_1_d2_reg_39_/QN (SDFFX2_RVT)
                                                                  0.0405    0.1209     0.1209 f
  u_NV_NVDLA_cmac/u_core/u_mac_5/n29499 (net)
                                                1       0.7716              0.0000     0.1209 f
  u_NV_NVDLA_cmac/u_core/u_mac_5/U7542/A4 (AOI22X1_RVT)           0.0405    0.0000 *   0.1209 f
  u_NV_NVDLA_cmac/u_core/u_mac_5/U7542/Y (AOI22X1_RVT)            0.0192    0.0785     0.1995 r
  u_NV_NVDLA_cmac/u_core/u_mac_5/n31969 (net)
                                                1       0.4345              0.0000     0.1995 r
  u_NV_NVDLA_cmac/u_core/u_mac_5/pp_out_l2n3_1_d2_reg_39_/D (SDFFX2_RVT)
                                                                  0.0192    0.0000 *   0.1995 r
  data arrival time                                                                    0.1995

  clock nvdla_core_clk (rise edge)                                          0.0000     0.0000
  clock network delay (ideal)                                               0.0000     0.0000
  u_NV_NVDLA_cmac/u_core/u_mac_5/pp_out_l2n3_1_d2_reg_39_/CLK (SDFFX2_RVT)
                                                                            0.0000     0.0000 r
  library hold time                                                        -0.0545    -0.0545
  data required time                                                                  -0.0545
  ----------------------------------------------------------------------------------------------
  data required time                                                                  -0.0545
  data arrival time                                                                   -0.1995
  ----------------------------------------------------------------------------------------------
  slack (MET)                                                                          0.2540


  Startpoint: u_NV_NVDLA_cmac/u_core/u_mac_1/pp_out_l0n14_1_d1_reg_4_
              (rising edge-triggered flip-flop clocked by nvdla_core_clk)
  Endpoint: u_NV_NVDLA_cmac/u_core/u_mac_1/pp_out_l0n14_1_d1_reg_4_
            (rising edge-triggered flip-flop clocked by nvdla_core_clk)
  Path Group: nvdla_core_clk
  Path Type: min

  Point                                       Fanout       Cap     Trans      Incr       Path
  ----------------------------------------------------------------------------------------------
  clock nvdla_core_clk (rise edge)                                          0.0000     0.0000
  clock network delay (ideal)                                               0.0000     0.0000
  u_NV_NVDLA_cmac/u_core/u_mac_1/pp_out_l0n14_1_d1_reg_4_/CLK (SDFFX2_RVT)
                                                                  0.0500    0.0000 #   0.0000 r
  u_NV_NVDLA_cmac/u_core/u_mac_1/pp_out_l0n14_1_d1_reg_4_/QN (SDFFX2_RVT)
                                                                  0.0405    0.1210     0.1210 f
  u_NV_NVDLA_cmac/u_core/u_mac_1/n30469 (net)
                                                1       0.7754              0.0000     0.1210 f
  u_NV_NVDLA_cmac/u_core/u_mac_1/U22707/A4 (AOI22X1_RVT)          0.0405    0.0000 *   0.1210 f
  u_NV_NVDLA_cmac/u_core/u_mac_1/U22707/Y (AOI22X1_RVT)           0.0193    0.0786     0.1996 r
  u_NV_NVDLA_cmac/u_core/u_mac_1/n2688 (net)
                                                1       0.4383              0.0000     0.1996 r
  u_NV_NVDLA_cmac/u_core/u_mac_1/pp_out_l0n14_1_d1_reg_4_/D (SDFFX2_RVT)
                                                                  0.0193    0.0000 *   0.1996 r
  data arrival time                                                                    0.1996

  clock nvdla_core_clk (rise edge)                                          0.0000     0.0000
  clock network delay (ideal)                                               0.0000     0.0000
  u_NV_NVDLA_cmac/u_core/u_mac_1/pp_out_l0n14_1_d1_reg_4_/CLK (SDFFX2_RVT)
                                                                            0.0000     0.0000 r
  library hold time                                                        -0.0545    -0.0545
  data required time                                                                  -0.0545
  ----------------------------------------------------------------------------------------------
  data required time                                                                  -0.0545
  data arrival time                                                                   -0.1996
  ----------------------------------------------------------------------------------------------
  slack (MET)                                                                          0.2541


  Startpoint: u_NV_NVDLA_cmac/u_core/u_mac_4/pp_out_l0n06_1_d1_reg_8_
              (rising edge-triggered flip-flop clocked by nvdla_core_clk)
  Endpoint: u_NV_NVDLA_cmac/u_core/u_mac_4/pp_out_l0n06_1_d1_reg_8_
            (rising edge-triggered flip-flop clocked by nvdla_core_clk)
  Path Group: nvdla_core_clk
  Path Type: min

  Point                                       Fanout       Cap     Trans      Incr       Path
  ----------------------------------------------------------------------------------------------
  clock nvdla_core_clk (rise edge)                                          0.0000     0.0000
  clock network delay (ideal)                                               0.0000     0.0000
  u_NV_NVDLA_cmac/u_core/u_mac_4/pp_out_l0n06_1_d1_reg_8_/CLK (SDFFX2_RVT)
                                                                  0.0500    0.0000 #   0.0000 r
  u_NV_NVDLA_cmac/u_core/u_mac_4/pp_out_l0n06_1_d1_reg_8_/QN (SDFFX2_RVT)
                                                                  0.0404    0.1208     0.1208 f
  u_NV_NVDLA_cmac/u_core/u_mac_4/n30426 (net)
                                                1       0.7525              0.0000     0.1208 f
  u_NV_NVDLA_cmac/u_core/u_mac_4/U18060/A4 (AOI22X1_RVT)          0.0404    0.0000 *   0.1208 f
  u_NV_NVDLA_cmac/u_core/u_mac_4/U18060/Y (AOI22X1_RVT)           0.0195    0.0788     0.1996 r
  u_NV_NVDLA_cmac/u_core/u_mac_4/n31008 (net)
                                                1       0.4688              0.0000     0.1996 r
  u_NV_NVDLA_cmac/u_core/u_mac_4/pp_out_l0n06_1_d1_reg_8_/D (SDFFX2_RVT)
                                                                  0.0195    0.0000 *   0.1996 r
  data arrival time                                                                    0.1996

  clock nvdla_core_clk (rise edge)                                          0.0000     0.0000
  clock network delay (ideal)                                               0.0000     0.0000
  u_NV_NVDLA_cmac/u_core/u_mac_4/pp_out_l0n06_1_d1_reg_8_/CLK (SDFFX2_RVT)
                                                                            0.0000     0.0000 r
  library hold time                                                        -0.0546    -0.0546
  data required time                                                                  -0.0546
  ----------------------------------------------------------------------------------------------
  data required time                                                                  -0.0546
  data arrival time                                                                   -0.1996
  ----------------------------------------------------------------------------------------------
  slack (MET)                                                                          0.2542


  Startpoint: u_NV_NVDLA_cmac/u_core/u_mac_0/pp_out_l0n14_1_d1_reg_3_
              (rising edge-triggered flip-flop clocked by nvdla_core_clk)
  Endpoint: u_NV_NVDLA_cmac/u_core/u_mac_0/pp_out_l0n14_1_d1_reg_3_
            (rising edge-triggered flip-flop clocked by nvdla_core_clk)
  Path Group: nvdla_core_clk
  Path Type: min

  Point                                       Fanout       Cap     Trans      Incr       Path
  ----------------------------------------------------------------------------------------------
  clock nvdla_core_clk (rise edge)                                          0.0000     0.0000
  clock network delay (ideal)                                               0.0000     0.0000
  u_NV_NVDLA_cmac/u_core/u_mac_0/pp_out_l0n14_1_d1_reg_3_/CLK (SDFFX2_RVT)
                                                                  0.0500    0.0000 #   0.0000 r
  u_NV_NVDLA_cmac/u_core/u_mac_0/pp_out_l0n14_1_d1_reg_3_/QN (SDFFX2_RVT)
                                                                  0.0406    0.1210     0.1210 f
  u_NV_NVDLA_cmac/u_core/u_mac_0/n30470 (net)
                                                1       0.7861              0.0000     0.1210 f
  u_NV_NVDLA_cmac/u_core/u_mac_0/U22709/A4 (AOI22X1_RVT)          0.0406    0.0000 *   0.1211 f
  u_NV_NVDLA_cmac/u_core/u_mac_0/U22709/Y (AOI22X1_RVT)           0.0193    0.0787     0.1998 r
  u_NV_NVDLA_cmac/u_core/u_mac_0/n2687 (net)
                                                1       0.4490              0.0000     0.1998 r
  u_NV_NVDLA_cmac/u_core/u_mac_0/pp_out_l0n14_1_d1_reg_3_/D (SDFFX2_RVT)
                                                                  0.0193    0.0000 *   0.1998 r
  data arrival time                                                                    0.1998

  clock nvdla_core_clk (rise edge)                                          0.0000     0.0000
  clock network delay (ideal)                                               0.0000     0.0000
  u_NV_NVDLA_cmac/u_core/u_mac_0/pp_out_l0n14_1_d1_reg_3_/CLK (SDFFX2_RVT)
                                                                            0.0000     0.0000 r
  library hold time                                                        -0.0546    -0.0546
  data required time                                                                  -0.0546
  ----------------------------------------------------------------------------------------------
  data required time                                                                  -0.0546
  data arrival time                                                                   -0.1998
  ----------------------------------------------------------------------------------------------
  slack (MET)                                                                          0.2543


  Startpoint: u_NV_NVDLA_cmac/u_core/u_mac_7/pp_out_l0n13_1_d1_reg_34_
              (rising edge-triggered flip-flop clocked by nvdla_core_clk)
  Endpoint: u_NV_NVDLA_cmac/u_core/u_mac_7/pp_out_l0n13_1_d1_reg_34_
            (rising edge-triggered flip-flop clocked by nvdla_core_clk)
  Path Group: nvdla_core_clk
  Path Type: min

  Point                                       Fanout       Cap     Trans      Incr       Path
  ----------------------------------------------------------------------------------------------
  clock nvdla_core_clk (rise edge)                                          0.0000     0.0000
  clock network delay (ideal)                                               0.0000     0.0000
  u_NV_NVDLA_cmac/u_core/u_mac_7/pp_out_l0n13_1_d1_reg_34_/CLK (SDFFX2_RVT)
                                                                  0.0500    0.0000 #   0.0000 r
  u_NV_NVDLA_cmac/u_core/u_mac_7/pp_out_l0n13_1_d1_reg_34_/QN (SDFFX2_RVT)
                                                                  0.0406    0.1211     0.1211 f
  u_NV_NVDLA_cmac/u_core/u_mac_7/n30453 (net)
                                                1       0.7880              0.0000     0.1211 f
  u_NV_NVDLA_cmac/u_core/u_mac_7/U22058/A4 (AOI22X1_RVT)          0.0406    0.0000 *   0.1211 f
  u_NV_NVDLA_cmac/u_core/u_mac_7/U22058/Y (AOI22X1_RVT)           0.0193    0.0787     0.1998 r
  u_NV_NVDLA_cmac/u_core/u_mac_7/n31486 (net)
                                                1       0.4489              0.0000     0.1998 r
  u_NV_NVDLA_cmac/u_core/u_mac_7/pp_out_l0n13_1_d1_reg_34_/D (SDFFX2_RVT)
                                                                  0.0193    0.0000 *   0.1998 r
  data arrival time                                                                    0.1998

  clock nvdla_core_clk (rise edge)                                          0.0000     0.0000
  clock network delay (ideal)                                               0.0000     0.0000
  u_NV_NVDLA_cmac/u_core/u_mac_7/pp_out_l0n13_1_d1_reg_34_/CLK (SDFFX2_RVT)
                                                                            0.0000     0.0000 r
  library hold time                                                        -0.0546    -0.0546
  data required time                                                                  -0.0546
  ----------------------------------------------------------------------------------------------
  data required time                                                                  -0.0546
  data arrival time                                                                   -0.1998
  ----------------------------------------------------------------------------------------------
  slack (MET)                                                                          0.2543


  Startpoint: u_NV_NVDLA_cmac/u_core/u_mac_5/pp_out_l0n06_1_d1_reg_34_
              (rising edge-triggered flip-flop clocked by nvdla_core_clk)
  Endpoint: u_NV_NVDLA_cmac/u_core/u_mac_5/pp_out_l0n06_1_d1_reg_34_
            (rising edge-triggered flip-flop clocked by nvdla_core_clk)
  Path Group: nvdla_core_clk
  Path Type: min

  Point                                       Fanout       Cap     Trans      Incr       Path
  ----------------------------------------------------------------------------------------------
  clock nvdla_core_clk (rise edge)                                          0.0000     0.0000
  clock network delay (ideal)                                               0.0000     0.0000
  u_NV_NVDLA_cmac/u_core/u_mac_5/pp_out_l0n06_1_d1_reg_34_/CLK (SDFFX2_RVT)
                                                                  0.0500    0.0000 #   0.0000 r
  u_NV_NVDLA_cmac/u_core/u_mac_5/pp_out_l0n06_1_d1_reg_34_/QN (SDFFX2_RVT)
                                                                  0.0406    0.1211     0.1211 f
  u_NV_NVDLA_cmac/u_core/u_mac_5/n30421 (net)
                                                1       0.7888              0.0000     0.1211 f
  u_NV_NVDLA_cmac/u_core/u_mac_5/U17994/A4 (AOI22X1_RVT)          0.0406    0.0000 *   0.1211 f
  u_NV_NVDLA_cmac/u_core/u_mac_5/U17994/Y (AOI22X1_RVT)           0.0194    0.0787     0.1998 r
  u_NV_NVDLA_cmac/u_core/u_mac_5/n30983 (net)
                                                1       0.4542              0.0000     0.1998 r
  u_NV_NVDLA_cmac/u_core/u_mac_5/pp_out_l0n06_1_d1_reg_34_/D (SDFFX2_RVT)
                                                                  0.0194    0.0000 *   0.1998 r
  data arrival time                                                                    0.1998

  clock nvdla_core_clk (rise edge)                                          0.0000     0.0000
  clock network delay (ideal)                                               0.0000     0.0000
  u_NV_NVDLA_cmac/u_core/u_mac_5/pp_out_l0n06_1_d1_reg_34_/CLK (SDFFX2_RVT)
                                                                            0.0000     0.0000 r
  library hold time                                                        -0.0546    -0.0546
  data required time                                                                  -0.0546
  ----------------------------------------------------------------------------------------------
  data required time                                                                  -0.0546
  data arrival time                                                                   -0.1998
  ----------------------------------------------------------------------------------------------
  slack (MET)                                                                          0.2544


  Startpoint: u_NV_NVDLA_cmac/u_core/u_mac_1/pp_out_l0n14_1_d1_reg_2_
              (rising edge-triggered flip-flop clocked by nvdla_core_clk)
  Endpoint: u_NV_NVDLA_cmac/u_core/u_mac_1/pp_out_l0n14_1_d1_reg_2_
            (rising edge-triggered flip-flop clocked by nvdla_core_clk)
  Path Group: nvdla_core_clk
  Path Type: min

  Point                                       Fanout       Cap     Trans      Incr       Path
  ----------------------------------------------------------------------------------------------
  clock nvdla_core_clk (rise edge)                                          0.0000     0.0000
  clock network delay (ideal)                                               0.0000     0.0000
  u_NV_NVDLA_cmac/u_core/u_mac_1/pp_out_l0n14_1_d1_reg_2_/CLK (SDFFX2_RVT)
                                                                  0.0500    0.0000 #   0.0000 r
  u_NV_NVDLA_cmac/u_core/u_mac_1/pp_out_l0n14_1_d1_reg_2_/QN (SDFFX2_RVT)
                                                                  0.0406    0.1212     0.1212 f
  u_NV_NVDLA_cmac/u_core/u_mac_1/n30471 (net)
                                                1       0.7998              0.0000     0.1212 f
  u_NV_NVDLA_cmac/u_core/u_mac_1/U22711/A4 (AOI22X1_RVT)          0.0406    0.0000 *   0.1212 f
  u_NV_NVDLA_cmac/u_core/u_mac_1/U22711/Y (AOI22X1_RVT)           0.0194    0.0788     0.2000 r
  u_NV_NVDLA_cmac/u_core/u_mac_1/n2686 (net)
                                                1       0.4607              0.0000     0.2000 r
  u_NV_NVDLA_cmac/u_core/u_mac_1/pp_out_l0n14_1_d1_reg_2_/D (SDFFX2_RVT)
                                                                  0.0194    0.0000 *   0.2000 r
  data arrival time                                                                    0.2000

  clock nvdla_core_clk (rise edge)                                          0.0000     0.0000
  clock network delay (ideal)                                               0.0000     0.0000
  u_NV_NVDLA_cmac/u_core/u_mac_1/pp_out_l0n14_1_d1_reg_2_/CLK (SDFFX2_RVT)
                                                                            0.0000     0.0000 r
  library hold time                                                        -0.0546    -0.0546
  data required time                                                                  -0.0546
  ----------------------------------------------------------------------------------------------
  data required time                                                                  -0.0546
  data arrival time                                                                   -0.2000
  ----------------------------------------------------------------------------------------------
  slack (MET)                                                                          0.2546


  Startpoint: u_NV_NVDLA_cmac/u_core/u_mac_2/pp_out_l0n07_1_d1_reg_32_
              (rising edge-triggered flip-flop clocked by nvdla_core_clk)
  Endpoint: u_NV_NVDLA_cmac/u_core/u_mac_2/pp_out_l0n07_1_d1_reg_32_
            (rising edge-triggered flip-flop clocked by nvdla_core_clk)
  Path Group: nvdla_core_clk
  Path Type: min

  Point                                       Fanout       Cap     Trans      Incr       Path
  ----------------------------------------------------------------------------------------------
  clock nvdla_core_clk (rise edge)                                          0.0000     0.0000
  clock network delay (ideal)                                               0.0000     0.0000
  u_NV_NVDLA_cmac/u_core/u_mac_2/pp_out_l0n07_1_d1_reg_32_/CLK (SDFFX2_RVT)
                                                                  0.0500    0.0000 #   0.0000 r
  u_NV_NVDLA_cmac/u_core/u_mac_2/pp_out_l0n07_1_d1_reg_32_/QN (SDFFX2_RVT)
                                                                  0.0407    0.1212     0.1212 f
  u_NV_NVDLA_cmac/u_core/u_mac_2/n30326 (net)
                                                1       0.8024              0.0000     0.1212 f
  u_NV_NVDLA_cmac/u_core/u_mac_2/U18510/A4 (AOI22X1_RVT)          0.0407    0.0000 *   0.1212 f
  u_NV_NVDLA_cmac/u_core/u_mac_2/U18510/Y (AOI22X1_RVT)           0.0194    0.0788     0.2000 r
  u_NV_NVDLA_cmac/u_core/u_mac_2/n30951 (net)
                                                1       0.4633              0.0000     0.2000 r
  u_NV_NVDLA_cmac/u_core/u_mac_2/pp_out_l0n07_1_d1_reg_32_/D (SDFFX2_RVT)
                                                                  0.0194    0.0000 *   0.2000 r
  data arrival time                                                                    0.2000

  clock nvdla_core_clk (rise edge)                                          0.0000     0.0000
  clock network delay (ideal)                                               0.0000     0.0000
  u_NV_NVDLA_cmac/u_core/u_mac_2/pp_out_l0n07_1_d1_reg_32_/CLK (SDFFX2_RVT)
                                                                            0.0000     0.0000 r
  library hold time                                                        -0.0546    -0.0546
  data required time                                                                  -0.0546
  ----------------------------------------------------------------------------------------------
  data required time                                                                  -0.0546
  data arrival time                                                                   -0.2000
  ----------------------------------------------------------------------------------------------
  slack (MET)                                                                          0.2546


  Startpoint: u_NV_NVDLA_cmac/u_core/u_mac_5/pp_out_l0n14_1_d1_reg_11_
              (rising edge-triggered flip-flop clocked by nvdla_core_clk)
  Endpoint: u_NV_NVDLA_cmac/u_core/u_mac_5/pp_out_l0n14_1_d1_reg_11_
            (rising edge-triggered flip-flop clocked by nvdla_core_clk)
  Path Group: nvdla_core_clk
  Path Type: min

  Point                                       Fanout       Cap     Trans      Incr       Path
  ----------------------------------------------------------------------------------------------
  clock nvdla_core_clk (rise edge)                                          0.0000     0.0000
  clock network delay (ideal)                                               0.0000     0.0000
  u_NV_NVDLA_cmac/u_core/u_mac_5/pp_out_l0n14_1_d1_reg_11_/CLK (SDFFX2_RVT)
                                                                  0.0500    0.0000 #   0.0000 r
  u_NV_NVDLA_cmac/u_core/u_mac_5/pp_out_l0n14_1_d1_reg_11_/QN (SDFFX2_RVT)
                                                                  0.0407    0.1212     0.1212 f
  u_NV_NVDLA_cmac/u_core/u_mac_5/n30468 (net)
                                                1       0.8020              0.0000     0.1212 f
  u_NV_NVDLA_cmac/u_core/u_mac_5/U22693/A4 (AOI22X1_RVT)          0.0407    0.0000 *   0.1212 f
  u_NV_NVDLA_cmac/u_core/u_mac_5/U22693/Y (AOI22X1_RVT)           0.0194    0.0789     0.2000 r
  u_NV_NVDLA_cmac/u_core/u_mac_5/n31582 (net)
                                                1       0.4649              0.0000     0.2000 r
  u_NV_NVDLA_cmac/u_core/u_mac_5/pp_out_l0n14_1_d1_reg_11_/D (SDFFX2_RVT)
                                                                  0.0194    0.0000 *   0.2000 r
  data arrival time                                                                    0.2000

  clock nvdla_core_clk (rise edge)                                          0.0000     0.0000
  clock network delay (ideal)                                               0.0000     0.0000
  u_NV_NVDLA_cmac/u_core/u_mac_5/pp_out_l0n14_1_d1_reg_11_/CLK (SDFFX2_RVT)
                                                                            0.0000     0.0000 r
  library hold time                                                        -0.0546    -0.0546
  data required time                                                                  -0.0546
  ----------------------------------------------------------------------------------------------
  data required time                                                                  -0.0546
  data arrival time                                                                   -0.2000
  ----------------------------------------------------------------------------------------------
  slack (MET)                                                                          0.2546


  Startpoint: u_NV_NVDLA_cmac/u_core/u_mac_7/pp_out_l0n08_1_d1_reg_33_
              (rising edge-triggered flip-flop clocked by nvdla_core_clk)
  Endpoint: u_NV_NVDLA_cmac/u_core/u_mac_7/pp_out_l0n08_1_d1_reg_33_
            (rising edge-triggered flip-flop clocked by nvdla_core_clk)
  Path Group: nvdla_core_clk
  Path Type: min

  Point                                       Fanout       Cap     Trans      Incr       Path
  ----------------------------------------------------------------------------------------------
  clock nvdla_core_clk (rise edge)                                          0.0000     0.0000
  clock network delay (ideal)                                               0.0000     0.0000
  u_NV_NVDLA_cmac/u_core/u_mac_7/pp_out_l0n08_1_d1_reg_33_/CLK (SDFFX2_RVT)
                                                                  0.0500    0.0000 #   0.0000 r
  u_NV_NVDLA_cmac/u_core/u_mac_7/pp_out_l0n08_1_d1_reg_33_/QN (SDFFX2_RVT)
                                                                  0.0393    0.1192     0.1192 f
  u_NV_NVDLA_cmac/u_core/u_mac_7/n30433 (net)
                                                1       0.5593              0.0000     0.1192 f
  u_NV_NVDLA_cmac/u_core/u_mac_7/U19172/A4 (AOI22X1_RVT)          0.0393    0.0000 *   0.1192 f
  u_NV_NVDLA_cmac/u_core/u_mac_7/U19172/Y (AOI22X1_RVT)           0.0213    0.0802     0.1994 r
  u_NV_NVDLA_cmac/u_core/u_mac_7/n31127 (net)
                                                1       0.7238              0.0000     0.1994 r
  u_NV_NVDLA_cmac/u_core/u_mac_7/pp_out_l0n08_1_d1_reg_33_/D (SDFFX2_RVT)
                                                                  0.0213    0.0000 *   0.1994 r
  data arrival time                                                                    0.1994

  clock nvdla_core_clk (rise edge)                                          0.0000     0.0000
  clock network delay (ideal)                                               0.0000     0.0000
  u_NV_NVDLA_cmac/u_core/u_mac_7/pp_out_l0n08_1_d1_reg_33_/CLK (SDFFX2_RVT)
                                                                            0.0000     0.0000 r
  library hold time                                                        -0.0552    -0.0552
  data required time                                                                  -0.0552
  ----------------------------------------------------------------------------------------------
  data required time                                                                  -0.0552
  data arrival time                                                                   -0.1994
  ----------------------------------------------------------------------------------------------
  slack (MET)                                                                          0.2547


  Startpoint: u_NV_NVDLA_cmac/u_core/u_mac_6/pp_out_l0n07_1_d1_reg_32_
              (rising edge-triggered flip-flop clocked by nvdla_core_clk)
  Endpoint: u_NV_NVDLA_cmac/u_core/u_mac_6/pp_out_l0n07_1_d1_reg_32_
            (rising edge-triggered flip-flop clocked by nvdla_core_clk)
  Path Group: nvdla_core_clk
  Path Type: min

  Point                                       Fanout       Cap     Trans      Incr       Path
  ----------------------------------------------------------------------------------------------
  clock nvdla_core_clk (rise edge)                                          0.0000     0.0000
  clock network delay (ideal)                                               0.0000     0.0000
  u_NV_NVDLA_cmac/u_core/u_mac_6/pp_out_l0n07_1_d1_reg_32_/CLK (SDFFX2_RVT)
                                                                  0.0500    0.0000 #   0.0000 r
  u_NV_NVDLA_cmac/u_core/u_mac_6/pp_out_l0n07_1_d1_reg_32_/QN (SDFFX2_RVT)
                                                                  0.0407    0.1212     0.1212 f
  u_NV_NVDLA_cmac/u_core/u_mac_6/n30430 (net)
                                                1       0.8063              0.0000     0.1212 f
  u_NV_NVDLA_cmac/u_core/u_mac_6/U18580/A4 (AOI22X1_RVT)          0.0407    0.0000 *   0.1212 f
  u_NV_NVDLA_cmac/u_core/u_mac_6/U18580/Y (AOI22X1_RVT)           0.0195    0.0789     0.2001 r
  u_NV_NVDLA_cmac/u_core/u_mac_6/n31056 (net)
                                                1       0.4672              0.0000     0.2001 r
  u_NV_NVDLA_cmac/u_core/u_mac_6/pp_out_l0n07_1_d1_reg_32_/D (SDFFX2_RVT)
                                                                  0.0195    0.0000 *   0.2001 r
  data arrival time                                                                    0.2001

  clock nvdla_core_clk (rise edge)                                          0.0000     0.0000
  clock network delay (ideal)                                               0.0000     0.0000
  u_NV_NVDLA_cmac/u_core/u_mac_6/pp_out_l0n07_1_d1_reg_32_/CLK (SDFFX2_RVT)
                                                                            0.0000     0.0000 r
  library hold time                                                        -0.0546    -0.0546
  data required time                                                                  -0.0546
  ----------------------------------------------------------------------------------------------
  data required time                                                                  -0.0546
  data arrival time                                                                   -0.2001
  ----------------------------------------------------------------------------------------------
  slack (MET)                                                                          0.2547


  Startpoint: u_NV_NVDLA_cmac/u_core/u_mac_1/pp_out_l0n06_1_d1_reg_3_
              (rising edge-triggered flip-flop clocked by nvdla_core_clk)
  Endpoint: u_NV_NVDLA_cmac/u_core/u_mac_1/pp_out_l0n06_1_d1_reg_3_
            (rising edge-triggered flip-flop clocked by nvdla_core_clk)
  Path Group: nvdla_core_clk
  Path Type: min

  Point                                       Fanout       Cap     Trans      Incr       Path
  ----------------------------------------------------------------------------------------------
  clock nvdla_core_clk (rise edge)                                          0.0000     0.0000
  clock network delay (ideal)                                               0.0000     0.0000
  u_NV_NVDLA_cmac/u_core/u_mac_1/pp_out_l0n06_1_d1_reg_3_/CLK (SDFFX2_RVT)
                                                                  0.0500    0.0000 #   0.0000 r
  u_NV_NVDLA_cmac/u_core/u_mac_1/pp_out_l0n06_1_d1_reg_3_/QN (SDFFX2_RVT)
                                                                  0.0407    0.1212     0.1212 f
  u_NV_NVDLA_cmac/u_core/u_mac_1/n30427 (net)
                                                1       0.8085              0.0000     0.1212 f
  u_NV_NVDLA_cmac/u_core/u_mac_1/U18072/A4 (AOI22X1_RVT)          0.0407    0.0000 *   0.1212 f
  u_NV_NVDLA_cmac/u_core/u_mac_1/U18072/Y (AOI22X1_RVT)           0.0195    0.0789     0.2002 r
  u_NV_NVDLA_cmac/u_core/u_mac_1/n3263 (net)
                                                1       0.4714              0.0000     0.2002 r
  u_NV_NVDLA_cmac/u_core/u_mac_1/pp_out_l0n06_1_d1_reg_3_/D (SDFFX2_RVT)
                                                                  0.0195    0.0000 *   0.2002 r
  data arrival time                                                                    0.2002

  clock nvdla_core_clk (rise edge)                                          0.0000     0.0000
  clock network delay (ideal)                                               0.0000     0.0000
  u_NV_NVDLA_cmac/u_core/u_mac_1/pp_out_l0n06_1_d1_reg_3_/CLK (SDFFX2_RVT)
                                                                            0.0000     0.0000 r
  library hold time                                                        -0.0546    -0.0546
  data required time                                                                  -0.0546
  ----------------------------------------------------------------------------------------------
  data required time                                                                  -0.0546
  data arrival time                                                                   -0.2002
  ----------------------------------------------------------------------------------------------
  slack (MET)                                                                          0.2548


  Startpoint: u_NV_NVDLA_cmac/u_core/u_mac_7/pp_out_l0n02_1_d1_reg_12_
              (rising edge-triggered flip-flop clocked by nvdla_core_clk)
  Endpoint: u_NV_NVDLA_cmac/u_core/u_mac_7/pp_out_l0n02_1_d1_reg_12_
            (rising edge-triggered flip-flop clocked by nvdla_core_clk)
  Path Group: nvdla_core_clk
  Path Type: min

  Point                                       Fanout       Cap     Trans      Incr       Path
  ----------------------------------------------------------------------------------------------
  clock nvdla_core_clk (rise edge)                                          0.0000     0.0000
  clock network delay (ideal)                                               0.0000     0.0000
  u_NV_NVDLA_cmac/u_core/u_mac_7/pp_out_l0n02_1_d1_reg_12_/CLK (SDFFX2_RVT)
                                                                  0.0500    0.0000 #   0.0000 r
  u_NV_NVDLA_cmac/u_core/u_mac_7/pp_out_l0n02_1_d1_reg_12_/QN (SDFFX2_RVT)
                                                                  0.0407    0.1212     0.1212 f
  u_NV_NVDLA_cmac/u_core/u_mac_7/n30398 (net)
                                                1       0.8099              0.0000     0.1212 f
  u_NV_NVDLA_cmac/u_core/u_mac_7/U15714/A4 (AOI22X1_RVT)          0.0407    0.0000 *   0.1213 f
  u_NV_NVDLA_cmac/u_core/u_mac_7/U15714/Y (AOI22X1_RVT)           0.0195    0.0789     0.2002 r
  u_NV_NVDLA_cmac/u_core/u_mac_7/n30716 (net)
                                                1       0.4728              0.0000     0.2002 r
  u_NV_NVDLA_cmac/u_core/u_mac_7/pp_out_l0n02_1_d1_reg_12_/D (SDFFX2_RVT)
                                                                  0.0195    0.0000 *   0.2002 r
  data arrival time                                                                    0.2002

  clock nvdla_core_clk (rise edge)                                          0.0000     0.0000
  clock network delay (ideal)                                               0.0000     0.0000
  u_NV_NVDLA_cmac/u_core/u_mac_7/pp_out_l0n02_1_d1_reg_12_/CLK (SDFFX2_RVT)
                                                                            0.0000     0.0000 r
  library hold time                                                        -0.0546    -0.0546
  data required time                                                                  -0.0546
  ----------------------------------------------------------------------------------------------
  data required time                                                                  -0.0546
  data arrival time                                                                   -0.2002
  ----------------------------------------------------------------------------------------------
  slack (MET)                                                                          0.2548


  Startpoint: u_NV_NVDLA_cmac/u_core/u_mac_2/pp_out_l0n11_1_d1_reg_33_
              (rising edge-triggered flip-flop clocked by nvdla_core_clk)
  Endpoint: u_NV_NVDLA_cmac/u_core/u_mac_2/pp_out_l0n11_1_d1_reg_33_
            (rising edge-triggered flip-flop clocked by nvdla_core_clk)
  Path Group: nvdla_core_clk
  Path Type: min

  Point                                       Fanout       Cap     Trans      Incr       Path
  ----------------------------------------------------------------------------------------------
  clock nvdla_core_clk (rise edge)                                          0.0000     0.0000
  clock network delay (ideal)                                               0.0000     0.0000
  u_NV_NVDLA_cmac/u_core/u_mac_2/pp_out_l0n11_1_d1_reg_33_/CLK (SDFFX2_RVT)
                                                                  0.0500    0.0000 #   0.0000 r
  u_NV_NVDLA_cmac/u_core/u_mac_2/pp_out_l0n11_1_d1_reg_33_/QN (SDFFX2_RVT)
                                                                  0.0407    0.1213     0.1213 f
  u_NV_NVDLA_cmac/u_core/u_mac_2/n30347 (net)
                                                1       0.8119              0.0000     0.1213 f
  u_NV_NVDLA_cmac/u_core/u_mac_2/U20813/A4 (AOI22X1_RVT)          0.0407    0.0000 *   0.1213 f
  u_NV_NVDLA_cmac/u_core/u_mac_2/U20813/Y (AOI22X1_RVT)           0.0195    0.0789     0.2002 r
  u_NV_NVDLA_cmac/u_core/u_mac_2/n31238 (net)
                                                1       0.4728              0.0000     0.2002 r
  u_NV_NVDLA_cmac/u_core/u_mac_2/pp_out_l0n11_1_d1_reg_33_/D (SDFFX2_RVT)
                                                                  0.0195    0.0000 *   0.2002 r
  data arrival time                                                                    0.2002

  clock nvdla_core_clk (rise edge)                                          0.0000     0.0000
  clock network delay (ideal)                                               0.0000     0.0000
  u_NV_NVDLA_cmac/u_core/u_mac_2/pp_out_l0n11_1_d1_reg_33_/CLK (SDFFX2_RVT)
                                                                            0.0000     0.0000 r
  library hold time                                                        -0.0546    -0.0546
  data required time                                                                  -0.0546
  ----------------------------------------------------------------------------------------------
  data required time                                                                  -0.0546
  data arrival time                                                                   -0.2002
  ----------------------------------------------------------------------------------------------
  slack (MET)                                                                          0.2548


  Startpoint: u_NV_NVDLA_cmac/u_core/u_mac_1/pp_out_l0n02_1_d1_reg_11_
              (rising edge-triggered flip-flop clocked by nvdla_core_clk)
  Endpoint: u_NV_NVDLA_cmac/u_core/u_mac_1/pp_out_l0n02_1_d1_reg_11_
            (rising edge-triggered flip-flop clocked by nvdla_core_clk)
  Path Group: nvdla_core_clk
  Path Type: min

  Point                                       Fanout       Cap     Trans      Incr       Path
  ----------------------------------------------------------------------------------------------
  clock nvdla_core_clk (rise edge)                                          0.0000     0.0000
  clock network delay (ideal)                                               0.0000     0.0000
  u_NV_NVDLA_cmac/u_core/u_mac_1/pp_out_l0n02_1_d1_reg_11_/CLK (SDFFX2_RVT)
                                                                  0.0500    0.0000 #   0.0000 r
  u_NV_NVDLA_cmac/u_core/u_mac_1/pp_out_l0n02_1_d1_reg_11_/QN (SDFFX2_RVT)
                                                                  0.0407    0.1213     0.1213 f
  u_NV_NVDLA_cmac/u_core/u_mac_1/n30399 (net)
                                                1       0.8145              0.0000     0.1213 f
  u_NV_NVDLA_cmac/u_core/u_mac_1/U15716/A4 (AOI22X1_RVT)          0.0407    0.0000 *   0.1213 f
  u_NV_NVDLA_cmac/u_core/u_mac_1/U15716/Y (AOI22X1_RVT)           0.0195    0.0790     0.2003 r
  u_NV_NVDLA_cmac/u_core/u_mac_1/n3559 (net)
                                                1       0.4774              0.0000     0.2003 r
  u_NV_NVDLA_cmac/u_core/u_mac_1/pp_out_l0n02_1_d1_reg_11_/D (SDFFX2_RVT)
                                                                  0.0195    0.0000 *   0.2003 r
  data arrival time                                                                    0.2003

  clock nvdla_core_clk (rise edge)                                          0.0000     0.0000
  clock network delay (ideal)                                               0.0000     0.0000
  u_NV_NVDLA_cmac/u_core/u_mac_1/pp_out_l0n02_1_d1_reg_11_/CLK (SDFFX2_RVT)
                                                                            0.0000     0.0000 r
  library hold time                                                        -0.0546    -0.0546
  data required time                                                                  -0.0546
  ----------------------------------------------------------------------------------------------
  data required time                                                                  -0.0546
  data arrival time                                                                   -0.2003
  ----------------------------------------------------------------------------------------------
  slack (MET)                                                                          0.2549


1
