 
****************************************
Report : constraint
        -all_violators
Design : NV_NVDLA_partition_m
Version: W-2024.09-SP5-5
Date   : Fri May  8 19:27:37 2026
****************************************


   max_transition

                             Required        Actual
   Net                      Transition     Transition        Slack
   -----------------------------------------------------------------
   u_NV_NVDLA_cmac/u_core/u_mac_4/u_exp/n4657
                              0.0856         0.1642        -0.0786  (VIOLATED)
       PIN :   u_NV_NVDLA_cmac/u_core/u_mac_4/u_exp/exp_sft_01_reg_3_/Q
                              0.0856         0.1642        -0.0786  (VIOLATED)
   u_NV_NVDLA_cmac/u_core/u_mac_1/u_tree_l0n01/n457
                              0.1940         0.2707        -0.0767  (VIOLATED)
       PIN :   u_NV_NVDLA_cmac/u_core/u_mac_1/u_tree_l0n01/U14/S
                              0.1940         0.2707        -0.0767  (VIOLATED)
   u_NV_NVDLA_cmac/u_core/u_mac_4/u_exp/n5292
                              0.0856         0.1617        -0.0761  (VIOLATED)
       PIN :   u_NV_NVDLA_cmac/u_core/u_mac_4/u_exp/exp_sft_01_reg_2_/Q
                              0.0856         0.1617        -0.0761  (VIOLATED)
   u_NV_NVDLA_cmac/u_core/u_mac_1/u_exp/n5716
                              0.0856         0.1594        -0.0738  (VIOLATED)
       PIN :   u_NV_NVDLA_cmac/u_core/u_mac_1/u_exp/exp_sft_15_reg_2_/Q
                              0.0856         0.1594        -0.0738  (VIOLATED)
   u_NV_NVDLA_cmac/u_core/u_mac_1/u_exp/n5705
                              0.0856         0.1565        -0.0710  (VIOLATED)
       PIN :   u_NV_NVDLA_cmac/u_core/u_mac_1/u_exp/exp_sft_11_reg_2_/Q
                              0.0856         0.1565        -0.0710  (VIOLATED)
   u_NV_NVDLA_cmac/u_core/u_mac_0/exp_sft_04[3]
                              0.0856         0.1537        -0.0681  (VIOLATED)
       PIN :   u_NV_NVDLA_cmac/u_core/u_mac_0/u_exp/exp_sft_04_reg_3_/Q
                              0.0856         0.1537        -0.0681  (VIOLATED)
   u_NV_NVDLA_cmac/u_core/u_mac_4/exp_sft_19[3]
                              0.0856         0.1537        -0.0681  (VIOLATED)
       PIN :   u_NV_NVDLA_cmac/u_core/u_mac_4/u_exp/exp_sft_19_reg_3_/Q
                              0.0856         0.1537        -0.0681  (VIOLATED)
   u_NV_NVDLA_cmac/u_core/u_mac_4/exp_sft_18[2]
                              0.0856         0.1529        -0.0673  (VIOLATED)
       PIN :   u_NV_NVDLA_cmac/u_core/u_mac_4/u_exp/exp_sft_18_reg_2_/Q
                              0.0856         0.1529        -0.0673  (VIOLATED)
   u_NV_NVDLA_cmac/u_core/u_mac_0/exp_sft_17[1]
                              0.0856         0.1516        -0.0661  (VIOLATED)
       PIN :   u_NV_NVDLA_cmac/u_core/u_mac_0/u_exp/exp_sft_17_reg_1_/Q
                              0.0856         0.1516        -0.0661  (VIOLATED)
   u_NV_NVDLA_cmac/u_core/u_mac_6/u_exp/n4734
                              0.0856         0.1509        -0.0654  (VIOLATED)
       PIN :   u_NV_NVDLA_cmac/u_core/u_mac_6/u_exp/exp_sft_63_reg_2_/Q
                              0.0856         0.1509        -0.0654  (VIOLATED)
   u_NV_NVDLA_cmac/u_core/u_mac_0/exp_sft_34[0]
                              0.0856         0.1403        -0.0548  (VIOLATED)
       PIN :   u_NV_NVDLA_cmac/u_core/u_mac_0/u_exp/exp_sft_34_reg_0_/Q
                              0.0856         0.1403        -0.0548  (VIOLATED)
   u_NV_NVDLA_cmac/u_core/u_mac_2/u_exp/n5418
                              0.0856         0.1400        -0.0544  (VIOLATED)
       PIN :   u_NV_NVDLA_cmac/u_core/u_mac_2/u_exp/exp_sft_13_reg_2_/Q
                              0.0856         0.1400        -0.0544  (VIOLATED)
   u_NV_NVDLA_cmac/u_core/u_mac_3/u_exp/n4732
                              0.0856         0.1368        -0.0513  (VIOLATED)
       PIN :   u_NV_NVDLA_cmac/u_core/u_mac_3/u_exp/exp_sft_45_reg_2_/Q
                              0.0856         0.1368        -0.0513  (VIOLATED)
   u_NV_NVDLA_cmac/u_core/u_mac_6/u_exp/n4725
                              0.0856         0.1363        -0.0507  (VIOLATED)
       PIN :   u_NV_NVDLA_cmac/u_core/u_mac_6/u_exp/exp_sft_62_reg_3_/Q
                              0.0856         0.1363        -0.0507  (VIOLATED)
   u_NV_NVDLA_cmac/u_core/u_mac_7/u_exp/n4633
                              0.0856         0.1313        -0.0457  (VIOLATED)
       PIN :   u_NV_NVDLA_cmac/u_core/u_mac_7/u_exp/exp_sft_19_reg_2_/Q
                              0.0856         0.1313        -0.0457  (VIOLATED)
   u_NV_NVDLA_cmac/u_core/u_mac_7/u_exp/n5394
                              0.0856         0.1272        -0.0417  (VIOLATED)
       PIN :   u_NV_NVDLA_cmac/u_core/u_mac_7/u_exp/exp_sft_44_reg_2_/Q
                              0.0856         0.1272        -0.0417  (VIOLATED)
   u_NV_NVDLA_cmac/u_core/u_mac_7/u_exp/n4428
                              0.0856         0.1265        -0.0409  (VIOLATED)
       PIN :   u_NV_NVDLA_cmac/u_core/u_mac_7/u_exp/exp_sft_08_reg_2_/Q
                              0.0856         0.1265        -0.0409  (VIOLATED)
   u_NV_NVDLA_cmac/u_core/u_mac_2/u_exp/n5415
                              0.0856         0.1236        -0.0380  (VIOLATED)
       PIN :   u_NV_NVDLA_cmac/u_core/u_mac_2/u_exp/exp_sft_12_reg_3_/Q
                              0.0856         0.1236        -0.0380  (VIOLATED)
   u_NV_NVDLA_cmac/u_core/u_mac_6/u_exp/n2773
                              0.0856         0.1229        -0.0373  (VIOLATED)
       PIN :   u_NV_NVDLA_cmac/u_core/u_mac_6/u_exp/exp_sft_07_reg_0_/Q
                              0.0856         0.1229        -0.0373  (VIOLATED)
   u_NV_NVDLA_cmac/u_core/u_mac_1/u_exp/n5446
                              0.0856         0.1189        -0.0333  (VIOLATED)
       PIN :   u_NV_NVDLA_cmac/u_core/u_mac_1/u_exp/exp_sft_20_reg_1_/Q
                              0.0856         0.1189        -0.0333  (VIOLATED)
   u_NV_NVDLA_cmac/u_core/u_mac_1/u_exp/n5760
                              0.0856         0.1171        -0.0315  (VIOLATED)
       PIN :   u_NV_NVDLA_cmac/u_core/u_mac_1/u_exp/exp_sft_44_reg_2_/Q
                              0.0856         0.1171        -0.0315  (VIOLATED)
   u_NV_NVDLA_cmac/u_core/u_mac_3/u_exp/n4494
                              0.0856         0.1169        -0.0313  (VIOLATED)
       PIN :   u_NV_NVDLA_cmac/u_core/u_mac_3/u_exp/exp_sft_17_reg_2_/Q
                              0.0856         0.1169        -0.0313  (VIOLATED)
   u_NV_NVDLA_cmac/u_core/u_mac_3/u_exp/n4711
                              0.0856         0.1156        -0.0300  (VIOLATED)
       PIN :   u_NV_NVDLA_cmac/u_core/u_mac_3/u_exp/exp_sft_44_reg_2_/Q
                              0.0856         0.1156        -0.0300  (VIOLATED)
   u_NV_NVDLA_cmac/u_core/u_mac_0/exp_sft_17[3]
                              0.0856         0.1122        -0.0266  (VIOLATED)
       PIN :   u_NV_NVDLA_cmac/u_core/u_mac_0/u_exp/exp_sft_17_reg_3_/Q
                              0.0856         0.1122        -0.0266  (VIOLATED)
   u_NV_NVDLA_cmac/u_core/u_mac_5/u_tree_l0n13/n468
                              0.1940         0.2204        -0.0264  (VIOLATED)
       PIN :   u_NV_NVDLA_cmac/u_core/u_mac_5/u_tree_l0n13/U178/S
                              0.1940         0.2204        -0.0264  (VIOLATED)
   u_NV_NVDLA_cmac/u_core/u_mac_5/u_tree_l0n13/n438
                              0.1940         0.2191        -0.0250  (VIOLATED)
       PIN :   u_NV_NVDLA_cmac/u_core/u_mac_5/u_tree_l0n13/U154/S
                              0.1940         0.2191        -0.0250  (VIOLATED)
   u_NV_NVDLA_cmac/u_core/u_mac_2/exp_sft_08[2]
                              0.0856         0.1105        -0.0250  (VIOLATED)
       PIN :   u_NV_NVDLA_cmac/u_core/u_mac_2/u_exp/exp_sft_08_reg_2_/Q
                              0.0856         0.1105        -0.0250  (VIOLATED)
   u_NV_NVDLA_cmac/u_core/u_mac_5/u_tree_l0n13/n454
                              0.1940         0.2186        -0.0245  (VIOLATED)
       PIN :   u_NV_NVDLA_cmac/u_core/u_mac_5/u_tree_l0n13/U172/S
                              0.1940         0.2186        -0.0245  (VIOLATED)
   u_NV_NVDLA_cmac/u_core/u_mac_7/u_tree_l0n01/n406
                              0.1940         0.2184        -0.0243  (VIOLATED)
       PIN :   u_NV_NVDLA_cmac/u_core/u_mac_7/u_tree_l0n01/U94/S
                              0.1940         0.2184        -0.0243  (VIOLATED)
   u_NV_NVDLA_cmac/u_core/u_mac_1/u_exp/n5690
                              0.0856         0.1097        -0.0242  (VIOLATED)
       PIN :   u_NV_NVDLA_cmac/u_core/u_mac_1/u_exp/exp_sft_07_reg_2_/Q
                              0.0856         0.1097        -0.0242  (VIOLATED)
   u_NV_NVDLA_cmac/u_core/out_data7[125]
                              0.0856         0.1094        -0.0238  (VIOLATED)
       PIN :   u_NV_NVDLA_cmac/u_core/u_mac_7/mac_out_data_reg_125_/Q
                              0.0856         0.1094        -0.0238  (VIOLATED)
   u_NV_NVDLA_cmac/u_core/u_mac_3/u_exp/n4572
                              0.0856         0.1063        -0.0207  (VIOLATED)
       PIN :   u_NV_NVDLA_cmac/u_core/u_mac_3/u_exp/exp_sft_29_reg_2_/Q
                              0.0856         0.1063        -0.0207  (VIOLATED)
   u_NV_NVDLA_cmac/u_core/u_mac_2/u_exp/n5399
                              0.0856         0.1005        -0.0149  (VIOLATED)
       PIN :   u_NV_NVDLA_cmac/u_core/u_mac_2/u_exp/exp_sft_01_reg_2_/Q
                              0.0856         0.1005        -0.0149  (VIOLATED)
   u_NV_NVDLA_cmac/u_core/u_mac_0/u_exp/n5823
                              0.0856         0.1004        -0.0148  (VIOLATED)
       PIN :   u_NV_NVDLA_cmac/u_core/u_mac_0/u_exp/exp_sft_20_reg_2_/Q
                              0.0856         0.1004        -0.0148  (VIOLATED)
   u_NV_NVDLA_cmac/u_core/u_mac_0/exp_sft_02[3]
                              0.0856         0.0983        -0.0127  (VIOLATED)
       PIN :   u_NV_NVDLA_cmac/u_core/u_mac_0/u_exp/exp_sft_02_reg_3_/Q
                              0.0856         0.0983        -0.0127  (VIOLATED)
   u_NV_NVDLA_cmac/u_core/u_mac_4/u_exp/n5865
                              0.0856         0.0982        -0.0127  (VIOLATED)
       PIN :   u_NV_NVDLA_cmac/u_core/u_mac_4/u_exp/exp_sft_16_reg_2_/Q
                              0.0856         0.0982        -0.0127  (VIOLATED)
   u_NV_NVDLA_cmac/u_core/u_mac_4/exp_sft_18[3]
                              0.0856         0.0980        -0.0124  (VIOLATED)
       PIN :   u_NV_NVDLA_cmac/u_core/u_mac_4/u_exp/exp_sft_18_reg_3_/Q
                              0.0856         0.0980        -0.0124  (VIOLATED)
   u_NV_NVDLA_cmac/u_core/u_mac_4/n4893
                              0.0856         0.0975        -0.0120  (VIOLATED)
       PIN :   u_NV_NVDLA_cmac/u_core/u_mac_4/mac_out_data_reg_37_/Q
                              0.0856         0.0975        -0.0120  (VIOLATED)
   u_NV_NVDLA_cmac/u_core/u_mac_0/exp_sft_00[3]
                              0.0856         0.0971        -0.0115  (VIOLATED)
       PIN :   u_NV_NVDLA_cmac/u_core/u_mac_0/u_exp/exp_sft_00_reg_3_/Q
                              0.0856         0.0971        -0.0115  (VIOLATED)
   u_NV_NVDLA_cmac/u_core/u_mac_3/u_exp/n4486
                              0.0856         0.0964        -0.0108  (VIOLATED)
       PIN :   u_NV_NVDLA_cmac/u_core/u_mac_3/u_exp/exp_sft_15_reg_2_/Q
                              0.0856         0.0964        -0.0108  (VIOLATED)
   u_NV_NVDLA_cmac/u_core/u_mac_4/u_exp/n4648
                              0.0856         0.0964        -0.0108  (VIOLATED)
       PIN :   u_NV_NVDLA_cmac/u_core/u_mac_4/u_exp/exp_sft_37_reg_3_/Q
                              0.0856         0.0964        -0.0108  (VIOLATED)
   u_NV_NVDLA_cmac/u_core/u_mac_3/u_exp/n4748
                              0.0856         0.0960        -0.0105  (VIOLATED)
       PIN :   u_NV_NVDLA_cmac/u_core/u_mac_3/u_exp/exp_sft_47_reg_3_/Q
                              0.0856         0.0960        -0.0105  (VIOLATED)
   u_NV_NVDLA_cmac/u_core/dat7_actv_data[790]
                              0.0856         0.0953        -0.0098  (VIOLATED)
       PIN :   u_NV_NVDLA_cmac/u_core/u_active/dat_actv_data_reg7_reg_790_/Q
                              0.0856         0.0953        -0.0098  (VIOLATED)
   u_NV_NVDLA_cmac/u_core/dat2_actv_data[176]
                              0.0856         0.0951        -0.0096  (VIOLATED)
       PIN :   u_NV_NVDLA_cmac/u_core/u_active/dat_actv_data_reg2_reg_176_/Q
                              0.0856         0.0951        -0.0096  (VIOLATED)
   u_NV_NVDLA_cmac/u_core/dat4_actv_data[817]
                              0.0856         0.0951        -0.0096  (VIOLATED)
       PIN :   u_NV_NVDLA_cmac/u_core/u_active/dat_actv_data_reg4_reg_817_/Q
                              0.0856         0.0951        -0.0096  (VIOLATED)
   u_NV_NVDLA_cmac/u_core/dat2_actv_data[994]
                              0.0856         0.0950        -0.0094  (VIOLATED)
       PIN :   u_NV_NVDLA_cmac/u_core/u_active/dat_actv_data_reg2_reg_994_/Q
                              0.0856         0.0950        -0.0094  (VIOLATED)
   u_NV_NVDLA_cmac/u_core/dat4_actv_data[866]
                              0.0856         0.0950        -0.0094  (VIOLATED)
       PIN :   u_NV_NVDLA_cmac/u_core/u_active/dat_actv_data_reg4_reg_866_/Q
                              0.0856         0.0950        -0.0094  (VIOLATED)
   u_NV_NVDLA_cmac/u_core/dat2_actv_data[1008]
                              0.0856         0.0947        -0.0092  (VIOLATED)
       PIN :   u_NV_NVDLA_cmac/u_core/u_active/dat_actv_data_reg2_reg_1008_/Q
                              0.0856         0.0947        -0.0092  (VIOLATED)
   u_NV_NVDLA_cmac/u_core/u_mac_3/u_exp/n4491
                              0.0856         0.0947        -0.0091  (VIOLATED)
       PIN :   u_NV_NVDLA_cmac/u_core/u_mac_3/u_exp/exp_sft_16_reg_2_/Q
                              0.0856         0.0947        -0.0091  (VIOLATED)
   u_NV_NVDLA_cmac/u_core/dat4_actv_data[448]
                              0.0856         0.0944        -0.0089  (VIOLATED)
       PIN :   u_NV_NVDLA_cmac/u_core/u_active/dat_actv_data_reg4_reg_448_/Q
                              0.0856         0.0944        -0.0089  (VIOLATED)
   u_NV_NVDLA_cmac/u_core/dat7_actv_data[753]
                              0.0856         0.0944        -0.0088  (VIOLATED)
       PIN :   u_NV_NVDLA_cmac/u_core/u_active/dat_actv_data_reg7_reg_753_/Q
                              0.0856         0.0944        -0.0088  (VIOLATED)
   u_NV_NVDLA_cmac/u_core/dat6_actv_data[498]
                              0.0856         0.0944        -0.0088  (VIOLATED)
       PIN :   u_NV_NVDLA_cmac/u_core/u_active/dat_actv_data_reg6_reg_498_/Q
                              0.0856         0.0944        -0.0088  (VIOLATED)
   u_NV_NVDLA_cmac/u_core/out_data5[73]
                              0.0856         0.0940        -0.0084  (VIOLATED)
       PIN :   u_NV_NVDLA_cmac/u_core/u_mac_5/mac_out_data_reg_73_/Q
                              0.0856         0.0940        -0.0084  (VIOLATED)
   u_NV_NVDLA_cmac/u_core/dat4_actv_data[274]
                              0.0856         0.0938        -0.0082  (VIOLATED)
       PIN :   u_NV_NVDLA_cmac/u_core/u_active/dat_actv_data_reg4_reg_274_/Q
                              0.0856         0.0938        -0.0082  (VIOLATED)
   u_NV_NVDLA_cmac/u_core/u_mac_6/u_exp/n4196
                              0.0856         0.0937        -0.0082  (VIOLATED)
       PIN :   u_NV_NVDLA_cmac/u_core/u_mac_6/u_exp/exp_sft_32_reg_3_/Q
                              0.0856         0.0937        -0.0082  (VIOLATED)
   u_NV_NVDLA_cmac/u_core/dat6_actv_data[130]
                              0.0856         0.0937        -0.0081  (VIOLATED)
       PIN :   u_NV_NVDLA_cmac/u_core/u_active/dat_actv_data_reg6_reg_130_/Q
                              0.0856         0.0937        -0.0081  (VIOLATED)
   u_NV_NVDLA_cmac/u_core/dat7_actv_data[641]
                              0.0856         0.0936        -0.0080  (VIOLATED)
       PIN :   u_NV_NVDLA_cmac/u_core/u_active/dat_actv_data_reg7_reg_641_/Q
                              0.0856         0.0936        -0.0080  (VIOLATED)
   u_NV_NVDLA_cmac/u_core/dat2_actv_data[1010]
                              0.0856         0.0935        -0.0079  (VIOLATED)
       PIN :   u_NV_NVDLA_cmac/u_core/u_active/dat_actv_data_reg2_reg_1010_/Q
                              0.0856         0.0935        -0.0079  (VIOLATED)
   u_NV_NVDLA_cmac/u_core/dat4_actv_data[816]
                              0.0856         0.0934        -0.0078  (VIOLATED)
       PIN :   u_NV_NVDLA_cmac/u_core/u_active/dat_actv_data_reg4_reg_816_/Q
                              0.0856         0.0934        -0.0078  (VIOLATED)
   u_NV_NVDLA_cmac/u_core/dat4_actv_data[865]
                              0.0856         0.0934        -0.0078  (VIOLATED)
       PIN :   u_NV_NVDLA_cmac/u_core/u_active/dat_actv_data_reg4_reg_865_/Q
                              0.0856         0.0934        -0.0078  (VIOLATED)
   u_NV_NVDLA_cmac/u_core/dat2_actv_data[594]
                              0.0856         0.0933        -0.0078  (VIOLATED)
       PIN :   u_NV_NVDLA_cmac/u_core/u_active/dat_actv_data_reg2_reg_594_/Q
                              0.0856         0.0933        -0.0078  (VIOLATED)
   u_NV_NVDLA_cmac/u_core/dat7_actv_data[754]
                              0.0856         0.0933        -0.0077  (VIOLATED)
       PIN :   u_NV_NVDLA_cmac/u_core/u_active/dat_actv_data_reg7_reg_754_/Q
                              0.0856         0.0933        -0.0077  (VIOLATED)
   u_NV_NVDLA_cmac/u_core/dat2_actv_data[1009]
                              0.0856         0.0933        -0.0077  (VIOLATED)
       PIN :   u_NV_NVDLA_cmac/u_core/u_active/dat_actv_data_reg2_reg_1009_/Q
                              0.0856         0.0933        -0.0077  (VIOLATED)
   u_NV_NVDLA_cmac/u_core/dat2_actv_data[178]
                              0.0856         0.0930        -0.0074  (VIOLATED)
       PIN :   u_NV_NVDLA_cmac/u_core/u_active/dat_actv_data_reg2_reg_178_/Q
                              0.0856         0.0930        -0.0074  (VIOLATED)
   u_NV_NVDLA_cmac/u_core/dat7_actv_data[816]
                              0.0856         0.0929        -0.0073  (VIOLATED)
       PIN :   u_NV_NVDLA_cmac/u_core/u_active/dat_actv_data_reg7_reg_816_/Q
                              0.0856         0.0929        -0.0073  (VIOLATED)
   u_NV_NVDLA_cmac/u_core/dat7_actv_data[818]
                              0.0856         0.0927        -0.0071  (VIOLATED)
       PIN :   u_NV_NVDLA_cmac/u_core/u_active/dat_actv_data_reg7_reg_818_/Q
                              0.0856         0.0927        -0.0071  (VIOLATED)
   u_NV_NVDLA_cmac/u_core/dat2_actv_data[16]
                              0.0856         0.0925        -0.0070  (VIOLATED)
       PIN :   u_NV_NVDLA_cmac/u_core/u_active/dat_actv_data_reg2_reg_16_/Q
                              0.0856         0.0925        -0.0070  (VIOLATED)
   u_NV_NVDLA_cmac/u_core/dat7_actv_data[800]
                              0.0856         0.0924        -0.0068  (VIOLATED)
       PIN :   u_NV_NVDLA_cmac/u_core/u_active/dat_actv_data_reg7_reg_800_/Q
                              0.0856         0.0924        -0.0068  (VIOLATED)
   u_NV_NVDLA_cmac/u_core/u_mac_2/u_mul_28/n206
                              0.0844         0.0910        -0.0067  (VIOLATED)
       PIN :   u_NV_NVDLA_cmac/u_core/u_mac_2/u_mul_28/U48/Y
                              0.0844         0.0910        -0.0067  (VIOLATED)
   u_NV_NVDLA_cmac/u_core/u_mac_3/u_mul_10/n206
                              0.0844         0.0909        -0.0066  (VIOLATED)
       PIN :   u_NV_NVDLA_cmac/u_core/u_mac_3/u_mul_10/U48/Y
                              0.0844         0.0909        -0.0066  (VIOLATED)
   u_NV_NVDLA_cmac/u_core/u_mac_3/u_mul_41/n206
                              0.0844         0.0909        -0.0065  (VIOLATED)
       PIN :   u_NV_NVDLA_cmac/u_core/u_mac_3/u_mul_41/U48/Y
                              0.0844         0.0909        -0.0065  (VIOLATED)
   u_NV_NVDLA_cmac/u_core/u_mac_7/u_mul_44/n206
                              0.0844         0.0908        -0.0065  (VIOLATED)
       PIN :   u_NV_NVDLA_cmac/u_core/u_mac_7/u_mul_44/U48/Y
                              0.0844         0.0908        -0.0065  (VIOLATED)
   u_NV_NVDLA_cmac/u_core/u_mac_1/u_mul_40/n206
                              0.0844         0.0908        -0.0065  (VIOLATED)
       PIN :   u_NV_NVDLA_cmac/u_core/u_mac_1/u_mul_40/U48/Y
                              0.0844         0.0908        -0.0065  (VIOLATED)
   u_NV_NVDLA_cmac/u_core/u_mac_7/u_mul_52/n206
                              0.0844         0.0908        -0.0065  (VIOLATED)
       PIN :   u_NV_NVDLA_cmac/u_core/u_mac_7/u_mul_52/U48/Y
                              0.0844         0.0908        -0.0065  (VIOLATED)
   u_NV_NVDLA_cmac/u_core/u_mac_1/u_mul_12/n206
                              0.0844         0.0908        -0.0064  (VIOLATED)
       PIN :   u_NV_NVDLA_cmac/u_core/u_mac_1/u_mul_12/U48/Y
                              0.0844         0.0908        -0.0064  (VIOLATED)
   u_NV_NVDLA_cmac/u_core/u_mac_1/u_mul_10/n206
                              0.0844         0.0907        -0.0064  (VIOLATED)
       PIN :   u_NV_NVDLA_cmac/u_core/u_mac_1/u_mul_10/U48/Y
                              0.0844         0.0907        -0.0064  (VIOLATED)
   u_NV_NVDLA_cmac/u_core/u_mac_3/u_mul_58/n206
                              0.0844         0.0907        -0.0063  (VIOLATED)
       PIN :   u_NV_NVDLA_cmac/u_core/u_mac_3/u_mul_58/U48/Y
                              0.0844         0.0907        -0.0063  (VIOLATED)
   u_NV_NVDLA_cmac/u_core/u_mac_3/u_mul_53/n206
                              0.0844         0.0907        -0.0063  (VIOLATED)
       PIN :   u_NV_NVDLA_cmac/u_core/u_mac_3/u_mul_53/U48/Y
                              0.0844         0.0907        -0.0063  (VIOLATED)
   u_NV_NVDLA_cmac/u_core/u_mac_1/u_mul_33/n206
                              0.0844         0.0907        -0.0063  (VIOLATED)
       PIN :   u_NV_NVDLA_cmac/u_core/u_mac_1/u_mul_33/U48/Y
                              0.0844         0.0907        -0.0063  (VIOLATED)
   u_NV_NVDLA_cmac/u_core/u_mac_0/u_mul_32/n206
                              0.0844         0.0906        -0.0063  (VIOLATED)
       PIN :   u_NV_NVDLA_cmac/u_core/u_mac_0/u_mul_32/U48/Y
                              0.0844         0.0906        -0.0063  (VIOLATED)
   u_NV_NVDLA_cmac/u_core/u_mac_1/u_mul_24/n206
                              0.0844         0.0906        -0.0062  (VIOLATED)
       PIN :   u_NV_NVDLA_cmac/u_core/u_mac_1/u_mul_24/U48/Y
                              0.0844         0.0906        -0.0062  (VIOLATED)
   u_NV_NVDLA_cmac/u_core/dat4_actv_data[273]
                              0.0856         0.0918        -0.0062  (VIOLATED)
       PIN :   u_NV_NVDLA_cmac/u_core/u_active/dat_actv_data_reg4_reg_273_/Q
                              0.0856         0.0918        -0.0062  (VIOLATED)
   u_NV_NVDLA_cmac/u_core/u_mac_0/u_mul_6/n206
                              0.0844         0.0906        -0.0062  (VIOLATED)
       PIN :   u_NV_NVDLA_cmac/u_core/u_mac_0/u_mul_6/U48/Y
                              0.0844         0.0906        -0.0062  (VIOLATED)
   u_NV_NVDLA_cmac/u_core/u_mac_4/u_mul_33/n206
                              0.0844         0.0905        -0.0061  (VIOLATED)
       PIN :   u_NV_NVDLA_cmac/u_core/u_mac_4/u_mul_33/U48/Y
                              0.0844         0.0905        -0.0061  (VIOLATED)
   u_NV_NVDLA_cmac/u_core/u_mac_2/u_mul_52/n206
                              0.0844         0.0905        -0.0061  (VIOLATED)
       PIN :   u_NV_NVDLA_cmac/u_core/u_mac_2/u_mul_52/U48/Y
                              0.0844         0.0905        -0.0061  (VIOLATED)
   u_NV_NVDLA_cmac/u_core/u_mac_3/u_mul_52/n206
                              0.0844         0.0905        -0.0061  (VIOLATED)
       PIN :   u_NV_NVDLA_cmac/u_core/u_mac_3/u_mul_52/U48/Y
                              0.0844         0.0905        -0.0061  (VIOLATED)
   u_NV_NVDLA_cmac/u_core/u_mac_3/u_mul_8/n206
                              0.0844         0.0904        -0.0060  (VIOLATED)
       PIN :   u_NV_NVDLA_cmac/u_core/u_mac_3/u_mul_8/U48/Y
                              0.0844         0.0904        -0.0060  (VIOLATED)
   u_NV_NVDLA_cmac/u_core/u_mac_5/u_mul_33/n206
                              0.0844         0.0903        -0.0060  (VIOLATED)
       PIN :   u_NV_NVDLA_cmac/u_core/u_mac_5/u_mul_33/U48/Y
                              0.0844         0.0903        -0.0060  (VIOLATED)
   u_NV_NVDLA_cmac/u_core/u_mac_7/u_mul_0/n206
                              0.0844         0.0903        -0.0060  (VIOLATED)
       PIN :   u_NV_NVDLA_cmac/u_core/u_mac_7/u_mul_0/U48/Y
                              0.0844         0.0903        -0.0060  (VIOLATED)
   u_NV_NVDLA_cmac/u_core/out_data5[75]
                              0.0856         0.0915        -0.0060  (VIOLATED)
       PIN :   u_NV_NVDLA_cmac/u_core/u_mac_5/mac_out_data_reg_75_/Q
                              0.0856         0.0915        -0.0060  (VIOLATED)
   u_NV_NVDLA_cmac/u_core/u_mac_7/u_mul_34/n206
                              0.0844         0.0903        -0.0059  (VIOLATED)
       PIN :   u_NV_NVDLA_cmac/u_core/u_mac_7/u_mul_34/U48/Y
                              0.0844         0.0903        -0.0059  (VIOLATED)
   u_NV_NVDLA_cmac/u_core/u_mac_6/u_mul_26/n206
                              0.0844         0.0903        -0.0059  (VIOLATED)
       PIN :   u_NV_NVDLA_cmac/u_core/u_mac_6/u_mul_26/U48/Y
                              0.0844         0.0903        -0.0059  (VIOLATED)
   u_NV_NVDLA_cmac/u_core/u_mac_7/u_mul_54/n206
                              0.0844         0.0903        -0.0059  (VIOLATED)
       PIN :   u_NV_NVDLA_cmac/u_core/u_mac_7/u_mul_54/U48/Y
                              0.0844         0.0903        -0.0059  (VIOLATED)
   u_NV_NVDLA_cmac/u_core/u_mac_7/u_mul_8/n206
                              0.0844         0.0902        -0.0058  (VIOLATED)
       PIN :   u_NV_NVDLA_cmac/u_core/u_mac_7/u_mul_8/U48/Y
                              0.0844         0.0902        -0.0058  (VIOLATED)
   u_NV_NVDLA_cmac/u_core/u_mac_2/u_mul_44/n206
                              0.0844         0.0902        -0.0058  (VIOLATED)
       PIN :   u_NV_NVDLA_cmac/u_core/u_mac_2/u_mul_44/U48/Y
                              0.0844         0.0902        -0.0058  (VIOLATED)
   u_NV_NVDLA_cmac/u_core/u_mac_3/u_mul_60/n206
                              0.0844         0.0902        -0.0058  (VIOLATED)
       PIN :   u_NV_NVDLA_cmac/u_core/u_mac_3/u_mul_60/U48/Y
                              0.0844         0.0902        -0.0058  (VIOLATED)
   u_NV_NVDLA_cmac/u_core/u_mac_1/u_mul_38/n206
                              0.0844         0.0902        -0.0058  (VIOLATED)
       PIN :   u_NV_NVDLA_cmac/u_core/u_mac_1/u_mul_38/U48/Y
                              0.0844         0.0902        -0.0058  (VIOLATED)
   u_NV_NVDLA_cmac/u_core/u_mac_2/u_mul_12/n206
                              0.0844         0.0901        -0.0058  (VIOLATED)
       PIN :   u_NV_NVDLA_cmac/u_core/u_mac_2/u_mul_12/U48/Y
                              0.0844         0.0901        -0.0058  (VIOLATED)
   u_NV_NVDLA_cmac/u_core/u_mac_6/u_mul_32/n206
                              0.0844         0.0901        -0.0057  (VIOLATED)
       PIN :   u_NV_NVDLA_cmac/u_core/u_mac_6/u_mul_32/U48/Y
                              0.0844         0.0901        -0.0057  (VIOLATED)
   u_NV_NVDLA_cmac/u_core/u_mac_1/u_mul_4/n206
                              0.0844         0.0900        -0.0056  (VIOLATED)
       PIN :   u_NV_NVDLA_cmac/u_core/u_mac_1/u_mul_4/U48/Y
                              0.0844         0.0900        -0.0056  (VIOLATED)
   u_NV_NVDLA_cmac/u_core/u_mac_2/u_mul_20/n206
                              0.0844         0.0900        -0.0056  (VIOLATED)
       PIN :   u_NV_NVDLA_cmac/u_core/u_mac_2/u_mul_20/U48/Y
                              0.0844         0.0900        -0.0056  (VIOLATED)
   u_NV_NVDLA_cmac/u_core/u_mac_2/u_mul_45/n206
                              0.0844         0.0900        -0.0056  (VIOLATED)
       PIN :   u_NV_NVDLA_cmac/u_core/u_mac_2/u_mul_45/U48/Y
                              0.0844         0.0900        -0.0056  (VIOLATED)
   u_NV_NVDLA_cmac/u_core/u_mac_3/u_mul_45/n206
                              0.0844         0.0899        -0.0056  (VIOLATED)
       PIN :   u_NV_NVDLA_cmac/u_core/u_mac_3/u_mul_45/U48/Y
                              0.0844         0.0899        -0.0056  (VIOLATED)
   u_NV_NVDLA_cmac/u_core/u_mac_7/u_mul_29/n206
                              0.0844         0.0899        -0.0056  (VIOLATED)
       PIN :   u_NV_NVDLA_cmac/u_core/u_mac_7/u_mul_29/U48/Y
                              0.0844         0.0899        -0.0056  (VIOLATED)
   u_NV_NVDLA_cmac/u_core/u_mac_6/u_mul_6/n206
                              0.0844         0.0899        -0.0055  (VIOLATED)
       PIN :   u_NV_NVDLA_cmac/u_core/u_mac_6/u_mul_6/U48/Y
                              0.0844         0.0899        -0.0055  (VIOLATED)
   u_NV_NVDLA_cmac/u_core/u_mac_2/u_mul_5/n206
                              0.0844         0.0899        -0.0055  (VIOLATED)
       PIN :   u_NV_NVDLA_cmac/u_core/u_mac_2/u_mul_5/U48/Y
                              0.0844         0.0899        -0.0055  (VIOLATED)
   u_NV_NVDLA_cmac/u_core/u_mac_7/u_mul_21/n206
                              0.0844         0.0899        -0.0055  (VIOLATED)
       PIN :   u_NV_NVDLA_cmac/u_core/u_mac_7/u_mul_21/U48/Y
                              0.0844         0.0899        -0.0055  (VIOLATED)
   u_NV_NVDLA_cmac/u_core/dat2_actv_data[129]
                              0.0856         0.0910        -0.0055  (VIOLATED)
       PIN :   u_NV_NVDLA_cmac/u_core/u_active/dat_actv_data_reg2_reg_129_/Q
                              0.0856         0.0910        -0.0055  (VIOLATED)
   u_NV_NVDLA_cmac/u_core/u_mac_0/u_mul_30/n206
                              0.0844         0.0898        -0.0055  (VIOLATED)
       PIN :   u_NV_NVDLA_cmac/u_core/u_mac_0/u_mul_30/U48/Y
                              0.0844         0.0898        -0.0055  (VIOLATED)
   u_NV_NVDLA_cmac/u_core/u_mac_2/u_exp/n5466
                              0.0856         0.0910        -0.0054  (VIOLATED)
       PIN :   u_NV_NVDLA_cmac/u_core/u_mac_2/u_exp/exp_sft_45_reg_0_/Q
                              0.0856         0.0910        -0.0054  (VIOLATED)
   u_NV_NVDLA_cmac/u_core/u_mac_6/u_mul_19/n206
                              0.0844         0.0898        -0.0054  (VIOLATED)
       PIN :   u_NV_NVDLA_cmac/u_core/u_mac_6/u_mul_19/U52/Y
                              0.0844         0.0898        -0.0054  (VIOLATED)
   u_NV_NVDLA_cmac/u_core/u_mac_6/u_mul_43/n206
                              0.0844         0.0897        -0.0054  (VIOLATED)
       PIN :   u_NV_NVDLA_cmac/u_core/u_mac_6/u_mul_43/U52/Y
                              0.0844         0.0897        -0.0054  (VIOLATED)
   u_NV_NVDLA_cmac/u_core/u_mac_1/u_mul_45/n206
                              0.0844         0.0897        -0.0053  (VIOLATED)
       PIN :   u_NV_NVDLA_cmac/u_core/u_mac_1/u_mul_45/U48/Y
                              0.0844         0.0897        -0.0053  (VIOLATED)
   u_NV_NVDLA_cmac/u_core/out_data4[76]
                              0.0856         0.0909        -0.0053  (VIOLATED)
       PIN :   u_NV_NVDLA_cmac/u_core/u_mac_4/mac_out_data_reg_76_/Q
                              0.0856         0.0909        -0.0053  (VIOLATED)
   u_NV_NVDLA_cmac/u_core/u_mac_1/u_mul_21/n206
                              0.0844         0.0897        -0.0053  (VIOLATED)
       PIN :   u_NV_NVDLA_cmac/u_core/u_mac_1/u_mul_21/U48/Y
                              0.0844         0.0897        -0.0053  (VIOLATED)
   u_NV_NVDLA_cmac/u_core/u_mac_0/u_mul_61/n206
                              0.0844         0.0896        -0.0053  (VIOLATED)
       PIN :   u_NV_NVDLA_cmac/u_core/u_mac_0/u_mul_61/U48/Y
                              0.0844         0.0896        -0.0053  (VIOLATED)
   u_NV_NVDLA_cmac/u_core/wt0_actv_data[493]
                              0.0861         0.0913        -0.0053  (VIOLATED)
       PIN :   u_NV_NVDLA_cmac/u_core/u_active/wt0_actv_data_reg_493_/Q
                              0.0861         0.0913        -0.0053  (VIOLATED)
   u_NV_NVDLA_cmac/u_core/u_mac_3/u_exp/n4457
                              0.0856         0.0908        -0.0053  (VIOLATED)
       PIN :   u_NV_NVDLA_cmac/u_core/u_mac_3/u_exp/exp_sft_12_reg_1_/Q
                              0.0856         0.0908        -0.0053  (VIOLATED)
   u_NV_NVDLA_cmac/u_core/u_mac_0/exp_sft_18[3]
                              0.0861         0.0913        -0.0053  (VIOLATED)
       PIN :   u_NV_NVDLA_cmac/u_core/u_mac_0/u_exp/exp_sft_18_reg_3_/Q
                              0.0861         0.0913        -0.0053  (VIOLATED)
   u_NV_NVDLA_cmac/u_core/u_mac_7/u_mul_13/n206
                              0.0844         0.0896        -0.0052  (VIOLATED)
       PIN :   u_NV_NVDLA_cmac/u_core/u_mac_7/u_mul_13/U48/Y
                              0.0844         0.0896        -0.0052  (VIOLATED)
   u_NV_NVDLA_cmac/u_core/u_mac_5/u_mul_52/n206
                              0.0844         0.0896        -0.0052  (VIOLATED)
       PIN :   u_NV_NVDLA_cmac/u_core/u_mac_5/u_mul_52/U48/Y
                              0.0844         0.0896        -0.0052  (VIOLATED)
   u_NV_NVDLA_cmac/u_core/u_active/n98340
                              0.0861         0.0913        -0.0052  (VIOLATED)
       PIN :   u_NV_NVDLA_cmac/u_core/u_active/wt5_actv_data_reg_770_/Q
                              0.0861         0.0913        -0.0052  (VIOLATED)
   u_NV_NVDLA_cmac/u_core/u_mac_7/u_mul_19/n206
                              0.0844         0.0896        -0.0052  (VIOLATED)
       PIN :   u_NV_NVDLA_cmac/u_core/u_mac_7/u_mul_19/U52/Y
                              0.0844         0.0896        -0.0052  (VIOLATED)
   u_NV_NVDLA_cmac/u_core/u_active/n97369
                              0.0861         0.0913        -0.0052  (VIOLATED)
       PIN :   u_NV_NVDLA_cmac/u_core/u_active/dat_pre_data_reg_981_/Q
                              0.0861         0.0913        -0.0052  (VIOLATED)
   u_NV_NVDLA_cmac/u_core/u_active/n100576
                              0.0861         0.0912        -0.0052  (VIOLATED)
       PIN :   u_NV_NVDLA_cmac/u_core/u_active/dat_actv_data_reg0_reg_785_/Q
                              0.0861         0.0912        -0.0052  (VIOLATED)
   u_NV_NVDLA_cmac/u_core/u_mac_4/u_mul_28/n206
                              0.0844         0.0896        -0.0052  (VIOLATED)
       PIN :   u_NV_NVDLA_cmac/u_core/u_mac_4/u_mul_28/U48/Y
                              0.0844         0.0896        -0.0052  (VIOLATED)
   u_NV_NVDLA_cmac/u_core/u_mac_0/u_mul_51/n206
                              0.0844         0.0895        -0.0052  (VIOLATED)
       PIN :   u_NV_NVDLA_cmac/u_core/u_mac_0/u_mul_51/U52/Y
                              0.0844         0.0895        -0.0052  (VIOLATED)
   u_NV_NVDLA_cmac/u_core/u_active/n98404
                              0.0861         0.0912        -0.0051  (VIOLATED)
       PIN :   u_NV_NVDLA_cmac/u_core/u_active/wt0_actv_data_reg_894_/Q
                              0.0861         0.0912        -0.0051  (VIOLATED)
   u_NV_NVDLA_cmac/u_core/u_mac_1/u_mul_23/n206
                              0.0844         0.0895        -0.0051  (VIOLATED)
       PIN :   u_NV_NVDLA_cmac/u_core/u_mac_1/u_mul_23/U52/Y
                              0.0844         0.0895        -0.0051  (VIOLATED)
   u_NV_NVDLA_cmac/u_core/u_active/n101301
                              0.0861         0.0912        -0.0051  (VIOLATED)
       PIN :   u_NV_NVDLA_cmac/u_core/u_active/dat_actv_data_reg3_reg_496_/Q
                              0.0861         0.0912        -0.0051  (VIOLATED)
   u_NV_NVDLA_cmac/u_core/wt0_actv_data[272]
                              0.0861         0.0912        -0.0051  (VIOLATED)
       PIN :   u_NV_NVDLA_cmac/u_core/u_active/wt0_actv_data_reg_272_/Q
                              0.0861         0.0912        -0.0051  (VIOLATED)
   u_NV_NVDLA_cmac/u_core/u_mac_1/u_mul_29/n206
                              0.0844         0.0895        -0.0051  (VIOLATED)
       PIN :   u_NV_NVDLA_cmac/u_core/u_mac_1/u_mul_29/U48/Y
                              0.0844         0.0895        -0.0051  (VIOLATED)
   u_NV_NVDLA_cmac/u_core/u_mac_1/u_mul_50/n206
                              0.0844         0.0895        -0.0051  (VIOLATED)
       PIN :   u_NV_NVDLA_cmac/u_core/u_mac_1/u_mul_50/U48/Y
                              0.0844         0.0895        -0.0051  (VIOLATED)
   u_NV_NVDLA_cmac/u_core/u_mac_4/u_mul_6/n206
                              0.0844         0.0895        -0.0051  (VIOLATED)
       PIN :   u_NV_NVDLA_cmac/u_core/u_mac_4/u_mul_6/U48/Y
                              0.0844         0.0895        -0.0051  (VIOLATED)
   u_NV_NVDLA_cmac/u_core/u_active/n99564
                              0.0861         0.0911        -0.0051  (VIOLATED)
       PIN :   u_NV_NVDLA_cmac/u_core/u_active/dat_pre_data_reg_1010_/Q
                              0.0861         0.0911        -0.0051  (VIOLATED)
   u_NV_NVDLA_cmac/u_core/u_active/n101368
                              0.0861         0.0911        -0.0051  (VIOLATED)
       PIN :   u_NV_NVDLA_cmac/u_core/u_active/dat_actv_data_reg3_reg_384_/Q
                              0.0861         0.0911        -0.0051  (VIOLATED)
   u_NV_NVDLA_cmac/u_core/u_mac_7/u_mul_37/n206
                              0.0844         0.0894        -0.0051  (VIOLATED)
       PIN :   u_NV_NVDLA_cmac/u_core/u_mac_7/u_mul_37/U48/Y
                              0.0844         0.0894        -0.0051  (VIOLATED)
   u_NV_NVDLA_cmac/u_core/u_mac_2/u_mul_17/n206
                              0.0844         0.0894        -0.0050  (VIOLATED)
       PIN :   u_NV_NVDLA_cmac/u_core/u_mac_2/u_mul_17/U48/Y
                              0.0844         0.0894        -0.0050  (VIOLATED)
   u_NV_NVDLA_cmac/u_core/wt5_actv_data[802]
                              0.0861         0.0911        -0.0050  (VIOLATED)
       PIN :   u_NV_NVDLA_cmac/u_core/u_active/wt5_actv_data_reg_802_/Q
                              0.0861         0.0911        -0.0050  (VIOLATED)
   u_NV_NVDLA_cmac/u_core/u_mac_6/u_mul_31/n206
                              0.0844         0.0894        -0.0050  (VIOLATED)
       PIN :   u_NV_NVDLA_cmac/u_core/u_mac_6/u_mul_31/U52/Y
                              0.0844         0.0894        -0.0050  (VIOLATED)
   u_NV_NVDLA_cmac/u_core/u_mac_4/u_mul_47/n206
                              0.0844         0.0893        -0.0050  (VIOLATED)
       PIN :   u_NV_NVDLA_cmac/u_core/u_mac_4/u_mul_47/U52/Y
                              0.0844         0.0893        -0.0050  (VIOLATED)
   u_NV_NVDLA_cmac/u_core/dat7_actv_data[562]
                              0.0856         0.0905        -0.0050  (VIOLATED)
       PIN :   u_NV_NVDLA_cmac/u_core/u_active/dat_actv_data_reg7_reg_562_/Q
                              0.0856         0.0905        -0.0050  (VIOLATED)
   u_NV_NVDLA_cmac/u_core/u_mac_1/u_mul_51/n206
                              0.0844         0.0893        -0.0050  (VIOLATED)
       PIN :   u_NV_NVDLA_cmac/u_core/u_mac_1/u_mul_51/U52/Y
                              0.0844         0.0893        -0.0050  (VIOLATED)
   u_NV_NVDLA_cmac/u_core/u_mac_4/u_mul_49/n206
                              0.0844         0.0893        -0.0050  (VIOLATED)
       PIN :   u_NV_NVDLA_cmac/u_core/u_mac_4/u_mul_49/U48/Y
                              0.0844         0.0893        -0.0050  (VIOLATED)
   u_NV_NVDLA_cmac/u_core/wt5_actv_data[237]
                              0.0861         0.0910        -0.0050  (VIOLATED)
       PIN :   u_NV_NVDLA_cmac/u_core/u_active/wt5_actv_data_reg_237_/Q
                              0.0861         0.0910        -0.0050  (VIOLATED)
   u_NV_NVDLA_cmac/u_core/u_mac_1/pp_out_l0n12_0_d1[23]
                              0.0861         0.0910        -0.0050  (VIOLATED)
       PIN :   u_NV_NVDLA_cmac/u_core/u_mac_1/pp_out_l0n12_0_d1_reg_23_/Q
                              0.0861         0.0910        -0.0050  (VIOLATED)
   u_NV_NVDLA_cmac/u_core/u_mac_5/u_mul_37/n206
                              0.0844         0.0893        -0.0050  (VIOLATED)
       PIN :   u_NV_NVDLA_cmac/u_core/u_mac_5/u_mul_37/U48/Y
                              0.0844         0.0893        -0.0050  (VIOLATED)
   u_NV_NVDLA_cmac/u_core/wt1_actv_data[274]
                              0.0861         0.0910        -0.0049  (VIOLATED)
       PIN :   u_NV_NVDLA_cmac/u_core/u_active/wt1_actv_data_reg_274_/Q
                              0.0861         0.0910        -0.0049  (VIOLATED)
   u_NV_NVDLA_cmac/u_core/wt3_actv_data[693]
                              0.0861         0.0910        -0.0049  (VIOLATED)
       PIN :   u_NV_NVDLA_cmac/u_core/u_active/wt3_actv_data_reg_693_/Q
                              0.0861         0.0910        -0.0049  (VIOLATED)
   u_NV_NVDLA_cmac/u_core/u_mac_6/u_mul_38/n206
                              0.0844         0.0893        -0.0049  (VIOLATED)
       PIN :   u_NV_NVDLA_cmac/u_core/u_mac_6/u_mul_38/U48/Y
                              0.0844         0.0893        -0.0049  (VIOLATED)
   u_NV_NVDLA_cmac/u_core/dat7_actv_data[801]
                              0.0856         0.0905        -0.0049  (VIOLATED)
       PIN :   u_NV_NVDLA_cmac/u_core/u_active/dat_actv_data_reg7_reg_801_/Q
                              0.0856         0.0905        -0.0049  (VIOLATED)
   u_NV_NVDLA_cmac/u_core/dat7_actv_data[832]
                              0.0856         0.0905        -0.0049  (VIOLATED)
       PIN :   u_NV_NVDLA_cmac/u_core/u_active/dat_actv_data_reg7_reg_832_/Q
                              0.0856         0.0905        -0.0049  (VIOLATED)
   u_NV_NVDLA_cmac/u_core/u_mac_6/u_mul_49/n206
                              0.0844         0.0893        -0.0049  (VIOLATED)
       PIN :   u_NV_NVDLA_cmac/u_core/u_mac_6/u_mul_49/U48/Y
                              0.0844         0.0893        -0.0049  (VIOLATED)
   u_NV_NVDLA_cmac/u_core/u_mac_6/u_mul_29/n206
                              0.0844         0.0893        -0.0049  (VIOLATED)
       PIN :   u_NV_NVDLA_cmac/u_core/u_mac_6/u_mul_29/U48/Y
                              0.0844         0.0893        -0.0049  (VIOLATED)
   u_NV_NVDLA_cmac/u_core/dat2_actv_data[529]
                              0.0856         0.0905        -0.0049  (VIOLATED)
       PIN :   u_NV_NVDLA_cmac/u_core/u_active/dat_actv_data_reg2_reg_529_/Q
                              0.0856         0.0905        -0.0049  (VIOLATED)
   u_NV_NVDLA_cmac/u_core/wt3_actv_data[676]
                              0.0861         0.0909        -0.0049  (VIOLATED)
       PIN :   u_NV_NVDLA_cmac/u_core/u_active/wt3_actv_data_reg_676_/Q
                              0.0861         0.0909        -0.0049  (VIOLATED)
   u_NV_NVDLA_cmac/u_core/u_mac_1/u_mul_31/n206
                              0.0844         0.0892        -0.0049  (VIOLATED)
       PIN :   u_NV_NVDLA_cmac/u_core/u_mac_1/u_mul_31/U52/Y
                              0.0844         0.0892        -0.0049  (VIOLATED)
   u_NV_NVDLA_cmac/u_core/u_active/n96679
                              0.0861         0.0909        -0.0048  (VIOLATED)
       PIN :   u_NV_NVDLA_cmac/u_core/u_active/dat_pre_data_reg_611_/Q
                              0.0861         0.0909        -0.0048  (VIOLATED)
   u_NV_NVDLA_cmac/u_core/u_mac_6/u_mul_4/n206
                              0.0844         0.0892        -0.0048  (VIOLATED)
       PIN :   u_NV_NVDLA_cmac/u_core/u_mac_6/u_mul_4/U48/Y
                              0.0844         0.0892        -0.0048  (VIOLATED)
   u_NV_NVDLA_cmac/u_core/u_mac_6/pp_out_l0n12_0_d1[34]
                              0.0861         0.0909        -0.0048  (VIOLATED)
       PIN :   u_NV_NVDLA_cmac/u_core/u_mac_6/pp_out_l0n12_0_d1_reg_34_/Q
                              0.0861         0.0909        -0.0048  (VIOLATED)
   u_NV_NVDLA_cmac/u_core/wt0_actv_data[434]
                              0.0861         0.0909        -0.0048  (VIOLATED)
       PIN :   u_NV_NVDLA_cmac/u_core/u_active/wt0_actv_data_reg_434_/Q
                              0.0861         0.0909        -0.0048  (VIOLATED)
   u_NV_NVDLA_cmac/u_core/u_active/n100589
                              0.0861         0.0908        -0.0048  (VIOLATED)
       PIN :   u_NV_NVDLA_cmac/u_core/u_active/dat_actv_data_reg0_reg_767_/Q
                              0.0861         0.0908        -0.0048  (VIOLATED)
   u_NV_NVDLA_cmac/u_core/wt2_actv_data[669]
                              0.0861         0.0908        -0.0047  (VIOLATED)
       PIN :   u_NV_NVDLA_cmac/u_core/u_active/wt2_actv_data_reg_669_/Q
                              0.0861         0.0908        -0.0047  (VIOLATED)
   u_NV_NVDLA_cmac/u_core/u_active/wt6_sd_nan[8]
                              0.0861         0.0908        -0.0047  (VIOLATED)
       PIN :   u_NV_NVDLA_cmac/u_core/u_active/wt6_sd_nan_reg_8_/Q
                              0.0861         0.0908        -0.0047  (VIOLATED)
   u_NV_NVDLA_cmac/u_core/u_mac_6/u_mul_3/n206
                              0.0844         0.0891        -0.0047  (VIOLATED)
       PIN :   u_NV_NVDLA_cmac/u_core/u_mac_6/u_mul_3/U52/Y
                              0.0844         0.0891        -0.0047  (VIOLATED)
   u_NV_NVDLA_cmac/u_core/wt0_actv_data[819]
                              0.0861         0.0908        -0.0047  (VIOLATED)
       PIN :   u_NV_NVDLA_cmac/u_core/u_active/wt0_actv_data_reg_819_/Q
                              0.0861         0.0908        -0.0047  (VIOLATED)
   u_NV_NVDLA_cmac/u_core/u_mac_1/exp_sft_56[3]
                              0.0861         0.0908        -0.0047  (VIOLATED)
       PIN :   u_NV_NVDLA_cmac/u_core/u_mac_1/u_exp/exp_sft_56_reg_3_/Q
                              0.0861         0.0908        -0.0047  (VIOLATED)
   u_NV_NVDLA_cmac/u_core/u_mac_0/u_mul_16/n206
                              0.0844         0.0891        -0.0047  (VIOLATED)
       PIN :   u_NV_NVDLA_cmac/u_core/u_mac_0/u_mul_16/U48/Y
                              0.0844         0.0891        -0.0047  (VIOLATED)
   u_NV_NVDLA_cmac/u_core/u_mac_4/u_mul_54/n206
                              0.0844         0.0890        -0.0047  (VIOLATED)
       PIN :   u_NV_NVDLA_cmac/u_core/u_mac_4/u_mul_54/U48/Y
                              0.0844         0.0890        -0.0047  (VIOLATED)
   u_NV_NVDLA_cmac/u_core/u_mac_6/u_exp/n4615
                              0.0856         0.0902        -0.0047  (VIOLATED)
       PIN :   u_NV_NVDLA_cmac/u_core/u_mac_6/u_exp/exp_sft_43_reg_0_/Q
                              0.0856         0.0902        -0.0047  (VIOLATED)
   u_NV_NVDLA_cmac/u_core/u_mac_3/u_mul_26/n206
                              0.0844         0.0890        -0.0046  (VIOLATED)
       PIN :   u_NV_NVDLA_cmac/u_core/u_mac_3/u_mul_26/U48/Y
                              0.0844         0.0890        -0.0046  (VIOLATED)
   u_NV_NVDLA_cmac/u_core/u_mac_0/u_exp/n5611
                              0.0856         0.0902        -0.0046  (VIOLATED)
       PIN :   u_NV_NVDLA_cmac/u_core/u_mac_0/u_exp/exp_sft_09_reg_1_/Q
                              0.0856         0.0902        -0.0046  (VIOLATED)
   u_NV_NVDLA_cmac/u_core/u_mac_0/u_mul_9/n206
                              0.0844         0.0890        -0.0046  (VIOLATED)
       PIN :   u_NV_NVDLA_cmac/u_core/u_mac_0/u_mul_9/U48/Y
                              0.0844         0.0890        -0.0046  (VIOLATED)
   u_NV_NVDLA_cmac/u_core/u_mac_2/u_mul_0/n206
                              0.0844         0.0890        -0.0046  (VIOLATED)
       PIN :   u_NV_NVDLA_cmac/u_core/u_mac_2/u_mul_0/U48/Y
                              0.0844         0.0890        -0.0046  (VIOLATED)
   u_NV_NVDLA_cmac/u_core/u_mac_3/u_mul_35/n206
                              0.0844         0.0890        -0.0046  (VIOLATED)
       PIN :   u_NV_NVDLA_cmac/u_core/u_mac_3/u_mul_35/U52/Y
                              0.0844         0.0890        -0.0046  (VIOLATED)
   u_NV_NVDLA_cmac/u_core/u_mac_4/u_mul_58/n206
                              0.0844         0.0890        -0.0046  (VIOLATED)
       PIN :   u_NV_NVDLA_cmac/u_core/u_mac_4/u_mul_58/U48/Y
                              0.0844         0.0890        -0.0046  (VIOLATED)
   u_NV_NVDLA_cmac/u_core/u_mac_6/u_mul_44/n206
                              0.0844         0.0890        -0.0046  (VIOLATED)
       PIN :   u_NV_NVDLA_cmac/u_core/u_mac_6/u_mul_44/U48/Y
                              0.0844         0.0890        -0.0046  (VIOLATED)
   u_NV_NVDLA_cmac/u_core/u_mac_2/u_mul_56/n206
                              0.0844         0.0890        -0.0046  (VIOLATED)
       PIN :   u_NV_NVDLA_cmac/u_core/u_mac_2/u_mul_56/U48/Y
                              0.0844         0.0890        -0.0046  (VIOLATED)
   u_NV_NVDLA_cmac/u_core/u_mac_7/u_mul_20/n206
                              0.0844         0.0889        -0.0046  (VIOLATED)
       PIN :   u_NV_NVDLA_cmac/u_core/u_mac_7/u_mul_20/U48/Y
                              0.0844         0.0889        -0.0046  (VIOLATED)
   u_NV_NVDLA_cmac/u_core/u_mac_0/u_mul_10/n206
                              0.0844         0.0889        -0.0046  (VIOLATED)
       PIN :   u_NV_NVDLA_cmac/u_core/u_mac_0/u_mul_10/U48/Y
                              0.0844         0.0889        -0.0046  (VIOLATED)
   u_NV_NVDLA_cmac/u_core/u_mac_7/u_mul_42/n206
                              0.0844         0.0889        -0.0046  (VIOLATED)
       PIN :   u_NV_NVDLA_cmac/u_core/u_mac_7/u_mul_42/U48/Y
                              0.0844         0.0889        -0.0046  (VIOLATED)
   u_NV_NVDLA_cmac/u_core/u_mac_5/u_mul_44/n206
                              0.0844         0.0889        -0.0045  (VIOLATED)
       PIN :   u_NV_NVDLA_cmac/u_core/u_mac_5/u_mul_44/U48/Y
                              0.0844         0.0889        -0.0045  (VIOLATED)
   u_NV_NVDLA_cmac/u_core/u_active/n98338
                              0.0861         0.0906        -0.0045  (VIOLATED)
       PIN :   u_NV_NVDLA_cmac/u_core/u_active/wt6_actv_data_reg_718_/Q
                              0.0861         0.0906        -0.0045  (VIOLATED)
   u_NV_NVDLA_cmac/u_core/u_mac_4/u_mul_57/n206
                              0.0844         0.0889        -0.0045  (VIOLATED)
       PIN :   u_NV_NVDLA_cmac/u_core/u_mac_4/u_mul_57/U48/Y
                              0.0844         0.0889        -0.0045  (VIOLATED)
   u_NV_NVDLA_cmac/u_core/wt3_actv_data[677]
                              0.0861         0.0905        -0.0045  (VIOLATED)
       PIN :   u_NV_NVDLA_cmac/u_core/u_active/wt3_actv_data_reg_677_/Q
                              0.0861         0.0905        -0.0045  (VIOLATED)
   u_NV_NVDLA_cmac/u_core/u_mac_7/u_mul_61/n206
                              0.0844         0.0888        -0.0044  (VIOLATED)
       PIN :   u_NV_NVDLA_cmac/u_core/u_mac_7/u_mul_61/U48/Y
                              0.0844         0.0888        -0.0044  (VIOLATED)
   u_NV_NVDLA_cmac/u_core/wt0_actv_data[237]
                              0.0861         0.0905        -0.0044  (VIOLATED)
       PIN :   u_NV_NVDLA_cmac/u_core/u_active/wt0_actv_data_reg_237_/Q
                              0.0861         0.0905        -0.0044  (VIOLATED)
   u_NV_NVDLA_cmac/u_core/u_mac_6/pp_out_l0n00_0_d1[26]
                              0.0861         0.0905        -0.0044  (VIOLATED)
       PIN :   u_NV_NVDLA_cmac/u_core/u_mac_6/pp_out_l0n00_0_d1_reg_26_/Q
                              0.0861         0.0905        -0.0044  (VIOLATED)
   u_NV_NVDLA_cmac/u_core/u_mac_3/u_mul_44/n206
                              0.0844         0.0888        -0.0044  (VIOLATED)
       PIN :   u_NV_NVDLA_cmac/u_core/u_mac_3/u_mul_44/U48/Y
                              0.0844         0.0888        -0.0044  (VIOLATED)
   u_NV_NVDLA_cmac/u_core/u_mac_0/u_mul_0/n206
                              0.0844         0.0888        -0.0044  (VIOLATED)
       PIN :   u_NV_NVDLA_cmac/u_core/u_mac_0/u_mul_0/U48/Y
                              0.0844         0.0888        -0.0044  (VIOLATED)
   u_NV_NVDLA_cmac/u_core/wt0_actv_data[433]
                              0.0861         0.0905        -0.0044  (VIOLATED)
       PIN :   u_NV_NVDLA_cmac/u_core/u_active/wt0_actv_data_reg_433_/Q
                              0.0861         0.0905        -0.0044  (VIOLATED)
   u_NV_NVDLA_cmac/u_core/u_mac_2/u_mul_33/n206
                              0.0844         0.0888        -0.0044  (VIOLATED)
       PIN :   u_NV_NVDLA_cmac/u_core/u_mac_2/u_mul_33/U48/Y
                              0.0844         0.0888        -0.0044  (VIOLATED)
   u_NV_NVDLA_cmac/u_core/u_mac_4/u_mul_12/n206
                              0.0844         0.0887        -0.0044  (VIOLATED)
       PIN :   u_NV_NVDLA_cmac/u_core/u_mac_4/u_mul_12/U48/Y
                              0.0844         0.0887        -0.0044  (VIOLATED)
   u_NV_NVDLA_cmac/u_core/u_mac_2/u_mul_15/n206
                              0.0844         0.0887        -0.0044  (VIOLATED)
       PIN :   u_NV_NVDLA_cmac/u_core/u_mac_2/u_mul_15/U52/Y
                              0.0844         0.0887        -0.0044  (VIOLATED)
   u_NV_NVDLA_cmac/u_core/u_mac_3/u_mul_13/n206
                              0.0844         0.0887        -0.0044  (VIOLATED)
       PIN :   u_NV_NVDLA_cmac/u_core/u_mac_3/u_mul_13/U48/Y
                              0.0844         0.0887        -0.0044  (VIOLATED)
   u_NV_NVDLA_cmac/u_core/u_active/n95507
                              0.0861         0.0904        -0.0044  (VIOLATED)
       PIN :   u_NV_NVDLA_cmac/u_core/u_active/wt_pre_nz_reg_61_/Q
                              0.0861         0.0904        -0.0044  (VIOLATED)
   u_NV_NVDLA_cmac/u_core/u_mac_6/u_exp/n4711
                              0.0861         0.0904        -0.0043  (VIOLATED)
       PIN :   u_NV_NVDLA_cmac/u_core/u_mac_6/u_exp/exp_sft_60_reg_0_/Q
                              0.0861         0.0904        -0.0043  (VIOLATED)
   u_NV_NVDLA_cmac/u_core/u_mac_1/u_mul_1/n206
                              0.0844         0.0887        -0.0043  (VIOLATED)
       PIN :   u_NV_NVDLA_cmac/u_core/u_mac_1/u_mul_1/U48/Y
                              0.0844         0.0887        -0.0043  (VIOLATED)
   u_NV_NVDLA_cmac/u_core/dat4_actv_data[818]
                              0.0856         0.0899        -0.0043  (VIOLATED)
       PIN :   u_NV_NVDLA_cmac/u_core/u_active/dat_actv_data_reg4_reg_818_/Q
                              0.0856         0.0899        -0.0043  (VIOLATED)
   u_NV_NVDLA_cmac/u_core/u_active/n101823
                              0.0861         0.0903        -0.0043  (VIOLATED)
       PIN :   u_NV_NVDLA_cmac/u_core/u_active/wt0_actv_data_reg_768_/Q
                              0.0861         0.0903        -0.0043  (VIOLATED)
   u_NV_NVDLA_cmac/u_core/u_mac_7/u_mul_15/n206
                              0.0844         0.0887        -0.0043  (VIOLATED)
       PIN :   u_NV_NVDLA_cmac/u_core/u_mac_7/u_mul_15/U52/Y
                              0.0844         0.0887        -0.0043  (VIOLATED)
   u_NV_NVDLA_cmac/u_core/u_mac_5/u_mul_5/n206
                              0.0844         0.0886        -0.0043  (VIOLATED)
       PIN :   u_NV_NVDLA_cmac/u_core/u_mac_5/u_mul_5/U48/Y
                              0.0844         0.0886        -0.0043  (VIOLATED)
   u_NV_NVDLA_cmac/u_core/wt0_actv_data[448]
                              0.0861         0.0903        -0.0043  (VIOLATED)
       PIN :   u_NV_NVDLA_cmac/u_core/u_active/wt0_actv_data_reg_448_/Q
                              0.0861         0.0903        -0.0043  (VIOLATED)
   u_NV_NVDLA_cmac/u_core/u_mac_0/u_mul_24/n206
                              0.0844         0.0886        -0.0042  (VIOLATED)
       PIN :   u_NV_NVDLA_cmac/u_core/u_mac_0/u_mul_24/U48/Y
                              0.0844         0.0886        -0.0042  (VIOLATED)
   u_NV_NVDLA_cmac/u_core/u_mac_7/u_mul_18/n206
                              0.0844         0.0886        -0.0042  (VIOLATED)
       PIN :   u_NV_NVDLA_cmac/u_core/u_mac_7/u_mul_18/U48/Y
                              0.0844         0.0886        -0.0042  (VIOLATED)
   u_NV_NVDLA_cmac/u_core/u_mac_1/u_mul_52/n206
                              0.0844         0.0886        -0.0042  (VIOLATED)
       PIN :   u_NV_NVDLA_cmac/u_core/u_mac_1/u_mul_52/U48/Y
                              0.0844         0.0886        -0.0042  (VIOLATED)
   u_NV_NVDLA_cmac/u_core/u_active/n100595
                              0.0861         0.0903        -0.0042  (VIOLATED)
       PIN :   u_NV_NVDLA_cmac/u_core/u_active/dat_actv_data_reg0_reg_761_/Q
                              0.0861         0.0903        -0.0042  (VIOLATED)
   u_NV_NVDLA_cmac/u_core/u_mac_5/u_mul_20/n206
                              0.0844         0.0886        -0.0042  (VIOLATED)
       PIN :   u_NV_NVDLA_cmac/u_core/u_mac_5/u_mul_20/U48/Y
                              0.0844         0.0886        -0.0042  (VIOLATED)
   u_NV_NVDLA_cmac/u_core/u_mac_5/u_mul_63/n206
                              0.0844         0.0886        -0.0042  (VIOLATED)
       PIN :   u_NV_NVDLA_cmac/u_core/u_mac_5/u_mul_63/U52/Y
                              0.0844         0.0886        -0.0042  (VIOLATED)
   u_NV_NVDLA_cmac/u_core/u_mac_5/u_mul_30/n206
                              0.0844         0.0886        -0.0042  (VIOLATED)
       PIN :   u_NV_NVDLA_cmac/u_core/u_mac_5/u_mul_30/U48/Y
                              0.0844         0.0886        -0.0042  (VIOLATED)
   u_NV_NVDLA_cmac/u_core/u_mac_0/u_mul_37/n206
                              0.0844         0.0886        -0.0042  (VIOLATED)
       PIN :   u_NV_NVDLA_cmac/u_core/u_mac_0/u_mul_37/U48/Y
                              0.0844         0.0886        -0.0042  (VIOLATED)
   u_NV_NVDLA_cmac/u_core/u_mac_5/u_mul_57/n206
                              0.0844         0.0885        -0.0042  (VIOLATED)
       PIN :   u_NV_NVDLA_cmac/u_core/u_mac_5/u_mul_57/U48/Y
                              0.0844         0.0885        -0.0042  (VIOLATED)
   u_NV_NVDLA_cmac/u_core/u_mac_7/u_exp/n4789
                              0.0861         0.0902        -0.0042  (VIOLATED)
       PIN :   u_NV_NVDLA_cmac/u_core/u_mac_7/u_exp/exp_sft_34_reg_1_/Q
                              0.0861         0.0902        -0.0042  (VIOLATED)
   u_NV_NVDLA_cmac/u_core/u_mac_7/u_mul_27/n206
                              0.0844         0.0885        -0.0041  (VIOLATED)
       PIN :   u_NV_NVDLA_cmac/u_core/u_mac_7/u_mul_27/U52/Y
                              0.0844         0.0885        -0.0041  (VIOLATED)
   u_NV_NVDLA_cmac/u_core/u_mac_7/u_mul_24/n206
                              0.0844         0.0885        -0.0041  (VIOLATED)
       PIN :   u_NV_NVDLA_cmac/u_core/u_mac_7/u_mul_24/U48/Y
                              0.0844         0.0885        -0.0041  (VIOLATED)
   u_NV_NVDLA_cmac/u_core/u_mac_6/u_mul_37/n206
                              0.0844         0.0885        -0.0041  (VIOLATED)
       PIN :   u_NV_NVDLA_cmac/u_core/u_mac_6/u_mul_37/U48/Y
                              0.0844         0.0885        -0.0041  (VIOLATED)
   u_NV_NVDLA_cmac/u_core/u_active/n95214
                              0.0861         0.0902        -0.0041  (VIOLATED)
       PIN :   u_NV_NVDLA_cmac/u_core/u_active/wt0_actv_data_reg_945_/Q
                              0.0861         0.0902        -0.0041  (VIOLATED)
   u_NV_NVDLA_cmac/u_core/u_active/n100870
                              0.0861         0.0902        -0.0041  (VIOLATED)
       PIN :   u_NV_NVDLA_cmac/u_core/u_active/dat_actv_data_reg0_reg_202_/Q
                              0.0861         0.0902        -0.0041  (VIOLATED)
   u_NV_NVDLA_cmac/u_core/u_active/n98055
                              0.0861         0.0901        -0.0041  (VIOLATED)
       PIN :   u_NV_NVDLA_cmac/u_core/u_active/wt6_actv_data_reg_158_/Q
                              0.0861         0.0901        -0.0041  (VIOLATED)
   u_NV_NVDLA_cmac/u_core/u_mac_0/u_mul_21/n206
                              0.0844         0.0884        -0.0041  (VIOLATED)
       PIN :   u_NV_NVDLA_cmac/u_core/u_mac_0/u_mul_21/U48/Y
                              0.0844         0.0884        -0.0041  (VIOLATED)
   u_NV_NVDLA_cmac/u_core/u_active/n99613
                              0.0861         0.0901        -0.0041  (VIOLATED)
       PIN :   u_NV_NVDLA_cmac/u_core/u_active/dat_pre_data_reg_994_/Q
                              0.0861         0.0901        -0.0041  (VIOLATED)
   u_NV_NVDLA_cmac/u_core/u_active/n96596
                              0.0861         0.0901        -0.0041  (VIOLATED)
       PIN :   u_NV_NVDLA_cmac/u_core/u_active/wt6_actv_data_reg_290_/Q
                              0.0861         0.0901        -0.0041  (VIOLATED)
   u_NV_NVDLA_cmac/u_core/out_data7[167]
                              0.0856         0.0896        -0.0040  (VIOLATED)
       PIN :   u_NV_NVDLA_cmac/u_core/u_mac_7/mac_out_data_reg_167_/Q
                              0.0856         0.0896        -0.0040  (VIOLATED)
   u_NV_NVDLA_cmac/u_core/u_mac_0/u_mul_19/n206
                              0.0844         0.0884        -0.0040  (VIOLATED)
       PIN :   u_NV_NVDLA_cmac/u_core/u_mac_0/u_mul_19/U52/Y
                              0.0844         0.0884        -0.0040  (VIOLATED)
   u_NV_NVDLA_cmac/u_core/u_mac_6/u_exp/n4705
                              0.0861         0.0901        -0.0040  (VIOLATED)
       PIN :   u_NV_NVDLA_cmac/u_core/u_mac_6/u_exp/exp_sft_60_reg_1_/Q
                              0.0861         0.0901        -0.0040  (VIOLATED)
   u_NV_NVDLA_cmac/u_core/wt3_actv_data[818]
                              0.0861         0.0901        -0.0040  (VIOLATED)
       PIN :   u_NV_NVDLA_cmac/u_core/u_active/wt3_actv_data_reg_818_/Q
                              0.0861         0.0901        -0.0040  (VIOLATED)
   u_NV_NVDLA_cmac/u_core/u_mac_0/u_mul_33/n206
                              0.0844         0.0884        -0.0040  (VIOLATED)
       PIN :   u_NV_NVDLA_cmac/u_core/u_mac_0/u_mul_33/U48/Y
                              0.0844         0.0884        -0.0040  (VIOLATED)
   u_NV_NVDLA_cmac/u_core/u_mac_2/u_mul_53/n206
                              0.0844         0.0884        -0.0040  (VIOLATED)
       PIN :   u_NV_NVDLA_cmac/u_core/u_mac_2/u_mul_53/U48/Y
                              0.0844         0.0884        -0.0040  (VIOLATED)
   u_NV_NVDLA_cmac/u_core/u_mac_3/u_mul_9/n206
                              0.0844         0.0884        -0.0040  (VIOLATED)
       PIN :   u_NV_NVDLA_cmac/u_core/u_mac_3/u_mul_9/U48/Y
                              0.0844         0.0884        -0.0040  (VIOLATED)
   u_NV_NVDLA_cmac/u_core/u_active/n101300
                              0.0861         0.0900        -0.0040  (VIOLATED)
       PIN :   u_NV_NVDLA_cmac/u_core/u_active/dat_actv_data_reg3_reg_497_/Q
                              0.0861         0.0900        -0.0040  (VIOLATED)
   u_NV_NVDLA_cmac/u_core/u_mac_1/u_mul_61/n206
                              0.0844         0.0884        -0.0040  (VIOLATED)
       PIN :   u_NV_NVDLA_cmac/u_core/u_mac_1/u_mul_61/U48/Y
                              0.0844         0.0884        -0.0040  (VIOLATED)
   u_NV_NVDLA_cmac/u_core/u_mac_0/u_mul_39/n206
                              0.0844         0.0883        -0.0040  (VIOLATED)
       PIN :   u_NV_NVDLA_cmac/u_core/u_mac_0/u_mul_39/U52/Y
                              0.0844         0.0883        -0.0040  (VIOLATED)
   u_NV_NVDLA_cmac/u_core/u_mac_1/u_mul_55/n206
                              0.0844         0.0883        -0.0040  (VIOLATED)
       PIN :   u_NV_NVDLA_cmac/u_core/u_mac_1/u_mul_55/U52/Y
                              0.0844         0.0883        -0.0040  (VIOLATED)
   u_NV_NVDLA_cmac/u_core/u_mac_0/u_mul_57/n206
                              0.0844         0.0883        -0.0040  (VIOLATED)
       PIN :   u_NV_NVDLA_cmac/u_core/u_mac_0/u_mul_57/U48/Y
                              0.0844         0.0883        -0.0040  (VIOLATED)
   u_NV_NVDLA_cmac/u_core/u_active/n100648
                              0.0861         0.0900        -0.0040  (VIOLATED)
       PIN :   u_NV_NVDLA_cmac/u_core/u_active/dat_actv_data_reg0_reg_667_/Q
                              0.0861         0.0900        -0.0040  (VIOLATED)
   u_NV_NVDLA_cmac/u_core/u_mac_5/u_mul_56/n206
                              0.0844         0.0883        -0.0039  (VIOLATED)
       PIN :   u_NV_NVDLA_cmac/u_core/u_mac_5/u_mul_56/U48/Y
                              0.0844         0.0883        -0.0039  (VIOLATED)
   u_NV_NVDLA_cmac/u_core/u_mac_5/u_mul_49/n206
                              0.0844         0.0883        -0.0039  (VIOLATED)
       PIN :   u_NV_NVDLA_cmac/u_core/u_mac_5/u_mul_49/U48/Y
                              0.0844         0.0883        -0.0039  (VIOLATED)
   u_NV_NVDLA_cmac/u_core/u_mac_0/u_mul_44/n206
                              0.0844         0.0883        -0.0039  (VIOLATED)
       PIN :   u_NV_NVDLA_cmac/u_core/u_mac_0/u_mul_44/U48/Y
                              0.0844         0.0883        -0.0039  (VIOLATED)
   u_NV_NVDLA_cmac/u_core/u_active/n100868
                              0.0861         0.0900        -0.0039  (VIOLATED)
       PIN :   u_NV_NVDLA_cmac/u_core/u_active/dat_actv_data_reg0_reg_204_/Q
                              0.0861         0.0900        -0.0039  (VIOLATED)
   u_NV_NVDLA_cmac/u_core/u_mac_2/u_mul_57/n206
                              0.0844         0.0883        -0.0039  (VIOLATED)
       PIN :   u_NV_NVDLA_cmac/u_core/u_mac_2/u_mul_57/U48/Y
                              0.0844         0.0883        -0.0039  (VIOLATED)
   u_NV_NVDLA_cmac/u_core/u_mac_4/pp_out_l0n01_0_d1[0]
                              0.0861         0.0900        -0.0039  (VIOLATED)
       PIN :   u_NV_NVDLA_cmac/u_core/u_mac_4/pp_out_l0n01_0_d1_reg_0_/Q
                              0.0861         0.0900        -0.0039  (VIOLATED)
   u_NV_NVDLA_cmac/u_core/u_mac_4/u_exp/n5871
                              0.0856         0.0895        -0.0039  (VIOLATED)
       PIN :   u_NV_NVDLA_cmac/u_core/u_mac_4/u_exp/exp_sft_21_reg_2_/Q
                              0.0856         0.0895        -0.0039  (VIOLATED)
   u_NV_NVDLA_cmac/u_core/u_mac_6/u_mul_15/n206
                              0.0844         0.0883        -0.0039  (VIOLATED)
       PIN :   u_NV_NVDLA_cmac/u_core/u_mac_6/u_mul_15/U52/Y
                              0.0844         0.0883        -0.0039  (VIOLATED)
   u_NV_NVDLA_cmac/u_core/u_mac_2/u_mul_41/n206
                              0.0844         0.0883        -0.0039  (VIOLATED)
       PIN :   u_NV_NVDLA_cmac/u_core/u_mac_2/u_mul_41/U48/Y
                              0.0844         0.0883        -0.0039  (VIOLATED)
   u_NV_NVDLA_cmac/u_core/u_mac_6/u_mul_46/n206
                              0.0844         0.0882        -0.0039  (VIOLATED)
       PIN :   u_NV_NVDLA_cmac/u_core/u_mac_6/u_mul_46/U48/Y
                              0.0844         0.0882        -0.0039  (VIOLATED)
   u_NV_NVDLA_cmac/u_core/u_active/n100592
                              0.0861         0.0899        -0.0039  (VIOLATED)
       PIN :   u_NV_NVDLA_cmac/u_core/u_active/dat_actv_data_reg0_reg_764_/Q
                              0.0861         0.0899        -0.0039  (VIOLATED)
   u_NV_NVDLA_cmac/u_core/wt5_actv_data[478]
                              0.0861         0.0899        -0.0039  (VIOLATED)
       PIN :   u_NV_NVDLA_cmac/u_core/u_active/wt5_actv_data_reg_478_/Q
                              0.0861         0.0899        -0.0039  (VIOLATED)
   u_NV_NVDLA_cmac/u_core/wt6_actv_data[157]
                              0.0861         0.0899        -0.0039  (VIOLATED)
       PIN :   u_NV_NVDLA_cmac/u_core/u_active/wt6_actv_data_reg_157_/Q
                              0.0861         0.0899        -0.0039  (VIOLATED)
   u_NV_NVDLA_cmac/u_core/u_mac_3/u_mul_15/n206
                              0.0844         0.0882        -0.0038  (VIOLATED)
       PIN :   u_NV_NVDLA_cmac/u_core/u_mac_3/u_mul_15/U52/Y
                              0.0844         0.0882        -0.0038  (VIOLATED)
   u_NV_NVDLA_cmac/u_core/wt0_actv_data[525]
                              0.0861         0.0899        -0.0038  (VIOLATED)
       PIN :   u_NV_NVDLA_cmac/u_core/u_active/wt0_actv_data_reg_525_/Q
                              0.0861         0.0899        -0.0038  (VIOLATED)
   u_NV_NVDLA_cmac/u_core/u_active/n95344
                              0.0861         0.0899        -0.0038  (VIOLATED)
       PIN :   u_NV_NVDLA_cmac/u_core/u_active/wt5_actv_data_reg_769_/Q
                              0.0861         0.0899        -0.0038  (VIOLATED)
   u_NV_NVDLA_cmac/u_core/u_mac_4/u_mul_2/n206
                              0.0844         0.0881        -0.0038  (VIOLATED)
       PIN :   u_NV_NVDLA_cmac/u_core/u_mac_4/u_mul_2/U48/Y
                              0.0844         0.0881        -0.0038  (VIOLATED)
   u_NV_NVDLA_cmac/u_core/u_mac_4/u_mul_46/n206
                              0.0844         0.0881        -0.0038  (VIOLATED)
       PIN :   u_NV_NVDLA_cmac/u_core/u_mac_4/u_mul_46/U48/Y
                              0.0844         0.0881        -0.0038  (VIOLATED)
   u_NV_NVDLA_cmac/u_core/u_mac_6/u_mul_7/n206
                              0.0844         0.0881        -0.0038  (VIOLATED)
       PIN :   u_NV_NVDLA_cmac/u_core/u_mac_6/u_mul_7/U52/Y
                              0.0844         0.0881        -0.0038  (VIOLATED)
   u_NV_NVDLA_cmac/u_core/out_data7[166]
                              0.0856         0.0893        -0.0038  (VIOLATED)
       PIN :   u_NV_NVDLA_cmac/u_core/u_mac_7/mac_out_data_reg_166_/Q
                              0.0856         0.0893        -0.0038  (VIOLATED)
   u_NV_NVDLA_cmac/u_core/wt4_actv_data[481]
                              0.0856         0.0893        -0.0038  (VIOLATED)
       PIN :   u_NV_NVDLA_cmac/u_core/u_active/wt4_actv_data_reg_481_/Q
                              0.0856         0.0893        -0.0038  (VIOLATED)
   u_NV_NVDLA_cmac/u_core/u_mac_7/u_mul_55/n206
                              0.0844         0.0881        -0.0037  (VIOLATED)
       PIN :   u_NV_NVDLA_cmac/u_core/u_mac_7/u_mul_55/U52/Y
                              0.0844         0.0881        -0.0037  (VIOLATED)
   u_NV_NVDLA_cmac/u_core/dat7_actv_data[802]
                              0.0856         0.0893        -0.0037  (VIOLATED)
       PIN :   u_NV_NVDLA_cmac/u_core/u_active/dat_actv_data_reg7_reg_802_/Q
                              0.0856         0.0893        -0.0037  (VIOLATED)
   u_NV_NVDLA_cmac/u_core/u_active/n101299
                              0.0861         0.0898        -0.0037  (VIOLATED)
       PIN :   u_NV_NVDLA_cmac/u_core/u_active/dat_actv_data_reg3_reg_498_/Q
                              0.0861         0.0898        -0.0037  (VIOLATED)
   u_NV_NVDLA_cmac/u_core/u_mac_4/u_mul_61/n206
                              0.0844         0.0881        -0.0037  (VIOLATED)
       PIN :   u_NV_NVDLA_cmac/u_core/u_mac_4/u_mul_61/U48/Y
                              0.0844         0.0881        -0.0037  (VIOLATED)
   u_NV_NVDLA_cmac/u_core/u_mac_0/u_mul_31/n206
                              0.0844         0.0881        -0.0037  (VIOLATED)
       PIN :   u_NV_NVDLA_cmac/u_core/u_mac_0/u_mul_31/U52/Y
                              0.0844         0.0881        -0.0037  (VIOLATED)
   u_NV_NVDLA_cmac/u_core/u_mac_7/u_mul_35/n206
                              0.0844         0.0881        -0.0037  (VIOLATED)
       PIN :   u_NV_NVDLA_cmac/u_core/u_mac_7/u_mul_35/U52/Y
                              0.0844         0.0881        -0.0037  (VIOLATED)
   u_NV_NVDLA_cmac/u_core/u_mac_1/u_mul_13/n206
                              0.0844         0.0880        -0.0037  (VIOLATED)
       PIN :   u_NV_NVDLA_cmac/u_core/u_mac_1/u_mul_13/U48/Y
                              0.0844         0.0880        -0.0037  (VIOLATED)
   u_NV_NVDLA_cmac/u_core/u_mac_7/u_mul_26/n206
                              0.0844         0.0880        -0.0037  (VIOLATED)
       PIN :   u_NV_NVDLA_cmac/u_core/u_mac_7/u_mul_26/U48/Y
                              0.0844         0.0880        -0.0037  (VIOLATED)
   u_NV_NVDLA_cmac/u_core/wt7_actv_data[737]
                              0.0856         0.0892        -0.0036  (VIOLATED)
       PIN :   u_NV_NVDLA_cmac/u_core/u_active/wt7_actv_data_reg_737_/Q
                              0.0856         0.0892        -0.0036  (VIOLATED)
   u_NV_NVDLA_cmac/u_core/u_mac_3/u_mul_31/n206
                              0.0844         0.0880        -0.0036  (VIOLATED)
       PIN :   u_NV_NVDLA_cmac/u_core/u_mac_3/u_mul_31/U52/Y
                              0.0844         0.0880        -0.0036  (VIOLATED)
   u_NV_NVDLA_cmac/u_core/u_active/n101295
                              0.0861         0.0897        -0.0036  (VIOLATED)
       PIN :   u_NV_NVDLA_cmac/u_core/u_active/dat_actv_data_reg3_reg_509_/Q
                              0.0861         0.0897        -0.0036  (VIOLATED)
   u_NV_NVDLA_cmac/u_core/u_mac_1/u_mul_17/n206
                              0.0844         0.0880        -0.0036  (VIOLATED)
       PIN :   u_NV_NVDLA_cmac/u_core/u_mac_1/u_mul_17/U48/Y
                              0.0844         0.0880        -0.0036  (VIOLATED)
   u_NV_NVDLA_cmac/u_core/u_mac_1/u_mul_14/n206
                              0.0844         0.0880        -0.0036  (VIOLATED)
       PIN :   u_NV_NVDLA_cmac/u_core/u_mac_1/u_mul_14/U48/Y
                              0.0844         0.0880        -0.0036  (VIOLATED)
   u_NV_NVDLA_cmac/u_core/out_data7[163]
                              0.0856         0.0892        -0.0036  (VIOLATED)
       PIN :   u_NV_NVDLA_cmac/u_core/u_mac_7/mac_out_data_reg_163_/Q
                              0.0856         0.0892        -0.0036  (VIOLATED)
   u_NV_NVDLA_cmac/u_core/u_mac_5/pp_out_l0n08_1_d1[35]
                              0.0861         0.0896        -0.0036  (VIOLATED)
       PIN :   u_NV_NVDLA_cmac/u_core/u_mac_5/pp_out_l0n08_1_d1_reg_35_/Q
                              0.0861         0.0896        -0.0036  (VIOLATED)
   u_NV_NVDLA_cmac/u_core/u_active/n95172
                              0.0861         0.0896        -0.0036  (VIOLATED)
       PIN :   u_NV_NVDLA_cmac/u_core/u_active/wt6_actv_data_reg_705_/Q
                              0.0861         0.0896        -0.0036  (VIOLATED)
   u_NV_NVDLA_cmac/u_core/u_mac_5/u_exp/n4661
                              0.0861         0.0896        -0.0036  (VIOLATED)
       PIN :   u_NV_NVDLA_cmac/u_core/u_mac_5/u_exp/exp_max_l1_0_d1_reg_3_/Q
                              0.0861         0.0896        -0.0036  (VIOLATED)
   u_NV_NVDLA_cmac/u_core/u_mac_3/u_mul_32/n206
                              0.0844         0.0879        -0.0035  (VIOLATED)
       PIN :   u_NV_NVDLA_cmac/u_core/u_mac_3/u_mul_32/U48/Y
                              0.0844         0.0879        -0.0035  (VIOLATED)
   u_NV_NVDLA_cmac/u_core/u_mac_3/pp_out_l0n00_1_d1[34]
                              0.0861         0.0896        -0.0035  (VIOLATED)
       PIN :   u_NV_NVDLA_cmac/u_core/u_mac_3/pp_out_l0n00_1_d1_reg_34_/Q
                              0.0861         0.0896        -0.0035  (VIOLATED)
   u_NV_NVDLA_cmac/u_core/out_data7[165]
                              0.0856         0.0891        -0.0035  (VIOLATED)
       PIN :   u_NV_NVDLA_cmac/u_core/u_mac_7/mac_out_data_reg_165_/Q
                              0.0856         0.0891        -0.0035  (VIOLATED)
   u_NV_NVDLA_cmac/u_core/u_mac_6/u_mul_56/n206
                              0.0844         0.0879        -0.0035  (VIOLATED)
       PIN :   u_NV_NVDLA_cmac/u_core/u_mac_6/u_mul_56/U48/Y
                              0.0844         0.0879        -0.0035  (VIOLATED)
   u_NV_NVDLA_cmac/u_core/u_mac_6/res_tag_b6_d1[48]
                              0.0856         0.0891        -0.0035  (VIOLATED)
       PIN :   u_NV_NVDLA_cmac/u_core/u_mac_6/res_tag_b6_d1_reg_48_/Q
                              0.0856         0.0891        -0.0035  (VIOLATED)
   u_NV_NVDLA_cmac/u_core/u_active/n95412
                              0.0861         0.0896        -0.0035  (VIOLATED)
       PIN :   u_NV_NVDLA_cmac/u_core/u_active/wt6_actv_data_reg_289_/Q
                              0.0861         0.0896        -0.0035  (VIOLATED)
   u_NV_NVDLA_cmac/u_core/u_mac_3/u_mul_28/n206
                              0.0844         0.0879        -0.0035  (VIOLATED)
       PIN :   u_NV_NVDLA_cmac/u_core/u_mac_3/u_mul_28/U48/Y
                              0.0844         0.0879        -0.0035  (VIOLATED)
   u_NV_NVDLA_cmac/u_core/u_mac_5/pp_out_l0n00_1_d1[34]
                              0.0861         0.0895        -0.0035  (VIOLATED)
       PIN :   u_NV_NVDLA_cmac/u_core/u_mac_5/pp_out_l0n00_1_d1_reg_34_/Q
                              0.0861         0.0895        -0.0035  (VIOLATED)
   u_NV_NVDLA_cmac/u_core/u_mac_3/u_mul_33/n206
                              0.0844         0.0878        -0.0035  (VIOLATED)
       PIN :   u_NV_NVDLA_cmac/u_core/u_mac_3/u_mul_33/U48/Y
                              0.0844         0.0878        -0.0035  (VIOLATED)
   u_NV_NVDLA_cmac/u_core/u_mac_2/u_mul_63/n206
                              0.0844         0.0878        -0.0034  (VIOLATED)
       PIN :   u_NV_NVDLA_cmac/u_core/u_mac_2/u_mul_63/U52/Y
                              0.0844         0.0878        -0.0034  (VIOLATED)
   u_NV_NVDLA_cmac/u_core/wt4_actv_data[737]
                              0.0856         0.0890        -0.0034  (VIOLATED)
       PIN :   u_NV_NVDLA_cmac/u_core/u_active/wt4_actv_data_reg_737_/Q
                              0.0856         0.0890        -0.0034  (VIOLATED)
   u_NV_NVDLA_cmac/u_core/u_mac_2/u_mul_22/n206
                              0.0844         0.0878        -0.0034  (VIOLATED)
       PIN :   u_NV_NVDLA_cmac/u_core/u_mac_2/u_mul_22/U48/Y
                              0.0844         0.0878        -0.0034  (VIOLATED)
   u_NV_NVDLA_cmac/u_core/u_mac_7/u_mul_5/n206
                              0.0844         0.0878        -0.0034  (VIOLATED)
       PIN :   u_NV_NVDLA_cmac/u_core/u_mac_7/u_mul_5/U48/Y
                              0.0844         0.0878        -0.0034  (VIOLATED)
   u_NV_NVDLA_cmac/u_core/u_mac_5/res_tag_b2_d1[27]
                              0.0856         0.0890        -0.0034  (VIOLATED)
       PIN :   u_NV_NVDLA_cmac/u_core/u_mac_5/res_tag_b2_d1_reg_27_/Q
                              0.0856         0.0890        -0.0034  (VIOLATED)
   u_NV_NVDLA_cmac/u_core/u_active/n100980
                              0.0861         0.0895        -0.0034  (VIOLATED)
       PIN :   u_NV_NVDLA_cmac/u_core/u_active/dat_actv_data_reg1_reg_544_/Q
                              0.0861         0.0895        -0.0034  (VIOLATED)
   u_NV_NVDLA_cmac/u_core/u_mac_4/u_mul_13/n206
                              0.0844         0.0878        -0.0034  (VIOLATED)
       PIN :   u_NV_NVDLA_cmac/u_core/u_mac_4/u_mul_13/U48/Y
                              0.0844         0.0878        -0.0034  (VIOLATED)
   u_NV_NVDLA_cmac/u_core/u_mac_7/u_mul_53/n206
                              0.0844         0.0877        -0.0034  (VIOLATED)
       PIN :   u_NV_NVDLA_cmac/u_core/u_mac_7/u_mul_53/U48/Y
                              0.0844         0.0877        -0.0034  (VIOLATED)
   u_NV_NVDLA_cmac/u_core/u_mac_3/u_mul_50/n206
                              0.0844         0.0877        -0.0034  (VIOLATED)
       PIN :   u_NV_NVDLA_cmac/u_core/u_mac_3/u_mul_50/U48/Y
                              0.0844         0.0877        -0.0034  (VIOLATED)
   u_NV_NVDLA_cmac/u_core/wt3_actv_data[691]
                              0.0861         0.0894        -0.0034  (VIOLATED)
       PIN :   u_NV_NVDLA_cmac/u_core/u_active/wt3_actv_data_reg_691_/Q
                              0.0861         0.0894        -0.0034  (VIOLATED)
   u_NV_NVDLA_cmac/u_core/u_active/n94537
                              0.0861         0.0894        -0.0034  (VIOLATED)
       PIN :   u_NV_NVDLA_cmac/u_core/u_active/wt6_actv_data_reg_704_/Q
                              0.0861         0.0894        -0.0034  (VIOLATED)
   u_NV_NVDLA_cmac/u_core/u_mac_0/u_mul_14/n206
                              0.0844         0.0877        -0.0033  (VIOLATED)
       PIN :   u_NV_NVDLA_cmac/u_core/u_mac_0/u_mul_14/U48/Y
                              0.0844         0.0877        -0.0033  (VIOLATED)
   u_NV_NVDLA_cmac/u_core/u_mac_2/u_mul_4/n206
                              0.0844         0.0877        -0.0033  (VIOLATED)
       PIN :   u_NV_NVDLA_cmac/u_core/u_mac_2/u_mul_4/U48/Y
                              0.0844         0.0877        -0.0033  (VIOLATED)
   u_NV_NVDLA_cmac/u_core/wt0_actv_data[480]
                              0.0861         0.0894        -0.0033  (VIOLATED)
       PIN :   u_NV_NVDLA_cmac/u_core/u_active/wt0_actv_data_reg_480_/Q
                              0.0861         0.0894        -0.0033  (VIOLATED)
   u_NV_NVDLA_cmac/u_core/u_mac_2/u_mul_38/n206
                              0.0844         0.0877        -0.0033  (VIOLATED)
       PIN :   u_NV_NVDLA_cmac/u_core/u_mac_2/u_mul_38/U48/Y
                              0.0844         0.0877        -0.0033  (VIOLATED)
   u_NV_NVDLA_cmac/u_core/u_mac_0/u_mul_49/n206
                              0.0844         0.0877        -0.0033  (VIOLATED)
       PIN :   u_NV_NVDLA_cmac/u_core/u_mac_0/u_mul_49/U48/Y
                              0.0844         0.0877        -0.0033  (VIOLATED)
   u_NV_NVDLA_cmac/u_core/u_mac_3/u_mul_36/n206
                              0.0844         0.0877        -0.0033  (VIOLATED)
       PIN :   u_NV_NVDLA_cmac/u_core/u_mac_3/u_mul_36/U48/Y
                              0.0844         0.0877        -0.0033  (VIOLATED)
   u_NV_NVDLA_cmac/u_core/u_mac_6/u_mul_59/n206
                              0.0844         0.0877        -0.0033  (VIOLATED)
       PIN :   u_NV_NVDLA_cmac/u_core/u_mac_6/u_mul_59/U52/Y
                              0.0844         0.0877        -0.0033  (VIOLATED)
   u_NV_NVDLA_cmac/u_core/wt3_actv_data[679]
                              0.0861         0.0894        -0.0033  (VIOLATED)
       PIN :   u_NV_NVDLA_cmac/u_core/u_active/wt3_actv_data_reg_679_/Q
                              0.0861         0.0894        -0.0033  (VIOLATED)
   u_NV_NVDLA_cmac/u_core/u_mac_4/u_mul_63/n206
                              0.0844         0.0877        -0.0033  (VIOLATED)
       PIN :   u_NV_NVDLA_cmac/u_core/u_mac_4/u_mul_63/U52/Y
                              0.0844         0.0877        -0.0033  (VIOLATED)
   u_NV_NVDLA_cmac/u_core/u_mac_6/u_exp/n4732
                              0.0856         0.0888        -0.0033  (VIOLATED)
       PIN :   u_NV_NVDLA_cmac/u_core/u_mac_6/u_exp/exp_sft_63_reg_3_/Q
                              0.0856         0.0888        -0.0033  (VIOLATED)
   u_NV_NVDLA_cmac/u_core/dat4_actv_data[449]
                              0.0856         0.0888        -0.0033  (VIOLATED)
       PIN :   u_NV_NVDLA_cmac/u_core/u_active/dat_actv_data_reg4_reg_449_/Q
                              0.0856         0.0888        -0.0033  (VIOLATED)
   u_NV_NVDLA_cmac/u_core/u_active/n96803
                              0.0861         0.0893        -0.0032  (VIOLATED)
       PIN :   u_NV_NVDLA_cmac/u_core/u_active/dat_pre_data_reg_876_/Q
                              0.0861         0.0893        -0.0032  (VIOLATED)
   u_NV_NVDLA_cmac/u_core/u_mac_7/u_mul_43/n206
                              0.0844         0.0876        -0.0032  (VIOLATED)
       PIN :   u_NV_NVDLA_cmac/u_core/u_mac_7/u_mul_43/U52/Y
                              0.0844         0.0876        -0.0032  (VIOLATED)
   u_NV_NVDLA_cmac/u_core/u_mac_5/u_mul_12/n206
                              0.0844         0.0876        -0.0032  (VIOLATED)
       PIN :   u_NV_NVDLA_cmac/u_core/u_mac_5/u_mul_12/U48/Y
                              0.0844         0.0876        -0.0032  (VIOLATED)
   u_NV_NVDLA_cmac/u_core/u_mac_0/u_exp/n5619
                              0.0861         0.0893        -0.0032  (VIOLATED)
       PIN :   u_NV_NVDLA_cmac/u_core/u_mac_0/u_exp/exp_sft_03_reg_1_/Q
                              0.0861         0.0893        -0.0032  (VIOLATED)
   u_NV_NVDLA_cmac/u_core/u_mac_5/u_mul_45/n206
                              0.0844         0.0876        -0.0032  (VIOLATED)
       PIN :   u_NV_NVDLA_cmac/u_core/u_mac_5/u_mul_45/U48/Y
                              0.0844         0.0876        -0.0032  (VIOLATED)
   u_NV_NVDLA_cmac/u_core/u_mac_0/u_mul_18/n206
                              0.0844         0.0875        -0.0032  (VIOLATED)
       PIN :   u_NV_NVDLA_cmac/u_core/u_mac_0/u_mul_18/U48/Y
                              0.0844         0.0875        -0.0032  (VIOLATED)
   u_NV_NVDLA_cmac/u_core/u_mac_0/u_mul_46/n206
                              0.0844         0.0875        -0.0032  (VIOLATED)
       PIN :   u_NV_NVDLA_cmac/u_core/u_mac_0/u_mul_46/U48/Y
                              0.0844         0.0875        -0.0032  (VIOLATED)
   u_NV_NVDLA_cmac/u_core/u_mac_1/u_mul_3/n206
                              0.0844         0.0875        -0.0032  (VIOLATED)
       PIN :   u_NV_NVDLA_cmac/u_core/u_mac_1/u_mul_3/U52/Y
                              0.0844         0.0875        -0.0032  (VIOLATED)
   u_NV_NVDLA_cmac/u_core/u_mac_4/u_mul_9/n206
                              0.0844         0.0875        -0.0032  (VIOLATED)
       PIN :   u_NV_NVDLA_cmac/u_core/u_mac_4/u_mul_9/U48/Y
                              0.0844         0.0875        -0.0032  (VIOLATED)
   u_NV_NVDLA_cmac/u_core/u_active/n96389
                              0.0861         0.0892        -0.0032  (VIOLATED)
       PIN :   u_NV_NVDLA_cmac/u_core/u_active/dat_pre_nz_reg_119_/Q
                              0.0861         0.0892        -0.0032  (VIOLATED)
   u_NV_NVDLA_cmac/u_core/u_mac_7/u_mul_58/n206
                              0.0844         0.0875        -0.0031  (VIOLATED)
       PIN :   u_NV_NVDLA_cmac/u_core/u_mac_7/u_mul_58/U48/Y
                              0.0844         0.0875        -0.0031  (VIOLATED)
   u_NV_NVDLA_cmac/u_core/u_active/n96884
                              0.0856         0.0887        -0.0031  (VIOLATED)
       PIN :   u_NV_NVDLA_cmac/u_core/u_active/wt_pre_data_reg_861_/Q
                              0.0856         0.0887        -0.0031  (VIOLATED)
   u_NV_NVDLA_cmac/u_core/u_mac_0/u_mul_43/n206
                              0.0844         0.0875        -0.0031  (VIOLATED)
       PIN :   u_NV_NVDLA_cmac/u_core/u_mac_0/u_mul_43/U52/Y
                              0.0844         0.0875        -0.0031  (VIOLATED)
   u_NV_NVDLA_cmac/u_core/wt1_actv_data[862]
                              0.0861         0.0892        -0.0031  (VIOLATED)
       PIN :   u_NV_NVDLA_cmac/u_core/u_active/wt1_actv_data_reg_862_/Q
                              0.0861         0.0892        -0.0031  (VIOLATED)
   u_NV_NVDLA_cmac/u_core/u_active/n94109
                              0.0861         0.0892        -0.0031  (VIOLATED)
       PIN :   u_NV_NVDLA_cmac/u_core/u_active/wt5_actv_data_reg_417_/Q
                              0.0861         0.0892        -0.0031  (VIOLATED)
   u_NV_NVDLA_cmac/u_core/wt2_actv_data[369]
                              0.0861         0.0892        -0.0031  (VIOLATED)
       PIN :   u_NV_NVDLA_cmac/u_core/u_active/wt2_actv_data_reg_369_/Q
                              0.0861         0.0892        -0.0031  (VIOLATED)
   u_NV_NVDLA_cmac/u_core/u_mac_1/u_mul_42/n206
                              0.0844         0.0875        -0.0031  (VIOLATED)
       PIN :   u_NV_NVDLA_cmac/u_core/u_mac_1/u_mul_42/U48/Y
                              0.0844         0.0875        -0.0031  (VIOLATED)
   u_NV_NVDLA_cmac/u_core/u_mac_2/u_mul_42/n206
                              0.0844         0.0875        -0.0031  (VIOLATED)
       PIN :   u_NV_NVDLA_cmac/u_core/u_mac_2/u_mul_42/U48/Y
                              0.0844         0.0875        -0.0031  (VIOLATED)
   u_NV_NVDLA_cmac/u_core/u_mac_4/u_mul_14/n206
                              0.0844         0.0875        -0.0031  (VIOLATED)
       PIN :   u_NV_NVDLA_cmac/u_core/u_mac_4/u_mul_14/U48/Y
                              0.0844         0.0875        -0.0031  (VIOLATED)
   u_NV_NVDLA_cmac/u_core/u_mac_4/u_mul_37/n206
                              0.0844         0.0875        -0.0031  (VIOLATED)
       PIN :   u_NV_NVDLA_cmac/u_core/u_mac_4/u_mul_37/U48/Y
                              0.0844         0.0875        -0.0031  (VIOLATED)
   u_NV_NVDLA_cmac/u_core/u_mac_2/u_mul_21/n206
                              0.0844         0.0875        -0.0031  (VIOLATED)
       PIN :   u_NV_NVDLA_cmac/u_core/u_mac_2/u_mul_21/U48/Y
                              0.0844         0.0875        -0.0031  (VIOLATED)
   u_NV_NVDLA_cmac/u_core/u_active/n97336
                              0.0861         0.0891        -0.0031  (VIOLATED)
       PIN :   u_NV_NVDLA_cmac/u_core/u_active/dat_pre_data_reg_705_/Q
                              0.0861         0.0891        -0.0031  (VIOLATED)
   u_NV_NVDLA_cmac/u_core/u_mac_4/u_mul_18/n206
                              0.0844         0.0874        -0.0031  (VIOLATED)
       PIN :   u_NV_NVDLA_cmac/u_core/u_mac_4/u_mul_18/U48/Y
                              0.0844         0.0874        -0.0031  (VIOLATED)
   u_NV_NVDLA_cmac/u_core/u_mac_5/u_mul_1/n206
                              0.0844         0.0874        -0.0031  (VIOLATED)
       PIN :   u_NV_NVDLA_cmac/u_core/u_mac_5/u_mul_1/U48/Y
                              0.0844         0.0874        -0.0031  (VIOLATED)
   u_NV_NVDLA_cmac/u_core/u_active/n101215
                              0.0861         0.0891        -0.0030  (VIOLATED)
       PIN :   u_NV_NVDLA_cmac/u_core/u_active/dat_actv_data_reg3_reg_712_/Q
                              0.0861         0.0891        -0.0030  (VIOLATED)
   u_NV_NVDLA_cmac/u_core/u_active/n98937
                              0.0861         0.0891        -0.0030  (VIOLATED)
       PIN :   u_NV_NVDLA_cmac/u_core/u_active/wt6_actv_data_reg_734_/Q
                              0.0861         0.0891        -0.0030  (VIOLATED)
   u_NV_NVDLA_cmac/u_core/u_active/n96211
                              0.0861         0.0891        -0.0030  (VIOLATED)
       PIN :   u_NV_NVDLA_cmac/u_core/u_active/wt1_actv_data_reg_462_/Q
                              0.0861         0.0891        -0.0030  (VIOLATED)
   u_NV_NVDLA_cmac/u_core/u_mac_6/u_mul_9/n206
                              0.0844         0.0874        -0.0030  (VIOLATED)
       PIN :   u_NV_NVDLA_cmac/u_core/u_mac_6/u_mul_9/U48/Y
                              0.0844         0.0874        -0.0030  (VIOLATED)
   u_NV_NVDLA_cmac/u_core/u_mac_3/pp_out_l0n05_1_d1[34]
                              0.0861         0.0891        -0.0030  (VIOLATED)
       PIN :   u_NV_NVDLA_cmac/u_core/u_mac_3/pp_out_l0n05_1_d1_reg_34_/Q
                              0.0861         0.0891        -0.0030  (VIOLATED)
   u_NV_NVDLA_cmac/u_core/u_mac_1/pp_out_l2n1_0_d2[3]
                              0.0856         0.0886        -0.0030  (VIOLATED)
       PIN :   u_NV_NVDLA_cmac/u_core/u_mac_1/pp_out_l2n1_0_d2_reg_3_/Q
                              0.0856         0.0886        -0.0030  (VIOLATED)
   u_NV_NVDLA_cmac/u_core/u_mac_2/u_mul_29/n206
                              0.0844         0.0873        -0.0030  (VIOLATED)
       PIN :   u_NV_NVDLA_cmac/u_core/u_mac_2/u_mul_29/U48/Y
                              0.0844         0.0873        -0.0030  (VIOLATED)
   u_NV_NVDLA_cmac/u_core/wt1_actv_data[286]
                              0.0861         0.0890        -0.0030  (VIOLATED)
       PIN :   u_NV_NVDLA_cmac/u_core/u_active/wt1_actv_data_reg_286_/Q
                              0.0861         0.0890        -0.0030  (VIOLATED)
   u_NV_NVDLA_cmac/u_core/u_mac_7/pp_out_l2n1_0_d2[19]
                              0.0856         0.0885        -0.0030  (VIOLATED)
       PIN :   u_NV_NVDLA_cmac/u_core/u_mac_7/pp_out_l2n1_0_d2_reg_19_/Q
                              0.0856         0.0885        -0.0030  (VIOLATED)
   u_NV_NVDLA_cmac/u_core/u_mac_6/u_mul_13/n206
                              0.0844         0.0873        -0.0030  (VIOLATED)
       PIN :   u_NV_NVDLA_cmac/u_core/u_mac_6/u_mul_13/U48/Y
                              0.0844         0.0873        -0.0030  (VIOLATED)
   u_NV_NVDLA_cmac/u_core/u_mac_4/res_tag_b6_d1[17]
                              0.0856         0.0885        -0.0029  (VIOLATED)
       PIN :   u_NV_NVDLA_cmac/u_core/u_mac_4/res_tag_b6_d1_reg_17_/Q
                              0.0856         0.0885        -0.0029  (VIOLATED)
   u_NV_NVDLA_cmac/u_core/u_mac_3/u_mul_63/n206
                              0.0844         0.0873        -0.0029  (VIOLATED)
       PIN :   u_NV_NVDLA_cmac/u_core/u_mac_3/u_mul_63/U52/Y
                              0.0844         0.0873        -0.0029  (VIOLATED)
   u_NV_NVDLA_cmac/u_core/u_mac_3/u_mul_25/n206
                              0.0844         0.0873        -0.0029  (VIOLATED)
       PIN :   u_NV_NVDLA_cmac/u_core/u_mac_3/u_mul_25/U48/Y
                              0.0844         0.0873        -0.0029  (VIOLATED)
   u_NV_NVDLA_cmac/u_core/u_mac_6/pp_out_l0n13_0_d1[35]
                              0.0861         0.0890        -0.0029  (VIOLATED)
       PIN :   u_NV_NVDLA_cmac/u_core/u_mac_6/pp_out_l0n13_0_d1_reg_35_/Q
                              0.0861         0.0890        -0.0029  (VIOLATED)
   u_NV_NVDLA_cmac/u_core/wt2_actv_data[368]
                              0.0861         0.0890        -0.0029  (VIOLATED)
       PIN :   u_NV_NVDLA_cmac/u_core/u_active/wt2_actv_data_reg_368_/Q
                              0.0861         0.0890        -0.0029  (VIOLATED)
   u_NV_NVDLA_cmac/u_core/u_mac_3/u_mul_57/n206
                              0.0844         0.0873        -0.0029  (VIOLATED)
       PIN :   u_NV_NVDLA_cmac/u_core/u_mac_3/u_mul_57/U48/Y
                              0.0844         0.0873        -0.0029  (VIOLATED)
   u_NV_NVDLA_cmac/u_core/u_mac_1/u_mul_8/n206
                              0.0844         0.0872        -0.0029  (VIOLATED)
       PIN :   u_NV_NVDLA_cmac/u_core/u_mac_1/u_mul_8/U48/Y
                              0.0844         0.0872        -0.0029  (VIOLATED)
   u_NV_NVDLA_cmac/u_core/wt2_actv_data[309]
                              0.0861         0.0889        -0.0029  (VIOLATED)
       PIN :   u_NV_NVDLA_cmac/u_core/u_active/wt2_actv_data_reg_309_/Q
                              0.0861         0.0889        -0.0029  (VIOLATED)
   u_NV_NVDLA_cmac/u_core/u_active/n96746
                              0.0861         0.0889        -0.0029  (VIOLATED)
       PIN :   u_NV_NVDLA_cmac/u_core/u_active/wt6_actv_data_reg_766_/Q
                              0.0861         0.0889        -0.0029  (VIOLATED)
   u_NV_NVDLA_cmac/u_core/u_mac_3/u_mul_21/n206
                              0.0844         0.0872        -0.0029  (VIOLATED)
       PIN :   u_NV_NVDLA_cmac/u_core/u_mac_3/u_mul_21/U48/Y
                              0.0844         0.0872        -0.0029  (VIOLATED)
   u_NV_NVDLA_cmac/u_core/u_mac_0/u_mul_4/n206
                              0.0844         0.0872        -0.0029  (VIOLATED)
       PIN :   u_NV_NVDLA_cmac/u_core/u_mac_0/u_mul_4/U48/Y
                              0.0844         0.0872        -0.0029  (VIOLATED)
   u_NV_NVDLA_cmac/u_core/u_mac_6/u_mul_33/n206
                              0.0844         0.0872        -0.0028  (VIOLATED)
       PIN :   u_NV_NVDLA_cmac/u_core/u_mac_6/u_mul_33/U48/Y
                              0.0844         0.0872        -0.0028  (VIOLATED)
   u_NV_NVDLA_cmac/u_core/u_mac_6/u_mul_58/n206
                              0.0844         0.0872        -0.0028  (VIOLATED)
       PIN :   u_NV_NVDLA_cmac/u_core/u_mac_6/u_mul_58/U48/Y
                              0.0844         0.0872        -0.0028  (VIOLATED)
   u_NV_NVDLA_cmac/u_core/u_mac_6/pp_out_l0n13_0_d1[34]
                              0.0861         0.0889        -0.0028  (VIOLATED)
       PIN :   u_NV_NVDLA_cmac/u_core/u_mac_6/pp_out_l0n13_0_d1_reg_34_/Q
                              0.0861         0.0889        -0.0028  (VIOLATED)
   u_NV_NVDLA_cmac/u_core/u_mac_7/u_mul_4/n206
                              0.0844         0.0872        -0.0028  (VIOLATED)
       PIN :   u_NV_NVDLA_cmac/u_core/u_mac_7/u_mul_4/U48/Y
                              0.0844         0.0872        -0.0028  (VIOLATED)
   u_NV_NVDLA_cmac/u_core/u_mac_1/u_mul_36/n206
                              0.0844         0.0872        -0.0028  (VIOLATED)
       PIN :   u_NV_NVDLA_cmac/u_core/u_mac_1/u_mul_36/U48/Y
                              0.0844         0.0872        -0.0028  (VIOLATED)
   u_NV_NVDLA_cmac/u_core/u_mac_5/u_mul_28/n206
                              0.0844         0.0872        -0.0028  (VIOLATED)
       PIN :   u_NV_NVDLA_cmac/u_core/u_mac_5/u_mul_28/U48/Y
                              0.0844         0.0872        -0.0028  (VIOLATED)
   u_NV_NVDLA_cmac/u_core/wt2_actv_data[849]
                              0.0861         0.0888        -0.0028  (VIOLATED)
       PIN :   u_NV_NVDLA_cmac/u_core/u_active/wt2_actv_data_reg_849_/Q
                              0.0861         0.0888        -0.0028  (VIOLATED)
   u_NV_NVDLA_cmac/u_core/u_active/n101297
                              0.0861         0.0888        -0.0028  (VIOLATED)
       PIN :   u_NV_NVDLA_cmac/u_core/u_active/dat_actv_data_reg3_reg_507_/Q
                              0.0861         0.0888        -0.0028  (VIOLATED)
   u_NV_NVDLA_cmac/u_core/wt6_actv_data[925]
                              0.0861         0.0888        -0.0028  (VIOLATED)
       PIN :   u_NV_NVDLA_cmac/u_core/u_active/wt6_actv_data_reg_925_/Q
                              0.0861         0.0888        -0.0028  (VIOLATED)
   u_NV_NVDLA_cmac/u_core/u_mac_7/u_mul_9/n206
                              0.0844         0.0871        -0.0028  (VIOLATED)
       PIN :   u_NV_NVDLA_cmac/u_core/u_mac_7/u_mul_9/U48/Y
                              0.0844         0.0871        -0.0028  (VIOLATED)
   u_NV_NVDLA_cmac/u_core/dat2_actv_data[130]
                              0.0856         0.0883        -0.0028  (VIOLATED)
       PIN :   u_NV_NVDLA_cmac/u_core/u_active/dat_actv_data_reg2_reg_130_/Q
                              0.0856         0.0883        -0.0028  (VIOLATED)
   u_NV_NVDLA_cmac/u_core/u_mac_5/u_exp/n5746
                              0.0861         0.0888        -0.0028  (VIOLATED)
       PIN :   u_NV_NVDLA_cmac/u_core/u_mac_5/u_exp/exp_sft_63_reg_1_/Q
                              0.0861         0.0888        -0.0028  (VIOLATED)
   u_NV_NVDLA_cmac/u_core/u_mac_6/u_mul_53/n206
                              0.0844         0.0871        -0.0028  (VIOLATED)
       PIN :   u_NV_NVDLA_cmac/u_core/u_mac_6/u_mul_53/U48/Y
                              0.0844         0.0871        -0.0028  (VIOLATED)
   u_NV_NVDLA_cmac/u_core/u_active/n96117
                              0.0861         0.0888        -0.0027  (VIOLATED)
       PIN :   u_NV_NVDLA_cmac/u_core/u_active/wt6_actv_data_reg_706_/Q
                              0.0861         0.0888        -0.0027  (VIOLATED)
   u_NV_NVDLA_cmac/u_core/u_mac_4/u_mul_34/n206
                              0.0844         0.0871        -0.0027  (VIOLATED)
       PIN :   u_NV_NVDLA_cmac/u_core/u_mac_4/u_mul_34/U48/Y
                              0.0844         0.0871        -0.0027  (VIOLATED)
   u_NV_NVDLA_cmac/u_core/u_mac_7/pp_out_l0n00_1_d1[20]
                              0.0861         0.0888        -0.0027  (VIOLATED)
       PIN :   u_NV_NVDLA_cmac/u_core/u_mac_7/pp_out_l0n00_1_d1_reg_20_/Q
                              0.0861         0.0888        -0.0027  (VIOLATED)
   u_NV_NVDLA_cmac/u_core/u_mac_1/res_tag_b3_d1[9]
                              0.0856         0.0883        -0.0027  (VIOLATED)
       PIN :   u_NV_NVDLA_cmac/u_core/u_mac_1/res_tag_b3_d1_reg_9_/Q
                              0.0856         0.0883        -0.0027  (VIOLATED)
   u_NV_NVDLA_cmac/u_core/u_mac_1/res_tag_b6_d1[35]
                              0.0856         0.0883        -0.0027  (VIOLATED)
       PIN :   u_NV_NVDLA_cmac/u_core/u_mac_1/res_tag_b6_d1_reg_35_/Q
                              0.0856         0.0883        -0.0027  (VIOLATED)
   u_NV_NVDLA_cmac/u_core/u_mac_0/exp_sft_19[3]
                              0.0861         0.0888        -0.0027  (VIOLATED)
       PIN :   u_NV_NVDLA_cmac/u_core/u_mac_0/u_exp/exp_sft_19_reg_3_/Q
                              0.0861         0.0888        -0.0027  (VIOLATED)
   u_NV_NVDLA_cmac/u_core/u_active/dat_pre_data[926]
                              0.0856         0.0883        -0.0027  (VIOLATED)
       PIN :   u_NV_NVDLA_cmac/u_core/u_active/dat_pre_data_reg_926_/Q
                              0.0856         0.0883        -0.0027  (VIOLATED)
   u_NV_NVDLA_cmac/u_core/u_mac_1/u_mul_32/n206
                              0.0844         0.0871        -0.0027  (VIOLATED)
       PIN :   u_NV_NVDLA_cmac/u_core/u_mac_1/u_mul_32/U48/Y
                              0.0844         0.0871        -0.0027  (VIOLATED)
   u_NV_NVDLA_cmac/u_core/u_mac_3/u_exp/n4757
                              0.0861         0.0888        -0.0027  (VIOLATED)
       PIN :   u_NV_NVDLA_cmac/u_core/u_mac_3/u_exp/exp_sft_61_reg_1_/Q
                              0.0861         0.0888        -0.0027  (VIOLATED)
   u_NV_NVDLA_cmac/u_core/u_mac_0/pp_out_l0n15_0_d1[34]
                              0.0861         0.0887        -0.0027  (VIOLATED)
       PIN :   u_NV_NVDLA_cmac/u_core/u_mac_0/pp_out_l0n15_0_d1_reg_34_/Q
                              0.0861         0.0887        -0.0027  (VIOLATED)
   u_NV_NVDLA_cmac/u_core/u_mac_4/res_tag_b1_d1[46]
                              0.0856         0.0882        -0.0027  (VIOLATED)
       PIN :   u_NV_NVDLA_cmac/u_core/u_mac_4/res_tag_b1_d1_reg_46_/Q
                              0.0856         0.0882        -0.0027  (VIOLATED)
   u_NV_NVDLA_cmac/u_core/u_mac_5/u_mul_53/n206
                              0.0844         0.0870        -0.0027  (VIOLATED)
       PIN :   u_NV_NVDLA_cmac/u_core/u_mac_5/u_mul_53/U48/Y
                              0.0844         0.0870        -0.0027  (VIOLATED)
   u_NV_NVDLA_cmac/u_core/wt6_actv_data[621]
                              0.0861         0.0887        -0.0027  (VIOLATED)
       PIN :   u_NV_NVDLA_cmac/u_core/u_active/wt6_actv_data_reg_621_/Q
                              0.0861         0.0887        -0.0027  (VIOLATED)
   u_NV_NVDLA_cmac/u_core/u_mac_7/u_mul_3/n206
                              0.0844         0.0870        -0.0026  (VIOLATED)
       PIN :   u_NV_NVDLA_cmac/u_core/u_mac_7/u_mul_3/U52/Y
                              0.0844         0.0870        -0.0026  (VIOLATED)
   u_NV_NVDLA_cmac/u_core/u_mac_0/u_mul_56/n206
                              0.0844         0.0870        -0.0026  (VIOLATED)
       PIN :   u_NV_NVDLA_cmac/u_core/u_mac_0/u_mul_56/U48/Y
                              0.0844         0.0870        -0.0026  (VIOLATED)
   u_NV_NVDLA_cmac/u_core/u_mac_7/u_mul_28/n206
                              0.0844         0.0870        -0.0026  (VIOLATED)
       PIN :   u_NV_NVDLA_cmac/u_core/u_mac_7/u_mul_28/U48/Y
                              0.0844         0.0870        -0.0026  (VIOLATED)
   u_NV_NVDLA_cmac/u_core/u_mac_0/u_mul_28/n206
                              0.0844         0.0870        -0.0026  (VIOLATED)
       PIN :   u_NV_NVDLA_cmac/u_core/u_mac_0/u_mul_28/U48/Y
                              0.0844         0.0870        -0.0026  (VIOLATED)
   u_NV_NVDLA_cmac/u_core/u_mac_6/u_mul_30/n206
                              0.0844         0.0870        -0.0026  (VIOLATED)
       PIN :   u_NV_NVDLA_cmac/u_core/u_mac_6/u_mul_30/U48/Y
                              0.0844         0.0870        -0.0026  (VIOLATED)
   u_NV_NVDLA_cmac/u_core/u_mac_6/res_tag_b5_d1[0]
                              0.0856         0.0882        -0.0026  (VIOLATED)
       PIN :   u_NV_NVDLA_cmac/u_core/u_mac_6/res_tag_b5_d1_reg_0_/Q
                              0.0856         0.0882        -0.0026  (VIOLATED)
   u_NV_NVDLA_cmac/u_core/u_mac_2/u_mul_37/n206
                              0.0844         0.0870        -0.0026  (VIOLATED)
       PIN :   u_NV_NVDLA_cmac/u_core/u_mac_2/u_mul_37/U48/Y
                              0.0844         0.0870        -0.0026  (VIOLATED)
   u_NV_NVDLA_cmac/u_core/u_active/n100596
                              0.0861         0.0887        -0.0026  (VIOLATED)
       PIN :   u_NV_NVDLA_cmac/u_core/u_active/dat_actv_data_reg0_reg_760_/Q
                              0.0861         0.0887        -0.0026  (VIOLATED)
   u_NV_NVDLA_cmac/u_core/u_mac_2/u_mul_10/n206
                              0.0844         0.0870        -0.0026  (VIOLATED)
       PIN :   u_NV_NVDLA_cmac/u_core/u_mac_2/u_mul_10/U48/Y
                              0.0844         0.0870        -0.0026  (VIOLATED)
   u_NV_NVDLA_cmac/u_core/u_mac_3/u_mul_51/n206
                              0.0844         0.0870        -0.0026  (VIOLATED)
       PIN :   u_NV_NVDLA_cmac/u_core/u_mac_3/u_mul_51/U52/Y
                              0.0844         0.0870        -0.0026  (VIOLATED)
   u_NV_NVDLA_cmac/u_core/u_mac_7/u_mul_25/n206
                              0.0844         0.0870        -0.0026  (VIOLATED)
       PIN :   u_NV_NVDLA_cmac/u_core/u_mac_7/u_mul_25/U48/Y
                              0.0844         0.0870        -0.0026  (VIOLATED)
   u_NV_NVDLA_cmac/u_core/u_mac_7/res_tag_b5_d1[56]
                              0.0856         0.0881        -0.0026  (VIOLATED)
       PIN :   u_NV_NVDLA_cmac/u_core/u_mac_7/res_tag_b5_d1_reg_56_/Q
                              0.0856         0.0881        -0.0026  (VIOLATED)
   u_NV_NVDLA_cmac/u_core/wt1_actv_data[302]
                              0.0861         0.0886        -0.0025  (VIOLATED)
       PIN :   u_NV_NVDLA_cmac/u_core/u_active/wt1_actv_data_reg_302_/Q
                              0.0861         0.0886        -0.0025  (VIOLATED)
   u_NV_NVDLA_cmac/u_core/u_mac_6/u_mul_54/n206
                              0.0844         0.0869        -0.0025  (VIOLATED)
       PIN :   u_NV_NVDLA_cmac/u_core/u_mac_6/u_mul_54/U48/Y
                              0.0844         0.0869        -0.0025  (VIOLATED)
   u_NV_NVDLA_cmac/u_core/u_mac_7/u_mul_62/n206
                              0.0844         0.0869        -0.0025  (VIOLATED)
       PIN :   u_NV_NVDLA_cmac/u_core/u_mac_7/u_mul_62/U48/Y
                              0.0844         0.0869        -0.0025  (VIOLATED)
   u_NV_NVDLA_cmac/u_core/u_active/n95637
                              0.0861         0.0886        -0.0025  (VIOLATED)
       PIN :   u_NV_NVDLA_cmac/u_core/u_active/wt_pre_nan_reg_62_/Q
                              0.0861         0.0886        -0.0025  (VIOLATED)
   u_NV_NVDLA_cmac/u_core/u_active/n98472
                              0.0861         0.0886        -0.0025  (VIOLATED)
       PIN :   u_NV_NVDLA_cmac/u_core/u_active/wt3_actv_data_reg_718_/Q
                              0.0861         0.0886        -0.0025  (VIOLATED)
   u_NV_NVDLA_cmac/u_core/u_mac_3/u_mul_7/n206
                              0.0844         0.0868        -0.0025  (VIOLATED)
       PIN :   u_NV_NVDLA_cmac/u_core/u_mac_3/u_mul_7/U52/Y
                              0.0844         0.0868        -0.0025  (VIOLATED)
   u_NV_NVDLA_cmac/u_core/u_mac_2/pp_out_l0n06_1_d1[20]
                              0.0856         0.0880        -0.0025  (VIOLATED)
       PIN :   u_NV_NVDLA_cmac/u_core/u_mac_2/pp_out_l0n06_1_d1_reg_20_/Q
                              0.0856         0.0880        -0.0025  (VIOLATED)
   u_NV_NVDLA_cmac/u_core/u_active/n94834
                              0.0861         0.0885        -0.0025  (VIOLATED)
       PIN :   u_NV_NVDLA_cmac/u_core/u_active/wt_pre_nz_reg_25_/Q
                              0.0861         0.0885        -0.0025  (VIOLATED)
   u_NV_NVDLA_cmac/u_core/u_mac_2/u_mul_46/n206
                              0.0844         0.0868        -0.0025  (VIOLATED)
       PIN :   u_NV_NVDLA_cmac/u_core/u_mac_2/u_mul_46/U48/Y
                              0.0844         0.0868        -0.0025  (VIOLATED)
   u_NV_NVDLA_cmac/u_core/dat4_actv_data[249]
                              0.0856         0.0880        -0.0025  (VIOLATED)
       PIN :   u_NV_NVDLA_cmac/u_core/u_active/dat_actv_data_reg4_reg_249_/Q
                              0.0856         0.0880        -0.0025  (VIOLATED)
   u_NV_NVDLA_cmac/u_core/u_mac_3/u_mul_1/n206
                              0.0844         0.0868        -0.0024  (VIOLATED)
       PIN :   u_NV_NVDLA_cmac/u_core/u_mac_3/u_mul_1/U48/Y
                              0.0844         0.0868        -0.0024  (VIOLATED)
   u_NV_NVDLA_cmac/u_core/u_mac_2/u_mul_36/n206
                              0.0844         0.0868        -0.0024  (VIOLATED)
       PIN :   u_NV_NVDLA_cmac/u_core/u_mac_2/u_mul_36/U48/Y
                              0.0844         0.0868        -0.0024  (VIOLATED)
   u_NV_NVDLA_cmac/u_core/dat6_actv_data[460]
                              0.0856         0.0880        -0.0024  (VIOLATED)
       PIN :   u_NV_NVDLA_cmac/u_core/u_active/dat_actv_data_reg6_reg_460_/Q
                              0.0856         0.0880        -0.0024  (VIOLATED)
   u_NV_NVDLA_cmac/u_core/u_active/n96566
                              0.0861         0.0885        -0.0024  (VIOLATED)
       PIN :   u_NV_NVDLA_cmac/u_core/u_active/dat_pre_data_reg_74_/Q
                              0.0861         0.0885        -0.0024  (VIOLATED)
   u_NV_NVDLA_cmac/u_core/u_mac_4/u_mul_59/n206
                              0.0844         0.0868        -0.0024  (VIOLATED)
       PIN :   u_NV_NVDLA_cmac/u_core/u_mac_4/u_mul_59/U52/Y
                              0.0844         0.0868        -0.0024  (VIOLATED)
   u_NV_NVDLA_cmac/u_core/u_mac_2/u_mul_25/n206
                              0.0844         0.0868        -0.0024  (VIOLATED)
       PIN :   u_NV_NVDLA_cmac/u_core/u_mac_2/u_mul_25/U48/Y
                              0.0844         0.0868        -0.0024  (VIOLATED)
   u_NV_NVDLA_cmac/u_core/u_mac_6/u_mul_20/n206
                              0.0844         0.0868        -0.0024  (VIOLATED)
       PIN :   u_NV_NVDLA_cmac/u_core/u_mac_6/u_mul_20/U48/Y
                              0.0844         0.0868        -0.0024  (VIOLATED)
   u_NV_NVDLA_cmac/u_core/wt5_actv_data[961]
                              0.0861         0.0884        -0.0024  (VIOLATED)
       PIN :   u_NV_NVDLA_cmac/u_core/u_active/wt5_actv_data_reg_961_/Q
                              0.0861         0.0884        -0.0024  (VIOLATED)
   u_NV_NVDLA_cmac/u_core/u_mac_0/u_mul_17/n206
                              0.0844         0.0867        -0.0024  (VIOLATED)
       PIN :   u_NV_NVDLA_cmac/u_core/u_mac_0/u_mul_17/U48/Y
                              0.0844         0.0867        -0.0024  (VIOLATED)
   u_NV_NVDLA_cmac/u_core/u_mac_2/u_mul_13/n206
                              0.0844         0.0867        -0.0024  (VIOLATED)
       PIN :   u_NV_NVDLA_cmac/u_core/u_mac_2/u_mul_13/U48/Y
                              0.0844         0.0867        -0.0024  (VIOLATED)
   u_NV_NVDLA_cmac/u_core/wt5_actv_data[960]
                              0.0861         0.0884        -0.0024  (VIOLATED)
       PIN :   u_NV_NVDLA_cmac/u_core/u_active/wt5_actv_data_reg_960_/Q
                              0.0861         0.0884        -0.0024  (VIOLATED)
   u_NV_NVDLA_cmac/u_core/u_mac_5/u_mul_3/n206
                              0.0844         0.0867        -0.0024  (VIOLATED)
       PIN :   u_NV_NVDLA_cmac/u_core/u_mac_5/u_mul_3/U52/Y
                              0.0844         0.0867        -0.0024  (VIOLATED)
   u_NV_NVDLA_cmac/u_core/u_mac_0/exp_sft_24[3]
                              0.0861         0.0884        -0.0024  (VIOLATED)
       PIN :   u_NV_NVDLA_cmac/u_core/u_mac_0/u_exp/exp_sft_24_reg_3_/Q
                              0.0861         0.0884        -0.0024  (VIOLATED)
   u_NV_NVDLA_cmac/u_core/u_mac_2/u_mul_14/n206
                              0.0844         0.0867        -0.0024  (VIOLATED)
       PIN :   u_NV_NVDLA_cmac/u_core/u_mac_2/u_mul_14/U48/Y
                              0.0844         0.0867        -0.0024  (VIOLATED)
   u_NV_NVDLA_cmac/u_core/u_mac_2/u_mul_48/n206
                              0.0844         0.0867        -0.0023  (VIOLATED)
       PIN :   u_NV_NVDLA_cmac/u_core/u_mac_2/u_mul_48/U48/Y
                              0.0844         0.0867        -0.0023  (VIOLATED)
   u_NV_NVDLA_cmac/u_core/wt2_actv_data[314]
                              0.0861         0.0884        -0.0023  (VIOLATED)
       PIN :   u_NV_NVDLA_cmac/u_core/u_active/wt2_actv_data_reg_314_/Q
                              0.0861         0.0884        -0.0023  (VIOLATED)
   u_NV_NVDLA_cmac/u_core/u_active/n95192
                              0.0856         0.0879        -0.0023  (VIOLATED)
       PIN :   u_NV_NVDLA_cmac/u_core/u_active/dat_pre_data_reg_957_/Q
                              0.0856         0.0879        -0.0023  (VIOLATED)
   u_NV_NVDLA_cmac/u_core/u_mac_5/u_mul_22/n206
                              0.0844         0.0867        -0.0023  (VIOLATED)
       PIN :   u_NV_NVDLA_cmac/u_core/u_mac_5/u_mul_22/U48/Y
                              0.0844         0.0867        -0.0023  (VIOLATED)
   u_NV_NVDLA_cmac/u_core/u_mac_2/n3888
                              0.0861         0.0884        -0.0023  (VIOLATED)
       PIN :   u_NV_NVDLA_cmac/u_core/u_mac_2/mac_out_data_reg_26_/Q
                              0.0861         0.0884        -0.0023  (VIOLATED)
   u_NV_NVDLA_cmac/u_core/wt3_actv_data[684]
                              0.0861         0.0883        -0.0023  (VIOLATED)
       PIN :   u_NV_NVDLA_cmac/u_core/u_active/wt3_actv_data_reg_684_/Q
                              0.0861         0.0883        -0.0023  (VIOLATED)
   u_NV_NVDLA_cmac/u_core/u_mac_3/pp_out_l2n3_0_d2[16]
                              0.0856         0.0879        -0.0023  (VIOLATED)
       PIN :   u_NV_NVDLA_cmac/u_core/u_mac_3/pp_out_l2n3_0_d2_reg_16_/Q
                              0.0856         0.0879        -0.0023  (VIOLATED)
   u_NV_NVDLA_cmac/u_core/u_active/n101214
                              0.0861         0.0883        -0.0023  (VIOLATED)
       PIN :   u_NV_NVDLA_cmac/u_core/u_active/dat_actv_data_reg3_reg_713_/Q
                              0.0861         0.0883        -0.0023  (VIOLATED)
   u_NV_NVDLA_cmac/u_core/u_active/n100866
                              0.0861         0.0883        -0.0023  (VIOLATED)
       PIN :   u_NV_NVDLA_cmac/u_core/u_active/dat_actv_data_reg0_reg_206_/Q
                              0.0861         0.0883        -0.0023  (VIOLATED)
   u_NV_NVDLA_cmac/u_core/u_mac_4/exp_sft_32[3]
                              0.0861         0.0883        -0.0023  (VIOLATED)
       PIN :   u_NV_NVDLA_cmac/u_core/u_mac_4/u_exp/exp_sft_32_reg_3_/Q
                              0.0861         0.0883        -0.0023  (VIOLATED)
   u_NV_NVDLA_cmac/u_core/u_mac_3/pp_out_l0n05_1_d1[35]
                              0.0861         0.0883        -0.0023  (VIOLATED)
       PIN :   u_NV_NVDLA_cmac/u_core/u_mac_3/pp_out_l0n05_1_d1_reg_35_/Q
                              0.0861         0.0883        -0.0023  (VIOLATED)
   u_NV_NVDLA_cmac/u_core/u_active/wt_pre_exp[109]
                              0.0861         0.0883        -0.0022  (VIOLATED)
       PIN :   u_NV_NVDLA_cmac/u_core/u_active/wt_pre_exp_reg_109_/Q
                              0.0861         0.0883        -0.0022  (VIOLATED)
   u_NV_NVDLA_cmac/u_core/u_mac_5/pp_out_l0n09_0_d1[14]
                              0.0861         0.0883        -0.0022  (VIOLATED)
       PIN :   u_NV_NVDLA_cmac/u_core/u_mac_5/pp_out_l0n09_0_d1_reg_14_/Q
                              0.0861         0.0883        -0.0022  (VIOLATED)
   u_NV_NVDLA_cmac/u_core/u_active/n96093
                              0.0861         0.0883        -0.0022  (VIOLATED)
       PIN :   u_NV_NVDLA_cmac/u_core/u_active/wt3_actv_data_reg_752_/Q
                              0.0861         0.0883        -0.0022  (VIOLATED)
   u_NV_NVDLA_cmac/u_core/u_mac_3/u_mul_11/n206
                              0.0844         0.0866        -0.0022  (VIOLATED)
       PIN :   u_NV_NVDLA_cmac/u_core/u_mac_3/u_mul_11/U52/Y
                              0.0844         0.0866        -0.0022  (VIOLATED)
   u_NV_NVDLA_cmac/u_core/u_mac_2/u_mul_60/n206
                              0.0844         0.0866        -0.0022  (VIOLATED)
       PIN :   u_NV_NVDLA_cmac/u_core/u_mac_2/u_mul_60/U48/Y
                              0.0844         0.0866        -0.0022  (VIOLATED)
   u_NV_NVDLA_cmac/u_core/u_mac_0/pp_out_l0n15_0_d1[35]
                              0.0861         0.0883        -0.0022  (VIOLATED)
       PIN :   u_NV_NVDLA_cmac/u_core/u_mac_0/pp_out_l0n15_0_d1_reg_35_/Q
                              0.0861         0.0883        -0.0022  (VIOLATED)
   u_NV_NVDLA_cmac/u_core/u_mac_4/u_mul_20/n206
                              0.0844         0.0866        -0.0022  (VIOLATED)
       PIN :   u_NV_NVDLA_cmac/u_core/u_mac_4/u_mul_20/U48/Y
                              0.0844         0.0866        -0.0022  (VIOLATED)
   u_NV_NVDLA_cmac/u_core/u_mac_6/u_mul_27/n206
                              0.0844         0.0866        -0.0022  (VIOLATED)
       PIN :   u_NV_NVDLA_cmac/u_core/u_mac_6/u_mul_27/U52/Y
                              0.0844         0.0866        -0.0022  (VIOLATED)
   u_NV_NVDLA_cmac/u_core/u_mac_1/pp_out_l2n1_0_d2[9]
                              0.0856         0.0877        -0.0022  (VIOLATED)
       PIN :   u_NV_NVDLA_cmac/u_core/u_mac_1/pp_out_l2n1_0_d2_reg_9_/Q
                              0.0856         0.0877        -0.0022  (VIOLATED)
   u_NV_NVDLA_cmac/u_core/u_active/n101462
                              0.0861         0.0882        -0.0022  (VIOLATED)
       PIN :   u_NV_NVDLA_cmac/u_core/u_active/dat_actv_data_reg3_reg_78_/Q
                              0.0861         0.0882        -0.0022  (VIOLATED)
   u_NV_NVDLA_cmac/u_core/u_mac_1/u_mul_58/n206
                              0.0844         0.0865        -0.0022  (VIOLATED)
       PIN :   u_NV_NVDLA_cmac/u_core/u_mac_1/u_mul_58/U48/Y
                              0.0844         0.0865        -0.0022  (VIOLATED)
   u_NV_NVDLA_cmac/u_core/u_active/n96349
                              0.0861         0.0882        -0.0022  (VIOLATED)
       PIN :   u_NV_NVDLA_cmac/u_core/u_active/dat_pre_data_reg_93_/Q
                              0.0861         0.0882        -0.0022  (VIOLATED)
   u_NV_NVDLA_cmac/u_core/u_mac_1/u_mul_25/n206
                              0.0844         0.0865        -0.0022  (VIOLATED)
       PIN :   u_NV_NVDLA_cmac/u_core/u_mac_1/u_mul_25/U48/Y
                              0.0844         0.0865        -0.0022  (VIOLATED)
   u_NV_NVDLA_cmac/u_core/u_mac_3/u_mul_5/n206
                              0.0844         0.0865        -0.0021  (VIOLATED)
       PIN :   u_NV_NVDLA_cmac/u_core/u_mac_3/u_mul_5/U48/Y
                              0.0844         0.0865        -0.0021  (VIOLATED)
   u_NV_NVDLA_cmac/u_core/wt2_actv_data[624]
                              0.0856         0.0877        -0.0021  (VIOLATED)
       PIN :   u_NV_NVDLA_cmac/u_core/u_active/wt2_actv_data_reg_624_/Q
                              0.0856         0.0877        -0.0021  (VIOLATED)
   u_NV_NVDLA_cmac/u_core/u_mac_2/pp_out_l0n10_0_d1[0]
                              0.0856         0.0877        -0.0021  (VIOLATED)
       PIN :   u_NV_NVDLA_cmac/u_core/u_mac_2/pp_out_l0n10_0_d1_reg_0_/Q
                              0.0856         0.0877        -0.0021  (VIOLATED)
   u_NV_NVDLA_cmac/u_core/u_mac_6/u_mul_55/n206
                              0.0844         0.0865        -0.0021  (VIOLATED)
       PIN :   u_NV_NVDLA_cmac/u_core/u_mac_6/u_mul_55/U52/Y
                              0.0844         0.0865        -0.0021  (VIOLATED)
   u_NV_NVDLA_cmac/u_core/u_active/n96249
                              0.0861         0.0881        -0.0021  (VIOLATED)
       PIN :   u_NV_NVDLA_cmac/u_core/u_active/wt5_actv_data_reg_782_/Q
                              0.0861         0.0881        -0.0021  (VIOLATED)
   u_NV_NVDLA_cmac/u_core/u_mac_2/u_mul_7/n206
                              0.0844         0.0864        -0.0021  (VIOLATED)
       PIN :   u_NV_NVDLA_cmac/u_core/u_mac_2/u_mul_7/U52/Y
                              0.0844         0.0864        -0.0021  (VIOLATED)
   u_NV_NVDLA_cmac/u_core/u_mac_4/u_mul_7/n206
                              0.0844         0.0864        -0.0021  (VIOLATED)
       PIN :   u_NV_NVDLA_cmac/u_core/u_mac_4/u_mul_7/U52/Y
                              0.0844         0.0864        -0.0021  (VIOLATED)
   u_NV_NVDLA_cmac/u_core/u_active/n94452
                              0.0861         0.0881        -0.0021  (VIOLATED)
       PIN :   u_NV_NVDLA_cmac/u_core/u_active/wt3_actv_data_reg_717_/Q
                              0.0861         0.0881        -0.0021  (VIOLATED)
   u_NV_NVDLA_cmac/u_core/u_mac_2/u_mul_9/n206
                              0.0844         0.0864        -0.0021  (VIOLATED)
       PIN :   u_NV_NVDLA_cmac/u_core/u_mac_2/u_mul_9/U48/Y
                              0.0844         0.0864        -0.0021  (VIOLATED)
   u_NV_NVDLA_cmac/u_core/u_mac_3/u_mul_27/n206
                              0.0844         0.0864        -0.0021  (VIOLATED)
       PIN :   u_NV_NVDLA_cmac/u_core/u_mac_3/u_mul_27/U52/Y
                              0.0844         0.0864        -0.0021  (VIOLATED)
   u_NV_NVDLA_cmac/u_core/u_mac_7/u_mul_48/n206
                              0.0844         0.0864        -0.0021  (VIOLATED)
       PIN :   u_NV_NVDLA_cmac/u_core/u_mac_7/u_mul_48/U48/Y
                              0.0844         0.0864        -0.0021  (VIOLATED)
   u_NV_NVDLA_cmac/u_core/u_active/n93990
                              0.0861         0.0881        -0.0020  (VIOLATED)
       PIN :   u_NV_NVDLA_cmac/u_core/u_active/wt5_actv_data_reg_193_/Q
                              0.0861         0.0881        -0.0020  (VIOLATED)
   u_NV_NVDLA_cmac/u_core/u_mac_0/u_mul_29/n206
                              0.0844         0.0864        -0.0020  (VIOLATED)
       PIN :   u_NV_NVDLA_cmac/u_core/u_mac_0/u_mul_29/U48/Y
                              0.0844         0.0864        -0.0020  (VIOLATED)
   u_NV_NVDLA_cmac/u_core/u_mac_5/u_mul_58/n206
                              0.0844         0.0864        -0.0020  (VIOLATED)
       PIN :   u_NV_NVDLA_cmac/u_core/u_mac_5/u_mul_58/U48/Y
                              0.0844         0.0864        -0.0020  (VIOLATED)
   u_NV_NVDLA_cmac/u_core/u_mac_6/pp_out_l0n06_0_d1[3]
                              0.0856         0.0876        -0.0020  (VIOLATED)
       PIN :   u_NV_NVDLA_cmac/u_core/u_mac_6/pp_out_l0n06_0_d1_reg_3_/Q
                              0.0856         0.0876        -0.0020  (VIOLATED)
   u_NV_NVDLA_cmac/u_core/u_mac_6/res_tag_b7_d1[35]
                              0.0856         0.0876        -0.0020  (VIOLATED)
       PIN :   u_NV_NVDLA_cmac/u_core/u_mac_6/res_tag_b7_d1_reg_35_/Q
                              0.0856         0.0876        -0.0020  (VIOLATED)
   u_NV_NVDLA_cmac/u_core/u_mac_6/u_mul_5/n206
                              0.0844         0.0864        -0.0020  (VIOLATED)
       PIN :   u_NV_NVDLA_cmac/u_core/u_mac_6/u_mul_5/U48/Y
                              0.0844         0.0864        -0.0020  (VIOLATED)
   u_NV_NVDLA_cmac/u_core/u_mac_7/u_mul_36/n206
                              0.0844         0.0864        -0.0020  (VIOLATED)
       PIN :   u_NV_NVDLA_cmac/u_core/u_mac_7/u_mul_36/U48/Y
                              0.0844         0.0864        -0.0020  (VIOLATED)
   u_NV_NVDLA_cmac/u_core/u_mac_2/u_mul_26/n206
                              0.0844         0.0864        -0.0020  (VIOLATED)
       PIN :   u_NV_NVDLA_cmac/u_core/u_mac_2/u_mul_26/U48/Y
                              0.0844         0.0864        -0.0020  (VIOLATED)
   u_NV_NVDLA_cmac/u_core/u_mac_0/u_mul_58/n206
                              0.0844         0.0864        -0.0020  (VIOLATED)
       PIN :   u_NV_NVDLA_cmac/u_core/u_mac_0/u_mul_58/U48/Y
                              0.0844         0.0864        -0.0020  (VIOLATED)
   u_NV_NVDLA_cmac/u_core/u_active/n101008
                              0.0861         0.0881        -0.0020  (VIOLATED)
       PIN :   u_NV_NVDLA_cmac/u_core/u_active/dat_actv_data_reg1_reg_168_/Q
                              0.0861         0.0881        -0.0020  (VIOLATED)
   u_NV_NVDLA_cmac/u_core/u_mac_6/u_mul_25/n206
                              0.0844         0.0864        -0.0020  (VIOLATED)
       PIN :   u_NV_NVDLA_cmac/u_core/u_mac_6/u_mul_25/U48/Y
                              0.0844         0.0864        -0.0020  (VIOLATED)
   u_NV_NVDLA_cmac/u_core/u_mac_3/u_mul_34/n206
                              0.0844         0.0863        -0.0020  (VIOLATED)
       PIN :   u_NV_NVDLA_cmac/u_core/u_mac_3/u_mul_34/U48/Y
                              0.0844         0.0863        -0.0020  (VIOLATED)
   u_NV_NVDLA_cmac/u_core/u_mac_5/u_mul_29/n206
                              0.0844         0.0863        -0.0020  (VIOLATED)
       PIN :   u_NV_NVDLA_cmac/u_core/u_mac_5/u_mul_29/U48/Y
                              0.0844         0.0863        -0.0020  (VIOLATED)
   u_NV_NVDLA_cmac/u_core/u_mac_4/res_tag_b1_d1[26]
                              0.0856         0.0875        -0.0020  (VIOLATED)
       PIN :   u_NV_NVDLA_cmac/u_core/u_mac_4/res_tag_b1_d1_reg_26_/Q
                              0.0856         0.0875        -0.0020  (VIOLATED)
   u_NV_NVDLA_cmac/u_core/u_mac_1/pp_out_l0n12_1_d1[19]
                              0.0856         0.0875        -0.0020  (VIOLATED)
       PIN :   u_NV_NVDLA_cmac/u_core/u_mac_1/pp_out_l0n12_1_d1_reg_19_/Q
                              0.0856         0.0875        -0.0020  (VIOLATED)
   u_NV_NVDLA_cmac/u_core/dat1_actv_data[827]
                              0.0856         0.0875        -0.0020  (VIOLATED)
       PIN :   u_NV_NVDLA_cmac/u_core/u_active/dat_actv_data_reg1_reg_827_/Q
                              0.0856         0.0875        -0.0020  (VIOLATED)
   u_NV_NVDLA_cmac/u_core/wt5_actv_data[466]
                              0.0861         0.0880        -0.0019  (VIOLATED)
       PIN :   u_NV_NVDLA_cmac/u_core/u_active/wt5_actv_data_reg_466_/Q
                              0.0861         0.0880        -0.0019  (VIOLATED)
   u_NV_NVDLA_cmac/u_core/u_mac_4/u_mul_24/n206
                              0.0844         0.0863        -0.0019  (VIOLATED)
       PIN :   u_NV_NVDLA_cmac/u_core/u_mac_4/u_mul_24/U48/Y
                              0.0844         0.0863        -0.0019  (VIOLATED)
   u_NV_NVDLA_cmac/u_core/u_mac_0/u_mul_48/n206
                              0.0844         0.0863        -0.0019  (VIOLATED)
       PIN :   u_NV_NVDLA_cmac/u_core/u_mac_0/u_mul_48/U48/Y
                              0.0844         0.0863        -0.0019  (VIOLATED)
   u_NV_NVDLA_cmac/u_core/u_mac_5/u_mul_55/n206
                              0.0844         0.0863        -0.0019  (VIOLATED)
       PIN :   u_NV_NVDLA_cmac/u_core/u_mac_5/u_mul_55/U52/Y
                              0.0844         0.0863        -0.0019  (VIOLATED)
   u_NV_NVDLA_cmac/u_core/u_active/n94224
                              0.0861         0.0880        -0.0019  (VIOLATED)
       PIN :   u_NV_NVDLA_cmac/u_core/u_active/wt6_actv_data_reg_625_/Q
                              0.0861         0.0880        -0.0019  (VIOLATED)
   u_NV_NVDLA_cmac/u_core/in_dat_data46[1]
                              0.0861         0.0880        -0.0019  (VIOLATED)
       PIN :   u_NV_NVDLA_cmac/u_core/u_rt_in/in_rt_dat_data_d1_reg_369_/Q
                              0.0861         0.0880        -0.0019  (VIOLATED)
   u_NV_NVDLA_cmac/u_core/u_mac_0/u_mul_35/n206
                              0.0844         0.0863        -0.0019  (VIOLATED)
       PIN :   u_NV_NVDLA_cmac/u_core/u_mac_0/u_mul_35/U52/Y
                              0.0844         0.0863        -0.0019  (VIOLATED)
   u_NV_NVDLA_cmac/u_core/u_mac_4/u_exp/n5213
                              0.0861         0.0880        -0.0019  (VIOLATED)
       PIN :   u_NV_NVDLA_cmac/u_core/u_mac_4/u_exp/exp_sft_59_reg_1_/Q
                              0.0861         0.0880        -0.0019  (VIOLATED)
   u_NV_NVDLA_cmac/u_core/dat2_actv_data[921]
                              0.0856         0.0875        -0.0019  (VIOLATED)
       PIN :   u_NV_NVDLA_cmac/u_core/u_active/dat_actv_data_reg2_reg_921_/Q
                              0.0856         0.0875        -0.0019  (VIOLATED)
   u_NV_NVDLA_cmac/u_core/u_active/n101207
                              0.0861         0.0879        -0.0019  (VIOLATED)
       PIN :   u_NV_NVDLA_cmac/u_core/u_active/dat_actv_data_reg3_reg_728_/Q
                              0.0861         0.0879        -0.0019  (VIOLATED)
   u_NV_NVDLA_cmac/u_core/u_mac_2/pp_out_l0n06_1_d1[16]
                              0.0856         0.0874        -0.0019  (VIOLATED)
       PIN :   u_NV_NVDLA_cmac/u_core/u_mac_2/pp_out_l0n06_1_d1_reg_16_/Q
                              0.0856         0.0874        -0.0019  (VIOLATED)
   u_NV_NVDLA_cmac/u_core/u_mac_3/u_mul_47/n206
                              0.0844         0.0862        -0.0019  (VIOLATED)
       PIN :   u_NV_NVDLA_cmac/u_core/u_mac_3/u_mul_47/U52/Y
                              0.0844         0.0862        -0.0019  (VIOLATED)
   u_NV_NVDLA_cmac/u_core/u_mac_7/u_mul_30/n206
                              0.0844         0.0862        -0.0018  (VIOLATED)
       PIN :   u_NV_NVDLA_cmac/u_core/u_mac_7/u_mul_30/U48/Y
                              0.0844         0.0862        -0.0018  (VIOLATED)
   u_NV_NVDLA_cmac/u_core/u_mac_4/u_mul_23/n206
                              0.0844         0.0862        -0.0018  (VIOLATED)
       PIN :   u_NV_NVDLA_cmac/u_core/u_mac_4/u_mul_23/U52/Y
                              0.0844         0.0862        -0.0018  (VIOLATED)
   u_NV_NVDLA_cmac/u_core/u_mac_1/pp_out_l2n1_0_d2[8]
                              0.0856         0.0874        -0.0018  (VIOLATED)
       PIN :   u_NV_NVDLA_cmac/u_core/u_mac_1/pp_out_l2n1_0_d2_reg_8_/Q
                              0.0856         0.0874        -0.0018  (VIOLATED)
   u_NV_NVDLA_cmac/u_core/u_mac_3/u_mul_0/n206
                              0.0844         0.0862        -0.0018  (VIOLATED)
       PIN :   u_NV_NVDLA_cmac/u_core/u_mac_3/u_mul_0/U48/Y
                              0.0844         0.0862        -0.0018  (VIOLATED)
   u_NV_NVDLA_cmac/u_core/u_mac_0/pp_out_l0n06_1_d1[12]
                              0.0856         0.0874        -0.0018  (VIOLATED)
       PIN :   u_NV_NVDLA_cmac/u_core/u_mac_0/pp_out_l0n06_1_d1_reg_12_/Q
                              0.0856         0.0874        -0.0018  (VIOLATED)
   u_NV_NVDLA_cmac/u_core/u_active/n96288
                              0.0861         0.0879        -0.0018  (VIOLATED)
       PIN :   u_NV_NVDLA_cmac/u_core/u_active/wt0_actv_data_reg_558_/Q
                              0.0861         0.0879        -0.0018  (VIOLATED)
   u_NV_NVDLA_cmac/u_core/u_mac_3/u_mul_42/n206
                              0.0844         0.0862        -0.0018  (VIOLATED)
       PIN :   u_NV_NVDLA_cmac/u_core/u_mac_3/u_mul_42/U48/Y
                              0.0844         0.0862        -0.0018  (VIOLATED)
   u_NV_NVDLA_cmac/u_core/u_mac_2/u_mul_32/n206
                              0.0844         0.0862        -0.0018  (VIOLATED)
       PIN :   u_NV_NVDLA_cmac/u_core/u_mac_2/u_mul_32/U48/Y
                              0.0844         0.0862        -0.0018  (VIOLATED)
   u_NV_NVDLA_cmac/u_core/u_mac_7/u_mul_40/n206
                              0.0844         0.0862        -0.0018  (VIOLATED)
       PIN :   u_NV_NVDLA_cmac/u_core/u_mac_7/u_mul_40/U48/Y
                              0.0844         0.0862        -0.0018  (VIOLATED)
   u_NV_NVDLA_cmac/u_core/dat0_actv_data[752]
                              0.0861         0.0878        -0.0018  (VIOLATED)
       PIN :   u_NV_NVDLA_cmac/u_core/u_active/dat_actv_data_reg0_reg_752_/Q
                              0.0861         0.0878        -0.0018  (VIOLATED)
   u_NV_NVDLA_cmac/u_core/u_mac_6/pp_out_l0n14_0_d1[17]
                              0.0856         0.0873        -0.0018  (VIOLATED)
       PIN :   u_NV_NVDLA_cmac/u_core/u_mac_6/pp_out_l0n14_0_d1_reg_17_/Q
                              0.0856         0.0873        -0.0018  (VIOLATED)
   u_NV_NVDLA_cmac/u_core/in_dat_data113[4]
                              0.0861         0.0878        -0.0018  (VIOLATED)
       PIN :   u_NV_NVDLA_cmac/u_core/u_rt_in/in_rt_dat_data_d1_reg_908_/Q
                              0.0861         0.0878        -0.0018  (VIOLATED)
   u_NV_NVDLA_cmac/u_core/u_active/n101581
                              0.0861         0.0878        -0.0018  (VIOLATED)
       PIN :   u_NV_NVDLA_cmac/u_core/u_active/dat_actv_data_reg5_reg_306_/Q
                              0.0861         0.0878        -0.0018  (VIOLATED)
   u_NV_NVDLA_cmac/u_core/wt4_actv_data[981]
                              0.0856         0.0873        -0.0017  (VIOLATED)
       PIN :   u_NV_NVDLA_cmac/u_core/u_active/wt4_actv_data_reg_981_/Q
                              0.0856         0.0873        -0.0017  (VIOLATED)
   u_NV_NVDLA_cmac/u_core/dat7_actv_data[764]
                              0.0856         0.0873        -0.0017  (VIOLATED)
       PIN :   u_NV_NVDLA_cmac/u_core/u_active/dat_actv_data_reg7_reg_764_/Q
                              0.0856         0.0873        -0.0017  (VIOLATED)
   u_NV_NVDLA_cmac/u_core/u_mac_2/pp_out_l0n01_1_d1[20]
                              0.0856         0.0873        -0.0017  (VIOLATED)
       PIN :   u_NV_NVDLA_cmac/u_core/u_mac_2/pp_out_l0n01_1_d1_reg_20_/Q
                              0.0856         0.0873        -0.0017  (VIOLATED)
   u_NV_NVDLA_cmac/u_core/u_mac_2/pp_out_l0n04_1_d1[26]
                              0.0856         0.0873        -0.0017  (VIOLATED)
       PIN :   u_NV_NVDLA_cmac/u_core/u_mac_2/pp_out_l0n04_1_d1_reg_26_/Q
                              0.0856         0.0873        -0.0017  (VIOLATED)
   u_NV_NVDLA_cmac/u_core/u_mac_4/res_tag_b2_d1[27]
                              0.0856         0.0873        -0.0017  (VIOLATED)
       PIN :   u_NV_NVDLA_cmac/u_core/u_mac_4/res_tag_b2_d1_reg_27_/Q
                              0.0856         0.0873        -0.0017  (VIOLATED)
   u_NV_NVDLA_cmac/u_core/wt3_actv_data[683]
                              0.0861         0.0878        -0.0017  (VIOLATED)
       PIN :   u_NV_NVDLA_cmac/u_core/u_active/wt3_actv_data_reg_683_/Q
                              0.0861         0.0878        -0.0017  (VIOLATED)
   u_NV_NVDLA_cmac/u_core/u_mac_0/pp_out_l0n09_1_d1[26]
                              0.0856         0.0873        -0.0017  (VIOLATED)
       PIN :   u_NV_NVDLA_cmac/u_core/u_mac_0/pp_out_l0n09_1_d1_reg_26_/Q
                              0.0856         0.0873        -0.0017  (VIOLATED)
   u_NV_NVDLA_cmac/u_core/u_mac_5/pp_out_l0n03_1_d1[32]
                              0.0856         0.0873        -0.0017  (VIOLATED)
       PIN :   u_NV_NVDLA_cmac/u_core/u_mac_5/pp_out_l0n03_1_d1_reg_32_/Q
                              0.0856         0.0873        -0.0017  (VIOLATED)
   u_NV_NVDLA_cmac/u_core/u_mac_4/u_mul_42/n206
                              0.0844         0.0861        -0.0017  (VIOLATED)
       PIN :   u_NV_NVDLA_cmac/u_core/u_mac_4/u_mul_42/U48/Y
                              0.0844         0.0861        -0.0017  (VIOLATED)
   u_NV_NVDLA_cmac/u_core/out_data5[84]
                              0.0856         0.0873        -0.0017  (VIOLATED)
       PIN :   u_NV_NVDLA_cmac/u_core/u_mac_5/mac_out_data_reg_84_/Q
                              0.0856         0.0873        -0.0017  (VIOLATED)
   u_NV_NVDLA_cmac/u_core/u_mac_1/u_mul_37/n206
                              0.0844         0.0860        -0.0017  (VIOLATED)
       PIN :   u_NV_NVDLA_cmac/u_core/u_mac_1/u_mul_37/U48/Y
                              0.0844         0.0860        -0.0017  (VIOLATED)
   u_NV_NVDLA_cmac/u_core/u_mac_0/u_exp/n5853
                              0.0861         0.0877        -0.0017  (VIOLATED)
       PIN :   u_NV_NVDLA_cmac/u_core/u_mac_0/u_exp/exp_sft_52_reg_2_/Q
                              0.0861         0.0877        -0.0017  (VIOLATED)
   u_NV_NVDLA_cmac/u_core/u_mac_6/pp_out_l0n06_0_d1[25]
                              0.0856         0.0872        -0.0017  (VIOLATED)
       PIN :   u_NV_NVDLA_cmac/u_core/u_mac_6/pp_out_l0n06_0_d1_reg_25_/Q
                              0.0856         0.0872        -0.0017  (VIOLATED)
   u_NV_NVDLA_cmac/u_core/u_mac_1/u_mul_5/n206
                              0.0844         0.0860        -0.0017  (VIOLATED)
       PIN :   u_NV_NVDLA_cmac/u_core/u_mac_1/u_mul_5/U48/Y
                              0.0844         0.0860        -0.0017  (VIOLATED)
   u_NV_NVDLA_cmac/u_core/dat2_actv_data[445]
                              0.0856         0.0872        -0.0017  (VIOLATED)
       PIN :   u_NV_NVDLA_cmac/u_core/u_active/dat_actv_data_reg2_reg_445_/Q
                              0.0856         0.0872        -0.0017  (VIOLATED)
   u_NV_NVDLA_cmac/u_core/u_mac_3/res_tag_b6_d1[15]
                              0.0856         0.0872        -0.0017  (VIOLATED)
       PIN :   u_NV_NVDLA_cmac/u_core/u_mac_3/res_tag_b6_d1_reg_15_/Q
                              0.0856         0.0872        -0.0017  (VIOLATED)
   u_NV_NVDLA_cmac/u_core/u_mac_7/u_exp/n4715
                              0.0861         0.0877        -0.0017  (VIOLATED)
       PIN :   u_NV_NVDLA_cmac/u_core/u_mac_7/u_exp/exp_sft_24_reg_3_/Q
                              0.0861         0.0877        -0.0017  (VIOLATED)
   u_NV_NVDLA_cmac/u_core/u_mac_0/pp_out_l0n08_1_d1[31]
                              0.0856         0.0872        -0.0016  (VIOLATED)
       PIN :   u_NV_NVDLA_cmac/u_core/u_mac_0/pp_out_l0n08_1_d1_reg_31_/Q
                              0.0856         0.0872        -0.0016  (VIOLATED)
   u_NV_NVDLA_cmac/u_core/u_mac_5/pp_out_l0n02_1_d1[10]
                              0.0856         0.0872        -0.0016  (VIOLATED)
       PIN :   u_NV_NVDLA_cmac/u_core/u_mac_5/pp_out_l0n02_1_d1_reg_10_/Q
                              0.0856         0.0872        -0.0016  (VIOLATED)
   u_NV_NVDLA_cmac/u_core/dat2_actv_data[388]
                              0.0861         0.0877        -0.0016  (VIOLATED)
       PIN :   u_NV_NVDLA_cmac/u_core/u_active/dat_actv_data_reg2_reg_388_/Q
                              0.0861         0.0877        -0.0016  (VIOLATED)
   u_NV_NVDLA_cmac/u_core/u_mac_6/res_tag_b6_d1[34]
                              0.0856         0.0872        -0.0016  (VIOLATED)
       PIN :   u_NV_NVDLA_cmac/u_core/u_mac_6/res_tag_b6_d1_reg_34_/Q
                              0.0856         0.0872        -0.0016  (VIOLATED)
   u_NV_NVDLA_cmac/u_core/u_mac_7/pp_out_l0n10_0_d1[3]
                              0.0856         0.0872        -0.0016  (VIOLATED)
       PIN :   u_NV_NVDLA_cmac/u_core/u_mac_7/pp_out_l0n10_0_d1_reg_3_/Q
                              0.0856         0.0872        -0.0016  (VIOLATED)
   u_NV_NVDLA_cmac/u_core/u_mac_0/u_mul_59/n206
                              0.0844         0.0860        -0.0016  (VIOLATED)
       PIN :   u_NV_NVDLA_cmac/u_core/u_mac_0/u_mul_59/U52/Y
                              0.0844         0.0860        -0.0016  (VIOLATED)
   u_NV_NVDLA_cmac/u_core/u_mac_5/u_mul_23/n206
                              0.0844         0.0860        -0.0016  (VIOLATED)
       PIN :   u_NV_NVDLA_cmac/u_core/u_mac_5/u_mul_23/U52/Y
                              0.0844         0.0860        -0.0016  (VIOLATED)
   u_NV_NVDLA_cmac/u_core/u_mac_5/u_mul_21/n206
                              0.0844         0.0860        -0.0016  (VIOLATED)
       PIN :   u_NV_NVDLA_cmac/u_core/u_mac_5/u_mul_21/U48/Y
                              0.0844         0.0860        -0.0016  (VIOLATED)
   u_NV_NVDLA_cmac/u_core/wt7_actv_nan[39]
                              0.0856         0.0872        -0.0016  (VIOLATED)
       PIN :   u_NV_NVDLA_cmac/u_core/u_active/wt7_actv_nan_reg_39_/Q
                              0.0856         0.0872        -0.0016  (VIOLATED)
   u_NV_NVDLA_cmac/u_core/u_mac_2/res_tag_b0_d1[29]
                              0.0856         0.0872        -0.0016  (VIOLATED)
       PIN :   u_NV_NVDLA_cmac/u_core/u_mac_2/res_tag_b0_d1_reg_29_/Q
                              0.0856         0.0872        -0.0016  (VIOLATED)
   u_NV_NVDLA_cmac/u_core/u_active/n96253
                              0.0861         0.0876        -0.0016  (VIOLATED)
       PIN :   u_NV_NVDLA_cmac/u_core/u_active/dat_pre_data_reg_91_/Q
                              0.0861         0.0876        -0.0016  (VIOLATED)
   u_NV_NVDLA_cmac/u_core/u_active/n100645
                              0.0861         0.0876        -0.0016  (VIOLATED)
       PIN :   u_NV_NVDLA_cmac/u_core/u_active/dat_actv_data_reg0_reg_670_/Q
                              0.0861         0.0876        -0.0016  (VIOLATED)
   u_NV_NVDLA_cmac/u_core/dat3_actv_data[318]
                              0.0861         0.0876        -0.0016  (VIOLATED)
       PIN :   u_NV_NVDLA_cmac/u_core/u_active/dat_actv_data_reg3_reg_318_/Q
                              0.0861         0.0876        -0.0016  (VIOLATED)
   u_NV_NVDLA_cmac/u_core/u_mac_3/u_exp/n4522
                              0.0861         0.0876        -0.0016  (VIOLATED)
       PIN :   u_NV_NVDLA_cmac/u_core/u_mac_3/u_exp/exp_sft_28_reg_1_/Q
                              0.0861         0.0876        -0.0016  (VIOLATED)
   u_NV_NVDLA_cmac/u_core/u_mac_1/pp_out_l0n00_1_d1[3]
                              0.0861         0.0876        -0.0016  (VIOLATED)
       PIN :   u_NV_NVDLA_cmac/u_core/u_mac_1/pp_out_l0n00_1_d1_reg_3_/Q
                              0.0861         0.0876        -0.0016  (VIOLATED)
   u_NV_NVDLA_cmac/u_core/dat4_actv_data[121]
                              0.0856         0.0871        -0.0016  (VIOLATED)
       PIN :   u_NV_NVDLA_cmac/u_core/u_active/dat_actv_data_reg4_reg_121_/Q
                              0.0856         0.0871        -0.0016  (VIOLATED)
   u_NV_NVDLA_cmac/u_core/u_mac_0/n11820
                              0.0861         0.0876        -0.0016  (VIOLATED)
       PIN :   u_NV_NVDLA_cmac/u_core/u_mac_0/mac_out_data_reg_11_/Q
                              0.0861         0.0876        -0.0016  (VIOLATED)
   u_NV_NVDLA_cmac/u_core/in_dat_data105[7]
                              0.0861         0.0876        -0.0016  (VIOLATED)
       PIN :   u_NV_NVDLA_cmac/u_core/u_rt_in/in_rt_dat_data_d1_reg_847_/Q
                              0.0861         0.0876        -0.0016  (VIOLATED)
   u_NV_NVDLA_cmac/u_core/u_mac_6/u_exp/n4682
                              0.0861         0.0876        -0.0016  (VIOLATED)
       PIN :   u_NV_NVDLA_cmac/u_core/u_mac_6/u_exp/exp_sft_58_reg_0_/Q
                              0.0861         0.0876        -0.0016  (VIOLATED)
   u_NV_NVDLA_cmac/u_core/u_mac_4/pp_out_l0n07_0_d1[0]
                              0.0856         0.0871        -0.0015  (VIOLATED)
       PIN :   u_NV_NVDLA_cmac/u_core/u_mac_4/pp_out_l0n07_0_d1_reg_0_/Q
                              0.0856         0.0871        -0.0015  (VIOLATED)
   u_NV_NVDLA_cmac/u_core/u_mac_0/exp_sft_16[0]
                              0.0861         0.0876        -0.0015  (VIOLATED)
       PIN :   u_NV_NVDLA_cmac/u_core/u_mac_0/u_exp/exp_sft_16_reg_0_/Q
                              0.0861         0.0876        -0.0015  (VIOLATED)
   u_NV_NVDLA_cmac/u_core/u_mac_1/pp_out_l0n13_0_d1[19]
                              0.0856         0.0871        -0.0015  (VIOLATED)
       PIN :   u_NV_NVDLA_cmac/u_core/u_mac_1/pp_out_l0n13_0_d1_reg_19_/Q
                              0.0856         0.0871        -0.0015  (VIOLATED)
   u_NV_NVDLA_cmac/u_core/u_mac_5/pp_out_l0n10_0_d1[26]
                              0.0856         0.0871        -0.0015  (VIOLATED)
       PIN :   u_NV_NVDLA_cmac/u_core/u_mac_5/pp_out_l0n10_0_d1_reg_26_/Q
                              0.0856         0.0871        -0.0015  (VIOLATED)
   u_NV_NVDLA_cmac/u_core/u_mac_4/u_mul_36/n206
                              0.0844         0.0859        -0.0015  (VIOLATED)
       PIN :   u_NV_NVDLA_cmac/u_core/u_mac_4/u_mul_36/U48/Y
                              0.0844         0.0859        -0.0015  (VIOLATED)
   u_NV_NVDLA_cmac/u_core/u_mac_2/pp_out_l0n05_1_d1[19]
                              0.0856         0.0871        -0.0015  (VIOLATED)
       PIN :   u_NV_NVDLA_cmac/u_core/u_mac_2/pp_out_l0n05_1_d1_reg_19_/Q
                              0.0856         0.0871        -0.0015  (VIOLATED)
   u_NV_NVDLA_cmac/u_core/u_mac_3/pp_out_l2n1_0_d2[19]
                              0.0856         0.0871        -0.0015  (VIOLATED)
       PIN :   u_NV_NVDLA_cmac/u_core/u_mac_3/pp_out_l2n1_0_d2_reg_19_/Q
                              0.0856         0.0871        -0.0015  (VIOLATED)
   u_NV_NVDLA_cmac/u_core/u_mac_2/u_mul_3/n206
                              0.0844         0.0859        -0.0015  (VIOLATED)
       PIN :   u_NV_NVDLA_cmac/u_core/u_mac_2/u_mul_3/U52/Y
                              0.0844         0.0859        -0.0015  (VIOLATED)
   u_NV_NVDLA_cmac/u_core/u_mac_4/pp_out_l0n02_1_d1[28]
                              0.0856         0.0871        -0.0015  (VIOLATED)
       PIN :   u_NV_NVDLA_cmac/u_core/u_mac_4/pp_out_l0n02_1_d1_reg_28_/Q
                              0.0856         0.0871        -0.0015  (VIOLATED)
   u_NV_NVDLA_cmac/u_core/u_mac_4/u_mul_53/n206
                              0.0844         0.0859        -0.0015  (VIOLATED)
       PIN :   u_NV_NVDLA_cmac/u_core/u_mac_4/u_mul_53/U48/Y
                              0.0844         0.0859        -0.0015  (VIOLATED)
   u_NV_NVDLA_cmac/u_core/u_mac_3/pp_out_l0n05_1_d1[8]
                              0.0856         0.0871        -0.0015  (VIOLATED)
       PIN :   u_NV_NVDLA_cmac/u_core/u_mac_3/pp_out_l0n05_1_d1_reg_8_/Q
                              0.0856         0.0871        -0.0015  (VIOLATED)
   u_NV_NVDLA_cmac/u_core/dat1_actv_data[580]
                              0.0861         0.0876        -0.0015  (VIOLATED)
       PIN :   u_NV_NVDLA_cmac/u_core/u_active/dat_actv_data_reg1_reg_580_/Q
                              0.0861         0.0876        -0.0015  (VIOLATED)
   u_NV_NVDLA_cmac/u_core/u_active/wt_pre_exp[108]
                              0.0861         0.0876        -0.0015  (VIOLATED)
       PIN :   u_NV_NVDLA_cmac/u_core/u_active/wt_pre_exp_reg_108_/Q
                              0.0861         0.0876        -0.0015  (VIOLATED)
   u_NV_NVDLA_cmac/u_core/wt0_actv_data[813]
                              0.0861         0.0876        -0.0015  (VIOLATED)
       PIN :   u_NV_NVDLA_cmac/u_core/u_active/wt0_actv_data_reg_813_/Q
                              0.0861         0.0876        -0.0015  (VIOLATED)
   u_NV_NVDLA_cmac/u_core/dat5_actv_data[876]
                              0.0861         0.0876        -0.0015  (VIOLATED)
       PIN :   u_NV_NVDLA_cmac/u_core/u_active/dat_actv_data_reg5_reg_876_/Q
                              0.0861         0.0876        -0.0015  (VIOLATED)
   u_NV_NVDLA_cmac/u_core/u_mac_2/u_mul_54/n206
                              0.0844         0.0859        -0.0015  (VIOLATED)
       PIN :   u_NV_NVDLA_cmac/u_core/u_mac_2/u_mul_54/U48/Y
                              0.0844         0.0859        -0.0015  (VIOLATED)
   u_NV_NVDLA_cmac/u_core/u_mac_5/u_mul_8/n206
                              0.0844         0.0859        -0.0015  (VIOLATED)
       PIN :   u_NV_NVDLA_cmac/u_core/u_mac_5/u_mul_8/U48/Y
                              0.0844         0.0859        -0.0015  (VIOLATED)
   u_NV_NVDLA_cmac/u_core/dat3_actv_data[846]
                              0.0861         0.0875        -0.0015  (VIOLATED)
       PIN :   u_NV_NVDLA_cmac/u_core/u_active/dat_actv_data_reg3_reg_846_/Q
                              0.0861         0.0875        -0.0015  (VIOLATED)
   u_NV_NVDLA_cmac/u_core/u_mac_4/u_mul_44/n206
                              0.0844         0.0858        -0.0015  (VIOLATED)
       PIN :   u_NV_NVDLA_cmac/u_core/u_mac_4/u_mul_44/U48/Y
                              0.0844         0.0858        -0.0015  (VIOLATED)
   u_NV_NVDLA_cmac/u_core/u_mac_6/u_mul_35/n206
                              0.0844         0.0858        -0.0015  (VIOLATED)
       PIN :   u_NV_NVDLA_cmac/u_core/u_mac_6/u_mul_35/U52/Y
                              0.0844         0.0858        -0.0015  (VIOLATED)
   u_NV_NVDLA_cmac/u_core/u_mac_0/u_mul_54/n206
                              0.0844         0.0858        -0.0015  (VIOLATED)
       PIN :   u_NV_NVDLA_cmac/u_core/u_mac_0/u_mul_54/U48/Y
                              0.0844         0.0858        -0.0015  (VIOLATED)
   u_NV_NVDLA_cmac/u_core/u_mac_5/u_mul_9/n206
                              0.0844         0.0858        -0.0015  (VIOLATED)
       PIN :   u_NV_NVDLA_cmac/u_core/u_mac_5/u_mul_9/U48/Y
                              0.0844         0.0858        -0.0015  (VIOLATED)
   u_NV_NVDLA_cmac/u_core/u_mac_7/n3919
                              0.0861         0.0875        -0.0015  (VIOLATED)
       PIN :   u_NV_NVDLA_cmac/u_core/u_mac_7/mac_out_data_reg_13_/Q
                              0.0861         0.0875        -0.0015  (VIOLATED)
   u_NV_NVDLA_cmac/u_core/u_mac_7/pp_out_l0n09_0_d1[23]
                              0.0856         0.0870        -0.0015  (VIOLATED)
       PIN :   u_NV_NVDLA_cmac/u_core/u_mac_7/pp_out_l0n09_0_d1_reg_23_/Q
                              0.0856         0.0870        -0.0015  (VIOLATED)
   u_NV_NVDLA_cmac/u_core/dat1_actv_nan[52]
                              0.0856         0.0870        -0.0015  (VIOLATED)
       PIN :   u_NV_NVDLA_cmac/u_core/u_active/dat_actv_nan_reg1_reg_52_/Q
                              0.0856         0.0870        -0.0015  (VIOLATED)
   u_NV_NVDLA_cmac/u_core/u_active/n97346
                              0.0861         0.0875        -0.0015  (VIOLATED)
       PIN :   u_NV_NVDLA_cmac/u_core/u_active/wt_pre_nz_reg_110_/Q
                              0.0861         0.0875        -0.0015  (VIOLATED)
   u_NV_NVDLA_cmac/u_core/u_mac_7/pp_out_l0n01_0_d1[7]
                              0.0856         0.0870        -0.0015  (VIOLATED)
       PIN :   u_NV_NVDLA_cmac/u_core/u_mac_7/pp_out_l0n01_0_d1_reg_7_/Q
                              0.0856         0.0870        -0.0015  (VIOLATED)
   u_NV_NVDLA_cmac/u_core/u_mac_3/u_mul_14/n206
                              0.0844         0.0858        -0.0014  (VIOLATED)
       PIN :   u_NV_NVDLA_cmac/u_core/u_mac_3/u_mul_14/U48/Y
                              0.0844         0.0858        -0.0014  (VIOLATED)
   u_NV_NVDLA_cmac/u_core/u_mac_6/u_exp/n2811
                              0.0856         0.0870        -0.0014  (VIOLATED)
       PIN :   u_NV_NVDLA_cmac/u_core/u_mac_6/u_exp/exp_sft_03_reg_0_/Q
                              0.0856         0.0870        -0.0014  (VIOLATED)
   u_NV_NVDLA_cmac/u_core/u_mac_4/u_mul_1/n206
                              0.0844         0.0858        -0.0014  (VIOLATED)
       PIN :   u_NV_NVDLA_cmac/u_core/u_mac_4/u_mul_1/U48/Y
                              0.0844         0.0858        -0.0014  (VIOLATED)
   u_NV_NVDLA_cmac/u_core/u_mac_6/res_tag_b0_d1[15]
                              0.0856         0.0870        -0.0014  (VIOLATED)
       PIN :   u_NV_NVDLA_cmac/u_core/u_mac_6/res_tag_b0_d1_reg_15_/Q
                              0.0856         0.0870        -0.0014  (VIOLATED)
   u_NV_NVDLA_cmac/u_core/dat1_actv_nan[57]
                              0.0861         0.0875        -0.0014  (VIOLATED)
       PIN :   u_NV_NVDLA_cmac/u_core/u_active/dat_actv_nan_reg1_reg_57_/Q
                              0.0861         0.0875        -0.0014  (VIOLATED)
   u_NV_NVDLA_cmac/u_core/wt7_actv_data[477]
                              0.0861         0.0875        -0.0014  (VIOLATED)
       PIN :   u_NV_NVDLA_cmac/u_core/u_active/wt7_actv_data_reg_477_/Q
                              0.0861         0.0875        -0.0014  (VIOLATED)
   u_NV_NVDLA_cmac/u_core/u_active/n97372
                              0.0861         0.0875        -0.0014  (VIOLATED)
       PIN :   u_NV_NVDLA_cmac/u_core/u_active/dat_pre_data_reg_977_/Q
                              0.0861         0.0875        -0.0014  (VIOLATED)
   u_NV_NVDLA_cmac/u_core/out_data5[71]
                              0.0856         0.0870        -0.0014  (VIOLATED)
       PIN :   u_NV_NVDLA_cmac/u_core/u_mac_5/mac_out_data_reg_71_/Q
                              0.0856         0.0870        -0.0014  (VIOLATED)
   u_NV_NVDLA_cmac/u_core/wt4_actv_data[656]
                              0.0856         0.0870        -0.0014  (VIOLATED)
       PIN :   u_NV_NVDLA_cmac/u_core/u_active/wt4_actv_data_reg_656_/Q
                              0.0856         0.0870        -0.0014  (VIOLATED)
   u_NV_NVDLA_cmac/u_core/u_mac_1/u_mul_9/n206
                              0.0844         0.0858        -0.0014  (VIOLATED)
       PIN :   u_NV_NVDLA_cmac/u_core/u_mac_1/u_mul_9/U48/Y
                              0.0844         0.0858        -0.0014  (VIOLATED)
   u_NV_NVDLA_cmac/u_core/u_mac_6/u_mul_39/n206
                              0.0844         0.0858        -0.0014  (VIOLATED)
       PIN :   u_NV_NVDLA_cmac/u_core/u_mac_6/u_mul_39/U52/Y
                              0.0844         0.0858        -0.0014  (VIOLATED)
   u_NV_NVDLA_cmac/u_core/u_mac_6/u_mul_17/n206
                              0.0844         0.0858        -0.0014  (VIOLATED)
       PIN :   u_NV_NVDLA_cmac/u_core/u_mac_6/u_mul_17/U48/Y
                              0.0844         0.0858        -0.0014  (VIOLATED)
   u_NV_NVDLA_cmac/u_core/u_mac_2/pp_out_l0n07_1_d1[5]
                              0.0861         0.0875        -0.0014  (VIOLATED)
       PIN :   u_NV_NVDLA_cmac/u_core/u_mac_2/pp_out_l0n07_1_d1_reg_5_/Q
                              0.0861         0.0875        -0.0014  (VIOLATED)
   u_NV_NVDLA_cmac/u_core/dat5_actv_data[755]
                              0.0861         0.0875        -0.0014  (VIOLATED)
       PIN :   u_NV_NVDLA_cmac/u_core/u_active/dat_actv_data_reg5_reg_755_/Q
                              0.0861         0.0875        -0.0014  (VIOLATED)
   u_NV_NVDLA_cmac/u_core/u_mac_1/res_tag_b5_d1[41]
                              0.0856         0.0870        -0.0014  (VIOLATED)
       PIN :   u_NV_NVDLA_cmac/u_core/u_mac_1/res_tag_b5_d1_reg_41_/Q
                              0.0856         0.0870        -0.0014  (VIOLATED)
   u_NV_NVDLA_cmac/u_core/in_dat_data27[3]
                              0.0861         0.0874        -0.0014  (VIOLATED)
       PIN :   u_NV_NVDLA_cmac/u_core/u_rt_in/in_rt_dat_data_d1_reg_219_/Q
                              0.0861         0.0874        -0.0014  (VIOLATED)
   u_NV_NVDLA_cmac/u_core/wt6_actv_data[142]
                              0.0861         0.0874        -0.0014  (VIOLATED)
       PIN :   u_NV_NVDLA_cmac/u_core/u_active/wt6_actv_data_reg_142_/Q
                              0.0861         0.0874        -0.0014  (VIOLATED)
   u_NV_NVDLA_cmac/u_core/dat5_actv_data[760]
                              0.0861         0.0874        -0.0014  (VIOLATED)
       PIN :   u_NV_NVDLA_cmac/u_core/u_active/dat_actv_data_reg5_reg_760_/Q
                              0.0861         0.0874        -0.0014  (VIOLATED)
   u_NV_NVDLA_cmac/u_core/u_mac_3/pp_out_l0n09_1_d1[19]
                              0.0856         0.0869        -0.0014  (VIOLATED)
       PIN :   u_NV_NVDLA_cmac/u_core/u_mac_3/pp_out_l0n09_1_d1_reg_19_/Q
                              0.0856         0.0869        -0.0014  (VIOLATED)
   u_NV_NVDLA_cmac/u_core/wt0_actv_nan[48]
                              0.0861         0.0874        -0.0014  (VIOLATED)
       PIN :   u_NV_NVDLA_cmac/u_core/u_active/wt0_actv_nan_reg_48_/Q
                              0.0861         0.0874        -0.0014  (VIOLATED)
   u_NV_NVDLA_cmac/u_core/wt3_actv_data[678]
                              0.0861         0.0874        -0.0013  (VIOLATED)
       PIN :   u_NV_NVDLA_cmac/u_core/u_active/wt3_actv_data_reg_678_/Q
                              0.0861         0.0874        -0.0013  (VIOLATED)
   u_NV_NVDLA_cmac/u_core/wt1_actv_data[667]
                              0.0856         0.0869        -0.0013  (VIOLATED)
       PIN :   u_NV_NVDLA_cmac/u_core/u_active/wt1_actv_data_reg_667_/Q
                              0.0856         0.0869        -0.0013  (VIOLATED)
   u_NV_NVDLA_cmac/u_core/u_mac_5/pp_out_l0n10_0_d1[32]
                              0.0856         0.0869        -0.0013  (VIOLATED)
       PIN :   u_NV_NVDLA_cmac/u_core/u_mac_5/pp_out_l0n10_0_d1_reg_32_/Q
                              0.0856         0.0869        -0.0013  (VIOLATED)
   u_NV_NVDLA_cmac/u_core/out_data3[65]
                              0.0861         0.0874        -0.0013  (VIOLATED)
       PIN :   u_NV_NVDLA_cmac/u_core/u_mac_3/mac_out_data_reg_65_/Q
                              0.0861         0.0874        -0.0013  (VIOLATED)
   u_NV_NVDLA_cmac/u_core/dat6_actv_data[126]
                              0.0856         0.0869        -0.0013  (VIOLATED)
       PIN :   u_NV_NVDLA_cmac/u_core/u_active/dat_actv_data_reg6_reg_126_/Q
                              0.0856         0.0869        -0.0013  (VIOLATED)
   u_NV_NVDLA_cmac/u_core/in_wt_data68[5]
                              0.0861         0.0874        -0.0013  (VIOLATED)
       PIN :   u_NV_NVDLA_cmac/u_core/u_rt_in/in_rt_wt_data_d1_reg_549_/Q
                              0.0861         0.0874        -0.0013  (VIOLATED)
   u_NV_NVDLA_cmac/u_core/u_mac_0/u_mul_15/n206
                              0.0844         0.0857        -0.0013  (VIOLATED)
       PIN :   u_NV_NVDLA_cmac/u_core/u_mac_0/u_mul_15/U52/Y
                              0.0844         0.0857        -0.0013  (VIOLATED)
   u_NV_NVDLA_cmac/u_core/out_data4[40]
                              0.0861         0.0874        -0.0013  (VIOLATED)
       PIN :   u_NV_NVDLA_cmac/u_core/u_mac_4/mac_out_data_reg_40_/Q
                              0.0861         0.0874        -0.0013  (VIOLATED)
   u_NV_NVDLA_cmac/u_core/u_mac_1/u_mul_63/n206
                              0.0844         0.0857        -0.0013  (VIOLATED)
       PIN :   u_NV_NVDLA_cmac/u_core/u_mac_1/u_mul_63/U52/Y
                              0.0844         0.0857        -0.0013  (VIOLATED)
   u_NV_NVDLA_cmac/u_core/u_mac_5/u_exp/n5084
                              0.0861         0.0874        -0.0013  (VIOLATED)
       PIN :   u_NV_NVDLA_cmac/u_core/u_mac_5/u_exp/exp_sft_09_reg_3_/Q
                              0.0861         0.0874        -0.0013  (VIOLATED)
   u_NV_NVDLA_cmac/u_core/dat5_actv_data[658]
                              0.0861         0.0874        -0.0013  (VIOLATED)
       PIN :   u_NV_NVDLA_cmac/u_core/u_active/dat_actv_data_reg5_reg_658_/Q
                              0.0861         0.0874        -0.0013  (VIOLATED)
   u_NV_NVDLA_cmac/u_core/in_dat_data90[6]
                              0.0861         0.0874        -0.0013  (VIOLATED)
       PIN :   u_NV_NVDLA_cmac/u_core/u_rt_in/in_rt_dat_data_d1_reg_726_/Q
                              0.0861         0.0874        -0.0013  (VIOLATED)
   u_NV_NVDLA_cmac/u_core/u_mac_1/pp_out_l0n09_1_d1[25]
                              0.0856         0.0869        -0.0013  (VIOLATED)
       PIN :   u_NV_NVDLA_cmac/u_core/u_mac_1/pp_out_l0n09_1_d1_reg_25_/Q
                              0.0856         0.0869        -0.0013  (VIOLATED)
   u_NV_NVDLA_cmac/u_core/u_mac_5/pp_out_l0n10_1_d1[4]
                              0.0856         0.0869        -0.0013  (VIOLATED)
       PIN :   u_NV_NVDLA_cmac/u_core/u_mac_5/pp_out_l0n10_1_d1_reg_4_/Q
                              0.0856         0.0869        -0.0013  (VIOLATED)
   u_NV_NVDLA_cmac/u_core/u_mac_3/u_mul_23/n206
                              0.0844         0.0857        -0.0013  (VIOLATED)
       PIN :   u_NV_NVDLA_cmac/u_core/u_mac_3/u_mul_23/U52/Y
                              0.0844         0.0857        -0.0013  (VIOLATED)
   u_NV_NVDLA_cmac/u_core/u_mac_4/pp_out_l0n07_1_d1[21]
                              0.0856         0.0869        -0.0013  (VIOLATED)
       PIN :   u_NV_NVDLA_cmac/u_core/u_mac_4/pp_out_l0n07_1_d1_reg_21_/Q
                              0.0856         0.0869        -0.0013  (VIOLATED)
   u_NV_NVDLA_cmac/u_core/u_mac_7/pp_out_l2n7_0_d2[7]
                              0.0856         0.0869        -0.0013  (VIOLATED)
       PIN :   u_NV_NVDLA_cmac/u_core/u_mac_7/pp_out_l2n7_0_d2_reg_7_/Q
                              0.0856         0.0869        -0.0013  (VIOLATED)
   u_NV_NVDLA_cmac/u_core/dat7_actv_data[671]
                              0.0861         0.0873        -0.0013  (VIOLATED)
       PIN :   u_NV_NVDLA_cmac/u_core/u_active/dat_actv_data_reg7_reg_671_/Q
                              0.0861         0.0873        -0.0013  (VIOLATED)
   u_NV_NVDLA_cmac/u_core/wt7_actv_data[566]
                              0.0856         0.0869        -0.0013  (VIOLATED)
       PIN :   u_NV_NVDLA_cmac/u_core/u_active/wt7_actv_data_reg_566_/Q
                              0.0856         0.0869        -0.0013  (VIOLATED)
   u_NV_NVDLA_cmac/u_core/u_mac_1/res_tag_b6_d1[17]
                              0.0856         0.0869        -0.0013  (VIOLATED)
       PIN :   u_NV_NVDLA_cmac/u_core/u_mac_1/res_tag_b6_d1_reg_17_/Q
                              0.0856         0.0869        -0.0013  (VIOLATED)
   u_NV_NVDLA_cmac/u_core/u_mac_3/pp_out_l0n00_1_d1[35]
                              0.0861         0.0873        -0.0013  (VIOLATED)
       PIN :   u_NV_NVDLA_cmac/u_core/u_mac_3/pp_out_l0n00_1_d1_reg_35_/Q
                              0.0861         0.0873        -0.0013  (VIOLATED)
   u_NV_NVDLA_cmac/u_core/u_active/n101670
                              0.0861         0.0873        -0.0013  (VIOLATED)
       PIN :   u_NV_NVDLA_cmac/u_core/u_active/dat_actv_data_reg6_reg_877_/Q
                              0.0861         0.0873        -0.0013  (VIOLATED)
   u_NV_NVDLA_cmac/u_core/in_dat_data7[6]
                              0.0861         0.0873        -0.0013  (VIOLATED)
       PIN :   u_NV_NVDLA_cmac/u_core/u_rt_in/in_rt_dat_data_d1_reg_62_/Q
                              0.0861         0.0873        -0.0013  (VIOLATED)
   u_NV_NVDLA_cmac/u_core/u_mac_7/pp_out_l0n00_0_d1[1]
                              0.0856         0.0868        -0.0013  (VIOLATED)
       PIN :   u_NV_NVDLA_cmac/u_core/u_mac_7/pp_out_l0n00_0_d1_reg_1_/Q
                              0.0856         0.0868        -0.0013  (VIOLATED)
   u_NV_NVDLA_cmac/u_core/u_mac_6/u_mul_51/n206
                              0.0844         0.0856        -0.0013  (VIOLATED)
       PIN :   u_NV_NVDLA_cmac/u_core/u_mac_6/u_mul_51/U52/Y
                              0.0844         0.0856        -0.0013  (VIOLATED)
   u_NV_NVDLA_cmac/u_core/wt0_actv_data[432]
                              0.0861         0.0873        -0.0013  (VIOLATED)
       PIN :   u_NV_NVDLA_cmac/u_core/u_active/wt0_actv_data_reg_432_/Q
                              0.0861         0.0873        -0.0013  (VIOLATED)
   u_NV_NVDLA_cmac/u_core/in_wt_data68[2]
                              0.0861         0.0873        -0.0013  (VIOLATED)
       PIN :   u_NV_NVDLA_cmac/u_core/u_rt_in/in_rt_wt_data_d1_reg_546_/Q
                              0.0861         0.0873        -0.0013  (VIOLATED)
   u_NV_NVDLA_cmac/u_core/u_mac_3/u_mul_37/n206
                              0.0844         0.0856        -0.0013  (VIOLATED)
       PIN :   u_NV_NVDLA_cmac/u_core/u_mac_3/u_mul_37/U48/Y
                              0.0844         0.0856        -0.0013  (VIOLATED)
   u_NV_NVDLA_cmac/u_core/in_dat_data116[0]
                              0.0861         0.0873        -0.0013  (VIOLATED)
       PIN :   u_NV_NVDLA_cmac/u_core/u_rt_in/in_rt_dat_data_d1_reg_928_/Q
                              0.0861         0.0873        -0.0013  (VIOLATED)
   u_NV_NVDLA_cmac/u_core/dat4_actv_data[125]
                              0.0856         0.0868        -0.0013  (VIOLATED)
       PIN :   u_NV_NVDLA_cmac/u_core/u_active/dat_actv_data_reg4_reg_125_/Q
                              0.0856         0.0868        -0.0013  (VIOLATED)
   u_NV_NVDLA_cmac/u_core/wt4_actv_data[1020]
                              0.0856         0.0868        -0.0013  (VIOLATED)
       PIN :   u_NV_NVDLA_cmac/u_core/u_active/wt4_actv_data_reg_1020_/Q
                              0.0856         0.0868        -0.0013  (VIOLATED)
   u_NV_NVDLA_cmac/u_core/u_mac_6/u_mul_48/n206
                              0.0844         0.0856        -0.0013  (VIOLATED)
       PIN :   u_NV_NVDLA_cmac/u_core/u_mac_6/u_mul_48/U48/Y
                              0.0844         0.0856        -0.0013  (VIOLATED)
   u_NV_NVDLA_cmac/u_core/u_mac_0/u_mul_42/n206
                              0.0844         0.0856        -0.0013  (VIOLATED)
       PIN :   u_NV_NVDLA_cmac/u_core/u_mac_0/u_mul_42/U48/Y
                              0.0844         0.0856        -0.0013  (VIOLATED)
   u_NV_NVDLA_cmac/u_core/u_mac_2/res_tag_b0_d1[40]
                              0.0856         0.0868        -0.0012  (VIOLATED)
       PIN :   u_NV_NVDLA_cmac/u_core/u_mac_2/res_tag_b0_d1_reg_40_/Q
                              0.0856         0.0868        -0.0012  (VIOLATED)
   u_NV_NVDLA_cmac/u_core/u_mac_0/u_mul_53/n206
                              0.0844         0.0856        -0.0012  (VIOLATED)
       PIN :   u_NV_NVDLA_cmac/u_core/u_mac_0/u_mul_53/U48/Y
                              0.0844         0.0856        -0.0012  (VIOLATED)
   u_NV_NVDLA_cmac/u_core/wt6_actv_nan[28]
                              0.0856         0.0868        -0.0012  (VIOLATED)
       PIN :   u_NV_NVDLA_cmac/u_core/u_active/wt6_actv_nan_reg_28_/Q
                              0.0856         0.0868        -0.0012  (VIOLATED)
   u_NV_NVDLA_cmac/u_core/u_mac_3/res_tag_b4_d1[3]
                              0.0856         0.0868        -0.0012  (VIOLATED)
       PIN :   u_NV_NVDLA_cmac/u_core/u_mac_3/res_tag_b4_d1_reg_3_/Q
                              0.0856         0.0868        -0.0012  (VIOLATED)
   u_NV_NVDLA_cmac/u_core/u_mac_0/exp_sft_06[3]
                              0.0861         0.0873        -0.0012  (VIOLATED)
       PIN :   u_NV_NVDLA_cmac/u_core/u_mac_0/u_exp/exp_sft_06_reg_3_/Q
                              0.0861         0.0873        -0.0012  (VIOLATED)
   u_NV_NVDLA_cmac/u_core/u_mac_5/u_mul_17/n206
                              0.0844         0.0856        -0.0012  (VIOLATED)
       PIN :   u_NV_NVDLA_cmac/u_core/u_mac_5/u_mul_17/U48/Y
                              0.0844         0.0856        -0.0012  (VIOLATED)
   u_NV_NVDLA_cmac/u_core/u_mac_7/n3920
                              0.0861         0.0873        -0.0012  (VIOLATED)
       PIN :   u_NV_NVDLA_cmac/u_core/u_mac_7/mac_out_data_reg_12_/Q
                              0.0861         0.0873        -0.0012  (VIOLATED)
   u_NV_NVDLA_cmac/u_core/u_mac_0/exp_sft_19[1]
                              0.0861         0.0873        -0.0012  (VIOLATED)
       PIN :   u_NV_NVDLA_cmac/u_core/u_mac_0/u_exp/exp_sft_19_reg_1_/Q
                              0.0861         0.0873        -0.0012  (VIOLATED)
   u_NV_NVDLA_cmac/u_core/dat2_actv_data[589]
                              0.0861         0.0873        -0.0012  (VIOLATED)
       PIN :   u_NV_NVDLA_cmac/u_core/u_active/dat_actv_data_reg2_reg_589_/Q
                              0.0861         0.0873        -0.0012  (VIOLATED)
   u_NV_NVDLA_cmac/u_core/in_dat_data12[6]
                              0.0861         0.0873        -0.0012  (VIOLATED)
       PIN :   u_NV_NVDLA_cmac/u_core/u_rt_in/in_rt_dat_data_d1_reg_102_/Q
                              0.0861         0.0873        -0.0012  (VIOLATED)
   u_NV_NVDLA_cmac/u_core/u_mac_2/pp_out_l0n04_1_d1[25]
                              0.0856         0.0868        -0.0012  (VIOLATED)
       PIN :   u_NV_NVDLA_cmac/u_core/u_mac_2/pp_out_l0n04_1_d1_reg_25_/Q
                              0.0856         0.0868        -0.0012  (VIOLATED)
   u_NV_NVDLA_cmac/u_core/dat3_actv_data[210]
                              0.0861         0.0873        -0.0012  (VIOLATED)
       PIN :   u_NV_NVDLA_cmac/u_core/u_active/dat_actv_data_reg3_reg_210_/Q
                              0.0861         0.0873        -0.0012  (VIOLATED)
   u_NV_NVDLA_cmac/u_core/u_mac_2/pp_out_l0n09_0_d1[11]
                              0.0856         0.0868        -0.0012  (VIOLATED)
       PIN :   u_NV_NVDLA_cmac/u_core/u_mac_2/pp_out_l0n09_0_d1_reg_11_/Q
                              0.0856         0.0868        -0.0012  (VIOLATED)
   u_NV_NVDLA_cmac/u_core/out_data3[58]
                              0.0861         0.0873        -0.0012  (VIOLATED)
       PIN :   u_NV_NVDLA_cmac/u_core/u_mac_3/mac_out_data_reg_58_/Q
                              0.0861         0.0873        -0.0012  (VIOLATED)
   u_NV_NVDLA_cmac/u_core/u_mac_5/pp_out_l0n06_0_d1[2]
                              0.0856         0.0868        -0.0012  (VIOLATED)
       PIN :   u_NV_NVDLA_cmac/u_core/u_mac_5/pp_out_l0n06_0_d1_reg_2_/Q
                              0.0856         0.0868        -0.0012  (VIOLATED)
   u_NV_NVDLA_cmac/u_core/wt2_actv_nan[33]
                              0.0856         0.0868        -0.0012  (VIOLATED)
       PIN :   u_NV_NVDLA_cmac/u_core/u_active/wt2_actv_nan_reg_33_/Q
                              0.0856         0.0868        -0.0012  (VIOLATED)
   u_NV_NVDLA_cmac/u_core/dat6_actv_data[623]
                              0.0861         0.0872        -0.0012  (VIOLATED)
       PIN :   u_NV_NVDLA_cmac/u_core/u_active/dat_actv_data_reg6_reg_623_/Q
                              0.0861         0.0872        -0.0012  (VIOLATED)
   u_NV_NVDLA_cmac/u_core/u_mac_4/pp_out_l0n11_0_d1[17]
                              0.0856         0.0868        -0.0012  (VIOLATED)
       PIN :   u_NV_NVDLA_cmac/u_core/u_mac_4/pp_out_l0n11_0_d1_reg_17_/Q
                              0.0856         0.0868        -0.0012  (VIOLATED)
   u_NV_NVDLA_cmac/u_core/dat3_actv_data[209]
                              0.0861         0.0872        -0.0012  (VIOLATED)
       PIN :   u_NV_NVDLA_cmac/u_core/u_active/dat_actv_data_reg3_reg_209_/Q
                              0.0861         0.0872        -0.0012  (VIOLATED)
   u_NV_NVDLA_cmac/u_core/u_active/n96876
                              0.0856         0.0867        -0.0012  (VIOLATED)
       PIN :   u_NV_NVDLA_cmac/u_core/u_active/wt_pre_data_reg_853_/Q
                              0.0856         0.0867        -0.0012  (VIOLATED)
   u_NV_NVDLA_cmac/u_core/u_mac_1/u_mul_16/n206
                              0.0844         0.0855        -0.0012  (VIOLATED)
       PIN :   u_NV_NVDLA_cmac/u_core/u_mac_1/u_mul_16/U48/Y
                              0.0844         0.0855        -0.0012  (VIOLATED)
   u_NV_NVDLA_cmac/u_core/u_mac_0/pp_out_l0n02_1_d1[20]
                              0.0856         0.0867        -0.0012  (VIOLATED)
       PIN :   u_NV_NVDLA_cmac/u_core/u_mac_0/pp_out_l0n02_1_d1_reg_20_/Q
                              0.0856         0.0867        -0.0012  (VIOLATED)
   u_NV_NVDLA_cmac/u_core/u_mac_2/res_tag_b1_d1[15]
                              0.0856         0.0867        -0.0012  (VIOLATED)
       PIN :   u_NV_NVDLA_cmac/u_core/u_mac_2/res_tag_b1_d1_reg_15_/Q
                              0.0856         0.0867        -0.0012  (VIOLATED)
   u_NV_NVDLA_cmac/u_core/u_mac_6/pp_out_l0n12_0_d1[1]
                              0.0861         0.0872        -0.0012  (VIOLATED)
       PIN :   u_NV_NVDLA_cmac/u_core/u_mac_6/pp_out_l0n12_0_d1_reg_1_/Q
                              0.0861         0.0872        -0.0012  (VIOLATED)
   u_NV_NVDLA_cmac/u_core/u_mac_3/u_mul_16/n206
                              0.0844         0.0855        -0.0012  (VIOLATED)
       PIN :   u_NV_NVDLA_cmac/u_core/u_mac_3/u_mul_16/U48/Y
                              0.0844         0.0855        -0.0012  (VIOLATED)
   u_NV_NVDLA_cmac/u_core/in_dat_data23[4]
                              0.0861         0.0872        -0.0012  (VIOLATED)
       PIN :   u_NV_NVDLA_cmac/u_core/u_rt_in/in_rt_dat_data_d1_reg_188_/Q
                              0.0861         0.0872        -0.0012  (VIOLATED)
   u_NV_NVDLA_cmac/u_core/u_active/wt_pre_data[232]
                              0.0856         0.0867        -0.0012  (VIOLATED)
       PIN :   u_NV_NVDLA_cmac/u_core/u_active/wt_pre_data_reg_232_/Q
                              0.0856         0.0867        -0.0012  (VIOLATED)
   u_NV_NVDLA_cmac/u_core/dat1_actv_data[1003]
                              0.0861         0.0872        -0.0012  (VIOLATED)
       PIN :   u_NV_NVDLA_cmac/u_core/u_active/dat_actv_data_reg1_reg_1003_/Q
                              0.0861         0.0872        -0.0012  (VIOLATED)
   u_NV_NVDLA_cmac/u_core/u_mac_2/pp_out_l0n10_0_d1[6]
                              0.0856         0.0867        -0.0012  (VIOLATED)
       PIN :   u_NV_NVDLA_cmac/u_core/u_mac_2/pp_out_l0n10_0_d1_reg_6_/Q
                              0.0856         0.0867        -0.0012  (VIOLATED)
   u_NV_NVDLA_cmac/u_core/u_mac_2/pp_out_l0n06_1_d1[33]
                              0.0856         0.0867        -0.0012  (VIOLATED)
       PIN :   u_NV_NVDLA_cmac/u_core/u_mac_2/pp_out_l0n06_1_d1_reg_33_/Q
                              0.0856         0.0867        -0.0012  (VIOLATED)
   u_NV_NVDLA_cmac/u_core/u_mac_6/u_mul_28/n206
                              0.0844         0.0855        -0.0011  (VIOLATED)
       PIN :   u_NV_NVDLA_cmac/u_core/u_mac_6/u_mul_28/U48/Y
                              0.0844         0.0855        -0.0011  (VIOLATED)
   u_NV_NVDLA_cmac/u_core/u_mac_5/pp_out_l2n5_0_d2[17]
                              0.0856         0.0867        -0.0011  (VIOLATED)
       PIN :   u_NV_NVDLA_cmac/u_core/u_mac_5/pp_out_l2n5_0_d2_reg_17_/Q
                              0.0856         0.0867        -0.0011  (VIOLATED)
   u_NV_NVDLA_cmac/u_core/in_dat_data100[0]
                              0.0861         0.0872        -0.0011  (VIOLATED)
       PIN :   u_NV_NVDLA_cmac/u_core/u_rt_in/in_rt_dat_data_d1_reg_800_/Q
                              0.0861         0.0872        -0.0011  (VIOLATED)
   u_NV_NVDLA_cmac/u_core/u_mac_1/u_mul_44/n206
                              0.0844         0.0855        -0.0011  (VIOLATED)
       PIN :   u_NV_NVDLA_cmac/u_core/u_mac_1/u_mul_44/U48/Y
                              0.0844         0.0855        -0.0011  (VIOLATED)
   u_NV_NVDLA_cmac/u_core/dat3_actv_data[912]
                              0.0861         0.0872        -0.0011  (VIOLATED)
       PIN :   u_NV_NVDLA_cmac/u_core/u_active/dat_actv_data_reg3_reg_912_/Q
                              0.0861         0.0872        -0.0011  (VIOLATED)
   u_NV_NVDLA_cmac/u_core/u_mac_1/pp_out_l0n05_1_d1[9]
                              0.0856         0.0867        -0.0011  (VIOLATED)
       PIN :   u_NV_NVDLA_cmac/u_core/u_mac_1/pp_out_l0n05_1_d1_reg_9_/Q
                              0.0856         0.0867        -0.0011  (VIOLATED)
   u_NV_NVDLA_cmac/u_core/dat4_actv_data[667]
                              0.0856         0.0867        -0.0011  (VIOLATED)
       PIN :   u_NV_NVDLA_cmac/u_core/u_active/dat_actv_data_reg4_reg_667_/Q
                              0.0856         0.0867        -0.0011  (VIOLATED)
   u_NV_NVDLA_cmac/u_core/dat3_actv_data[208]
                              0.0861         0.0872        -0.0011  (VIOLATED)
       PIN :   u_NV_NVDLA_cmac/u_core/u_active/dat_actv_data_reg3_reg_208_/Q
                              0.0861         0.0872        -0.0011  (VIOLATED)
   u_NV_NVDLA_cmac/u_core/u_mac_3/pp_out_l0n03_0_d1[31]
                              0.0856         0.0867        -0.0011  (VIOLATED)
       PIN :   u_NV_NVDLA_cmac/u_core/u_mac_3/pp_out_l0n03_0_d1_reg_31_/Q
                              0.0856         0.0867        -0.0011  (VIOLATED)
   u_NV_NVDLA_cmac/u_core/u_mac_0/pp_out_l2n5_0_d2[5]
                              0.0856         0.0867        -0.0011  (VIOLATED)
       PIN :   u_NV_NVDLA_cmac/u_core/u_mac_0/pp_out_l2n5_0_d2_reg_5_/Q
                              0.0856         0.0867        -0.0011  (VIOLATED)
   u_NV_NVDLA_cmac/u_core/u_active/n96377
                              0.0861         0.0872        -0.0011  (VIOLATED)
       PIN :   u_NV_NVDLA_cmac/u_core/u_active/dat_pre_nz_reg_116_/Q
                              0.0861         0.0872        -0.0011  (VIOLATED)
   u_NV_NVDLA_cmac/u_core/u_mac_2/pp_out_l0n13_0_d1[3]
                              0.0856         0.0867        -0.0011  (VIOLATED)
       PIN :   u_NV_NVDLA_cmac/u_core/u_mac_2/pp_out_l0n13_0_d1_reg_3_/Q
                              0.0856         0.0867        -0.0011  (VIOLATED)
   u_NV_NVDLA_cmac/u_core/u_mac_2/res_tag_b6_d1[19]
                              0.0856         0.0867        -0.0011  (VIOLATED)
       PIN :   u_NV_NVDLA_cmac/u_core/u_mac_2/res_tag_b6_d1_reg_19_/Q
                              0.0856         0.0867        -0.0011  (VIOLATED)
   u_NV_NVDLA_cmac/u_core/wt4_actv_data[640]
                              0.0861         0.0872        -0.0011  (VIOLATED)
       PIN :   u_NV_NVDLA_cmac/u_core/u_active/wt4_actv_data_reg_640_/Q
                              0.0861         0.0872        -0.0011  (VIOLATED)
   u_NV_NVDLA_cmac/u_core/in_wt_data99[7]
                              0.0861         0.0872        -0.0011  (VIOLATED)
       PIN :   u_NV_NVDLA_cmac/u_core/u_rt_in/in_rt_wt_data_d1_reg_799_/Q
                              0.0861         0.0872        -0.0011  (VIOLATED)
   u_NV_NVDLA_cmac/u_core/u_mac_4/u_mul_22/n206
                              0.0844         0.0855        -0.0011  (VIOLATED)
       PIN :   u_NV_NVDLA_cmac/u_core/u_mac_4/u_mul_22/U48/Y
                              0.0844         0.0855        -0.0011  (VIOLATED)
   u_NV_NVDLA_cmac/u_core/u_active/n95743
                              0.0856         0.0867        -0.0011  (VIOLATED)
       PIN :   u_NV_NVDLA_cmac/u_core/u_active/wt_pre_data_reg_924_/Q
                              0.0856         0.0867        -0.0011  (VIOLATED)
   u_NV_NVDLA_cmac/u_core/u_mac_5/pp_out_l2n1_0_d2[11]
                              0.0856         0.0867        -0.0011  (VIOLATED)
       PIN :   u_NV_NVDLA_cmac/u_core/u_mac_5/pp_out_l2n1_0_d2_reg_11_/Q
                              0.0856         0.0867        -0.0011  (VIOLATED)
   u_NV_NVDLA_cmac/u_core/dat5_actv_data[872]
                              0.0861         0.0871        -0.0011  (VIOLATED)
       PIN :   u_NV_NVDLA_cmac/u_core/u_active/dat_actv_data_reg5_reg_872_/Q
                              0.0861         0.0871        -0.0011  (VIOLATED)
   u_NV_NVDLA_cmac/u_core/u_mac_5/pp_out_l0n10_0_d1[25]
                              0.0856         0.0866        -0.0011  (VIOLATED)
       PIN :   u_NV_NVDLA_cmac/u_core/u_mac_5/pp_out_l0n10_0_d1_reg_25_/Q
                              0.0856         0.0866        -0.0011  (VIOLATED)
   u_NV_NVDLA_cmac/u_core/u_mac_0/pp_out_l0n07_0_d1[5]
                              0.0856         0.0866        -0.0011  (VIOLATED)
       PIN :   u_NV_NVDLA_cmac/u_core/u_mac_0/pp_out_l0n07_0_d1_reg_5_/Q
                              0.0856         0.0866        -0.0011  (VIOLATED)
   u_NV_NVDLA_cmac/u_core/u_mac_6/u_exp/n4663
                              0.0861         0.0871        -0.0011  (VIOLATED)
       PIN :   u_NV_NVDLA_cmac/u_core/u_mac_6/u_exp/exp_sft_56_reg_0_/Q
                              0.0861         0.0871        -0.0011  (VIOLATED)
   u_NV_NVDLA_cmac/u_core/u_mac_3/pp_out_l2n1_0_d2[16]
                              0.0856         0.0866        -0.0011  (VIOLATED)
       PIN :   u_NV_NVDLA_cmac/u_core/u_mac_3/pp_out_l2n1_0_d2_reg_16_/Q
                              0.0856         0.0866        -0.0011  (VIOLATED)
   u_NV_NVDLA_cmac/u_core/u_mac_2/res_tag_b0_d1[14]
                              0.0856         0.0866        -0.0011  (VIOLATED)
       PIN :   u_NV_NVDLA_cmac/u_core/u_mac_2/res_tag_b0_d1_reg_14_/Q
                              0.0856         0.0866        -0.0011  (VIOLATED)
   u_NV_NVDLA_cmac/u_core/out_data4[41]
                              0.0861         0.0871        -0.0011  (VIOLATED)
       PIN :   u_NV_NVDLA_cmac/u_core/u_mac_4/mac_out_data_reg_41_/Q
                              0.0861         0.0871        -0.0011  (VIOLATED)
   u_NV_NVDLA_cmac/u_core/dat4_actv_data[41]
                              0.0861         0.0871        -0.0011  (VIOLATED)
       PIN :   u_NV_NVDLA_cmac/u_core/u_active/dat_actv_data_reg4_reg_41_/Q
                              0.0861         0.0871        -0.0011  (VIOLATED)
   u_NV_NVDLA_cmac/u_core/wt0_actv_data[575]
                              0.0861         0.0871        -0.0011  (VIOLATED)
       PIN :   u_NV_NVDLA_cmac/u_core/u_active/wt0_actv_data_reg_575_/Q
                              0.0861         0.0871        -0.0011  (VIOLATED)
   u_NV_NVDLA_cmac/u_core/dat4_actv_data[450]
                              0.0856         0.0866        -0.0011  (VIOLATED)
       PIN :   u_NV_NVDLA_cmac/u_core/u_active/dat_actv_data_reg4_reg_450_/Q
                              0.0856         0.0866        -0.0011  (VIOLATED)
   u_NV_NVDLA_cmac/u_core/u_mac_2/u_mul_47/n206
                              0.0844         0.0854        -0.0011  (VIOLATED)
       PIN :   u_NV_NVDLA_cmac/u_core/u_mac_2/u_mul_47/U52/Y
                              0.0844         0.0854        -0.0011  (VIOLATED)
   u_NV_NVDLA_cmac/u_core/u_mac_2/pp_out_l0n07_0_d1[5]
                              0.0861         0.0871        -0.0010  (VIOLATED)
       PIN :   u_NV_NVDLA_cmac/u_core/u_mac_2/pp_out_l0n07_0_d1_reg_5_/Q
                              0.0861         0.0871        -0.0010  (VIOLATED)
   u_NV_NVDLA_cmac/u_core/u_mac_7/u_mul_16/n206
                              0.0844         0.0854        -0.0010  (VIOLATED)
       PIN :   u_NV_NVDLA_cmac/u_core/u_mac_7/u_mul_16/U48/Y
                              0.0844         0.0854        -0.0010  (VIOLATED)
   u_NV_NVDLA_cmac/u_core/u_mac_7/u_mul_41/n206
                              0.0844         0.0854        -0.0010  (VIOLATED)
       PIN :   u_NV_NVDLA_cmac/u_core/u_mac_7/u_mul_41/U48/Y
                              0.0844         0.0854        -0.0010  (VIOLATED)
   u_NV_NVDLA_cmac/u_core/dat4_actv_nan[1]
                              0.0861         0.0871        -0.0010  (VIOLATED)
       PIN :   u_NV_NVDLA_cmac/u_core/u_active/dat_actv_nan_reg4_reg_1_/Q
                              0.0861         0.0871        -0.0010  (VIOLATED)
   u_NV_NVDLA_cmac/u_core/dat6_actv_data[545]
                              0.0861         0.0871        -0.0010  (VIOLATED)
       PIN :   u_NV_NVDLA_cmac/u_core/u_active/dat_actv_data_reg6_reg_545_/Q
                              0.0861         0.0871        -0.0010  (VIOLATED)
   u_NV_NVDLA_cmac/u_core/u_mac_3/pp_out_l0n10_1_d1[29]
                              0.0856         0.0866        -0.0010  (VIOLATED)
       PIN :   u_NV_NVDLA_cmac/u_core/u_mac_3/pp_out_l0n10_1_d1_reg_29_/Q
                              0.0856         0.0866        -0.0010  (VIOLATED)
   u_NV_NVDLA_cmac/u_core/out_data4[42]
                              0.0861         0.0871        -0.0010  (VIOLATED)
       PIN :   u_NV_NVDLA_cmac/u_core/u_mac_4/mac_out_data_reg_42_/Q
                              0.0861         0.0871        -0.0010  (VIOLATED)
   u_NV_NVDLA_cmac/u_core/u_mac_6/res_tag_b4_d1[18]
                              0.0856         0.0866        -0.0010  (VIOLATED)
       PIN :   u_NV_NVDLA_cmac/u_core/u_mac_6/res_tag_b4_d1_reg_18_/Q
                              0.0856         0.0866        -0.0010  (VIOLATED)
   u_NV_NVDLA_cmac/u_core/u_mac_0/pp_out_l2n1_1_d2[3]
                              0.0856         0.0866        -0.0010  (VIOLATED)
       PIN :   u_NV_NVDLA_cmac/u_core/u_mac_0/pp_out_l2n1_1_d2_reg_3_/Q
                              0.0856         0.0866        -0.0010  (VIOLATED)
   u_NV_NVDLA_cmac/u_core/u_mac_7/pp_out_l0n10_0_d1[31]
                              0.0856         0.0866        -0.0010  (VIOLATED)
       PIN :   u_NV_NVDLA_cmac/u_core/u_mac_7/pp_out_l0n10_0_d1_reg_31_/Q
                              0.0856         0.0866        -0.0010  (VIOLATED)
   u_NV_NVDLA_cmac/u_core/u_mac_3/pp_out_l0n08_1_d1[4]
                              0.0856         0.0866        -0.0010  (VIOLATED)
       PIN :   u_NV_NVDLA_cmac/u_core/u_mac_3/pp_out_l0n08_1_d1_reg_4_/Q
                              0.0856         0.0866        -0.0010  (VIOLATED)
   u_NV_NVDLA_cmac/u_core/u_mac_4/res_tag_b4_d1[58]
                              0.0856         0.0866        -0.0010  (VIOLATED)
       PIN :   u_NV_NVDLA_cmac/u_core/u_mac_4/res_tag_b4_d1_reg_58_/Q
                              0.0856         0.0866        -0.0010  (VIOLATED)
   u_NV_NVDLA_cmac/u_core/u_mac_1/u_mul_18/n206
                              0.0844         0.0854        -0.0010  (VIOLATED)
       PIN :   u_NV_NVDLA_cmac/u_core/u_mac_1/u_mul_18/U48/Y
                              0.0844         0.0854        -0.0010  (VIOLATED)
   u_NV_NVDLA_cmac/u_core/wt4_actv_data[983]
                              0.0856         0.0866        -0.0010  (VIOLATED)
       PIN :   u_NV_NVDLA_cmac/u_core/u_active/wt4_actv_data_reg_983_/Q
                              0.0856         0.0866        -0.0010  (VIOLATED)
   u_NV_NVDLA_cmac/u_core/u_active/n96128
                              0.0856         0.0865        -0.0010  (VIOLATED)
       PIN :   u_NV_NVDLA_cmac/u_core/u_active/dat_pre_data_reg_668_/Q
                              0.0856         0.0865        -0.0010  (VIOLATED)
   u_NV_NVDLA_cmac/u_core/u_mac_7/u_mul_46/n206
                              0.0844         0.0853        -0.0010  (VIOLATED)
       PIN :   u_NV_NVDLA_cmac/u_core/u_mac_7/u_mul_46/U48/Y
                              0.0844         0.0853        -0.0010  (VIOLATED)
   u_NV_NVDLA_cmac/u_core/u_mac_2/pp_out_l0n06_1_d1[18]
                              0.0856         0.0865        -0.0010  (VIOLATED)
       PIN :   u_NV_NVDLA_cmac/u_core/u_mac_2/pp_out_l0n06_1_d1_reg_18_/Q
                              0.0856         0.0865        -0.0010  (VIOLATED)
   u_NV_NVDLA_cmac/u_core/u_mac_6/u_mul_57/n206
                              0.0844         0.0853        -0.0010  (VIOLATED)
       PIN :   u_NV_NVDLA_cmac/u_core/u_mac_6/u_mul_57/U48/Y
                              0.0844         0.0853        -0.0010  (VIOLATED)
   u_NV_NVDLA_cmac/u_core/u_mac_6/u_mul_8/n206
                              0.0844         0.0853        -0.0010  (VIOLATED)
       PIN :   u_NV_NVDLA_cmac/u_core/u_mac_6/u_mul_8/U48/Y
                              0.0844         0.0853        -0.0010  (VIOLATED)
   u_NV_NVDLA_cmac/u_core/u_mac_5/u_mul_4/n206
                              0.0844         0.0853        -0.0010  (VIOLATED)
       PIN :   u_NV_NVDLA_cmac/u_core/u_mac_5/u_mul_4/U48/Y
                              0.0844         0.0853        -0.0010  (VIOLATED)
   u_NV_NVDLA_cmac/u_core/u_mac_3/u_mul_61/n206
                              0.0844         0.0853        -0.0010  (VIOLATED)
       PIN :   u_NV_NVDLA_cmac/u_core/u_mac_3/u_mul_61/U48/Y
                              0.0844         0.0853        -0.0010  (VIOLATED)
   u_NV_NVDLA_cmac/u_core/u_mac_7/u_mul_56/n206
                              0.0844         0.0853        -0.0010  (VIOLATED)
       PIN :   u_NV_NVDLA_cmac/u_core/u_mac_7/u_mul_56/U48/Y
                              0.0844         0.0853        -0.0010  (VIOLATED)
   u_NV_NVDLA_cmac/u_core/u_mac_1/pp_out_l2n3_1_d2[19]
                              0.0856         0.0865        -0.0010  (VIOLATED)
       PIN :   u_NV_NVDLA_cmac/u_core/u_mac_1/pp_out_l2n3_1_d2_reg_19_/Q
                              0.0856         0.0865        -0.0010  (VIOLATED)
   u_NV_NVDLA_cmac/u_core/u_mac_0/u_mul_52/n206
                              0.0844         0.0853        -0.0010  (VIOLATED)
       PIN :   u_NV_NVDLA_cmac/u_core/u_mac_0/u_mul_52/U48/Y
                              0.0844         0.0853        -0.0010  (VIOLATED)
   u_NV_NVDLA_cmac/u_core/dat1_actv_data[559]
                              0.0861         0.0870        -0.0010  (VIOLATED)
       PIN :   u_NV_NVDLA_cmac/u_core/u_active/dat_actv_data_reg1_reg_559_/Q
                              0.0861         0.0870        -0.0010  (VIOLATED)
   u_NV_NVDLA_cmac/u_core/dat2_actv_data[573]
                              0.0861         0.0870        -0.0009  (VIOLATED)
       PIN :   u_NV_NVDLA_cmac/u_core/u_active/dat_actv_data_reg2_reg_573_/Q
                              0.0861         0.0870        -0.0009  (VIOLATED)
   u_NV_NVDLA_cmac/u_core/u_active/wt_pre_exp[110]
                              0.0861         0.0870        -0.0009  (VIOLATED)
       PIN :   u_NV_NVDLA_cmac/u_core/u_active/wt_pre_exp_reg_110_/Q
                              0.0861         0.0870        -0.0009  (VIOLATED)
   u_NV_NVDLA_cmac/u_core/dat3_actv_data[889]
                              0.0856         0.0865        -0.0009  (VIOLATED)
       PIN :   u_NV_NVDLA_cmac/u_core/u_active/dat_actv_data_reg3_reg_889_/Q
                              0.0856         0.0865        -0.0009  (VIOLATED)
   u_NV_NVDLA_cmac/u_core/u_mac_1/u_nan/n2143
                              0.0844         0.0853        -0.0009  (VIOLATED)
       PIN :   u_NV_NVDLA_cmac/u_core/u_mac_1/u_nan/U315/Y
                              0.0844         0.0853        -0.0009  (VIOLATED)
   u_NV_NVDLA_cmac/u_core/u_mac_1/exp_sft_22[2]
                              0.0856         0.0865        -0.0009  (VIOLATED)
       PIN :   u_NV_NVDLA_cmac/u_core/u_mac_1/u_exp/exp_sft_22_reg_2_/Q
                              0.0856         0.0865        -0.0009  (VIOLATED)
   u_NV_NVDLA_cmac/u_core/out_data7[164]
                              0.0856         0.0865        -0.0009  (VIOLATED)
       PIN :   u_NV_NVDLA_cmac/u_core/u_mac_7/mac_out_data_reg_164_/Q
                              0.0856         0.0865        -0.0009  (VIOLATED)
   u_NV_NVDLA_cmac/u_core/u_mac_7/pp_out_l0n12_1_d1[8]
                              0.0856         0.0865        -0.0009  (VIOLATED)
       PIN :   u_NV_NVDLA_cmac/u_core/u_mac_7/pp_out_l0n12_1_d1_reg_8_/Q
                              0.0856         0.0865        -0.0009  (VIOLATED)
   u_NV_NVDLA_cmac/u_core/u_mac_2/u_mul_1/n206
                              0.0844         0.0853        -0.0009  (VIOLATED)
       PIN :   u_NV_NVDLA_cmac/u_core/u_mac_2/u_mul_1/U48/Y
                              0.0844         0.0853        -0.0009  (VIOLATED)
   u_NV_NVDLA_cmac/u_core/u_mac_5/pp_out_l0n14_1_d1[2]
                              0.0856         0.0865        -0.0009  (VIOLATED)
       PIN :   u_NV_NVDLA_cmac/u_core/u_mac_5/pp_out_l0n14_1_d1_reg_2_/Q
                              0.0856         0.0865        -0.0009  (VIOLATED)
   u_NV_NVDLA_cmac/u_core/dat5_actv_nz[34]
                              0.0856         0.0865        -0.0009  (VIOLATED)
       PIN :   u_NV_NVDLA_cmac/u_core/u_active/dat_actv_nz_reg5_reg_34_/Q
                              0.0856         0.0865        -0.0009  (VIOLATED)
   u_NV_NVDLA_cmac/u_core/u_mac_2/pp_out_l0n07_0_d1[4]
                              0.0861         0.0870        -0.0009  (VIOLATED)
       PIN :   u_NV_NVDLA_cmac/u_core/u_mac_2/pp_out_l0n07_0_d1_reg_4_/Q
                              0.0861         0.0870        -0.0009  (VIOLATED)
   u_NV_NVDLA_cmac/u_core/u_active/wt_pre_exp[23]
                              0.0861         0.0870        -0.0009  (VIOLATED)
       PIN :   u_NV_NVDLA_cmac/u_core/u_active/wt_pre_exp_reg_23_/Q
                              0.0861         0.0870        -0.0009  (VIOLATED)
   u_NV_NVDLA_cmac/u_core/dat4_actv_data[40]
                              0.0861         0.0870        -0.0009  (VIOLATED)
       PIN :   u_NV_NVDLA_cmac/u_core/u_active/dat_actv_data_reg4_reg_40_/Q
                              0.0861         0.0870        -0.0009  (VIOLATED)
   u_NV_NVDLA_cmac/u_core/dat5_actv_data[847]
                              0.0861         0.0870        -0.0009  (VIOLATED)
       PIN :   u_NV_NVDLA_cmac/u_core/u_active/dat_actv_data_reg5_reg_847_/Q
                              0.0861         0.0870        -0.0009  (VIOLATED)
   u_NV_NVDLA_cmac/u_core/u_mac_5/pp_out_l0n03_0_d1[32]
                              0.0856         0.0865        -0.0009  (VIOLATED)
       PIN :   u_NV_NVDLA_cmac/u_core/u_mac_5/pp_out_l0n03_0_d1_reg_32_/Q
                              0.0856         0.0865        -0.0009  (VIOLATED)
   u_NV_NVDLA_cmac/u_core/in_wt_data13[5]
                              0.0861         0.0870        -0.0009  (VIOLATED)
       PIN :   u_NV_NVDLA_cmac/u_core/u_rt_in/in_rt_wt_data_d1_reg_109_/Q
                              0.0861         0.0870        -0.0009  (VIOLATED)
   u_NV_NVDLA_cmac/u_core/dat0_actv_data[809]
                              0.0856         0.0865        -0.0009  (VIOLATED)
       PIN :   u_NV_NVDLA_cmac/u_core/u_active/dat_actv_data_reg0_reg_809_/Q
                              0.0856         0.0865        -0.0009  (VIOLATED)
   u_NV_NVDLA_cmac/u_core/dat0_actv_data[614]
                              0.0861         0.0869        -0.0009  (VIOLATED)
       PIN :   u_NV_NVDLA_cmac/u_core/u_active/dat_actv_data_reg0_reg_614_/Q
                              0.0861         0.0869        -0.0009  (VIOLATED)
   u_NV_NVDLA_cmac/u_core/u_mac_4/res_tag_b0_d1[14]
                              0.0856         0.0865        -0.0009  (VIOLATED)
       PIN :   u_NV_NVDLA_cmac/u_core/u_mac_4/res_tag_b0_d1_reg_14_/Q
                              0.0856         0.0865        -0.0009  (VIOLATED)
   u_NV_NVDLA_cmac/u_core/u_mac_0/pp_out_l0n13_0_d1[4]
                              0.0856         0.0864        -0.0009  (VIOLATED)
       PIN :   u_NV_NVDLA_cmac/u_core/u_mac_0/pp_out_l0n13_0_d1_reg_4_/Q
                              0.0856         0.0864        -0.0009  (VIOLATED)
   u_NV_NVDLA_cmac/u_core/wt0_actv_data[928]
                              0.0861         0.0869        -0.0009  (VIOLATED)
       PIN :   u_NV_NVDLA_cmac/u_core/u_active/wt0_actv_data_reg_928_/Q
                              0.0861         0.0869        -0.0009  (VIOLATED)
   u_NV_NVDLA_cmac/u_core/u_mac_0/u_mul_22/n206
                              0.0844         0.0852        -0.0009  (VIOLATED)
       PIN :   u_NV_NVDLA_cmac/u_core/u_mac_0/u_mul_22/U48/Y
                              0.0844         0.0852        -0.0009  (VIOLATED)
   u_NV_NVDLA_cmac/u_core/u_mac_7/u_mul_2/n206
                              0.0844         0.0852        -0.0009  (VIOLATED)
       PIN :   u_NV_NVDLA_cmac/u_core/u_mac_7/u_mul_2/U48/Y
                              0.0844         0.0852        -0.0009  (VIOLATED)
   u_NV_NVDLA_cmac/u_core/u_active/n96399
                              0.0856         0.0864        -0.0009  (VIOLATED)
       PIN :   u_NV_NVDLA_cmac/u_core/u_active/wt_pre_data_reg_77_/Q
                              0.0856         0.0864        -0.0009  (VIOLATED)
   u_NV_NVDLA_cmac/u_core/u_mac_1/u_mul_41/n206
                              0.0844         0.0852        -0.0009  (VIOLATED)
       PIN :   u_NV_NVDLA_cmac/u_core/u_mac_1/u_mul_41/U48/Y
                              0.0844         0.0852        -0.0009  (VIOLATED)
   u_NV_NVDLA_cmac/u_core/dat1_actv_data[52]
                              0.0861         0.0869        -0.0009  (VIOLATED)
       PIN :   u_NV_NVDLA_cmac/u_core/u_active/dat_actv_data_reg1_reg_52_/Q
                              0.0861         0.0869        -0.0009  (VIOLATED)
   u_NV_NVDLA_cmac/u_core/dat5_actv_data[977]
                              0.0856         0.0864        -0.0009  (VIOLATED)
       PIN :   u_NV_NVDLA_cmac/u_core/u_active/dat_actv_data_reg5_reg_977_/Q
                              0.0856         0.0864        -0.0009  (VIOLATED)
   u_NV_NVDLA_cmac/u_core/u_mac_6/pp_out_l0n12_0_d1[4]
                              0.0861         0.0869        -0.0008  (VIOLATED)
       PIN :   u_NV_NVDLA_cmac/u_core/u_mac_6/pp_out_l0n12_0_d1_reg_4_/Q
                              0.0861         0.0869        -0.0008  (VIOLATED)
   u_NV_NVDLA_cmac/u_core/wt4_actv_data[16]
                              0.0861         0.0869        -0.0008  (VIOLATED)
       PIN :   u_NV_NVDLA_cmac/u_core/u_active/wt4_actv_data_reg_16_/Q
                              0.0861         0.0869        -0.0008  (VIOLATED)
   u_NV_NVDLA_cmac/u_core/u_mac_1/u_mul_7/n206
                              0.0844         0.0852        -0.0008  (VIOLATED)
       PIN :   u_NV_NVDLA_cmac/u_core/u_mac_1/u_mul_7/U52/Y
                              0.0844         0.0852        -0.0008  (VIOLATED)
   u_NV_NVDLA_cmac/u_core/u_active/n96696
                              0.0861         0.0869        -0.0008  (VIOLATED)
       PIN :   u_NV_NVDLA_cmac/u_core/u_active/dat_pre_data_reg_609_/Q
                              0.0861         0.0869        -0.0008  (VIOLATED)
   u_NV_NVDLA_cmac/u_core/u_mac_2/pp_out_l2n1_0_d2[3]
                              0.0856         0.0864        -0.0008  (VIOLATED)
       PIN :   u_NV_NVDLA_cmac/u_core/u_mac_2/pp_out_l2n1_0_d2_reg_3_/Q
                              0.0856         0.0864        -0.0008  (VIOLATED)
   u_NV_NVDLA_cmac/u_core/u_mac_7/pp_out_l0n12_1_d1[3]
                              0.0856         0.0864        -0.0008  (VIOLATED)
       PIN :   u_NV_NVDLA_cmac/u_core/u_mac_7/pp_out_l0n12_1_d1_reg_3_/Q
                              0.0856         0.0864        -0.0008  (VIOLATED)
   u_NV_NVDLA_cmac/u_core/u_mac_7/pp_out_l0n12_0_d1[5]
                              0.0856         0.0864        -0.0008  (VIOLATED)
       PIN :   u_NV_NVDLA_cmac/u_core/u_mac_7/pp_out_l0n12_0_d1_reg_5_/Q
                              0.0856         0.0864        -0.0008  (VIOLATED)
   u_NV_NVDLA_cmac/u_core/u_mac_2/exp_sft_44[3]
                              0.0856         0.0864        -0.0008  (VIOLATED)
       PIN :   u_NV_NVDLA_cmac/u_core/u_mac_2/u_exp/exp_sft_44_reg_3_/Q
                              0.0856         0.0864        -0.0008  (VIOLATED)
   u_NV_NVDLA_cmac/u_core/dat7_actv_data[834]
                              0.0856         0.0864        -0.0008  (VIOLATED)
       PIN :   u_NV_NVDLA_cmac/u_core/u_active/dat_actv_data_reg7_reg_834_/Q
                              0.0856         0.0864        -0.0008  (VIOLATED)
   u_NV_NVDLA_cmac/u_core/dat3_actv_data[679]
                              0.0856         0.0864        -0.0008  (VIOLATED)
       PIN :   u_NV_NVDLA_cmac/u_core/u_active/dat_actv_data_reg3_reg_679_/Q
                              0.0856         0.0864        -0.0008  (VIOLATED)
   u_NV_NVDLA_cmac/u_core/in_wt_data106[2]
                              0.0861         0.0869        -0.0008  (VIOLATED)
       PIN :   u_NV_NVDLA_cmac/u_core/u_rt_in/in_rt_wt_data_d1_reg_850_/Q
                              0.0861         0.0869        -0.0008  (VIOLATED)
   u_NV_NVDLA_cmac/u_core/u_mac_7/pp_out_l0n10_0_d1[5]
                              0.0856         0.0864        -0.0008  (VIOLATED)
       PIN :   u_NV_NVDLA_cmac/u_core/u_mac_7/pp_out_l0n10_0_d1_reg_5_/Q
                              0.0856         0.0864        -0.0008  (VIOLATED)
   u_NV_NVDLA_cmac/u_core/dat0_actv_nz[117]
                              0.0856         0.0864        -0.0008  (VIOLATED)
       PIN :   u_NV_NVDLA_cmac/u_core/u_active/dat_actv_nz_reg0_reg_117_/Q
                              0.0856         0.0864        -0.0008  (VIOLATED)
   u_NV_NVDLA_cmac/u_core/u_mac_3/pp_out_l0n04_1_d1[7]
                              0.0856         0.0864        -0.0008  (VIOLATED)
       PIN :   u_NV_NVDLA_cmac/u_core/u_mac_3/pp_out_l0n04_1_d1_reg_7_/Q
                              0.0856         0.0864        -0.0008  (VIOLATED)
   u_NV_NVDLA_cmac/u_core/dat5_actv_nz[21]
                              0.0856         0.0864        -0.0008  (VIOLATED)
       PIN :   u_NV_NVDLA_cmac/u_core/u_active/dat_actv_nz_reg5_reg_21_/Q
                              0.0856         0.0864        -0.0008  (VIOLATED)
   u_NV_NVDLA_cmac/u_core/u_mac_0/pp_out_l2n1_1_d2[6]
                              0.0856         0.0863        -0.0008  (VIOLATED)
       PIN :   u_NV_NVDLA_cmac/u_core/u_mac_0/pp_out_l2n1_1_d2_reg_6_/Q
                              0.0856         0.0863        -0.0008  (VIOLATED)
   u_NV_NVDLA_cmac/u_core/u_mac_3/u_mul_49/n206
                              0.0844         0.0851        -0.0008  (VIOLATED)
       PIN :   u_NV_NVDLA_cmac/u_core/u_mac_3/u_mul_49/U48/Y
                              0.0844         0.0851        -0.0008  (VIOLATED)
   u_NV_NVDLA_cmac/u_core/u_mac_0/pp_out_l2n5_1_d2[3]
                              0.0856         0.0863        -0.0008  (VIOLATED)
       PIN :   u_NV_NVDLA_cmac/u_core/u_mac_0/pp_out_l2n5_1_d2_reg_3_/Q
                              0.0856         0.0863        -0.0008  (VIOLATED)
   u_NV_NVDLA_cmac/u_core/u_mac_2/pp_out_l2n3_1_d2[19]
                              0.0856         0.0863        -0.0008  (VIOLATED)
       PIN :   u_NV_NVDLA_cmac/u_core/u_mac_2/pp_out_l2n3_1_d2_reg_19_/Q
                              0.0856         0.0863        -0.0008  (VIOLATED)
   u_NV_NVDLA_cmac/u_core/u_mac_5/pp_out_l0n11_1_d1[21]
                              0.0856         0.0863        -0.0008  (VIOLATED)
       PIN :   u_NV_NVDLA_cmac/u_core/u_mac_5/pp_out_l0n11_1_d1_reg_21_/Q
                              0.0856         0.0863        -0.0008  (VIOLATED)
   u_NV_NVDLA_cmac/u_core/u_mac_3/u_mul_22/n206
                              0.0844         0.0851        -0.0008  (VIOLATED)
       PIN :   u_NV_NVDLA_cmac/u_core/u_mac_3/u_mul_22/U48/Y
                              0.0844         0.0851        -0.0008  (VIOLATED)
   u_NV_NVDLA_cmac/u_core/dat1_actv_data[154]
                              0.0861         0.0868        -0.0008  (VIOLATED)
       PIN :   u_NV_NVDLA_cmac/u_core/u_active/dat_actv_data_reg1_reg_154_/Q
                              0.0861         0.0868        -0.0008  (VIOLATED)
   u_NV_NVDLA_cmac/u_core/u_mac_6/pp_out_l2n5_1_d2[6]
                              0.0856         0.0863        -0.0007  (VIOLATED)
       PIN :   u_NV_NVDLA_cmac/u_core/u_mac_6/pp_out_l2n5_1_d2_reg_6_/Q
                              0.0856         0.0863        -0.0007  (VIOLATED)
   u_NV_NVDLA_cmac/u_core/u_mac_1/u_mul_46/n206
                              0.0844         0.0851        -0.0007  (VIOLATED)
       PIN :   u_NV_NVDLA_cmac/u_core/u_mac_1/u_mul_46/U48/Y
                              0.0844         0.0851        -0.0007  (VIOLATED)
   u_NV_NVDLA_cmac/u_core/u_mac_2/pp_out_l0n03_0_d1[10]
                              0.0856         0.0863        -0.0007  (VIOLATED)
       PIN :   u_NV_NVDLA_cmac/u_core/u_mac_2/pp_out_l0n03_0_d1_reg_10_/Q
                              0.0856         0.0863        -0.0007  (VIOLATED)
   u_NV_NVDLA_cmac/u_core/u_mac_7/u_mul_14/n206
                              0.0844         0.0851        -0.0007  (VIOLATED)
       PIN :   u_NV_NVDLA_cmac/u_core/u_mac_7/u_mul_14/U48/Y
                              0.0844         0.0851        -0.0007  (VIOLATED)
   u_NV_NVDLA_cmac/u_core/in_dat_data12[0]
                              0.0861         0.0868        -0.0007  (VIOLATED)
       PIN :   u_NV_NVDLA_cmac/u_core/u_rt_in/in_rt_dat_data_d1_reg_96_/Q
                              0.0861         0.0868        -0.0007  (VIOLATED)
   u_NV_NVDLA_cmac/u_core/wt4_actv_data[727]
                              0.0856         0.0863        -0.0007  (VIOLATED)
       PIN :   u_NV_NVDLA_cmac/u_core/u_active/wt4_actv_data_reg_727_/Q
                              0.0856         0.0863        -0.0007  (VIOLATED)
   u_NV_NVDLA_cmac/u_core/u_mac_2/pp_out_l0n07_0_d1[3]
                              0.0861         0.0868        -0.0007  (VIOLATED)
       PIN :   u_NV_NVDLA_cmac/u_core/u_mac_2/pp_out_l0n07_0_d1_reg_3_/Q
                              0.0861         0.0868        -0.0007  (VIOLATED)
   u_NV_NVDLA_cmac/u_core/dat2_actv_nan[4]
                              0.0856         0.0863        -0.0007  (VIOLATED)
       PIN :   u_NV_NVDLA_cmac/u_core/u_active/dat_actv_nan_reg2_reg_4_/Q
                              0.0856         0.0863        -0.0007  (VIOLATED)
   u_NV_NVDLA_cmac/u_core/u_active/n100869
                              0.0861         0.0868        -0.0007  (VIOLATED)
       PIN :   u_NV_NVDLA_cmac/u_core/u_active/dat_actv_data_reg0_reg_203_/Q
                              0.0861         0.0868        -0.0007  (VIOLATED)
   u_NV_NVDLA_cmac/u_core/out_data5[108]
                              0.0856         0.0863        -0.0007  (VIOLATED)
       PIN :   u_NV_NVDLA_cmac/u_core/u_mac_5/mac_out_data_reg_108_/Q
                              0.0856         0.0863        -0.0007  (VIOLATED)
   u_NV_NVDLA_cmac/u_core/wt0_actv_data[557]
                              0.0861         0.0868        -0.0007  (VIOLATED)
       PIN :   u_NV_NVDLA_cmac/u_core/u_active/wt0_actv_data_reg_557_/Q
                              0.0861         0.0868        -0.0007  (VIOLATED)
   u_NV_NVDLA_cmac/u_core/u_mac_2/u_mul_8/n206
                              0.0844         0.0851        -0.0007  (VIOLATED)
       PIN :   u_NV_NVDLA_cmac/u_core/u_mac_2/u_mul_8/U48/Y
                              0.0844         0.0851        -0.0007  (VIOLATED)
   u_NV_NVDLA_cmac/u_core/out_data1[69]
                              0.0856         0.0863        -0.0007  (VIOLATED)
       PIN :   u_NV_NVDLA_cmac/u_core/u_mac_1/mac_out_data_reg_69_/Q
                              0.0856         0.0863        -0.0007  (VIOLATED)
   u_NV_NVDLA_cmac/u_core/u_mac_5/pp_out_l0n11_1_d1[18]
                              0.0856         0.0863        -0.0007  (VIOLATED)
       PIN :   u_NV_NVDLA_cmac/u_core/u_mac_5/pp_out_l0n11_1_d1_reg_18_/Q
                              0.0856         0.0863        -0.0007  (VIOLATED)
   u_NV_NVDLA_cmac/u_core/u_mac_7/pp_out_l0n10_0_d1[6]
                              0.0856         0.0863        -0.0007  (VIOLATED)
       PIN :   u_NV_NVDLA_cmac/u_core/u_mac_7/pp_out_l0n10_0_d1_reg_6_/Q
                              0.0856         0.0863        -0.0007  (VIOLATED)
   u_NV_NVDLA_cmac/u_core/u_mac_7/pp_out_l0n08_1_d1[29]
                              0.0856         0.0863        -0.0007  (VIOLATED)
       PIN :   u_NV_NVDLA_cmac/u_core/u_mac_7/pp_out_l0n08_1_d1_reg_29_/Q
                              0.0856         0.0863        -0.0007  (VIOLATED)
   u_NV_NVDLA_cmac/u_core/dat2_actv_data[53]
                              0.0861         0.0867        -0.0007  (VIOLATED)
       PIN :   u_NV_NVDLA_cmac/u_core/u_active/dat_actv_data_reg2_reg_53_/Q
                              0.0861         0.0867        -0.0007  (VIOLATED)
   u_NV_NVDLA_cmac/u_core/u_mac_4/u_exp/n5289
                              0.0861         0.0867        -0.0007  (VIOLATED)
       PIN :   u_NV_NVDLA_cmac/u_core/u_mac_4/u_exp/exp_sft_00_reg_0_/Q
                              0.0861         0.0867        -0.0007  (VIOLATED)
   u_NV_NVDLA_cmac/u_core/dat3_actv_data[909]
                              0.0861         0.0867        -0.0007  (VIOLATED)
       PIN :   u_NV_NVDLA_cmac/u_core/u_active/dat_actv_data_reg3_reg_909_/Q
                              0.0861         0.0867        -0.0007  (VIOLATED)
   u_NV_NVDLA_cmac/u_core/u_mac_0/pp_out_l0n02_0_d1[24]
                              0.0856         0.0862        -0.0007  (VIOLATED)
       PIN :   u_NV_NVDLA_cmac/u_core/u_mac_0/pp_out_l0n02_0_d1_reg_24_/Q
                              0.0856         0.0862        -0.0007  (VIOLATED)
   u_NV_NVDLA_cmac/u_core/u_mac_1/res_tag_b6_d1[21]
                              0.0856         0.0862        -0.0007  (VIOLATED)
       PIN :   u_NV_NVDLA_cmac/u_core/u_mac_1/res_tag_b6_d1_reg_21_/Q
                              0.0856         0.0862        -0.0007  (VIOLATED)
   u_NV_NVDLA_cmac/u_core/in_dat_data59[5]
                              0.0856         0.0862        -0.0007  (VIOLATED)
       PIN :   u_NV_NVDLA_cmac/u_core/u_rt_in/in_rt_dat_data_d1_reg_477_/Q
                              0.0856         0.0862        -0.0007  (VIOLATED)
   u_NV_NVDLA_cmac/u_core/dat7_actv_data[581]
                              0.0861         0.0867        -0.0007  (VIOLATED)
       PIN :   u_NV_NVDLA_cmac/u_core/u_active/dat_actv_data_reg7_reg_581_/Q
                              0.0861         0.0867        -0.0007  (VIOLATED)
   u_NV_NVDLA_cmac/u_core/u_rt_in/n1180
                              0.0856         0.0862        -0.0007  (VIOLATED)
       PIN :   u_NV_NVDLA_cmac/u_core/u_rt_in/in_rt_wt_data_d1_reg_789_/Q
                              0.0856         0.0862        -0.0007  (VIOLATED)
   u_NV_NVDLA_cmac/u_core/dat1_actv_data[550]
                              0.0861         0.0867        -0.0007  (VIOLATED)
       PIN :   u_NV_NVDLA_cmac/u_core/u_active/dat_actv_data_reg1_reg_550_/Q
                              0.0861         0.0867        -0.0007  (VIOLATED)
   u_NV_NVDLA_cmac/u_core/in_dat_data19[0]
                              0.0861         0.0867        -0.0007  (VIOLATED)
       PIN :   u_NV_NVDLA_cmac/u_core/u_rt_in/in_rt_dat_data_d1_reg_152_/Q
                              0.0861         0.0867        -0.0007  (VIOLATED)
   u_NV_NVDLA_cmac/u_core/u_mac_1/u_mul_0/n206
                              0.0844         0.0850        -0.0007  (VIOLATED)
       PIN :   u_NV_NVDLA_cmac/u_core/u_mac_1/u_mul_0/U48/Y
                              0.0844         0.0850        -0.0007  (VIOLATED)
   u_NV_NVDLA_cmac/u_core/wt7_actv_data[633]
                              0.0856         0.0862        -0.0007  (VIOLATED)
       PIN :   u_NV_NVDLA_cmac/u_core/u_active/wt7_actv_data_reg_633_/Q
                              0.0856         0.0862        -0.0007  (VIOLATED)
   u_NV_NVDLA_cmac/u_core/in_dat_data25[3]
                              0.0861         0.0867        -0.0007  (VIOLATED)
       PIN :   u_NV_NVDLA_cmac/u_core/u_rt_in/in_rt_dat_data_d1_reg_203_/Q
                              0.0861         0.0867        -0.0007  (VIOLATED)
   u_NV_NVDLA_cmac/u_core/u_mac_1/pp_out_l2n1_0_d2[14]
                              0.0856         0.0862        -0.0007  (VIOLATED)
       PIN :   u_NV_NVDLA_cmac/u_core/u_mac_1/pp_out_l2n1_0_d2_reg_14_/Q
                              0.0856         0.0862        -0.0007  (VIOLATED)
   u_NV_NVDLA_cmac/u_core/u_active/n96729
                              0.0861         0.0867        -0.0007  (VIOLATED)
       PIN :   u_NV_NVDLA_cmac/u_core/u_active/wt5_actv_data_reg_290_/Q
                              0.0861         0.0867        -0.0007  (VIOLATED)
   u_NV_NVDLA_cmac/u_core/u_mac_4/u_mul_52/n206
                              0.0844         0.0850        -0.0006  (VIOLATED)
       PIN :   u_NV_NVDLA_cmac/u_core/u_mac_4/u_mul_52/U48/Y
                              0.0844         0.0850        -0.0006  (VIOLATED)
   u_NV_NVDLA_cmac/u_core/dat6_actv_data[973]
                              0.0861         0.0867        -0.0006  (VIOLATED)
       PIN :   u_NV_NVDLA_cmac/u_core/u_active/dat_actv_data_reg6_reg_973_/Q
                              0.0861         0.0867        -0.0006  (VIOLATED)
   u_NV_NVDLA_cmac/u_core/u_active/wt3_sd_nan[33]
                              0.0856         0.0862        -0.0006  (VIOLATED)
       PIN :   u_NV_NVDLA_cmac/u_core/u_active/wt3_sd_nan_reg_33_/Q
                              0.0856         0.0862        -0.0006  (VIOLATED)
   u_NV_NVDLA_cmac/u_core/dat1_actv_data[549]
                              0.0861         0.0867        -0.0006  (VIOLATED)
       PIN :   u_NV_NVDLA_cmac/u_core/u_active/dat_actv_data_reg1_reg_549_/Q
                              0.0861         0.0867        -0.0006  (VIOLATED)
   u_NV_NVDLA_cmac/u_core/u_mac_3/pp_out_l0n00_0_d1[25]
                              0.0856         0.0862        -0.0006  (VIOLATED)
       PIN :   u_NV_NVDLA_cmac/u_core/u_mac_3/pp_out_l0n00_0_d1_reg_25_/Q
                              0.0856         0.0862        -0.0006  (VIOLATED)
   u_NV_NVDLA_cmac/u_core/dat2_actv_data[574]
                              0.0861         0.0867        -0.0006  (VIOLATED)
       PIN :   u_NV_NVDLA_cmac/u_core/u_active/dat_actv_data_reg2_reg_574_/Q
                              0.0861         0.0867        -0.0006  (VIOLATED)
   u_NV_NVDLA_cmac/u_core/u_mac_5/pp_out_l0n07_0_d1[2]
                              0.0856         0.0862        -0.0006  (VIOLATED)
       PIN :   u_NV_NVDLA_cmac/u_core/u_mac_5/pp_out_l0n07_0_d1_reg_2_/Q
                              0.0856         0.0862        -0.0006  (VIOLATED)
   u_NV_NVDLA_cmac/u_core/u_mac_1/res_tag_b5_d1[33]
                              0.0856         0.0862        -0.0006  (VIOLATED)
       PIN :   u_NV_NVDLA_cmac/u_core/u_mac_1/res_tag_b5_d1_reg_33_/Q
                              0.0856         0.0862        -0.0006  (VIOLATED)
   u_NV_NVDLA_cmac/u_core/wt4_actv_data[660]
                              0.0856         0.0862        -0.0006  (VIOLATED)
       PIN :   u_NV_NVDLA_cmac/u_core/u_active/wt4_actv_data_reg_660_/Q
                              0.0856         0.0862        -0.0006  (VIOLATED)
   u_NV_NVDLA_cmac/u_core/u_mac_3/pp_out_l2n5_0_d2[13]
                              0.0856         0.0862        -0.0006  (VIOLATED)
       PIN :   u_NV_NVDLA_cmac/u_core/u_mac_3/pp_out_l2n5_0_d2_reg_13_/Q
                              0.0856         0.0862        -0.0006  (VIOLATED)
   u_NV_NVDLA_cmac/u_core/in_dat_data24[7]
                              0.0861         0.0867        -0.0006  (VIOLATED)
       PIN :   u_NV_NVDLA_cmac/u_core/u_rt_in/in_rt_dat_data_d1_reg_199_/Q
                              0.0861         0.0867        -0.0006  (VIOLATED)
   u_NV_NVDLA_cmac/u_core/u_active/n96070
                              0.0861         0.0867        -0.0006  (VIOLATED)
       PIN :   u_NV_NVDLA_cmac/u_core/u_active/dat_pre_nan_reg_5_/Q
                              0.0861         0.0867        -0.0006  (VIOLATED)
   u_NV_NVDLA_cmac/u_core/u_mac_1/res_tag_b6_d1[16]
                              0.0856         0.0862        -0.0006  (VIOLATED)
       PIN :   u_NV_NVDLA_cmac/u_core/u_mac_1/res_tag_b6_d1_reg_16_/Q
                              0.0856         0.0862        -0.0006  (VIOLATED)
   u_NV_NVDLA_cmac/u_core/dat0_actv_nan[19]
                              0.0856         0.0862        -0.0006  (VIOLATED)
       PIN :   u_NV_NVDLA_cmac/u_core/u_active/dat_actv_nan_reg0_reg_19_/Q
                              0.0856         0.0862        -0.0006  (VIOLATED)
   u_NV_NVDLA_cmac/u_core/u_mac_7/pp_out_l2n1_1_d2[17]
                              0.0856         0.0862        -0.0006  (VIOLATED)
       PIN :   u_NV_NVDLA_cmac/u_core/u_mac_7/pp_out_l2n1_1_d2_reg_17_/Q
                              0.0856         0.0862        -0.0006  (VIOLATED)
   u_NV_NVDLA_cmac/u_core/in_wt_data101[4]
                              0.0861         0.0867        -0.0006  (VIOLATED)
       PIN :   u_NV_NVDLA_cmac/u_core/u_rt_in/in_rt_wt_data_d1_reg_812_/Q
                              0.0861         0.0867        -0.0006  (VIOLATED)
   u_NV_NVDLA_cmac/u_core/u_mac_6/res_tag_b4_d1[43]
                              0.0856         0.0862        -0.0006  (VIOLATED)
       PIN :   u_NV_NVDLA_cmac/u_core/u_mac_6/res_tag_b4_d1_reg_43_/Q
                              0.0856         0.0862        -0.0006  (VIOLATED)
   u_NV_NVDLA_cmac/u_core/wt7_actv_data[996]
                              0.0856         0.0862        -0.0006  (VIOLATED)
       PIN :   u_NV_NVDLA_cmac/u_core/u_active/wt7_actv_data_reg_996_/Q
                              0.0856         0.0862        -0.0006  (VIOLATED)
   u_NV_NVDLA_cmac/u_core/wt2_actv_nan[0]
                              0.0861         0.0867        -0.0006  (VIOLATED)
       PIN :   u_NV_NVDLA_cmac/u_core/u_active/wt2_actv_nan_reg_0_/Q
                              0.0861         0.0867        -0.0006  (VIOLATED)
   u_NV_NVDLA_cmac/u_core/u_mac_2/pp_out_l0n07_1_d1[12]
                              0.0861         0.0867        -0.0006  (VIOLATED)
       PIN :   u_NV_NVDLA_cmac/u_core/u_mac_2/pp_out_l0n07_1_d1_reg_12_/Q
                              0.0861         0.0867        -0.0006  (VIOLATED)
   u_NV_NVDLA_cmac/u_core/dat1_actv_data[547]
                              0.0861         0.0866        -0.0006  (VIOLATED)
       PIN :   u_NV_NVDLA_cmac/u_core/u_active/dat_actv_data_reg1_reg_547_/Q
                              0.0861         0.0866        -0.0006  (VIOLATED)
   u_NV_NVDLA_cmac/u_core/dat7_actv_data[441]
                              0.0856         0.0861        -0.0006  (VIOLATED)
       PIN :   u_NV_NVDLA_cmac/u_core/u_active/dat_actv_data_reg7_reg_441_/Q
                              0.0856         0.0861        -0.0006  (VIOLATED)
   u_NV_NVDLA_cmac/u_core/in_wt_data68[6]
                              0.0861         0.0866        -0.0006  (VIOLATED)
       PIN :   u_NV_NVDLA_cmac/u_core/u_rt_in/in_rt_wt_data_d1_reg_550_/Q
                              0.0861         0.0866        -0.0006  (VIOLATED)
   u_NV_NVDLA_cmac/u_core/u_mac_2/pp_out_l0n07_1_d1[34]
                              0.0856         0.0861        -0.0006  (VIOLATED)
       PIN :   u_NV_NVDLA_cmac/u_core/u_mac_2/pp_out_l0n07_1_d1_reg_34_/Q
                              0.0856         0.0861        -0.0006  (VIOLATED)
   u_NV_NVDLA_cmac/u_core/u_mac_3/u_mul_39/n206
                              0.0844         0.0849        -0.0006  (VIOLATED)
       PIN :   u_NV_NVDLA_cmac/u_core/u_mac_3/u_mul_39/U52/Y
                              0.0844         0.0849        -0.0006  (VIOLATED)
   u_NV_NVDLA_cmac/u_core/u_mac_6/res_tag_b2_d1[38]
                              0.0856         0.0861        -0.0006  (VIOLATED)
       PIN :   u_NV_NVDLA_cmac/u_core/u_mac_6/res_tag_b2_d1_reg_38_/Q
                              0.0856         0.0861        -0.0006  (VIOLATED)
   u_NV_NVDLA_cmac/u_core/u_mac_1/res_tag_b2_d1[31]
                              0.0856         0.0861        -0.0006  (VIOLATED)
       PIN :   u_NV_NVDLA_cmac/u_core/u_mac_1/res_tag_b2_d1_reg_31_/Q
                              0.0856         0.0861        -0.0006  (VIOLATED)
   u_NV_NVDLA_cmac/u_core/u_mac_3/pp_out_l0n14_1_d1[35]
                              0.0856         0.0861        -0.0006  (VIOLATED)
       PIN :   u_NV_NVDLA_cmac/u_core/u_mac_3/pp_out_l0n14_1_d1_reg_35_/Q
                              0.0856         0.0861        -0.0006  (VIOLATED)
   u_NV_NVDLA_cmac/u_core/u_mac_2/pp_out_l0n07_1_d1[3]
                              0.0861         0.0866        -0.0006  (VIOLATED)
       PIN :   u_NV_NVDLA_cmac/u_core/u_mac_2/pp_out_l0n07_1_d1_reg_3_/Q
                              0.0861         0.0866        -0.0006  (VIOLATED)
   u_NV_NVDLA_cmac/u_core/wt4_actv_data[190]
                              0.0861         0.0866        -0.0006  (VIOLATED)
       PIN :   u_NV_NVDLA_cmac/u_core/u_active/wt4_actv_data_reg_190_/Q
                              0.0861         0.0866        -0.0006  (VIOLATED)
   u_NV_NVDLA_cmac/u_core/u_mac_0/pp_out_l2n5_1_d2[20]
                              0.0856         0.0861        -0.0006  (VIOLATED)
       PIN :   u_NV_NVDLA_cmac/u_core/u_mac_0/pp_out_l2n5_1_d2_reg_20_/Q
                              0.0856         0.0861        -0.0006  (VIOLATED)
   u_NV_NVDLA_cmac/u_core/u_mac_6/u_mul_40/n206
                              0.0844         0.0849        -0.0006  (VIOLATED)
       PIN :   u_NV_NVDLA_cmac/u_core/u_mac_6/u_mul_40/U48/Y
                              0.0844         0.0849        -0.0006  (VIOLATED)
   u_NV_NVDLA_cmac/u_core/u_mac_3/pp_out_l0n14_1_d1[24]
                              0.0861         0.0866        -0.0006  (VIOLATED)
       PIN :   u_NV_NVDLA_cmac/u_core/u_mac_3/pp_out_l0n14_1_d1_reg_24_/Q
                              0.0861         0.0866        -0.0006  (VIOLATED)
   u_NV_NVDLA_cmac/u_core/u_active/wt_pre_exp[32]
                              0.0856         0.0861        -0.0005  (VIOLATED)
       PIN :   u_NV_NVDLA_cmac/u_core/u_active/wt_pre_exp_reg_32_/Q
                              0.0856         0.0861        -0.0005  (VIOLATED)
   u_NV_NVDLA_cmac/u_core/u_mac_2/pp_out_l0n04_0_d1[1]
                              0.0856         0.0861        -0.0005  (VIOLATED)
       PIN :   u_NV_NVDLA_cmac/u_core/u_mac_2/pp_out_l0n04_0_d1_reg_1_/Q
                              0.0856         0.0861        -0.0005  (VIOLATED)
   u_NV_NVDLA_cmac/u_core/u_mac_2/pp_out_l0n06_1_d1[21]
                              0.0856         0.0861        -0.0005  (VIOLATED)
       PIN :   u_NV_NVDLA_cmac/u_core/u_mac_2/pp_out_l0n06_1_d1_reg_21_/Q
                              0.0856         0.0861        -0.0005  (VIOLATED)
   u_NV_NVDLA_cmac/u_core/u_active/n101583
                              0.0861         0.0866        -0.0005  (VIOLATED)
       PIN :   u_NV_NVDLA_cmac/u_core/u_active/dat_actv_data_reg5_reg_304_/Q
                              0.0861         0.0866        -0.0005  (VIOLATED)
   u_NV_NVDLA_cmac/u_core/u_mac_0/exp_sft_55[3]
                              0.0861         0.0866        -0.0005  (VIOLATED)
       PIN :   u_NV_NVDLA_cmac/u_core/u_mac_0/u_exp/exp_sft_55_reg_3_/Q
                              0.0861         0.0866        -0.0005  (VIOLATED)
   u_NV_NVDLA_cmac/u_core/u_mac_5/pp_out_l0n07_0_d1[19]
                              0.0856         0.0861        -0.0005  (VIOLATED)
       PIN :   u_NV_NVDLA_cmac/u_core/u_mac_5/pp_out_l0n07_0_d1_reg_19_/Q
                              0.0856         0.0861        -0.0005  (VIOLATED)
   u_NV_NVDLA_cmac/u_core/dat5_actv_data[126]
                              0.0861         0.0866        -0.0005  (VIOLATED)
       PIN :   u_NV_NVDLA_cmac/u_core/u_active/dat_actv_data_reg5_reg_126_/Q
                              0.0861         0.0866        -0.0005  (VIOLATED)
   u_NV_NVDLA_cmac/u_core/u_active/n101463
                              0.0861         0.0866        -0.0005  (VIOLATED)
       PIN :   u_NV_NVDLA_cmac/u_core/u_active/dat_actv_data_reg3_reg_77_/Q
                              0.0861         0.0866        -0.0005  (VIOLATED)
   u_NV_NVDLA_cmac/u_core/wt4_actv_data[182]
                              0.0861         0.0866        -0.0005  (VIOLATED)
       PIN :   u_NV_NVDLA_cmac/u_core/u_active/wt4_actv_data_reg_182_/Q
                              0.0861         0.0866        -0.0005  (VIOLATED)
   u_NV_NVDLA_cmac/u_core/u_mac_6/res_tag_b4_d1[14]
                              0.0856         0.0861        -0.0005  (VIOLATED)
       PIN :   u_NV_NVDLA_cmac/u_core/u_mac_6/res_tag_b4_d1_reg_14_/Q
                              0.0856         0.0861        -0.0005  (VIOLATED)
   u_NV_NVDLA_cmac/u_core/u_mac_3/pp_out_l2n5_1_d2[6]
                              0.0856         0.0861        -0.0005  (VIOLATED)
       PIN :   u_NV_NVDLA_cmac/u_core/u_mac_3/pp_out_l2n5_1_d2_reg_6_/Q
                              0.0856         0.0861        -0.0005  (VIOLATED)
   u_NV_NVDLA_cmac/u_core/u_mac_2/pp_out_l0n07_1_d1[22]
                              0.0856         0.0861        -0.0005  (VIOLATED)
       PIN :   u_NV_NVDLA_cmac/u_core/u_mac_2/pp_out_l0n07_1_d1_reg_22_/Q
                              0.0856         0.0861        -0.0005  (VIOLATED)
   u_NV_NVDLA_cmac/u_core/u_mac_5/pp_out_l0n09_1_d1[14]
                              0.0856         0.0861        -0.0005  (VIOLATED)
       PIN :   u_NV_NVDLA_cmac/u_core/u_mac_5/pp_out_l0n09_1_d1_reg_14_/Q
                              0.0856         0.0861        -0.0005  (VIOLATED)
   u_NV_NVDLA_cmac/u_core/in_dat_data105[4]
                              0.0856         0.0861        -0.0005  (VIOLATED)
       PIN :   u_NV_NVDLA_cmac/u_core/u_rt_in/in_rt_dat_data_d1_reg_844_/Q
                              0.0856         0.0861        -0.0005  (VIOLATED)
   u_NV_NVDLA_cmac/u_core/dat0_actv_nan[17]
                              0.0856         0.0861        -0.0005  (VIOLATED)
       PIN :   u_NV_NVDLA_cmac/u_core/u_active/dat_actv_nan_reg0_reg_17_/Q
                              0.0856         0.0861        -0.0005  (VIOLATED)
   u_NV_NVDLA_cmac/u_core/u_mac_0/res_tag_b3_d1[13]
                              0.0861         0.0865        -0.0005  (VIOLATED)
       PIN :   u_NV_NVDLA_cmac/u_core/u_mac_0/res_tag_b3_d1_reg_13_/Q
                              0.0861         0.0865        -0.0005  (VIOLATED)
   u_NV_NVDLA_cmac/u_core/u_active/n96015
                              0.0861         0.0865        -0.0005  (VIOLATED)
       PIN :   u_NV_NVDLA_cmac/u_core/u_active/wt6_actv_data_reg_626_/Q
                              0.0861         0.0865        -0.0005  (VIOLATED)
   u_NV_NVDLA_cmac/u_core/u_mac_1/pp_out_l0n09_1_d1[8]
                              0.0856         0.0861        -0.0005  (VIOLATED)
       PIN :   u_NV_NVDLA_cmac/u_core/u_mac_1/pp_out_l0n09_1_d1_reg_8_/Q
                              0.0856         0.0861        -0.0005  (VIOLATED)
   u_NV_NVDLA_cmac/u_core/u_mac_7/pp_out_l0n09_0_d1[22]
                              0.0856         0.0861        -0.0005  (VIOLATED)
       PIN :   u_NV_NVDLA_cmac/u_core/u_mac_7/pp_out_l0n09_0_d1_reg_22_/Q
                              0.0856         0.0861        -0.0005  (VIOLATED)
   u_NV_NVDLA_cmac/u_core/u_mac_7/pp_out_l0n08_1_d1[15]
                              0.0861         0.0865        -0.0005  (VIOLATED)
       PIN :   u_NV_NVDLA_cmac/u_core/u_mac_7/pp_out_l0n08_1_d1_reg_15_/Q
                              0.0861         0.0865        -0.0005  (VIOLATED)
   u_NV_NVDLA_cmac/u_core/u_mac_5/pp_out_l0n01_0_d1[6]
                              0.0856         0.0860        -0.0005  (VIOLATED)
       PIN :   u_NV_NVDLA_cmac/u_core/u_mac_5/pp_out_l0n01_0_d1_reg_6_/Q
                              0.0856         0.0860        -0.0005  (VIOLATED)
   u_NV_NVDLA_cmac/u_core/dat7_actv_data[980]
                              0.0856         0.0860        -0.0005  (VIOLATED)
       PIN :   u_NV_NVDLA_cmac/u_core/u_active/dat_actv_data_reg7_reg_980_/Q
                              0.0856         0.0860        -0.0005  (VIOLATED)
   u_NV_NVDLA_cmac/u_core/u_mac_2/pp_out_l0n10_1_d1[2]
                              0.0856         0.0860        -0.0005  (VIOLATED)
       PIN :   u_NV_NVDLA_cmac/u_core/u_mac_2/pp_out_l0n10_1_d1_reg_2_/Q
                              0.0856         0.0860        -0.0005  (VIOLATED)
   u_NV_NVDLA_cmac/u_core/u_mac_3/u_exp/n4749
                              0.0856         0.0860        -0.0005  (VIOLATED)
       PIN :   u_NV_NVDLA_cmac/u_core/u_mac_3/u_exp/exp_sft_47_reg_2_/Q
                              0.0856         0.0860        -0.0005  (VIOLATED)
   u_NV_NVDLA_cmac/u_core/u_mac_1/res_tag_b1_d1[49]
                              0.0856         0.0860        -0.0005  (VIOLATED)
       PIN :   u_NV_NVDLA_cmac/u_core/u_mac_1/res_tag_b1_d1_reg_49_/Q
                              0.0856         0.0860        -0.0005  (VIOLATED)
   u_NV_NVDLA_cmac/u_core/u_mac_2/pp_out_l0n03_0_d1[13]
                              0.0856         0.0860        -0.0005  (VIOLATED)
       PIN :   u_NV_NVDLA_cmac/u_core/u_mac_2/pp_out_l0n03_0_d1_reg_13_/Q
                              0.0856         0.0860        -0.0005  (VIOLATED)
   u_NV_NVDLA_cmac/u_core/out_data7[162]
                              0.0856         0.0860        -0.0005  (VIOLATED)
       PIN :   u_NV_NVDLA_cmac/u_core/u_mac_7/mac_out_data_reg_162_/Q
                              0.0856         0.0860        -0.0005  (VIOLATED)
   u_NV_NVDLA_cmac/u_core/u_mac_4/u_mul_5/n206
                              0.0844         0.0848        -0.0005  (VIOLATED)
       PIN :   u_NV_NVDLA_cmac/u_core/u_mac_4/u_mul_5/U48/Y
                              0.0844         0.0848        -0.0005  (VIOLATED)
   u_NV_NVDLA_cmac/u_core/u_mac_5/u_mul_11/n206
                              0.0844         0.0848        -0.0005  (VIOLATED)
       PIN :   u_NV_NVDLA_cmac/u_core/u_mac_5/u_mul_11/U52/Y
                              0.0844         0.0848        -0.0005  (VIOLATED)
   u_NV_NVDLA_cmac/u_core/wt7_actv_data[863]
                              0.0861         0.0865        -0.0004  (VIOLATED)
       PIN :   u_NV_NVDLA_cmac/u_core/u_active/wt7_actv_data_reg_863_/Q
                              0.0861         0.0865        -0.0004  (VIOLATED)
   u_NV_NVDLA_cmac/u_core/dat3_actv_data[906]
                              0.0861         0.0865        -0.0004  (VIOLATED)
       PIN :   u_NV_NVDLA_cmac/u_core/u_active/dat_actv_data_reg3_reg_906_/Q
                              0.0861         0.0865        -0.0004  (VIOLATED)
   u_NV_NVDLA_cmac/u_core/dat0_actv_nan[23]
                              0.0861         0.0865        -0.0004  (VIOLATED)
       PIN :   u_NV_NVDLA_cmac/u_core/u_active/dat_actv_nan_reg0_reg_23_/Q
                              0.0861         0.0865        -0.0004  (VIOLATED)
   u_NV_NVDLA_cmac/u_core/u_active/n96212
                              0.0861         0.0865        -0.0004  (VIOLATED)
       PIN :   u_NV_NVDLA_cmac/u_core/u_active/wt5_actv_data_reg_288_/Q
                              0.0861         0.0865        -0.0004  (VIOLATED)
   u_NV_NVDLA_cmac/u_core/u_mac_0/res_tag_b5_d1[32]
                              0.0856         0.0860        -0.0004  (VIOLATED)
       PIN :   u_NV_NVDLA_cmac/u_core/u_mac_0/res_tag_b5_d1_reg_32_/Q
                              0.0856         0.0860        -0.0004  (VIOLATED)
   u_NV_NVDLA_cmac/u_core/u_mac_6/pp_out_l0n09_1_d1[2]
                              0.0856         0.0860        -0.0004  (VIOLATED)
       PIN :   u_NV_NVDLA_cmac/u_core/u_mac_6/pp_out_l0n09_1_d1_reg_2_/Q
                              0.0856         0.0860        -0.0004  (VIOLATED)
   u_NV_NVDLA_cmac/u_core/u_mac_1/pp_out_l0n09_1_d1[23]
                              0.0856         0.0860        -0.0004  (VIOLATED)
       PIN :   u_NV_NVDLA_cmac/u_core/u_mac_1/pp_out_l0n09_1_d1_reg_23_/Q
                              0.0856         0.0860        -0.0004  (VIOLATED)
   u_NV_NVDLA_cmac/u_core/dat4_actv_data[907]
                              0.0861         0.0865        -0.0004  (VIOLATED)
       PIN :   u_NV_NVDLA_cmac/u_core/u_active/dat_actv_data_reg4_reg_907_/Q
                              0.0861         0.0865        -0.0004  (VIOLATED)
   u_NV_NVDLA_cmac/u_core/dat3_actv_nz[73]
                              0.0856         0.0860        -0.0004  (VIOLATED)
       PIN :   u_NV_NVDLA_cmac/u_core/u_active/dat_actv_nz_reg3_reg_73_/Q
                              0.0856         0.0860        -0.0004  (VIOLATED)
   u_NV_NVDLA_cmac/u_core/in_dat_data27[0]
                              0.0861         0.0865        -0.0004  (VIOLATED)
       PIN :   u_NV_NVDLA_cmac/u_core/u_rt_in/in_rt_dat_data_d1_reg_216_/Q
                              0.0861         0.0865        -0.0004  (VIOLATED)
   u_NV_NVDLA_cmac/u_core/out_data6[50]
                              0.0856         0.0860        -0.0004  (VIOLATED)
       PIN :   u_NV_NVDLA_cmac/u_core/u_mac_6/mac_out_data_reg_50_/Q
                              0.0856         0.0860        -0.0004  (VIOLATED)
   u_NV_NVDLA_cmac/u_core/u_mac_2/pp_out_l0n10_0_d1[7]
                              0.0856         0.0860        -0.0004  (VIOLATED)
       PIN :   u_NV_NVDLA_cmac/u_core/u_mac_2/pp_out_l0n10_0_d1_reg_7_/Q
                              0.0856         0.0860        -0.0004  (VIOLATED)
   u_NV_NVDLA_cmac/u_core/wt6_actv_data[611]
                              0.0861         0.0865        -0.0004  (VIOLATED)
       PIN :   u_NV_NVDLA_cmac/u_core/u_active/wt6_actv_data_reg_611_/Q
                              0.0861         0.0865        -0.0004  (VIOLATED)
   u_NV_NVDLA_cmac/u_core/dat5_actv_data[361]
                              0.0856         0.0860        -0.0004  (VIOLATED)
       PIN :   u_NV_NVDLA_cmac/u_core/u_active/dat_actv_data_reg5_reg_361_/Q
                              0.0856         0.0860        -0.0004  (VIOLATED)
   u_NV_NVDLA_cmac/u_core/u_mac_4/pp_out_l0n05_0_d1[4]
                              0.0861         0.0865        -0.0004  (VIOLATED)
       PIN :   u_NV_NVDLA_cmac/u_core/u_mac_4/pp_out_l0n05_0_d1_reg_4_/Q
                              0.0861         0.0865        -0.0004  (VIOLATED)
   u_NV_NVDLA_cmac/u_core/u_mac_5/pp_out_l0n08_1_d1[12]
                              0.0856         0.0860        -0.0004  (VIOLATED)
       PIN :   u_NV_NVDLA_cmac/u_core/u_mac_5/pp_out_l0n08_1_d1_reg_12_/Q
                              0.0856         0.0860        -0.0004  (VIOLATED)
   u_NV_NVDLA_cmac/u_core/in_dat_data111[5]
                              0.0861         0.0865        -0.0004  (VIOLATED)
       PIN :   u_NV_NVDLA_cmac/u_core/u_rt_in/in_rt_dat_data_d1_reg_893_/Q
                              0.0861         0.0865        -0.0004  (VIOLATED)
   u_NV_NVDLA_cmac/u_core/out_data5[72]
                              0.0856         0.0860        -0.0004  (VIOLATED)
       PIN :   u_NV_NVDLA_cmac/u_core/u_mac_5/mac_out_data_reg_72_/Q
                              0.0856         0.0860        -0.0004  (VIOLATED)
   u_NV_NVDLA_cmac/u_core/dat6_actv_data[193]
                              0.0861         0.0865        -0.0004  (VIOLATED)
       PIN :   u_NV_NVDLA_cmac/u_core/u_active/dat_actv_data_reg6_reg_193_/Q
                              0.0861         0.0865        -0.0004  (VIOLATED)
   u_NV_NVDLA_cmac/u_core/u_mac_5/pp_out_l0n01_1_d1[8]
                              0.0856         0.0860        -0.0004  (VIOLATED)
       PIN :   u_NV_NVDLA_cmac/u_core/u_mac_5/pp_out_l0n01_1_d1_reg_8_/Q
                              0.0856         0.0860        -0.0004  (VIOLATED)
   mac2accu_data3[145]        0.0861         0.0865        -0.0004  (VIOLATED)
       PIN :   u_NV_NVDLA_cmac/u_core/u_rt_out/out_rt_data3_d1_reg_145_/Q
                              0.0861         0.0865        -0.0004  (VIOLATED)
   u_NV_NVDLA_cmac/u_core/dat4_actv_data[623]
                              0.0861         0.0865        -0.0004  (VIOLATED)
       PIN :   u_NV_NVDLA_cmac/u_core/u_active/dat_actv_data_reg4_reg_623_/Q
                              0.0861         0.0865        -0.0004  (VIOLATED)
   u_NV_NVDLA_cmac/u_core/u_mac_3/u_mul_62/n206
                              0.0844         0.0847        -0.0004  (VIOLATED)
       PIN :   u_NV_NVDLA_cmac/u_core/u_mac_3/u_mul_62/U48/Y
                              0.0844         0.0847        -0.0004  (VIOLATED)
   u_NV_NVDLA_cmac/u_core/in_wt_data68[1]
                              0.0861         0.0864        -0.0004  (VIOLATED)
       PIN :   u_NV_NVDLA_cmac/u_core/u_rt_in/in_rt_wt_data_d1_reg_545_/Q
                              0.0861         0.0864        -0.0004  (VIOLATED)
   u_NV_NVDLA_cmac/u_core/u_mac_2/pp_out_l0n06_1_d1[14]
                              0.0856         0.0859        -0.0004  (VIOLATED)
       PIN :   u_NV_NVDLA_cmac/u_core/u_mac_2/pp_out_l0n06_1_d1_reg_14_/Q
                              0.0856         0.0859        -0.0004  (VIOLATED)
   u_NV_NVDLA_cmac/u_core/u_mac_4/res_tag_b5_d1[36]
                              0.0861         0.0864        -0.0004  (VIOLATED)
       PIN :   u_NV_NVDLA_cmac/u_core/u_mac_4/res_tag_b5_d1_reg_36_/Q
                              0.0861         0.0864        -0.0004  (VIOLATED)
   u_NV_NVDLA_cmac/u_core/u_active/n101384
                              0.0856         0.0859        -0.0004  (VIOLATED)
       PIN :   u_NV_NVDLA_cmac/u_core/u_active/dat_actv_data_reg3_reg_232_/Q
                              0.0856         0.0859        -0.0004  (VIOLATED)
   u_NV_NVDLA_cmac/u_core/u_active/n94800
                              0.0861         0.0864        -0.0004  (VIOLATED)
       PIN :   u_NV_NVDLA_cmac/u_core/u_active/wt3_actv_data_reg_753_/Q
                              0.0861         0.0864        -0.0004  (VIOLATED)
   u_NV_NVDLA_cmac/u_core/out_data5[6]
                              0.0861         0.0864        -0.0004  (VIOLATED)
       PIN :   u_NV_NVDLA_cmac/u_core/u_mac_5/mac_out_data_reg_6_/Q
                              0.0861         0.0864        -0.0004  (VIOLATED)
   u_NV_NVDLA_cmac/u_core/u_mac_6/pp_out_l0n09_0_d1[35]
                              0.0856         0.0859        -0.0004  (VIOLATED)
       PIN :   u_NV_NVDLA_cmac/u_core/u_mac_6/pp_out_l0n09_0_d1_reg_35_/Q
                              0.0856         0.0859        -0.0004  (VIOLATED)
   u_NV_NVDLA_cmac/u_core/u_active/n96537
                              0.0861         0.0864        -0.0003  (VIOLATED)
       PIN :   u_NV_NVDLA_cmac/u_core/u_active/dat_pre_data_reg_76_/Q
                              0.0861         0.0864        -0.0003  (VIOLATED)
   u_NV_NVDLA_cmac/u_core/wt3_actv_data[680]
                              0.0861         0.0864        -0.0003  (VIOLATED)
       PIN :   u_NV_NVDLA_cmac/u_core/u_active/wt3_actv_data_reg_680_/Q
                              0.0861         0.0864        -0.0003  (VIOLATED)
   u_NV_NVDLA_cmac/u_core/u_mac_4/pp_out_l0n09_0_d1[31]
                              0.0856         0.0859        -0.0003  (VIOLATED)
       PIN :   u_NV_NVDLA_cmac/u_core/u_mac_4/pp_out_l0n09_0_d1_reg_31_/Q
                              0.0856         0.0859        -0.0003  (VIOLATED)
   u_NV_NVDLA_cmac/u_core/u_mac_0/u_mul_47/n206
                              0.0844         0.0847        -0.0003  (VIOLATED)
       PIN :   u_NV_NVDLA_cmac/u_core/u_mac_0/u_mul_47/U52/Y
                              0.0844         0.0847        -0.0003  (VIOLATED)
   u_NV_NVDLA_cmac/u_core/wt6_actv_data[48]
                              0.0861         0.0864        -0.0003  (VIOLATED)
       PIN :   u_NV_NVDLA_cmac/u_core/u_active/wt6_actv_data_reg_48_/Q
                              0.0861         0.0864        -0.0003  (VIOLATED)
   u_NV_NVDLA_cmac/u_core/u_mac_3/pp_out_l0n08_0_d1[3]
                              0.0856         0.0859        -0.0003  (VIOLATED)
       PIN :   u_NV_NVDLA_cmac/u_core/u_mac_3/pp_out_l0n08_0_d1_reg_3_/Q
                              0.0856         0.0859        -0.0003  (VIOLATED)
   u_NV_NVDLA_cmac/u_core/wt4_actv_data[907]
                              0.0861         0.0864        -0.0003  (VIOLATED)
       PIN :   u_NV_NVDLA_cmac/u_core/u_active/wt4_actv_data_reg_907_/Q
                              0.0861         0.0864        -0.0003  (VIOLATED)
   u_NV_NVDLA_cmac/u_core/in_dat_data49[6]
                              0.0861         0.0864        -0.0003  (VIOLATED)
       PIN :   u_NV_NVDLA_cmac/u_core/u_rt_in/in_rt_dat_data_d1_reg_398_/Q
                              0.0861         0.0864        -0.0003  (VIOLATED)
   u_NV_NVDLA_cmac/u_core/u_mac_4/pp_out_l0n08_1_d1[11]
                              0.0861         0.0864        -0.0003  (VIOLATED)
       PIN :   u_NV_NVDLA_cmac/u_core/u_mac_4/pp_out_l0n08_1_d1_reg_11_/Q
                              0.0861         0.0864        -0.0003  (VIOLATED)
   u_NV_NVDLA_cmac/u_core/in_dat_data74[1]
                              0.0861         0.0864        -0.0003  (VIOLATED)
       PIN :   u_NV_NVDLA_cmac/u_core/u_rt_in/in_rt_dat_data_d1_reg_593_/Q
                              0.0861         0.0864        -0.0003  (VIOLATED)
   u_NV_NVDLA_cmac/u_core/u_mac_2/res_tag_b0_d1[28]
                              0.0856         0.0859        -0.0003  (VIOLATED)
       PIN :   u_NV_NVDLA_cmac/u_core/u_mac_2/res_tag_b0_d1_reg_28_/Q
                              0.0856         0.0859        -0.0003  (VIOLATED)
   mac2accu_data3[146]        0.0861         0.0864        -0.0003  (VIOLATED)
       PIN :   u_NV_NVDLA_cmac/u_core/u_rt_out/out_rt_data3_d1_reg_146_/Q
                              0.0861         0.0864        -0.0003  (VIOLATED)
   u_NV_NVDLA_cmac/u_core/u_mac_0/pp_out_l0n02_0_d1[18]
                              0.0856         0.0859        -0.0003  (VIOLATED)
       PIN :   u_NV_NVDLA_cmac/u_core/u_mac_0/pp_out_l0n02_0_d1_reg_18_/Q
                              0.0856         0.0859        -0.0003  (VIOLATED)
   u_NV_NVDLA_cmac/u_core/u_active/n96219
                              0.0861         0.0864        -0.0003  (VIOLATED)
       PIN :   u_NV_NVDLA_cmac/u_core/u_active/dat_pre_data_reg_73_/Q
                              0.0861         0.0864        -0.0003  (VIOLATED)
   u_NV_NVDLA_cmac/u_core/u_mac_7/pp_out_l0n08_1_d1[21]
                              0.0856         0.0859        -0.0003  (VIOLATED)
       PIN :   u_NV_NVDLA_cmac/u_core/u_mac_7/pp_out_l0n08_1_d1_reg_21_/Q
                              0.0856         0.0859        -0.0003  (VIOLATED)
   u_NV_NVDLA_cmac/u_core/in_dat_data27[1]
                              0.0861         0.0864        -0.0003  (VIOLATED)
       PIN :   u_NV_NVDLA_cmac/u_core/u_rt_in/in_rt_dat_data_d1_reg_217_/Q
                              0.0861         0.0864        -0.0003  (VIOLATED)
   u_NV_NVDLA_cmac/u_core/u_mac_5/u_mul_34/n206
                              0.0844         0.0847        -0.0003  (VIOLATED)
       PIN :   u_NV_NVDLA_cmac/u_core/u_mac_5/u_mul_34/U48/Y
                              0.0844         0.0847        -0.0003  (VIOLATED)
   u_NV_NVDLA_cmac/u_core/u_mac_5/u_mul_42/n206
                              0.0844         0.0847        -0.0003  (VIOLATED)
       PIN :   u_NV_NVDLA_cmac/u_core/u_mac_5/u_mul_42/U48/Y
                              0.0844         0.0847        -0.0003  (VIOLATED)
   u_NV_NVDLA_cmac/u_core/u_mac_6/u_mul_10/n206
                              0.0844         0.0847        -0.0003  (VIOLATED)
       PIN :   u_NV_NVDLA_cmac/u_core/u_mac_6/u_mul_10/U48/Y
                              0.0844         0.0847        -0.0003  (VIOLATED)
   u_NV_NVDLA_cmac/u_core/in_dat_data23[6]
                              0.0856         0.0859        -0.0003  (VIOLATED)
       PIN :   u_NV_NVDLA_cmac/u_core/u_rt_in/in_rt_dat_data_d1_reg_190_/Q
                              0.0856         0.0859        -0.0003  (VIOLATED)
   u_NV_NVDLA_cmac/u_core/u_mac_6/pp_out_l0n12_0_d1[8]
                              0.0861         0.0863        -0.0003  (VIOLATED)
       PIN :   u_NV_NVDLA_cmac/u_core/u_mac_6/pp_out_l0n12_0_d1_reg_8_/Q
                              0.0861         0.0863        -0.0003  (VIOLATED)
   u_NV_NVDLA_cmac/u_core/u_mac_5/pp_out_l0n10_0_d1[33]
                              0.0856         0.0859        -0.0003  (VIOLATED)
       PIN :   u_NV_NVDLA_cmac/u_core/u_mac_5/pp_out_l0n10_0_d1_reg_33_/Q
                              0.0856         0.0859        -0.0003  (VIOLATED)
   u_NV_NVDLA_cmac/u_core/u_active/n100872
                              0.0861         0.0863        -0.0003  (VIOLATED)
       PIN :   u_NV_NVDLA_cmac/u_core/u_active/dat_actv_data_reg0_reg_200_/Q
                              0.0861         0.0863        -0.0003  (VIOLATED)
   u_NV_NVDLA_cmac/u_core/u_mac_2/pp_out_l0n10_0_d1[2]
                              0.0856         0.0859        -0.0003  (VIOLATED)
       PIN :   u_NV_NVDLA_cmac/u_core/u_mac_2/pp_out_l0n10_0_d1_reg_2_/Q
                              0.0856         0.0859        -0.0003  (VIOLATED)
   u_NV_NVDLA_cmac/u_core/u_mac_2/pp_out_l0n13_0_d1[14]
                              0.0856         0.0858        -0.0003  (VIOLATED)
       PIN :   u_NV_NVDLA_cmac/u_core/u_mac_2/pp_out_l0n13_0_d1_reg_14_/Q
                              0.0856         0.0858        -0.0003  (VIOLATED)
   u_NV_NVDLA_cmac/u_core/u_mac_2/pp_out_l0n00_0_d1[32]
                              0.0856         0.0858        -0.0003  (VIOLATED)
       PIN :   u_NV_NVDLA_cmac/u_core/u_mac_2/pp_out_l0n00_0_d1_reg_32_/Q
                              0.0856         0.0858        -0.0003  (VIOLATED)
   u_NV_NVDLA_cmac/u_core/u_mac_3/res_tag_b2_d1[56]
                              0.0856         0.0858        -0.0003  (VIOLATED)
       PIN :   u_NV_NVDLA_cmac/u_core/u_mac_3/res_tag_b2_d1_reg_56_/Q
                              0.0856         0.0858        -0.0003  (VIOLATED)
   u_NV_NVDLA_cmac/u_core/u_mac_1/u_mul_47/n206
                              0.0844         0.0846        -0.0003  (VIOLATED)
       PIN :   u_NV_NVDLA_cmac/u_core/u_mac_1/u_mul_47/U52/Y
                              0.0844         0.0846        -0.0003  (VIOLATED)
   u_NV_NVDLA_cmac/u_core/u_active/n101381
                              0.0856         0.0858        -0.0003  (VIOLATED)
       PIN :   u_NV_NVDLA_cmac/u_core/u_active/dat_actv_data_reg3_reg_235_/Q
                              0.0856         0.0858        -0.0003  (VIOLATED)
   u_NV_NVDLA_cmac/u_core/dat3_actv_data[338]
                              0.0861         0.0863        -0.0003  (VIOLATED)
       PIN :   u_NV_NVDLA_cmac/u_core/u_active/dat_actv_data_reg3_reg_338_/Q
                              0.0861         0.0863        -0.0003  (VIOLATED)
   u_NV_NVDLA_cmac/u_core/dat3_actv_data[337]
                              0.0861         0.0863        -0.0003  (VIOLATED)
       PIN :   u_NV_NVDLA_cmac/u_core/u_active/dat_actv_data_reg3_reg_337_/Q
                              0.0861         0.0863        -0.0003  (VIOLATED)
   u_NV_NVDLA_cmac/u_core/wt2_actv_data[19]
                              0.0861         0.0863        -0.0003  (VIOLATED)
       PIN :   u_NV_NVDLA_cmac/u_core/u_active/wt2_actv_data_reg_19_/Q
                              0.0861         0.0863        -0.0003  (VIOLATED)
   u_NV_NVDLA_cmac/u_core/dat3_actv_nan[6]
                              0.0856         0.0858        -0.0002  (VIOLATED)
       PIN :   u_NV_NVDLA_cmac/u_core/u_active/dat_actv_nan_reg3_reg_6_/Q
                              0.0856         0.0858        -0.0002  (VIOLATED)
   u_NV_NVDLA_cmac/u_core/u_mac_7/u_mul_17/n206
                              0.0844         0.0846        -0.0002  (VIOLATED)
       PIN :   u_NV_NVDLA_cmac/u_core/u_mac_7/u_mul_17/U48/Y
                              0.0844         0.0846        -0.0002  (VIOLATED)
   u_NV_NVDLA_cmac/u_core/in_dat_data31[6]
                              0.0856         0.0858        -0.0002  (VIOLATED)
       PIN :   u_NV_NVDLA_cmac/u_core/u_rt_in/in_rt_dat_data_d1_reg_254_/Q
                              0.0856         0.0858        -0.0002  (VIOLATED)
   u_NV_NVDLA_cmac/u_core/in_dat_data27[5]
                              0.0861         0.0863        -0.0002  (VIOLATED)
       PIN :   u_NV_NVDLA_cmac/u_core/u_rt_in/in_rt_dat_data_d1_reg_221_/Q
                              0.0861         0.0863        -0.0002  (VIOLATED)
   u_NV_NVDLA_cmac/u_core/u_mac_4/u_exp/n5163
                              0.0861         0.0863        -0.0002  (VIOLATED)
       PIN :   u_NV_NVDLA_cmac/u_core/u_mac_4/u_exp/exp_sft_58_reg_0_/Q
                              0.0861         0.0863        -0.0002  (VIOLATED)
   u_NV_NVDLA_cmac/u_core/u_mac_3/u_mul_12/n206
                              0.0844         0.0846        -0.0002  (VIOLATED)
       PIN :   u_NV_NVDLA_cmac/u_core/u_mac_3/u_mul_12/U48/Y
                              0.0844         0.0846        -0.0002  (VIOLATED)
   u_NV_NVDLA_cmac/u_core/out_data4[78]
                              0.0856         0.0858        -0.0002  (VIOLATED)
       PIN :   u_NV_NVDLA_cmac/u_core/u_mac_4/mac_out_data_reg_78_/Q
                              0.0856         0.0858        -0.0002  (VIOLATED)
   u_NV_NVDLA_cmac/u_core/dat5_actv_data[125]
                              0.0861         0.0863        -0.0002  (VIOLATED)
       PIN :   u_NV_NVDLA_cmac/u_core/u_active/dat_actv_data_reg5_reg_125_/Q
                              0.0861         0.0863        -0.0002  (VIOLATED)
   u_NV_NVDLA_cmac/u_core/u_mac_6/pp_out_l0n12_0_d1[0]
                              0.0861         0.0863        -0.0002  (VIOLATED)
       PIN :   u_NV_NVDLA_cmac/u_core/u_mac_6/pp_out_l0n12_0_d1_reg_0_/Q
                              0.0861         0.0863        -0.0002  (VIOLATED)
   u_NV_NVDLA_cmac/u_core/dat2_actv_data[483]
                              0.0856         0.0858        -0.0002  (VIOLATED)
       PIN :   u_NV_NVDLA_cmac/u_core/u_active/dat_actv_data_reg2_reg_483_/Q
                              0.0856         0.0858        -0.0002  (VIOLATED)
   u_NV_NVDLA_cmac/u_core/u_mac_2/u_mul_62/n206
                              0.0844         0.0846        -0.0002  (VIOLATED)
       PIN :   u_NV_NVDLA_cmac/u_core/u_mac_2/u_mul_62/U48/Y
                              0.0844         0.0846        -0.0002  (VIOLATED)
   u_NV_NVDLA_cmac/u_core/dat1_actv_data[905]
                              0.0861         0.0863        -0.0002  (VIOLATED)
       PIN :   u_NV_NVDLA_cmac/u_core/u_active/dat_actv_data_reg1_reg_905_/Q
                              0.0861         0.0863        -0.0002  (VIOLATED)
   u_NV_NVDLA_cmac/u_core/wt3_actv_data[405]
                              0.0861         0.0863        -0.0002  (VIOLATED)
       PIN :   u_NV_NVDLA_cmac/u_core/u_active/wt3_actv_data_reg_405_/Q
                              0.0861         0.0863        -0.0002  (VIOLATED)
   u_NV_NVDLA_cmac/u_core/u_mac_4/pp_out_l0n04_0_d1[24]
                              0.0861         0.0863        -0.0002  (VIOLATED)
       PIN :   u_NV_NVDLA_cmac/u_core/u_mac_4/pp_out_l0n04_0_d1_reg_24_/Q
                              0.0861         0.0863        -0.0002  (VIOLATED)
   u_NV_NVDLA_cmac/u_core/in_wt_data101[5]
                              0.0861         0.0863        -0.0002  (VIOLATED)
       PIN :   u_NV_NVDLA_cmac/u_core/u_rt_in/in_rt_wt_data_d1_reg_813_/Q
                              0.0861         0.0863        -0.0002  (VIOLATED)
   u_NV_NVDLA_cmac/u_core/dat0_actv_data[631]
                              0.0856         0.0858        -0.0002  (VIOLATED)
       PIN :   u_NV_NVDLA_cmac/u_core/u_active/dat_actv_data_reg0_reg_631_/Q
                              0.0856         0.0858        -0.0002  (VIOLATED)
   u_NV_NVDLA_cmac/u_core/wt3_actv_data[681]
                              0.0861         0.0863        -0.0002  (VIOLATED)
       PIN :   u_NV_NVDLA_cmac/u_core/u_active/wt3_actv_data_reg_681_/Q
                              0.0861         0.0863        -0.0002  (VIOLATED)
   u_NV_NVDLA_cmac/u_core/wt6_actv_data[340]
                              0.0861         0.0863        -0.0002  (VIOLATED)
       PIN :   u_NV_NVDLA_cmac/u_core/u_active/wt6_actv_data_reg_340_/Q
                              0.0861         0.0863        -0.0002  (VIOLATED)
   u_NV_NVDLA_cmac/u_core/wt4_actv_nan[38]
                              0.0861         0.0863        -0.0002  (VIOLATED)
       PIN :   u_NV_NVDLA_cmac/u_core/u_active/wt4_actv_nan_reg_38_/Q
                              0.0861         0.0863        -0.0002  (VIOLATED)
   u_NV_NVDLA_cmac/u_core/u_mac_2/pp_out_l0n02_1_d1[2]
                              0.0856         0.0858        -0.0002  (VIOLATED)
       PIN :   u_NV_NVDLA_cmac/u_core/u_mac_2/pp_out_l0n02_1_d1_reg_2_/Q
                              0.0856         0.0858        -0.0002  (VIOLATED)
   u_NV_NVDLA_cmac/u_core/wt6_actv_data[469]
                              0.0861         0.0863        -0.0002  (VIOLATED)
       PIN :   u_NV_NVDLA_cmac/u_core/u_active/wt6_actv_data_reg_469_/Q
                              0.0861         0.0863        -0.0002  (VIOLATED)
   u_NV_NVDLA_cmac/u_core/u_mac_2/pp_out_l0n02_0_d1[2]
                              0.0856         0.0857        -0.0002  (VIOLATED)
       PIN :   u_NV_NVDLA_cmac/u_core/u_mac_2/pp_out_l0n02_0_d1_reg_2_/Q
                              0.0856         0.0857        -0.0002  (VIOLATED)
   u_NV_NVDLA_cmac/u_core/u_mac_6/pp_out_l0n12_0_d1[9]
                              0.0861         0.0862        -0.0002  (VIOLATED)
       PIN :   u_NV_NVDLA_cmac/u_core/u_mac_6/pp_out_l0n12_0_d1_reg_9_/Q
                              0.0861         0.0862        -0.0002  (VIOLATED)
   u_NV_NVDLA_cmac/u_core/wt4_actv_data[84]
                              0.0861         0.0862        -0.0002  (VIOLATED)
       PIN :   u_NV_NVDLA_cmac/u_core/u_active/wt4_actv_data_reg_84_/Q
                              0.0861         0.0862        -0.0002  (VIOLATED)
   u_NV_NVDLA_cmac/u_core/u_mac_5/pp_out_l0n00_0_d1[28]
                              0.0856         0.0857        -0.0002  (VIOLATED)
       PIN :   u_NV_NVDLA_cmac/u_core/u_mac_5/pp_out_l0n00_0_d1_reg_28_/Q
                              0.0856         0.0857        -0.0002  (VIOLATED)
   mac2accu_data2[129]        0.0856         0.0857        -0.0002  (VIOLATED)
       PIN :   u_NV_NVDLA_cmac/u_core/u_rt_out/out_rt_data2_d1_reg_129_/Q
                              0.0856         0.0857        -0.0002  (VIOLATED)
   u_NV_NVDLA_cmac/u_core/u_mac_0/u_mul_7/n206
                              0.0844         0.0845        -0.0002  (VIOLATED)
       PIN :   u_NV_NVDLA_cmac/u_core/u_mac_0/u_mul_7/U52/Y
                              0.0844         0.0845        -0.0002  (VIOLATED)
   u_NV_NVDLA_cmac/u_core/u_mac_6/pp_out_l0n08_0_d1[26]
                              0.0856         0.0857        -0.0002  (VIOLATED)
       PIN :   u_NV_NVDLA_cmac/u_core/u_mac_6/pp_out_l0n08_0_d1_reg_26_/Q
                              0.0856         0.0857        -0.0002  (VIOLATED)
   u_NV_NVDLA_cmac/u_core/u_mac_6/u_exp/n4407
                              0.0856         0.0857        -0.0002  (VIOLATED)
       PIN :   u_NV_NVDLA_cmac/u_core/u_mac_6/u_exp/exp_sft_34_reg_2_/Q
                              0.0856         0.0857        -0.0002  (VIOLATED)
   u_NV_NVDLA_cmac/u_core/dat6_actv_data[510]
                              0.0861         0.0862        -0.0002  (VIOLATED)
       PIN :   u_NV_NVDLA_cmac/u_core/u_active/dat_actv_data_reg6_reg_510_/Q
                              0.0861         0.0862        -0.0002  (VIOLATED)
   u_NV_NVDLA_cmac/u_core/in_dat_data21[7]
                              0.0861         0.0862        -0.0002  (VIOLATED)
       PIN :   u_NV_NVDLA_cmac/u_core/u_rt_in/in_rt_dat_data_d1_reg_175_/Q
                              0.0861         0.0862        -0.0002  (VIOLATED)
   u_NV_NVDLA_cmac/u_core/dat2_actv_data[446]
                              0.0856         0.0857        -0.0001  (VIOLATED)
       PIN :   u_NV_NVDLA_cmac/u_core/u_active/dat_actv_data_reg2_reg_446_/Q
                              0.0856         0.0857        -0.0001  (VIOLATED)
   u_NV_NVDLA_cmac/u_core/in_dat_data59[6]
                              0.0856         0.0857        -0.0001  (VIOLATED)
       PIN :   u_NV_NVDLA_cmac/u_core/u_rt_in/in_rt_dat_data_d1_reg_478_/Q
                              0.0856         0.0857        -0.0001  (VIOLATED)
   u_NV_NVDLA_cmac/u_core/in_dat_data101[7]
                              0.0861         0.0862        -0.0001  (VIOLATED)
       PIN :   u_NV_NVDLA_cmac/u_core/u_rt_in/in_rt_dat_data_d1_reg_815_/Q
                              0.0861         0.0862        -0.0001  (VIOLATED)
   u_NV_NVDLA_cmac/u_core/in_wt_data68[7]
                              0.0861         0.0862        -0.0001  (VIOLATED)
       PIN :   u_NV_NVDLA_cmac/u_core/u_rt_in/in_rt_wt_data_d1_reg_551_/Q
                              0.0861         0.0862        -0.0001  (VIOLATED)
   u_NV_NVDLA_cmac/u_core/u_active/n99268
                              0.0856         0.0857        -0.0001  (VIOLATED)
       PIN :   u_NV_NVDLA_cmac/u_core/u_active/wt7_actv_data_reg_254_/Q
                              0.0856         0.0857        -0.0001  (VIOLATED)
   u_NV_NVDLA_cmac/u_core/dat6_actv_data[69]
                              0.0856         0.0857        -0.0001  (VIOLATED)
       PIN :   u_NV_NVDLA_cmac/u_core/u_active/dat_actv_data_reg6_reg_69_/Q
                              0.0856         0.0857        -0.0001  (VIOLATED)
   u_NV_NVDLA_cmac/u_core/wt3_sd_exp[152]
                              0.0856         0.0857        -0.0001  (VIOLATED)
       PIN :   u_NV_NVDLA_cmac/u_core/u_active/wt3_sd_exp_reg_152_/Q
                              0.0856         0.0857        -0.0001  (VIOLATED)
   u_NV_NVDLA_cmac/u_core/dat0_actv_nan[56]
                              0.0861         0.0862        -0.0001  (VIOLATED)
       PIN :   u_NV_NVDLA_cmac/u_core/u_active/dat_actv_nan_reg0_reg_56_/Q
                              0.0861         0.0862        -0.0001  (VIOLATED)
   u_NV_NVDLA_cmac/u_core/u_mac_2/pp_out_l0n07_1_d1[4]
                              0.0861         0.0862        -0.0001  (VIOLATED)
       PIN :   u_NV_NVDLA_cmac/u_core/u_mac_2/pp_out_l0n07_1_d1_reg_4_/Q
                              0.0861         0.0862        -0.0001  (VIOLATED)
   u_NV_NVDLA_cmac/u_core/out_data2[94]
                              0.0861         0.0862        -0.0001  (VIOLATED)
       PIN :   u_NV_NVDLA_cmac/u_core/u_mac_2/mac_out_data_reg_94_/Q
                              0.0861         0.0862        -0.0001  (VIOLATED)
   u_NV_NVDLA_cmac/u_core/u_mac_7/pp_out_l2n7_1_d2[10]
                              0.0856         0.0857        -0.0001  (VIOLATED)
       PIN :   u_NV_NVDLA_cmac/u_core/u_mac_7/pp_out_l2n7_1_d2_reg_10_/Q
                              0.0856         0.0857        -0.0001  (VIOLATED)
   mac2accu_data3[43]         0.0856         0.0857        -0.0001  (VIOLATED)
       PIN :   u_NV_NVDLA_cmac/u_core/u_rt_out/out_rt_data3_d1_reg_43_/Q
                              0.0856         0.0857        -0.0001  (VIOLATED)
   u_NV_NVDLA_cmac/u_core/u_mac_0/pp_out_l2n3_1_d2[12]
                              0.0856         0.0857        -0.0001  (VIOLATED)
       PIN :   u_NV_NVDLA_cmac/u_core/u_mac_0/pp_out_l2n3_1_d2_reg_12_/Q
                              0.0856         0.0857        -0.0001  (VIOLATED)
   u_NV_NVDLA_cmac/u_core/u_mac_3/pp_out_l0n15_0_d1[8]
                              0.0856         0.0857        -0.0001  (VIOLATED)
       PIN :   u_NV_NVDLA_cmac/u_core/u_mac_3/pp_out_l0n15_0_d1_reg_8_/Q
                              0.0856         0.0857        -0.0001  (VIOLATED)
   u_NV_NVDLA_cmac/u_core/u_mac_6/u_mul_52/n206
                              0.0844         0.0845        -0.0001  (VIOLATED)
       PIN :   u_NV_NVDLA_cmac/u_core/u_mac_6/u_mul_52/U48/Y
                              0.0844         0.0845        -0.0001  (VIOLATED)
   mac2accu_data6[163]        0.0856         0.0857        -0.0001  (VIOLATED)
       PIN :   u_NV_NVDLA_cmac/u_core/u_rt_out/out_rt_data6_d1_reg_163_/Q
                              0.0856         0.0857        -0.0001  (VIOLATED)
   u_NV_NVDLA_cmac/u_core/u_mac_2/pp_out_l2n5_1_d2[7]
                              0.0861         0.0862        -0.0001  (VIOLATED)
       PIN :   u_NV_NVDLA_cmac/u_core/u_mac_2/pp_out_l2n5_1_d2_reg_7_/Q
                              0.0861         0.0862        -0.0001  (VIOLATED)
   u_NV_NVDLA_cmac/u_core/u_rt_in/n1015
                              0.0856         0.0857        -0.0001  (VIOLATED)
       PIN :   u_NV_NVDLA_cmac/u_core/u_rt_in/in_rt_dat_data_d1_reg_500_/Q
                              0.0856         0.0857        -0.0001  (VIOLATED)
   u_NV_NVDLA_cmac/u_core/in_dat_data10[7]
                              0.0856         0.0857        -0.0001  (VIOLATED)
       PIN :   u_NV_NVDLA_cmac/u_core/u_rt_in/in_rt_dat_data_d1_reg_87_/Q
                              0.0856         0.0857        -0.0001  (VIOLATED)
   u_NV_NVDLA_cmac/u_core/dat2_actv_data[498]
                              0.0861         0.0862        -0.0001  (VIOLATED)
       PIN :   u_NV_NVDLA_cmac/u_core/u_active/dat_actv_data_reg2_reg_498_/Q
                              0.0861         0.0862        -0.0001  (VIOLATED)
   u_NV_NVDLA_cmac/u_core/out_data5[9]
                              0.0861         0.0862        -0.0001  (VIOLATED)
       PIN :   u_NV_NVDLA_cmac/u_core/u_mac_5/mac_out_data_reg_9_/Q
                              0.0861         0.0862        -0.0001  (VIOLATED)
   u_NV_NVDLA_cmac/u_core/u_mac_4/pp_out_l0n05_0_d1[6]
                              0.0861         0.0862        -0.0001  (VIOLATED)
       PIN :   u_NV_NVDLA_cmac/u_core/u_mac_4/pp_out_l0n05_0_d1_reg_6_/Q
                              0.0861         0.0862        -0.0001  (VIOLATED)
   u_NV_NVDLA_cmac/u_core/u_mac_3/pp_out_l2n3_1_d2[13]
                              0.0856         0.0857        -0.0001  (VIOLATED)
       PIN :   u_NV_NVDLA_cmac/u_core/u_mac_3/pp_out_l2n3_1_d2_reg_13_/Q
                              0.0856         0.0857        -0.0001  (VIOLATED)
   u_NV_NVDLA_cmac/u_core/wt4_actv_data[491]
                              0.0856         0.0857        -0.0001  (VIOLATED)
       PIN :   u_NV_NVDLA_cmac/u_core/u_active/wt4_actv_data_reg_491_/Q
                              0.0856         0.0857        -0.0001  (VIOLATED)
   u_NV_NVDLA_cmac/u_core/u_mac_6/u_mul_1/n206
                              0.0844         0.0845        -0.0001  (VIOLATED)
       PIN :   u_NV_NVDLA_cmac/u_core/u_mac_6/u_mul_1/U48/Y
                              0.0844         0.0845        -0.0001  (VIOLATED)
   u_NV_NVDLA_cmac/u_core/u_mac_5/pp_out_l0n04_1_d1[30]
                              0.0861         0.0861        -0.0001  (VIOLATED)
       PIN :   u_NV_NVDLA_cmac/u_core/u_mac_5/pp_out_l0n04_1_d1_reg_30_/Q
                              0.0861         0.0861        -0.0001  (VIOLATED)
   u_NV_NVDLA_cmac/u_core/u_mac_4/pp_out_l0n02_1_d1[20]
                              0.0856         0.0857        -0.0001  (VIOLATED)
       PIN :   u_NV_NVDLA_cmac/u_core/u_mac_4/pp_out_l0n02_1_d1_reg_20_/Q
                              0.0856         0.0857        -0.0001  (VIOLATED)
   u_NV_NVDLA_cmac/u_core/u_mac_4/pp_out_l0n08_1_d1[10]
                              0.0856         0.0856        -0.0001  (VIOLATED)
       PIN :   u_NV_NVDLA_cmac/u_core/u_mac_4/pp_out_l0n08_1_d1_reg_10_/Q
                              0.0856         0.0856        -0.0001  (VIOLATED)
   u_NV_NVDLA_cmac/u_core/u_mac_2/res_tag_b0_d1[13]
                              0.0856         0.0856        -0.0001  (VIOLATED)
       PIN :   u_NV_NVDLA_cmac/u_core/u_mac_2/res_tag_b0_d1_reg_13_/Q
                              0.0856         0.0856        -0.0001  (VIOLATED)
   u_NV_NVDLA_cmac/u_core/wt3_actv_data[634]
                              0.0856         0.0856        -0.0001  (VIOLATED)
       PIN :   u_NV_NVDLA_cmac/u_core/u_active/wt3_actv_data_reg_634_/Q
                              0.0856         0.0856        -0.0001  (VIOLATED)
   u_NV_NVDLA_cmac/u_core/u_mac_7/u_exp/n4790
                              0.0861         0.0861        -0.0001  (VIOLATED)
       PIN :   u_NV_NVDLA_cmac/u_core/u_mac_7/u_exp/exp_sft_34_reg_0_/Q
                              0.0861         0.0861        -0.0001  (VIOLATED)
   u_NV_NVDLA_cmac/u_core/in_dat_data23[5]
                              0.0861         0.0861        -0.0001  (VIOLATED)
       PIN :   u_NV_NVDLA_cmac/u_core/u_rt_in/in_rt_dat_data_d1_reg_189_/Q
                              0.0861         0.0861        -0.0001  (VIOLATED)
   u_NV_NVDLA_cmac/u_core/wt0_actv_data[660]
                              0.0856         0.0856        -0.0001  (VIOLATED)
       PIN :   u_NV_NVDLA_cmac/u_core/u_active/wt0_actv_data_reg_660_/Q
                              0.0856         0.0856        -0.0001  (VIOLATED)
   u_NV_NVDLA_cmac/u_core/u_mac_1/pp_out_l0n04_1_d1[22]
                              0.0856         0.0856        -0.0001  (VIOLATED)
       PIN :   u_NV_NVDLA_cmac/u_core/u_mac_1/pp_out_l0n04_1_d1_reg_22_/Q
                              0.0856         0.0856        -0.0001  (VIOLATED)
   mac2accu_data1[14]         0.0856         0.0856        -0.0001  (VIOLATED)
       PIN :   u_NV_NVDLA_cmac/u_core/u_rt_out/out_rt_data1_d1_reg_14_/Q
                              0.0856         0.0856        -0.0001  (VIOLATED)
   u_NV_NVDLA_cmac/u_core/wt7_actv_data[350]
                              0.0856         0.0856        -0.0001  (VIOLATED)
       PIN :   u_NV_NVDLA_cmac/u_core/u_active/wt7_actv_data_reg_350_/Q
                              0.0856         0.0856        -0.0001  (VIOLATED)
   u_NV_NVDLA_cmac/u_core/u_mac_0/pp_out_l0n05_0_d1[9]
                              0.0856         0.0856        -0.0001  (VIOLATED)
       PIN :   u_NV_NVDLA_cmac/u_core/u_mac_0/pp_out_l0n05_0_d1_reg_9_/Q
                              0.0856         0.0856        -0.0001  (VIOLATED)
   u_NV_NVDLA_cmac/u_core/in_dat_data116[7]
                              0.0861         0.0861        -0.0001  (VIOLATED)
       PIN :   u_NV_NVDLA_cmac/u_core/u_rt_in/in_rt_dat_data_d1_reg_935_/Q
                              0.0861         0.0861        -0.0001  (VIOLATED)
   u_NV_NVDLA_cmac/u_core/u_active/n100920
                              0.0856         0.0856        -0.0001  (VIOLATED)
       PIN :   u_NV_NVDLA_cmac/u_core/u_active/dat_actv_data_reg0_reg_50_/Q
                              0.0856         0.0856        -0.0001  (VIOLATED)
   u_NV_NVDLA_cmac/u_core/u_active/n95778
                              0.0856         0.0856        -0.0001  (VIOLATED)
       PIN :   u_NV_NVDLA_cmac/u_core/u_active/dat_pre_data_reg_763_/Q
                              0.0856         0.0856        -0.0001  (VIOLATED)
   u_NV_NVDLA_cmac/u_core/wt3_actv_data[371]
                              0.0861         0.0861        -0.0001  (VIOLATED)
       PIN :   u_NV_NVDLA_cmac/u_core/u_active/wt3_actv_data_reg_371_/Q
                              0.0861         0.0861        -0.0001  (VIOLATED)
   u_NV_NVDLA_cmac/u_core/u_mac_7/pp_out_l2n5_0_d2[8]
                              0.0856         0.0856        -0.0001  (VIOLATED)
       PIN :   u_NV_NVDLA_cmac/u_core/u_mac_7/pp_out_l2n5_0_d2_reg_8_/Q
                              0.0856         0.0856        -0.0001  (VIOLATED)
   u_NV_NVDLA_cmac/u_core/u_mac_6/u_mul_12/n206
                              0.0844         0.0844        -0.0001  (VIOLATED)
       PIN :   u_NV_NVDLA_cmac/u_core/u_mac_6/u_mul_12/U48/Y
                              0.0844         0.0844        -0.0001  (VIOLATED)
   u_NV_NVDLA_cmac/u_core/u_mac_0/pp_out_l0n00_0_d1[18]
                              0.0861         0.0861         0.0000  (VIOLATED: increase significant digits)
   u_NV_NVDLA_cmac/u_core/dat0_actv_nz[69]
                              0.0856         0.0856         0.0000  (VIOLATED: increase significant digits)
   u_NV_NVDLA_cmac/u_core/out_data4[10]
                              0.0861         0.0861         0.0000  (VIOLATED: increase significant digits)
   u_NV_NVDLA_cmac/u_core/u_active/n95998
                              0.0861         0.0861         0.0000  (VIOLATED: increase significant digits)
   u_NV_NVDLA_cmac/u_core/dat0_actv_data[759]
                              0.0861         0.0861         0.0000  (VIOLATED: increase significant digits)
   u_NV_NVDLA_cmac/u_core/wt6_actv_data[13]
                              0.0861         0.0861         0.0000  (VIOLATED: increase significant digits)
   u_NV_NVDLA_cmac/u_core/u_active/n101196
                              0.0861         0.0861         0.0000  (VIOLATED: increase significant digits)
   u_NV_NVDLA_cmac/u_core/wt6_actv_data[619]
                              0.0861         0.0861         0.0000  (VIOLATED: increase significant digits)
   u_NV_NVDLA_cmac/u_core/in_wt_data59[6]
                              0.0861         0.0861         0.0000  (VIOLATED: increase significant digits)
   u_NV_NVDLA_cmac/u_core/wt6_actv_data[935]
                              0.0856         0.0856         0.0000  (VIOLATED: increase significant digits)
   u_NV_NVDLA_cmac/u_core/u_mac_3/u_mul_4/n206
                              0.0844         0.0844         0.0000  (VIOLATED: increase significant digits)
   u_NV_NVDLA_cmac/u_core/u_active/n95140
                              0.0861         0.0861         0.0000  (VIOLATED: increase significant digits)
   u_NV_NVDLA_cmac/u_core/out_data3[68]
                              0.0861         0.0861         0.0000  (VIOLATED: increase significant digits)
   u_NV_NVDLA_cmac/u_core/wt0_actv_nan[60]
                              0.0856         0.0856         0.0000  (VIOLATED: increase significant digits)
   u_NV_NVDLA_cmac/u_core/u_mac_7/pp_out_l0n01_1_d1[13]
                              0.0856         0.0856         0.0000  (VIOLATED: increase significant digits)
   u_NV_NVDLA_cmac/u_core/u_mac_1/pp_out_l2n3_1_d2[17]
                              0.0856         0.0856         0.0000  (VIOLATED: increase significant digits)
   u_NV_NVDLA_cmac/u_core/wt7_actv_data[694]
                              0.0856         0.0856         0.0000  (VIOLATED: increase significant digits)
   u_NV_NVDLA_cmac/u_core/u_mac_4/u_mul_41/n206
                              0.0844         0.0844         0.0000  (VIOLATED: increase significant digits)
   u_NV_NVDLA_cmac/u_core/u_mac_5/pp_out_l0n11_0_d1[7]
                              0.0856         0.0856         0.0000  (VIOLATED: increase significant digits)
   u_NV_NVDLA_cmac/u_core/u_mac_5/pp_out_l0n02_0_d1[11]
                              0.0856         0.0856         0.0000  (VIOLATED: increase significant digits)
   u_NV_NVDLA_cmac/u_core/dat7_actv_data[833]
                              0.0856         0.0856         0.0000  (VIOLATED: increase significant digits)

   -----------------------------------------------------------------
   Total                      987              -3.7399  

   max_capacitance

                             Required        Actual
   Net                      Capacitance    Capacitance       Slack
   -----------------------------------------------------------------
   u_NV_NVDLA_cmac/u_core/u_mac_6/n3940
                            168.0000       220.9970       -52.9970  (VIOLATED)
   u_NV_NVDLA_cmac/u_core/u_mac_1/u_tree_l0n01/n457
                             16.0000        58.7309       -42.7309  (VIOLATED)
   u_NV_NVDLA_cmac/u_core/u_mac_5/u_tree_l0n13/n468
                             16.0000        46.0085       -30.0085  (VIOLATED)
   u_NV_NVDLA_cmac/u_core/u_mac_5/u_tree_l0n13/n438
                             16.0000        45.6365       -29.6365  (VIOLATED)
   u_NV_NVDLA_cmac/u_core/u_mac_5/u_tree_l0n13/n454
                             16.0000        45.4697       -29.4697  (VIOLATED)
   u_NV_NVDLA_cmac/u_core/u_mac_7/u_tree_l0n01/n406
                             16.0000        45.4132       -29.4132  (VIOLATED)
   u_NV_NVDLA_cmac/u_core/u_mac_4/n4100
                            168.0000       196.4858       -28.4858  (VIOLATED)
   u_NV_NVDLA_cmac/u_core/u_active/n87466
                            168.0000       189.1177       -21.1177  (VIOLATED)
   u_NV_NVDLA_cmac/u_core/u_mac_4/n4522
                            168.0000       187.0408       -19.0408  (VIOLATED)
   u_NV_NVDLA_cmac/u_core/u_mac_7/n3624
                            168.0000       183.7659       -15.7659  (VIOLATED)
   u_NV_NVDLA_cmac/u_core/u_mac_3/u_exp/n4962
                             32.0000        41.9833        -9.9833  (VIOLATED)
   u_NV_NVDLA_cmac/u_core/u_mac_4/u_exp/n4657
                              8.0000        17.3302        -9.3302  (VIOLATED)
   u_NV_NVDLA_cmac/u_core/u_mac_4/u_exp/n5292
                              8.0000        16.9216        -8.9216  (VIOLATED)
   u_NV_NVDLA_cmac/u_core/u_mac_1/u_exp/n5716
                              8.0000        16.6678        -8.6678  (VIOLATED)
   u_NV_NVDLA_cmac/u_core/u_mac_1/u_exp/n5705
                              8.0000        16.3289        -8.3289  (VIOLATED)
   u_NV_NVDLA_cmac/u_core/u_mac_0/exp_sft_04[3]
                              8.0000        16.1118        -8.1118  (VIOLATED)
   u_NV_NVDLA_cmac/u_core/u_mac_4/exp_sft_19[3]
                              8.0000        16.1084        -8.1084  (VIOLATED)
   u_NV_NVDLA_cmac/u_core/u_mac_4/exp_sft_18[2]
                              8.0000        15.9375        -7.9375  (VIOLATED)
   u_NV_NVDLA_cmac/u_core/u_mac_0/exp_sft_17[1]
                              8.0000        15.8384        -7.8384  (VIOLATED)
   u_NV_NVDLA_cmac/u_core/u_mac_6/u_exp/n4734
                              8.0000        15.7525        -7.7525  (VIOLATED)
   u_NV_NVDLA_cmac/u_core/u_mac_0/exp_sft_34[0]
                              8.0000        14.4126        -6.4126  (VIOLATED)
   u_NV_NVDLA_cmac/u_core/u_mac_2/u_exp/n5418
                              8.0000        14.3606        -6.3606  (VIOLATED)
   u_NV_NVDLA_cmac/u_core/u_mac_3/u_exp/n4732
                              8.0000        13.9851        -5.9851  (VIOLATED)
   u_NV_NVDLA_cmac/u_core/u_mac_6/u_exp/n4725
                              8.0000        13.9227        -5.9227  (VIOLATED)
   u_NV_NVDLA_cmac/u_core/u_mac_3/u_mul_31/n96
                             64.0000        69.2595        -5.2595  (VIOLATED)
   u_NV_NVDLA_cmac/u_core/u_mac_7/u_exp/n4633
                              8.0000        13.2342        -5.2342  (VIOLATED)
   u_NV_NVDLA_cmac/u_core/u_mac_7/u_exp/n5394
                              8.0000        12.8417        -4.8417  (VIOLATED)
   u_NV_NVDLA_cmac/u_core/u_mac_7/u_exp/n4428
                              8.0000        12.7542        -4.7542  (VIOLATED)
   u_NV_NVDLA_cmac/u_core/u_mac_2/u_exp/n5415
                              8.0000        12.4994        -4.4994  (VIOLATED)
   u_NV_NVDLA_cmac/u_core/u_mac_6/u_exp/n2773
                              8.0000        12.4212        -4.4212  (VIOLATED)
   u_NV_NVDLA_cmac/u_core/u_mac_1/u_exp/n5446
                              8.0000        11.9756        -3.9756  (VIOLATED)
   u_NV_NVDLA_cmac/u_core/u_mac_1/u_exp/n5760
                              8.0000        11.7294        -3.7294  (VIOLATED)
   u_NV_NVDLA_cmac/u_core/u_mac_3/u_exp/n4494
                              8.0000        11.6125        -3.6125  (VIOLATED)
   u_NV_NVDLA_cmac/u_core/u_mac_3/u_exp/n4711
                              8.0000        11.5490        -3.5490  (VIOLATED)
   u_NV_NVDLA_cmac/u_core/u_mac_0/exp_sft_17[3]
                              8.0000        11.1738        -3.1738  (VIOLATED)
   u_NV_NVDLA_cmac/u_core/u_mac_4/u_mul_41/n96
                              8.0000        11.1685        -3.1685  (VIOLATED)
   u_NV_NVDLA_cmac/u_core/u_mac_4/u_mul_18/n96
                              8.0000        11.0938        -3.0938  (VIOLATED)
   u_NV_NVDLA_cmac/u_core/u_mac_4/u_mul_43/n96
                              8.0000        10.9941        -2.9941  (VIOLATED)
   u_NV_NVDLA_cmac/u_core/u_mac_2/exp_sft_08[2]
                              8.0000        10.9196        -2.9196  (VIOLATED)
   u_NV_NVDLA_cmac/u_core/u_mac_1/u_mul_50/n96
                              8.0000        10.8600        -2.8600  (VIOLATED)
   u_NV_NVDLA_cmac/u_core/u_mac_1/u_exp/n5690
                              8.0000        10.7628        -2.7628  (VIOLATED)
   u_NV_NVDLA_cmac/u_core/out_data7[125]
                              8.0000        10.7344        -2.7344  (VIOLATED)
   u_NV_NVDLA_cmac/u_core/u_mac_1/u_mul_37/n96
                              8.0000        10.6550        -2.6550  (VIOLATED)
   u_NV_NVDLA_cmac/u_core/u_mac_1/u_mul_32/n96
                              8.0000        10.5561        -2.5561  (VIOLATED)
   u_NV_NVDLA_cmac/u_core/u_mac_3/u_exp/n4572
                              8.0000        10.4473        -2.4473  (VIOLATED)
   u_NV_NVDLA_cmac/u_core/u_mac_7/n9740
                              8.0000        10.2242        -2.2242  (VIOLATED)
   u_NV_NVDLA_cmac/u_core/u_mac_0/n11192
                             64.0000        66.1700        -2.1700  (VIOLATED)
   u_NV_NVDLA_cmac/u_core/u_mac_1/u_mul_43/n300
                              8.0000         9.9448        -1.9448  (VIOLATED)
   u_NV_NVDLA_cmac/u_core/u_mac_3/u_nan/n3093
                              8.0000         9.9295        -1.9295  (VIOLATED)
   u_NV_NVDLA_cmac/u_core/u_mac_0/u_nan/n3083
                              8.0000         9.9290        -1.9290  (VIOLATED)
   u_NV_NVDLA_cmac/u_core/u_mac_5/u_mul_17/n297
                              8.0000         9.9268        -1.9268  (VIOLATED)
   u_NV_NVDLA_cmac/u_core/u_mac_7/n9648
                              8.0000         9.9121        -1.9121  (VIOLATED)
   u_NV_NVDLA_cmac/u_core/u_mac_1/u_nan/n3105
                              8.0000         9.9087        -1.9087  (VIOLATED)
   u_NV_NVDLA_cmac/u_core/u_mac_2/n9391
                              8.0000         9.8969        -1.8969  (VIOLATED)
   u_NV_NVDLA_cmac/u_core/u_mac_1/u_nan/n3114
                              8.0000         9.8793        -1.8793  (VIOLATED)
   u_NV_NVDLA_cmac/u_core/u_mac_6/u_tree_l0n04/n262
                              8.0000         9.8744        -1.8744  (VIOLATED)
   u_NV_NVDLA_cmac/u_core/u_mac_2/ps_n0b3_dc[6]
                              8.0000         9.8736        -1.8736  (VIOLATED)
   u_NV_NVDLA_cmac/u_core/u_mac_1/add_x_1128/n1851
                              8.0000         9.8627        -1.8627  (VIOLATED)
   u_NV_NVDLA_cmac/u_core/u_mac_1/u_mul_40/n302
                              8.0000         9.8486        -1.8486  (VIOLATED)
   u_NV_NVDLA_cmac/u_core/u_mac_0/u_nan/n3084
                              8.0000         9.8467        -1.8467  (VIOLATED)
   u_NV_NVDLA_cmac/u_core/u_mac_4/u_tree_l0n04/n262
                              8.0000         9.8305        -1.8305  (VIOLATED)
   u_NV_NVDLA_cmac/u_core/u_mac_0/pp_out_l0n07_1[5]
                              8.0000         9.8126        -1.8126  (VIOLATED)
   u_NV_NVDLA_cmac/u_core/u_mac_2/u_tree_l0n12/n396
                             16.0000        17.8108        -1.8108  (VIOLATED)
   u_NV_NVDLA_cmac/u_core/u_mac_6/u_mul_34/n299
                              8.0000         9.8058        -1.8058  (VIOLATED)
   u_NV_NVDLA_cmac/u_core/u_mac_4/u_tree_l0n04/n212
                              8.0000         9.8033        -1.8033  (VIOLATED)
   u_NV_NVDLA_cmac/u_core/u_mac_5/n10578
                              8.0000         9.8028        -1.8028  (VIOLATED)
   u_NV_NVDLA_cmac/u_core/u_mac_4/u_tree_l0n04/n232
                              8.0000         9.7870        -1.7870  (VIOLATED)
   u_NV_NVDLA_cmac/u_core/u_mac_2/u_mul_6/n96
                              8.0000         9.7857        -1.7857  (VIOLATED)
   u_NV_NVDLA_cmac/u_core/u_active/n43748
                             16.0000        17.7854        -1.7854  (VIOLATED)
   u_NV_NVDLA_cmac/u_core/u_mac_0/u_nan/n3052
                              8.0000         9.7850        -1.7850  (VIOLATED)
   u_NV_NVDLA_cmac/u_core/u_mac_3/pp_out_l0n09_1[13]
                             16.0000        17.7732        -1.7732  (VIOLATED)
   u_NV_NVDLA_cmac/u_core/u_active/n38664
                             16.0000        17.7665        -1.7665  (VIOLATED)
   u_NV_NVDLA_cmac/u_core/u_mac_6/n3662
                             16.0000        17.7660        -1.7660  (VIOLATED)
   u_NV_NVDLA_cmac/u_core/u_mac_3/pp_out_l0n09_1[8]
                             16.0000        17.7621        -1.7621  (VIOLATED)
   u_NV_NVDLA_cmac/u_core/u_active/n20184
                             16.0000        17.7607        -1.7607  (VIOLATED)
   u_NV_NVDLA_cmac/u_core/u_mac_0/u_nan/n1822
                             16.0000        17.7592        -1.7592  (VIOLATED)
   u_NV_NVDLA_cmac/u_core/u_mac_6/u_mul_12/n306
                              8.0000         9.7568        -1.7568  (VIOLATED)
   u_NV_NVDLA_cmac/u_core/u_mac_0/pp_out_l0n07_1[6]
                              8.0000         9.7542        -1.7542  (VIOLATED)
   u_NV_NVDLA_cmac/u_core/u_mac_1/u_nan/n3107
                              8.0000         9.7537        -1.7537  (VIOLATED)
   u_NV_NVDLA_cmac/u_core/u_mac_2/u_exp/n5399
                              8.0000         9.7506        -1.7506  (VIOLATED)
   u_NV_NVDLA_cmac/u_core/u_mac_2/u_mul_59/n297
                              8.0000         9.7506        -1.7506  (VIOLATED)
   u_NV_NVDLA_cmac/u_core/u_mac_1/n10642
                              8.0000         9.7501        -1.7501  (VIOLATED)
   u_NV_NVDLA_cmac/u_core/u_mac_0/u_nan/n3082
                              8.0000         9.7491        -1.7491  (VIOLATED)
   u_NV_NVDLA_cmac/u_core/u_mac_3/pp_out_l0n06_1[25]
                              8.0000         9.7487        -1.7487  (VIOLATED)
   u_NV_NVDLA_cmac/u_core/u_mac_7/pp_out_l0n02_1[27]
                              8.0000         9.7481        -1.7481  (VIOLATED)
   u_NV_NVDLA_cmac/u_core/u_mac_5/pp_out_l0n07_1[6]
                              8.0000         9.7480        -1.7480  (VIOLATED)
   u_NV_NVDLA_cmac/u_core/u_mac_7/u_tree_l0n13/n356
                             16.0000        17.7479        -1.7479  (VIOLATED)
   u_NV_NVDLA_cmac/u_core/u_mac_2/pp_out_l2n2_1[27]
                              8.0000         9.7469        -1.7469  (VIOLATED)
   u_NV_NVDLA_cmac/u_core/u_mac_1/n9432
                             16.0000        17.7447        -1.7447  (VIOLATED)
   u_NV_NVDLA_cmac/u_core/u_mac_3/pp_out_l0n09_1[14]
                             16.0000        17.7445        -1.7445  (VIOLATED)
   u_NV_NVDLA_cmac/u_core/u_mac_0/u_exp/n5823
                              8.0000         9.7432        -1.7432  (VIOLATED)
   u_NV_NVDLA_cmac/u_core/u_mac_2/u_mul_42/n290
                              8.0000         9.7394        -1.7394  (VIOLATED)
   u_NV_NVDLA_cmac/u_core/u_active/n35768
                             16.0000        17.7380        -1.7380  (VIOLATED)
   u_NV_NVDLA_cmac/u_core/u_mac_2/u_tree_l0n05/n411
                              8.0000         9.7292        -1.7292  (VIOLATED)
   u_NV_NVDLA_cmac/u_core/u_mac_3/pp_out_l2n5_1[15]
                             16.0000        17.7287        -1.7287  (VIOLATED)
   u_NV_NVDLA_cmac/u_core/u_mac_1/u_tree_l0n09/n358
                             16.0000        17.7285        -1.7285  (VIOLATED)
   u_NV_NVDLA_cmac/u_core/u_mac_2/u_nan/n1965
                             16.0000        17.7275        -1.7275  (VIOLATED)
   u_NV_NVDLA_cmac/u_core/u_mac_6/u_tree_l1n1/n45
                              8.0000         9.7257        -1.7257  (VIOLATED)
   u_NV_NVDLA_cmac/u_core/u_mac_6/u_mul_34/n309
                              8.0000         9.7250        -1.7250  (VIOLATED)
   u_NV_NVDLA_cmac/u_core/u_mac_0/u_mul_46/n314
                             16.0000        17.7247        -1.7247  (VIOLATED)
   u_NV_NVDLA_cmac/u_core/u_mac_5/pp_out_l1n0_0[3]
                             16.0000        17.7245        -1.7245  (VIOLATED)
   u_NV_NVDLA_cmac/u_core/u_mac_3/pp_out_l2n5_0[13]
                             16.0000        17.7233        -1.7233  (VIOLATED)
   u_NV_NVDLA_cmac/u_core/u_active/n24787
                             16.0000        17.7227        -1.7227  (VIOLATED)
   u_NV_NVDLA_cmac/u_core/u_mac_7/pp_out_l0n03_1[17]
                              8.0000         9.7225        -1.7225  (VIOLATED)
   u_NV_NVDLA_cmac/u_core/u_mac_5/u_tree_l2n4/n107
                             16.0000        17.7217        -1.7217  (VIOLATED)
   u_NV_NVDLA_cmac/u_core/u_mac_3/pp_out_l2n7_0[31]
                             16.0000        17.7213        -1.7213  (VIOLATED)
   u_NV_NVDLA_cmac/u_core/u_mac_7/n6641
                             16.0000        17.7196        -1.7196  (VIOLATED)
   u_NV_NVDLA_cmac/u_core/u_mac_0/pp_out_l0n09_0[26]
                             16.0000        17.7175        -1.7175  (VIOLATED)
   u_NV_NVDLA_cmac/u_core/u_mac_1/pp_in_l1n0_3[24]
                             16.0000        17.7148        -1.7148  (VIOLATED)
   u_NV_NVDLA_cmac/u_core/u_mac_5/u_mul_51/n303
                              8.0000         9.7140        -1.7140  (VIOLATED)
   u_NV_NVDLA_cmac/u_core/u_mac_3/u_mul_60/n306
                             16.0000        17.7132        -1.7132  (VIOLATED)
   u_NV_NVDLA_cmac/u_core/u_active/n38670
                             16.0000        17.7116        -1.7116  (VIOLATED)
   u_NV_NVDLA_cmac/u_core/u_mac_7/u_mul_42/n310
                             16.0000        17.7114        -1.7114  (VIOLATED)
   u_NV_NVDLA_cmac/u_core/u_mac_7/pp_in_l2n0_3[11]
                             16.0000        17.7102        -1.7102  (VIOLATED)
   u_NV_NVDLA_cmac/u_core/u_active/n22081
                             16.0000        17.7086        -1.7086  (VIOLATED)
   u_NV_NVDLA_cmac/u_core/u_mac_6/u_mul_39/n295
                              8.0000         9.7060        -1.7060  (VIOLATED)
   u_NV_NVDLA_cmac/u_core/u_mac_5/pp_out_l1n0_0[4]
                             16.0000        17.7055        -1.7055  (VIOLATED)
   u_NV_NVDLA_cmac/u_core/u_mac_4/u_tree_l4n3/n196
                             16.0000        17.7045        -1.7045  (VIOLATED)
   u_NV_NVDLA_cmac/u_core/u_mac_6/pp_out_l0n14_0[35]
                              8.0000         9.7023        -1.7023  (VIOLATED)
   u_NV_NVDLA_cmac/u_core/u_active/n21864
                             16.0000        17.7020        -1.7020  (VIOLATED)
   u_NV_NVDLA_cmac/u_core/u_mac_4/u_mul_51/n225
                             32.0000        33.7018        -1.7018  (VIOLATED)
   u_NV_NVDLA_cmac/u_core/u_mac_6/u_nan/n1198
                             16.0000        17.6977        -1.6977  (VIOLATED)
   u_NV_NVDLA_cmac/u_core/u_mac_0/u_mul_47/n317
                             16.0000        17.6963        -1.6963  (VIOLATED)
   u_NV_NVDLA_cmac/u_core/u_mac_2/u_mul_48/n96
                              8.0000         9.6916        -1.6916  (VIOLATED)
   u_NV_NVDLA_cmac/u_core/u_mac_4/u_nan/n2957
                              8.0000         9.6914        -1.6914  (VIOLATED)
   u_NV_NVDLA_cmac/u_core/u_active/n74679
                             16.0000        17.6902        -1.6902  (VIOLATED)
   u_NV_NVDLA_cmac/u_core/u_mac_4/u_tree_l0n04/n242
                              8.0000         9.6875        -1.6875  (VIOLATED)
   u_NV_NVDLA_cmac/u_core/u_mac_2/pp_out_l0n00_0[30]
                             64.0000        65.6875        -1.6875  (VIOLATED)
   u_NV_NVDLA_cmac/u_core/u_active/n20199
                             16.0000        17.6873        -1.6873  (VIOLATED)
   u_NV_NVDLA_cmac/u_core/u_mac_7/pp_in_l2n0_3[7]
                             16.0000        17.6873        -1.6873  (VIOLATED)
   u_NV_NVDLA_cmac/u_core/u_mac_0/add_x_1130/n1866
                              8.0000         9.6872        -1.6872  (VIOLATED)
   u_NV_NVDLA_cmac/u_core/u_mac_6/u_mul_27/n313
                              8.0000         9.6871        -1.6871  (VIOLATED)
   u_NV_NVDLA_cmac/u_core/u_mac_3/u_nan/n2271
                             16.0000        17.6867        -1.6867  (VIOLATED)
   u_NV_NVDLA_cmac/u_core/u_mac_1/u_tree_l2n2/n112
                             16.0000        17.6855        -1.6855  (VIOLATED)
   u_NV_NVDLA_cmac/u_core/u_mac_4/u_mul_30/n313
                             16.0000        17.6824        -1.6824  (VIOLATED)
   u_NV_NVDLA_cmac/u_core/u_active/n37442
                             16.0000        17.6822        -1.6822  (VIOLATED)
   u_NV_NVDLA_cmac/u_core/u_mac_5/u_tree_l1n0/n57
                             16.0000        17.6810        -1.6810  (VIOLATED)
   u_NV_NVDLA_cmac/u_core/u_mac_0/u_tree_l1n4/n54
                             16.0000        17.6803        -1.6803  (VIOLATED)
   u_NV_NVDLA_cmac/u_core/u_mac_0/pp_out_l0n02_1[20]
                             16.0000        17.6750        -1.6750  (VIOLATED)
   u_NV_NVDLA_cmac/u_core/u_mac_0/u_mul_11/n309
                             16.0000        17.6730        -1.6730  (VIOLATED)
   u_NV_NVDLA_cmac/u_core/u_active/n37547
                             16.0000        17.6717        -1.6717  (VIOLATED)
   u_NV_NVDLA_cmac/u_core/u_active/n18233
                             32.0000        33.6704        -1.6704  (VIOLATED)
   u_NV_NVDLA_cmac/u_core/u_mac_4/add_x_983/n190
                             16.0000        17.6700        -1.6700  (VIOLATED)
   u_NV_NVDLA_cmac/u_core/u_mac_0/u_nan/n2303
                             16.0000        17.6682        -1.6682  (VIOLATED)
   u_NV_NVDLA_cmac/u_core/u_mac_6/pp_out_l0n13_1[28]
                             16.0000        17.6656        -1.6656  (VIOLATED)
   u_NV_NVDLA_cmac/u_core/u_active/n8114
                             16.0000        17.6638        -1.6638  (VIOLATED)
   u_NV_NVDLA_cmac/u_core/u_mac_5/pp_out_l0n14_0[1]
                             16.0000        17.6630        -1.6630  (VIOLATED)
   u_NV_NVDLA_cmac/u_core/u_mac_5/u_mul_54/n309
                              8.0000         9.6599        -1.6599  (VIOLATED)
   u_NV_NVDLA_cmac/u_core/u_mac_0/n6774
                             16.0000        17.6597        -1.6597  (VIOLATED)
   u_NV_NVDLA_cmac/u_core/u_mac_6/u_nan/n2773
                             16.0000        17.6584        -1.6584  (VIOLATED)
   u_NV_NVDLA_cmac/u_core/u_mac_1/u_tree_l2n2/n90
                             16.0000        17.6543        -1.6543  (VIOLATED)
   u_NV_NVDLA_cmac/u_core/u_mac_3/u_tree_l2n3/n82
                              8.0000         9.6528        -1.6528  (VIOLATED)
   u_NV_NVDLA_cmac/u_core/u_mac_4/pp_out_l1n0_1[7]
                             16.0000        17.6522        -1.6522  (VIOLATED)
   u_NV_NVDLA_cmac/u_core/u_mac_7/pp_out_l2n2_0[32]
                             16.0000        17.6506        -1.6506  (VIOLATED)
   u_NV_NVDLA_cmac/u_core/u_mac_0/u_nan/n16
                              8.0000         9.6506        -1.6506  (VIOLATED)
   u_NV_NVDLA_cmac/u_core/u_active/n30475
                             16.0000        17.6472        -1.6472  (VIOLATED)
   u_NV_NVDLA_cmac/u_core/u_mac_2/pp_out_l1n7_0[39]
                              8.0000         9.6464        -1.6464  (VIOLATED)
   u_NV_NVDLA_cmac/u_core/u_active/n37447
                             16.0000        17.6457        -1.6457  (VIOLATED)
   u_NV_NVDLA_cmac/u_core/u_mac_1/u_mul_7/n197
                              8.0000         9.6456        -1.6456  (VIOLATED)
   u_NV_NVDLA_cmac/u_core/u_mac_4/u_tree_l0n13/n329
                              8.0000         9.6444        -1.6444  (VIOLATED)
   u_NV_NVDLA_cmac/u_core/u_active/n46792
                             16.0000        17.6444        -1.6444  (VIOLATED)
   u_NV_NVDLA_cmac/u_core/u_mac_1/u_tree_l0n00/n385
                             16.0000        17.6442        -1.6442  (VIOLATED)
   u_NV_NVDLA_cmac/u_core/u_mac_3/pp_out_l2n5_0[14]
                             16.0000        17.6403        -1.6403  (VIOLATED)
   u_NV_NVDLA_cmac/u_core/u_mac_6/u_tree_l0n04/n292
                              8.0000         9.6346        -1.6346  (VIOLATED)
   u_NV_NVDLA_cmac/u_core/u_active/n24785
                             16.0000        17.6336        -1.6336  (VIOLATED)
   u_NV_NVDLA_cmac/u_core/u_mac_6/u_nan/n1378
                             16.0000        17.6328        -1.6328  (VIOLATED)
   u_NV_NVDLA_cmac/u_core/u_mac_2/pp_out_l2n7_0[19]
                             16.0000        17.6327        -1.6327  (VIOLATED)
   u_NV_NVDLA_cmac/u_core/u_mac_5/u_tree_l0n13/n411
                             16.0000        17.6327        -1.6327  (VIOLATED)
   u_NV_NVDLA_cmac/u_core/u_mac_1/u_tree_l0n08/n341
                             16.0000        17.6322        -1.6322  (VIOLATED)
   u_NV_NVDLA_cmac/u_core/u_mac_2/pp_out_l0n00_0[28]
                             64.0000        65.6318        -1.6318  (VIOLATED)
   u_NV_NVDLA_cmac/u_core/u_mac_5/n8717
                              8.0000         9.6314        -1.6314  (VIOLATED)
   u_NV_NVDLA_cmac/u_core/u_mac_2/u_nan/n537
                             16.0000        17.6312        -1.6312  (VIOLATED)
   u_NV_NVDLA_cmac/u_core/u_mac_6/u_mul_54/n303
                             32.0000        33.6282        -1.6282  (VIOLATED)
   u_NV_NVDLA_cmac/u_core/u_mac_6/u_tree_l0n04/n162
                              8.0000         9.6237        -1.6237  (VIOLATED)
   u_NV_NVDLA_cmac/u_core/u_mac_2/sop_3[8]
                             16.0000        17.6207        -1.6207  (VIOLATED)
   u_NV_NVDLA_cmac/u_core/u_active/n37449
                             16.0000        17.6197        -1.6197  (VIOLATED)
   u_NV_NVDLA_cmac/u_core/u_active/n37527
                             16.0000        17.6196        -1.6196  (VIOLATED)
   u_NV_NVDLA_cmac/u_core/u_mac_3/u_tree_l0n00/n396
                             16.0000        17.6165        -1.6165  (VIOLATED)
   u_NV_NVDLA_cmac/u_core/u_mac_3/pp_out_l2n7_0[33]
                             16.0000        17.6136        -1.6136  (VIOLATED)
   u_NV_NVDLA_cmac/u_core/u_mac_0/u_nan/n1643
                             16.0000        17.6124        -1.6124  (VIOLATED)
   u_NV_NVDLA_cmac/u_core/u_mac_5/u_tree_l1n2/n69
                             16.0000        17.6124        -1.6124  (VIOLATED)
   u_NV_NVDLA_cmac/u_core/u_mac_4/u_tree_l0n04/n192
                              8.0000         9.6118        -1.6118  (VIOLATED)
   u_NV_NVDLA_cmac/u_core/u_mac_0/pp_out_l0n02_0[13]
                             16.0000        17.6113        -1.6113  (VIOLATED)
   u_NV_NVDLA_cmac/u_core/u_mac_0/u_tree_l1n4/n62
                             16.0000        17.6111        -1.6111  (VIOLATED)
   u_NV_NVDLA_cmac/u_core/u_mac_3/u_tree_l0n00/n424
                             16.0000        17.6108        -1.6108  (VIOLATED)
   u_NV_NVDLA_cmac/u_core/u_active/n38717
                             16.0000        17.6105        -1.6105  (VIOLATED)
   u_NV_NVDLA_cmac/u_core/u_mac_5/u_nan/n486
                             16.0000        17.6078        -1.6078  (VIOLATED)
   u_NV_NVDLA_cmac/u_core/u_mac_0/n6985
                             16.0000        17.6063        -1.6063  (VIOLATED)
   u_NV_NVDLA_cmac/u_core/u_active/n46784
                             16.0000        17.6058        -1.6058  (VIOLATED)
   u_NV_NVDLA_cmac/u_core/u_active/n24297
                             16.0000        17.6057        -1.6057  (VIOLATED)
   u_NV_NVDLA_cmac/u_core/u_active/n37453
                             16.0000        17.6054        -1.6054  (VIOLATED)
   u_NV_NVDLA_cmac/u_core/u_mac_2/pp_out_l2n3_0[20]
                             16.0000        17.6051        -1.6051  (VIOLATED)
   u_NV_NVDLA_cmac/u_core/u_mac_2/u_mul_36/n225
                             32.0000        33.6042        -1.6042  (VIOLATED)
   u_NV_NVDLA_cmac/u_core/u_mac_0/pp_out_l0n09_0[22]
                             16.0000        17.6026        -1.6026  (VIOLATED)
   u_NV_NVDLA_cmac/u_core/u_mac_7/pp_out_l2n2_1[30]
                             16.0000        17.6025        -1.6025  (VIOLATED)
   u_NV_NVDLA_cmac/u_core/u_mac_0/u_exp/n5141
                             16.0000        17.6021        -1.6021  (VIOLATED)
   u_NV_NVDLA_cmac/u_core/u_mac_5/u_tree_l0n11/n353
                             16.0000        17.6010        -1.6010  (VIOLATED)
   u_NV_NVDLA_cmac/u_core/u_mac_4/u_nan/n2963
                              8.0000         9.6008        -1.6008  (VIOLATED)
   u_NV_NVDLA_cmac/u_core/u_mac_3/u_mul_21/n96
                              8.0000         9.6007        -1.6007  (VIOLATED)
   u_NV_NVDLA_cmac/u_core/u_mac_1/u_tree_l4n0/n93
                             16.0000        17.6003        -1.6003  (VIOLATED)
   u_NV_NVDLA_cmac/u_core/u_mac_4/u_nan/n2880
                             16.0000        17.5976        -1.5976  (VIOLATED)
   u_NV_NVDLA_cmac/u_core/u_mac_0/u_tree_l1n4/n55
                             16.0000        17.5935        -1.5935  (VIOLATED)
   u_NV_NVDLA_cmac/u_core/u_mac_7/u_nan/n3005
                             16.0000        17.5882        -1.5882  (VIOLATED)
   u_NV_NVDLA_cmac/u_core/u_mac_5/n7059
                             16.0000        17.5875        -1.5875  (VIOLATED)
   u_NV_NVDLA_cmac/u_core/u_mac_2/res_tag_2[3]
                             16.0000        17.5863        -1.5863  (VIOLATED)
   u_NV_NVDLA_cmac/u_core/u_mac_7/u_nan/n2118
                             16.0000        17.5840        -1.5840  (VIOLATED)
   u_NV_NVDLA_cmac/u_core/u_mac_5/u_tree_l2n4/n92
                             16.0000        17.5830        -1.5830  (VIOLATED)
   u_NV_NVDLA_cmac/u_core/u_mac_4/u_tree_l0n13/n292
                              8.0000         9.5828        -1.5828  (VIOLATED)
   u_NV_NVDLA_cmac/u_core/u_active/n43692
                             16.0000        17.5823        -1.5823  (VIOLATED)
   u_NV_NVDLA_cmac/u_core/u_mac_1/u_exp/exp_sum_63[3]
                             16.0000        17.5799        -1.5799  (VIOLATED)
   u_NV_NVDLA_cmac/u_core/u_mac_2/pp_out_l0n00_0[31]
                             64.0000        65.5799        -1.5799  (VIOLATED)
   u_NV_NVDLA_cmac/u_core/u_mac_4/pp_out_l0n05_1[19]
                             16.0000        17.5779        -1.5779  (VIOLATED)
   u_NV_NVDLA_cmac/u_core/u_mac_0/u_tree_l2n3/n113
                             16.0000        17.5775        -1.5775  (VIOLATED)
   u_NV_NVDLA_cmac/u_core/u_mac_3/pp_out_l2n4_0[3]
                             16.0000        17.5772        -1.5772  (VIOLATED)
   u_NV_NVDLA_cmac/u_core/u_mac_0/u_nan/n1556
                             16.0000        17.5764        -1.5764  (VIOLATED)
   u_NV_NVDLA_cmac/u_core/u_mac_0/pp_out_l0n09_0[24]
                             16.0000        17.5747        -1.5747  (VIOLATED)
   u_NV_NVDLA_cmac/u_core/u_mac_5/n8875
                              8.0000         9.5747        -1.5747  (VIOLATED)
   u_NV_NVDLA_cmac/u_core/u_active/n20207
                             16.0000        17.5740        -1.5740  (VIOLATED)
   u_NV_NVDLA_cmac/u_core/u_mac_2/pp_out_l2n5_1[23]
                              8.0000         9.5737        -1.5737  (VIOLATED)
   u_NV_NVDLA_cmac/u_core/u_mac_1/u_exp/exp_sum_63[2]
                             16.0000        17.5731        -1.5731  (VIOLATED)
   u_NV_NVDLA_cmac/u_core/u_mac_6/add_x_1124/n188
                             16.0000        17.5724        -1.5724  (VIOLATED)
   u_NV_NVDLA_cmac/u_core/u_mac_1/u_tree_l0n00/n436
                             16.0000        17.5707        -1.5707  (VIOLATED)
   u_NV_NVDLA_cmac/u_core/u_active/n7797
                             16.0000        17.5681        -1.5681  (VIOLATED)
   u_NV_NVDLA_cmac/u_core/u_mac_4/n1264
                             16.0000        17.5680        -1.5680  (VIOLATED)
   u_NV_NVDLA_cmac/u_core/u_mac_2/pp_out_l2n3_0[18]
                             16.0000        17.5665        -1.5665  (VIOLATED)
   u_NV_NVDLA_cmac/u_core/u_mac_2/u_nan/n1617
                             16.0000        17.5617        -1.5617  (VIOLATED)
   u_NV_NVDLA_cmac/u_core/u_mac_3/u_tree_l0n05/n322
                              8.0000         9.5602        -1.5602  (VIOLATED)
   u_NV_NVDLA_cmac/u_core/u_mac_7/pp_in_l2n0_3[6]
                             16.0000        17.5596        -1.5596  (VIOLATED)
   u_NV_NVDLA_cmac/u_core/u_mac_1/u_tree_l0n01/n460
                             16.0000        17.5507        -1.5507  (VIOLATED)
   u_NV_NVDLA_cmac/u_core/u_mac_1/n9078
                              8.0000         9.5492        -1.5492  (VIOLATED)
   u_NV_NVDLA_cmac/u_core/u_mac_1/u_tree_l0n01/n458
                             16.0000        17.5487        -1.5487  (VIOLATED)
   u_NV_NVDLA_cmac/u_core/u_active/n18442
                              8.0000         9.5477        -1.5477  (VIOLATED)
   u_NV_NVDLA_cmac/u_core/u_mac_0/pp_out_l0n02_0[14]
                             16.0000        17.5467        -1.5467  (VIOLATED)
   u_NV_NVDLA_cmac/u_core/u_mac_6/add_x_1100/n196
                             16.0000        17.5464        -1.5464  (VIOLATED)
   u_NV_NVDLA_cmac/u_core/u_active/n37545
                             16.0000        17.5454        -1.5454  (VIOLATED)
   u_NV_NVDLA_cmac/u_core/u_mac_0/u_nan/n1916
                             16.0000        17.5452        -1.5452  (VIOLATED)
   u_NV_NVDLA_cmac/u_core/u_mac_6/n9667
                             16.0000        17.5433        -1.5433  (VIOLATED)
   u_NV_NVDLA_cmac/u_core/u_active/n7434
                             16.0000        17.5401        -1.5401  (VIOLATED)
   u_NV_NVDLA_cmac/u_core/u_mac_6/u_tree_l1n0/n53
                             16.0000        17.5396        -1.5396  (VIOLATED)
   u_NV_NVDLA_cmac/u_core/u_mac_1/u_tree_l2n2/n93
                             16.0000        17.5386        -1.5386  (VIOLATED)
   u_NV_NVDLA_cmac/u_core/u_mac_3/u_tree_l0n05/n425
                             16.0000        17.5383        -1.5383  (VIOLATED)
   u_NV_NVDLA_cmac/u_core/u_mac_1/u_tree_l0n08/n427
                             16.0000        17.5382        -1.5382  (VIOLATED)
   u_NV_NVDLA_cmac/u_core/u_mac_3/u_tree_l0n05/n458
                             16.0000        17.5378        -1.5378  (VIOLATED)
   u_NV_NVDLA_cmac/u_core/u_mac_2/u_tree_l0n01/n312
                              8.0000         9.5370        -1.5370  (VIOLATED)
   u_NV_NVDLA_cmac/u_core/u_mac_6/u_tree_l0n01/n395
                             16.0000        17.5343        -1.5343  (VIOLATED)
   u_NV_NVDLA_cmac/u_core/u_mac_1/u_tree_l2n2/n91
                             16.0000        17.5335        -1.5335  (VIOLATED)
   u_NV_NVDLA_cmac/u_core/u_mac_4/u_nan/n20
                              8.0000         9.5303        -1.5303  (VIOLATED)
   u_NV_NVDLA_cmac/u_core/u_mac_2/res_tag_38[6]
                             32.0000        33.5273        -1.5273  (VIOLATED)
   u_NV_NVDLA_cmac/u_core/u_mac_6/u_tree_l4n2/n274
                              8.0000         9.5270        -1.5270  (VIOLATED)
   u_NV_NVDLA_cmac/u_core/u_mac_1/u_tree_l0n09/n353
                             16.0000        17.5263        -1.5263  (VIOLATED)
   u_NV_NVDLA_cmac/u_core/u_mac_0/pp_out_l0n02_0[2]
                             16.0000        17.5255        -1.5255  (VIOLATED)
   u_NV_NVDLA_cmac/u_core/u_active/n74653
                             16.0000        17.5214        -1.5214  (VIOLATED)
   u_NV_NVDLA_cmac/u_core/u_mac_7/pp_out_l0n09_1[30]
                             16.0000        17.5214        -1.5214  (VIOLATED)
   u_NV_NVDLA_cmac/u_core/u_mac_6/n9287
                              8.0000         9.5188        -1.5188  (VIOLATED)
   u_NV_NVDLA_cmac/u_core/u_mac_2/pp_out_l2n2_1[26]
                              8.0000         9.5186        -1.5186  (VIOLATED)
   u_NV_NVDLA_cmac/u_core/u_mac_3/u_mul_21/n197
                              8.0000         9.5179        -1.5179  (VIOLATED)
   u_NV_NVDLA_cmac/u_core/u_mac_5/u_tree_l4n2/n86
                             16.0000        17.5164        -1.5164  (VIOLATED)
   u_NV_NVDLA_cmac/u_core/u_mac_1/ps_n0b2_wg[5]
                             16.0000        17.5149        -1.5149  (VIOLATED)
   u_NV_NVDLA_cmac/u_core/u_active/n35770
                             16.0000        17.5144        -1.5144  (VIOLATED)
   u_NV_NVDLA_cmac/u_core/u_mac_1/u_tree_l2n2/n111
                             16.0000        17.5135        -1.5135  (VIOLATED)
   u_NV_NVDLA_cmac/u_core/u_active/n24802
                             16.0000        17.5116        -1.5116  (VIOLATED)
   u_NV_NVDLA_cmac/u_core/u_mac_5/u_tree_l0n08/n440
                              8.0000         9.5077        -1.5077  (VIOLATED)
   u_NV_NVDLA_cmac/u_core/u_mac_0/u_nan/n1736
                             16.0000        17.5076        -1.5076  (VIOLATED)
   u_NV_NVDLA_cmac/u_core/u_active/n20186
                             16.0000        17.5069        -1.5069  (VIOLATED)
   u_NV_NVDLA_cmac/u_core/u_mac_4/pp_out_l2n3_0[12]
                             16.0000        17.5047        -1.5047  (VIOLATED)
   u_NV_NVDLA_cmac/u_core/u_mac_6/u_tree_l0n12/n452
                             16.0000        17.5038        -1.5038  (VIOLATED)
   u_NV_NVDLA_cmac/u_core/u_mac_2/pp_out_l2n3_1[21]
                             16.0000        17.5005        -1.5005  (VIOLATED)
   u_NV_NVDLA_cmac/u_core/u_mac_1/res_tag_6[2]
                             16.0000        17.4964        -1.4964  (VIOLATED)
   u_NV_NVDLA_cmac/u_core/u_mac_7/u_mul_5/n299
                              8.0000         9.4962        -1.4962  (VIOLATED)
   u_NV_NVDLA_cmac/u_core/u_mac_0/exp_sft_02[3]
                              8.0000         9.4930        -1.4930  (VIOLATED)
   u_NV_NVDLA_cmac/u_core/u_mac_4/u_nan/n237
                             16.0000        17.4925        -1.4925  (VIOLATED)
   u_NV_NVDLA_cmac/u_core/u_mac_3/u_tree_l0n05/n282
                              8.0000         9.4906        -1.4906  (VIOLATED)
   u_NV_NVDLA_cmac/u_core/u_mac_5/u_tree_l1n2/n64
                             16.0000        17.4892        -1.4892  (VIOLATED)
   u_NV_NVDLA_cmac/u_core/u_mac_1/u_tree_l0n09/n400
                             16.0000        17.4887        -1.4887  (VIOLATED)
   u_NV_NVDLA_cmac/u_core/u_mac_4/u_mul_50/n308
                             16.0000        17.4881        -1.4881  (VIOLATED)
   u_NV_NVDLA_cmac/u_core/u_mac_1/pp_out_l0n02_1[7]
                              8.0000         9.4877        -1.4877  (VIOLATED)
   u_NV_NVDLA_cmac/u_core/u_mac_4/u_exp/n5865
                              8.0000         9.4876        -1.4876  (VIOLATED)
   u_NV_NVDLA_cmac/u_core/u_mac_1/u_tree_l0n08/n434
                             16.0000        17.4874        -1.4874  (VIOLATED)
   u_NV_NVDLA_cmac/u_core/u_active/n20195
                             16.0000        17.4864        -1.4864  (VIOLATED)
   u_NV_NVDLA_cmac/u_core/u_mac_6/u_mul_47/n299
                              8.0000         9.4849        -1.4849  (VIOLATED)
   u_NV_NVDLA_cmac/u_core/u_mac_4/exp_sft_18[3]
                              8.0000         9.4848        -1.4848  (VIOLATED)
   u_NV_NVDLA_cmac/u_core/u_mac_0/pp_out_l0n09_0[21]
                             16.0000        17.4842        -1.4842  (VIOLATED)
   u_NV_NVDLA_cmac/u_core/u_mac_1/u_mul_32/n197
                              8.0000         9.4836        -1.4836  (VIOLATED)
   u_NV_NVDLA_cmac/u_core/u_mac_4/pp_out_l2n3_1[22]
                             16.0000        17.4816        -1.4816  (VIOLATED)
   u_NV_NVDLA_cmac/u_core/u_mac_6/u_mul_48/n307
                              8.0000         9.4815        -1.4815  (VIOLATED)
   u_NV_NVDLA_cmac/u_core/u_active/n38658
                             16.0000        17.4807        -1.4807  (VIOLATED)
   u_NV_NVDLA_cmac/u_core/u_mac_3/u_tree_l0n08/n442
                             16.0000        17.4803        -1.4803  (VIOLATED)
   u_NV_NVDLA_cmac/u_core/u_mac_5/pp_out_l0n07_1[3]
                              8.0000         9.4780        -1.4780  (VIOLATED)
   u_NV_NVDLA_cmac/u_core/u_mac_4/pp_out_l1n4_0[28]
                             16.0000        17.4780        -1.4780  (VIOLATED)
   u_NV_NVDLA_cmac/u_core/u_mac_5/pp_nan_mts_d1[4]
                             16.0000        17.4753        -1.4753  (VIOLATED)
   u_NV_NVDLA_cmac/u_core/u_mac_7/u_mul_38/n301
                             16.0000        17.4734        -1.4734  (VIOLATED)
   u_NV_NVDLA_cmac/u_core/u_mac_0/u_nan/n2002
                             16.0000        17.4733        -1.4733  (VIOLATED)
   u_NV_NVDLA_cmac/u_core/u_mac_6/u_nan/n478
                             16.0000        17.4731        -1.4731  (VIOLATED)
   u_NV_NVDLA_cmac/u_core/u_mac_3/u_tree_l0n08/n450
                             16.0000        17.4729        -1.4729  (VIOLATED)
   u_NV_NVDLA_cmac/u_core/u_mac_4/u_tree_l4n1/n214
                             16.0000        17.4728        -1.4728  (VIOLATED)
   u_NV_NVDLA_cmac/u_core/u_active/n74682
                             16.0000        17.4713        -1.4713  (VIOLATED)
   u_NV_NVDLA_cmac/u_core/u_mac_6/u_exp/exp_sum_62[0]
                             16.0000        17.4708        -1.4708  (VIOLATED)
   u_NV_NVDLA_cmac/u_core/u_mac_3/u_tree_l4n3/n235
                             16.0000        17.4699        -1.4699  (VIOLATED)
   u_NV_NVDLA_cmac/u_core/u_mac_3/u_tree_l0n08/n424
                             16.0000        17.4685        -1.4685  (VIOLATED)
   u_NV_NVDLA_cmac/u_core/u_active/n46772
                             16.0000        17.4659        -1.4659  (VIOLATED)
   u_NV_NVDLA_cmac/u_core/u_active/n6183
                             16.0000        17.4649        -1.4649  (VIOLATED)
   u_NV_NVDLA_cmac/u_core/u_mac_6/u_tree_l0n05/n387
                             16.0000        17.4645        -1.4645  (VIOLATED)
   u_NV_NVDLA_cmac/u_core/u_mac_2/pp_out_l2n3_0[19]
                             16.0000        17.4637        -1.4637  (VIOLATED)
   u_NV_NVDLA_cmac/u_core/u_mac_2/u_nan/n717
                             16.0000        17.4634        -1.4634  (VIOLATED)
   u_NV_NVDLA_cmac/u_core/u_mac_6/u_tree_l0n06/n345
                              8.0000         9.4630        -1.4630  (VIOLATED)
   u_NV_NVDLA_cmac/u_core/u_mac_0/u_nan/n377
                             16.0000        17.4614        -1.4614  (VIOLATED)
   u_NV_NVDLA_cmac/u_core/u_mac_3/pp_out_l0n09_1[16]
                             16.0000        17.4583        -1.4583  (VIOLATED)
   u_NV_NVDLA_cmac/u_core/u_mac_2/u_tree_l0n01/n262
                              8.0000         9.4577        -1.4577  (VIOLATED)
   u_NV_NVDLA_cmac/u_core/u_mac_4/sop_2[7]
                              8.0000         9.4572        -1.4572  (VIOLATED)
   u_NV_NVDLA_cmac/u_core/u_active/n38660
                             16.0000        17.4539        -1.4539  (VIOLATED)
   u_NV_NVDLA_cmac/u_core/u_mac_4/u_tree_l0n13/n377
                             16.0000        17.4535        -1.4535  (VIOLATED)
   u_NV_NVDLA_cmac/u_core/u_mac_1/u_tree_l2n2/n92
                             16.0000        17.4520        -1.4520  (VIOLATED)
   u_NV_NVDLA_cmac/u_core/u_mac_4/u_mul_9/n309
                              8.0000         9.4501        -1.4501  (VIOLATED)
   u_NV_NVDLA_cmac/u_core/u_mac_4/u_mul_21/n197
                              8.0000         9.4500        -1.4500  (VIOLATED)
   u_NV_NVDLA_cmac/u_core/u_active/n37525
                             16.0000        17.4490        -1.4490  (VIOLATED)
   u_NV_NVDLA_cmac/u_core/u_active/n21861
                             16.0000        17.4489        -1.4489  (VIOLATED)
   u_NV_NVDLA_cmac/u_core/u_mac_6/u_mul_45/n295
                              8.0000         9.4454        -1.4454  (VIOLATED)
   u_NV_NVDLA_cmac/u_core/u_mac_5/n7358
                             16.0000        17.4444        -1.4444  (VIOLATED)
   u_NV_NVDLA_cmac/u_core/u_mac_4/pp_out_l1n4_0[2]
                             16.0000        17.4443        -1.4443  (VIOLATED)
   u_NV_NVDLA_cmac/u_core/u_mac_5/add_x_1130/n1873
                              8.0000         9.4436        -1.4436  (VIOLATED)
   u_NV_NVDLA_cmac/u_core/u_mac_6/u_nan/n1918
                             16.0000        17.4402        -1.4402  (VIOLATED)
   u_NV_NVDLA_cmac/u_core/u_mac_1/n10654
                              8.0000         9.4393        -1.4393  (VIOLATED)
   u_NV_NVDLA_cmac/u_core/u_mac_7/u_tree_l0n01/n272
                              8.0000         9.4386        -1.4386  (VIOLATED)
   u_NV_NVDLA_cmac/u_core/u_mac_3/u_nan/n2974
                             16.0000        17.4375        -1.4375  (VIOLATED)
   u_NV_NVDLA_cmac/u_core/u_mac_4/pp_out_l1n4_1[15]
                             16.0000        17.4344        -1.4344  (VIOLATED)
   u_NV_NVDLA_cmac/u_core/u_mac_7/u_tree_l0n01/n322
                              8.0000         9.4311        -1.4311  (VIOLATED)
   u_NV_NVDLA_cmac/u_core/u_mac_2/sop_3[7]
                             16.0000        17.4307        -1.4307  (VIOLATED)
   u_NV_NVDLA_cmac/u_core/u_mac_1/pp_out_l0n02_1[6]
                              8.0000         9.4306        -1.4306  (VIOLATED)
   u_NV_NVDLA_cmac/u_core/u_mac_1/u_tree_l4n0/n98
                             16.0000        17.4295        -1.4295  (VIOLATED)
   u_NV_NVDLA_cmac/u_core/u_mac_0/u_nan/n3077
                             16.0000        17.4294        -1.4294  (VIOLATED)
   u_NV_NVDLA_cmac/u_core/u_mac_5/u_nan/n2385
                             16.0000        17.4264        -1.4264  (VIOLATED)
   u_NV_NVDLA_cmac/u_core/u_mac_1/u_tree_l0n09/n388
                             16.0000        17.4262        -1.4262  (VIOLATED)
   u_NV_NVDLA_cmac/u_core/u_mac_0/pp_out_l0n03_0[35]
                              8.0000         9.4254        -1.4254  (VIOLATED)
   u_NV_NVDLA_cmac/u_core/u_mac_1/add_x_1128/n1852
                              8.0000         9.4243        -1.4243  (VIOLATED)
   u_NV_NVDLA_cmac/u_core/u_mac_7/pp_out_l2n2_1[33]
                             16.0000        17.4227        -1.4227  (VIOLATED)
   u_NV_NVDLA_cmac/u_core/u_mac_4/pp_out_l1n4_0[29]
                             16.0000        17.4217        -1.4217  (VIOLATED)
   u_NV_NVDLA_cmac/u_core/u_active/n43752
                             16.0000        17.4209        -1.4209  (VIOLATED)
   u_NV_NVDLA_cmac/u_core/u_mac_0/n6775
                             16.0000        17.4192        -1.4192  (VIOLATED)
   u_NV_NVDLA_cmac/u_core/u_mac_7/pp_out_l0n09_1[33]
                             16.0000        17.4176        -1.4176  (VIOLATED)
   u_NV_NVDLA_cmac/u_core/u_mac_2/u_mul_6/n197
                              8.0000         9.4159        -1.4159  (VIOLATED)
   u_NV_NVDLA_cmac/u_core/u_mac_3/pp_out_l0n06_1[28]
                              8.0000         9.4139        -1.4139  (VIOLATED)
   u_NV_NVDLA_cmac/u_core/u_mac_0/u_nan/n1282
                             16.0000        17.4113        -1.4113  (VIOLATED)
   u_NV_NVDLA_cmac/u_core/u_active/n21887
                             16.0000        17.4102        -1.4102  (VIOLATED)
   u_NV_NVDLA_cmac/u_core/u_active/n43696
                             16.0000        17.4067        -1.4067  (VIOLATED)
   u_NV_NVDLA_cmac/u_core/u_mac_5/pp_out_l0n14_0[7]
                             16.0000        17.4043        -1.4043  (VIOLATED)
   u_NV_NVDLA_cmac/u_core/u_mac_0/pp_in_l4n3_3[17]
                             16.0000        17.4031        -1.4031  (VIOLATED)
   u_NV_NVDLA_cmac/u_core/u_mac_1/u_tree_l2n2/n94
                             16.0000        17.4017        -1.4017  (VIOLATED)
   u_NV_NVDLA_cmac/u_core/u_mac_7/u_tree_l0n01/n292
                              8.0000         9.4016        -1.4016  (VIOLATED)
   u_NV_NVDLA_cmac/u_core/u_mac_4/pp_out_l1n0_0[9]
                             16.0000        17.4006        -1.4006  (VIOLATED)
   u_NV_NVDLA_cmac/u_core/u_mac_2/pp_in_l2n7_2[0]
                             16.0000        17.4004        -1.4004  (VIOLATED)
   u_NV_NVDLA_cmac/u_core/u_mac_5/u_tree_l2n1/n131
                             16.0000        17.3999        -1.3999  (VIOLATED)
   u_NV_NVDLA_cmac/u_core/u_mac_0/pp_out_l0n02_0[17]
                             16.0000        17.3985        -1.3985  (VIOLATED)
   u_NV_NVDLA_cmac/u_core/u_mac_6/u_tree_l1n0/n57
                             16.0000        17.3980        -1.3980  (VIOLATED)
   u_NV_NVDLA_cmac/u_core/u_mac_2/u_nan/n2986
                             16.0000        17.3962        -1.3962  (VIOLATED)
   u_NV_NVDLA_cmac/u_core/u_mac_2/sop_2[9]
                             16.0000        17.3952        -1.3952  (VIOLATED)
   u_NV_NVDLA_cmac/u_core/u_mac_5/u_tree_l1n2/n56
                             16.0000        17.3949        -1.3949  (VIOLATED)
   u_NV_NVDLA_cmac/u_core/u_mac_4/u_mul_29/n96
                              8.0000         9.3944        -1.3944  (VIOLATED)
   u_NV_NVDLA_cmac/u_core/u_mac_4/pp_out_l1n4_0[6]
                             16.0000        17.3940        -1.3940  (VIOLATED)
   u_NV_NVDLA_cmac/u_core/u_mac_3/pp_out_l2n7_0[36]
                             16.0000        17.3937        -1.3937  (VIOLATED)
   u_NV_NVDLA_cmac/u_core/u_mac_3/pp_out_l2n0_1[6]
                              8.0000         9.3928        -1.3928  (VIOLATED)
   u_NV_NVDLA_cmac/u_core/u_mac_5/pp_out_l0n07_1[8]
                              8.0000         9.3917        -1.3917  (VIOLATED)
   u_NV_NVDLA_cmac/u_core/u_mac_2/pp_out_l2n6_1[29]
                              8.0000         9.3891        -1.3891  (VIOLATED)
   u_NV_NVDLA_cmac/u_core/u_active/n6624
                             16.0000        17.3890        -1.3890  (VIOLATED)
   u_NV_NVDLA_cmac/u_core/u_mac_1/u_tree_l0n08/n431
                             16.0000        17.3889        -1.3889  (VIOLATED)
   u_NV_NVDLA_cmac/u_core/u_mac_6/u_mul_33/n304
                             16.0000        17.3874        -1.3874  (VIOLATED)
   u_NV_NVDLA_cmac/u_core/u_mac_5/u_tree_l1n2/n57
                             16.0000        17.3872        -1.3872  (VIOLATED)
   u_NV_NVDLA_cmac/u_core/u_mac_5/u_tree_l1n4/n50
                             16.0000        17.3865        -1.3865  (VIOLATED)
   u_NV_NVDLA_cmac/u_core/u_mac_4/u_tree_l0n04/n252
                              8.0000         9.3836        -1.3836  (VIOLATED)
   u_NV_NVDLA_cmac/u_core/u_mac_4/pp_out_l1n6_0[9]
                             16.0000        17.3813        -1.3813  (VIOLATED)
   u_NV_NVDLA_cmac/u_core/u_mac_4/u_mul_14/n96
                              8.0000         9.3812        -1.3812  (VIOLATED)
   u_NV_NVDLA_cmac/u_core/wt0_actv_data[493]
                             16.0000        17.3807        -1.3807  (VIOLATED)
   u_NV_NVDLA_cmac/u_core/u_mac_2/pp_out_l0n00_0[35]
                             64.0000        65.3794        -1.3794  (VIOLATED)
   u_NV_NVDLA_cmac/u_core/u_mac_7/pp_in_l2n0_2[9]
                             16.0000        17.3775        -1.3775  (VIOLATED)
   u_NV_NVDLA_cmac/u_core/u_active/n34727
                             16.0000        17.3773        -1.3773  (VIOLATED)
   u_NV_NVDLA_cmac/u_core/u_mac_7/pp_in_l2n0_2[4]
                             16.0000        17.3756        -1.3756  (VIOLATED)
   u_NV_NVDLA_cmac/u_core/u_mac_1/pp_out_l2n1_0[37]
                             16.0000        17.3751        -1.3751  (VIOLATED)
   u_NV_NVDLA_cmac/u_core/u_mac_0/exp_sft_18[3]
                             16.0000        17.3751        -1.3751  (VIOLATED)
   u_NV_NVDLA_cmac/u_core/u_active/n94049
                             16.0000        17.3735        -1.3735  (VIOLATED)
   u_NV_NVDLA_cmac/u_core/u_mac_4/res_tag_b2_sum_14[0]
                             16.0000        17.3731        -1.3731  (VIOLATED)
   u_NV_NVDLA_cmac/u_core/u_mac_0/u_tree_l1n4/n50
                             16.0000        17.3724        -1.3724  (VIOLATED)
   u_NV_NVDLA_cmac/u_core/u_mac_5/pp_out_l1n0_0[5]
                             16.0000        17.3702        -1.3702  (VIOLATED)
   u_NV_NVDLA_cmac/u_core/u_active/n98340
                             16.0000        17.3689        -1.3689  (VIOLATED)
   u_NV_NVDLA_cmac/u_core/u_mac_4/u_tree_l0n04/n322
                              8.0000         9.3687        -1.3687  (VIOLATED)
   u_NV_NVDLA_cmac/u_core/u_mac_2/u_nan/n1245
                             16.0000        17.3684        -1.3684  (VIOLATED)
   u_NV_NVDLA_cmac/u_core/u_mac_6/add_x_1100/n195
                             16.0000        17.3669        -1.3669  (VIOLATED)
   u_NV_NVDLA_cmac/u_core/u_mac_0/u_nan/n1463
                             16.0000        17.3655        -1.3655  (VIOLATED)
   u_NV_NVDLA_cmac/u_core/u_mac_6/u_mul_51/n96
                              8.0000         9.3653        -1.3653  (VIOLATED)
   u_NV_NVDLA_cmac/u_core/u_active/n20200
                             16.0000        17.3643        -1.3643  (VIOLATED)
   u_NV_NVDLA_cmac/u_core/u_mac_3/u_tree_l0n05/n433
                             16.0000        17.3628        -1.3628  (VIOLATED)
   u_NV_NVDLA_cmac/u_core/u_mac_3/n3382
                              8.0000         9.3580        -1.3580  (VIOLATED)
   u_NV_NVDLA_cmac/u_core/u_mac_6/u_tree_l0n02/n441
                             16.0000        17.3573        -1.3573  (VIOLATED)
   u_NV_NVDLA_cmac/u_core/u_active/n38656
                             16.0000        17.3563        -1.3563  (VIOLATED)
   u_NV_NVDLA_cmac/u_core/u_active/n46824
                             16.0000        17.3558        -1.3558  (VIOLATED)
   u_NV_NVDLA_cmac/u_core/u_mac_1/u_tree_l0n09/n396
                             16.0000        17.3550        -1.3550  (VIOLATED)
   u_NV_NVDLA_cmac/u_core/u_mac_2/pp_out_l2n7_0[21]
                             16.0000        17.3544        -1.3544  (VIOLATED)
   u_NV_NVDLA_cmac/u_core/u_mac_4/u_nan/n2945
                             16.0000        17.3488        -1.3488  (VIOLATED)
   u_NV_NVDLA_cmac/u_core/u_mac_0/exp_sft_00[3]
                              8.0000         9.3478        -1.3478  (VIOLATED)
   u_NV_NVDLA_cmac/u_core/u_active/n98404
                             16.0000        17.3477        -1.3477  (VIOLATED)
   u_NV_NVDLA_cmac/u_core/u_mac_0/u_nan/n1376
                             16.0000        17.3461        -1.3461  (VIOLATED)
   u_NV_NVDLA_cmac/u_core/u_mac_1/u_tree_l0n12/n395
                             16.0000        17.3450        -1.3450  (VIOLATED)
   u_NV_NVDLA_cmac/u_core/u_mac_3/pp_out_l2n4_1[14]
                             16.0000        17.3422        -1.3422  (VIOLATED)
   u_NV_NVDLA_cmac/u_core/u_active/n22084
                             16.0000        17.3420        -1.3420  (VIOLATED)
   u_NV_NVDLA_cmac/u_core/wt0_actv_data[272]
                             16.0000        17.3419        -1.3419  (VIOLATED)
   u_NV_NVDLA_cmac/u_core/u_mac_4/n3893
                             16.0000        17.3399        -1.3399  (VIOLATED)
   u_NV_NVDLA_cmac/u_core/u_mac_2/u_mul_32/n315
                             16.0000        17.3395        -1.3395  (VIOLATED)
   u_NV_NVDLA_cmac/u_core/u_mac_5/pp_out_l1n0_1[4]
                             16.0000        17.3382        -1.3382  (VIOLATED)
   u_NV_NVDLA_cmac/u_core/u_active/n37445
                             16.0000        17.3381        -1.3381  (VIOLATED)
   u_NV_NVDLA_cmac/u_core/u_active/n38666
                             16.0000        17.3372        -1.3372  (VIOLATED)
   u_NV_NVDLA_cmac/u_core/u_mac_5/u_tree_l2n4/n88
                             16.0000        17.3345        -1.3345  (VIOLATED)
   u_NV_NVDLA_cmac/u_core/u_mac_2/u_mul_54/n302
                             16.0000        17.3341        -1.3341  (VIOLATED)
   u_NV_NVDLA_cmac/u_core/u_mac_0/u_nan/n743
                             16.0000        17.3330        -1.3330  (VIOLATED)
   u_NV_NVDLA_cmac/u_core/u_mac_4/pp_out_l2n7_0[9]
                             16.0000        17.3328        -1.3328  (VIOLATED)
   u_NV_NVDLA_cmac/u_core/u_active/n100576
                             16.0000        17.3300        -1.3300  (VIOLATED)
   u_NV_NVDLA_cmac/u_core/u_mac_3/n3345
                              8.0000         9.3294        -1.3294  (VIOLATED)
   u_NV_NVDLA_cmac/u_core/u_mac_0/u_mul_10/n225
                             32.0000        33.3284        -1.3284  (VIOLATED)
   u_NV_NVDLA_cmac/u_core/u_mac_7/u_tree_l4n0/n327
                              8.0000         9.3280        -1.3280  (VIOLATED)
   u_NV_NVDLA_cmac/u_core/u_mac_2/pp_out_l0n00_0[29]
                             64.0000        65.3261        -1.3261  (VIOLATED)
   u_NV_NVDLA_cmac/u_core/u_mac_4/u_nan/n2918
                             16.0000        17.3250        -1.3250  (VIOLATED)
   u_NV_NVDLA_cmac/u_core/u_mac_1/pp_in_l1n0_2[22]
                             16.0000        17.3225        -1.3225  (VIOLATED)
   u_NV_NVDLA_cmac/u_core/u_mac_4/n4893
                              8.0000         9.3220        -1.3220  (VIOLATED)
   u_NV_NVDLA_cmac/u_core/u_mac_5/u_mul_18/n297
                              8.0000         9.3208        -1.3208  (VIOLATED)
   u_NV_NVDLA_cmac/u_core/u_mac_6/u_mul_45/n300
                              8.0000         9.3208        -1.3208  (VIOLATED)
   u_NV_NVDLA_cmac/u_core/u_mac_2/u_nan/n2915
                             16.0000        17.3179        -1.3179  (VIOLATED)
   u_NV_NVDLA_cmac/u_core/u_mac_3/u_tree_l0n08/n447
                             16.0000        17.3179        -1.3179  (VIOLATED)
   u_NV_NVDLA_cmac/u_core/u_mac_5/pp_out_l0n02_1[13]
                              8.0000         9.3153        -1.3153  (VIOLATED)
   u_NV_NVDLA_cmac/u_core/u_mac_1/u_mul_41/n301
                              8.0000         9.3152        -1.3152  (VIOLATED)
   u_NV_NVDLA_cmac/u_core/u_mac_0/pp_out_l2n6_1[7]
                             16.0000        17.3145        -1.3145  (VIOLATED)
   u_NV_NVDLA_cmac/u_core/u_mac_4/pp_out_l2n1_0[40]
                              8.0000         9.3144        -1.3144  (VIOLATED)
   u_NV_NVDLA_cmac/u_core/u_mac_7/ps_n0b4_dc[6]
                              8.0000         9.3130        -1.3130  (VIOLATED)
   u_NV_NVDLA_cmac/u_core/u_active/n43732
                             16.0000        17.3106        -1.3106  (VIOLATED)
   u_NV_NVDLA_cmac/u_core/u_mac_4/u_tree_l4n1/n220
                             16.0000        17.3099        -1.3099  (VIOLATED)
   u_NV_NVDLA_cmac/u_core/u_mac_7/pp_out_l2n2_1[34]
                             16.0000        17.3093        -1.3093  (VIOLATED)
   u_NV_NVDLA_cmac/u_core/u_mac_4/pp_out_l1n4_1[28]
                             16.0000        17.3078        -1.3078  (VIOLATED)
   u_NV_NVDLA_cmac/u_core/u_mac_3/u_tree_l0n12/n419
                             16.0000        17.3062        -1.3062  (VIOLATED)
   u_NV_NVDLA_cmac/u_core/u_mac_6/u_tree_l1n0/n52
                             16.0000        17.3027        -1.3027  (VIOLATED)
   u_NV_NVDLA_cmac/u_core/wt5_actv_data[237]
                             16.0000        17.3006        -1.3006  (VIOLATED)
   u_NV_NVDLA_cmac/u_core/u_active/n43736
                             16.0000        17.3005        -1.3005  (VIOLATED)
   u_NV_NVDLA_cmac/u_core/u_active/n101368
                             16.0000        17.2996        -1.2996  (VIOLATED)
   u_NV_NVDLA_cmac/u_core/u_mac_4/u_tree_l0n04/n202
                              8.0000         9.2995        -1.2995  (VIOLATED)
   u_NV_NVDLA_cmac/u_core/u_mac_2/u_mul_13/n302
                              8.0000         9.2976        -1.2976  (VIOLATED)
   u_NV_NVDLA_cmac/u_core/u_active/n37549
                             16.0000        17.2953        -1.2953  (VIOLATED)
   u_NV_NVDLA_cmac/u_core/u_mac_1/ps_n0b4_dc[6]
                              8.0000         9.2945        -1.2945  (VIOLATED)
   u_NV_NVDLA_cmac/u_core/u_mac_4/u_tree_l0n04/n282
                              8.0000         9.2944        -1.2944  (VIOLATED)
   u_NV_NVDLA_cmac/u_core/u_mac_4/u_exp/n4648
                              8.0000         9.2937        -1.2937  (VIOLATED)
   u_NV_NVDLA_cmac/u_core/u_mac_1/pp_out_l2n1_1[4]
                              8.0000         9.2934        -1.2934  (VIOLATED)
   u_NV_NVDLA_cmac/u_core/u_active/n7433
                             16.0000        17.2872        -1.2872  (VIOLATED)
   u_NV_NVDLA_cmac/u_core/u_mac_6/u_nan/n2774
                             16.0000        17.2853        -1.2853  (VIOLATED)
   u_NV_NVDLA_cmac/u_core/u_mac_6/n8875
                              8.0000         9.2844        -1.2844  (VIOLATED)
   u_NV_NVDLA_cmac/u_core/u_mac_4/pp_out_l2n3_0[15]
                             16.0000        17.2814        -1.2814  (VIOLATED)
   u_NV_NVDLA_cmac/u_core/u_mac_7/pp_in_l2n0_2[10]
                             16.0000        17.2811        -1.2811  (VIOLATED)
   u_NV_NVDLA_cmac/u_core/u_mac_0/pp_out_l0n01_0[26]
                             16.0000        17.2781        -1.2781  (VIOLATED)
   u_NV_NVDLA_cmac/u_core/u_mac_1/u_tree_l4n0/n254
                             16.0000        17.2775        -1.2775  (VIOLATED)
   u_NV_NVDLA_cmac/u_core/u_mac_1/pp_in_l1n0_2[21]
                             16.0000        17.2766        -1.2766  (VIOLATED)
   u_NV_NVDLA_cmac/u_core/u_mac_6/pp_out_l0n08_1[13]
                             16.0000        17.2765        -1.2765  (VIOLATED)
   u_NV_NVDLA_cmac/u_core/u_active/n96679
                             16.0000        17.2712        -1.2712  (VIOLATED)
   u_NV_NVDLA_cmac/u_core/u_mac_3/pp_out_l2n4_0[26]
                             16.0000        17.2703        -1.2703  (VIOLATED)
   u_NV_NVDLA_cmac/u_core/u_mac_1/pp_out_l0n12_0_d1[23]
                             16.0000        17.2691        -1.2691  (VIOLATED)
   u_NV_NVDLA_cmac/u_core/u_mac_3/u_tree_l0n05/n426
                             16.0000        17.2688        -1.2688  (VIOLATED)
   u_NV_NVDLA_cmac/u_core/wt3_actv_data[693]
                             16.0000        17.2665        -1.2665  (VIOLATED)
   u_NV_NVDLA_cmac/u_core/u_mac_3/u_exp/n4486
                              8.0000         9.2639        -1.2639  (VIOLATED)
   u_NV_NVDLA_cmac/u_core/u_active/n22080
                             16.0000        17.2636        -1.2636  (VIOLATED)
   u_NV_NVDLA_cmac/u_core/u_mac_0/u_nan/n601
                             16.0000        17.2595        -1.2595  (VIOLATED)
   u_NV_NVDLA_cmac/u_core/u_mac_0/u_tree_l1n2/n66
                             16.0000        17.2526        -1.2526  (VIOLATED)
   u_NV_NVDLA_cmac/u_core/u_mac_2/sop_3[10]
                             16.0000        17.2514        -1.2514  (VIOLATED)
   u_NV_NVDLA_cmac/u_core/u_mac_1/u_tree_l0n01/n463
                             16.0000        17.2512        -1.2512  (VIOLATED)
   u_NV_NVDLA_cmac/u_core/u_mac_4/pp_out_l1n4_0[30]
                             16.0000        17.2502        -1.2502  (VIOLATED)
   u_NV_NVDLA_cmac/u_core/u_mac_4/pp_out_l2n3_0[9]
                             16.0000        17.2500        -1.2500  (VIOLATED)
   u_NV_NVDLA_cmac/u_core/u_mac_3/u_tree_l0n08/n391
                             16.0000        17.2492        -1.2492  (VIOLATED)
   u_NV_NVDLA_cmac/u_core/u_mac_1/ps_n0b2_dc[5]
                             16.0000        17.2489        -1.2489  (VIOLATED)
   u_NV_NVDLA_cmac/u_core/u_mac_1/pp_out_l2n7_1[13]
                             16.0000        17.2482        -1.2482  (VIOLATED)
   u_NV_NVDLA_cmac/u_core/u_active/n46764
                             16.0000        17.2481        -1.2481  (VIOLATED)
   u_NV_NVDLA_cmac/u_core/u_mac_4/u_nan/n2961
                              8.0000         9.2480        -1.2480  (VIOLATED)
   u_NV_NVDLA_cmac/u_core/u_mac_1/add_x_1128/n1854
                              8.0000         9.2465        -1.2465  (VIOLATED)
   u_NV_NVDLA_cmac/u_core/wt5_actv_data[802]
                             16.0000        17.2464        -1.2464  (VIOLATED)
   u_NV_NVDLA_cmac/u_core/u_mac_5/pp_in_l2n4_0[17]
                             32.0000        33.2461        -1.2461  (VIOLATED)
   u_NV_NVDLA_cmac/u_core/u_mac_6/pp_out_l0n08_1[12]
                             16.0000        17.2455        -1.2455  (VIOLATED)
   u_NV_NVDLA_cmac/u_core/wt2_actv_data[669]
                             16.0000        17.2449        -1.2449  (VIOLATED)
   u_NV_NVDLA_cmac/u_core/u_mac_1/pp_out_l2n3_1[14]
                             16.0000        17.2430        -1.2430  (VIOLATED)
   u_NV_NVDLA_cmac/u_core/u_mac_3/u_nan/n2966
                             16.0000        17.2412        -1.2412  (VIOLATED)
   u_NV_NVDLA_cmac/u_core/u_mac_2/u_nan/n2926
                             16.0000        17.2392        -1.2392  (VIOLATED)
   u_NV_NVDLA_cmac/u_core/u_mac_4/pp_out_l1n6_1[9]
                             16.0000        17.2378        -1.2378  (VIOLATED)
   u_NV_NVDLA_cmac/u_core/u_mac_1/exp_sft_56[3]
                             16.0000        17.2374        -1.2374  (VIOLATED)
   u_NV_NVDLA_cmac/u_core/u_mac_0/u_exp/n2481
                             16.0000        17.2357        -1.2357  (VIOLATED)
   u_NV_NVDLA_cmac/u_core/u_mac_4/u_nan/n2959
                              8.0000         9.2338        -1.2338  (VIOLATED)
   u_NV_NVDLA_cmac/u_core/u_mac_2/pp_out_l0n02_1[35]
                              8.0000         9.2335        -1.2335  (VIOLATED)
   u_NV_NVDLA_cmac/u_core/u_mac_4/pp_out_l2n7_1[23]
                             16.0000        17.2326        -1.2326  (VIOLATED)
   u_NV_NVDLA_cmac/u_core/u_mac_3/pp_out_l2n5_0[34]
                             16.0000        17.2306        -1.2306  (VIOLATED)
   u_NV_NVDLA_cmac/u_core/u_mac_4/u_mul_20/n96
                              8.0000         9.2305        -1.2305  (VIOLATED)
   u_NV_NVDLA_cmac/u_core/u_mac_6/n3661
                              8.0000         9.2286        -1.2286  (VIOLATED)
   u_NV_NVDLA_cmac/u_core/u_mac_5/ps_n0b7_wg[5]
                             16.0000        17.2284        -1.2284  (VIOLATED)
   u_NV_NVDLA_cmac/u_core/u_mac_1/pp_in_l1n0_2[28]
                             16.0000        17.2279        -1.2279  (VIOLATED)
   u_NV_NVDLA_cmac/u_core/wt1_actv_data[274]
                             16.0000        17.2262        -1.2262  (VIOLATED)
   u_NV_NVDLA_cmac/u_core/u_mac_6/pp_out_l0n08_1[16]
                             16.0000        17.2257        -1.2257  (VIOLATED)
   u_NV_NVDLA_cmac/u_core/u_mac_3/u_exp/n4748
                              8.0000         9.2241        -1.2241  (VIOLATED)
   u_NV_NVDLA_cmac/u_core/u_mac_4/pp_out_l1n4_1[29]
                             16.0000        17.2239        -1.2239  (VIOLATED)
   u_NV_NVDLA_cmac/u_core/u_mac_6/pp_out_l2n3_0[2]
                             16.0000        17.2224        -1.2224  (VIOLATED)
   u_NV_NVDLA_cmac/u_core/u_mac_5/pp_out_l1n0_1[5]
                             16.0000        17.2214        -1.2214  (VIOLATED)
   u_NV_NVDLA_cmac/u_core/u_mac_4/n2643
                             32.0000        33.2205        -1.2205  (VIOLATED)
   u_NV_NVDLA_cmac/u_core/u_mac_5/u_tree_l4n2/n273
                             16.0000        17.2205        -1.2205  (VIOLATED)
   u_NV_NVDLA_cmac/u_core/u_mac_2/u_mul_43/n293
                              8.0000         9.2202        -1.2202  (VIOLATED)
   u_NV_NVDLA_cmac/u_core/u_active/n18450
                              8.0000         9.2187        -1.2187  (VIOLATED)
   u_NV_NVDLA_cmac/u_core/u_mac_3/u_nan/n3070
                              8.0000         9.2178        -1.2178  (VIOLATED)
   u_NV_NVDLA_cmac/u_core/u_mac_2/u_nan/n2934
                              8.0000         9.2170        -1.2170  (VIOLATED)
   u_NV_NVDLA_cmac/u_core/u_mac_5/u_tree_l1n2/n58
                             16.0000        17.2137        -1.2137  (VIOLATED)
   u_NV_NVDLA_cmac/u_core/u_mac_3/u_tree_l0n08/n420
                             16.0000        17.2121        -1.2121  (VIOLATED)
   u_NV_NVDLA_cmac/u_core/u_mac_5/u_tree_l0n13/n455
                             16.0000        17.2119        -1.2119  (VIOLATED)
   u_NV_NVDLA_cmac/u_core/u_active/n101301
                             16.0000        17.2102        -1.2102  (VIOLATED)
   u_NV_NVDLA_cmac/u_core/u_mac_4/pp_out_l2n5_0[31]
                             16.0000        17.2093        -1.2093  (VIOLATED)
   u_NV_NVDLA_cmac/u_core/wt0_actv_data[819]
                             16.0000        17.2084        -1.2084  (VIOLATED)
   u_NV_NVDLA_cmac/u_core/u_mac_3/pp_out_l2n7_0[35]
                             16.0000        17.2076        -1.2076  (VIOLATED)
   u_NV_NVDLA_cmac/u_core/u_mac_2/u_nan/n2913
                             16.0000        17.2047        -1.2047  (VIOLATED)
   u_NV_NVDLA_cmac/u_core/u_mac_6/pp_out_l0n13_1[22]
                             16.0000        17.2029        -1.2029  (VIOLATED)
   u_NV_NVDLA_cmac/u_core/u_mac_3/u_nan/n3074
                              8.0000         9.2027        -1.2027  (VIOLATED)
   u_NV_NVDLA_cmac/u_core/u_mac_1/u_tree_l2n2/n113
                             16.0000        17.2022        -1.2022  (VIOLATED)
   u_NV_NVDLA_cmac/u_core/u_active/n26425
                              8.0000         9.2014        -1.2014  (VIOLATED)
   u_NV_NVDLA_cmac/u_core/u_active/n46816
                             16.0000        17.2003        -1.2003  (VIOLATED)
   u_NV_NVDLA_cmac/u_core/u_mac_4/pp_out_l2n7_0[7]
                             16.0000        17.1993        -1.1993  (VIOLATED)
   u_NV_NVDLA_cmac/u_core/u_mac_6/res_tag_56[3]
                             16.0000        17.1990        -1.1990  (VIOLATED)
   u_NV_NVDLA_cmac/u_core/u_mac_3/u_tree_l0n08/n406
                             16.0000        17.1979        -1.1979  (VIOLATED)
   u_NV_NVDLA_cmac/u_core/u_mac_6/u_mul_44/n297
                              8.0000         9.1976        -1.1976  (VIOLATED)
   u_NV_NVDLA_cmac/u_core/u_mac_5/pp_out_l1n0_0[12]
                             16.0000        17.1974        -1.1974  (VIOLATED)
   u_NV_NVDLA_cmac/u_core/u_mac_2/u_tree_l0n01/n424
                             16.0000        17.1968        -1.1968  (VIOLATED)
   u_NV_NVDLA_cmac/u_core/u_mac_2/pp_out_l0n02_1[33]
                              8.0000         9.1960        -1.1960  (VIOLATED)
   u_NV_NVDLA_cmac/u_core/u_active/n98338
                             16.0000        17.1956        -1.1956  (VIOLATED)
   u_NV_NVDLA_cmac/u_core/u_mac_3/u_tree_l0n08/n396
                             16.0000        17.1935        -1.1935  (VIOLATED)
   u_NV_NVDLA_cmac/u_core/u_mac_1/pp_in_l1n2_3[30]
                             16.0000        17.1931        -1.1931  (VIOLATED)
   u_NV_NVDLA_cmac/u_core/u_mac_1/pp_in_l1n2_3[23]
                             16.0000        17.1907        -1.1907  (VIOLATED)
   u_NV_NVDLA_cmac/u_core/wt0_actv_data[434]
                             16.0000        17.1899        -1.1899  (VIOLATED)
   u_NV_NVDLA_cmac/u_core/u_mac_4/pp_out_l2n7_0[8]
                             16.0000        17.1880        -1.1880  (VIOLATED)
   u_NV_NVDLA_cmac/u_core/u_active/n25009
                             16.0000        17.1798        -1.1798  (VIOLATED)
   u_NV_NVDLA_cmac/u_core/u_mac_5/n9703
                              8.0000         9.1798        -1.1798  (VIOLATED)
   u_NV_NVDLA_cmac/u_core/u_mac_0/n6986
                             16.0000        17.1760        -1.1760  (VIOLATED)
   u_NV_NVDLA_cmac/u_core/u_mac_7/u_tree_l0n01/n407
                             16.0000        17.1752        -1.1752  (VIOLATED)
   u_NV_NVDLA_cmac/u_core/wt0_actv_data[237]
                             16.0000        17.1719        -1.1719  (VIOLATED)
   u_NV_NVDLA_cmac/u_core/u_mac_5/add_x_1124/n188
                             16.0000        17.1709        -1.1709  (VIOLATED)
   u_NV_NVDLA_cmac/u_core/u_mac_0/pp_out_l0n02_0[16]
                             16.0000        17.1707        -1.1707  (VIOLATED)
   u_NV_NVDLA_cmac/u_core/u_active/n44948
                             16.0000        17.1695        -1.1695  (VIOLATED)
   u_NV_NVDLA_cmac/u_core/u_mac_1/u_tree_l2n2/n106
                             16.0000        17.1694        -1.1694  (VIOLATED)
   u_NV_NVDLA_cmac/u_core/u_mac_2/u_nan/n1065
                             16.0000        17.1682        -1.1682  (VIOLATED)
   u_NV_NVDLA_cmac/u_core/u_active/n46804
                             16.0000        17.1681        -1.1681  (VIOLATED)
   u_NV_NVDLA_cmac/u_core/u_mac_1/u_mul_60/n96
                              8.0000         9.1660        -1.1660  (VIOLATED)
   u_NV_NVDLA_cmac/u_core/u_mac_4/pp_out_l2n7_1[4]
                             16.0000        17.1624        -1.1624  (VIOLATED)
   u_NV_NVDLA_cmac/u_core/u_mac_1/u_mul_41/n309
                              8.0000         9.1619        -1.1619  (VIOLATED)
   u_NV_NVDLA_cmac/u_core/u_mac_4/n9023
                              8.0000         9.1616        -1.1616  (VIOLATED)
   u_NV_NVDLA_cmac/u_core/wt0_actv_data[433]
                             16.0000        17.1612        -1.1612  (VIOLATED)
   u_NV_NVDLA_cmac/u_core/wt3_actv_data[676]
                             16.0000        17.1602        -1.1602  (VIOLATED)
   u_NV_NVDLA_cmac/u_core/u_mac_5/u_exp/exp_sum_62[3]
                             16.0000        17.1571        -1.1571  (VIOLATED)
   u_NV_NVDLA_cmac/u_core/u_mac_3/u_nan/n2958
                             16.0000        17.1555        -1.1555  (VIOLATED)
   u_NV_NVDLA_cmac/u_core/u_mac_6/u_tree_l2n3/n89
                             16.0000        17.1533        -1.1533  (VIOLATED)
   u_NV_NVDLA_cmac/u_core/u_active/n20196
                             16.0000        17.1530        -1.1530  (VIOLATED)
   u_NV_NVDLA_cmac/u_core/u_mac_4/pp_out_l1n4_0[27]
                             16.0000        17.1521        -1.1521  (VIOLATED)
   u_NV_NVDLA_cmac/u_core/u_active/n34680
                             16.0000        17.1519        -1.1519  (VIOLATED)
   u_NV_NVDLA_cmac/u_core/u_mac_4/pp_out_l2n4_0[39]
                             16.0000        17.1510        -1.1510  (VIOLATED)
   u_NV_NVDLA_cmac/u_core/u_mac_6/add_x_1092/n230
                             16.0000        17.1467        -1.1467  (VIOLATED)
   u_NV_NVDLA_cmac/u_core/u_mac_6/pp_out_l0n12_0_d1[34]
                             16.0000        17.1462        -1.1462  (VIOLATED)
   u_NV_NVDLA_cmac/u_core/u_active/n24799
                             16.0000        17.1462        -1.1462  (VIOLATED)
   u_NV_NVDLA_cmac/u_core/u_active/n5905
                             16.0000        17.1437        -1.1437  (VIOLATED)
   u_NV_NVDLA_cmac/u_core/u_mac_2/pp_out_l2n5_1[24]
                              8.0000         9.1431        -1.1431  (VIOLATED)
   u_NV_NVDLA_cmac/u_core/u_mac_5/u_tree_l4n2/n96
                             16.0000        17.1403        -1.1403  (VIOLATED)
   u_NV_NVDLA_cmac/u_core/u_mac_6/pp_out_l0n00_0_d1[26]
                             16.0000        17.1392        -1.1392  (VIOLATED)
   u_NV_NVDLA_cmac/u_core/u_mac_0/res_tag_13[3]
                             16.0000        17.1382        -1.1382  (VIOLATED)
   u_NV_NVDLA_cmac/u_core/u_mac_4/u_tree_l4n2/n214
                             16.0000        17.1371        -1.1371  (VIOLATED)
   u_NV_NVDLA_cmac/u_core/u_mac_1/u_tree_l0n01/n478
                             16.0000        17.1347        -1.1347  (VIOLATED)
   u_NV_NVDLA_cmac/u_core/u_active/n37443
                             16.0000        17.1345        -1.1345  (VIOLATED)
   u_NV_NVDLA_cmac/u_core/u_mac_2/u_mul_43/n295
                             16.0000        17.1334        -1.1334  (VIOLATED)
   u_NV_NVDLA_cmac/u_core/u_active/n84556
                             16.0000        17.1331        -1.1331  (VIOLATED)
   u_NV_NVDLA_cmac/u_core/u_mac_3/u_mul_55/n225
                             32.0000        33.1326        -1.1326  (VIOLATED)
   u_NV_NVDLA_cmac/u_core/u_mac_5/u_tree_l2n1/n126
                             16.0000        17.1311        -1.1311  (VIOLATED)
   u_NV_NVDLA_cmac/u_core/u_active/n100589
                             16.0000        17.1281        -1.1281  (VIOLATED)
   u_NV_NVDLA_cmac/u_core/u_mac_5/u_tree_l0n11/n361
                             16.0000        17.1278        -1.1278  (VIOLATED)
   u_NV_NVDLA_cmac/u_core/u_mac_7/pp_out_l2n2_0[33]
                             16.0000        17.1268        -1.1268  (VIOLATED)
   u_NV_NVDLA_cmac/u_core/u_active/n43740
                             16.0000        17.1262        -1.1262  (VIOLATED)
   u_NV_NVDLA_cmac/u_core/u_mac_6/u_mul_51/n299
                             32.0000        33.1257        -1.1257  (VIOLATED)
   u_NV_NVDLA_cmac/u_core/u_mac_5/u_tree_l1n2/n66
                             16.0000        17.1251        -1.1251  (VIOLATED)
   u_NV_NVDLA_cmac/u_core/wt0_actv_data[448]
                             16.0000        17.1248        -1.1248  (VIOLATED)
   u_NV_NVDLA_cmac/u_core/u_active/n35772
                             16.0000        17.1245        -1.1245  (VIOLATED)
   u_NV_NVDLA_cmac/u_core/u_active/wt6_sd_nan[8]
                             16.0000        17.1232        -1.1232  (VIOLATED)
   u_NV_NVDLA_cmac/u_core/u_mac_3/pp_out_l0n08_0[0]
                             16.0000        17.1230        -1.1230  (VIOLATED)
   u_NV_NVDLA_cmac/u_core/u_mac_5/pp_out_l0n02_1[11]
                              8.0000         9.1224        -1.1224  (VIOLATED)
   u_NV_NVDLA_cmac/u_core/u_mac_1/add_x_857/n230
                             16.0000        17.1223        -1.1223  (VIOLATED)
   u_NV_NVDLA_cmac/u_core/u_mac_3/u_tree_l0n08/n449
                             16.0000        17.1222        -1.1222  (VIOLATED)
   u_NV_NVDLA_cmac/u_core/u_mac_6/u_nan/n2889
                             16.0000        17.1221        -1.1221  (VIOLATED)
   u_NV_NVDLA_cmac/u_core/u_active/n24798
                             16.0000        17.1177        -1.1177  (VIOLATED)
   u_NV_NVDLA_cmac/u_core/u_mac_7/pp_out_l2n6_0[39]
                             16.0000        17.1149        -1.1149  (VIOLATED)
   u_NV_NVDLA_cmac/u_core/u_mac_5/u_tree_l1n4/n47
                             16.0000        17.1130        -1.1130  (VIOLATED)
   u_NV_NVDLA_cmac/u_core/u_mac_4/pp_out_l1n4_1[17]
                             16.0000        17.1129        -1.1129  (VIOLATED)
   u_NV_NVDLA_cmac/u_core/u_mac_3/u_nan/n3094
                              8.0000         9.1125        -1.1125  (VIOLATED)
   u_NV_NVDLA_cmac/u_core/u_mac_4/pp_out_l2n7_1[9]
                             16.0000        17.1087        -1.1087  (VIOLATED)
   u_NV_NVDLA_cmac/u_core/u_mac_5/u_tree_l1n4/n51
                             16.0000        17.1070        -1.1070  (VIOLATED)
   u_NV_NVDLA_cmac/u_core/u_mac_7/pp_in_l2n0_2[8]
                             16.0000        17.1052        -1.1052  (VIOLATED)
   u_NV_NVDLA_cmac/u_core/u_mac_1/pp_out_l2n7_1[16]
                             16.0000        17.1048        -1.1048  (VIOLATED)
   u_NV_NVDLA_cmac/u_core/u_mac_6/u_tree_l2n3/n91
                             16.0000        17.1017        -1.1017  (VIOLATED)
   u_NV_NVDLA_cmac/u_core/u_mac_6/u_tree_l2n3/n87
                             16.0000        17.0997        -1.0997  (VIOLATED)
   u_NV_NVDLA_cmac/u_core/u_mac_3/u_tree_l0n08/n435
                             16.0000        17.0990        -1.0990  (VIOLATED)
   u_NV_NVDLA_cmac/u_core/u_mac_1/pp_in_l1n2_3[31]
                             16.0000        17.0977        -1.0977  (VIOLATED)
   u_NV_NVDLA_cmac/u_core/u_active/n46776
                             16.0000        17.0965        -1.0965  (VIOLATED)
   u_NV_NVDLA_cmac/u_core/u_mac_3/pp_out_l2n5_1[13]
                             16.0000        17.0953        -1.0953  (VIOLATED)
   u_NV_NVDLA_cmac/u_core/u_active/n7431
                             16.0000        17.0950        -1.0950  (VIOLATED)
   u_NV_NVDLA_cmac/u_core/u_mac_0/u_nan/n1321
                             16.0000        17.0940        -1.0940  (VIOLATED)
   u_NV_NVDLA_cmac/u_core/u_mac_1/u_tree_l0n12/n390
                             16.0000        17.0940        -1.0940  (VIOLATED)
   u_NV_NVDLA_cmac/u_core/u_active/n43700
                             16.0000        17.0937        -1.0937  (VIOLATED)
   u_NV_NVDLA_cmac/u_core/u_mac_3/pp_out_l0n09_1[17]
                             16.0000        17.0930        -1.0930  (VIOLATED)
   u_NV_NVDLA_cmac/u_core/u_mac_1/n8320
                             32.0000        33.0927        -1.0927  (VIOLATED)
   u_NV_NVDLA_cmac/u_core/u_mac_7/u_mul_59/n303
                             16.0000        17.0919        -1.0919  (VIOLATED)
   u_NV_NVDLA_cmac/u_core/u_mac_0/u_nan/n84
                              8.0000         9.0909        -1.0909  (VIOLATED)
   u_NV_NVDLA_cmac/u_core/u_mac_4/u_tree_l0n13/n368
                             16.0000        17.0907        -1.0907  (VIOLATED)
   u_NV_NVDLA_cmac/u_core/u_mac_4/u_tree_l0n13/n312
                              8.0000         9.0906        -1.0906  (VIOLATED)
   u_NV_NVDLA_cmac/u_core/u_active/n95214
                             16.0000        17.0901        -1.0901  (VIOLATED)
   u_NV_NVDLA_cmac/u_core/u_mac_6/ps_n0b7_dc[6]
                             16.0000        17.0897        -1.0897  (VIOLATED)
   u_NV_NVDLA_cmac/u_core/u_mac_7/pp_in_l2n0_3[4]
                             16.0000        17.0860        -1.0860  (VIOLATED)
   u_NV_NVDLA_cmac/u_core/u_active/n35778
                             16.0000        17.0849        -1.0849  (VIOLATED)
   u_NV_NVDLA_cmac/u_core/u_active/n46780
                             16.0000        17.0844        -1.0844  (VIOLATED)
   u_NV_NVDLA_cmac/u_core/u_active/n84535
                             16.0000        17.0834        -1.0834  (VIOLATED)
   u_NV_NVDLA_cmac/u_core/u_active/n98055
                             16.0000        17.0833        -1.0833  (VIOLATED)
   u_NV_NVDLA_cmac/u_core/u_mac_0/u_tree_l0n06/n341
                             16.0000        17.0831        -1.0831  (VIOLATED)
   u_NV_NVDLA_cmac/u_core/u_mac_1/u_tree_l2n2/n114
                             16.0000        17.0821        -1.0821  (VIOLATED)
   u_NV_NVDLA_cmac/u_core/u_mac_3/u_tree_l0n08/n398
                             16.0000        17.0818        -1.0818  (VIOLATED)
   u_NV_NVDLA_cmac/u_core/u_active/n21877
                             16.0000        17.0817        -1.0817  (VIOLATED)
   u_NV_NVDLA_cmac/u_core/u_active/n96596
                             16.0000        17.0802        -1.0802  (VIOLATED)
   u_NV_NVDLA_cmac/u_core/u_mac_3/pp_out_l0n06_1[16]
                              8.0000         9.0800        -1.0800  (VIOLATED)
   u_NV_NVDLA_cmac/u_core/u_mac_3/u_nan/n3073
                              8.0000         9.0783        -1.0783  (VIOLATED)
   u_NV_NVDLA_cmac/u_core/u_mac_1/pp_in_l1n0_2[29]
                             16.0000        17.0764        -1.0764  (VIOLATED)
   u_NV_NVDLA_cmac/u_core/u_mac_0/pp_out_l0n09_0[19]
                             16.0000        17.0760        -1.0760  (VIOLATED)
   u_NV_NVDLA_cmac/u_core/u_mac_7/pp_out_l0n12_1[7]
                              8.0000         9.0752        -1.0752  (VIOLATED)
   u_NV_NVDLA_cmac/u_core/u_mac_0/n8718
                              8.0000         9.0751        -1.0751  (VIOLATED)
   u_NV_NVDLA_cmac/u_core/u_mac_6/pp_out_l0n08_1[11]
                             16.0000        17.0745        -1.0745  (VIOLATED)
   u_NV_NVDLA_cmac/u_core/u_active/n37451
                             16.0000        17.0725        -1.0725  (VIOLATED)
   u_NV_NVDLA_cmac/u_core/u_active/n46808
                             16.0000        17.0722        -1.0722  (VIOLATED)
   u_NV_NVDLA_cmac/u_core/u_mac_5/add_x_1108/n189
                             16.0000        17.0721        -1.0721  (VIOLATED)
   u_NV_NVDLA_cmac/u_core/u_mac_4/u_exp/n4483
                             32.0000        33.0717        -1.0717  (VIOLATED)
   u_NV_NVDLA_cmac/u_core/u_mac_5/u_tree_l4n2/n208
                             16.0000        17.0710        -1.0710  (VIOLATED)
   u_NV_NVDLA_cmac/u_core/u_mac_1/u_tree_l0n09/n349
                             16.0000        17.0706        -1.0706  (VIOLATED)
   u_NV_NVDLA_cmac/u_core/u_mac_6/res_tag_39[3]
                             16.0000        17.0689        -1.0689  (VIOLATED)
   u_NV_NVDLA_cmac/u_core/u_active/n46812
                             16.0000        17.0661        -1.0661  (VIOLATED)
   u_NV_NVDLA_cmac/u_core/u_mac_1/add_x_1130/n1870
                              8.0000         9.0635        -1.0635  (VIOLATED)
   u_NV_NVDLA_cmac/u_core/u_mac_4/pp_out_l1n4_1[3]
                             16.0000        17.0635        -1.0635  (VIOLATED)
   u_NV_NVDLA_cmac/u_core/u_active/n24781
                             16.0000        17.0630        -1.0630  (VIOLATED)
   u_NV_NVDLA_cmac/u_core/wt3_actv_data[677]
                             16.0000        17.0621        -1.0621  (VIOLATED)
   u_NV_NVDLA_cmac/u_core/u_mac_1/pp_in_l1n0_2[25]
                             16.0000        17.0606        -1.0606  (VIOLATED)
   u_NV_NVDLA_cmac/u_core/u_mac_4/u_nan/n2924
                             16.0000        17.0599        -1.0599  (VIOLATED)
   u_NV_NVDLA_cmac/u_core/u_mac_0/u_nan/n2160
                             16.0000        17.0597        -1.0597  (VIOLATED)
   u_NV_NVDLA_cmac/u_core/u_mac_5/u_tree_l2n1/n130
                             16.0000        17.0595        -1.0595  (VIOLATED)
   u_NV_NVDLA_cmac/u_core/u_active/n13570
                             16.0000        17.0592        -1.0592  (VIOLATED)
   u_NV_NVDLA_cmac/u_core/u_active/n100870
                             16.0000        17.0590        -1.0590  (VIOLATED)
   u_NV_NVDLA_cmac/u_core/u_active/n7273
                             16.0000        17.0585        -1.0585  (VIOLATED)
   u_NV_NVDLA_cmac/u_core/u_mac_5/u_tree_l1n2/n63
                             16.0000        17.0581        -1.0581  (VIOLATED)
   u_NV_NVDLA_cmac/u_core/u_mac_4/pp_out_l0n08_1[17]
                             16.0000        17.0573        -1.0573  (VIOLATED)
   u_NV_NVDLA_cmac/u_core/u_mac_0/u_mul_27/n303
                             16.0000        17.0569        -1.0569  (VIOLATED)
   u_NV_NVDLA_cmac/u_core/u_mac_5/u_tree_l0n01/n312
                              8.0000         9.0563        -1.0563  (VIOLATED)
   u_NV_NVDLA_cmac/u_core/u_mac_2/u_mul_33/n312
                             16.0000        17.0556        -1.0556  (VIOLATED)
   u_NV_NVDLA_cmac/u_core/u_mac_2/pp_out_l2n4_1[24]
                              8.0000         9.0543        -1.0543  (VIOLATED)
   u_NV_NVDLA_cmac/u_core/u_mac_6/pp_out_l0n14_1[35]
                              8.0000         9.0526        -1.0526  (VIOLATED)
   u_NV_NVDLA_cmac/u_core/u_mac_7/u_tree_l0n01/n302
                              8.0000         9.0520        -1.0520  (VIOLATED)
   u_NV_NVDLA_cmac/u_core/u_mac_1/pp_out_l2n3_1[11]
                             16.0000        17.0509        -1.0509  (VIOLATED)
   u_NV_NVDLA_cmac/u_core/u_mac_0/u_mul_8/n307
                             16.0000        17.0498        -1.0498  (VIOLATED)
   u_NV_NVDLA_cmac/u_core/u_mac_4/u_nan/n2962
                              8.0000         9.0472        -1.0472  (VIOLATED)
   u_NV_NVDLA_cmac/u_core/u_mac_4/pp_out_l1n0_1[9]
                             16.0000        17.0469        -1.0469  (VIOLATED)
   u_NV_NVDLA_cmac/u_core/u_mac_1/pp_in_l1n0_2[26]
                             16.0000        17.0438        -1.0438  (VIOLATED)
   u_NV_NVDLA_cmac/u_core/u_mac_7/pp_in_l2n0_2[7]
                             16.0000        17.0432        -1.0432  (VIOLATED)
   u_NV_NVDLA_cmac/u_core/u_mac_1/pp_out_l2n7_1[9]
                             16.0000        17.0421        -1.0421  (VIOLATED)
   u_NV_NVDLA_cmac/u_core/u_mac_4/pp_out_l1n4_0[37]
                             16.0000        17.0389        -1.0389  (VIOLATED)
   u_NV_NVDLA_cmac/u_core/u_mac_2/u_tree_l0n01/n302
                              8.0000         9.0380        -1.0380  (VIOLATED)
   u_NV_NVDLA_cmac/u_core/u_mac_4/n10565
                              8.0000         9.0376        -1.0376  (VIOLATED)
   u_NV_NVDLA_cmac/u_core/u_mac_0/u_tree_l1n4/n59
                             16.0000        17.0375        -1.0375  (VIOLATED)
   u_NV_NVDLA_cmac/u_core/u_mac_3/u_tree_l0n08/n438
                             16.0000        17.0375        -1.0375  (VIOLATED)
   u_NV_NVDLA_cmac/u_core/u_mac_0/pp_out_l0n07_0[35]
                              8.0000         9.0361        -1.0361  (VIOLATED)
   u_NV_NVDLA_cmac/u_core/u_mac_1/pp_out_l1n2_1[15]
                             16.0000        17.0343        -1.0343  (VIOLATED)
   u_NV_NVDLA_cmac/u_core/u_active/n24783
                             16.0000        17.0333        -1.0333  (VIOLATED)
   u_NV_NVDLA_cmac/u_core/u_mac_5/add_x_1130/n1874
                              8.0000         9.0332        -1.0332  (VIOLATED)
   u_NV_NVDLA_cmac/u_core/u_active/n8139
                             16.0000        17.0330        -1.0330  (VIOLATED)
   u_NV_NVDLA_cmac/u_core/u_mac_4/pp_out_l0n08_0[31]
                             16.0000        17.0324        -1.0324  (VIOLATED)
   u_NV_NVDLA_cmac/u_core/u_mac_3/u_tree_l0n05/n456
                             16.0000        17.0310        -1.0310  (VIOLATED)
   u_NV_NVDLA_cmac/u_core/u_mac_3/u_tree_l0n14/n366
                             16.0000        17.0304        -1.0304  (VIOLATED)
   u_NV_NVDLA_cmac/u_core/wt6_actv_data[157]
                             16.0000        17.0295        -1.0295  (VIOLATED)
   u_NV_NVDLA_cmac/u_core/u_mac_7/pp_out_l0n06_1[24]
                              8.0000         9.0289        -1.0289  (VIOLATED)
   u_NV_NVDLA_cmac/u_core/u_mac_5/u_tree_l2n4/n90
                             16.0000        17.0284        -1.0284  (VIOLATED)
   u_NV_NVDLA_cmac/u_core/u_active/n48184
                             16.0000        17.0273        -1.0273  (VIOLATED)
   u_NV_NVDLA_cmac/u_core/u_mac_1/u_exp/exp_sum_62[1]
                             16.0000        17.0272        -1.0272  (VIOLATED)
   u_NV_NVDLA_cmac/u_core/u_mac_6/u_exp/n4711
                             16.0000        17.0265        -1.0265  (VIOLATED)
   u_NV_NVDLA_cmac/u_core/u_mac_4/n9514
                              8.0000         9.0257        -1.0257  (VIOLATED)
   u_NV_NVDLA_cmac/u_core/u_mac_2/pp_out_l0n02_1[34]
                              8.0000         9.0254        -1.0254  (VIOLATED)
   u_NV_NVDLA_cmac/u_core/u_active/n34731
                             16.0000        17.0253        -1.0253  (VIOLATED)
   u_NV_NVDLA_cmac/u_core/u_mac_7/u_nan/n2903
                             32.0000        33.0252        -1.0252  (VIOLATED)
   u_NV_NVDLA_cmac/u_core/u_mac_4/res_tag_31[1]
                             16.0000        17.0250        -1.0250  (VIOLATED)
   u_NV_NVDLA_cmac/u_core/u_active/n34942
                             16.0000        17.0241        -1.0241  (VIOLATED)
   u_NV_NVDLA_cmac/u_core/u_mac_5/u_tree_l1n2/n65
                             16.0000        17.0241        -1.0241  (VIOLATED)
   u_NV_NVDLA_cmac/u_core/u_mac_1/u_tree_l0n08/n439
                             16.0000        17.0224        -1.0224  (VIOLATED)
   u_NV_NVDLA_cmac/u_core/u_active/n7394
                             16.0000        17.0214        -1.0214  (VIOLATED)
   u_NV_NVDLA_cmac/u_core/u_mac_5/u_tree_l1n2/n73
                             16.0000        17.0213        -1.0213  (VIOLATED)
   u_NV_NVDLA_cmac/u_core/u_mac_6/res_tag_27[2]
                             64.0000        65.0205        -1.0205  (VIOLATED)
   u_NV_NVDLA_cmac/u_core/u_active/n24288
                             16.0000        17.0195        -1.0195  (VIOLATED)
   u_NV_NVDLA_cmac/u_core/u_mac_0/u_nan/n5
                             16.0000        17.0191        -1.0191  (VIOLATED)
   u_NV_NVDLA_cmac/u_core/u_active/n46788
                             16.0000        17.0178        -1.0178  (VIOLATED)
   u_NV_NVDLA_cmac/u_core/u_mac_5/u_tree_l1n4/n54
                             16.0000        17.0174        -1.0174  (VIOLATED)
   u_NV_NVDLA_cmac/u_core/u_mac_1/u_mul_10/n298
                              8.0000         9.0172        -1.0172  (VIOLATED)
   u_NV_NVDLA_cmac/u_core/wt0_actv_data[525]
                             16.0000        17.0169        -1.0169  (VIOLATED)
   u_NV_NVDLA_cmac/u_core/u_mac_4/u_nan/n2920
                             16.0000        17.0165        -1.0165  (VIOLATED)
   u_NV_NVDLA_cmac/u_core/u_mac_1/n8317
                             32.0000        33.0161        -1.0161  (VIOLATED)
   u_NV_NVDLA_cmac/u_core/u_mac_2/n2456
                             32.0000        33.0142        -1.0142  (VIOLATED)
   u_NV_NVDLA_cmac/u_core/u_mac_4/pp_out_l0n08_0[29]
                             16.0000        17.0120        -1.0120  (VIOLATED)
   u_NV_NVDLA_cmac/u_core/u_active/n100868
                             16.0000        17.0117        -1.0117  (VIOLATED)
   u_NV_NVDLA_cmac/u_core/u_active/n95344
                             16.0000        17.0116        -1.0116  (VIOLATED)
   u_NV_NVDLA_cmac/u_core/u_mac_7/ps_n0b0_wg[4]
                              8.0000         9.0104        -1.0104  (VIOLATED)
   u_NV_NVDLA_cmac/u_core/u_mac_4/pp_out_l0n01_0_d1[0]
                             16.0000        17.0095        -1.0095  (VIOLATED)
   u_NV_NVDLA_cmac/u_core/u_mac_1/pp_in_l1n0_2[31]
                             16.0000        17.0093        -1.0093  (VIOLATED)
   u_NV_NVDLA_cmac/u_core/u_mac_7/pp_out_l0n04_1[32]
                             16.0000        17.0092        -1.0092  (VIOLATED)
   u_NV_NVDLA_cmac/u_core/u_mac_5/u_tree_l2n1/n3
                             16.0000        17.0064        -1.0064  (VIOLATED)
   u_NV_NVDLA_cmac/u_core/u_mac_7/pp_out_l0n09_1[32]
                             16.0000        17.0061        -1.0061  (VIOLATED)
   u_NV_NVDLA_cmac/u_core/u_mac_0/u_tree_l1n4/n61
                             16.0000        17.0035        -1.0035  (VIOLATED)
   u_NV_NVDLA_cmac/u_core/u_mac_1/pp_out_l1n2_0[14]
                             16.0000        17.0034        -1.0034  (VIOLATED)
   u_NV_NVDLA_cmac/u_core/u_mac_4/u_nan/n2956
                              8.0000         9.0033        -1.0033  (VIOLATED)
   u_NV_NVDLA_cmac/u_core/u_mac_1/pp_out_l2n7_1[11]
                             16.0000        17.0027        -1.0027  (VIOLATED)
   u_NV_NVDLA_cmac/u_core/u_mac_5/u_nan/n2386
                             16.0000        16.9971        -0.9971  (VIOLATED)
   u_NV_NVDLA_cmac/u_core/wt3_actv_data[818]
                             16.0000        16.9966        -0.9966  (VIOLATED)
   u_NV_NVDLA_cmac/u_core/u_mac_1/pp_in_l1n0_2[27]
                             16.0000        16.9957        -0.9957  (VIOLATED)
   u_NV_NVDLA_cmac/u_core/u_mac_4/u_tree_l0n04/n329
                              8.0000         8.9953        -0.9953  (VIOLATED)
   u_NV_NVDLA_cmac/u_core/u_mac_4/u_tree_l0n13/n362
                             16.0000        16.9949        -0.9949  (VIOLATED)
   u_NV_NVDLA_cmac/u_core/u_mac_0/u_tree_l0n14/n366
                             16.0000        16.9944        -0.9944  (VIOLATED)
   u_NV_NVDLA_cmac/u_core/u_mac_4/u_mul_17/n300
                             16.0000        16.9937        -0.9937  (VIOLATED)
   u_NV_NVDLA_cmac/u_core/u_active/n46828
                             16.0000        16.9934        -0.9934  (VIOLATED)
   u_NV_NVDLA_cmac/u_core/u_active/n101823
                             16.0000        16.9925        -0.9925  (VIOLATED)
   u_NV_NVDLA_cmac/u_core/u_mac_3/u_tree_l0n08/n401
                             16.0000        16.9918        -0.9918  (VIOLATED)
   u_NV_NVDLA_cmac/u_core/u_active/n43708
                             16.0000        16.9917        -0.9917  (VIOLATED)
   u_NV_NVDLA_cmac/u_core/out_data5[73]
                              8.0000         8.9910        -0.9910  (VIOLATED)
   u_NV_NVDLA_cmac/u_core/u_mac_2/pp_out_l2n7_1[19]
                             16.0000        16.9910        -0.9910  (VIOLATED)
   u_NV_NVDLA_cmac/u_core/u_mac_2/u_nan/n2984
                             16.0000        16.9904        -0.9904  (VIOLATED)
   u_NV_NVDLA_cmac/u_core/u_mac_3/pp_out_l1n0_0[39]
                              8.0000         8.9903        -0.9903  (VIOLATED)
   u_NV_NVDLA_cmac/u_core/u_mac_1/u_mul_20/n96
                              8.0000         8.9903        -0.9903  (VIOLATED)
   u_NV_NVDLA_cmac/u_core/u_mac_3/u_tree_l0n08/n430
                             16.0000        16.9878        -0.9878  (VIOLATED)
   u_NV_NVDLA_cmac/u_core/u_mac_4/u_nan/n2770
                             16.0000        16.9876        -0.9876  (VIOLATED)
   u_NV_NVDLA_cmac/u_core/u_active/n35774
                             16.0000        16.9875        -0.9875  (VIOLATED)
   u_NV_NVDLA_cmac/u_core/u_mac_7/u_tree_l0n01/n282
                              8.0000         8.9868        -0.9868  (VIOLATED)
   u_NV_NVDLA_cmac/u_core/u_mac_2/u_nan/n2987
                             16.0000        16.9859        -0.9859  (VIOLATED)
   u_NV_NVDLA_cmac/u_core/u_mac_1/pp_out_l2n7_0[14]
                             16.0000        16.9838        -0.9838  (VIOLATED)
   u_NV_NVDLA_cmac/u_core/u_mac_6/ps_n0b2_wg[5]
                             16.0000        16.9835        -0.9835  (VIOLATED)
   u_NV_NVDLA_cmac/u_core/u_active/n100595
                             16.0000        16.9835        -0.9835  (VIOLATED)
   u_NV_NVDLA_cmac/u_core/u_mac_6/u_exp/n4196
                              8.0000         8.9805        -0.9805  (VIOLATED)
   u_NV_NVDLA_cmac/u_core/u_mac_1/u_mul_61/n96
                              8.0000         8.9802        -0.9802  (VIOLATED)
   u_NV_NVDLA_cmac/u_core/u_active/n38680
                             16.0000        16.9802        -0.9802  (VIOLATED)
   u_NV_NVDLA_cmac/u_core/u_mac_0/u_nan/n97
                             16.0000        16.9798        -0.9798  (VIOLATED)
   u_NV_NVDLA_cmac/u_core/u_mac_1/ps_n0b4_wg[4]
                              8.0000         8.9781        -0.9781  (VIOLATED)
   u_NV_NVDLA_cmac/u_core/u_mac_7/u_exp/n4789
                             16.0000        16.9781        -0.9781  (VIOLATED)
   u_NV_NVDLA_cmac/u_core/u_mac_4/pp_out_l0n08_0[30]
                             16.0000        16.9775        -0.9775  (VIOLATED)
   u_NV_NVDLA_cmac/u_core/u_mac_4/pp_out_l2n7_1[5]
                             16.0000        16.9751        -0.9751  (VIOLATED)
   u_NV_NVDLA_cmac/u_core/u_active/n46820
                             16.0000        16.9748        -0.9748  (VIOLATED)
   u_NV_NVDLA_cmac/u_core/u_mac_6/pp_out_l2n3_0[20]
                             16.0000        16.9737        -0.9737  (VIOLATED)
   u_NV_NVDLA_cmac/u_core/u_mac_4/n2637
                             32.0000        32.9734        -0.9734  (VIOLATED)
   u_NV_NVDLA_cmac/u_core/u_active/n8122
                             16.0000        16.9731        -0.9731  (VIOLATED)
   u_NV_NVDLA_cmac/u_core/u_mac_3/u_exp/n4491
                              8.0000         8.9714        -0.9714  (VIOLATED)
   u_NV_NVDLA_cmac/u_core/u_mac_5/pp_nan_mts_d1[8]
                             16.0000        16.9710        -0.9710  (VIOLATED)
   u_NV_NVDLA_cmac/u_core/u_mac_4/pp_out_l2n7_0[13]
                             16.0000        16.9708        -0.9708  (VIOLATED)
   u_NV_NVDLA_cmac/u_core/u_mac_3/u_mul_4/n300
                              8.0000         8.9692        -0.9692  (VIOLATED)
   u_NV_NVDLA_cmac/u_core/u_active/n37529
                             16.0000        16.9690        -0.9690  (VIOLATED)
   u_NV_NVDLA_cmac/u_core/u_mac_4/pp_out_l2n7_1[11]
                             16.0000        16.9665        -0.9665  (VIOLATED)
   u_NV_NVDLA_cmac/u_core/u_mac_4/pp_out_l1n0_0[8]
                             16.0000        16.9664        -0.9664  (VIOLATED)
   u_NV_NVDLA_cmac/u_core/u_mac_3/u_tree_l0n00/n394
                             16.0000        16.9655        -0.9655  (VIOLATED)
   u_NV_NVDLA_cmac/u_core/u_mac_4/u_tree_l0n13/n367
                             16.0000        16.9638        -0.9638  (VIOLATED)
   u_NV_NVDLA_cmac/u_core/u_active/n13552
                             16.0000        16.9637        -0.9637  (VIOLATED)
   u_NV_NVDLA_cmac/u_core/u_active/n48160
                             16.0000        16.9610        -0.9610  (VIOLATED)
   u_NV_NVDLA_cmac/u_core/u_mac_5/n7356
                             16.0000        16.9607        -0.9607  (VIOLATED)
   u_NV_NVDLA_cmac/u_core/u_active/n63
                             32.0000        32.9606        -0.9606  (VIOLATED)
   u_NV_NVDLA_cmac/u_core/u_mac_0/u_mul_43/n303
                              8.0000         8.9602        -0.9602  (VIOLATED)
   u_NV_NVDLA_cmac/u_core/u_mac_5/u_mul_54/n306
                              8.0000         8.9594        -0.9594  (VIOLATED)
   u_NV_NVDLA_cmac/u_core/u_mac_0/u_tree_l1n4/n52
                             16.0000        16.9584        -0.9584  (VIOLATED)
   u_NV_NVDLA_cmac/u_core/wt5_actv_data[478]
                             16.0000        16.9579        -0.9579  (VIOLATED)
   u_NV_NVDLA_cmac/u_core/u_active/n95172
                             16.0000        16.9555        -0.9555  (VIOLATED)
   u_NV_NVDLA_cmac/u_core/u_mac_1/u_mul_20/n306
                             32.0000        32.9548        -0.9548  (VIOLATED)
   u_NV_NVDLA_cmac/u_core/u_mac_5/u_tree_l4n2/n274
                             16.0000        16.9510        -0.9510  (VIOLATED)
   u_NV_NVDLA_cmac/u_core/u_mac_3/pp_out_l1n4_0[36]
                             16.0000        16.9509        -0.9509  (VIOLATED)
   u_NV_NVDLA_cmac/u_core/u_mac_0/pp_out_l0n02_0[9]
                             16.0000        16.9505        -0.9505  (VIOLATED)
   u_NV_NVDLA_cmac/u_core/u_mac_5/u_tree_l0n11/n363
                             16.0000        16.9505        -0.9505  (VIOLATED)
   u_NV_NVDLA_cmac/u_core/u_mac_6/u_nan/n2898
                              8.0000         8.9501        -0.9501  (VIOLATED)
   u_NV_NVDLA_cmac/u_core/u_mac_4/pp_out_l2n7_1[15]
                             16.0000        16.9486        -0.9486  (VIOLATED)
   u_NV_NVDLA_cmac/u_core/u_mac_2/sop_3[9]
                             16.0000        16.9486        -0.9486  (VIOLATED)
   u_NV_NVDLA_cmac/u_core/u_mac_7/sop_0[2]
                              8.0000         8.9482        -0.9482  (VIOLATED)
   u_NV_NVDLA_cmac/u_core/u_mac_1/u_tree_l0n15/n460
                              8.0000         8.9481        -0.9481  (VIOLATED)
   u_NV_NVDLA_cmac/u_core/u_mac_4/pp_out_l1n0_1[10]
                             16.0000        16.9474        -0.9474  (VIOLATED)
   u_NV_NVDLA_cmac/u_core/u_active/n22056
                             16.0000        16.9474        -0.9474  (VIOLATED)
   u_NV_NVDLA_cmac/u_core/u_mac_6/u_exp/n4705
                             16.0000        16.9472        -0.9472  (VIOLATED)
   u_NV_NVDLA_cmac/u_core/u_mac_3/pp_out_l2n4_0[10]
                             16.0000        16.9443        -0.9443  (VIOLATED)
   u_NV_NVDLA_cmac/u_core/u_mac_4/pp_out_l0n08_0[27]
                             16.0000        16.9442        -0.9442  (VIOLATED)
   u_NV_NVDLA_cmac/u_core/u_mac_6/pp_out_l2n3_1[21]
                             16.0000        16.9441        -0.9441  (VIOLATED)
   u_NV_NVDLA_cmac/u_core/u_mac_1/pp_out_l2n3_0[13]
                             16.0000        16.9434        -0.9434  (VIOLATED)
   u_NV_NVDLA_cmac/u_core/u_mac_3/pp_out_l2n7_0[34]
                             16.0000        16.9425        -0.9425  (VIOLATED)
   u_NV_NVDLA_cmac/u_core/u_mac_1/u_nan/n3026
                             16.0000        16.9419        -0.9419  (VIOLATED)
   u_NV_NVDLA_cmac/u_core/u_active/n21880
                             16.0000        16.9416        -0.9416  (VIOLATED)
   u_NV_NVDLA_cmac/u_core/u_active/n97369
                             16.0000        16.9413        -0.9413  (VIOLATED)
   u_NV_NVDLA_cmac/u_core/u_mac_7/pp_out_l2n2_0[36]
                             16.0000        16.9410        -0.9410  (VIOLATED)
   u_NV_NVDLA_cmac/u_core/u_mac_0/pp_out_l2n6_0[7]
                             16.0000        16.9406        -0.9406  (VIOLATED)
   u_NV_NVDLA_cmac/u_core/u_mac_7/cfg_reg_en_d1
                             16.0000        16.9401        -0.9401  (VIOLATED)
   u_NV_NVDLA_cmac/u_core/u_mac_6/res_a_17[8]
                              8.0000         8.9385        -0.9385  (VIOLATED)
   u_NV_NVDLA_cmac/u_core/u_mac_4/u_nan/n2930
                             16.0000        16.9369        -0.9369  (VIOLATED)
   u_NV_NVDLA_cmac/u_core/u_active/n95412
                             16.0000        16.9366        -0.9366  (VIOLATED)
   u_NV_NVDLA_cmac/u_core/u_active/n21870
                             16.0000        16.9366        -0.9366  (VIOLATED)
   u_NV_NVDLA_cmac/u_core/u_active/n101295
                             16.0000        16.9348        -0.9348  (VIOLATED)
   u_NV_NVDLA_cmac/u_core/u_mac_6/u_tree_l2n3/n95
                             16.0000        16.9331        -0.9331  (VIOLATED)
   u_NV_NVDLA_cmac/u_core/u_mac_4/u_tree_l0n09/n367
                             16.0000        16.9326        -0.9326  (VIOLATED)
   u_NV_NVDLA_cmac/u_core/u_mac_5/pp_out_l0n02_1[15]
                              8.0000         8.9323        -0.9323  (VIOLATED)
   u_NV_NVDLA_cmac/u_core/u_mac_7/pp_out_l2n2_0[0]
                             16.0000        16.9318        -0.9318  (VIOLATED)
   u_NV_NVDLA_cmac/u_core/u_mac_0/pp_out_l0n02_0[8]
                             16.0000        16.9306        -0.9306  (VIOLATED)
   u_NV_NVDLA_cmac/u_core/u_mac_4/pp_out_l2n7_0[22]
                             16.0000        16.9303        -0.9303  (VIOLATED)
   u_NV_NVDLA_cmac/u_core/u_active/n44672
                             16.0000        16.9299        -0.9299  (VIOLATED)
   u_NV_NVDLA_cmac/u_core/u_mac_4/pp_out_l2n7_1[14]
                             16.0000        16.9286        -0.9286  (VIOLATED)
   u_NV_NVDLA_cmac/u_core/u_active/n101300
                             16.0000        16.9285        -0.9285  (VIOLATED)
   u_NV_NVDLA_cmac/u_core/u_active/n100648
                             16.0000        16.9274        -0.9274  (VIOLATED)
   u_NV_NVDLA_cmac/u_core/u_mac_2/u_nan/n258
                             16.0000        16.9263        -0.9263  (VIOLATED)
   u_NV_NVDLA_cmac/u_core/u_mac_1/pp_in_l1n2_2[23]
                             16.0000        16.9241        -0.9241  (VIOLATED)
   u_NV_NVDLA_cmac/u_core/u_mac_5/u_mul_39/n314
                              8.0000         8.9240        -0.9240  (VIOLATED)
   u_NV_NVDLA_cmac/u_core/u_mac_3/pp_out_l2n4_1[25]
                             16.0000        16.9208        -0.9208  (VIOLATED)
   u_NV_NVDLA_cmac/u_core/u_active/n35780
                             16.0000        16.9203        -0.9203  (VIOLATED)
   u_NV_NVDLA_cmac/u_core/u_mac_4/u_tree_l0n13/n322
                              8.0000         8.9201        -0.9201  (VIOLATED)
   u_NV_NVDLA_cmac/u_core/u_mac_3/u_tree_l0n04/n469
                             16.0000        16.9179        -0.9179  (VIOLATED)
   u_NV_NVDLA_cmac/u_core/u_mac_6/u_mul_53/n306
                              8.0000         8.9167        -0.9167  (VIOLATED)
   u_NV_NVDLA_cmac/u_core/u_active/n5423
                              8.0000         8.9163        -0.9163  (VIOLATED)
   u_NV_NVDLA_cmac/u_core/u_mac_6/u_tree_l2n3/n107
                             16.0000        16.9157        -0.9157  (VIOLATED)
   u_NV_NVDLA_cmac/u_core/u_mac_5/u_tree_l2n1/n125
                             16.0000        16.9137        -0.9137  (VIOLATED)
   u_NV_NVDLA_cmac/u_core/u_mac_5/u_mul_0/n303
                              8.0000         8.9102        -0.9102  (VIOLATED)
   u_NV_NVDLA_cmac/u_core/u_active/n6181
                             16.0000        16.9101        -0.9101  (VIOLATED)
   u_NV_NVDLA_cmac/u_core/u_active/n99564
                             16.0000        16.9096        -0.9096  (VIOLATED)
   u_NV_NVDLA_cmac/u_core/u_active/n5428
                              8.0000         8.9073        -0.9073  (VIOLATED)
   u_NV_NVDLA_cmac/u_core/u_active/n37430
                             16.0000        16.9038        -0.9038  (VIOLATED)
   u_NV_NVDLA_cmac/u_core/u_mac_4/pp_out_l2n7_1[12]
                             16.0000        16.9033        -0.9033  (VIOLATED)
   u_NV_NVDLA_cmac/u_core/u_mac_7/pp_out_l2n2_0[34]
                             16.0000        16.9016        -0.9016  (VIOLATED)
   u_NV_NVDLA_cmac/u_core/u_active/n94537
                             16.0000        16.9012        -0.9012  (VIOLATED)
   u_NV_NVDLA_cmac/u_core/u_mac_7/u_tree_l0n01/n329
                              8.0000         8.8998        -0.8998  (VIOLATED)
   u_NV_NVDLA_cmac/u_core/u_mac_0/pp_out_l0n01_1[34]
                             16.0000        16.8994        -0.8994  (VIOLATED)
   u_NV_NVDLA_cmac/u_core/u_mac_0/pp_out_l0n02_0[7]
                             16.0000        16.8994        -0.8994  (VIOLATED)
   u_NV_NVDLA_cmac/u_core/u_mac_4/pp_out_l0n08_0[26]
                             16.0000        16.8991        -0.8991  (VIOLATED)
   u_NV_NVDLA_cmac/u_core/u_active/n100592
                             16.0000        16.8990        -0.8990  (VIOLATED)
   u_NV_NVDLA_cmac/u_core/u_active/n39284
                             16.0000        16.8987        -0.8987  (VIOLATED)
   u_NV_NVDLA_cmac/u_core/u_mac_4/u_tree_l0n09/n378
                             16.0000        16.8977        -0.8977  (VIOLATED)
   u_NV_NVDLA_cmac/u_core/u_mac_1/n8321
                             32.0000        32.8976        -0.8976  (VIOLATED)
   u_NV_NVDLA_cmac/u_core/u_mac_7/pp_out_l2n2_1[35]
                             16.0000        16.8964        -0.8964  (VIOLATED)
   u_NV_NVDLA_cmac/u_core/wt0_actv_data[480]
                             16.0000        16.8958        -0.8958  (VIOLATED)
   u_NV_NVDLA_cmac/u_core/u_mac_6/u_tree_l2n3/n106
                             16.0000        16.8928        -0.8928  (VIOLATED)
   u_NV_NVDLA_cmac/u_core/u_mac_7/u_tree_l0n03/n354
                              8.0000         8.8927        -0.8927  (VIOLATED)
   u_NV_NVDLA_cmac/u_core/u_active/n23533
                             16.0000        16.8926        -0.8926  (VIOLATED)
   u_NV_NVDLA_cmac/u_core/u_mac_3/u_tree_l2n3/n84
                              8.0000         8.8923        -0.8923  (VIOLATED)
   u_NV_NVDLA_cmac/u_core/u_mac_0/u_mul_41/n310
                             16.0000        16.8922        -0.8922  (VIOLATED)
   u_NV_NVDLA_cmac/u_core/u_mac_5/u_tree_l2n4/n89
                             16.0000        16.8894        -0.8894  (VIOLATED)
   u_NV_NVDLA_cmac/u_core/u_active/n6526
                             16.0000        16.8880        -0.8880  (VIOLATED)
   u_NV_NVDLA_cmac/u_core/u_mac_7/pp_out_l0n03_1[18]
                              8.0000         8.8876        -0.8876  (VIOLATED)
   u_NV_NVDLA_cmac/u_core/u_mac_0/u_tree_l1n2/n70
                             16.0000        16.8871        -0.8871  (VIOLATED)
   u_NV_NVDLA_cmac/u_core/u_mac_4/u_tree_l4n2/n210
                             16.0000        16.8866        -0.8866  (VIOLATED)
   u_NV_NVDLA_cmac/u_core/u_mac_0/pp_out_l0n02_0[11]
                             16.0000        16.8854        -0.8854  (VIOLATED)
   u_NV_NVDLA_cmac/u_core/u_mac_7/u_mul_16/n314
                              8.0000         8.8841        -0.8841  (VIOLATED)
   u_NV_NVDLA_cmac/u_core/u_mac_4/u_tree_l0n04/n302
                              8.0000         8.8838        -0.8838  (VIOLATED)
   u_NV_NVDLA_cmac/u_core/u_mac_6/u_mul_6/n96
                              8.0000         8.8837        -0.8837  (VIOLATED)
   u_NV_NVDLA_cmac/u_core/u_mac_4/u_tree_l2n3/n112
                             16.0000        16.8832        -0.8832  (VIOLATED)
   u_NV_NVDLA_cmac/u_core/u_active/n100980
                             16.0000        16.8817        -0.8817  (VIOLATED)
   u_NV_NVDLA_cmac/u_core/u_active/n21862
                             16.0000        16.8816        -0.8816  (VIOLATED)
   u_NV_NVDLA_cmac/u_core/u_mac_7/pp_in_l2n0_3[12]
                             16.0000        16.8816        -0.8816  (VIOLATED)
   u_NV_NVDLA_cmac/u_core/u_mac_3/u_tree_l4n2/n234
                             16.0000        16.8814        -0.8814  (VIOLATED)
   u_NV_NVDLA_cmac/u_core/u_mac_4/u_nan/n2946
                             16.0000        16.8813        -0.8813  (VIOLATED)
   u_NV_NVDLA_cmac/u_core/u_active/n38676
                             16.0000        16.8807        -0.8807  (VIOLATED)
   u_NV_NVDLA_cmac/u_core/u_mac_1/u_mul_30/n298
                              8.0000         8.8805        -0.8805  (VIOLATED)
   u_NV_NVDLA_cmac/u_core/u_mac_2/u_nan/n2201
                             16.0000        16.8789        -0.8789  (VIOLATED)
   u_NV_NVDLA_cmac/u_core/u_mac_4/u_nan/n1424
                             16.0000        16.8786        -0.8786  (VIOLATED)
   u_NV_NVDLA_cmac/u_core/u_active/n13544
                             16.0000        16.8770        -0.8770  (VIOLATED)
   u_NV_NVDLA_cmac/u_core/wt3_actv_data[691]
                             16.0000        16.8748        -0.8748  (VIOLATED)
   u_NV_NVDLA_cmac/u_core/u_active/n49150
                             16.0000        16.8736        -0.8736  (VIOLATED)
   u_NV_NVDLA_cmac/u_core/u_mac_4/pp_out_l2n0_1[25]
                             16.0000        16.8734        -0.8734  (VIOLATED)
   u_NV_NVDLA_cmac/u_core/u_active/n101299
                             16.0000        16.8718        -0.8718  (VIOLATED)
   u_NV_NVDLA_cmac/u_core/u_mac_3/ps_n0b6_dc[6]
                             16.0000        16.8717        -0.8717  (VIOLATED)
   u_NV_NVDLA_cmac/u_core/u_mac_6/pp_out_l2n3_0[23]
                             16.0000        16.8710        -0.8710  (VIOLATED)
   u_NV_NVDLA_cmac/u_core/u_mac_1/u_tree_l4n0/n252
                             16.0000        16.8695        -0.8695  (VIOLATED)
   u_NV_NVDLA_cmac/u_core/u_mac_7/pp_out_l0n06_1[16]
                              8.0000         8.8685        -0.8685  (VIOLATED)
   u_NV_NVDLA_cmac/u_core/u_mac_6/pp_out_l2n5_1[2]
                             16.0000        16.8682        -0.8682  (VIOLATED)
   u_NV_NVDLA_cmac/u_core/u_mac_0/u_nan/n563
                             16.0000        16.8680        -0.8680  (VIOLATED)
   u_NV_NVDLA_cmac/u_core/u_active/n84532
                             16.0000        16.8652        -0.8652  (VIOLATED)
   u_NV_NVDLA_cmac/u_core/u_active/n35776
                             16.0000        16.8621        -0.8621  (VIOLATED)
   u_NV_NVDLA_cmac/u_core/u_mac_3/u_tree_l0n05/n252
                              8.0000         8.8620        -0.8620  (VIOLATED)
   u_NV_NVDLA_cmac/u_core/u_mac_6/u_tree_l0n05/n389
                             16.0000        16.8604        -0.8604  (VIOLATED)
   u_NV_NVDLA_cmac/u_core/u_active/n37537
                             16.0000        16.8566        -0.8566  (VIOLATED)
   u_NV_NVDLA_cmac/u_core/u_mac_2/u_tree_l2n7/n83
                             16.0000        16.8558        -0.8558  (VIOLATED)
   u_NV_NVDLA_cmac/u_core/u_mac_6/u_nan/n20
                              8.0000         8.8525        -0.8525  (VIOLATED)
   u_NV_NVDLA_cmac/u_core/u_mac_4/pp_out_l2n7_0[10]
                             16.0000        16.8503        -0.8503  (VIOLATED)
   u_NV_NVDLA_cmac/u_core/u_mac_1/pp_out_l2n3_0[12]
                             16.0000        16.8496        -0.8496  (VIOLATED)
   u_NV_NVDLA_cmac/u_core/u_mac_4/u_mul_43/n197
                              8.0000         8.8489        -0.8489  (VIOLATED)
   u_NV_NVDLA_cmac/u_core/u_mac_2/u_tree_l0n08/n292
                              8.0000         8.8487        -0.8487  (VIOLATED)
   u_NV_NVDLA_cmac/u_core/u_mac_0/u_exp/n1736
                             16.0000        16.8480        -0.8480  (VIOLATED)
   u_NV_NVDLA_cmac/u_core/u_mac_2/u_tree_l0n08/n282
                              8.0000         8.8468        -0.8468  (VIOLATED)
   u_NV_NVDLA_cmac/u_core/u_mac_2/pp_out_l2n7_0[24]
                             16.0000        16.8450        -0.8450  (VIOLATED)
   u_NV_NVDLA_cmac/u_core/u_mac_4/pp_out_l1n4_0[16]
                             16.0000        16.8436        -0.8436  (VIOLATED)
   u_NV_NVDLA_cmac/u_core/u_mac_3/u_mul_10/n297
                              8.0000         8.8431        -0.8431  (VIOLATED)
   u_NV_NVDLA_cmac/u_core/u_active/n94109
                             16.0000        16.8430        -0.8430  (VIOLATED)
   u_NV_NVDLA_cmac/u_core/wt2_actv_data[369]
                             16.0000        16.8428        -0.8428  (VIOLATED)
   u_NV_NVDLA_cmac/u_core/u_mac_3/u_tree_l2n2/n9
                             16.0000        16.8419        -0.8419  (VIOLATED)
   u_NV_NVDLA_cmac/u_core/u_mac_3/u_tree_l0n08/n402
                             16.0000        16.8416        -0.8416  (VIOLATED)
   u_NV_NVDLA_cmac/u_core/u_mac_5/u_tree_l2n1/n129
                             16.0000        16.8415        -0.8415  (VIOLATED)
   u_NV_NVDLA_cmac/u_core/u_active/n47936
                             16.0000        16.8395        -0.8395  (VIOLATED)
   u_NV_NVDLA_cmac/u_core/u_mac_5/pp_out_l0n08_1_d1[35]
                             16.0000        16.8395        -0.8395  (VIOLATED)
   u_NV_NVDLA_cmac/u_core/u_mac_6/pp_out_l0n08_1[14]
                             16.0000        16.8390        -0.8390  (VIOLATED)
   u_NV_NVDLA_cmac/u_core/u_mac_4/pp_out_l2n0_1[30]
                             16.0000        16.8369        -0.8369  (VIOLATED)
   u_NV_NVDLA_cmac/u_core/u_mac_0/u_exp/n5619
                             16.0000        16.8343        -0.8343  (VIOLATED)
   u_NV_NVDLA_cmac/u_core/u_mac_6/pp_out_l2n3_0[1]
                             16.0000        16.8339        -0.8339  (VIOLATED)
   u_NV_NVDLA_cmac/u_core/u_mac_5/n1507
                              8.0000         8.8334        -0.8334  (VIOLATED)
   u_NV_NVDLA_cmac/u_core/u_mac_1/u_mul_43/n307
                              8.0000         8.8329        -0.8329  (VIOLATED)
   u_NV_NVDLA_cmac/u_core/u_mac_1/u_tree_l4n3/n292
                              8.0000         8.8323        -0.8323  (VIOLATED)
   u_NV_NVDLA_cmac/u_core/u_mac_3/pp_out_l0n00_1_d1[34]
                             16.0000        16.8320        -0.8320  (VIOLATED)
   u_NV_NVDLA_cmac/u_core/u_mac_4/u_tree_l4n3/n311
                             16.0000        16.8316        -0.8316  (VIOLATED)
   u_NV_NVDLA_cmac/u_core/u_mac_1/pp_in_l1n2_3[32]
                             16.0000        16.8311        -0.8311  (VIOLATED)
   u_NV_NVDLA_cmac/u_core/u_mac_5/u_tree_l2n1/n127
                             16.0000        16.8285        -0.8285  (VIOLATED)
   u_NV_NVDLA_cmac/u_core/u_mac_0/u_nan/n9
                              8.0000         8.8284        -0.8284  (VIOLATED)
   u_NV_NVDLA_cmac/u_core/u_mac_3/exp_sft_43[2]
                             64.0000        64.8283        -0.8283  (VIOLATED)
   u_NV_NVDLA_cmac/u_core/u_mac_4/u_tree_l0n13/n384
                             16.0000        16.8282        -0.8282  (VIOLATED)
   u_NV_NVDLA_cmac/u_core/u_mac_1/pp_in_l1n2_2[26]
                             16.0000        16.8273        -0.8273  (VIOLATED)
   u_NV_NVDLA_cmac/u_core/u_mac_5/u_tree_l1n2/n55
                             16.0000        16.8265        -0.8265  (VIOLATED)
   u_NV_NVDLA_cmac/u_core/u_active/n43724
                             16.0000        16.8263        -0.8263  (VIOLATED)
   u_NV_NVDLA_cmac/u_core/u_mac_5/pp_out_l2n6_1[10]
                              8.0000         8.8253        -0.8253  (VIOLATED)
   u_NV_NVDLA_cmac/u_core/u_active/n24826
                             16.0000        16.8250        -0.8250  (VIOLATED)
   u_NV_NVDLA_cmac/u_core/u_mac_3/pp_out_l2n4_1[26]
                             16.0000        16.8245        -0.8245  (VIOLATED)
   u_NV_NVDLA_cmac/u_core/u_mac_4/u_tree_l2n7/n113
                             16.0000        16.8242        -0.8242  (VIOLATED)
   u_NV_NVDLA_cmac/u_core/u_mac_7/pp_out_l1n7_0[37]
                             16.0000        16.8233        -0.8233  (VIOLATED)
   u_NV_NVDLA_cmac/u_core/u_mac_4/u_mul_5/n311
                              8.0000         8.8212        -0.8212  (VIOLATED)
   u_NV_NVDLA_cmac/u_core/u_mac_1/u_tree_l2n2/n109
                             16.0000        16.8195        -0.8195  (VIOLATED)
   u_NV_NVDLA_cmac/u_core/u_mac_1/n9670
                             16.0000        16.8192        -0.8192  (VIOLATED)
   u_NV_NVDLA_cmac/u_core/u_active/n96211
                             16.0000        16.8188        -0.8188  (VIOLATED)
   u_NV_NVDLA_cmac/u_core/u_mac_2/u_nan/n2980
                             16.0000        16.8172        -0.8172  (VIOLATED)
   u_NV_NVDLA_cmac/u_core/u_mac_0/pp_out_l2n6_1[10]
                             16.0000        16.8172        -0.8172  (VIOLATED)
   u_NV_NVDLA_cmac/u_core/u_mac_5/u_tree_l4n2/n202
                              8.0000         8.8160        -0.8160  (VIOLATED)
   u_NV_NVDLA_cmac/u_core/u_mac_4/pp_out_l2n3_1[15]
                             16.0000        16.8159        -0.8159  (VIOLATED)
   u_NV_NVDLA_cmac/u_core/u_mac_3/u_tree_l0n08/n425
                             16.0000        16.8148        -0.8148  (VIOLATED)
   u_NV_NVDLA_cmac/u_core/u_mac_5/n7360
                             16.0000        16.8146        -0.8146  (VIOLATED)
   u_NV_NVDLA_cmac/u_core/u_mac_5/pp_out_l0n00_1_d1[34]
                             16.0000        16.8142        -0.8142  (VIOLATED)
   u_NV_NVDLA_cmac/u_core/u_mac_7/n6990
                             16.0000        16.8132        -0.8132  (VIOLATED)
   u_NV_NVDLA_cmac/u_core/u_mac_4/pp_out_l1n4_1[30]
                             16.0000        16.8132        -0.8132  (VIOLATED)
   u_NV_NVDLA_cmac/u_core/u_mac_2/u_tree_l0n08/n312
                              8.0000         8.8089        -0.8089  (VIOLATED)
   u_NV_NVDLA_cmac/u_core/u_active/n34668
                             16.0000        16.8076        -0.8076  (VIOLATED)
   u_NV_NVDLA_cmac/u_core/u_mac_1/n9568
                             16.0000        16.8068        -0.8068  (VIOLATED)
   u_NV_NVDLA_cmac/u_core/u_mac_4/pp_out_l1n4_1[7]
                             16.0000        16.8060        -0.8060  (VIOLATED)
   u_NV_NVDLA_cmac/u_core/u_mac_1/u_tree_l0n08/n272
                              8.0000         8.8013        -0.8013  (VIOLATED)
   u_NV_NVDLA_cmac/u_core/u_mac_4/pp_out_l0n08_1[19]
                             16.0000        16.8001        -0.8001  (VIOLATED)
   u_NV_NVDLA_cmac/u_core/u_mac_0/u_tree_l2n5/n85
                              8.0000         8.7961        -0.7961  (VIOLATED)
   u_NV_NVDLA_cmac/u_core/u_mac_6/res_tag_2[2]
                             82.0000        82.7948        -0.7948  (VIOLATED)
   u_NV_NVDLA_cmac/u_core/u_mac_3/u_tree_l0n08/n432
                             16.0000        16.7946        -0.7946  (VIOLATED)
   u_NV_NVDLA_cmac/u_core/wt2_actv_data[368]
                             16.0000        16.7937        -0.7937  (VIOLATED)
   u_NV_NVDLA_cmac/u_core/u_mac_4/u_exp/exp_sum_06[0]
                             16.0000        16.7937        -0.7937  (VIOLATED)
   u_NV_NVDLA_cmac/u_core/u_mac_5/u_tree_l4n3/n59
                             16.0000        16.7918        -0.7918  (VIOLATED)
   u_NV_NVDLA_cmac/u_core/u_mac_3/pp_out_l0n09_0[6]
                             16.0000        16.7914        -0.7914  (VIOLATED)
   u_NV_NVDLA_cmac/u_core/u_mac_6/pp_out_l2n3_0[21]
                             16.0000        16.7906        -0.7906  (VIOLATED)
   u_NV_NVDLA_cmac/u_core/u_mac_0/add_x_1126/n1826
                              8.0000         8.7893        -0.7893  (VIOLATED)
   u_NV_NVDLA_cmac/u_core/u_active/n8120
                             16.0000        16.7888        -0.7888  (VIOLATED)
   u_NV_NVDLA_cmac/u_core/u_active/n98937
                             16.0000        16.7885        -0.7885  (VIOLATED)
   u_NV_NVDLA_cmac/u_core/u_active/n34725
                             16.0000        16.7880        -0.7880  (VIOLATED)
   u_NV_NVDLA_cmac/u_core/u_mac_3/u_tree_l4n2/n228
                             16.0000        16.7852        -0.7852  (VIOLATED)
   u_NV_NVDLA_cmac/u_core/u_mac_5/u_tree_l4n3/n292
                              8.0000         8.7828        -0.7828  (VIOLATED)
   u_NV_NVDLA_cmac/u_core/u_mac_5/u_nan/n2291
                             16.0000        16.7827        -0.7827  (VIOLATED)
   u_NV_NVDLA_cmac/u_core/u_mac_4/pp_out_l2n3_1[17]
                             16.0000        16.7825        -0.7825  (VIOLATED)
   u_NV_NVDLA_cmac/u_core/u_mac_1/u_exp/exp_sum_62[0]
                             16.0000        16.7816        -0.7816  (VIOLATED)
   u_NV_NVDLA_cmac/u_core/u_active/n22058
                             16.0000        16.7806        -0.7806  (VIOLATED)
   u_NV_NVDLA_cmac/u_core/wt2_actv_data[309]
                             16.0000        16.7801        -0.7801  (VIOLATED)
   u_NV_NVDLA_cmac/u_core/u_mac_4/u_mul_6/n96
                              8.0000         8.7795        -0.7795  (VIOLATED)
   u_NV_NVDLA_cmac/u_core/u_active/n96746
                             16.0000        16.7785        -0.7785  (VIOLATED)
   u_NV_NVDLA_cmac/u_core/u_mac_7/pp_out_l0n10_1[5]
                              8.0000         8.7769        -0.7769  (VIOLATED)
   u_NV_NVDLA_cmac/u_core/u_mac_4/u_mul_62/n296
                              8.0000         8.7766        -0.7766  (VIOLATED)
   u_NV_NVDLA_cmac/u_core/u_mac_6/ps_n0b2_wg[4]
                             16.0000        16.7756        -0.7756  (VIOLATED)
   u_NV_NVDLA_cmac/u_core/u_mac_4/u_tree_l0n04/n222
                              8.0000         8.7741        -0.7741  (VIOLATED)
   u_NV_NVDLA_cmac/u_core/u_mac_6/pp_out_l2n3_1[3]
                             16.0000        16.7739        -0.7739  (VIOLATED)
   u_NV_NVDLA_cmac/u_core/wt1_actv_data[862]
                             16.0000        16.7729        -0.7729  (VIOLATED)
   u_NV_NVDLA_cmac/u_core/u_mac_0/u_tree_l1n2/n67
                             16.0000        16.7727        -0.7727  (VIOLATED)
   u_NV_NVDLA_cmac/u_core/u_mac_3/u_tree_l1n0/n50
                             16.0000        16.7713        -0.7713  (VIOLATED)
   u_NV_NVDLA_cmac/u_core/u_mac_4/u_tree_l0n13/n333
                              8.0000         8.7710        -0.7710  (VIOLATED)
   u_NV_NVDLA_cmac/u_core/u_mac_4/pp_out_l2n5_0[27]
                             16.0000        16.7700        -0.7700  (VIOLATED)
   u_NV_NVDLA_cmac/u_core/u_mac_1/u_mul_34/n96
                              8.0000         8.7698        -0.7698  (VIOLATED)
   u_NV_NVDLA_cmac/u_core/u_mac_3/u_tree_l0n08/n423
                             16.0000        16.7692        -0.7692  (VIOLATED)
   u_NV_NVDLA_cmac/u_core/u_mac_4/u_tree_l4n1/n96
                             16.0000        16.7687        -0.7687  (VIOLATED)
   u_NV_NVDLA_cmac/u_core/u_mac_7/u_mul_49/n96
                              8.0000         8.7669        -0.7669  (VIOLATED)
   u_NV_NVDLA_cmac/u_core/u_mac_2/res_tag_52[7]
                             32.0000        32.7650        -0.7650  (VIOLATED)
   u_NV_NVDLA_cmac/u_core/wt3_actv_data[679]
                             16.0000        16.7642        -0.7642  (VIOLATED)
   u_NV_NVDLA_cmac/u_core/u_mac_5/pp_nan_mts_d1[2]
                             16.0000        16.7634        -0.7634  (VIOLATED)
   u_NV_NVDLA_cmac/u_core/u_mac_3/u_tree_l0n00/n464
                             16.0000        16.7624        -0.7624  (VIOLATED)
   u_NV_NVDLA_cmac/u_core/u_mac_5/pp_out_l0n02_1[12]
                              8.0000         8.7617        -0.7617  (VIOLATED)
   u_NV_NVDLA_cmac/u_core/u_mac_1/u_exp/exp_sum_51[1]
                             16.0000        16.7608        -0.7608  (VIOLATED)
   u_NV_NVDLA_cmac/u_core/u_mac_3/pp_out_l2n7_0[37]
                             16.0000        16.7607        -0.7607  (VIOLATED)
   u_NV_NVDLA_cmac/u_core/u_mac_0/pp_out_l0n02_0[12]
                             16.0000        16.7583        -0.7583  (VIOLATED)
   u_NV_NVDLA_cmac/u_core/wt2_actv_data[849]
                             16.0000        16.7577        -0.7577  (VIOLATED)
   u_NV_NVDLA_cmac/u_core/u_mac_5/n7362
                             16.0000        16.7559        -0.7559  (VIOLATED)
   u_NV_NVDLA_cmac/u_core/u_mac_2/sop_3[11]
                             16.0000        16.7549        -0.7549  (VIOLATED)
   u_NV_NVDLA_cmac/u_core/wt6_actv_data[925]
                             16.0000        16.7549        -0.7549  (VIOLATED)
   u_NV_NVDLA_cmac/u_core/u_mac_2/pp_out_l2n6_1[21]
                              8.0000         8.7504        -0.7504  (VIOLATED)
   u_NV_NVDLA_cmac/u_core/u_mac_1/u_tree_l2n2/n110
                             16.0000        16.7503        -0.7503  (VIOLATED)
   u_NV_NVDLA_cmac/u_core/u_mac_6/u_tree_l0n13/n262
                              8.0000         8.7485        -0.7485  (VIOLATED)
   u_NV_NVDLA_cmac/u_core/u_active/n96117
                             16.0000        16.7481        -0.7481  (VIOLATED)
   u_NV_NVDLA_cmac/u_core/u_mac_3/pp_out_l2n4_0[23]
                             16.0000        16.7455        -0.7455  (VIOLATED)
   u_NV_NVDLA_cmac/u_core/u_mac_1/pp_out_l2n3_0[10]
                             16.0000        16.7424        -0.7424  (VIOLATED)
   u_NV_NVDLA_cmac/u_core/u_mac_4/pp_out_l1n4_1[18]
                             16.0000        16.7412        -0.7412  (VIOLATED)
   u_NV_NVDLA_cmac/u_core/u_mac_0/exp_sft_19[3]
                             16.0000        16.7400        -0.7400  (VIOLATED)
   u_NV_NVDLA_cmac/u_core/u_mac_0/pp_out_l0n06_0[20]
                             16.0000        16.7394        -0.7394  (VIOLATED)
   u_NV_NVDLA_cmac/u_core/u_mac_1/u_tree_l0n00/n473
                             16.0000        16.7386        -0.7386  (VIOLATED)
   u_NV_NVDLA_cmac/u_core/u_mac_7/u_tree_l2n6/n78
                             16.0000        16.7381        -0.7381  (VIOLATED)
   u_NV_NVDLA_cmac/u_core/u_mac_5/pp_out_l0n02_1[10]
                              8.0000         8.7371        -0.7371  (VIOLATED)
   u_NV_NVDLA_cmac/u_core/u_mac_6/u_tree_l2n3/n104
                             16.0000        16.7353        -0.7353  (VIOLATED)
   u_NV_NVDLA_cmac/u_core/u_mac_6/u_tree_l2n3/n98
                             16.0000        16.7339        -0.7339  (VIOLATED)
   u_NV_NVDLA_cmac/u_core/u_mac_5/pp_out_l2n5_1[15]
                             16.0000        16.7337        -0.7337  (VIOLATED)
   u_NV_NVDLA_cmac/u_core/u_mac_0/u_tree_l2n3/n111
                             16.0000        16.7331        -0.7331  (VIOLATED)
   u_NV_NVDLA_cmac/u_core/u_active/n48186
                             16.0000        16.7330        -0.7330  (VIOLATED)
   u_NV_NVDLA_cmac/u_core/u_mac_4/u_nan/n2927
                             16.0000        16.7302        -0.7302  (VIOLATED)
   u_NV_NVDLA_cmac/u_core/u_active/n34667
                             16.0000        16.7299        -0.7299  (VIOLATED)
   u_NV_NVDLA_cmac/u_core/wt1_actv_data[286]
                             16.0000        16.7295        -0.7295  (VIOLATED)
   u_NV_NVDLA_cmac/u_core/u_mac_3/u_tree_l0n08/n404
                             16.0000        16.7290        -0.7290  (VIOLATED)
   u_NV_NVDLA_cmac/u_core/u_mac_2/u_mul_32/n316
                             16.0000        16.7289        -0.7289  (VIOLATED)
   u_NV_NVDLA_cmac/u_core/wt6_actv_data[621]
                             16.0000        16.7283        -0.7283  (VIOLATED)
   u_NV_NVDLA_cmac/u_core/u_mac_4/u_tree_l0n09/n358
                             16.0000        16.7283        -0.7283  (VIOLATED)
   u_NV_NVDLA_cmac/u_core/u_mac_5/n8796
                              8.0000         8.7269        -0.7269  (VIOLATED)
   u_NV_NVDLA_cmac/u_core/u_active/n101297
                             16.0000        16.7262        -0.7262  (VIOLATED)
   u_NV_NVDLA_cmac/u_core/u_active/n95507
                             16.0000        16.7261        -0.7261  (VIOLATED)
   u_NV_NVDLA_cmac/u_core/u_mac_4/pp_out_l1n4_0[14]
                             16.0000        16.7251        -0.7251  (VIOLATED)
   u_NV_NVDLA_cmac/u_core/u_mac_7/n7000
                             16.0000        16.7247        -0.7247  (VIOLATED)
   u_NV_NVDLA_cmac/u_core/u_mac_7/pp_out_l0n06_1[14]
                              8.0000         8.7238        -0.7238  (VIOLATED)
   u_NV_NVDLA_cmac/u_core/u_mac_6/u_tree_l0n05/n411
                             16.0000        16.7229        -0.7229  (VIOLATED)
   u_NV_NVDLA_cmac/u_core/u_mac_5/u_exp/n5746
                             16.0000        16.7214        -0.7214  (VIOLATED)
   u_NV_NVDLA_cmac/u_core/u_active/n46800
                             16.0000        16.7212        -0.7212  (VIOLATED)
   u_NV_NVDLA_cmac/u_core/u_active/n38674
                             16.0000        16.7174        -0.7174  (VIOLATED)
   u_NV_NVDLA_cmac/u_core/u_active/n38684
                             16.0000        16.7174        -0.7174  (VIOLATED)
   u_NV_NVDLA_cmac/u_core/u_mac_6/pp_out_l2n3_0[22]
                             16.0000        16.7171        -0.7171  (VIOLATED)
   u_NV_NVDLA_cmac/u_core/u_mac_3/pp_out_l0n06_1[19]
                              8.0000         8.7139        -0.7139  (VIOLATED)
   u_NV_NVDLA_cmac/u_core/u_mac_4/u_tree_l4n2/n216
                             16.0000        16.7137        -0.7137  (VIOLATED)
   u_NV_NVDLA_cmac/u_core/u_mac_5/u_tree_l1n4/n45
                             16.0000        16.7135        -0.7135  (VIOLATED)
   u_NV_NVDLA_cmac/u_core/u_mac_7/pp_in_l2n0_2[3]
                             16.0000        16.7128        -0.7128  (VIOLATED)
   u_NV_NVDLA_cmac/u_core/u_mac_3/pp_out_l2n4_1[15]
                             16.0000        16.7126        -0.7126  (VIOLATED)
   u_NV_NVDLA_cmac/u_core/u_mac_1/pp_out_l0n02_1[5]
                              8.0000         8.7125        -0.7125  (VIOLATED)
   u_NV_NVDLA_cmac/u_core/u_active/n34678
                             16.0000        16.7117        -0.7117  (VIOLATED)
   u_NV_NVDLA_cmac/u_core/u_mac_6/pp_out_l0n08_1[15]
                             16.0000        16.7115        -0.7115  (VIOLATED)
   u_NV_NVDLA_cmac/u_core/u_mac_7/pp_out_l0n10_1[4]
                              8.0000         8.7088        -0.7088  (VIOLATED)
   u_NV_NVDLA_cmac/u_core/u_mac_1/pp_out_l2n3_0[1]
                             16.0000        16.7084        -0.7084  (VIOLATED)
   u_NV_NVDLA_cmac/u_core/u_active/n43728
                             16.0000        16.7059        -0.7059  (VIOLATED)
   u_NV_NVDLA_cmac/u_core/u_mac_3/u_exp/n4757
                             16.0000        16.7058        -0.7058  (VIOLATED)
   u_NV_NVDLA_cmac/u_core/u_mac_1/u_tree_l0n09/n302
                              8.0000         8.7053        -0.7053  (VIOLATED)
   u_NV_NVDLA_cmac/u_core/u_mac_2/u_nan/n328
                             16.0000        16.7040        -0.7040  (VIOLATED)
   u_NV_NVDLA_cmac/u_core/u_mac_6/u_tree_l2n3/n2
                             16.0000        16.7032        -0.7032  (VIOLATED)
   u_NV_NVDLA_cmac/u_core/u_mac_5/pp_out_l1n0_0[13]
                             16.0000        16.7021        -0.7021  (VIOLATED)
   u_NV_NVDLA_cmac/u_core/u_active/n21881
                             16.0000        16.7020        -0.7020  (VIOLATED)
   u_NV_NVDLA_cmac/u_core/u_mac_4/u_tree_l4n3/n188
                             16.0000        16.7011        -0.7011  (VIOLATED)
   u_NV_NVDLA_cmac/u_core/out_data5[75]
                              8.0000         8.7006        -0.7006  (VIOLATED)
   u_NV_NVDLA_cmac/u_core/u_active/n101215
                             16.0000        16.7001        -0.7001  (VIOLATED)
   u_NV_NVDLA_cmac/u_core/u_mac_3/pp_out_l0n05_1_d1[34]
                             16.0000        16.6977        -0.6977  (VIOLATED)
   u_NV_NVDLA_cmac/u_core/u_mac_6/pp_out_l2n3_1[22]
                             16.0000        16.6977        -0.6977  (VIOLATED)
   u_NV_NVDLA_cmac/u_core/u_mac_6/pp_in_l2n7_2[0]
                             16.0000        16.6966        -0.6966  (VIOLATED)
   u_NV_NVDLA_cmac/u_core/u_active/n74656
                             16.0000        16.6954        -0.6954  (VIOLATED)
   u_NV_NVDLA_cmac/u_core/u_mac_7/u_mul_16/n303
                              8.0000         8.6951        -0.6951  (VIOLATED)
   u_NV_NVDLA_cmac/u_core/u_mac_1/pp_in_l1n2_3[33]
                             16.0000        16.6940        -0.6940  (VIOLATED)
   u_NV_NVDLA_cmac/u_core/u_active/n38682
                             16.0000        16.6925        -0.6925  (VIOLATED)
   u_NV_NVDLA_cmac/u_core/u_mac_2/sop_1[10]
                             16.0000        16.6924        -0.6924  (VIOLATED)
   u_NV_NVDLA_cmac/u_core/u_mac_6/u_tree_l2n3/n105
                             16.0000        16.6922        -0.6922  (VIOLATED)
   u_NV_NVDLA_cmac/u_core/u_active/n98472
                             16.0000        16.6902        -0.6902  (VIOLATED)
   u_NV_NVDLA_cmac/u_core/u_active/n34670
                             16.0000        16.6881        -0.6881  (VIOLATED)
   u_NV_NVDLA_cmac/u_core/u_mac_5/ps_n0b6_wg[5]
                             16.0000        16.6874        -0.6874  (VIOLATED)
   u_NV_NVDLA_cmac/u_core/u_mac_5/u_mul_32/n294
                             16.0000        16.6861        -0.6861  (VIOLATED)
   u_NV_NVDLA_cmac/u_core/u_mac_7/pp_in_l2n0_2[6]
                             16.0000        16.6855        -0.6855  (VIOLATED)
   u_NV_NVDLA_cmac/u_core/u_mac_4/pp_out_l2n3_1[16]
                             16.0000        16.6851        -0.6851  (VIOLATED)
   u_NV_NVDLA_cmac/u_core/u_mac_1/add_x_1128/n1853
                              8.0000         8.6831        -0.6831  (VIOLATED)
   u_NV_NVDLA_cmac/u_core/u_mac_1/u_tree_l4n0/n105
                             16.0000        16.6828        -0.6828  (VIOLATED)
   u_NV_NVDLA_cmac/u_core/u_mac_0/u_mul_25/n225
                             32.0000        32.6824        -0.6824  (VIOLATED)
   u_NV_NVDLA_cmac/u_core/u_mac_5/u_tree_l2n1/n128
                             16.0000        16.6809        -0.6809  (VIOLATED)
   u_NV_NVDLA_cmac/u_core/u_mac_1/pp_in_l1n2_2[32]
                             16.0000        16.6796        -0.6796  (VIOLATED)
   u_NV_NVDLA_cmac/u_core/u_mac_4/pp_out_l0n12_1[23]
                             16.0000        16.6795        -0.6795  (VIOLATED)
   u_NV_NVDLA_cmac/u_core/u_mac_7/pp_out_l0n10_1[6]
                              8.0000         8.6794        -0.6794  (VIOLATED)
   u_NV_NVDLA_cmac/u_core/u_mac_0/u_mul_26/n300
                             32.0000        32.6786        -0.6786  (VIOLATED)
   u_NV_NVDLA_cmac/u_core/u_mac_6/pp_out_l0n13_0_d1[35]
                             16.0000        16.6778        -0.6778  (VIOLATED)
   u_NV_NVDLA_cmac/u_core/u_active/n84550
                             16.0000        16.6768        -0.6768  (VIOLATED)
   u_NV_NVDLA_cmac/u_core/u_mac_3/u_exp/exp_sum_55[3]
                             16.0000        16.6753        -0.6753  (VIOLATED)
   u_NV_NVDLA_cmac/u_core/u_active/n37533
                             16.0000        16.6733        -0.6733  (VIOLATED)
   u_NV_NVDLA_cmac/u_core/u_mac_4/u_tree_l0n13/n302
                              8.0000         8.6730        -0.6730  (VIOLATED)
   u_NV_NVDLA_cmac/u_core/u_mac_6/res_tag_3[6]
                             82.0000        82.6723        -0.6723  (VIOLATED)
   u_NV_NVDLA_cmac/u_core/u_mac_3/u_tree_l0n08/n429
                             16.0000        16.6715        -0.6715  (VIOLATED)
   u_NV_NVDLA_cmac/u_core/u_mac_2/u_nan/n1041
                             16.0000        16.6707        -0.6707  (VIOLATED)
   u_NV_NVDLA_cmac/u_core/u_mac_2/pp_out_l2n5_1[2]
                             16.0000        16.6699        -0.6699  (VIOLATED)
   u_NV_NVDLA_cmac/u_core/u_mac_4/pp_out_l2n7_0[11]
                             16.0000        16.6695        -0.6695  (VIOLATED)
   u_NV_NVDLA_cmac/u_core/u_mac_5/u_nan/n2944
                              8.0000         8.6695        -0.6695  (VIOLATED)
   u_NV_NVDLA_cmac/u_core/u_active/n34729
                             16.0000        16.6692        -0.6692  (VIOLATED)
   u_NV_NVDLA_cmac/u_core/u_active/n48180
                             16.0000        16.6685        -0.6685  (VIOLATED)
   u_NV_NVDLA_cmac/u_core/u_active/n97945
                             16.0000        16.6683        -0.6683  (VIOLATED)
   u_NV_NVDLA_cmac/u_core/u_mac_3/u_mul_17/n298
                             16.0000        16.6672        -0.6672  (VIOLATED)
   u_NV_NVDLA_cmac/u_core/u_mac_5/add_x_857/n230
                             16.0000        16.6662        -0.6662  (VIOLATED)
   u_NV_NVDLA_cmac/u_core/u_active/n11726
                              8.0000         8.6636        -0.6636  (VIOLATED)
   u_NV_NVDLA_cmac/u_core/u_mac_4/u_nan/n1604
                             16.0000        16.6626        -0.6626  (VIOLATED)
   u_NV_NVDLA_cmac/u_core/u_mac_5/u_tree_l1n0/n64
                             16.0000        16.6620        -0.6620  (VIOLATED)
   u_NV_NVDLA_cmac/u_core/u_active/n84411
                             16.0000        16.6614        -0.6614  (VIOLATED)
   u_NV_NVDLA_cmac/u_core/u_active/n37539
                             16.0000        16.6586        -0.6586  (VIOLATED)
   u_NV_NVDLA_cmac/u_core/u_active/n99613
                             16.0000        16.6582        -0.6582  (VIOLATED)
   u_NV_NVDLA_cmac/u_core/u_mac_4/pp_out_l2n3_0[13]
                             16.0000        16.6574        -0.6574  (VIOLATED)
   u_NV_NVDLA_cmac/u_core/u_mac_0/out_nan_pvld
                             16.0000        16.6572        -0.6572  (VIOLATED)
   u_NV_NVDLA_cmac/u_core/u_active/n48156
                             16.0000        16.6570        -0.6570  (VIOLATED)
   u_NV_NVDLA_cmac/u_core/wt5_actv_data[961]
                             16.0000        16.6563        -0.6563  (VIOLATED)
   u_NV_NVDLA_cmac/u_core/u_mac_6/pp_out_l0n13_0_d1[34]
                             16.0000        16.6542        -0.6542  (VIOLATED)
   u_NV_NVDLA_cmac/u_core/wt5_actv_data[960]
                             16.0000        16.6539        -0.6539  (VIOLATED)
   u_NV_NVDLA_cmac/u_core/u_mac_1/u_tree_l2n2/n107
                             16.0000        16.6531        -0.6531  (VIOLATED)
   u_NV_NVDLA_cmac/u_core/u_mac_5/u_tree_l0n13/n413
                             16.0000        16.6517        -0.6517  (VIOLATED)
   u_NV_NVDLA_cmac/u_core/u_mac_7/u_nan/n808
                             16.0000        16.6513        -0.6513  (VIOLATED)
   u_NV_NVDLA_cmac/u_core/u_mac_2/u_nan/n1761
                             16.0000        16.6507        -0.6507  (VIOLATED)
   u_NV_NVDLA_cmac/u_core/u_active/n47916
                             16.0000        16.6497        -0.6497  (VIOLATED)
   u_NV_NVDLA_cmac/u_core/u_mac_5/u_mul_17/n294
                              8.0000         8.6488        -0.6488  (VIOLATED)
   u_NV_NVDLA_cmac/u_core/u_mac_4/u_mul_31/n305
                             16.0000        16.6487        -0.6487  (VIOLATED)
   u_NV_NVDLA_cmac/u_core/u_mac_5/pp_out_l1n0_1[13]
                             16.0000        16.6483        -0.6483  (VIOLATED)
   u_NV_NVDLA_cmac/u_core/u_mac_5/pp_out_l2n5_1[2]
                             16.0000        16.6482        -0.6482  (VIOLATED)
   u_NV_NVDLA_cmac/u_core/u_mac_5/u_mul_0/n296
                             16.0000        16.6475        -0.6475  (VIOLATED)
   u_NV_NVDLA_cmac/u_core/u_mac_0/u_tree_l2n3/n105
                             16.0000        16.6475        -0.6475  (VIOLATED)
   u_NV_NVDLA_cmac/u_core/u_mac_5/res_tag_63[2]
                             16.0000        16.6470        -0.6470  (VIOLATED)
   u_NV_NVDLA_cmac/u_core/wt2_actv_data[314]
                             16.0000        16.6470        -0.6470  (VIOLATED)
   u_NV_NVDLA_cmac/u_core/u_mac_3/u_mul_58/n225
                             32.0000        32.6453        -0.6453  (VIOLATED)
   u_NV_NVDLA_cmac/u_core/u_mac_5/pp_out_l1n6_0[39]
                              8.0000         8.6444        -0.6444  (VIOLATED)
   u_NV_NVDLA_cmac/u_core/u_mac_1/add_x_1128/n1850
                              8.0000         8.6435        -0.6435  (VIOLATED)
   u_NV_NVDLA_cmac/u_core/u_mac_6/u_tree_l2n4/n121
                             16.0000        16.6428        -0.6428  (VIOLATED)
   u_NV_NVDLA_cmac/u_core/u_mac_3/u_tree_l0n05/n432
                             16.0000        16.6427        -0.6427  (VIOLATED)
   u_NV_NVDLA_cmac/u_core/u_mac_1/pp_out_l2n3_1[17]
                             16.0000        16.6424        -0.6424  (VIOLATED)
   u_NV_NVDLA_cmac/u_core/u_mac_4/u_nan/n1868
                             16.0000        16.6418        -0.6418  (VIOLATED)
   u_NV_NVDLA_cmac/u_core/u_mac_5/pp_out_l0n02_1[17]
                              8.0000         8.6393        -0.6393  (VIOLATED)
   u_NV_NVDLA_cmac/u_core/u_mac_7/pp_out_l0n02_1[19]
                              8.0000         8.6390        -0.6390  (VIOLATED)
   u_NV_NVDLA_cmac/u_core/u_active/n37428
                             16.0000        16.6382        -0.6382  (VIOLATED)
   u_NV_NVDLA_cmac/u_core/u_mac_3/u_tree_l0n05/n446
                             16.0000        16.6365        -0.6365  (VIOLATED)
   u_NV_NVDLA_cmac/u_core/u_mac_6/u_nan/n1077
                             16.0000        16.6347        -0.6347  (VIOLATED)
   u_NV_NVDLA_cmac/u_core/u_mac_6/u_tree_l0n05/n394
                             16.0000        16.6329        -0.6329  (VIOLATED)
   u_NV_NVDLA_cmac/u_core/u_mac_4/pp_out_l1n4_1[31]
                             16.0000        16.6296        -0.6296  (VIOLATED)
   u_NV_NVDLA_cmac/u_core/u_active/n48612
                             16.0000        16.6293        -0.6293  (VIOLATED)
   u_NV_NVDLA_cmac/u_core/u_mac_0/u_mul_42/n300
                              8.0000         8.6290        -0.6290  (VIOLATED)
   u_NV_NVDLA_cmac/u_core/u_mac_4/exp_sft_32[3]
                             16.0000        16.6289        -0.6289  (VIOLATED)
   u_NV_NVDLA_cmac/u_core/u_active/n26783
                             16.0000        16.6273        -0.6273  (VIOLATED)
   u_NV_NVDLA_cmac/u_core/wt1_actv_data[302]
                             16.0000        16.6268        -0.6268  (VIOLATED)
   u_NV_NVDLA_cmac/u_core/u_active/n84549
                             16.0000        16.6258        -0.6258  (VIOLATED)
   u_NV_NVDLA_cmac/u_core/u_mac_2/pp_out_l2n3_1[22]
                             16.0000        16.6249        -0.6249  (VIOLATED)
   u_NV_NVDLA_cmac/u_core/out_data4[76]
                              8.0000         8.6230        -0.6230  (VIOLATED)
   u_NV_NVDLA_cmac/u_core/u_mac_2/u_mul_52/n294
                             16.0000        16.6227        -0.6227  (VIOLATED)
   u_NV_NVDLA_cmac/u_core/u_mac_4/u_tree_l0n13/n376
                             16.0000        16.6225        -0.6225  (VIOLATED)
   u_NV_NVDLA_cmac/u_core/u_mac_7/pp_out_l0n00_1_d1[20]
                             16.0000        16.6221        -0.6221  (VIOLATED)
   u_NV_NVDLA_cmac/u_core/u_mac_6/u_tree_l2n3/n121
                             16.0000        16.6212        -0.6212  (VIOLATED)
   u_NV_NVDLA_cmac/u_core/u_mac_0/exp_sft_24[3]
                             16.0000        16.6209        -0.6209  (VIOLATED)
   u_NV_NVDLA_cmac/u_core/u_mac_5/pp_out_l0n09_0_d1[14]
                             16.0000        16.6205        -0.6205  (VIOLATED)
   u_NV_NVDLA_cmac/u_core/u_mac_7/pp_out_l0n12_1[5]
                              8.0000         8.6205        -0.6205  (VIOLATED)
   u_NV_NVDLA_cmac/u_core/u_mac_4/pp_out_l2n4_0[27]
                             16.0000        16.6197        -0.6197  (VIOLATED)
   u_NV_NVDLA_cmac/u_core/u_active/n96093
                             16.0000        16.6193        -0.6193  (VIOLATED)
   u_NV_NVDLA_cmac/u_core/u_mac_1/u_nan/n3038
                             16.0000        16.6186        -0.6186  (VIOLATED)
   u_NV_NVDLA_cmac/u_core/u_mac_7/u_nan/n606
                             16.0000        16.6183        -0.6183  (VIOLATED)
   u_NV_NVDLA_cmac/u_core/u_mac_4/u_tree_l0n04/n292
                              8.0000         8.6178        -0.6178  (VIOLATED)
   u_NV_NVDLA_cmac/u_core/u_mac_0/pp_out_l0n15_0_d1[34]
                             16.0000        16.6173        -0.6173  (VIOLATED)
   u_NV_NVDLA_cmac/u_core/u_mac_1/pp_in_l1n0_2[24]
                             16.0000        16.6169        -0.6169  (VIOLATED)
   u_NV_NVDLA_cmac/u_core/u_mac_5/u_mul_58/n303
                             16.0000        16.6167        -0.6167  (VIOLATED)
   u_NV_NVDLA_cmac/u_core/u_mac_0/add_x_1126/n1827
                              8.0000         8.6127        -0.6127  (VIOLATED)
   u_NV_NVDLA_cmac/u_core/u_mac_6/pp_out_l2n4_0[17]
                             16.0000        16.6106        -0.6106  (VIOLATED)
   u_NV_NVDLA_cmac/u_core/u_mac_2/n3888
                             16.0000        16.6097        -0.6097  (VIOLATED)
   u_NV_NVDLA_cmac/u_core/u_mac_4/pp_out_l2n3_0[6]
                             16.0000        16.6079        -0.6079  (VIOLATED)
   u_NV_NVDLA_cmac/u_core/u_mac_6/u_tree_l2n3/n99
                             16.0000        16.6078        -0.6078  (VIOLATED)
   u_NV_NVDLA_cmac/u_core/u_mac_3/u_nan/n2962
                             16.0000        16.6068        -0.6068  (VIOLATED)
   u_NV_NVDLA_cmac/u_core/u_mac_5/pp_nan_mts_d1[3]
                             16.0000        16.6062        -0.6062  (VIOLATED)
   u_NV_NVDLA_cmac/u_core/u_active/n26420
                              8.0000         8.6049        -0.6049  (VIOLATED)
   u_NV_NVDLA_cmac/u_core/u_mac_4/pp_out_l0n08_0[28]
                             16.0000        16.6042        -0.6042  (VIOLATED)
   u_NV_NVDLA_cmac/u_core/u_mac_5/u_mul_6/n306
                             32.0000        32.6034        -0.6034  (VIOLATED)
   u_NV_NVDLA_cmac/u_core/u_mac_1/u_mul_28/n298
                              8.0000         8.6030        -0.6030  (VIOLATED)
   u_NV_NVDLA_cmac/u_core/u_mac_3/u_tree_l0n05/n437
                             16.0000        16.6021        -0.6021  (VIOLATED)
   u_NV_NVDLA_cmac/u_core/u_active/n30728
                             16.0000        16.6014        -0.6014  (VIOLATED)
   u_NV_NVDLA_cmac/u_core/u_mac_6/u_mul_39/n305
                             16.0000        16.6010        -0.6010  (VIOLATED)
   u_NV_NVDLA_cmac/u_core/u_mac_4/pp_out_l1n4_1[24]
                             16.0000        16.5995        -0.5995  (VIOLATED)
   u_NV_NVDLA_cmac/u_core/u_mac_3/pp_out_l2n4_0[15]
                             16.0000        16.5990        -0.5990  (VIOLATED)
   u_NV_NVDLA_cmac/u_core/u_active/n100866
                             16.0000        16.5988        -0.5988  (VIOLATED)
   u_NV_NVDLA_cmac/u_core/u_mac_4/pp_out_l2n5_1[27]
                             16.0000        16.5982        -0.5982  (VIOLATED)
   u_NV_NVDLA_cmac/u_core/u_mac_4/n3329
                             32.0000        32.5968        -0.5968  (VIOLATED)
   u_NV_NVDLA_cmac/u_core/u_mac_4/u_tree_l0n13/n370
                             16.0000        16.5955        -0.5955  (VIOLATED)
   u_NV_NVDLA_cmac/u_core/u_mac_6/pp_out_l2n4_1[18]
                             16.0000        16.5931        -0.5931  (VIOLATED)
   u_NV_NVDLA_cmac/u_core/u_mac_1/u_tree_l2n7/n139
                              8.0000         8.5915        -0.5915  (VIOLATED)
   u_NV_NVDLA_cmac/u_core/u_mac_3/u_nan/n3075
                              8.0000         8.5901        -0.5901  (VIOLATED)
   u_NV_NVDLA_cmac/u_core/u_active/n14424
                             16.0000        16.5872        -0.5872  (VIOLATED)
   u_NV_NVDLA_cmac/u_core/u_mac_0/u_tree_l1n4/n49
                             16.0000        16.5870        -0.5870  (VIOLATED)
   u_NV_NVDLA_cmac/u_core/u_active/n96249
                             16.0000        16.5845        -0.5845  (VIOLATED)
   u_NV_NVDLA_cmac/u_core/u_mac_3/pp_out_l2n3_1[17]
                              8.0000         8.5841        -0.5841  (VIOLATED)
   u_NV_NVDLA_cmac/u_core/u_active/n14420
                             16.0000        16.5825        -0.5825  (VIOLATED)
   u_NV_NVDLA_cmac/u_core/u_active/n100596
                             16.0000        16.5821        -0.5821  (VIOLATED)
   u_NV_NVDLA_cmac/u_core/u_mac_3/u_nan/n2279
                             16.0000        16.5779        -0.5779  (VIOLATED)
   u_NV_NVDLA_cmac/u_core/u_active/n101462
                             16.0000        16.5772        -0.5772  (VIOLATED)
   u_NV_NVDLA_cmac/u_core/u_active/n94452
                             16.0000        16.5765        -0.5765  (VIOLATED)
   u_NV_NVDLA_cmac/u_core/u_mac_4/u_nan/n2948
                             16.0000        16.5746        -0.5746  (VIOLATED)
   u_NV_NVDLA_cmac/u_core/u_mac_5/n3435
                             64.0000        64.5746        -0.5746  (VIOLATED)
   u_NV_NVDLA_cmac/u_core/u_active/n93990
                             16.0000        16.5743        -0.5743  (VIOLATED)
   u_NV_NVDLA_cmac/u_core/u_mac_2/u_mul_14/n297
                             16.0000        16.5736        -0.5736  (VIOLATED)
   u_NV_NVDLA_cmac/u_core/u_mac_2/u_nan/n2983
                             16.0000        16.5732        -0.5732  (VIOLATED)
   u_NV_NVDLA_cmac/u_core/u_mac_7/pp_in_l2n0_2[11]
                             16.0000        16.5714        -0.5714  (VIOLATED)
   u_NV_NVDLA_cmac/u_core/u_mac_7/pp_out_l2n2_1[38]
                             16.0000        16.5688        -0.5688  (VIOLATED)
   u_NV_NVDLA_cmac/u_core/u_mac_0/pp_out_l0n02_0[10]
                             16.0000        16.5678        -0.5678  (VIOLATED)
   u_NV_NVDLA_cmac/u_core/u_mac_1/u_exp/exp_sum_62[2]
                             16.0000        16.5667        -0.5667  (VIOLATED)
   u_NV_NVDLA_cmac/u_core/u_mac_4/pp_out_l2n7_0[12]
                             16.0000        16.5663        -0.5663  (VIOLATED)
   u_NV_NVDLA_cmac/u_core/u_mac_2/u_mul_21/n225
                             32.0000        32.5646        -0.5646  (VIOLATED)
   u_NV_NVDLA_cmac/u_core/u_active/n84553
                             16.0000        16.5619        -0.5619  (VIOLATED)
   u_NV_NVDLA_cmac/u_core/u_active/n95935
                             16.0000        16.5616        -0.5616  (VIOLATED)
   u_NV_NVDLA_cmac/u_core/u_active/n24328
                             16.0000        16.5584        -0.5584  (VIOLATED)
   u_NV_NVDLA_cmac/u_core/u_active/n83721
                             16.0000        16.5562        -0.5562  (VIOLATED)
   u_NV_NVDLA_cmac/u_core/u_mac_4/pp_out_l1n4_1[37]
                             16.0000        16.5562        -0.5562  (VIOLATED)
   u_NV_NVDLA_cmac/u_core/u_mac_1/u_tree_l0n01/n459
                             16.0000        16.5545        -0.5545  (VIOLATED)
   u_NV_NVDLA_cmac/u_core/u_mac_7/ps_n0b4_wg[4]
                              8.0000         8.5545        -0.5545  (VIOLATED)
   u_NV_NVDLA_cmac/u_core/u_mac_3/u_tree_l0n08/n411
                             16.0000        16.5541        -0.5541  (VIOLATED)
   u_NV_NVDLA_cmac/u_core/u_mac_5/u_mul_27/n309
                             16.0000        16.5517        -0.5517  (VIOLATED)
   u_NV_NVDLA_cmac/u_core/u_mac_1/pp_out_l2n7_0[11]
                             16.0000        16.5514        -0.5514  (VIOLATED)
   u_NV_NVDLA_cmac/u_core/u_mac_4/n2647
                             32.0000        32.5511        -0.5511  (VIOLATED)
   u_NV_NVDLA_cmac/u_core/u_mac_4/n9344
                              8.0000         8.5501        -0.5501  (VIOLATED)
   u_NV_NVDLA_cmac/u_core/u_active/n34721
                             16.0000        16.5461        -0.5461  (VIOLATED)
   u_NV_NVDLA_cmac/u_core/u_mac_7/pp_out_l2n2_0[35]
                             16.0000        16.5458        -0.5458  (VIOLATED)
   u_NV_NVDLA_cmac/u_core/u_mac_2/ps_n0b2_wg[4]
                              8.0000         8.5457        -0.5457  (VIOLATED)
   u_NV_NVDLA_cmac/u_core/u_active/n34676
                             16.0000        16.5442        -0.5442  (VIOLATED)
   u_NV_NVDLA_cmac/u_core/u_mac_1/pp_out_l2n3_0[6]
                             16.0000        16.5436        -0.5436  (VIOLATED)
   u_NV_NVDLA_cmac/u_core/u_active/n25724
                             16.0000        16.5420        -0.5420  (VIOLATED)
   u_NV_NVDLA_cmac/u_core/u_active/n48164
                             16.0000        16.5418        -0.5418  (VIOLATED)
   u_NV_NVDLA_cmac/u_core/u_mac_6/n9207
                             16.0000        16.5403        -0.5403  (VIOLATED)
   u_NV_NVDLA_cmac/u_core/u_active/n21888
                             16.0000        16.5399        -0.5399  (VIOLATED)
   u_NV_NVDLA_cmac/u_core/u_mac_4/u_exp/n5213
                             16.0000        16.5396        -0.5396  (VIOLATED)
   u_NV_NVDLA_cmac/u_core/u_mac_1/pp_out_l0n02_1[3]
                              8.0000         8.5376        -0.5376  (VIOLATED)
   u_NV_NVDLA_cmac/u_core/u_mac_6/pp_out_l2n3_0[24]
                             16.0000        16.5366        -0.5366  (VIOLATED)
   u_NV_NVDLA_cmac/u_core/u_active/n48168
                             16.0000        16.5361        -0.5361  (VIOLATED)
   u_NV_NVDLA_cmac/u_core/u_mac_5/pp_nan_mts_d1[10]
                             16.0000        16.5349        -0.5349  (VIOLATED)
   u_NV_NVDLA_cmac/u_core/u_mac_3/pp_out_l2n4_1[27]
                             16.0000        16.5347        -0.5347  (VIOLATED)
   u_NV_NVDLA_cmac/u_core/u_active/n30714
                             16.0000        16.5345        -0.5345  (VIOLATED)
   u_NV_NVDLA_cmac/u_core/u_mac_3/u_tree_l0n13/n312
                              8.0000         8.5344        -0.5344  (VIOLATED)
   u_NV_NVDLA_cmac/u_core/u_mac_3/pp_out_l2n5_0[36]
                             16.0000        16.5322        -0.5322  (VIOLATED)
   u_NV_NVDLA_cmac/u_core/u_active/n6242
                             16.0000        16.5319        -0.5319  (VIOLATED)
   u_NV_NVDLA_cmac/u_core/u_mac_5/out_nan_mts[8]
                             16.0000        16.5305        -0.5305  (VIOLATED)
   u_NV_NVDLA_cmac/u_core/u_mac_5/u_exp/n4661
                             16.0000        16.5292        -0.5292  (VIOLATED)
   u_NV_NVDLA_cmac/u_core/u_active/n37427
                             16.0000        16.5285        -0.5285  (VIOLATED)
   u_NV_NVDLA_cmac/u_core/u_mac_7/pp_out_l0n09_1[28]
                             16.0000        16.5264        -0.5264  (VIOLATED)
   u_NV_NVDLA_cmac/u_core/u_mac_4/pp_out_l1n4_0[38]
                             16.0000        16.5260        -0.5260  (VIOLATED)
   u_NV_NVDLA_cmac/u_core/u_mac_7/sop_0[4]
                              8.0000         8.5250        -0.5250  (VIOLATED)
   u_NV_NVDLA_cmac/u_core/u_mac_6/sop_1[2]
                              8.0000         8.5248        -0.5248  (VIOLATED)
   u_NV_NVDLA_cmac/u_core/u_active/n84551
                             16.0000        16.5241        -0.5241  (VIOLATED)
   u_NV_NVDLA_cmac/u_core/u_active/n13566
                             16.0000        16.5238        -0.5238  (VIOLATED)
   u_NV_NVDLA_cmac/u_core/u_mac_1/pp_out_l2n7_1[14]
                             16.0000        16.5227        -0.5227  (VIOLATED)
   u_NV_NVDLA_cmac/u_core/u_mac_5/u_tree_l0n13/n412
                             16.0000        16.5220        -0.5220  (VIOLATED)
   u_NV_NVDLA_cmac/u_core/u_mac_4/pp_out_l2n3_1[11]
                             16.0000        16.5198        -0.5198  (VIOLATED)
   u_NV_NVDLA_cmac/u_core/u_active/n96288
                             16.0000        16.5189        -0.5189  (VIOLATED)
   u_NV_NVDLA_cmac/u_core/u_mac_1/u_mul_52/n197
                              8.0000         8.5186        -0.5186  (VIOLATED)
   u_NV_NVDLA_cmac/u_core/u_mac_6/u_tree_l2n3/n102
                             16.0000        16.5184        -0.5184  (VIOLATED)
   u_NV_NVDLA_cmac/u_core/u_mac_6/pp_out_l0n14_1[30]
                              8.0000         8.5177        -0.5177  (VIOLATED)
   u_NV_NVDLA_cmac/u_core/u_mac_0/u_tree_l2n3/n95
                             16.0000        16.5160        -0.5160  (VIOLATED)
   u_NV_NVDLA_cmac/u_core/u_mac_3/u_tree_l0n05/n423
                             16.0000        16.5152        -0.5152  (VIOLATED)
   u_NV_NVDLA_cmac/u_core/u_active/n38686
                             16.0000        16.5143        -0.5143  (VIOLATED)
   u_NV_NVDLA_cmac/u_core/u_mac_6/u_tree_l2n4/n108
                             16.0000        16.5128        -0.5128  (VIOLATED)
   u_NV_NVDLA_cmac/u_core/u_mac_1/pp_out_l2n2_1[15]
                             16.0000        16.5122        -0.5122  (VIOLATED)
   u_NV_NVDLA_cmac/u_core/u_active/n94224
                             16.0000        16.5121        -0.5121  (VIOLATED)
   u_NV_NVDLA_cmac/u_core/u_mac_3/pp_out_l0n05_1_d1[35]
                             16.0000        16.5117        -0.5117  (VIOLATED)
   u_NV_NVDLA_cmac/u_core/u_mac_1/u_tree_l4n2/n246
                             16.0000        16.5116        -0.5116  (VIOLATED)
   u_NV_NVDLA_cmac/u_core/u_active/n37531
                             16.0000        16.5116        -0.5116  (VIOLATED)
   u_NV_NVDLA_cmac/u_core/wt3_actv_data[684]
                             16.0000        16.5115        -0.5115  (VIOLATED)
   u_NV_NVDLA_cmac/u_core/u_active/n13553
                             16.0000        16.5112        -0.5112  (VIOLATED)
   u_NV_NVDLA_cmac/u_core/u_rt_out/cfg_is_wg_d1
                             16.0000        16.5104        -0.5104  (VIOLATED)
   u_NV_NVDLA_cmac/u_core/u_active/n11725
                              8.0000         8.5089        -0.5089  (VIOLATED)
   u_NV_NVDLA_cmac/u_core/u_active/n101214
                             16.0000        16.5084        -0.5084  (VIOLATED)
   u_NV_NVDLA_cmac/u_core/u_mac_3/u_tree_l0n12/n417
                             16.0000        16.5079        -0.5079  (VIOLATED)
   u_NV_NVDLA_cmac/u_core/u_mac_5/u_mul_24/n315
                              8.0000         8.5071        -0.5071  (VIOLATED)
   u_NV_NVDLA_cmac/u_core/u_active/n13564
                             16.0000        16.5058        -0.5058  (VIOLATED)
   u_NV_NVDLA_cmac/u_core/u_mac_7/pp_out_l2n2_1[36]
                             16.0000        16.5057        -0.5057  (VIOLATED)
   u_NV_NVDLA_cmac/u_core/u_mac_5/u_nan/n2113
                             32.0000        32.5055        -0.5055  (VIOLATED)
   u_NV_NVDLA_cmac/u_core/u_mac_3/pp_out_l2n4_1[9]
                             16.0000        16.5044        -0.5044  (VIOLATED)
   u_NV_NVDLA_cmac/u_core/u_mac_4/pp_out_l2n3_1[6]
                             16.0000        16.5044        -0.5044  (VIOLATED)
   u_NV_NVDLA_cmac/u_core/u_mac_4/pp_out_l1n4_1[27]
                             16.0000        16.5043        -0.5043  (VIOLATED)
   u_NV_NVDLA_cmac/u_core/u_active/n101207
                             16.0000        16.5030        -0.5030  (VIOLATED)
   u_NV_NVDLA_cmac/u_core/u_mac_0/u_tree_l1n2/n63
                             16.0000        16.5026        -0.5026  (VIOLATED)
   u_NV_NVDLA_cmac/u_core/u_mac_7/add_x_881/n191
                              8.0000         8.5010        -0.5010  (VIOLATED)
   u_NV_NVDLA_cmac/u_core/u_mac_7/pp_out_l0n09_1[35]
                             16.0000        16.5003        -0.5003  (VIOLATED)
   u_NV_NVDLA_cmac/u_core/u_active/wt_pre_exp[109]
                             16.0000        16.5001        -0.5001  (VIOLATED)
   u_NV_NVDLA_cmac/u_core/u_mac_3/pp_out_l2n4_0[12]
                             16.0000        16.4998        -0.4998  (VIOLATED)
   u_NV_NVDLA_cmac/u_core/u_mac_4/pp_out_l2n0_0[24]
                             16.0000        16.4989        -0.4989  (VIOLATED)
   u_NV_NVDLA_cmac/u_core/u_mac_0/pp_out_l0n15_0_d1[35]
                             16.0000        16.4978        -0.4978  (VIOLATED)
   u_NV_NVDLA_cmac/u_core/u_mac_3/pp_out_l2n5_0[5]
                             16.0000        16.4975        -0.4975  (VIOLATED)
   u_NV_NVDLA_cmac/u_core/u_mac_4/pp_out_l0n08_1[15]
                             16.0000        16.4958        -0.4958  (VIOLATED)
   u_NV_NVDLA_cmac/u_core/u_mac_1/u_tree_l0n01/n449
                             16.0000        16.4947        -0.4947  (VIOLATED)
   u_NV_NVDLA_cmac/u_core/u_active/n4966
                              8.0000         8.4944        -0.4944  (VIOLATED)
   u_NV_NVDLA_cmac/u_core/u_mac_0/u_mul_24/n225
                             32.0000        32.4937        -0.4937  (VIOLATED)
   u_NV_NVDLA_cmac/u_core/u_mac_3/u_mul_5/n307
                              8.0000         8.4928        -0.4928  (VIOLATED)
   u_NV_NVDLA_cmac/u_core/u_mac_4/u_nan/n704
                             16.0000        16.4920        -0.4920  (VIOLATED)
   u_NV_NVDLA_cmac/u_core/u_mac_2/u_nan/n2982
                             16.0000        16.4907        -0.4907  (VIOLATED)
   u_NV_NVDLA_cmac/u_core/u_mac_3/u_nan/n3096
                              8.0000         8.4895        -0.4895  (VIOLATED)
   u_NV_NVDLA_cmac/u_core/u_mac_1/add_x_1128/n1849
                              8.0000         8.4876        -0.4876  (VIOLATED)
   u_NV_NVDLA_cmac/u_core/u_mac_1/pp_in_l1n0_1[21]
                             16.0000        16.4860        -0.4860  (VIOLATED)
   u_NV_NVDLA_cmac/u_core/u_mac_3/u_tree_l0n05/n242
                              8.0000         8.4851        -0.4851  (VIOLATED)
   u_NV_NVDLA_cmac/u_core/u_mac_5/u_tree_l0n11/n347
                             16.0000        16.4848        -0.4848  (VIOLATED)
   u_NV_NVDLA_cmac/u_core/u_active/n74421
                             16.0000        16.4819        -0.4819  (VIOLATED)
   u_NV_NVDLA_cmac/u_core/u_mac_5/u_nan/n846
                             16.0000        16.4799        -0.4799  (VIOLATED)
   u_NV_NVDLA_cmac/u_core/u_mac_1/res_tag_6[3]
                             16.0000        16.4793        -0.4793  (VIOLATED)
   u_NV_NVDLA_cmac/u_core/u_mac_2/u_nan/n1941
                             16.0000        16.4791        -0.4791  (VIOLATED)
   u_NV_NVDLA_cmac/u_core/u_mac_5/u_tree_l1n2/n53
                             16.0000        16.4782        -0.4782  (VIOLATED)
   u_NV_NVDLA_cmac/u_core/u_mac_5/u_tree_l2n6/n136
                              8.0000         8.4781        -0.4781  (VIOLATED)
   u_NV_NVDLA_cmac/u_core/u_mac_3/u_tree_l0n00/n478
                             16.0000        16.4775        -0.4775  (VIOLATED)
   u_NV_NVDLA_cmac/u_core/wt5_actv_data[466]
                             16.0000        16.4772        -0.4772  (VIOLATED)
   u_NV_NVDLA_cmac/u_core/u_mac_4/u_exp/n5871
                              8.0000         8.4759        -0.4759  (VIOLATED)
   u_NV_NVDLA_cmac/u_core/u_active/n13647
                             16.0000        16.4740        -0.4740  (VIOLATED)
   u_NV_NVDLA_cmac/u_core/u_active/n34674
                             16.0000        16.4736        -0.4736  (VIOLATED)
   u_NV_NVDLA_cmac/u_core/u_mac_6/u_tree_l2n3/n119
                             16.0000        16.4721        -0.4721  (VIOLATED)
   u_NV_NVDLA_cmac/u_core/u_active/n101581
                             16.0000        16.4714        -0.4714  (VIOLATED)
   u_NV_NVDLA_cmac/u_core/out_data7[167]
                              8.0000         8.4710        -0.4710  (VIOLATED)
   u_NV_NVDLA_cmac/u_core/u_mac_7/u_nan/n2163
                             16.0000        16.4698        -0.4698  (VIOLATED)
   u_NV_NVDLA_cmac/u_core/u_mac_4/pp_out_l2n7_0[4]
                             16.0000        16.4659        -0.4659  (VIOLATED)
   u_NV_NVDLA_cmac/u_core/u_mac_0/add_x_873/n191
                              8.0000         8.4656        -0.4656  (VIOLATED)
   u_NV_NVDLA_cmac/u_core/u_mac_7/pp_out_l0n04_1[5]
                             16.0000        16.4637        -0.4637  (VIOLATED)
   u_NV_NVDLA_cmac/u_core/u_mac_4/pp_out_l2n3_0[17]
                             16.0000        16.4636        -0.4636  (VIOLATED)
   u_NV_NVDLA_cmac/u_core/u_mac_3/u_nan/n3061
                              8.0000         8.4634        -0.4634  (VIOLATED)
   u_NV_NVDLA_cmac/u_core/u_active/n34672
                             16.0000        16.4627        -0.4627  (VIOLATED)
   u_NV_NVDLA_cmac/u_core/u_mac_5/pp_nan_mts_d1[7]
                             16.0000        16.4621        -0.4621  (VIOLATED)
   u_NV_NVDLA_cmac/u_core/u_mac_3/pp_out_l2n4_1[23]
                             16.0000        16.4614        -0.4614  (VIOLATED)
   u_NV_NVDLA_cmac/u_core/u_mac_3/u_tree_l0n00/n460
                             16.0000        16.4612        -0.4612  (VIOLATED)
   u_NV_NVDLA_cmac/u_core/u_mac_4/u_nan/n524
                             16.0000        16.4609        -0.4609  (VIOLATED)
   u_NV_NVDLA_cmac/u_core/u_mac_2/u_nan/n2919
                             16.0000        16.4582        -0.4582  (VIOLATED)
   u_NV_NVDLA_cmac/u_core/u_mac_0/u_tree_l4n2/n77
                             16.0000        16.4580        -0.4580  (VIOLATED)
   u_NV_NVDLA_cmac/u_core/u_mac_2/u_nan/n1581
                             16.0000        16.4577        -0.4577  (VIOLATED)
   u_NV_NVDLA_cmac/u_core/u_mac_6/u_tree_l0n01/n232
                              8.0000         8.4541        -0.4541  (VIOLATED)
   u_NV_NVDLA_cmac/u_core/u_mac_3/u_nan/n2280
                             16.0000        16.4515        -0.4515  (VIOLATED)
   u_NV_NVDLA_cmac/u_core/u_mac_2/u_tree_l0n01/n432
                              8.0000         8.4511        -0.4511  (VIOLATED)
   u_NV_NVDLA_cmac/u_core/u_mac_0/u_tree_l1n4/n51
                             16.0000        16.4509        -0.4509  (VIOLATED)
   u_NV_NVDLA_cmac/u_core/u_mac_1/u_tree_l2n2/n104
                             16.0000        16.4503        -0.4503  (VIOLATED)
   u_NV_NVDLA_cmac/u_core/u_mac_1/u_tree_l4n0/n248
                             16.0000        16.4502        -0.4502  (VIOLATED)
   u_NV_NVDLA_cmac/u_core/u_mac_2/u_tree_l1n4/n45
                              8.0000         8.4500        -0.4500  (VIOLATED)
   u_NV_NVDLA_cmac/u_core/u_mac_1/ps_n1b6[2]
                              8.0000         8.4494        -0.4494  (VIOLATED)
   u_NV_NVDLA_cmac/u_core/u_mac_3/u_tree_l0n05/n431
                             16.0000        16.4492        -0.4492  (VIOLATED)
   u_NV_NVDLA_cmac/u_core/u_active/n96803
                             16.0000        16.4489        -0.4489  (VIOLATED)
   u_NV_NVDLA_cmac/u_core/u_mac_0/exp_sft_16[0]
                             16.0000        16.4471        -0.4471  (VIOLATED)
   u_NV_NVDLA_cmac/u_core/u_mac_3/pp_out_l2n4_0[8]
                             16.0000        16.4451        -0.4451  (VIOLATED)
   u_NV_NVDLA_cmac/u_core/u_mac_1/pp_in_l1n2_2[24]
                             16.0000        16.4450        -0.4450  (VIOLATED)
   u_NV_NVDLA_cmac/u_core/u_mac_7/pp_out_l2n2_1[29]
                             16.0000        16.4448        -0.4448  (VIOLATED)
   u_NV_NVDLA_cmac/u_core/u_mac_6/u_tree_l2n3/n111
                             16.0000        16.4444        -0.4444  (VIOLATED)
   u_NV_NVDLA_cmac/u_core/u_mac_2/u_exp/n5466
                              8.0000         8.4440        -0.4440  (VIOLATED)
   u_NV_NVDLA_cmac/u_core/u_mac_0/n9335
                             16.0000        16.4435        -0.4435  (VIOLATED)
   u_NV_NVDLA_cmac/u_core/u_mac_4/n2642
                             32.0000        32.4432        -0.4432  (VIOLATED)
   u_NV_NVDLA_cmac/u_core/u_mac_4/pp_out_l2n0_0[25]
                             16.0000        16.4422        -0.4422  (VIOLATED)
   u_NV_NVDLA_cmac/u_core/u_active/n74423
                             16.0000        16.4421        -0.4421  (VIOLATED)
   u_NV_NVDLA_cmac/u_core/u_mac_3/u_nan/n681
                             16.0000        16.4410        -0.4410  (VIOLATED)
   u_NV_NVDLA_cmac/u_core/u_mac_0/pp_out_l2n4_0[11]
                             16.0000        16.4408        -0.4408  (VIOLATED)
   u_NV_NVDLA_cmac/u_core/u_active/n101008
                             16.0000        16.4407        -0.4407  (VIOLATED)
   u_NV_NVDLA_cmac/u_core/u_mac_3/u_tree_l2n6/n5
                             16.0000        16.4406        -0.4406  (VIOLATED)
   u_NV_NVDLA_cmac/u_core/in_dat_data46[1]
                             16.0000        16.4404        -0.4404  (VIOLATED)
   u_NV_NVDLA_cmac/u_core/u_mac_7/u_nan/n2978
                             16.0000        16.4401        -0.4401  (VIOLATED)
   u_NV_NVDLA_cmac/u_core/u_mac_6/u_tree_l2n3/n120
                             16.0000        16.4396        -0.4396  (VIOLATED)
   u_NV_NVDLA_cmac/u_core/u_mac_0/u_exp/n5611
                              8.0000         8.4394        -0.4394  (VIOLATED)
   u_NV_NVDLA_cmac/u_core/out_data7[166]
                              8.0000         8.4378        -0.4378  (VIOLATED)
   u_NV_NVDLA_cmac/u_core/wt0_actv_data[813]
                             16.0000        16.4378        -0.4378  (VIOLATED)
   u_NV_NVDLA_cmac/u_core/u_active/n48172
                             16.0000        16.4370        -0.4370  (VIOLATED)
   u_NV_NVDLA_cmac/u_core/u_mac_1/n11217
                             64.0000        64.4370        -0.4370  (VIOLATED)
   u_NV_NVDLA_cmac/u_core/u_mac_3/u_tree_l0n04/n471
                             16.0000        16.4350        -0.4350  (VIOLATED)
   u_NV_NVDLA_cmac/u_core/u_mac_5/pp_out_l2n1_0[16]
                             16.0000        16.4348        -0.4348  (VIOLATED)
   u_NV_NVDLA_cmac/u_core/u_mac_5/ps_n0b2_wg[5]
                             16.0000        16.4340        -0.4340  (VIOLATED)
   u_NV_NVDLA_cmac/u_core/u_mac_4/n6887
                             16.0000        16.4331        -0.4331  (VIOLATED)
   u_NV_NVDLA_cmac/u_core/u_active/n74425
                             16.0000        16.4329        -0.4329  (VIOLATED)
   u_NV_NVDLA_cmac/u_core/u_mac_4/u_nan/n1505
                             16.0000        16.4326        -0.4326  (VIOLATED)
   u_NV_NVDLA_cmac/u_core/u_mac_1/u_tree_l4n0/n49
                             16.0000        16.4319        -0.4319  (VIOLATED)
   u_NV_NVDLA_cmac/u_core/u_mac_3/u_tree_l0n08/n421
                             16.0000        16.4317        -0.4317  (VIOLATED)
   u_NV_NVDLA_cmac/u_core/u_active/n96389
                             16.0000        16.4270        -0.4270  (VIOLATED)
   u_NV_NVDLA_cmac/u_core/u_mac_0/add_x_873/n192
                              8.0000         8.4267        -0.4267  (VIOLATED)
   u_NV_NVDLA_cmac/u_core/u_mac_5/pp_out_l1n0_1[6]
                             16.0000        16.4260        -0.4260  (VIOLATED)
   u_NV_NVDLA_cmac/u_core/u_mac_1/pp_out_l2n7_0[22]
                             16.0000        16.4258        -0.4258  (VIOLATED)
   u_NV_NVDLA_cmac/u_core/u_mac_4/pp_out_l1n4_0[0]
                             16.0000        16.4249        -0.4249  (VIOLATED)
   u_NV_NVDLA_cmac/u_core/u_mac_3/u_tree_l4n3/n194
                             16.0000        16.4237        -0.4237  (VIOLATED)
   u_NV_NVDLA_cmac/u_core/u_mac_4/pp_out_l0n14_0[35]
                              8.0000         8.4233        -0.4233  (VIOLATED)
   u_NV_NVDLA_cmac/u_core/u_mac_3/u_exp/n4457
                              8.0000         8.4222        -0.4222  (VIOLATED)
   u_NV_NVDLA_cmac/u_core/u_active/n34723
                             16.0000        16.4206        -0.4206  (VIOLATED)
   u_NV_NVDLA_cmac/u_core/out_data7[163]
                              8.0000         8.4199        -0.4199  (VIOLATED)
   u_NV_NVDLA_cmac/u_core/u_mac_7/u_tree_l0n09/n343
                              8.0000         8.4192        -0.4192  (VIOLATED)
   u_NV_NVDLA_cmac/u_core/wt7_actv_data[477]
                             16.0000        16.4182        -0.4182  (VIOLATED)
   u_NV_NVDLA_cmac/u_core/u_mac_1/u_nan/n3030
                             16.0000        16.4157        -0.4157  (VIOLATED)
   u_NV_NVDLA_cmac/u_core/u_mac_0/u_mul_8/n301
                             16.0000        16.4154        -0.4154  (VIOLATED)
   u_NV_NVDLA_cmac/u_core/u_mac_5/pp_out_l2n5_0[1]
                             16.0000        16.4134        -0.4134  (VIOLATED)
   u_NV_NVDLA_cmac/u_core/u_mac_4/u_nan/n991
                             16.0000        16.4126        -0.4126  (VIOLATED)
   u_NV_NVDLA_cmac/u_core/out_data7[165]
                              8.0000         8.4124        -0.4124  (VIOLATED)
   u_NV_NVDLA_cmac/u_core/u_mac_2/n10937
                              8.0000         8.4115        -0.4115  (VIOLATED)
   u_NV_NVDLA_cmac/u_core/u_mac_4/u_nan/n2929
                              8.0000         8.4113        -0.4113  (VIOLATED)
   u_NV_NVDLA_cmac/u_core/u_mac_0/u_exp/n2582
                             16.0000        16.4107        -0.4107  (VIOLATED)
   u_NV_NVDLA_cmac/u_core/u_mac_7/u_mul_39/n296
                              8.0000         8.4099        -0.4099  (VIOLATED)
   u_NV_NVDLA_cmac/u_core/u_mac_4/pp_out_l1n4_0[7]
                             16.0000        16.4098        -0.4098  (VIOLATED)
   u_NV_NVDLA_cmac/u_core/u_mac_4/u_nan/n2919
                              8.0000         8.4092        -0.4092  (VIOLATED)
   u_NV_NVDLA_cmac/u_core/u_mac_1/ps_n2b1[1]
                              8.0000         8.4082        -0.4082  (VIOLATED)
   u_NV_NVDLA_cmac/u_core/u_mac_1/n8734
                             16.0000        16.4078        -0.4078  (VIOLATED)
   u_NV_NVDLA_cmac/u_core/u_mac_5/u_nan/n2839
                              8.0000         8.4071        -0.4071  (VIOLATED)
   u_NV_NVDLA_cmac/u_core/u_mac_4/pp_out_l2n7_1[22]
                             16.0000        16.4071        -0.4071  (VIOLATED)
   u_NV_NVDLA_cmac/u_core/u_mac_0/pp_out_l2n6_1[9]
                             16.0000        16.4060        -0.4060  (VIOLATED)
   u_NV_NVDLA_cmac/u_core/dat0_actv_data[752]
                             16.0000        16.4057        -0.4057  (VIOLATED)
   u_NV_NVDLA_cmac/u_core/u_active/n97336
                             16.0000        16.4056        -0.4056  (VIOLATED)
   u_NV_NVDLA_cmac/u_core/u_mac_5/u_tree_l0n11/n346
                             16.0000        16.4052        -0.4052  (VIOLATED)
   u_NV_NVDLA_cmac/u_core/in_dat_data113[4]
                             16.0000        16.4047        -0.4047  (VIOLATED)
   u_NV_NVDLA_cmac/u_core/u_mac_3/pp_out_l2n4_0[5]
                             16.0000        16.4045        -0.4045  (VIOLATED)
   u_NV_NVDLA_cmac/u_core/u_mac_4/u_nan/n2903
                              8.0000         8.4042        -0.4042  (VIOLATED)
   u_NV_NVDLA_cmac/u_core/u_mac_7/pp_out_l0n09_1[31]
                             16.0000        16.4041        -0.4041  (VIOLATED)
   u_NV_NVDLA_cmac/u_core/u_active/n13556
                             16.0000        16.4040        -0.4040  (VIOLATED)
   u_NV_NVDLA_cmac/u_core/u_mac_4/pp_out_l1n4_0[24]
                             16.0000        16.4039        -0.4039  (VIOLATED)
   u_NV_NVDLA_cmac/u_core/u_mac_6/u_tree_l0n13/n252
                              8.0000         8.4037        -0.4037  (VIOLATED)
   u_NV_NVDLA_cmac/u_core/u_mac_4/pp_out_l2n3_0[14]
                             16.0000        16.4033        -0.4033  (VIOLATED)
   u_NV_NVDLA_cmac/u_core/u_mac_0/pp_out_l2n6_0[6]
                             16.0000        16.4033        -0.4033  (VIOLATED)
   u_NV_NVDLA_cmac/u_core/u_mac_6/u_exp/n4732
                              8.0000         8.4015        -0.4015  (VIOLATED)
   u_NV_NVDLA_cmac/u_core/u_mac_0/u_tree_l1n2/n72
                             16.0000        16.4014        -0.4014  (VIOLATED)
   u_NV_NVDLA_cmac/u_core/u_mac_3/u_nan/n3098
                              8.0000         8.4013        -0.4013  (VIOLATED)
   u_NV_NVDLA_cmac/u_core/u_mac_1/u_nan/n3084
                             16.0000        16.4007        -0.4007  (VIOLATED)
   u_NV_NVDLA_cmac/u_core/u_active/n30724
                             16.0000        16.4005        -0.4005  (VIOLATED)
   u_NV_NVDLA_cmac/u_core/u_mac_0/ps_n0b6_wg[2]
                              8.0000         8.3999        -0.3999  (VIOLATED)
   u_NV_NVDLA_cmac/u_core/u_mac_4/pp_out_l2n3_0[20]
                             16.0000        16.3991        -0.3991  (VIOLATED)
   u_NV_NVDLA_cmac/u_core/u_mac_7/n3919
                             16.0000        16.3980        -0.3980  (VIOLATED)
   u_NV_NVDLA_cmac/u_core/u_mac_3/pp_out_l2n4_0[22]
                             16.0000        16.3960        -0.3960  (VIOLATED)
   u_NV_NVDLA_cmac/u_core/u_mac_4/pp_out_l2n6_1[15]
                              8.0000         8.3953        -0.3953  (VIOLATED)
   u_NV_NVDLA_cmac/u_core/u_mac_5/ps_n0b2_wg[4]
                             16.0000        16.3944        -0.3944  (VIOLATED)
   u_NV_NVDLA_cmac/u_core/u_mac_6/u_tree_l2n3/n92
                             16.0000        16.3939        -0.3939  (VIOLATED)
   u_NV_NVDLA_cmac/u_core/u_active/n38678
                             16.0000        16.3933        -0.3933  (VIOLATED)
   u_NV_NVDLA_cmac/u_core/u_mac_0/add_x_1126/n1825
                              8.0000         8.3933        -0.3933  (VIOLATED)
   u_NV_NVDLA_cmac/u_core/u_mac_1/res_tag_4[2]
                             16.0000        16.3926        -0.3926  (VIOLATED)
   u_NV_NVDLA_cmac/u_core/u_mac_4/pp_out_l2n5_0[26]
                             16.0000        16.3876        -0.3876  (VIOLATED)
   u_NV_NVDLA_cmac/u_core/u_mac_4/u_nan/n2944
                             16.0000        16.3876        -0.3876  (VIOLATED)
   u_NV_NVDLA_cmac/u_core/u_mac_5/pp_out_l1n0_0[6]
                             16.0000        16.3875        -0.3875  (VIOLATED)
   u_NV_NVDLA_cmac/u_core/u_mac_5/pp_out_l1n0_1[14]
                             16.0000        16.3830        -0.3830  (VIOLATED)
   u_NV_NVDLA_cmac/u_core/u_active/n48176
                             16.0000        16.3828        -0.3828  (VIOLATED)
   u_NV_NVDLA_cmac/u_core/u_mac_3/u_tree_l0n14/n359
                              8.0000         8.3822        -0.3822  (VIOLATED)
   u_NV_NVDLA_cmac/u_core/wt0_actv_data[432]
                             16.0000        16.3807        -0.3807  (VIOLATED)
   u_NV_NVDLA_cmac/u_core/u_active/n48620
                             16.0000        16.3800        -0.3800  (VIOLATED)
   u_NV_NVDLA_cmac/u_core/u_mac_1/u_tree_l0n08/n438
                             16.0000        16.3797        -0.3797  (VIOLATED)
   u_NV_NVDLA_cmac/u_core/u_mac_4/pp_in_l2n4_0[0]
                             32.0000        32.3785        -0.3785  (VIOLATED)
   u_NV_NVDLA_cmac/u_core/in_dat_mask[50]
                             16.0000        16.3781        -0.3781  (VIOLATED)
   u_NV_NVDLA_cmac/u_core/u_mac_0/n9250
                             16.0000        16.3779        -0.3779  (VIOLATED)
   u_NV_NVDLA_cmac/u_core/u_mac_3/u_tree_l0n00/n388
                             16.0000        16.3774        -0.3774  (VIOLATED)
   u_NV_NVDLA_cmac/u_core/u_mac_1/u_mul_0/n237
                             16.0000        16.3752        -0.3752  (VIOLATED)
   u_NV_NVDLA_cmac/u_core/u_mac_7/pp_out_l2n5_1[23]
                              8.0000         8.3727        -0.3727  (VIOLATED)
   u_NV_NVDLA_cmac/u_core/u_mac_0/exp_sft_06[3]
                             16.0000        16.3723        -0.3723  (VIOLATED)
   u_NV_NVDLA_cmac/u_core/u_active/n13548
                             16.0000        16.3720        -0.3720  (VIOLATED)
   u_NV_NVDLA_cmac/u_core/wt3_actv_data[683]
                             16.0000        16.3715        -0.3715  (VIOLATED)
   u_NV_NVDLA_cmac/u_core/u_mac_7/n9804
                              8.0000         8.3708        -0.3708  (VIOLATED)
   u_NV_NVDLA_cmac/u_core/u_mac_4/pp_out_l2n0_1[29]
                             16.0000        16.3708        -0.3708  (VIOLATED)
   u_NV_NVDLA_cmac/u_core/u_mac_5/n3429
                             64.0000        64.3697        -0.3697  (VIOLATED)
   u_NV_NVDLA_cmac/u_core/u_mac_7/pp_in_l2n0_3[3]
                             16.0000        16.3673        -0.3673  (VIOLATED)
   u_NV_NVDLA_cmac/u_core/u_mac_4/pp_out_l2n0_0[26]
                             16.0000        16.3673        -0.3673  (VIOLATED)
   u_NV_NVDLA_cmac/u_core/u_mac_2/pp_out_l2n2_1[30]
                              8.0000         8.3670        -0.3670  (VIOLATED)
   u_NV_NVDLA_cmac/u_core/u_active/n49116
                             16.0000        16.3660        -0.3660  (VIOLATED)
   u_NV_NVDLA_cmac/u_core/u_mac_7/res_tag_11[2]
                             16.0000        16.3649        -0.3649  (VIOLATED)
   u_NV_NVDLA_cmac/u_core/u_mac_6/u_nan/n2038
                             16.0000        16.3646        -0.3646  (VIOLATED)
   u_NV_NVDLA_cmac/u_core/u_mac_3/u_nan/n3062
                              8.0000         8.3640        -0.3640  (VIOLATED)
   u_NV_NVDLA_cmac/u_core/u_mac_6/u_tree_l0n05/n388
                             16.0000        16.3625        -0.3625  (VIOLATED)
   u_NV_NVDLA_cmac/u_core/u_mac_6/ps_n2b6[4]
                              8.0000         8.3617        -0.3617  (VIOLATED)
   u_NV_NVDLA_cmac/u_core/u_mac_4/u_tree_l4n2/n42
                             16.0000        16.3606        -0.3606  (VIOLATED)
   u_NV_NVDLA_cmac/u_core/u_mac_0/u_exp/n5853
                             16.0000        16.3602        -0.3602  (VIOLATED)
   u_NV_NVDLA_cmac/u_core/u_mac_5/u_exp/n5084
                             16.0000        16.3600        -0.3600  (VIOLATED)
   u_NV_NVDLA_cmac/u_core/u_mac_1/u_tree_l0n09/n365
                             16.0000        16.3596        -0.3596  (VIOLATED)
   u_NV_NVDLA_cmac/u_core/u_mac_0/pp_out_l1n2_1[14]
                             16.0000        16.3588        -0.3588  (VIOLATED)
   u_NV_NVDLA_cmac/u_core/u_mac_7/u_nan/n14
                              8.0000         8.3581        -0.3581  (VIOLATED)
   u_NV_NVDLA_cmac/u_core/u_mac_6/u_mul_35/n225
                             32.0000        32.3555        -0.3555  (VIOLATED)
   u_NV_NVDLA_cmac/u_core/u_mac_2/u_nan/n501
                             16.0000        16.3550        -0.3550  (VIOLATED)
   u_NV_NVDLA_cmac/u_core/in_dat_mask[56]
                             16.0000        16.3546        -0.3546  (VIOLATED)
   u_NV_NVDLA_cmac/u_core/u_mac_3/u_mul_13/n292
                              8.0000         8.3544        -0.3544  (VIOLATED)
   u_NV_NVDLA_cmac/u_core/u_mac_7/pp_out_l2n6_1[40]
                             16.0000        16.3543        -0.3543  (VIOLATED)
   u_NV_NVDLA_cmac/u_core/u_mac_1/u_nan/n3024
                             16.0000        16.3539        -0.3539  (VIOLATED)
   u_NV_NVDLA_cmac/u_core/u_mac_3/u_tree_l0n00/n397
                             16.0000        16.3538        -0.3538  (VIOLATED)
   u_NV_NVDLA_cmac/u_core/u_active/n101670
                             16.0000        16.3529        -0.3529  (VIOLATED)
   u_NV_NVDLA_cmac/u_core/u_mac_5/u_tree_l0n13/n439
                             16.0000        16.3529        -0.3529  (VIOLATED)
   u_NV_NVDLA_cmac/u_core/u_mac_3/pp_out_l2n4_1[13]
                             16.0000        16.3524        -0.3524  (VIOLATED)
   u_NV_NVDLA_cmac/u_core/u_mac_7/u_exp/n4715
                             16.0000        16.3524        -0.3524  (VIOLATED)
   u_NV_NVDLA_cmac/u_core/u_mac_6/u_exp/n4615
                              8.0000         8.3507        -0.3507  (VIOLATED)
   u_NV_NVDLA_cmac/u_core/u_mac_3/u_tree_l0n08/n397
                             16.0000        16.3499        -0.3499  (VIOLATED)
   u_NV_NVDLA_cmac/u_core/u_mac_5/u_tree_l4n3/n55
                             16.0000        16.3499        -0.3499  (VIOLATED)
   u_NV_NVDLA_cmac/u_core/u_mac_3/u_tree_l0n04/n470
                             16.0000        16.3496        -0.3496  (VIOLATED)
   u_NV_NVDLA_cmac/u_core/u_mac_1/u_mul_49/n311
                             16.0000        16.3489        -0.3489  (VIOLATED)
   u_NV_NVDLA_cmac/u_core/u_mac_2/add_x_873/n188
                              8.0000         8.3476        -0.3476  (VIOLATED)
   u_NV_NVDLA_cmac/u_core/u_active/n37440
                             16.0000        16.3473        -0.3473  (VIOLATED)
   u_NV_NVDLA_cmac/u_core/u_mac_6/u_nan/n838
                             16.0000        16.3458        -0.3458  (VIOLATED)
   u_NV_NVDLA_cmac/u_core/u_mac_7/pp_out_l0n04_0[0]
                             16.0000        16.3452        -0.3452  (VIOLATED)
   u_NV_NVDLA_cmac/u_core/u_mac_5/u_tree_l1n2/n52
                             16.0000        16.3428        -0.3428  (VIOLATED)
   u_NV_NVDLA_cmac/u_core/u_mac_1/n11117
                              8.0000         8.3418        -0.3418  (VIOLATED)
   u_NV_NVDLA_cmac/u_core/u_mac_7/n3920
                             16.0000        16.3403        -0.3403  (VIOLATED)
   u_NV_NVDLA_cmac/u_core/u_mac_5/ps_n0b7_dc[6]
                             16.0000        16.3403        -0.3403  (VIOLATED)
   u_NV_NVDLA_cmac/u_core/u_mac_5/u_nan/n1730
                             16.0000        16.3394        -0.3394  (VIOLATED)
   u_NV_NVDLA_cmac/u_core/u_mac_0/exp_sft_19[1]
                             16.0000        16.3391        -0.3391  (VIOLATED)
   u_NV_NVDLA_cmac/u_core/u_mac_4/pp_out_l2n3_0[16]
                             16.0000        16.3376        -0.3376  (VIOLATED)
   u_NV_NVDLA_cmac/u_core/dat3_actv_data[602]
                             32.0000        32.3370        -0.3370  (VIOLATED)
   u_NV_NVDLA_cmac/u_core/u_mac_6/add_x_983/n190
                              8.0000         8.3354        -0.3354  (VIOLATED)
   u_NV_NVDLA_cmac/u_core/u_mac_0/pp_out_l0n03_1[4]
                              8.0000         8.3347        -0.3347  (VIOLATED)
   u_NV_NVDLA_cmac/u_core/wt6_actv_data[142]
                             16.0000        16.3345        -0.3345  (VIOLATED)
   u_NV_NVDLA_cmac/u_core/u_active/n100645
                             16.0000        16.3341        -0.3341  (VIOLATED)
   u_NV_NVDLA_cmac/u_core/u_active/n34719
                             16.0000        16.3312        -0.3312  (VIOLATED)
   u_NV_NVDLA_cmac/u_core/u_mac_0/pp_out_l0n01_0[0]
                             16.0000        16.3309        -0.3309  (VIOLATED)
   u_NV_NVDLA_cmac/u_core/u_mac_0/n11820
                             16.0000        16.3301        -0.3301  (VIOLATED)
   u_NV_NVDLA_cmac/u_core/u_mac_6/u_mul_56/n306
                             16.0000        16.3299        -0.3299  (VIOLATED)
   u_NV_NVDLA_cmac/u_core/u_active/n43712
                             16.0000        16.3297        -0.3297  (VIOLATED)
   u_NV_NVDLA_cmac/u_core/u_mac_7/n6999
                             16.0000        16.3295        -0.3295  (VIOLATED)
   u_NV_NVDLA_cmac/u_core/u_mac_1/pp_out_l2n7_1[3]
                             16.0000        16.3293        -0.3293  (VIOLATED)
   u_NV_NVDLA_cmac/u_core/u_mac_6/u_exp/n4682
                             16.0000        16.3276        -0.3276  (VIOLATED)
   u_NV_NVDLA_cmac/u_core/u_mac_0/u_exp/exp_sum_51[0]
                             16.0000        16.3259        -0.3259  (VIOLATED)
   u_NV_NVDLA_cmac/u_core/u_mac_1/pp_out_l0n00_1_d1[3]
                             16.0000        16.3244        -0.3244  (VIOLATED)
   u_NV_NVDLA_cmac/u_core/u_mac_6/u_mul_31/n313
                             16.0000        16.3232        -0.3232  (VIOLATED)
   u_NV_NVDLA_cmac/u_core/u_mac_5/u_mul_57/n302
                              8.0000         8.3229        -0.3229  (VIOLATED)
   u_NV_NVDLA_cmac/u_core/u_mac_1/pp_out_l2n2_0[17]
                             16.0000        16.3217        -0.3217  (VIOLATED)
   u_NV_NVDLA_cmac/u_core/u_mac_4/pp_out_l2n0_0[30]
                             16.0000        16.3208        -0.3208  (VIOLATED)
   u_NV_NVDLA_cmac/u_core/u_mac_7/res_tag_37[6]
                             32.0000        32.3206        -0.3206  (VIOLATED)
   u_NV_NVDLA_cmac/u_core/u_mac_6/u_tree_l2n3/n93
                             16.0000        16.3201        -0.3201  (VIOLATED)
   u_NV_NVDLA_cmac/u_core/u_mac_7/n7002
                             16.0000        16.3198        -0.3198  (VIOLATED)
   u_NV_NVDLA_cmac/u_core/u_mac_6/pp_out_l2n1_1[14]
                             16.0000        16.3186        -0.3186  (VIOLATED)
   u_NV_NVDLA_cmac/u_core/u_mac_4/n4634
                              8.0000         8.3174        -0.3174  (VIOLATED)
   u_NV_NVDLA_cmac/u_core/u_mac_5/u_exp/exp_sum_63[3]
                             16.0000        16.3171        -0.3171  (VIOLATED)
   u_NV_NVDLA_cmac/u_core/u_mac_3/pp_out_l0n06_1[17]
                              8.0000         8.3167        -0.3167  (VIOLATED)
   u_NV_NVDLA_cmac/u_core/u_mac_6/u_tree_l2n3/n103
                             16.0000        16.3167        -0.3167  (VIOLATED)
   u_NV_NVDLA_cmac/u_core/u_mac_1/u_tree_l0n00/n421
                             16.0000        16.3162        -0.3162  (VIOLATED)
   u_NV_NVDLA_cmac/u_core/u_active/wt_pre_exp[108]
                             16.0000        16.3158        -0.3158  (VIOLATED)
   u_NV_NVDLA_cmac/u_core/u_mac_5/u_mul_49/n311
                              8.0000         8.3152        -0.3152  (VIOLATED)
   u_NV_NVDLA_cmac/u_core/u_mac_7/pp_out_l0n09_1[26]
                             16.0000        16.3148        -0.3148  (VIOLATED)
   u_NV_NVDLA_cmac/u_core/u_mac_5/u_tree_l1n2/n49
                             16.0000        16.3145        -0.3145  (VIOLATED)
   u_NV_NVDLA_cmac/u_core/u_mac_2/pp_out_l0n10_1[23]
                              8.0000         8.3145        -0.3145  (VIOLATED)
   u_NV_NVDLA_cmac/u_core/u_mac_4/pp_out_l2n7_0[15]
                             16.0000        16.3142        -0.3142  (VIOLATED)
   u_NV_NVDLA_cmac/u_core/u_mac_3/u_tree_l0n08/n431
                             16.0000        16.3140        -0.3140  (VIOLATED)
   u_NV_NVDLA_cmac/u_core/u_mac_0/add_x_873/n189
                              8.0000         8.3123        -0.3123  (VIOLATED)
   u_NV_NVDLA_cmac/u_core/u_active/n37432
                             16.0000        16.3123        -0.3123  (VIOLATED)
   u_NV_NVDLA_cmac/u_core/u_active/n13549
                             16.0000        16.3120        -0.3120  (VIOLATED)
   u_NV_NVDLA_cmac/u_core/u_mac_4/pp_out_l2n3_0[5]
                             16.0000        16.3120        -0.3120  (VIOLATED)
   u_NV_NVDLA_cmac/u_core/u_mac_4/pp_out_l2n7_1[10]
                             16.0000        16.3098        -0.3098  (VIOLATED)
   u_NV_NVDLA_cmac/u_core/in_dat_mask[15]
                             16.0000        16.3096        -0.3096  (VIOLATED)
   u_NV_NVDLA_cmac/u_core/u_mac_4/pp_out_l1n0_1[8]
                             16.0000        16.3095        -0.3095  (VIOLATED)
   u_NV_NVDLA_cmac/u_core/u_mac_2/u_tree_l0n04/n242
                              8.0000         8.3083        -0.3083  (VIOLATED)
   u_NV_NVDLA_cmac/u_core/u_mac_5/n3428
                             64.0000        64.3076        -0.3076  (VIOLATED)
   u_NV_NVDLA_cmac/u_core/in_dat_data27[3]
                             16.0000        16.3071        -0.3071  (VIOLATED)
   u_NV_NVDLA_cmac/u_core/u_mac_7/pp_out_l2n2_1[28]
                             16.0000        16.3065        -0.3065  (VIOLATED)
   u_NV_NVDLA_cmac/u_core/u_active/n84538
                             16.0000        16.3061        -0.3061  (VIOLATED)
   u_NV_NVDLA_cmac/u_core/u_mac_2/u_nan/n681
                             16.0000        16.3054        -0.3054  (VIOLATED)
   u_NV_NVDLA_cmac/u_core/u_mac_6/u_tree_l0n14/n312
                              8.0000         8.3053        -0.3053  (VIOLATED)
   u_NV_NVDLA_cmac/u_core/u_mac_4/pp_out_l1n4_1[16]
                             16.0000        16.3050        -0.3050  (VIOLATED)
   u_NV_NVDLA_cmac/u_core/u_mac_1/pp_out_l2n3_0[7]
                             16.0000        16.3049        -0.3049  (VIOLATED)
   u_NV_NVDLA_cmac/u_core/u_mac_7/u_tree_l0n01/n252
                              8.0000         8.3048        -0.3048  (VIOLATED)
   u_NV_NVDLA_cmac/u_core/u_mac_2/pp_out_l2n5_1[40]
                              8.0000         8.3045        -0.3045  (VIOLATED)
   u_NV_NVDLA_cmac/u_core/u_mac_4/u_nan/n2939
                             16.0000        16.3037        -0.3037  (VIOLATED)
   u_NV_NVDLA_cmac/u_core/u_mac_3/pp_out_l2n5_0[3]
                             16.0000        16.3035        -0.3035  (VIOLATED)
   u_NV_NVDLA_cmac/u_core/u_mac_6/u_nan/n2883
                             16.0000        16.3034        -0.3034  (VIOLATED)
   u_NV_NVDLA_cmac/u_core/u_mac_5/u_tree_l0n13/n443
                             16.0000        16.2993        -0.2993  (VIOLATED)
   u_NV_NVDLA_cmac/u_core/u_mac_6/u_nan/n2163
                             16.0000        16.2977        -0.2977  (VIOLATED)
   u_NV_NVDLA_cmac/u_core/wt0_actv_nan[48]
                             16.0000        16.2975        -0.2975  (VIOLATED)
   u_NV_NVDLA_cmac/u_core/u_mac_1/u_tree_l0n12/n393
                             16.0000        16.2972        -0.2972  (VIOLATED)
   u_NV_NVDLA_cmac/u_core/in_dat_mask[48]
                             16.0000        16.2970        -0.2970  (VIOLATED)
   u_NV_NVDLA_cmac/u_core/wt0_actv_data[575]
                             16.0000        16.2964        -0.2964  (VIOLATED)
   u_NV_NVDLA_cmac/u_core/u_mac_7/pp_in_l2n0_3[13]
                             16.0000        16.2959        -0.2959  (VIOLATED)
   u_NV_NVDLA_cmac/u_core/u_mac_5/pp_out_l3n1_1[6]
                             16.0000        16.2947        -0.2947  (VIOLATED)
   u_NV_NVDLA_cmac/u_core/u_active/n37438
                             16.0000        16.2935        -0.2935  (VIOLATED)
   u_NV_NVDLA_cmac/u_core/u_mac_3/u_nan/n3064
                              8.0000         8.2933        -0.2933  (VIOLATED)
   u_NV_NVDLA_cmac/u_core/u_mac_1/u_tree_l0n00/n398
                             16.0000        16.2928        -0.2928  (VIOLATED)
   u_NV_NVDLA_cmac/u_core/u_mac_4/pp_out_l3n1_1[18]
                             16.0000        16.2928        -0.2928  (VIOLATED)
   u_NV_NVDLA_cmac/u_core/in_wt_data68[5]
                             16.0000        16.2927        -0.2927  (VIOLATED)
   u_NV_NVDLA_cmac/u_core/out_data4[40]
                             16.0000        16.2926        -0.2926  (VIOLATED)
   u_NV_NVDLA_cmac/u_core/u_mac_1/pp_in_l1n2_2[27]
                             16.0000        16.2903        -0.2903  (VIOLATED)
   u_NV_NVDLA_cmac/u_core/u_mac_2/u_nan/n2985
                             16.0000        16.2898        -0.2898  (VIOLATED)
   u_NV_NVDLA_cmac/u_core/dat5_actv_data[658]
                             16.0000        16.2890        -0.2890  (VIOLATED)
   u_NV_NVDLA_cmac/u_core/in_dat_data90[6]
                             16.0000        16.2886        -0.2886  (VIOLATED)
   u_NV_NVDLA_cmac/u_core/u_mac_4/pp_out_l1n4_1[25]
                             16.0000        16.2878        -0.2878  (VIOLATED)
   u_NV_NVDLA_cmac/u_core/u_mac_7/pp_out_l0n12_1[14]
                              8.0000         8.2874        -0.2874  (VIOLATED)
   u_NV_NVDLA_cmac/u_core/u_mac_0/n8935
                              8.0000         8.2865        -0.2865  (VIOLATED)
   u_NV_NVDLA_cmac/u_core/u_mac_2/pp_out_l0n07_1_d1[5]
                             16.0000        16.2859        -0.2859  (VIOLATED)
   u_NV_NVDLA_cmac/u_core/u_mac_1/u_tree_l2n2/n84
                             16.0000        16.2850        -0.2850  (VIOLATED)
   u_NV_NVDLA_cmac/u_core/u_active/n44664
                             16.0000        16.2840        -0.2840  (VIOLATED)
   u_NV_NVDLA_cmac/u_core/u_active/n48152
                             16.0000        16.2839        -0.2839  (VIOLATED)
   u_NV_NVDLA_cmac/u_core/u_mac_2/u_nan/n2937
                             16.0000        16.2835        -0.2835  (VIOLATED)
   u_NV_NVDLA_cmac/u_core/in_dat_data7[6]
                             16.0000        16.2819        -0.2819  (VIOLATED)
   u_NV_NVDLA_cmac/u_core/u_mac_2/u_tree_l0n08/n322
                              8.0000         8.2811        -0.2811  (VIOLATED)
   u_NV_NVDLA_cmac/u_core/u_mac_4/n9822
                              8.0000         8.2799        -0.2799  (VIOLATED)
   u_NV_NVDLA_cmac/u_core/u_mac_6/u_tree_l0n02/n420
                             16.0000        16.2798        -0.2798  (VIOLATED)
   u_NV_NVDLA_cmac/u_core/u_mac_7/ps_n3b1[4]
                              8.0000         8.2795        -0.2795  (VIOLATED)
   u_NV_NVDLA_cmac/u_core/u_mac_4/pp_out_l2n0_1[27]
                             16.0000        16.2795        -0.2795  (VIOLATED)
   u_NV_NVDLA_cmac/u_core/u_mac_1/pp_out_l2n3_0[16]
                             16.0000        16.2789        -0.2789  (VIOLATED)
   u_NV_NVDLA_cmac/u_core/u_mac_4/u_mul_25/n306
                             16.0000        16.2782        -0.2782  (VIOLATED)
   u_NV_NVDLA_cmac/u_core/in_wt_data68[2]
                             16.0000        16.2781        -0.2781  (VIOLATED)
   u_NV_NVDLA_cmac/u_core/in_dat_data116[0]
                             16.0000        16.2769        -0.2769  (VIOLATED)
   u_NV_NVDLA_cmac/u_core/u_mac_7/n10120
                              8.0000         8.2763        -0.2763  (VIOLATED)
   u_NV_NVDLA_cmac/u_core/in_dat_mask[92]
                             16.0000        16.2762        -0.2762  (VIOLATED)
   u_NV_NVDLA_cmac/u_core/wt3_actv_data[678]
                             16.0000        16.2761        -0.2761  (VIOLATED)
   u_NV_NVDLA_cmac/u_core/u_mac_3/u_nan/n2957
                             16.0000        16.2757        -0.2757  (VIOLATED)
   u_NV_NVDLA_cmac/u_core/u_mac_4/u_mul_11/n296
                             16.0000        16.2752        -0.2752  (VIOLATED)
   u_NV_NVDLA_cmac/u_core/u_mac_1/u_tree_l4n2/n244
                             16.0000        16.2743        -0.2743  (VIOLATED)
   u_NV_NVDLA_cmac/u_core/u_mac_6/pp_out_l2n6_1[21]
                             16.0000        16.2737        -0.2737  (VIOLATED)
   u_NV_NVDLA_cmac/u_core/u_mac_7/pp_out_l0n09_1[34]
                             16.0000        16.2733        -0.2733  (VIOLATED)
   u_NV_NVDLA_cmac/u_core/n2455
                             32.0000        32.2724        -0.2724  (VIOLATED)
   u_NV_NVDLA_cmac/u_core/u_active/n95637
                             16.0000        16.2704        -0.2704  (VIOLATED)
   u_NV_NVDLA_cmac/u_core/u_active/n96696
                             16.0000        16.2699        -0.2699  (VIOLATED)
   u_NV_NVDLA_cmac/u_core/u_active/n47932
                             16.0000        16.2696        -0.2696  (VIOLATED)
   u_NV_NVDLA_cmac/u_core/u_mac_1/u_tree_l2n2/n103
                             16.0000        16.2693        -0.2693  (VIOLATED)
   u_NV_NVDLA_cmac/u_core/out_data3[65]
                             16.0000        16.2683        -0.2683  (VIOLATED)
   u_NV_NVDLA_cmac/u_core/u_mac_4/pp_out_l2n7_1[21]
                             16.0000        16.2677        -0.2677  (VIOLATED)
   u_NV_NVDLA_cmac/u_core/in_dat_data12[6]
                             16.0000        16.2677        -0.2677  (VIOLATED)
   u_NV_NVDLA_cmac/u_core/u_mac_3/pp_out_l0n00_1_d1[35]
                             16.0000        16.2672        -0.2672  (VIOLATED)
   u_NV_NVDLA_cmac/u_core/u_mac_4/pp_out_l1n4_0[26]
                             16.0000        16.2662        -0.2662  (VIOLATED)
   u_NV_NVDLA_cmac/u_core/u_active/n37535
                             16.0000        16.2660        -0.2660  (VIOLATED)
   u_NV_NVDLA_cmac/u_core/u_mac_7/ps_n2b7[5]
                             16.0000        16.2654        -0.2654  (VIOLATED)
   u_NV_NVDLA_cmac/u_core/u_mac_0/u_mul_40/n308
                             16.0000        16.2647        -0.2647  (VIOLATED)
   u_NV_NVDLA_cmac/u_core/u_mac_4/pp_out_l1n4_0[31]
                             16.0000        16.2642        -0.2642  (VIOLATED)
   u_NV_NVDLA_cmac/u_core/u_mac_6/res_tag_57[3]
                             16.0000        16.2630        -0.2630  (VIOLATED)
   u_NV_NVDLA_cmac/u_core/u_mac_5/pp_out_l2n5_0[15]
                             16.0000        16.2628        -0.2628  (VIOLATED)
   u_NV_NVDLA_cmac/u_core/u_mac_5/u_tree_l4n3/n235
                             16.0000        16.2624        -0.2624  (VIOLATED)
   u_NV_NVDLA_cmac/u_core/u_mac_6/u_tree_l0n13/n12
                              8.0000         8.2623        -0.2623  (VIOLATED)
   u_NV_NVDLA_cmac/u_core/u_mac_6/u_mul_46/n298
                              8.0000         8.2601        -0.2601  (VIOLATED)
   u_NV_NVDLA_cmac/u_core/u_mac_3/n7339
                              8.0000         8.2596        -0.2596  (VIOLATED)
   u_NV_NVDLA_cmac/u_core/u_mac_1/res_tag_63[3]
                             64.0000        64.2586        -0.2586  (VIOLATED)
   u_NV_NVDLA_cmac/u_core/u_mac_4/pp_out_l1n4_1[13]
                             16.0000        16.2559        -0.2559  (VIOLATED)
   u_NV_NVDLA_cmac/u_core/u_active/n94834
                             16.0000        16.2557        -0.2557  (VIOLATED)
   u_NV_NVDLA_cmac/u_core/u_mac_1/pp_out_l2n4_1[12]
                             16.0000        16.2554        -0.2554  (VIOLATED)
   u_NV_NVDLA_cmac/u_core/u_mac_3/u_tree_l0n08/n395
                             16.0000        16.2551        -0.2551  (VIOLATED)
   u_NV_NVDLA_cmac/u_core/u_mac_5/pp_nan_mts_d1[5]
                             16.0000        16.2548        -0.2548  (VIOLATED)
   u_NV_NVDLA_cmac/u_core/u_mac_3/sop_2[2]
                              8.0000         8.2543        -0.2543  (VIOLATED)
   u_NV_NVDLA_cmac/u_core/u_mac_4/pp_out_l2n3_0[8]
                             16.0000        16.2535        -0.2535  (VIOLATED)
   u_NV_NVDLA_cmac/u_core/u_mac_6/pp_out_l1n6_1[18]
                              8.0000         8.2525        -0.2525  (VIOLATED)
   u_NV_NVDLA_cmac/u_core/u_mac_6/u_nan/n2439
                             16.0000        16.2511        -0.2511  (VIOLATED)
   u_NV_NVDLA_cmac/u_core/u_mac_2/n10936
                              8.0000         8.2498        -0.2498  (VIOLATED)
   u_NV_NVDLA_cmac/u_core/u_mac_5/u_tree_l1n0/n66
                             16.0000        16.2492        -0.2492  (VIOLATED)
   u_NV_NVDLA_cmac/u_core/u_mac_7/n6774
                             16.0000        16.2483        -0.2483  (VIOLATED)
   u_NV_NVDLA_cmac/u_core/u_active/n96566
                             16.0000        16.2483        -0.2483  (VIOLATED)
   u_NV_NVDLA_cmac/u_core/u_active/n49046
                             16.0000        16.2478        -0.2478  (VIOLATED)
   u_NV_NVDLA_cmac/u_core/u_mac_3/pp_out_l0n06_1[15]
                              8.0000         8.2463        -0.2463  (VIOLATED)
   u_NV_NVDLA_cmac/u_core/u_mac_3/u_nan/n1041
                             16.0000        16.2461        -0.2461  (VIOLATED)
   u_NV_NVDLA_cmac/u_core/u_mac_2/pp_out_l0n10_1[24]
                              8.0000         8.2461        -0.2461  (VIOLATED)
   u_NV_NVDLA_cmac/u_core/u_mac_4/n2625
                             32.0000        32.2450        -0.2450  (VIOLATED)
   u_NV_NVDLA_cmac/u_core/in_dat_data100[0]
                             16.0000        16.2449        -0.2449  (VIOLATED)
   u_NV_NVDLA_cmac/u_core/u_mac_3/pp_out_l2n4_0[6]
                             16.0000        16.2441        -0.2441  (VIOLATED)
   u_NV_NVDLA_cmac/u_core/dat3_actv_data[912]
                             16.0000        16.2439        -0.2439  (VIOLATED)
   u_NV_NVDLA_cmac/u_core/u_mac_0/u_tree_l2n3/n101
                             16.0000        16.2416        -0.2416  (VIOLATED)
   u_NV_NVDLA_cmac/u_core/wt0_actv_data[557]
                             16.0000        16.2406        -0.2406  (VIOLATED)
   u_NV_NVDLA_cmac/u_core/u_mac_3/u_exp/n4522
                             16.0000        16.2406        -0.2406  (VIOLATED)
   u_NV_NVDLA_cmac/u_core/u_mac_6/u_nan/n1511
                             32.0000        32.2398        -0.2398  (VIOLATED)
   u_NV_NVDLA_cmac/u_core/u_mac_3/u_tree_l0n05/n424
                             16.0000        16.2395        -0.2395  (VIOLATED)
   u_NV_NVDLA_cmac/u_core/u_active/n8426
                             16.0000        16.2394        -0.2394  (VIOLATED)
   u_NV_NVDLA_cmac/u_core/u_mac_3/pp_out_l2n7_0[38]
                             16.0000        16.2392        -0.2392  (VIOLATED)
   u_NV_NVDLA_cmac/u_core/u_mac_7/n7025
                             16.0000        16.2387        -0.2387  (VIOLATED)
   u_NV_NVDLA_cmac/u_core/u_mac_4/u_nan/n2928
                              8.0000         8.2373        -0.2373  (VIOLATED)
   u_NV_NVDLA_cmac/u_core/u_active/n35766
                             16.0000        16.2369        -0.2369  (VIOLATED)
   u_NV_NVDLA_cmac/u_core/u_mac_3/add_x_936/n190
                              8.0000         8.2365        -0.2365  (VIOLATED)
   u_NV_NVDLA_cmac/u_core/out_data3[58]
                             16.0000        16.2353        -0.2353  (VIOLATED)
   u_NV_NVDLA_cmac/u_core/u_mac_4/pp_out_l1n4_0[13]
                             16.0000        16.2322        -0.2322  (VIOLATED)
   u_NV_NVDLA_cmac/u_core/u_mac_0/add_x_1126/n1824
                              8.0000         8.2311        -0.2311  (VIOLATED)
   u_NV_NVDLA_cmac/u_core/u_mac_6/n3987
                             64.0000        64.2310        -0.2310  (VIOLATED)
   u_NV_NVDLA_cmac/u_core/u_active/n83706
                             16.0000        16.2306        -0.2306  (VIOLATED)
   u_NV_NVDLA_cmac/u_core/out_data4[41]
                             16.0000        16.2299        -0.2299  (VIOLATED)
   u_NV_NVDLA_cmac/u_core/in_dat_data105[7]
                             16.0000        16.2280        -0.2280  (VIOLATED)
   u_NV_NVDLA_cmac/u_core/u_mac_7/u_mul_57/n197
                              8.0000         8.2279        -0.2279  (VIOLATED)
   u_NV_NVDLA_cmac/u_core/u_active/n43716
                             16.0000        16.2262        -0.2262  (VIOLATED)
   u_NV_NVDLA_cmac/u_core/u_active/n96729
                             16.0000        16.2259        -0.2259  (VIOLATED)
   u_NV_NVDLA_cmac/u_core/u_mac_3/pp_out_l2n4_0[9]
                             16.0000        16.2256        -0.2256  (VIOLATED)
   u_NV_NVDLA_cmac/u_core/u_active/n7458
                             16.0000        16.2251        -0.2251  (VIOLATED)
   u_NV_NVDLA_cmac/u_core/u_mac_1/u_tree_l0n09/n12
                              8.0000         8.2249        -0.2249  (VIOLATED)
   u_NV_NVDLA_cmac/u_core/u_mac_7/pp_out_l2n2_0[31]
                             16.0000        16.2249        -0.2249  (VIOLATED)
   u_NV_NVDLA_cmac/u_core/u_mac_3/pp_out_l2n4_0[25]
                             16.0000        16.2244        -0.2244  (VIOLATED)
   u_NV_NVDLA_cmac/u_core/u_mac_5/pp_out_l2n5_1[16]
                             16.0000        16.2234        -0.2234  (VIOLATED)
   u_NV_NVDLA_cmac/u_core/u_mac_2/n7078
                             16.0000        16.2233        -0.2233  (VIOLATED)
   u_NV_NVDLA_cmac/u_core/u_mac_0/u_mul_9/n300
                             16.0000        16.2229        -0.2229  (VIOLATED)
   u_NV_NVDLA_cmac/u_core/u_mac_3/pp_out_l0n09_0[0]
                             16.0000        16.2199        -0.2199  (VIOLATED)
   u_NV_NVDLA_cmac/u_core/u_mac_7/n7011
                             16.0000        16.2192        -0.2192  (VIOLATED)
   u_NV_NVDLA_cmac/u_core/u_mac_3/u_mul_27/n292
                              8.0000         8.2169        -0.2169  (VIOLATED)
   u_NV_NVDLA_cmac/u_core/out_data4[42]
                             16.0000        16.2150        -0.2150  (VIOLATED)
   u_NV_NVDLA_cmac/u_core/u_mac_7/u_mul_52/n96
                              8.0000         8.2129        -0.2129  (VIOLATED)
   u_NV_NVDLA_cmac/u_core/u_active/n100869
                             16.0000        16.2117        -0.2117  (VIOLATED)
   u_NV_NVDLA_cmac/u_core/u_mac_4/pp_out_l2n0_1[32]
                             16.0000        16.2110        -0.2110  (VIOLATED)
   u_NV_NVDLA_cmac/u_core/u_active/n24352
                             16.0000        16.2110        -0.2110  (VIOLATED)
   u_NV_NVDLA_cmac/u_core/u_mac_5/pp_out_l2n1_0[14]
                             16.0000        16.2105        -0.2105  (VIOLATED)
   u_NV_NVDLA_cmac/u_core/u_mac_7/u_nan/n1018
                             16.0000        16.2099        -0.2099  (VIOLATED)
   u_NV_NVDLA_cmac/u_core/u_mac_6/u_exp/n4663
                             16.0000        16.2095        -0.2095  (VIOLATED)
   u_NV_NVDLA_cmac/u_core/u_mac_0/pp_out_l1n2_0[13]
                             16.0000        16.2089        -0.2089  (VIOLATED)
   u_NV_NVDLA_cmac/u_core/u_mac_2/u_tree_l0n08/n232
                              8.0000         8.2077        -0.2077  (VIOLATED)
   u_NV_NVDLA_cmac/u_core/u_mac_1/pp_out_l2n7_0[21]
                             16.0000        16.2070        -0.2070  (VIOLATED)
   u_NV_NVDLA_cmac/u_core/u_active/n38146
                             16.0000        16.2066        -0.2066  (VIOLATED)
   u_NV_NVDLA_cmac/u_core/u_mac_0/pp_out_l2n6_0[9]
                             16.0000        16.2065        -0.2065  (VIOLATED)
   u_NV_NVDLA_cmac/u_core/u_mac_2/u_tree_l0n08/n242
                              8.0000         8.2056        -0.2056  (VIOLATED)
   u_NV_NVDLA_cmac/u_core/in_wt_data99[7]
                             16.0000        16.2051        -0.2051  (VIOLATED)
   u_NV_NVDLA_cmac/u_core/u_mac_3/u_tree_l0n00/n462
                             16.0000        16.2050        -0.2050  (VIOLATED)
   u_NV_NVDLA_cmac/u_core/dat3_actv_data[318]
                             16.0000        16.2045        -0.2045  (VIOLATED)
   u_NV_NVDLA_cmac/u_core/u_mac_3/pp_out_l2n4_0[11]
                             16.0000        16.2043        -0.2043  (VIOLATED)
   u_NV_NVDLA_cmac/u_core/u_mac_7/ps_n3b7[5]
                             16.0000        16.2043        -0.2043  (VIOLATED)
   u_NV_NVDLA_cmac/u_core/u_active/n37436
                             16.0000        16.2030        -0.2030  (VIOLATED)
   u_NV_NVDLA_cmac/u_core/u_mac_3/u_tree_l0n05/n436
                             16.0000        16.2026        -0.2026  (VIOLATED)
   u_NV_NVDLA_cmac/u_core/u_mac_3/pp_out_l2n5_1[6]
                             16.0000        16.2026        -0.2026  (VIOLATED)
   u_NV_NVDLA_cmac/u_core/u_mac_1/u_tree_l0n09/n385
                              8.0000         8.2022        -0.2022  (VIOLATED)
   u_NV_NVDLA_cmac/u_core/u_active/n24312
                             16.0000        16.2021        -0.2021  (VIOLATED)
   u_NV_NVDLA_cmac/u_core/u_mac_3/pp_out_l2n5_1[4]
                             16.0000        16.2013        -0.2013  (VIOLATED)
   u_NV_NVDLA_cmac/u_core/u_mac_3/pp_out_l0n06_1[21]
                              8.0000         8.2010        -0.2010  (VIOLATED)
   u_NV_NVDLA_cmac/u_core/u_mac_6/res_tag_56[2]
                             16.0000        16.2007        -0.2007  (VIOLATED)
   u_NV_NVDLA_cmac/u_core/u_mac_3/u_tree_l0n05/n232
                              8.0000         8.2005        -0.2005  (VIOLATED)
   u_NV_NVDLA_cmac/u_core/u_mac_4/pp_out_l1n4_0[8]
                             16.0000        16.1993        -0.1993  (VIOLATED)
   u_NV_NVDLA_cmac/u_core/u_mac_2/n3647
                             32.0000        32.1991        -0.1991  (VIOLATED)
   u_NV_NVDLA_cmac/u_core/u_mac_3/u_tree_l0n05/n222
                              8.0000         8.1971        -0.1971  (VIOLATED)
   u_NV_NVDLA_cmac/u_core/u_mac_6/ps_n0b3_dc[6]
                             16.0000        16.1931        -0.1931  (VIOLATED)
   u_NV_NVDLA_cmac/u_core/u_mac_4/u_tree_l0n13/n346
                             16.0000        16.1909        -0.1909  (VIOLATED)
   u_NV_NVDLA_cmac/u_core/u_mac_4/n6891
                             16.0000        16.1903        -0.1903  (VIOLATED)
   u_NV_NVDLA_cmac/u_core/u_mac_1/pp_out_l0n02_1[4]
                              8.0000         8.1902        -0.1902  (VIOLATED)
   u_NV_NVDLA_cmac/u_core/u_mac_6/n3182
                             64.0000        64.1899        -0.1899  (VIOLATED)
   u_NV_NVDLA_cmac/u_core/u_mac_7/u_tree_l0n01/n262
                              8.0000         8.1896        -0.1896  (VIOLATED)
   u_NV_NVDLA_cmac/u_core/u_mac_6/u_nan/n3064
                              8.0000         8.1893        -0.1893  (VIOLATED)
   u_NV_NVDLA_cmac/u_core/u_mac_7/n9875
                              8.0000         8.1887        -0.1887  (VIOLATED)
   u_NV_NVDLA_cmac/u_core/u_mac_1/ps_n1b6[4]
                              8.0000         8.1886        -0.1886  (VIOLATED)
   u_NV_NVDLA_cmac/u_core/in_wt_data13[5]
                             16.0000        16.1874        -0.1874  (VIOLATED)
   u_NV_NVDLA_cmac/u_core/u_mac_1/u_tree_l0n09/n272
                              8.0000         8.1865        -0.1865  (VIOLATED)
   u_NV_NVDLA_cmac/u_core/u_mac_1/n8311
                             32.0000        32.1862        -0.1862  (VIOLATED)
   u_NV_NVDLA_cmac/u_core/u_mac_1/u_nan/n11
                              8.0000         8.1852        -0.1852  (VIOLATED)
   u_NV_NVDLA_cmac/u_core/u_mac_1/pp_in_l1n0_2[23]
                             16.0000        16.1845        -0.1845  (VIOLATED)
   u_NV_NVDLA_cmac/u_core/u_mac_7/pp_out_l0n12_1[16]
                              8.0000         8.1838        -0.1838  (VIOLATED)
   u_NV_NVDLA_cmac/u_core/u_mac_6/u_exp/n2811
                              8.0000         8.1815        -0.1815  (VIOLATED)
   u_NV_NVDLA_cmac/u_core/u_mac_6/u_mul_1/n299
                             16.0000        16.1810        -0.1810  (VIOLATED)
   u_NV_NVDLA_cmac/u_core/u_mac_6/u_tree_l2n3/n110
                             16.0000        16.1810        -0.1810  (VIOLATED)
   u_NV_NVDLA_cmac/u_core/u_mac_1/u_tree_l0n00/n425
                             16.0000        16.1807        -0.1807  (VIOLATED)
   u_NV_NVDLA_cmac/u_core/u_active/n37434
                             16.0000        16.1801        -0.1801  (VIOLATED)
   u_NV_NVDLA_cmac/u_core/u_mac_1/u_tree_l4n0/n246
                             16.0000        16.1789        -0.1789  (VIOLATED)
   u_NV_NVDLA_cmac/u_core/dat3_actv_data[846]
                             16.0000        16.1784        -0.1784  (VIOLATED)
   u_NV_NVDLA_cmac/u_core/u_active/n96349
                             16.0000        16.1779        -0.1779  (VIOLATED)
   u_NV_NVDLA_cmac/u_core/u_mac_1/pp_in_l1n2_3[24]
                             16.0000        16.1766        -0.1766  (VIOLATED)
   u_NV_NVDLA_cmac/u_core/u_active/wt_pre_exp[110]
                             16.0000        16.1761        -0.1761  (VIOLATED)
   u_NV_NVDLA_cmac/u_core/u_mac_3/u_nan/n3010
                             16.0000        16.1739        -0.1739  (VIOLATED)
   u_NV_NVDLA_cmac/u_core/u_active/n96212
                             16.0000        16.1732        -0.1732  (VIOLATED)
   u_NV_NVDLA_cmac/u_core/u_mac_1/u_tree_l2n2/n101
                             16.0000        16.1727        -0.1727  (VIOLATED)
   u_NV_NVDLA_cmac/u_core/in_dat_mask[118]
                             16.0000        16.1719        -0.1719  (VIOLATED)
   u_NV_NVDLA_cmac/u_core/u_mac_6/u_nan/n1872
                             32.0000        32.1716        -0.1716  (VIOLATED)
   u_NV_NVDLA_cmac/u_core/u_mac_6/u_tree_l0n13/n344
                             16.0000        16.1705        -0.1705  (VIOLATED)
   u_NV_NVDLA_cmac/u_core/wt0_actv_data[928]
                             16.0000        16.1699        -0.1699  (VIOLATED)
   u_NV_NVDLA_cmac/u_core/u_mac_1/res_tag_b1_sum_15[1]
                             16.0000        16.1692        -0.1692  (VIOLATED)
   u_NV_NVDLA_cmac/u_core/u_mac_5/u_tree_l0n13/n469
                             16.0000        16.1682        -0.1682  (VIOLATED)
   u_NV_NVDLA_cmac/u_core/u_mac_5/n10565
                              8.0000         8.1671        -0.1671  (VIOLATED)
   u_NV_NVDLA_cmac/u_core/u_active/n43704
                             16.0000        16.1669        -0.1669  (VIOLATED)
   u_NV_NVDLA_cmac/u_core/wt6_actv_data[611]
                             16.0000        16.1656        -0.1656  (VIOLATED)
   u_NV_NVDLA_cmac/u_core/u_active/n13557
                             16.0000        16.1632        -0.1632  (VIOLATED)
   u_NV_NVDLA_cmac/u_core/u_active/n101583
                             16.0000        16.1632        -0.1632  (VIOLATED)
   u_NV_NVDLA_cmac/u_core/u_mac_0/exp_sft_55[3]
                             16.0000        16.1628        -0.1628  (VIOLATED)
   u_NV_NVDLA_cmac/u_core/u_mac_1/pp_out_l2n0_1[3]
                              8.0000         8.1617        -0.1617  (VIOLATED)
   u_NV_NVDLA_cmac/u_core/u_mac_1/u_tree_l0n09/n312
                              8.0000         8.1616        -0.1616  (VIOLATED)
   u_NV_NVDLA_cmac/u_core/u_active/n101463
                             16.0000        16.1608        -0.1608  (VIOLATED)
   u_NV_NVDLA_cmac/u_core/wt4_actv_data[16]
                             16.0000        16.1599        -0.1599  (VIOLATED)
   u_NV_NVDLA_cmac/u_core/out_data5[71]
                              8.0000         8.1597        -0.1597  (VIOLATED)
   u_NV_NVDLA_cmac/u_core/cfg_is_int8
                             16.0000        16.1593        -0.1593  (VIOLATED)
   u_NV_NVDLA_cmac/u_core/u_mac_3/u_nan/n3099
                              8.0000         8.1589        -0.1589  (VIOLATED)
   u_NV_NVDLA_cmac/u_core/u_mac_6/u_nan/n1332
                             32.0000        32.1584        -0.1584  (VIOLATED)
   u_NV_NVDLA_cmac/u_core/u_mac_4/u_mul_18/n225
                             64.0000        64.1583        -0.1583  (VIOLATED)
   u_NV_NVDLA_cmac/u_core/u_mac_4/pp_out_l2n3_1[7]
                             16.0000        16.1580        -0.1580  (VIOLATED)
   u_NV_NVDLA_cmac/u_core/u_mac_0/u_tree_l2n1/n99
                              8.0000         8.1568        -0.1568  (VIOLATED)
   u_NV_NVDLA_cmac/u_core/u_mac_4/u_nan/n2938
                             16.0000        16.1560        -0.1560  (VIOLATED)
   u_NV_NVDLA_cmac/u_core/u_mac_6/res_tag_36[3]
                             16.0000        16.1552        -0.1552  (VIOLATED)
   u_NV_NVDLA_cmac/u_core/u_active/n96015
                             16.0000        16.1550        -0.1550  (VIOLATED)
   u_NV_NVDLA_cmac/u_core/u_active/n94800
                             16.0000        16.1546        -0.1546  (VIOLATED)
   u_NV_NVDLA_cmac/u_core/u_mac_5/pp_out_l2n3_1[21]
                              8.0000         8.1539        -0.1539  (VIOLATED)
   u_NV_NVDLA_cmac/u_core/u_mac_2/pp_out_l0n07_0_d1[5]
                             16.0000        16.1510        -0.1510  (VIOLATED)
   u_NV_NVDLA_cmac/u_core/u_mac_0/u_tree_l4n2/n41
                             16.0000        16.1494        -0.1494  (VIOLATED)
   u_NV_NVDLA_cmac/u_core/u_active/n21871
                             16.0000        16.1467        -0.1467  (VIOLATED)
   u_NV_NVDLA_cmac/u_core/in_dat_data12[0]
                             16.0000        16.1457        -0.1457  (VIOLATED)
   u_NV_NVDLA_cmac/u_core/u_mac_6/pp_out_l0n12_0_d1[4]
                             16.0000        16.1456        -0.1456  (VIOLATED)
   u_NV_NVDLA_cmac/u_core/u_mac_6/pp_out_l0n12_0_d1[1]
                             16.0000        16.1455        -0.1455  (VIOLATED)
   u_NV_NVDLA_cmac/u_core/u_mac_7/pp_out_l1n2_0[39]
                              8.0000         8.1435        -0.1435  (VIOLATED)
   u_NV_NVDLA_cmac/u_core/u_mac_0/ps_n0b6_wg[4]
                              8.0000         8.1428        -0.1428  (VIOLATED)
   u_NV_NVDLA_cmac/u_core/u_mac_7/n10119
                              8.0000         8.1427        -0.1427  (VIOLATED)
   u_NV_NVDLA_cmac/u_core/u_mac_2/pp_out_l1n0_0[39]
                              8.0000         8.1426        -0.1426  (VIOLATED)
   u_NV_NVDLA_cmac/u_core/u_mac_2/pp_out_l2n6_0[23]
                              8.0000         8.1426        -0.1426  (VIOLATED)
   u_NV_NVDLA_cmac/u_core/u_mac_5/out_nan_mts[3]
                             16.0000        16.1424        -0.1424  (VIOLATED)
   u_NV_NVDLA_cmac/u_core/u_active/n8525
                             16.0000        16.1414        -0.1414  (VIOLATED)
   u_NV_NVDLA_cmac/u_core/u_mac_6/u_mul_24/n306
                              8.0000         8.1397        -0.1397  (VIOLATED)
   u_NV_NVDLA_cmac/u_core/u_mac_5/n3432
                             64.0000        64.1394        -0.1394  (VIOLATED)
   u_NV_NVDLA_cmac/u_core/u_mac_4/u_tree_l0n02/n351
                              8.0000         8.1370        -0.1370  (VIOLATED)
   u_NV_NVDLA_cmac/u_core/u_mac_1/u_mul_55/n225
                             32.0000        32.1369        -0.1369  (VIOLATED)
   u_NV_NVDLA_cmac/u_core/u_mac_4/u_tree_l4n2/n92
                             16.0000        16.1365        -0.1365  (VIOLATED)
   u_NV_NVDLA_cmac/u_core/u_mac_6/u_nan/n3067
                              8.0000         8.1364        -0.1364  (VIOLATED)
   u_NV_NVDLA_cmac/u_core/u_mac_2/res_a_17[8]
                              8.0000         8.1356        -0.1356  (VIOLATED)
   u_NV_NVDLA_cmac/u_core/u_mac_0/n11403
                             32.0000        32.1335        -0.1335  (VIOLATED)
   u_NV_NVDLA_cmac/u_core/u_mac_4/u_nan/n1145
                             16.0000        16.1335        -0.1335  (VIOLATED)
   u_NV_NVDLA_cmac/u_core/u_active/n34717
                             16.0000        16.1331        -0.1331  (VIOLATED)
   u_NV_NVDLA_cmac/u_core/u_mac_3/ps_n3b0[0]
                             16.0000        16.1328        -0.1328  (VIOLATED)
   u_NV_NVDLA_cmac/u_core/wt4_actv_data[190]
                             16.0000        16.1326        -0.1326  (VIOLATED)
   u_NV_NVDLA_cmac/u_core/dat3_actv_data[909]
                             16.0000        16.1325        -0.1325  (VIOLATED)
   u_NV_NVDLA_cmac/u_core/in_wt_data106[2]
                             16.0000        16.1321        -0.1321  (VIOLATED)
   u_NV_NVDLA_cmac/u_core/u_mac_1/u_exp/exp_sum_51[0]
                             16.0000        16.1316        -0.1316  (VIOLATED)
   u_NV_NVDLA_cmac/u_core/u_mac_1/u_mul_55/n315
                             16.0000        16.1309        -0.1309  (VIOLATED)
   u_NV_NVDLA_cmac/u_core/u_mac_7/u_tree_l0n01/n242
                              8.0000         8.1305        -0.1305  (VIOLATED)
   u_NV_NVDLA_cmac/u_core/u_active/n11752
                              8.0000         8.1303        -0.1303  (VIOLATED)
   u_NV_NVDLA_cmac/u_core/u_mac_1/u_nan/n3040
                             16.0000        16.1284        -0.1284  (VIOLATED)
   u_NV_NVDLA_cmac/u_core/u_mac_2/u_tree_l0n12/n363
                             16.0000        16.1274        -0.1274  (VIOLATED)
   u_NV_NVDLA_cmac/u_core/in_dat_data25[3]
                             16.0000        16.1273        -0.1273  (VIOLATED)
   u_NV_NVDLA_cmac/u_core/u_active/n47924
                             16.0000        16.1264        -0.1264  (VIOLATED)
   u_NV_NVDLA_cmac/u_core/u_mac_1/u_tree_l0n09/n262
                              8.0000         8.1257        -0.1257  (VIOLATED)
   u_NV_NVDLA_cmac/u_core/u_mac_4/u_tree_l0n05/n189
                              8.0000         8.1253        -0.1253  (VIOLATED)
   u_NV_NVDLA_cmac/u_core/u_mac_4/n9075
                             16.0000        16.1240        -0.1240  (VIOLATED)
   u_NV_NVDLA_cmac/u_core/u_mac_4/u_exp/n5163
                             16.0000        16.1237        -0.1237  (VIOLATED)
   u_NV_NVDLA_cmac/u_core/u_active/n21876
                             16.0000        16.1236        -0.1236  (VIOLATED)
   u_NV_NVDLA_cmac/u_core/u_mac_3/n7337
                              8.0000         8.1221        -0.1221  (VIOLATED)
   u_NV_NVDLA_cmac/u_core/u_active/n13582
                             16.0000        16.1217        -0.1217  (VIOLATED)
   u_NV_NVDLA_cmac/u_core/u_mac_5/res_tag_60[3]
                             16.0000        16.1214        -0.1214  (VIOLATED)
   mac2accu_data3[145]       16.0000        16.1213        -0.1213  (VIOLATED)
   u_NV_NVDLA_cmac/u_core/u_mac_2/u_nan/n237
                             16.0000        16.1205        -0.1205  (VIOLATED)
   u_NV_NVDLA_cmac/u_core/u_mac_4/n9659
                             16.0000        16.1202        -0.1202  (VIOLATED)
   u_NV_NVDLA_cmac/u_core/u_mac_3/pp_out_l0n09_1[24]
                             16.0000        16.1196        -0.1196  (VIOLATED)
   u_NV_NVDLA_cmac/u_core/u_mac_4/u_tree_l0n13/n12
                              8.0000         8.1193        -0.1193  (VIOLATED)
   u_NV_NVDLA_cmac/u_core/in_dat_data24[7]
                             16.0000        16.1186        -0.1186  (VIOLATED)
   u_NV_NVDLA_cmac/u_core/u_mac_2/pp_out_l0n07_0_d1[4]
                             16.0000        16.1182        -0.1182  (VIOLATED)
   u_NV_NVDLA_cmac/u_core/u_mac_3/u_tree_l0n05/n452
                             16.0000        16.1182        -0.1182  (VIOLATED)
   u_NV_NVDLA_cmac/u_core/wt3_actv_data[405]
                             16.0000        16.1170        -0.1170  (VIOLATED)
   u_NV_NVDLA_cmac/u_core/u_mac_0/pp_out_l1n4_1[38]
                              8.0000         8.1164        -0.1164  (VIOLATED)
   u_NV_NVDLA_cmac/u_core/u_mac_6/u_nan/n611
                             32.0000        32.1161        -0.1161  (VIOLATED)
   u_NV_NVDLA_cmac/u_core/u_active/n84548
                             16.0000        16.1157        -0.1157  (VIOLATED)
   u_NV_NVDLA_cmac/u_core/u_mac_4/u_tree_l2n0/n142
                             16.0000        16.1154        -0.1154  (VIOLATED)
   u_NV_NVDLA_cmac/u_core/u_mac_4/u_tree_l3n1/n49
                             16.0000        16.1140        -0.1140  (VIOLATED)
   u_NV_NVDLA_cmac/u_core/u_mac_6/u_tree_l0n01/n272
                              8.0000         8.1139        -0.1139  (VIOLATED)
   u_NV_NVDLA_cmac/u_core/dat2_actv_data[589]
                             16.0000        16.1130        -0.1130  (VIOLATED)
   u_NV_NVDLA_cmac/u_core/u_mac_6/res_tag_2[7]
                             82.0000        82.1123        -0.1123  (VIOLATED)
   u_NV_NVDLA_cmac/u_core/u_mac_0/add_x_889/n192
                              8.0000         8.1118        -0.1118  (VIOLATED)
   u_NV_NVDLA_cmac/u_core/u_mac_7/u_nan/n1376
                              8.0000         8.1117        -0.1117  (VIOLATED)
   u_NV_NVDLA_cmac/u_core/u_mac_5/n4262
                             64.0000        64.1106        -0.1106  (VIOLATED)
   u_NV_NVDLA_cmac/u_core/u_mac_3/pp_out_l2n5_0[8]
                             16.0000        16.1099        -0.1099  (VIOLATED)
   u_NV_NVDLA_cmac/u_core/u_mac_3/n7346
                              8.0000         8.1093        -0.1093  (VIOLATED)
   u_NV_NVDLA_cmac/u_core/u_mac_1/pp_in_l1n2_3[21]
                             16.0000        16.1092        -0.1092  (VIOLATED)
   u_NV_NVDLA_cmac/u_core/u_mac_2/u_mul_40/n296
                             16.0000        16.1089        -0.1089  (VIOLATED)
   u_NV_NVDLA_cmac/u_core/u_mac_6/u_mul_0/n302
                             16.0000        16.1084        -0.1084  (VIOLATED)
   u_NV_NVDLA_cmac/u_core/u_mac_7/u_nan/n1738
                             16.0000        16.1077        -0.1077  (VIOLATED)
   u_NV_NVDLA_cmac/u_core/u_mac_3/pp_out_l2n4_1[18]
                             16.0000        16.1077        -0.1077  (VIOLATED)
   u_NV_NVDLA_cmac/u_core/in_wt_data68[6]
                             16.0000        16.1076        -0.1076  (VIOLATED)
   u_NV_NVDLA_cmac/u_core/dat5_actv_data[876]
                             16.0000        16.1060        -0.1060  (VIOLATED)
   u_NV_NVDLA_cmac/u_core/u_active/n100872
                             16.0000        16.1042        -0.1042  (VIOLATED)
   u_NV_NVDLA_cmac/u_core/u_mac_1/u_mul_7/n295
                             16.0000        16.1035        -0.1035  (VIOLATED)
   u_NV_NVDLA_cmac/u_core/u_mac_4/pp_out_l2n0_1[24]
                             16.0000        16.1028        -0.1028  (VIOLATED)
   u_NV_NVDLA_cmac/u_core/out_data7[164]
                              8.0000         8.1023        -0.1023  (VIOLATED)
   mac2accu_data3[146]       16.0000        16.1008        -0.1008  (VIOLATED)
   u_NV_NVDLA_cmac/u_core/u_mac_6/u_tree_l0n01/n236
                              8.0000         8.1008        -0.1008  (VIOLATED)
   u_NV_NVDLA_cmac/u_core/u_mac_1/pp_out_l2n7_0[15]
                             16.0000        16.0993        -0.0993  (VIOLATED)
   u_NV_NVDLA_cmac/u_core/u_active/n24320
                             16.0000        16.0991        -0.0991  (VIOLATED)
   u_NV_NVDLA_cmac/u_core/u_mac_6/u_tree_l2n3/n101
                             16.0000        16.0991        -0.0991  (VIOLATED)
   u_NV_NVDLA_cmac/u_core/dat1_actv_data[550]
                             16.0000        16.0985        -0.0985  (VIOLATED)
   u_NV_NVDLA_cmac/u_core/out_data0[84]
                             32.0000        32.0983        -0.0983  (VIOLATED)
   u_NV_NVDLA_cmac/u_core/u_mac_6/res_tag_17[7]
                             32.0000        32.0974        -0.0974  (VIOLATED)
   u_NV_NVDLA_cmac/u_core/u_mac_1/u_tree_l4n0/n39
                             16.0000        16.0971        -0.0971  (VIOLATED)
   u_NV_NVDLA_cmac/u_core/u_mac_7/u_nan/n1556
                              8.0000         8.0969        -0.0969  (VIOLATED)
   u_NV_NVDLA_cmac/u_core/u_mac_4/u_exp/n5289
                             16.0000        16.0948        -0.0948  (VIOLATED)
   u_NV_NVDLA_cmac/u_core/u_active/n84501
                             16.0000        16.0944        -0.0944  (VIOLATED)
   u_NV_NVDLA_cmac/u_core/u_mac_3/u_tree_l4n2/n216
                             16.0000        16.0940        -0.0940  (VIOLATED)
   u_NV_NVDLA_cmac/u_core/u_mac_7/u_tree_l0n15/n418
                              8.0000         8.0936        -0.0936  (VIOLATED)
   u_NV_NVDLA_cmac/u_core/u_mac_0/add_x_1045/n232
                              8.0000         8.0936        -0.0936  (VIOLATED)
   u_NV_NVDLA_cmac/u_core/u_mac_2/u_nan/n2158
                             16.0000        16.0933        -0.0933  (VIOLATED)
   u_NV_NVDLA_cmac/u_core/u_mac_1/pp_out_l2n3_1[18]
                             16.0000        16.0921        -0.0921  (VIOLATED)
   u_NV_NVDLA_cmac/u_core/u_mac_5/pp_out_l2n2_0[8]
                             16.0000        16.0918        -0.0918  (VIOLATED)
   u_NV_NVDLA_cmac/u_core/u_active/n49080
                             16.0000        16.0918        -0.0918  (VIOLATED)
   u_NV_NVDLA_cmac/u_core/dat1_actv_data[549]
                             16.0000        16.0904        -0.0904  (VIOLATED)
   u_NV_NVDLA_cmac/u_core/u_mac_7/sop_2[8]
                             16.0000        16.0893        -0.0893  (VIOLATED)
   u_NV_NVDLA_cmac/u_core/u_mac_5/pp_out_l2n5_1[17]
                             16.0000        16.0890        -0.0890  (VIOLATED)
   u_NV_NVDLA_cmac/u_core/u_mac_0/u_nan/n3011
                              8.0000         8.0877        -0.0877  (VIOLATED)
   u_NV_NVDLA_cmac/u_core/u_mac_4/pp_out_l2n3_0[23]
                             16.0000        16.0864        -0.0864  (VIOLATED)
   u_NV_NVDLA_cmac/u_core/u_mac_0/u_exp/exp_sum_55[0]
                             16.0000        16.0863        -0.0863  (VIOLATED)
   u_NV_NVDLA_cmac/u_core/u_mac_5/u_tree_l1n6/n47
                              8.0000         8.0856        -0.0856  (VIOLATED)
   u_NV_NVDLA_cmac/u_core/u_active/n74424
                             16.0000        16.0856        -0.0856  (VIOLATED)
   u_NV_NVDLA_cmac/u_core/u_mac_6/u_nan/n2930
                              8.0000         8.0855        -0.0855  (VIOLATED)
   u_NV_NVDLA_cmac/u_core/u_mac_0/pp_out_l0n03_1[22]
                              8.0000         8.0854        -0.0854  (VIOLATED)
   u_NV_NVDLA_cmac/u_core/in_wt_data101[4]
                             16.0000        16.0839        -0.0839  (VIOLATED)
   u_NV_NVDLA_cmac/u_core/u_mac_5/pp_out_l0n14_1[35]
                             16.0000        16.0838        -0.0838  (VIOLATED)
   u_NV_NVDLA_cmac/u_core/u_mac_2/u_nan/n1867
                             16.0000        16.0835        -0.0835  (VIOLATED)
   u_NV_NVDLA_cmac/u_core/u_mac_2/pp_out_l0n07_1_d1[12]
                             16.0000        16.0834        -0.0834  (VIOLATED)
   u_NV_NVDLA_cmac/u_core/u_mac_5/u_tree_l0n01/n272
                              8.0000         8.0832        -0.0832  (VIOLATED)
   u_NV_NVDLA_cmac/u_core/u_mac_5/cfg_is_fp16_d0_0_
                             16.0000        16.0831        -0.0831  (VIOLATED)
   u_NV_NVDLA_cmac/u_core/u_mac_3/u_nan/n2959
                             16.0000        16.0830        -0.0830  (VIOLATED)
   u_NV_NVDLA_cmac/u_core/u_mac_4/pp_out_l0n12_1[22]
                             16.0000        16.0829        -0.0829  (VIOLATED)
   u_NV_NVDLA_cmac/u_core/u_active/n83723
                             16.0000        16.0822        -0.0822  (VIOLATED)
   u_NV_NVDLA_cmac/u_core/u_mac_4/pp_out_l1n4_1[26]
                             16.0000        16.0809        -0.0809  (VIOLATED)
   u_NV_NVDLA_cmac/u_core/out_data5[84]
                              8.0000         8.0789        -0.0789  (VIOLATED)
   u_NV_NVDLA_cmac/u_core/dat1_actv_data[547]
                             16.0000        16.0788        -0.0788  (VIOLATED)
   u_NV_NVDLA_cmac/u_core/u_mac_2/pp_out_l0n07_1_d1[3]
                             16.0000        16.0772        -0.0772  (VIOLATED)
   u_NV_NVDLA_cmac/u_core/u_mac_1/u_tree_l2n2/n100
                             16.0000        16.0764        -0.0764  (VIOLATED)
   u_NV_NVDLA_cmac/u_core/u_mac_6/pp_out_l0n03_1[17]
                              8.0000         8.0763        -0.0763  (VIOLATED)
   u_NV_NVDLA_cmac/u_core/u_mac_3/pp_out_l0n09_0[4]
                             16.0000        16.0762        -0.0762  (VIOLATED)
   u_NV_NVDLA_cmac/u_core/u_mac_3/pp_out_l2n5_1[9]
                             16.0000        16.0758        -0.0758  (VIOLATED)
   u_NV_NVDLA_cmac/u_core/u_mac_6/res_tag_3[7]
                             82.0000        82.0756        -0.0756  (VIOLATED)
   u_NV_NVDLA_cmac/u_core/u_active/n13540
                             16.0000        16.0751        -0.0751  (VIOLATED)
   u_NV_NVDLA_cmac/u_core/u_mac_5/pp_out_l2n1_0[13]
                             16.0000        16.0751        -0.0751  (VIOLATED)
   u_NV_NVDLA_cmac/u_core/u_active/n83720
                             16.0000        16.0750        -0.0750  (VIOLATED)
   u_NV_NVDLA_cmac/u_core/u_mac_2/u_nan/n2210
                             16.0000        16.0750        -0.0750  (VIOLATED)
   u_NV_NVDLA_cmac/u_core/u_mac_5/n3431
                             64.0000        64.0744        -0.0744  (VIOLATED)
   u_NV_NVDLA_cmac/u_core/u_mac_0/pp_out_l0n09_0[34]
                             16.0000        16.0743        -0.0743  (VIOLATED)
   u_NV_NVDLA_cmac/u_core/u_mac_4/pp_out_l1n4_0[17]
                             16.0000        16.0735        -0.0735  (VIOLATED)
   u_NV_NVDLA_cmac/u_core/u_active/n95998
                             16.0000        16.0734        -0.0734  (VIOLATED)
   u_NV_NVDLA_cmac/u_core/dat3_actv_data[906]
                             16.0000        16.0732        -0.0732  (VIOLATED)
   u_NV_NVDLA_cmac/u_core/u_mac_2/pp_out_l0n07_0_d1[3]
                             16.0000        16.0725        -0.0725  (VIOLATED)
   u_NV_NVDLA_cmac/u_core/u_mac_7/pp_out_l2n2_0[29]
                             16.0000        16.0723        -0.0723  (VIOLATED)
   u_NV_NVDLA_cmac/u_core/wt6_actv_data[13]
                             16.0000        16.0723        -0.0723  (VIOLATED)
   u_NV_NVDLA_cmac/u_core/wt6_actv_data[619]
                             16.0000        16.0721        -0.0721  (VIOLATED)
   u_NV_NVDLA_cmac/u_core/u_mac_7/u_nan/n426
                             16.0000        16.0720        -0.0720  (VIOLATED)
   u_NV_NVDLA_cmac/u_core/u_mac_2/u_tree_l0n04/n202
                              8.0000         8.0719        -0.0719  (VIOLATED)
   u_NV_NVDLA_cmac/u_core/u_mac_7/pp_in_l2n0_2[2]
                             16.0000        16.0719        -0.0719  (VIOLATED)
   u_NV_NVDLA_cmac/u_core/u_mac_1/u_mul_51/n96
                              8.0000         8.0717        -0.0717  (VIOLATED)
   u_NV_NVDLA_cmac/u_core/dat5_actv_data[760]
                             16.0000        16.0715        -0.0715  (VIOLATED)
   u_NV_NVDLA_cmac/u_core/u_active/n95140
                             16.0000        16.0698        -0.0698  (VIOLATED)
   u_NV_NVDLA_cmac/u_core/u_mac_7/n6998
                             16.0000        16.0694        -0.0694  (VIOLATED)
   u_NV_NVDLA_cmac/u_core/u_mac_7/add_x_826/n190
                              8.0000         8.0692        -0.0692  (VIOLATED)
   u_NV_NVDLA_cmac/u_core/u_active/n84555
                             16.0000        16.0684        -0.0684  (VIOLATED)
   u_NV_NVDLA_cmac/u_core/u_mac_5/pp_out_l2n5_0[14]
                             16.0000        16.0683        -0.0683  (VIOLATED)
   u_NV_NVDLA_cmac/u_core/u_mac_5/pp_out_l2n1_1[17]
                             16.0000        16.0683        -0.0683  (VIOLATED)
   u_NV_NVDLA_cmac/u_core/in_dat_data27[0]
                             16.0000        16.0682        -0.0682  (VIOLATED)
   u_NV_NVDLA_cmac/u_core/u_mac_7/pp_out_l2n5_1[24]
                              8.0000         8.0680        -0.0680  (VIOLATED)
   u_NV_NVDLA_cmac/u_core/u_mac_5/pp_out_l2n1_1[15]
                             16.0000        16.0676        -0.0676  (VIOLATED)
   u_NV_NVDLA_cmac/u_core/u_mac_3/pp_out_l2n5_0[35]
                             16.0000        16.0656        -0.0656  (VIOLATED)
   u_NV_NVDLA_cmac/u_core/u_mac_1/pp_out_l2n7_0[9]
                             16.0000        16.0655        -0.0655  (VIOLATED)
   u_NV_NVDLA_cmac/u_core/u_mac_5/u_nan/n365
                              8.0000         8.0643        -0.0643  (VIOLATED)
   u_NV_NVDLA_cmac/u_core/u_mac_4/u_mul_27/n225
                             32.0000        32.0637        -0.0637  (VIOLATED)
   u_NV_NVDLA_cmac/u_core/in_dat_data111[5]
                             16.0000        16.0634        -0.0634  (VIOLATED)
   u_NV_NVDLA_cmac/u_core/u_mac_5/u_tree_l0n14/n312
                              8.0000         8.0630        -0.0630  (VIOLATED)
   u_NV_NVDLA_cmac/u_core/u_active/n13545
                             16.0000        16.0630        -0.0630  (VIOLATED)
   u_NV_NVDLA_cmac/u_core/dat6_actv_data[193]
                             16.0000        16.0630        -0.0630  (VIOLATED)
   u_NV_NVDLA_cmac/u_core/u_mac_2/pp_out_l0n03_0[18]
                             16.0000        16.0617        -0.0617  (VIOLATED)
   u_NV_NVDLA_cmac/u_core/u_mac_7/n7012
                             16.0000        16.0612        -0.0612  (VIOLATED)
   u_NV_NVDLA_cmac/u_core/u_mac_4/pp_out_l2n3_0[18]
                             16.0000        16.0608        -0.0608  (VIOLATED)
   u_NV_NVDLA_cmac/u_core/u_mac_3/u_mul_5/n300
                              8.0000         8.0606        -0.0606  (VIOLATED)
   u_NV_NVDLA_cmac/u_core/u_mac_6/u_mul_3/n313
                             16.0000        16.0601        -0.0601  (VIOLATED)
   u_NV_NVDLA_cmac/u_core/u_active/n23023
                             64.0000        64.0593        -0.0593  (VIOLATED)
   u_NV_NVDLA_cmac/u_core/u_mac_6/u_tree_l2n3/n100
                             16.0000        16.0591        -0.0591  (VIOLATED)
   u_NV_NVDLA_cmac/u_core/dat3_actv_data[747]
                             32.0000        32.0590        -0.0590  (VIOLATED)
   u_NV_NVDLA_cmac/u_core/u_mac_5/pp_out_l2n2_1[11]
                             16.0000        16.0586        -0.0586  (VIOLATED)
   u_NV_NVDLA_cmac/u_core/u_mac_5/ps_n0b6_dc[5]
                             16.0000        16.0574        -0.0574  (VIOLATED)
   u_NV_NVDLA_cmac/u_core/u_mac_3/pp_out_l0n09_0[3]
                             16.0000        16.0564        -0.0564  (VIOLATED)
   u_NV_NVDLA_cmac/u_core/u_mac_7/pp_out_l0n08_1_d1[15]
                             16.0000        16.0552        -0.0552  (VIOLATED)
   u_NV_NVDLA_cmac/u_core/in_wt_data68[1]
                             16.0000        16.0550        -0.0550  (VIOLATED)
   u_NV_NVDLA_cmac/u_core/u_mac_6/u_nan/n3066
                              8.0000         8.0549        -0.0549  (VIOLATED)
   u_NV_NVDLA_cmac/u_core/u_mac_5/pp_out_l0n04_1_d1[30]
                             16.0000        16.0545        -0.0545  (VIOLATED)
   u_NV_NVDLA_cmac/u_core/u_mac_5/res_tag_b3_sum_14[1]
                             16.0000        16.0535        -0.0535  (VIOLATED)
   u_NV_NVDLA_cmac/u_core/u_mac_0/pp_out_l2n5_1[21]
                              8.0000         8.0530        -0.0530  (VIOLATED)
   u_NV_NVDLA_cmac/u_core/u_mac_6/u_nan/n16
                             16.0000        16.0528        -0.0528  (VIOLATED)
   u_NV_NVDLA_cmac/u_core/u_mac_5/u_tree_l1n0/n63
                             16.0000        16.0516        -0.0516  (VIOLATED)
   u_NV_NVDLA_cmac/u_core/u_mac_1/u_tree_l0n08/n440
                             16.0000        16.0513        -0.0513  (VIOLATED)
   u_NV_NVDLA_cmac/u_core/u_mac_4/u_tree_l1n6/n41
                              8.0000         8.0512        -0.0512  (VIOLATED)
   u_NV_NVDLA_cmac/u_core/u_mac_1/add_x_928/n191
                              8.0000         8.0504        -0.0504  (VIOLATED)
   u_NV_NVDLA_cmac/u_core/u_mac_6/u_nan/n3059
                              8.0000         8.0503        -0.0503  (VIOLATED)
   u_NV_NVDLA_cmac/u_core/u_mac_1/n11613
                             64.0000        64.0498        -0.0498  (VIOLATED)
   u_NV_NVDLA_cmac/u_core/u_active/n96723
                             16.0000        16.0493        -0.0493  (VIOLATED)
   u_NV_NVDLA_cmac/u_core/u_mac_3/u_tree_l0n13/n322
                              8.0000         8.0493        -0.0493  (VIOLATED)
   u_NV_NVDLA_cmac/u_core/in_wt_mask[46]
                             16.0000        16.0488        -0.0488  (VIOLATED)
   u_NV_NVDLA_cmac/u_core/u_active/n94554
                             16.0000        16.0484        -0.0484  (VIOLATED)
   u_NV_NVDLA_cmac/u_core/u_active/n5022
                              8.0000         8.0482        -0.0482  (VIOLATED)
   u_NV_NVDLA_cmac/u_core/wt5_actv_data[465]
                             16.0000        16.0478        -0.0478  (VIOLATED)
   u_NV_NVDLA_cmac/u_core/u_mac_1/n1754
                              8.0000         8.0472        -0.0472  (VIOLATED)
   u_NV_NVDLA_cmac/u_core/out_data7[162]
                              8.0000         8.0461        -0.0461  (VIOLATED)
   u_NV_NVDLA_cmac/u_core/u_mac_6/n3640
                             32.0000        32.0453        -0.0453  (VIOLATED)
   u_NV_NVDLA_cmac/u_core/u_active/n13541
                             16.0000        16.0447        -0.0447  (VIOLATED)
   u_NV_NVDLA_cmac/u_core/u_mac_5/exp_sft_09[3]
                             32.0000        32.0444        -0.0444  (VIOLATED)
   u_NV_NVDLA_cmac/u_core/u_mac_3/u_nan/n3036
                              8.0000         8.0439        -0.0439  (VIOLATED)
   u_NV_NVDLA_cmac/u_core/u_mac_7/pp_in_l4n2_3[12]
                             16.0000        16.0435        -0.0435  (VIOLATED)
   u_NV_NVDLA_cmac/u_core/in_dat_data49[6]
                             16.0000        16.0432        -0.0432  (VIOLATED)
   u_NV_NVDLA_cmac/u_core/u_mac_1/u_exp/exp_sum_55[3]
                             16.0000        16.0430        -0.0430  (VIOLATED)
   u_NV_NVDLA_cmac/u_core/in_dat_data74[1]
                             16.0000        16.0429        -0.0429  (VIOLATED)
   u_NV_NVDLA_cmac/u_core/dat2_actv_data[573]
                             16.0000        16.0427        -0.0427  (VIOLATED)
   u_NV_NVDLA_cmac/u_core/u_active/n101196
                             16.0000        16.0415        -0.0415  (VIOLATED)
   u_NV_NVDLA_cmac/u_core/u_mac_5/pp_out_l0n04_0[9]
                              8.0000         8.0406        -0.0406  (VIOLATED)
   u_NV_NVDLA_cmac/u_core/u_mac_3/u_tree_l2n2/n6
                             16.0000        16.0403        -0.0403  (VIOLATED)
   u_NV_NVDLA_cmac/u_core/u_mac_4/n2627
                             32.0000        32.0399        -0.0399  (VIOLATED)
   u_NV_NVDLA_cmac/u_core/out_data5[72]
                              8.0000         8.0393        -0.0393  (VIOLATED)
   u_NV_NVDLA_cmac/u_core/u_mac_6/u_tree_l4n3/n245
                             16.0000        16.0384        -0.0384  (VIOLATED)
   u_NV_NVDLA_cmac/u_core/u_mac_3/u_tree_l0n08/n413
                             16.0000        16.0381        -0.0381  (VIOLATED)
   u_NV_NVDLA_cmac/u_core/in_dat_data27[1]
                             16.0000        16.0380        -0.0380  (VIOLATED)
   u_NV_NVDLA_cmac/u_core/u_active/n96253
                             16.0000        16.0373        -0.0373  (VIOLATED)
   u_NV_NVDLA_cmac/u_core/dat3_actv_data[745]
                             32.0000        32.0368        -0.0368  (VIOLATED)
   u_NV_NVDLA_cmac/u_core/u_mac_6/u_nan/n426
                             16.0000        16.0344        -0.0344  (VIOLATED)
   u_NV_NVDLA_cmac/u_core/u_mac_4/n2631
                             32.0000        32.0343        -0.0343  (VIOLATED)
   u_NV_NVDLA_cmac/u_core/u_mac_5/u_tree_l0n14/n272
                              8.0000         8.0343        -0.0343  (VIOLATED)
   u_NV_NVDLA_cmac/u_core/u_mac_3/u_exp/exp_sum_58[0]
                             16.0000        16.0336        -0.0336  (VIOLATED)
   u_NV_NVDLA_cmac/u_core/u_mac_3/u_nan/n2963
                             16.0000        16.0333        -0.0333  (VIOLATED)
   u_NV_NVDLA_cmac/u_core/u_mac_7/u_nan/n1559
                             16.0000        16.0325        -0.0325  (VIOLATED)
   u_NV_NVDLA_cmac/u_core/u_mac_1/pp_out_l2n7_0[16]
                             16.0000        16.0320        -0.0320  (VIOLATED)
   u_NV_NVDLA_cmac/u_core/u_mac_1/pp_out_l2n2_0[19]
                             16.0000        16.0301        -0.0301  (VIOLATED)
   u_NV_NVDLA_cmac/u_core/u_mac_3/u_nan/n3006
                             16.0000        16.0301        -0.0301  (VIOLATED)
   u_NV_NVDLA_cmac/u_core/u_mac_0/res_a_26[8]
                              8.0000         8.0295        -0.0295  (VIOLATED)
   u_NV_NVDLA_cmac/u_core/u_mac_6/pp_out_l2n6_1[22]
                             16.0000        16.0282        -0.0282  (VIOLATED)
   u_NV_NVDLA_cmac/u_core/u_mac_6/n9199
                              8.0000         8.0274        -0.0274  (VIOLATED)
   u_NV_NVDLA_cmac/u_core/u_mac_4/pp_out_l2n4_1[28]
                             16.0000        16.0274        -0.0274  (VIOLATED)
   u_NV_NVDLA_cmac/u_core/u_mac_3/u_tree_l4n3/n335
                             16.0000        16.0265        -0.0265  (VIOLATED)
   u_NV_NVDLA_cmac/u_core/u_mac_2/u_nan/n2424
                             16.0000        16.0264        -0.0264  (VIOLATED)
   u_NV_NVDLA_cmac/u_core/u_mac_4/u_nan/n2923
                              8.0000         8.0263        -0.0263  (VIOLATED)
   u_NV_NVDLA_cmac/u_core/u_mac_3/add_x_779/n191
                              8.0000         8.0262        -0.0262  (VIOLATED)
   u_NV_NVDLA_cmac/u_core/u_mac_1/u_exp/exp_sum_55[2]
                             16.0000        16.0261        -0.0261  (VIOLATED)
   u_NV_NVDLA_cmac/u_core/u_mac_3/pp_out_l0n09_0[5]
                             16.0000        16.0260        -0.0260  (VIOLATED)
   u_NV_NVDLA_cmac/u_core/u_mac_1/u_tree_l4n2/n234
                             16.0000        16.0258        -0.0258  (VIOLATED)
   u_NV_NVDLA_cmac/u_core/wt3_actv_data[680]
                             16.0000        16.0255        -0.0255  (VIOLATED)
   u_NV_NVDLA_cmac/u_core/u_mac_0/pp_out_l0n14_1_d1[32]
                             16.0000        16.0253        -0.0253  (VIOLATED)
   u_NV_NVDLA_cmac/u_core/u_mac_3/u_tree_l0n14/n352
                              8.0000         8.0248        -0.0248  (VIOLATED)
   u_NV_NVDLA_cmac/u_core/out_data5[6]
                             16.0000        16.0246        -0.0246  (VIOLATED)
   u_NV_NVDLA_cmac/u_core/u_active/n98475
                             16.0000        16.0239        -0.0239  (VIOLATED)
   u_NV_NVDLA_cmac/u_core/u_mac_5/n3433
                             64.0000        64.0234        -0.0234  (VIOLATED)
   u_NV_NVDLA_cmac/u_core/in_dat_data27[5]
                             16.0000        16.0231        -0.0231  (VIOLATED)
   u_NV_NVDLA_cmac/u_core/u_active/n101198
                             16.0000        16.0229        -0.0229  (VIOLATED)
   u_NV_NVDLA_cmac/u_core/u_mac_2/u_mul_38/n303
                             16.0000        16.0224        -0.0224  (VIOLATED)
   u_NV_NVDLA_cmac/u_core/wt3_actv_data[400]
                             16.0000        16.0217        -0.0217  (VIOLATED)
   u_NV_NVDLA_cmac/u_core/u_mac_2/n7077
                             16.0000        16.0217        -0.0217  (VIOLATED)
   u_NV_NVDLA_cmac/u_core/u_mac_6/pp_out_l0n12_0_d1[0]
                             16.0000        16.0215        -0.0215  (VIOLATED)
   u_NV_NVDLA_cmac/u_core/wt4_actv_data[182]
                             16.0000        16.0202        -0.0202  (VIOLATED)
   u_NV_NVDLA_cmac/u_core/out_data4[78]
                              8.0000         8.0198        -0.0198  (VIOLATED)
   u_NV_NVDLA_cmac/u_core/u_mac_4/res_b_21[9]
                              8.0000         8.0191        -0.0191  (VIOLATED)
   u_NV_NVDLA_cmac/u_core/u_mac_7/n523
                             16.0000        16.0180        -0.0180  (VIOLATED)
   u_NV_NVDLA_cmac/u_core/u_mac_0/u_tree_l1n2/n71
                             16.0000        16.0176        -0.0176  (VIOLATED)
   u_NV_NVDLA_cmac/u_core/u_mac_4/n1387
                              8.0000         8.0174        -0.0174  (VIOLATED)
   u_NV_NVDLA_cmac/u_core/u_mac_4/u_tree_l4n2/n316
                              8.0000         8.0173        -0.0173  (VIOLATED)
   u_NV_NVDLA_cmac/u_core/u_mac_5/u_nan/n1249
                              8.0000         8.0172        -0.0172  (VIOLATED)
   u_NV_NVDLA_cmac/u_core/u_mac_1/pp_out_l2n3_1[9]
                             16.0000        16.0168        -0.0168  (VIOLATED)
   u_NV_NVDLA_cmac/u_core/u_mac_4/res_tag_61[0]
                             16.0000        16.0158        -0.0158  (VIOLATED)
   u_NV_NVDLA_cmac/u_core/u_mac_0/pp_out_l0n03_1[23]
                              8.0000         8.0148        -0.0148  (VIOLATED)
   u_NV_NVDLA_cmac/u_core/u_mac_4/pp_out_l1n4_0[25]
                             16.0000        16.0145        -0.0145  (VIOLATED)
   u_NV_NVDLA_cmac/u_core/u_mac_7/pp_out_l0n12_1[13]
                              8.0000         8.0143        -0.0143  (VIOLATED)
   u_NV_NVDLA_cmac/u_core/u_mac_2/u_nan/n2914
                             16.0000        16.0138        -0.0138  (VIOLATED)
   u_NV_NVDLA_cmac/u_core/u_mac_5/u_tree_l0n04/n398
                              8.0000         8.0137        -0.0137  (VIOLATED)
   u_NV_NVDLA_cmac/u_core/u_mac_3/u_nan/n3012
                             16.0000        16.0137        -0.0137  (VIOLATED)
   u_NV_NVDLA_cmac/u_core/u_mac_5/res_tag_29[6]
                             32.0000        32.0129        -0.0129  (VIOLATED)
   u_NV_NVDLA_cmac/u_core/u_mac_6/ps_n0b2_dc[5]
                             16.0000        16.0119        -0.0119  (VIOLATED)
   u_NV_NVDLA_cmac/u_core/u_mac_7/u_tree_l0n12/n362
                              8.0000         8.0119        -0.0119  (VIOLATED)
   u_NV_NVDLA_cmac/u_core/wt6_actv_data[613]
                             16.0000        16.0118        -0.0118  (VIOLATED)
   u_NV_NVDLA_cmac/u_core/u_mac_4/u_tree_l0n04/n132
                              8.0000         8.0114        -0.0114  (VIOLATED)
   u_NV_NVDLA_cmac/u_core/u_mac_7/u_tree_l4n1/n97
                              8.0000         8.0110        -0.0110  (VIOLATED)
   u_NV_NVDLA_cmac/u_core/u_mac_2/n874
                             16.0000        16.0107        -0.0107  (VIOLATED)
   u_NV_NVDLA_cmac/u_core/u_mac_5/add_x_1132/n1416
                              8.0000         8.0107        -0.0107  (VIOLATED)
   u_NV_NVDLA_cmac/u_core/wt4_actv_nan[38]
                             16.0000        16.0105        -0.0105  (VIOLATED)
   u_NV_NVDLA_cmac/u_core/u_active/n95994
                             16.0000        16.0087        -0.0087  (VIOLATED)
   u_NV_NVDLA_cmac/u_core/u_mac_1/pp_out_l2n3_1[7]
                             16.0000        16.0085        -0.0085  (VIOLATED)
   u_NV_NVDLA_cmac/u_core/u_mac_7/u_nan/n1919
                             16.0000        16.0080        -0.0080  (VIOLATED)
   u_NV_NVDLA_cmac/u_core/u_active/n30711
                              8.0000         8.0079        -0.0079  (VIOLATED)
   u_NV_NVDLA_cmac/u_core/u_mac_0/u_tree_l2n4/n78
                             16.0000        16.0067        -0.0067  (VIOLATED)
   u_NV_NVDLA_cmac/u_core/u_mac_4/pp_out_l2n3_1[9]
                             16.0000        16.0067        -0.0067  (VIOLATED)
   u_NV_NVDLA_cmac/u_core/u_mac_4/n9069
                             16.0000        16.0067        -0.0067  (VIOLATED)
   u_NV_NVDLA_cmac/u_core/u_mac_1/pp_in_l1n2_3[22]
                             16.0000        16.0063        -0.0063  (VIOLATED)
   u_NV_NVDLA_cmac/u_core/u_mac_4/pp_out_l1n4_0[15]
                             16.0000        16.0062        -0.0062  (VIOLATED)
   u_NV_NVDLA_cmac/u_core/u_mac_1/pp_out_l2n3_0[15]
                             16.0000        16.0046        -0.0046  (VIOLATED)
   u_NV_NVDLA_cmac/u_core/u_mac_5/pp_out_l2n2_1[4]
                              8.0000         8.0045        -0.0045  (VIOLATED)
   u_NV_NVDLA_cmac/u_core/u_active/n6244
                             16.0000        16.0038        -0.0038  (VIOLATED)
   u_NV_NVDLA_cmac/u_core/u_active/n24074
                             64.0000        64.0038        -0.0038  (VIOLATED)
   u_NV_NVDLA_cmac/u_core/u_mac_3/u_mul_15/n293
                              8.0000         8.0035        -0.0035  (VIOLATED)
   u_NV_NVDLA_cmac/u_core/u_mac_5/pp_out_l0n02_0[11]
                              8.0000         8.0030        -0.0030  (VIOLATED)
   u_NV_NVDLA_cmac/u_core/u_mac_5/out_nan_mts[0]
                             16.0000        16.0029        -0.0029  (VIOLATED)
   u_NV_NVDLA_cmac/u_core/dat5_actv_data[872]
                             16.0000        16.0027        -0.0027  (VIOLATED)
   u_NV_NVDLA_cmac/u_core/u_mac_3/u_tree_l0n10/n353
                              8.0000         8.0026        -0.0026  (VIOLATED)
   u_NV_NVDLA_cmac/u_core/u_mac_0/pp_out_l1n4_1[27]
                              8.0000         8.0023        -0.0023  (VIOLATED)
   u_NV_NVDLA_cmac/u_core/dat1_actv_nan[57]
                             16.0000        16.0022        -0.0022  (VIOLATED)
   u_NV_NVDLA_cmac/u_core/u_active/n97346
                             16.0000        16.0020        -0.0020  (VIOLATED)
   u_NV_NVDLA_cmac/u_core/u_active/n101582
                             16.0000        16.0020        -0.0020  (VIOLATED)
   u_NV_NVDLA_cmac/u_core/u_mac_3/u_tree_l0n00/n389
                              8.0000         8.0020        -0.0020  (VIOLATED)
   u_NV_NVDLA_cmac/u_core/dat4_actv_data[817]
                              8.0000         8.0016        -0.0016  (VIOLATED)
   u_NV_NVDLA_cmac/u_core/u_mac_3/pp_out_l0n06_0[30]
                              8.0000         8.0014        -0.0014  (VIOLATED)
   u_NV_NVDLA_cmac/u_core/u_mac_7/n3832
                             32.0000        32.0012        -0.0012  (VIOLATED)
   u_NV_NVDLA_cmac/u_core/u_mac_1/n8452
                             64.0000        64.0012        -0.0012  (VIOLATED)
   u_NV_NVDLA_cmac/u_core/u_mac_7/n3862
                             32.0000        32.0007        -0.0007  (VIOLATED)
   u_NV_NVDLA_cmac/u_core/u_mac_5/pp_out_l0n04_0[4]
                              8.0000         8.0007        -0.0007  (VIOLATED)
   u_NV_NVDLA_cmac/u_core/u_mac_0/u_exp/n4169
                              8.0000         8.0003        -0.0003  (VIOLATED)

   -----------------------------------------------------------------
   Total                      2013            -1978.7534

   max_area

                             Required        Actual
   Design                      Area           Area           Slack
   -----------------------------------------------------------------
   NV_NVDLA_partition_m       0.0000       3224151.2500   -3224151.2500
                                                                    (VIOLATED)


   multiport_net

                             Required        Actual
   Net                          Cost           Cost          Violation
   -----------------------------------------------------------------
   u_partition_m_reset/sync_reset_synced_rstn/UJ_inreset_x_clamp/A1
                              0.0000         1.0000        -1.0000  (VIOLATED)


1
