 
****************************************
Report : constraint
        -all_violators
Design : NV_NVDLA_partition_m
Version: W-2024.09-SP5-5
Date   : Fri May  8 15:00:49 2026
****************************************


   max_delay/setup ('nvdla_core_clk' group)

                             Required        Actual
   Endpoint                 Path Delay     Path Delay        Slack
   -----------------------------------------------------------------
   u_NV_NVDLA_cmac/u_core/u_mac_2/u_exp/exp_sft_60_reg_2_/D
                              3.8882         4.0998 r      -0.2117  (VIOLATED)
   u_NV_NVDLA_cmac/u_core/u_mac_7/u_exp/exp_sft_04_reg_2_/D
                              3.9011         4.1120 f      -0.2109  (VIOLATED)
   u_NV_NVDLA_cmac/u_core/u_mac_7/u_exp/exp_sft_45_reg_3_/D
                              3.8826         4.0932 r      -0.2106  (VIOLATED)
   u_NV_NVDLA_cmac/u_core/u_mac_2/u_exp/exp_sft_32_reg_2_/D
                              3.8888         4.0995 r      -0.2106  (VIOLATED)
   u_NV_NVDLA_cmac/u_core/u_mac_6/u_exp/exp_sft_59_reg_2_/D
                              3.8904         4.1009 r      -0.2106  (VIOLATED)
   u_NV_NVDLA_cmac/u_core/u_mac_2/u_exp/exp_sft_06_reg_2_/D
                              3.8913         4.1018 r      -0.2106  (VIOLATED)
   u_NV_NVDLA_cmac/u_core/u_mac_2/u_exp/exp_sft_47_reg_2_/D
                              3.8913         4.1018 r      -0.2105  (VIOLATED)
   u_NV_NVDLA_cmac/u_core/u_mac_2/u_exp/exp_sft_37_reg_3_/D
                              3.8811         4.0915 r      -0.2104  (VIOLATED)
   u_NV_NVDLA_cmac/u_core/u_mac_2/u_exp/exp_sft_27_reg_2_/D
                              3.8914         4.1018 r      -0.2104  (VIOLATED)
   u_NV_NVDLA_cmac/u_core/u_mac_2/u_exp/exp_sft_07_reg_3_/D
                              3.8890         4.0991 r      -0.2101  (VIOLATED)
   u_NV_NVDLA_cmac/u_core/u_mac_6/u_exp/exp_sft_53_reg_2_/D
                              3.8889         4.0989 r      -0.2101  (VIOLATED)
   u_NV_NVDLA_cmac/u_core/u_mac_2/u_exp/exp_sft_02_reg_3_/D
                              3.8904         4.1003 r      -0.2098  (VIOLATED)
   u_NV_NVDLA_cmac/u_core/u_mac_7/u_exp/exp_sft_12_reg_2_/D
                              3.8886         4.0984 r      -0.2098  (VIOLATED)
   u_NV_NVDLA_cmac/u_core/u_mac_6/u_exp/exp_sft_14_reg_2_/D
                              3.8915         4.1012 r      -0.2097  (VIOLATED)
   u_NV_NVDLA_cmac/u_core/u_mac_4/u_exp/exp_sft_05_reg_3_/D
                              3.8890         4.0986 r      -0.2097  (VIOLATED)
   u_NV_NVDLA_cmac/u_core/u_mac_4/u_exp/exp_sft_07_reg_3_/D
                              3.8904         4.1001 r      -0.2096  (VIOLATED)
   u_NV_NVDLA_cmac/u_core/u_mac_2/u_exp/exp_sft_25_reg_3_/D
                              3.8888         4.0984 r      -0.2096  (VIOLATED)
   u_NV_NVDLA_cmac/u_core/u_mac_5/u_exp/exp_sft_04_reg_0_/D
                              3.8888         4.0983 r      -0.2095  (VIOLATED)
   u_NV_NVDLA_cmac/u_core/u_mac_2/u_exp/exp_sft_34_reg_2_/D
                              3.8913         4.1007 r      -0.2094  (VIOLATED)
   u_NV_NVDLA_cmac/u_core/u_mac_2/u_exp/exp_sft_20_reg_3_/D
                              3.8890         4.0983 r      -0.2094  (VIOLATED)
   u_NV_NVDLA_cmac/u_core/u_mac_5/u_exp/exp_sft_04_reg_1_/D
                              3.8808         4.0901 r      -0.2094  (VIOLATED)
   u_NV_NVDLA_cmac/u_core/u_mac_2/u_exp/exp_sft_18_reg_2_/D
                              3.8914         4.1007 r      -0.2093  (VIOLATED)
   u_NV_NVDLA_cmac/u_core/u_mac_5/u_exp/exp_sft_05_reg_2_/D
                              3.8891         4.0983 r      -0.2092  (VIOLATED)
   u_NV_NVDLA_cmac/u_core/u_mac_7/u_exp/exp_sft_63_reg_1_/D
                              3.8828         4.0920 r      -0.2092  (VIOLATED)
   u_NV_NVDLA_cmac/u_core/u_mac_4/u_exp/exp_sft_45_reg_2_/D
                              3.8889         4.0980 r      -0.2092  (VIOLATED)
   u_NV_NVDLA_cmac/u_core/u_mac_5/u_exp/exp_sft_01_reg_2_/D
                              3.8907         4.0998 r      -0.2091  (VIOLATED)
   u_NV_NVDLA_cmac/u_core/u_mac_7/u_exp/exp_sft_21_reg_3_/D
                              3.8901         4.0991 r      -0.2090  (VIOLATED)
   u_NV_NVDLA_cmac/u_core/u_mac_4/u_exp/exp_sft_40_reg_3_/D
                              3.8906         4.0997 r      -0.2090  (VIOLATED)
   u_NV_NVDLA_cmac/u_core/u_mac_7/u_exp/exp_sft_22_reg_2_/D
                              3.8882         4.0972 r      -0.2090  (VIOLATED)
   u_NV_NVDLA_cmac/u_core/u_mac_2/u_exp/exp_sft_11_reg_3_/D
                              3.8889         4.0978 r      -0.2089  (VIOLATED)
   u_NV_NVDLA_cmac/u_core/u_mac_6/u_exp/exp_sft_38_reg_3_/D
                              3.8883         4.0971 r      -0.2089  (VIOLATED)
   u_NV_NVDLA_cmac/u_core/u_mac_2/u_exp/exp_sft_24_reg_3_/D
                              3.8889         4.0976 r      -0.2087  (VIOLATED)
   u_NV_NVDLA_cmac/u_core/u_mac_2/u_exp/exp_sft_46_reg_2_/D
                              3.8889         4.0976 r      -0.2087  (VIOLATED)
   u_NV_NVDLA_cmac/u_core/u_mac_7/u_exp/exp_sft_01_reg_2_/D
                              3.8882         4.0969 r      -0.2087  (VIOLATED)
   u_NV_NVDLA_cmac/u_core/u_mac_4/u_exp/exp_sft_16_reg_3_/D
                              3.8906         4.0993 r      -0.2087  (VIOLATED)
   u_NV_NVDLA_cmac/u_core/u_mac_4/u_exp/exp_sft_35_reg_3_/D
                              3.8905         4.0992 r      -0.2086  (VIOLATED)
   u_NV_NVDLA_cmac/u_core/u_mac_6/u_exp/exp_sft_20_reg_2_/D
                              3.8886         4.0972 r      -0.2086  (VIOLATED)
   u_NV_NVDLA_cmac/u_core/u_mac_6/u_exp/exp_sft_49_reg_2_/D
                              3.8886         4.0972 r      -0.2086  (VIOLATED)
   u_NV_NVDLA_cmac/u_core/u_mac_2/u_exp/exp_sft_26_reg_3_/D
                              3.8905         4.0990 r      -0.2085  (VIOLATED)
   u_NV_NVDLA_cmac/u_core/u_mac_7/u_exp/exp_sft_07_reg_3_/D
                              3.9012         4.1097 f      -0.2085  (VIOLATED)
   u_NV_NVDLA_cmac/u_core/u_mac_4/u_exp/exp_sft_27_reg_2_/D
                              3.8889         4.0973 r      -0.2084  (VIOLATED)
   u_NV_NVDLA_cmac/u_core/u_mac_6/u_exp/exp_sft_35_reg_3_/D
                              3.8884         4.0967 r      -0.2083  (VIOLATED)
   u_NV_NVDLA_cmac/u_core/u_mac_2/u_exp/exp_sft_22_reg_2_/D
                              3.8887         4.0969 r      -0.2082  (VIOLATED)
   u_NV_NVDLA_cmac/u_core/u_mac_6/u_exp/exp_sft_03_reg_2_/D
                              3.8906         4.0988 r      -0.2082  (VIOLATED)
   u_NV_NVDLA_cmac/u_core/u_mac_2/u_exp/exp_sft_44_reg_2_/D
                              3.8901         4.0983 r      -0.2082  (VIOLATED)
   u_NV_NVDLA_cmac/u_core/u_mac_4/u_exp/exp_sft_39_reg_3_/D
                              3.8905         4.0987 r      -0.2082  (VIOLATED)
   u_NV_NVDLA_cmac/u_core/u_mac_4/u_exp/exp_sft_09_reg_2_/D
                              3.9000         4.1082 f      -0.2082  (VIOLATED)
   u_NV_NVDLA_cmac/u_core/u_mac_2/u_exp/exp_sft_41_reg_2_/D
                              3.8914         4.0996 r      -0.2082  (VIOLATED)
   u_NV_NVDLA_cmac/u_core/u_mac_5/u_exp/exp_sft_07_reg_0_/D
                              3.8888         4.0969 r      -0.2081  (VIOLATED)
   u_NV_NVDLA_cmac/u_core/u_mac_4/u_exp/exp_sft_34_reg_3_/D
                              3.8904         4.0984 r      -0.2080  (VIOLATED)
   u_NV_NVDLA_cmac/u_core/u_mac_2/u_exp/exp_sft_53_reg_3_/D
                              3.8810         4.0891 r      -0.2080  (VIOLATED)
   u_NV_NVDLA_cmac/u_core/u_mac_6/u_exp/exp_sft_15_reg_2_/D
                              3.8910         4.0990 r      -0.2080  (VIOLATED)
   u_NV_NVDLA_cmac/u_core/u_mac_4/u_exp/exp_sft_29_reg_2_/D
                              3.8888         4.0967 r      -0.2079  (VIOLATED)
   u_NV_NVDLA_cmac/u_core/u_mac_7/u_exp/exp_sft_23_reg_2_/D
                              3.8885         4.0963 r      -0.2078  (VIOLATED)
   u_NV_NVDLA_cmac/u_core/u_mac_7/u_exp/exp_sft_05_reg_2_/D
                              3.8887         4.0964 r      -0.2077  (VIOLATED)
   u_NV_NVDLA_cmac/u_core/u_mac_4/u_exp/exp_sft_44_reg_3_/D
                              3.8906         4.0983 r      -0.2077  (VIOLATED)
   u_NV_NVDLA_cmac/u_core/u_mac_2/u_exp/exp_sft_45_reg_2_/D
                              3.9010         4.1087 f      -0.2076  (VIOLATED)
   u_NV_NVDLA_cmac/u_core/u_mac_4/u_exp/exp_sft_09_reg_3_/D
                              3.8888         4.0965 r      -0.2076  (VIOLATED)
   u_NV_NVDLA_cmac/u_core/u_mac_2/u_exp/exp_sft_25_reg_2_/D
                              3.8906         4.0982 r      -0.2076  (VIOLATED)
   u_NV_NVDLA_cmac/u_core/u_mac_2/u_exp/exp_sft_12_reg_3_/D
                              3.8890         4.0966 f      -0.2075  (VIOLATED)
   u_NV_NVDLA_cmac/u_core/u_mac_2/u_exp/exp_sft_31_reg_2_/D
                              3.8914         4.0988 r      -0.2074  (VIOLATED)
   u_NV_NVDLA_cmac/u_core/u_mac_2/u_exp/exp_sft_16_reg_3_/D
                              3.8889         4.0964 r      -0.2074  (VIOLATED)
   u_NV_NVDLA_cmac/u_core/u_mac_2/u_exp/exp_sft_26_reg_2_/D
                              3.8914         4.0987 r      -0.2073  (VIOLATED)
   u_NV_NVDLA_cmac/u_core/u_mac_2/u_exp/exp_sft_30_reg_2_/D
                              3.8915         4.0986 r      -0.2072  (VIOLATED)
   u_NV_NVDLA_cmac/u_core/u_mac_2/u_exp/exp_sft_15_reg_2_/D
                              3.8915         4.0986 r      -0.2072  (VIOLATED)
   u_NV_NVDLA_cmac/u_core/u_mac_4/u_exp/exp_sft_41_reg_3_/D
                              3.8906         4.0978 r      -0.2071  (VIOLATED)
   u_NV_NVDLA_cmac/u_core/u_mac_5/u_exp/exp_sft_15_reg_2_/D
                              3.8901         4.0972 f      -0.2071  (VIOLATED)
   u_NV_NVDLA_cmac/u_core/u_mac_5/u_exp/exp_sft_45_reg_2_/D
                              3.8889         4.0960 r      -0.2071  (VIOLATED)
   u_NV_NVDLA_cmac/u_core/u_mac_2/u_exp/exp_sft_24_reg_2_/D
                              3.8906         4.0976 r      -0.2071  (VIOLATED)
   u_NV_NVDLA_cmac/u_core/u_mac_6/u_exp/exp_sft_07_reg_2_/D
                              3.8913         4.0983 r      -0.2070  (VIOLATED)
   u_NV_NVDLA_cmac/u_core/u_mac_2/u_exp/exp_sft_48_reg_2_/D
                              3.8914         4.0984 r      -0.2070  (VIOLATED)
   u_NV_NVDLA_cmac/u_core/u_mac_2/u_exp/exp_sft_36_reg_2_/D
                              3.9009         4.1079 f      -0.2070  (VIOLATED)
   u_NV_NVDLA_cmac/u_core/u_mac_2/u_exp/exp_sft_39_reg_3_/D
                              3.8808         4.0878 r      -0.2070  (VIOLATED)
   u_NV_NVDLA_cmac/u_core/u_mac_7/u_exp/exp_sft_57_reg_3_/D
                              3.8900         4.0969 r      -0.2069  (VIOLATED)
   u_NV_NVDLA_cmac/u_core/u_mac_7/u_exp/exp_sft_09_reg_2_/D
                              3.8905         4.0974 r      -0.2069  (VIOLATED)
   u_NV_NVDLA_cmac/u_core/u_mac_2/u_exp/exp_sft_20_reg_2_/D
                              3.9009         4.1078 f      -0.2069  (VIOLATED)
   u_NV_NVDLA_cmac/u_core/u_mac_6/u_exp/exp_sft_21_reg_1_/D
                              3.8892         4.0961 r      -0.2069  (VIOLATED)
   u_NV_NVDLA_cmac/u_core/u_mac_7/u_exp/exp_sft_28_reg_2_/D
                              3.8887         4.0955 r      -0.2068  (VIOLATED)
   u_NV_NVDLA_cmac/u_core/u_mac_3/u_exp/exp_sft_62_reg_2_/D
                              3.8904         4.0971 r      -0.2067  (VIOLATED)
   u_NV_NVDLA_cmac/u_core/u_mac_5/u_exp/exp_sft_44_reg_2_/D
                              3.8812         4.0879 r      -0.2067  (VIOLATED)
   u_NV_NVDLA_cmac/u_core/u_mac_3/u_exp/exp_sft_05_reg_2_/D
                              3.8827         4.0894 r      -0.2067  (VIOLATED)
   u_NV_NVDLA_cmac/u_core/u_mac_4/u_exp/exp_sft_53_reg_2_/D
                              3.8886         4.0952 r      -0.2066  (VIOLATED)
   u_NV_NVDLA_cmac/u_core/u_mac_2/u_exp/exp_sft_42_reg_2_/D
                              3.8914         4.0980 r      -0.2066  (VIOLATED)
   u_NV_NVDLA_cmac/u_core/u_mac_2/u_exp/exp_sft_37_reg_2_/D
                              3.8910         4.0976 r      -0.2066  (VIOLATED)
   u_NV_NVDLA_cmac/u_core/u_mac_7/u_exp/exp_sft_13_reg_2_/D
                              3.8889         4.0954 r      -0.2065  (VIOLATED)
   u_NV_NVDLA_cmac/u_core/u_mac_3/u_exp/exp_sft_62_reg_3_/D
                              3.8905         4.0970 r      -0.2065  (VIOLATED)
   u_NV_NVDLA_cmac/u_core/u_mac_5/u_exp/exp_sft_63_reg_2_/D
                              3.8887         4.0950 r      -0.2063  (VIOLATED)
   u_NV_NVDLA_cmac/u_core/u_mac_4/u_exp/exp_sft_00_reg_2_/D
                              3.8906         4.0969 r      -0.2063  (VIOLATED)
   u_NV_NVDLA_cmac/u_core/u_mac_6/u_exp/exp_sft_11_reg_2_/D
                              3.8913         4.0975 r      -0.2062  (VIOLATED)
   u_NV_NVDLA_cmac/u_core/u_mac_6/u_exp/exp_sft_61_reg_2_/D
                              3.8907         4.0968 r      -0.2061  (VIOLATED)
   u_NV_NVDLA_cmac/u_core/u_mac_2/u_exp/exp_sft_40_reg_3_/D
                              3.8882         4.0943 r      -0.2061  (VIOLATED)
   u_NV_NVDLA_cmac/u_core/u_mac_6/u_exp/exp_sft_55_reg_2_/D
                              3.9010         4.1070 f      -0.2060  (VIOLATED)
   u_NV_NVDLA_cmac/u_core/u_mac_6/u_exp/exp_sft_62_reg_2_/D
                              3.8906         4.0966 r      -0.2060  (VIOLATED)
   u_NV_NVDLA_cmac/u_core/u_mac_4/u_exp/exp_sft_38_reg_3_/D
                              3.8902         4.0961 r      -0.2060  (VIOLATED)
   u_NV_NVDLA_cmac/u_core/u_mac_2/u_exp/exp_sft_38_reg_3_/D
                              3.8809         4.0869 r      -0.2059  (VIOLATED)
   u_NV_NVDLA_cmac/u_core/u_mac_4/u_exp/exp_sft_11_reg_3_/D
                              3.8905         4.0963 r      -0.2059  (VIOLATED)
   u_NV_NVDLA_cmac/u_core/u_mac_4/u_exp/exp_sft_07_reg_2_/D
                              3.8889         4.0947 r      -0.2058  (VIOLATED)
   u_NV_NVDLA_cmac/u_core/u_mac_5/u_exp/exp_sft_02_reg_3_/D
                              3.8810         4.0868 r      -0.2057  (VIOLATED)
   u_NV_NVDLA_cmac/u_core/u_mac_4/u_exp/exp_sft_30_reg_2_/D
                              3.8888         4.0946 r      -0.2057  (VIOLATED)
   u_NV_NVDLA_cmac/u_core/u_mac_6/u_exp/exp_sft_39_reg_3_/D
                              3.8889         4.0946 r      -0.2057  (VIOLATED)
   u_NV_NVDLA_cmac/u_core/u_mac_2/u_exp/exp_sft_51_reg_3_/D
                              3.8810         4.0867 r      -0.2057  (VIOLATED)
   u_NV_NVDLA_cmac/u_core/u_mac_2/u_exp/exp_sft_44_reg_3_/D
                              3.8889         4.0946 r      -0.2057  (VIOLATED)
   u_NV_NVDLA_cmac/u_core/u_mac_4/u_exp/exp_sft_22_reg_2_/D
                              3.8889         4.0945 r      -0.2056  (VIOLATED)
   u_NV_NVDLA_cmac/u_core/u_mac_7/u_exp/exp_sft_29_reg_2_/D
                              3.8900         4.0956 r      -0.2055  (VIOLATED)
   u_NV_NVDLA_cmac/u_core/u_mac_2/u_exp/exp_sft_17_reg_2_/D
                              3.9013         4.1067 f      -0.2055  (VIOLATED)
   u_NV_NVDLA_cmac/u_core/u_mac_2/u_exp/exp_sft_35_reg_3_/D
                              3.8812         4.0865 r      -0.2054  (VIOLATED)
   u_NV_NVDLA_cmac/u_core/u_mac_7/u_exp/exp_sft_57_reg_2_/D
                              3.8835         4.0889 r      -0.2053  (VIOLATED)
   u_NV_NVDLA_cmac/u_core/u_mac_5/u_exp/exp_sft_47_reg_2_/D
                              3.8886         4.0939 r      -0.2053  (VIOLATED)
   u_NV_NVDLA_cmac/u_core/u_mac_2/u_exp/exp_sft_34_reg_3_/D
                              3.8811         4.0864 r      -0.2053  (VIOLATED)
   u_NV_NVDLA_cmac/u_core/u_mac_7/u_exp/exp_sft_06_reg_2_/D
                              3.8887         4.0940 r      -0.2053  (VIOLATED)
   u_NV_NVDLA_cmac/u_core/u_mac_4/u_exp/exp_sft_48_reg_2_/D
                              3.8887         4.0939 r      -0.2052  (VIOLATED)
   u_NV_NVDLA_cmac/u_core/u_mac_4/u_exp/exp_sft_10_reg_3_/D
                              3.8905         4.0957 r      -0.2052  (VIOLATED)
   u_NV_NVDLA_cmac/u_core/u_mac_7/u_exp/exp_sft_61_reg_3_/D
                              3.8905         4.0956 r      -0.2051  (VIOLATED)
   u_NV_NVDLA_cmac/u_core/u_mac_4/u_exp/exp_sft_33_reg_3_/D
                              3.8904         4.0955 r      -0.2051  (VIOLATED)
   u_NV_NVDLA_cmac/u_core/u_mac_2/u_exp/exp_sft_03_reg_2_/D
                              3.8912         4.0961 r      -0.2050  (VIOLATED)
   u_NV_NVDLA_cmac/u_core/u_mac_5/u_exp/exp_sft_45_reg_3_/D
                              3.8812         4.0861 r      -0.2049  (VIOLATED)
   u_NV_NVDLA_cmac/u_core/u_mac_2/u_exp/exp_sft_17_reg_3_/D
                              3.8887         4.0936 r      -0.2049  (VIOLATED)
   u_NV_NVDLA_cmac/u_core/u_mac_7/u_exp/exp_sft_00_reg_3_/D
                              3.8790         4.0839 f      -0.2049  (VIOLATED)
   u_NV_NVDLA_cmac/u_core/u_mac_2/u_exp/exp_sft_16_reg_2_/D
                              3.9012         4.1061 f      -0.2049  (VIOLATED)
   u_NV_NVDLA_cmac/u_core/u_mac_0/u_exp/exp_sft_30_reg_2_/D
                              3.8907         4.0955 r      -0.2049  (VIOLATED)
   u_NV_NVDLA_cmac/u_core/u_mac_2/u_exp/exp_sft_19_reg_2_/D
                              3.8913         4.0961 r      -0.2048  (VIOLATED)
   u_NV_NVDLA_cmac/u_core/u_mac_0/u_exp/exp_sft_35_reg_2_/D
                              3.8906         4.0954 r      -0.2048  (VIOLATED)
   u_NV_NVDLA_cmac/u_core/u_mac_0/u_exp/exp_sft_28_reg_2_/D
                              3.8905         4.0953 r      -0.2048  (VIOLATED)
   u_NV_NVDLA_cmac/u_core/u_mac_6/u_exp/exp_sft_50_reg_2_/D
                              3.9012         4.1059 f      -0.2047  (VIOLATED)
   u_NV_NVDLA_cmac/u_core/u_mac_7/u_exp/exp_sft_63_reg_2_/D
                              3.8803         4.0850 r      -0.2047  (VIOLATED)
   u_NV_NVDLA_cmac/u_core/u_mac_4/u_exp/exp_sft_32_reg_3_/D
                              3.8906         4.0952 r      -0.2047  (VIOLATED)
   u_NV_NVDLA_cmac/u_core/u_mac_2/u_exp/exp_sft_40_reg_2_/D
                              3.8901         4.0947 r      -0.2046  (VIOLATED)
   u_NV_NVDLA_cmac/u_core/u_mac_4/u_exp/exp_sft_05_reg_2_/D
                              3.8906         4.0952 r      -0.2046  (VIOLATED)
   u_NV_NVDLA_cmac/u_core/u_mac_2/u_exp/exp_sft_59_reg_2_/D
                              3.8882         4.0928 r      -0.2046  (VIOLATED)
   u_NV_NVDLA_cmac/u_core/u_mac_5/u_exp/exp_sft_49_reg_2_/D
                              3.9000         4.1046 f      -0.2045  (VIOLATED)
   u_NV_NVDLA_cmac/u_core/u_mac_7/u_exp/exp_sft_59_reg_3_/D
                              3.8810         4.0855 r      -0.2045  (VIOLATED)
   u_NV_NVDLA_cmac/u_core/u_mac_2/u_exp/exp_sft_21_reg_2_/D
                              3.9012         4.1057 f      -0.2045  (VIOLATED)
   u_NV_NVDLA_cmac/u_core/u_mac_2/u_exp/exp_sft_43_reg_3_/D
                              3.8886         4.0930 r      -0.2044  (VIOLATED)
   u_NV_NVDLA_cmac/u_core/u_mac_7/u_exp/exp_sft_19_reg_2_/D
                              3.8905         4.0948 r      -0.2044  (VIOLATED)
   u_NV_NVDLA_cmac/u_core/u_mac_3/u_exp/exp_sft_63_reg_3_/D
                              3.8903         4.0947 r      -0.2044  (VIOLATED)
   u_NV_NVDLA_cmac/u_core/u_mac_4/u_exp/exp_sft_23_reg_2_/D
                              3.8890         4.0933 r      -0.2044  (VIOLATED)
   u_NV_NVDLA_cmac/u_core/u_mac_6/u_exp/exp_sft_57_reg_3_/D
                              3.8907         4.0950 r      -0.2043  (VIOLATED)
   u_NV_NVDLA_cmac/u_core/u_mac_0/u_exp/exp_sft_36_reg_2_/D
                              3.8906         4.0948 r      -0.2042  (VIOLATED)
   u_NV_NVDLA_cmac/u_core/u_mac_3/u_exp/exp_sft_05_reg_3_/D
                              3.8890         4.0930 r      -0.2041  (VIOLATED)
   u_NV_NVDLA_cmac/u_core/u_mac_5/u_exp/exp_sft_62_reg_3_/D
                              3.8875         4.0916 r      -0.2040  (VIOLATED)
   u_NV_NVDLA_cmac/u_core/u_mac_3/u_exp/exp_sft_01_reg_3_/D
                              3.8890         4.0930 r      -0.2040  (VIOLATED)
   u_NV_NVDLA_cmac/u_core/u_mac_0/u_exp/exp_sft_31_reg_2_/D
                              3.8905         4.0945 r      -0.2040  (VIOLATED)
   u_NV_NVDLA_cmac/u_core/u_mac_0/u_exp/exp_sft_34_reg_2_/D
                              3.8828         4.0868 r      -0.2040  (VIOLATED)
   u_NV_NVDLA_cmac/u_core/u_mac_6/u_exp/exp_sft_08_reg_2_/D
                              3.8913         4.0952 r      -0.2039  (VIOLATED)
   u_NV_NVDLA_cmac/u_core/u_mac_5/u_exp/exp_sft_46_reg_2_/D
                              3.8890         4.0929 r      -0.2039  (VIOLATED)
   u_NV_NVDLA_cmac/u_core/u_mac_3/u_exp/exp_sft_03_reg_3_/D
                              3.8879         4.0918 r      -0.2039  (VIOLATED)
   u_NV_NVDLA_cmac/u_core/u_mac_7/u_exp/exp_sft_63_reg_3_/D
                              3.8812         4.0851 r      -0.2039  (VIOLATED)
   u_NV_NVDLA_cmac/u_core/u_mac_4/u_exp/exp_sft_54_reg_2_/D
                              3.8888         4.0927 r      -0.2039  (VIOLATED)
   u_NV_NVDLA_cmac/u_core/u_mac_5/u_exp/exp_sft_61_reg_2_/D
                              3.8906         4.0944 r      -0.2038  (VIOLATED)
   u_NV_NVDLA_cmac/u_core/u_mac_7/u_exp/exp_sft_59_reg_1_/D
                              3.8808         4.0845 r      -0.2038  (VIOLATED)
   u_NV_NVDLA_cmac/u_core/u_mac_0/u_exp/exp_sft_58_reg_3_/D
                              3.8894         4.0930 r      -0.2036  (VIOLATED)
   u_NV_NVDLA_cmac/u_core/u_mac_7/u_exp/exp_sft_23_reg_3_/D
                              3.8879         4.0916 r      -0.2036  (VIOLATED)
   u_NV_NVDLA_cmac/u_core/u_mac_2/u_exp/exp_sft_02_reg_2_/D
                              3.8913         4.0949 r      -0.2036  (VIOLATED)
   u_NV_NVDLA_cmac/u_core/u_mac_4/u_exp/exp_sft_26_reg_2_/D
                              3.8891         4.0926 r      -0.2035  (VIOLATED)
   u_NV_NVDLA_cmac/u_core/u_mac_6/u_exp/exp_sft_21_reg_2_/D
                              3.8881         4.0916 r      -0.2035  (VIOLATED)
   u_NV_NVDLA_cmac/u_core/u_mac_4/u_exp/exp_sft_15_reg_3_/D
                              3.8906         4.0940 r      -0.2034  (VIOLATED)
   u_NV_NVDLA_cmac/u_core/u_mac_4/u_exp/exp_sft_06_reg_3_/D
                              3.8905         4.0939 r      -0.2034  (VIOLATED)
   u_NV_NVDLA_cmac/u_core/u_mac_7/u_exp/exp_sft_03_reg_1_/D
                              3.8885         4.0919 r      -0.2034  (VIOLATED)
   u_NV_NVDLA_cmac/u_core/u_mac_2/u_exp/exp_sft_03_reg_3_/D
                              3.8887         4.0921 r      -0.2034  (VIOLATED)
   u_NV_NVDLA_cmac/u_core/u_mac_6/u_exp/exp_sft_41_reg_2_/D
                              3.9009         4.1043 f      -0.2034  (VIOLATED)
   u_NV_NVDLA_cmac/u_core/u_mac_2/u_exp/exp_sft_60_reg_3_/D
                              3.8905         4.0938 r      -0.2033  (VIOLATED)
   u_NV_NVDLA_cmac/u_core/u_mac_0/u_exp/exp_sft_27_reg_2_/D
                              3.8905         4.0938 r      -0.2033  (VIOLATED)
   u_NV_NVDLA_cmac/u_core/u_mac_0/u_exp/exp_sft_54_reg_2_/D
                              3.8905         4.0938 r      -0.2033  (VIOLATED)
   u_NV_NVDLA_cmac/u_core/u_mac_7/u_exp/exp_sft_10_reg_3_/D
                              3.8898         4.0930 r      -0.2032  (VIOLATED)
   u_NV_NVDLA_cmac/u_core/u_mac_2/u_exp/exp_sft_02_reg_1_/D
                              3.8893         4.0925 r      -0.2031  (VIOLATED)
   u_NV_NVDLA_cmac/u_core/u_mac_2/u_exp/exp_sft_10_reg_2_/D
                              3.8912         4.0943 r      -0.2031  (VIOLATED)
   u_NV_NVDLA_cmac/u_core/u_mac_2/u_exp/exp_sft_13_reg_2_/D
                              3.8876         4.0907 r      -0.2031  (VIOLATED)
   u_NV_NVDLA_cmac/u_core/u_mac_7/u_exp/exp_sft_33_reg_3_/D
                              3.8998         4.1028 f      -0.2030  (VIOLATED)
   u_NV_NVDLA_cmac/u_core/u_mac_4/u_exp/exp_sft_51_reg_2_/D
                              3.9011         4.1040 f      -0.2029  (VIOLATED)
   u_NV_NVDLA_cmac/u_core/u_mac_2/u_exp/exp_sft_42_reg_3_/D
                              3.8885         4.0914 r      -0.2029  (VIOLATED)
   u_NV_NVDLA_cmac/u_core/u_mac_3/u_exp/exp_sft_02_reg_3_/D
                              3.8888         4.0916 r      -0.2028  (VIOLATED)
   u_NV_NVDLA_cmac/u_core/u_mac_1/u_exp/exp_sft_42_reg_2_/D
                              3.9010         4.1038 f      -0.2028  (VIOLATED)
   u_NV_NVDLA_cmac/u_core/u_mac_2/u_exp/exp_sft_56_reg_2_/D
                              3.8884         4.0912 r      -0.2028  (VIOLATED)
   u_NV_NVDLA_cmac/u_core/u_mac_0/u_exp/exp_sft_20_reg_2_/D
                              3.8906         4.0933 r      -0.2027  (VIOLATED)
   u_NV_NVDLA_cmac/u_core/u_mac_4/u_exp/exp_sft_11_reg_2_/D
                              3.8887         4.0913 r      -0.2027  (VIOLATED)
   u_NV_NVDLA_cmac/u_core/u_mac_2/u_exp/exp_sft_14_reg_3_/D
                              3.8889         4.0915 r      -0.2026  (VIOLATED)
   u_NV_NVDLA_cmac/u_core/u_mac_4/u_exp/exp_sft_49_reg_2_/D
                              3.9012         4.1037 f      -0.2026  (VIOLATED)
   u_NV_NVDLA_cmac/u_core/u_mac_7/u_exp/exp_sft_20_reg_2_/D
                              3.8887         4.0912 r      -0.2025  (VIOLATED)
   u_NV_NVDLA_cmac/u_core/u_mac_1/u_exp/exp_sft_54_reg_2_/D
                              3.8886         4.0911 r      -0.2025  (VIOLATED)
   u_NV_NVDLA_cmac/u_core/u_mac_4/u_exp/exp_sft_31_reg_2_/D
                              3.8888         4.0913 r      -0.2024  (VIOLATED)
   u_NV_NVDLA_cmac/u_core/u_mac_7/u_exp/exp_sft_02_reg_3_/D
                              3.8946         4.0970 f      -0.2024  (VIOLATED)
   u_NV_NVDLA_cmac/u_core/u_mac_0/u_exp/exp_sft_22_reg_2_/D
                              3.8907         4.0931 r      -0.2024  (VIOLATED)
   u_NV_NVDLA_cmac/u_core/u_mac_7/u_exp/exp_sft_39_reg_3_/D
                              3.8887         4.0911 r      -0.2024  (VIOLATED)
   u_NV_NVDLA_cmac/u_core/u_mac_4/u_exp/exp_sft_55_reg_2_/D
                              3.8888         4.0912 r      -0.2024  (VIOLATED)
   u_NV_NVDLA_cmac/u_core/u_mac_2/u_exp/exp_sft_53_reg_2_/D
                              3.8914         4.0937 r      -0.2023  (VIOLATED)
   u_NV_NVDLA_cmac/u_core/u_mac_2/u_exp/exp_sft_46_reg_3_/D
                              3.8888         4.0911 r      -0.2023  (VIOLATED)
   u_NV_NVDLA_cmac/u_core/u_mac_4/u_exp/exp_sft_24_reg_3_/D
                              3.8907         4.0929 r      -0.2022  (VIOLATED)
   u_NV_NVDLA_cmac/u_core/u_mac_2/u_exp/exp_sft_38_reg_2_/D
                              3.9010         4.1032 f      -0.2022  (VIOLATED)
   u_NV_NVDLA_cmac/u_core/u_mac_2/u_exp/exp_sft_11_reg_2_/D
                              3.8914         4.0936 r      -0.2022  (VIOLATED)
   u_NV_NVDLA_cmac/u_core/u_mac_1/u_exp/exp_sft_37_reg_3_/D
                              3.8811         4.0833 r      -0.2022  (VIOLATED)
   u_NV_NVDLA_cmac/u_core/u_mac_4/u_exp/exp_sft_15_reg_2_/D
                              3.8886         4.0907 r      -0.2021  (VIOLATED)
   u_NV_NVDLA_cmac/u_core/u_mac_1/u_exp/exp_sft_62_reg_3_/D
                              3.9000         4.1022 f      -0.2021  (VIOLATED)
   u_NV_NVDLA_cmac/u_core/u_mac_5/u_exp/exp_sft_62_reg_2_/D
                              3.8904         4.0925 r      -0.2021  (VIOLATED)
   u_NV_NVDLA_cmac/u_core/u_mac_1/u_exp/exp_sft_33_reg_3_/D
                              3.8812         4.0833 r      -0.2021  (VIOLATED)
   u_NV_NVDLA_cmac/u_core/u_mac_7/u_exp/exp_sft_34_reg_3_/D
                              3.8999         4.1020 f      -0.2020  (VIOLATED)
   u_NV_NVDLA_cmac/u_core/u_mac_5/u_exp/exp_sft_03_reg_2_/D
                              3.8880         4.0900 r      -0.2020  (VIOLATED)
   u_NV_NVDLA_cmac/u_core/u_mac_4/u_exp/exp_sft_37_reg_2_/D
                              3.8882         4.0902 r      -0.2020  (VIOLATED)
   u_NV_NVDLA_cmac/u_core/u_mac_2/u_exp/exp_sft_30_reg_3_/D
                              3.8885         4.0905 r      -0.2019  (VIOLATED)
   u_NV_NVDLA_cmac/u_core/u_mac_7/u_exp/exp_sft_59_reg_2_/D
                              3.8835         4.0853 r      -0.2018  (VIOLATED)
   u_NV_NVDLA_cmac/u_core/u_mac_2/u_exp/exp_sft_43_reg_2_/D
                              3.8914         4.0932 r      -0.2018  (VIOLATED)
   u_NV_NVDLA_cmac/u_core/u_mac_5/u_exp/exp_sft_17_reg_2_/D
                              3.8999         4.1016 f      -0.2017  (VIOLATED)
   u_NV_NVDLA_cmac/u_core/u_mac_0/u_exp/exp_sft_19_reg_2_/D
                              3.8906         4.0923 r      -0.2017  (VIOLATED)
   u_NV_NVDLA_cmac/u_core/u_mac_2/u_exp/exp_sft_07_reg_2_/D
                              3.8915         4.0931 r      -0.2016  (VIOLATED)
   u_NV_NVDLA_cmac/u_core/u_mac_2/u_exp/exp_sft_15_reg_3_/D
                              3.8889         4.0905 r      -0.2016  (VIOLATED)
   u_NV_NVDLA_cmac/u_core/u_mac_6/u_exp/exp_sft_40_reg_3_/D
                              3.8891         4.0907 r      -0.2016  (VIOLATED)
   u_NV_NVDLA_cmac/u_core/u_mac_4/u_exp/exp_sft_10_reg_2_/D
                              3.8887         4.0904 r      -0.2016  (VIOLATED)
   u_NV_NVDLA_cmac/u_core/u_mac_4/u_exp/exp_sft_17_reg_3_/D
                              3.8902         4.0918 r      -0.2016  (VIOLATED)
   u_NV_NVDLA_cmac/u_core/u_mac_2/u_exp/exp_sft_48_reg_3_/D
                              3.8887         4.0902 r      -0.2015  (VIOLATED)
   u_NV_NVDLA_cmac/u_core/u_mac_2/u_exp/exp_sft_18_reg_3_/D
                              3.8889         4.0904 r      -0.2015  (VIOLATED)
   u_NV_NVDLA_cmac/u_core/u_mac_2/u_exp/exp_sft_12_reg_2_/D
                              3.9009         4.1024 f      -0.2015  (VIOLATED)
   u_NV_NVDLA_cmac/u_core/u_mac_5/u_exp/exp_sft_14_reg_1_/D
                              3.8809         4.0823 r      -0.2015  (VIOLATED)
   u_NV_NVDLA_cmac/u_core/u_mac_7/u_exp/exp_sft_56_reg_1_/D
                              3.8809         4.0824 r      -0.2015  (VIOLATED)
   u_NV_NVDLA_cmac/u_core/u_mac_5/u_exp/exp_sft_01_reg_3_/D
                              3.8889         4.0903 r      -0.2014  (VIOLATED)
   u_NV_NVDLA_cmac/u_core/u_mac_3/u_exp/exp_sft_42_reg_2_/D
                              3.8906         4.0919 r      -0.2014  (VIOLATED)
   u_NV_NVDLA_cmac/u_core/u_mac_7/u_exp/exp_sft_25_reg_3_/D
                              3.8890         4.0903 r      -0.2013  (VIOLATED)
   u_NV_NVDLA_cmac/u_core/u_mac_7/u_exp/exp_sft_33_reg_2_/D
                              3.8901         4.0913 r      -0.2012  (VIOLATED)
   u_NV_NVDLA_cmac/u_core/u_mac_5/u_exp/exp_sft_06_reg_2_/D
                              3.9005         4.1017 f      -0.2012  (VIOLATED)
   u_NV_NVDLA_cmac/u_core/u_mac_3/u_exp/exp_sft_02_reg_2_/D
                              3.8905         4.0917 r      -0.2012  (VIOLATED)
   u_NV_NVDLA_cmac/u_core/u_mac_6/u_exp/exp_sft_36_reg_3_/D
                              3.8891         4.0903 r      -0.2012  (VIOLATED)
   u_NV_NVDLA_cmac/u_core/u_mac_5/u_exp/exp_sft_11_reg_2_/D
                              3.8890         4.0901 r      -0.2011  (VIOLATED)
   u_NV_NVDLA_cmac/u_core/u_mac_3/u_exp/exp_sft_31_reg_2_/D
                              3.8827         4.0838 r      -0.2011  (VIOLATED)
   u_NV_NVDLA_cmac/u_core/u_mac_2/u_exp/exp_sft_41_reg_3_/D
                              3.8887         4.0898 r      -0.2011  (VIOLATED)
   u_NV_NVDLA_cmac/u_core/u_mac_3/u_exp/exp_sft_06_reg_3_/D
                              3.8812         4.0823 r      -0.2011  (VIOLATED)
   u_NV_NVDLA_cmac/u_core/u_mac_0/u_exp/exp_sft_60_reg_3_/D
                              3.8888         4.0898 r      -0.2010  (VIOLATED)
   u_NV_NVDLA_cmac/u_core/u_mac_1/u_exp/exp_sft_56_reg_2_/D
                              3.9009         4.1019 f      -0.2010  (VIOLATED)
   u_NV_NVDLA_cmac/u_core/u_mac_2/u_exp/exp_sft_50_reg_2_/D
                              3.9012         4.1022 f      -0.2010  (VIOLATED)
   u_NV_NVDLA_cmac/u_core/u_mac_6/u_exp/exp_sft_08_reg_0_/D
                              3.8905         4.0915 r      -0.2009  (VIOLATED)
   u_NV_NVDLA_cmac/u_core/u_mac_4/u_exp/exp_sft_20_reg_2_/D
                              3.8889         4.0899 r      -0.2009  (VIOLATED)
   u_NV_NVDLA_cmac/u_core/u_mac_7/u_exp/exp_sft_30_reg_3_/D
                              3.9001         4.1010 f      -0.2009  (VIOLATED)
   u_NV_NVDLA_cmac/u_core/u_mac_2/u_exp/exp_sft_31_reg_3_/D
                              3.8888         4.0897 r      -0.2009  (VIOLATED)
   u_NV_NVDLA_cmac/u_core/u_mac_2/u_exp/exp_sft_52_reg_2_/D
                              3.9010         4.1018 f      -0.2008  (VIOLATED)
   u_NV_NVDLA_cmac/u_core/u_mac_1/u_exp/exp_sft_52_reg_3_/D
                              3.8905         4.0913 r      -0.2008  (VIOLATED)
   u_NV_NVDLA_cmac/u_core/u_mac_7/u_exp/exp_sft_30_reg_2_/D
                              3.8905         4.0913 r      -0.2008  (VIOLATED)
   u_NV_NVDLA_cmac/u_core/u_mac_2/u_exp/exp_sft_10_reg_3_/D
                              3.8888         4.0896 r      -0.2008  (VIOLATED)
   u_NV_NVDLA_cmac/u_core/u_mac_2/u_exp/exp_sft_19_reg_3_/D
                              3.8889         4.0896 r      -0.2007  (VIOLATED)
   u_NV_NVDLA_cmac/u_core/u_mac_1/u_exp/exp_sft_61_reg_2_/D
                              3.8908         4.0915 r      -0.2007  (VIOLATED)
   u_NV_NVDLA_cmac/u_core/u_mac_2/u_exp/exp_sft_03_reg_1_/D
                              3.8888         4.0895 r      -0.2007  (VIOLATED)
   u_NV_NVDLA_cmac/u_core/u_mac_2/u_exp/exp_sft_22_reg_1_/D
                              3.8893         4.0899 r      -0.2006  (VIOLATED)
   u_NV_NVDLA_cmac/u_core/u_mac_2/u_exp/exp_sft_17_reg_1_/D
                              3.8891         4.0897 r      -0.2006  (VIOLATED)
   u_NV_NVDLA_cmac/u_core/u_mac_5/u_exp/exp_sft_53_reg_3_/D
                              3.8889         4.0895 r      -0.2006  (VIOLATED)
   u_NV_NVDLA_cmac/u_core/u_mac_0/u_exp/exp_sft_26_reg_2_/D
                              3.8906         4.0911 r      -0.2005  (VIOLATED)
   u_NV_NVDLA_cmac/u_core/u_mac_4/u_exp/exp_sft_28_reg_2_/D
                              3.8886         4.0891 r      -0.2005  (VIOLATED)
   u_NV_NVDLA_cmac/u_core/u_mac_1/u_exp/exp_sft_62_reg_2_/D
                              3.8906         4.0911 r      -0.2005  (VIOLATED)
   u_NV_NVDLA_cmac/u_core/u_mac_4/u_exp/exp_sft_14_reg_3_/D
                              3.8906         4.0910 r      -0.2003  (VIOLATED)
   u_NV_NVDLA_cmac/u_core/u_mac_7/u_exp/exp_sft_14_reg_3_/D
                              3.9001         4.1004 f      -0.2003  (VIOLATED)
   u_NV_NVDLA_cmac/u_core/u_mac_1/u_exp/exp_sft_46_reg_2_/D
                              3.9010         4.1013 f      -0.2003  (VIOLATED)
   u_NV_NVDLA_cmac/u_core/u_mac_1/u_exp/exp_sft_55_reg_2_/D
                              3.9011         4.1014 f      -0.2003  (VIOLATED)
   u_NV_NVDLA_cmac/u_core/u_mac_2/u_exp/exp_sft_18_reg_1_/D
                              3.8815         4.0817 r      -0.2003  (VIOLATED)
   u_NV_NVDLA_cmac/u_core/u_mac_0/u_exp/exp_sft_32_reg_2_/D
                              3.8906         4.0908 r      -0.2002  (VIOLATED)
   u_NV_NVDLA_cmac/u_core/u_mac_5/u_exp/exp_sft_62_reg_1_/D
                              3.8886         4.0888 r      -0.2002  (VIOLATED)
   u_NV_NVDLA_cmac/u_core/u_mac_2/u_exp/exp_sft_63_reg_3_/D
                              3.9008         4.1010 f      -0.2002  (VIOLATED)
   u_NV_NVDLA_cmac/u_core/u_mac_0/u_exp/exp_sft_47_reg_2_/D
                              3.8906         4.0908 r      -0.2002  (VIOLATED)
   u_NV_NVDLA_cmac/u_core/u_mac_2/u_exp/exp_sft_49_reg_2_/D
                              3.8914         4.0915 r      -0.2001  (VIOLATED)
   u_NV_NVDLA_cmac/u_core/u_mac_0/u_exp/exp_sft_63_reg_3_/D
                              3.8887         4.0888 r      -0.2001  (VIOLATED)
   u_NV_NVDLA_cmac/u_core/u_mac_5/u_exp/exp_sft_53_reg_1_/D
                              3.8885         4.0885 r      -0.2000  (VIOLATED)
   u_NV_NVDLA_cmac/u_core/u_mac_4/u_exp/exp_sft_36_reg_2_/D
                              3.8887         4.0888 r      -0.2000  (VIOLATED)
   u_NV_NVDLA_cmac/u_core/u_mac_6/u_exp/exp_sft_43_reg_3_/D
                              3.8890         4.0890 r      -0.2000  (VIOLATED)
   u_NV_NVDLA_cmac/u_core/u_mac_0/u_exp/exp_sft_50_reg_2_/D
                              3.8906         4.0905 r      -0.2000  (VIOLATED)
   u_NV_NVDLA_cmac/u_core/u_mac_5/u_exp/exp_sft_24_reg_2_/D
                              3.8999         4.0998 f      -0.1999  (VIOLATED)
   u_NV_NVDLA_cmac/u_core/u_mac_5/u_exp/exp_sft_06_reg_1_/D
                              3.8809         4.0808 r      -0.1999  (VIOLATED)
   u_NV_NVDLA_cmac/u_core/u_mac_4/u_exp/exp_sft_19_reg_2_/D
                              3.8890         4.0888 r      -0.1999  (VIOLATED)
   u_NV_NVDLA_cmac/u_core/u_mac_4/u_exp/exp_sft_02_reg_2_/D
                              3.8905         4.0903 r      -0.1998  (VIOLATED)
   u_NV_NVDLA_cmac/u_core/u_mac_6/u_exp/exp_sft_44_reg_3_/D
                              3.8889         4.0887 r      -0.1998  (VIOLATED)
   u_NV_NVDLA_cmac/u_core/u_mac_3/u_exp/exp_sft_42_reg_3_/D
                              3.8906         4.0904 r      -0.1998  (VIOLATED)
   u_NV_NVDLA_cmac/u_core/u_mac_7/u_exp/exp_sft_31_reg_3_/D
                              3.9000         4.0998 f      -0.1998  (VIOLATED)
   u_NV_NVDLA_cmac/u_core/u_mac_7/u_exp/exp_sft_32_reg_2_/D
                              3.8906         4.0903 r      -0.1997  (VIOLATED)
   u_NV_NVDLA_cmac/u_core/u_mac_4/u_exp/exp_sft_03_reg_2_/D
                              3.8906         4.0904 r      -0.1997  (VIOLATED)
   u_NV_NVDLA_cmac/u_core/u_mac_6/u_exp/exp_sft_14_reg_0_/D
                              3.8906         4.0902 r      -0.1997  (VIOLATED)
   u_NV_NVDLA_cmac/u_core/u_mac_7/u_exp/exp_sft_03_reg_3_/D
                              3.9000         4.0997 f      -0.1996  (VIOLATED)
   u_NV_NVDLA_cmac/u_core/u_mac_0/u_exp/exp_sft_39_reg_2_/D
                              3.8907         4.0903 r      -0.1996  (VIOLATED)
   u_NV_NVDLA_cmac/u_core/u_mac_5/u_exp/exp_sft_14_reg_2_/D
                              3.9000         4.0996 f      -0.1995  (VIOLATED)
   u_NV_NVDLA_cmac/u_core/u_mac_7/u_exp/exp_sft_58_reg_1_/D
                              3.8810         4.0806 r      -0.1995  (VIOLATED)
   u_NV_NVDLA_cmac/u_core/u_mac_2/u_exp/exp_sft_14_reg_2_/D
                              3.8915         4.0910 r      -0.1995  (VIOLATED)
   u_NV_NVDLA_cmac/u_core/u_mac_3/u_exp/exp_sft_04_reg_2_/D
                              3.8812         4.0806 r      -0.1995  (VIOLATED)
   u_NV_NVDLA_cmac/u_core/u_mac_4/u_exp/exp_sft_06_reg_2_/D
                              3.8889         4.0884 r      -0.1994  (VIOLATED)
   u_NV_NVDLA_cmac/u_core/u_mac_0/u_exp/exp_sft_00_reg_3_/D
                              3.8873         4.0867 r      -0.1994  (VIOLATED)
   u_NV_NVDLA_cmac/u_core/u_mac_3/u_exp/exp_sft_10_reg_3_/D
                              3.8878         4.0871 r      -0.1994  (VIOLATED)
   u_NV_NVDLA_cmac/u_core/u_mac_7/u_exp/exp_sft_15_reg_2_/D
                              3.8906         4.0900 r      -0.1994  (VIOLATED)
   u_NV_NVDLA_cmac/u_core/u_mac_6/u_exp/exp_sft_51_reg_2_/D
                              3.8905         4.0898 r      -0.1993  (VIOLATED)
   u_NV_NVDLA_cmac/u_core/u_mac_6/u_exp/exp_sft_12_reg_2_/D
                              3.8907         4.0899 r      -0.1992  (VIOLATED)
   u_NV_NVDLA_cmac/u_core/u_mac_4/u_exp/exp_sft_01_reg_2_/D
                              3.8905         4.0897 r      -0.1992  (VIOLATED)
   u_NV_NVDLA_cmac/u_core/u_mac_3/u_exp/exp_sft_31_reg_3_/D
                              3.8906         4.0897 r      -0.1992  (VIOLATED)
   u_NV_NVDLA_cmac/u_core/u_mac_7/u_exp/exp_sft_38_reg_3_/D
                              3.8993         4.0984 f      -0.1991  (VIOLATED)
   u_NV_NVDLA_cmac/u_core/u_mac_2/u_exp/exp_sft_49_reg_3_/D
                              3.8888         4.0879 r      -0.1991  (VIOLATED)
   u_NV_NVDLA_cmac/u_core/u_mac_0/u_exp/exp_sft_46_reg_2_/D
                              3.8906         4.0896 r      -0.1991  (VIOLATED)
   u_NV_NVDLA_cmac/u_core/u_mac_4/u_exp/exp_sft_01_reg_3_/D
                              3.8890         4.0880 r      -0.1990  (VIOLATED)
   u_NV_NVDLA_cmac/u_core/u_mac_5/u_exp/exp_sft_62_reg_0_/D
                              3.8888         4.0878 r      -0.1990  (VIOLATED)
   u_NV_NVDLA_cmac/u_core/u_mac_6/u_exp/exp_sft_20_reg_3_/D
                              3.8879         4.0869 r      -0.1990  (VIOLATED)
   u_NV_NVDLA_cmac/u_core/u_mac_7/u_exp/exp_sft_22_reg_3_/D
                              3.8885         4.0874 r      -0.1989  (VIOLATED)
   u_NV_NVDLA_cmac/u_core/u_mac_7/u_exp/exp_sft_27_reg_3_/D
                              3.8999         4.0989 f      -0.1989  (VIOLATED)
   u_NV_NVDLA_cmac/u_core/u_mac_1/u_exp/exp_sft_52_reg_2_/D
                              3.8906         4.0895 r      -0.1989  (VIOLATED)
   u_NV_NVDLA_cmac/u_core/u_mac_0/u_exp/exp_sft_55_reg_2_/D
                              3.8906         4.0895 r      -0.1989  (VIOLATED)
   u_NV_NVDLA_cmac/u_core/u_mac_7/u_exp/exp_sft_34_reg_2_/D
                              3.8903         4.0892 r      -0.1989  (VIOLATED)
   u_NV_NVDLA_cmac/u_core/u_mac_7/u_exp/exp_sft_37_reg_3_/D
                              3.8891         4.0879 r      -0.1989  (VIOLATED)
   u_NV_NVDLA_cmac/u_core/u_mac_6/u_exp/exp_sft_11_reg_0_/D
                              3.8906         4.0894 r      -0.1988  (VIOLATED)
   u_NV_NVDLA_cmac/u_core/u_mac_0/u_exp/exp_sft_42_reg_2_/D
                              3.8906         4.0894 r      -0.1988  (VIOLATED)
   u_NV_NVDLA_cmac/u_core/u_mac_7/u_exp/exp_sft_37_reg_2_/D
                              3.8905         4.0893 r      -0.1988  (VIOLATED)
   u_NV_NVDLA_cmac/u_core/u_mac_4/u_exp/exp_sft_21_reg_2_/D
                              3.8889         4.0877 r      -0.1988  (VIOLATED)
   u_NV_NVDLA_cmac/u_core/u_mac_6/u_exp/exp_sft_17_reg_3_/D
                              3.9001         4.0988 f      -0.1988  (VIOLATED)
   u_NV_NVDLA_cmac/u_core/u_mac_7/u_exp/exp_sft_35_reg_2_/D
                              3.8905         4.0892 r      -0.1988  (VIOLATED)
   u_NV_NVDLA_cmac/u_core/u_mac_2/u_exp/exp_sft_55_reg_2_/D
                              3.8903         4.0891 r      -0.1988  (VIOLATED)
   u_NV_NVDLA_cmac/u_core/u_mac_5/u_exp/exp_sft_41_reg_2_/D
                              3.9000         4.0988 f      -0.1987  (VIOLATED)
   u_NV_NVDLA_cmac/u_core/u_mac_2/u_exp/exp_sft_34_reg_1_/D
                              3.8816         4.0802 r      -0.1986  (VIOLATED)
   u_NV_NVDLA_cmac/u_core/u_mac_3/u_exp/exp_sft_34_reg_3_/D
                              3.8906         4.0893 r      -0.1986  (VIOLATED)
   u_NV_NVDLA_cmac/u_core/u_mac_2/u_exp/exp_sft_50_reg_3_/D
                              3.8888         4.0874 r      -0.1986  (VIOLATED)
   u_NV_NVDLA_cmac/u_core/u_mac_2/u_exp/exp_sft_35_reg_2_/D
                              3.9011         4.0996 f      -0.1985  (VIOLATED)
   u_NV_NVDLA_cmac/u_core/u_mac_3/u_exp/exp_sft_30_reg_3_/D
                              3.8906         4.0891 r      -0.1985  (VIOLATED)
   u_NV_NVDLA_cmac/u_core/u_mac_5/u_exp/exp_sft_63_reg_1_/D
                              3.8891         4.0876 r      -0.1985  (VIOLATED)
   u_NV_NVDLA_cmac/u_core/u_mac_6/u_exp/exp_sft_16_reg_3_/D
                              3.8905         4.0889 r      -0.1984  (VIOLATED)
   u_NV_NVDLA_cmac/u_core/u_mac_1/u_exp/exp_sft_37_reg_2_/D
                              3.8826         4.0810 r      -0.1984  (VIOLATED)
   u_NV_NVDLA_cmac/u_core/u_mac_7/u_exp/exp_sft_18_reg_3_/D
                              3.9001         4.0985 f      -0.1984  (VIOLATED)
   u_NV_NVDLA_cmac/u_core/u_mac_5/u_exp/exp_sft_47_reg_3_/D
                              3.8885         4.0869 r      -0.1984  (VIOLATED)
   u_NV_NVDLA_cmac/u_core/u_mac_4/u_exp/exp_sft_18_reg_2_/D
                              3.9001         4.0984 f      -0.1983  (VIOLATED)
   u_NV_NVDLA_cmac/u_core/u_mac_0/u_exp/exp_sft_17_reg_2_/D
                              3.8889         4.0872 r      -0.1983  (VIOLATED)
   u_NV_NVDLA_cmac/u_core/u_mac_6/u_exp/exp_sft_04_reg_3_/D
                              3.8906         4.0888 r      -0.1982  (VIOLATED)
   u_NV_NVDLA_cmac/u_core/u_mac_6/u_exp/exp_sft_56_reg_2_/D
                              3.8905         4.0887 r      -0.1982  (VIOLATED)
   u_NV_NVDLA_cmac/u_core/u_mac_1/u_exp/exp_sft_14_reg_0_/D
                              3.8826         4.0807 r      -0.1982  (VIOLATED)
   u_NV_NVDLA_cmac/u_core/u_mac_6/u_exp/exp_sft_46_reg_3_/D
                              3.8890         4.0871 r      -0.1981  (VIOLATED)
   u_NV_NVDLA_cmac/u_core/u_mac_7/u_exp/exp_sft_56_reg_3_/D
                              3.8809         4.0791 r      -0.1981  (VIOLATED)
   u_NV_NVDLA_cmac/u_core/u_mac_5/u_exp/exp_sft_07_reg_2_/D
                              3.9000         4.0979 f      -0.1980  (VIOLATED)
   u_NV_NVDLA_cmac/u_core/u_mac_2/u_exp/exp_sft_54_reg_2_/D
                              3.8913         4.0892 r      -0.1979  (VIOLATED)
   u_NV_NVDLA_cmac/u_core/u_mac_5/u_exp/exp_sft_28_reg_2_/D
                              3.8995         4.0973 f      -0.1979  (VIOLATED)
   u_NV_NVDLA_cmac/u_core/u_mac_3/u_exp/exp_sft_11_reg_3_/D
                              3.8882         4.0861 r      -0.1978  (VIOLATED)
   u_NV_NVDLA_cmac/u_core/u_mac_2/u_exp/exp_sft_21_reg_3_/D
                              3.8858         4.0835 f      -0.1977  (VIOLATED)
   u_NV_NVDLA_cmac/u_core/u_mac_1/u_exp/exp_sft_13_reg_0_/D
                              3.8827         4.0804 r      -0.1977  (VIOLATED)
   u_NV_NVDLA_cmac/u_core/u_mac_5/u_exp/exp_sft_09_reg_3_/D
                              3.8889         4.0866 r      -0.1977  (VIOLATED)
   u_NV_NVDLA_cmac/u_core/u_mac_2/u_exp/exp_sft_52_reg_3_/D
                              3.8888         4.0864 r      -0.1976  (VIOLATED)
   u_NV_NVDLA_cmac/u_core/u_mac_0/u_exp/exp_sft_25_reg_2_/D
                              3.8910         4.0886 r      -0.1976  (VIOLATED)
   u_NV_NVDLA_cmac/u_core/u_mac_5/u_exp/exp_sft_17_reg_0_/D
                              3.8884         4.0860 r      -0.1976  (VIOLATED)
   u_NV_NVDLA_cmac/u_core/u_mac_1/u_exp/exp_sft_59_reg_2_/D
                              3.9011         4.0987 f      -0.1976  (VIOLATED)
   u_NV_NVDLA_cmac/u_core/u_mac_6/u_exp/exp_sft_49_reg_3_/D
                              3.8883         4.0859 r      -0.1976  (VIOLATED)
   u_NV_NVDLA_cmac/u_core/u_mac_1/u_exp/exp_sft_50_reg_2_/D
                              3.9006         4.0981 f      -0.1975  (VIOLATED)
   u_NV_NVDLA_cmac/u_core/u_mac_2/u_exp/exp_sft_56_reg_3_/D
                              3.8903         4.0878 r      -0.1975  (VIOLATED)
   u_NV_NVDLA_cmac/u_core/u_mac_7/u_exp/exp_sft_36_reg_2_/D
                              3.8905         4.0880 r      -0.1975  (VIOLATED)
   u_NV_NVDLA_cmac/u_core/u_mac_0/u_exp/exp_sft_48_reg_2_/D
                              3.8905         4.0879 r      -0.1974  (VIOLATED)
   u_NV_NVDLA_cmac/u_core/u_mac_5/u_exp/exp_sft_04_reg_2_/D
                              3.8999         4.0973 f      -0.1973  (VIOLATED)
   u_NV_NVDLA_cmac/u_core/u_mac_1/u_exp/exp_sft_46_reg_3_/D
                              3.8905         4.0878 r      -0.1973  (VIOLATED)
   u_NV_NVDLA_cmac/u_core/u_mac_1/u_exp/exp_sft_15_reg_3_/D
                              3.8905         4.0878 r      -0.1973  (VIOLATED)
   u_NV_NVDLA_cmac/u_core/u_mac_5/u_exp/exp_sft_17_reg_1_/D
                              3.8885         4.0857 r      -0.1973  (VIOLATED)
   u_NV_NVDLA_cmac/u_core/u_mac_5/u_exp/exp_sft_61_reg_0_/D
                              3.8888         4.0860 r      -0.1972  (VIOLATED)
   u_NV_NVDLA_cmac/u_core/u_mac_5/u_exp/exp_sft_00_reg_2_/D
                              3.8881         4.0854 f      -0.1972  (VIOLATED)
   u_NV_NVDLA_cmac/u_core/u_mac_6/u_exp/exp_sft_51_reg_3_/D
                              3.9003         4.0975 f      -0.1972  (VIOLATED)
   u_NV_NVDLA_cmac/u_core/u_mac_1/u_exp/exp_sft_60_reg_2_/D
                              3.9009         4.0980 f      -0.1972  (VIOLATED)
   u_NV_NVDLA_cmac/u_core/u_mac_1/u_exp/exp_sft_48_reg_2_/D
                              3.9011         4.0983 f      -0.1971  (VIOLATED)
   u_NV_NVDLA_cmac/u_core/u_mac_5/u_exp/exp_sft_53_reg_2_/D
                              3.8998         4.0968 f      -0.1970  (VIOLATED)
   u_NV_NVDLA_cmac/u_core/u_mac_2/u_exp/exp_sft_55_reg_3_/D
                              3.8889         4.0859 r      -0.1970  (VIOLATED)
   u_NV_NVDLA_cmac/u_core/u_mac_6/u_exp/exp_sft_20_reg_1_/D
                              3.8893         4.0863 r      -0.1970  (VIOLATED)
   u_NV_NVDLA_cmac/u_core/u_mac_1/u_exp/exp_sft_19_reg_2_/D
                              3.8888         4.0858 r      -0.1970  (VIOLATED)
   u_NV_NVDLA_cmac/u_core/u_mac_5/u_exp/exp_sft_02_reg_1_/D
                              3.8885         4.0855 r      -0.1970  (VIOLATED)
   u_NV_NVDLA_cmac/u_core/u_mac_1/u_exp/exp_sft_12_reg_0_/D
                              3.8826         4.0796 r      -0.1970  (VIOLATED)
   u_NV_NVDLA_cmac/u_core/u_mac_0/u_exp/exp_sft_38_reg_2_/D
                              3.8905         4.0874 r      -0.1969  (VIOLATED)
   u_NV_NVDLA_cmac/u_core/u_mac_0/u_exp/exp_sft_52_reg_2_/D
                              3.8906         4.0874 r      -0.1969  (VIOLATED)
   u_NV_NVDLA_cmac/u_core/u_mac_5/u_exp/exp_sft_40_reg_2_/D
                              3.8998         4.0967 f      -0.1969  (VIOLATED)
   u_NV_NVDLA_cmac/u_core/u_mac_7/u_exp/exp_sft_19_reg_3_/D
                              3.8890         4.0858 r      -0.1968  (VIOLATED)
   u_NV_NVDLA_cmac/u_core/u_mac_7/u_exp/exp_sft_05_reg_3_/D
                              3.8888         4.0856 r      -0.1968  (VIOLATED)
   u_NV_NVDLA_cmac/u_core/u_mac_6/u_exp/exp_sft_53_reg_3_/D
                              3.8887         4.0855 r      -0.1968  (VIOLATED)
   u_NV_NVDLA_cmac/u_core/u_mac_7/u_exp/exp_sft_11_reg_3_/D
                              3.8949         4.0917 f      -0.1968  (VIOLATED)
   u_NV_NVDLA_cmac/u_core/u_mac_6/u_exp/exp_sft_60_reg_0_/D
                              3.8887         4.0855 r      -0.1968  (VIOLATED)
   u_NV_NVDLA_cmac/u_core/u_mac_2/u_exp/exp_sft_52_reg_1_/D
                              3.8892         4.0859 r      -0.1968  (VIOLATED)
   u_NV_NVDLA_cmac/u_core/u_mac_5/u_exp/exp_sft_10_reg_2_/D
                              3.8999         4.0967 f      -0.1967  (VIOLATED)
   u_NV_NVDLA_cmac/u_core/u_mac_6/u_exp/exp_sft_06_reg_2_/D
                              3.8886         4.0853 r      -0.1966  (VIOLATED)
   u_NV_NVDLA_cmac/u_core/u_mac_6/u_exp/exp_sft_06_reg_3_/D
                              3.8890         4.0856 r      -0.1966  (VIOLATED)
   u_NV_NVDLA_cmac/u_core/u_mac_7/u_exp/exp_sft_44_reg_3_/D
                              3.8953         4.0918 f      -0.1966  (VIOLATED)
   u_NV_NVDLA_cmac/u_core/u_mac_6/u_exp/exp_sft_61_reg_0_/D
                              3.8890         4.0856 r      -0.1966  (VIOLATED)
   u_NV_NVDLA_cmac/u_core/u_mac_7/u_exp/exp_sft_31_reg_2_/D
                              3.8903         4.0869 r      -0.1966  (VIOLATED)
   u_NV_NVDLA_cmac/u_core/u_mac_0/u_exp/exp_sft_43_reg_2_/D
                              3.8906         4.0872 r      -0.1965  (VIOLATED)
   u_NV_NVDLA_cmac/u_core/u_mac_6/u_exp/exp_sft_32_reg_3_/D
                              3.8827         4.0792 r      -0.1965  (VIOLATED)
   u_NV_NVDLA_cmac/u_core/u_mac_7/u_exp/exp_sft_32_reg_3_/D
                              3.8890         4.0855 r      -0.1965  (VIOLATED)
   u_NV_NVDLA_cmac/u_core/u_mac_7/u_exp/exp_sft_61_reg_2_/D
                              3.8913         4.0878 r      -0.1965  (VIOLATED)
   u_NV_NVDLA_cmac/u_core/u_mac_7/u_exp/exp_sft_36_reg_3_/D
                              3.8890         4.0855 r      -0.1965  (VIOLATED)
   u_NV_NVDLA_cmac/u_core/u_mac_2/u_exp/exp_sft_54_reg_3_/D
                              3.8888         4.0853 r      -0.1965  (VIOLATED)
   u_NV_NVDLA_cmac/u_core/u_mac_1/u_exp/exp_sft_57_reg_2_/D
                              3.9007         4.0972 f      -0.1965  (VIOLATED)
   u_NV_NVDLA_cmac/u_core/u_mac_6/u_exp/exp_sft_58_reg_0_/D
                              3.8889         4.0854 r      -0.1965  (VIOLATED)
   u_NV_NVDLA_cmac/u_core/u_mac_1/u_exp/exp_sft_01_reg_0_/D
                              3.8828         4.0793 r      -0.1964  (VIOLATED)
   u_NV_NVDLA_cmac/u_core/u_mac_6/u_exp/exp_sft_52_reg_2_/D
                              3.9012         4.0976 f      -0.1964  (VIOLATED)
   u_NV_NVDLA_cmac/u_core/u_mac_7/u_exp/exp_sft_14_reg_2_/D
                              3.8827         4.0790 r      -0.1964  (VIOLATED)
   u_NV_NVDLA_cmac/u_core/u_mac_6/u_exp/exp_sft_59_reg_0_/D
                              3.8890         4.0854 r      -0.1964  (VIOLATED)
   u_NV_NVDLA_cmac/u_core/u_mac_4/u_exp/exp_sft_50_reg_2_/D
                              3.9012         4.0975 f      -0.1963  (VIOLATED)
   u_NV_NVDLA_cmac/u_core/u_mac_1/u_exp/exp_sft_53_reg_0_/D
                              3.8827         4.0789 r      -0.1962  (VIOLATED)
   u_NV_NVDLA_cmac/u_core/u_mac_5/u_exp/exp_sft_34_reg_2_/D
                              3.9000         4.0962 f      -0.1962  (VIOLATED)
   u_NV_NVDLA_cmac/u_core/u_mac_2/u_exp/exp_sft_49_reg_1_/D
                              3.8892         4.0853 r      -0.1961  (VIOLATED)
   u_NV_NVDLA_cmac/u_core/u_mac_4/u_exp/exp_sft_63_reg_3_/D
                              3.9011         4.0972 f      -0.1961  (VIOLATED)
   u_NV_NVDLA_cmac/u_core/u_mac_6/u_exp/exp_sft_09_reg_2_/D
                              3.8883         4.0844 r      -0.1961  (VIOLATED)
   u_NV_NVDLA_cmac/u_core/u_mac_4/u_exp/exp_sft_08_reg_3_/D
                              3.8889         4.0850 r      -0.1961  (VIOLATED)
   u_NV_NVDLA_cmac/u_core/u_mac_7/u_exp/exp_sft_58_reg_3_/D
                              3.8809         4.0770 r      -0.1961  (VIOLATED)
   u_NV_NVDLA_cmac/u_core/u_mac_2/u_exp/exp_sft_39_reg_2_/D
                              3.8900         4.0860 r      -0.1961  (VIOLATED)
   u_NV_NVDLA_cmac/u_core/u_mac_0/u_exp/exp_sft_00_reg_2_/D
                              3.8885         4.0845 r      -0.1960  (VIOLATED)
   u_NV_NVDLA_cmac/u_core/u_mac_6/u_exp/exp_sft_47_reg_2_/D
                              3.9011         4.0971 f      -0.1960  (VIOLATED)
   u_NV_NVDLA_cmac/u_core/u_mac_1/u_exp/exp_sft_39_reg_2_/D
                              3.8897         4.0856 r      -0.1959  (VIOLATED)
   u_NV_NVDLA_cmac/u_core/u_mac_0/u_exp/exp_sft_16_reg_2_/D
                              3.8888         4.0846 r      -0.1959  (VIOLATED)
   u_NV_NVDLA_cmac/u_core/u_mac_2/u_exp/exp_sft_23_reg_3_/D
                              3.8889         4.0847 r      -0.1958  (VIOLATED)
   u_NV_NVDLA_cmac/u_core/u_mac_1/u_exp/exp_sft_42_reg_3_/D
                              3.8903         4.0861 r      -0.1958  (VIOLATED)
   u_NV_NVDLA_cmac/u_core/u_mac_5/u_exp/exp_sft_52_reg_2_/D
                              3.8999         4.0957 f      -0.1958  (VIOLATED)
   u_NV_NVDLA_cmac/u_core/u_mac_3/u_exp/exp_sft_00_reg_1_/D
                              3.8893         4.0851 r      -0.1957  (VIOLATED)
   u_NV_NVDLA_cmac/u_core/u_mac_0/u_exp/exp_sft_51_reg_2_/D
                              3.8907         4.0864 r      -0.1957  (VIOLATED)
   u_NV_NVDLA_cmac/u_core/u_mac_2/u_exp/exp_sft_22_reg_3_/D
                              3.8888         4.0845 r      -0.1957  (VIOLATED)
   u_NV_NVDLA_cmac/u_core/u_mac_5/u_exp/exp_sft_16_reg_2_/D
                              3.8999         4.0956 f      -0.1957  (VIOLATED)
   u_NV_NVDLA_cmac/u_core/u_mac_3/u_exp/exp_sft_57_reg_2_/D
                              3.8878         4.0835 r      -0.1956  (VIOLATED)
   u_NV_NVDLA_cmac/u_core/u_mac_5/u_exp/exp_sft_61_reg_1_/D
                              3.8884         4.0841 r      -0.1956  (VIOLATED)
   u_NV_NVDLA_cmac/u_core/u_mac_1/u_exp/exp_sft_49_reg_3_/D
                              3.8905         4.0861 r      -0.1956  (VIOLATED)
   u_NV_NVDLA_cmac/u_core/u_mac_5/u_exp/exp_sft_13_reg_2_/D
                              3.8888         4.0843 r      -0.1955  (VIOLATED)
   u_NV_NVDLA_cmac/u_core/u_mac_1/u_exp/exp_sft_00_reg_2_/D
                              3.8889         4.0843 r      -0.1955  (VIOLATED)
   u_NV_NVDLA_cmac/u_core/u_mac_2/u_exp/exp_sft_59_reg_3_/D
                              3.8906         4.0861 r      -0.1954  (VIOLATED)
   u_NV_NVDLA_cmac/u_core/u_mac_5/u_exp/exp_sft_12_reg_2_/D
                              3.8999         4.0953 f      -0.1954  (VIOLATED)
   u_NV_NVDLA_cmac/u_core/u_mac_7/u_exp/exp_sft_09_reg_3_/D
                              3.8907         4.0860 r      -0.1953  (VIOLATED)
   u_NV_NVDLA_cmac/u_core/u_mac_5/u_exp/exp_sft_35_reg_2_/D
                              3.8997         4.0949 f      -0.1953  (VIOLATED)
   u_NV_NVDLA_cmac/u_core/u_mac_3/u_exp/exp_sft_38_reg_3_/D
                              3.8906         4.0859 r      -0.1953  (VIOLATED)
   u_NV_NVDLA_cmac/u_core/u_mac_1/u_exp/exp_sft_30_reg_3_/D
                              3.8889         4.0841 r      -0.1952  (VIOLATED)
   u_NV_NVDLA_cmac/u_core/u_mac_1/u_exp/exp_sft_15_reg_2_/D
                              3.9009         4.0961 f      -0.1952  (VIOLATED)
   u_NV_NVDLA_cmac/u_core/u_mac_0/u_exp/exp_sft_23_reg_2_/D
                              3.8905         4.0857 r      -0.1952  (VIOLATED)
   u_NV_NVDLA_cmac/u_core/u_mac_4/u_exp/exp_sft_60_reg_3_/D
                              3.8905         4.0857 r      -0.1952  (VIOLATED)
   u_NV_NVDLA_cmac/u_core/u_mac_2/u_exp/exp_sft_51_reg_2_/D
                              3.8914         4.0866 r      -0.1952  (VIOLATED)
   u_NV_NVDLA_cmac/u_core/u_mac_7/u_exp/exp_sft_24_reg_1_/D
                              3.8797         4.0749 r      -0.1951  (VIOLATED)
   u_NV_NVDLA_cmac/u_core/u_mac_5/u_exp/exp_sft_51_reg_2_/D
                              3.8999         4.0950 f      -0.1951  (VIOLATED)
   u_NV_NVDLA_cmac/u_core/u_mac_7/u_exp/exp_sft_26_reg_1_/D
                              3.8801         4.0751 r      -0.1951  (VIOLATED)
   u_NV_NVDLA_cmac/u_core/u_mac_7/u_exp/exp_sft_60_reg_3_/D
                              3.8810         4.0761 r      -0.1951  (VIOLATED)
   u_NV_NVDLA_cmac/u_core/u_mac_2/u_exp/exp_sft_06_reg_3_/D
                              3.8887         4.0837 r      -0.1950  (VIOLATED)
   u_NV_NVDLA_cmac/u_core/u_mac_3/u_exp/exp_sft_14_reg_3_/D
                              3.8890         4.0840 r      -0.1950  (VIOLATED)
   u_NV_NVDLA_cmac/u_core/u_mac_7/u_exp/exp_sft_01_reg_3_/D
                              3.8995         4.0945 f      -0.1950  (VIOLATED)
   u_NV_NVDLA_cmac/u_core/u_mac_6/u_exp/exp_sft_54_reg_2_/D
                              3.8888         4.0838 r      -0.1950  (VIOLATED)
   u_NV_NVDLA_cmac/u_core/u_mac_1/u_exp/exp_sft_23_reg_2_/D
                              3.8885         4.0834 r      -0.1950  (VIOLATED)
   u_NV_NVDLA_cmac/u_core/u_mac_5/u_exp/exp_sft_30_reg_2_/D
                              3.8999         4.0948 f      -0.1949  (VIOLATED)
   u_NV_NVDLA_cmac/u_core/u_mac_3/u_exp/exp_sft_61_reg_2_/D
                              3.8865         4.0814 r      -0.1949  (VIOLATED)
   u_NV_NVDLA_cmac/u_core/u_mac_1/u_exp/exp_sft_39_reg_3_/D
                              3.8905         4.0854 r      -0.1949  (VIOLATED)
   u_NV_NVDLA_cmac/u_core/u_mac_6/u_exp/exp_sft_14_reg_3_/D
                              3.8810         4.0759 r      -0.1949  (VIOLATED)
   u_NV_NVDLA_cmac/u_core/u_mac_2/u_exp/exp_sft_36_reg_3_/D
                              3.8878         4.0827 r      -0.1948  (VIOLATED)
   u_NV_NVDLA_cmac/u_core/u_mac_3/u_exp/exp_sft_22_reg_3_/D
                              3.8964         4.0912 f      -0.1948  (VIOLATED)
   u_NV_NVDLA_cmac/u_core/u_mac_7/u_exp/exp_sft_56_reg_2_/D
                              3.8835         4.0782 r      -0.1948  (VIOLATED)
   u_NV_NVDLA_cmac/u_core/u_mac_7/u_exp/exp_sft_61_reg_1_/D
                              3.8884         4.0832 r      -0.1948  (VIOLATED)
   u_NV_NVDLA_cmac/u_core/u_mac_1/u_exp/exp_sft_36_reg_3_/D
                              3.8813         4.0761 r      -0.1948  (VIOLATED)
   u_NV_NVDLA_cmac/u_core/u_mac_2/u_exp/exp_sft_53_reg_1_/D
                              3.8893         4.0840 r      -0.1948  (VIOLATED)
   u_NV_NVDLA_cmac/u_core/u_mac_5/u_exp/exp_sft_51_reg_1_/D
                              3.8883         4.0830 r      -0.1946  (VIOLATED)
   u_NV_NVDLA_cmac/u_core/u_mac_1/u_exp/exp_sft_12_reg_2_/D
                              3.8900         4.0846 r      -0.1946  (VIOLATED)
   u_NV_NVDLA_cmac/u_core/u_mac_5/u_exp/exp_sft_14_reg_0_/D
                              3.8888         4.0833 r      -0.1945  (VIOLATED)
   u_NV_NVDLA_cmac/u_core/u_mac_5/u_exp/exp_sft_42_reg_2_/D
                              3.8997         4.0941 f      -0.1944  (VIOLATED)
   u_NV_NVDLA_cmac/u_core/u_mac_7/u_exp/exp_sft_38_reg_2_/D
                              3.8904         4.0848 r      -0.1944  (VIOLATED)
   u_NV_NVDLA_cmac/u_core/u_mac_2/u_exp/exp_sft_47_reg_3_/D
                              3.8888         4.0832 r      -0.1944  (VIOLATED)
   u_NV_NVDLA_cmac/u_core/u_mac_0/u_exp/exp_sft_11_reg_2_/D
                              3.8906         4.0848 r      -0.1943  (VIOLATED)
   u_NV_NVDLA_cmac/u_core/u_mac_5/u_exp/exp_sft_54_reg_2_/D
                              3.9000         4.0942 f      -0.1942  (VIOLATED)
   u_NV_NVDLA_cmac/u_core/u_mac_6/u_exp/exp_sft_62_reg_1_/D
                              3.8886         4.0828 r      -0.1942  (VIOLATED)
   u_NV_NVDLA_cmac/u_core/u_mac_5/u_exp/exp_sft_48_reg_2_/D
                              3.9000         4.0943 f      -0.1942  (VIOLATED)
   u_NV_NVDLA_cmac/u_core/u_mac_7/u_exp/exp_sft_26_reg_3_/D
                              3.8891         4.0833 r      -0.1942  (VIOLATED)
   u_NV_NVDLA_cmac/u_core/u_mac_5/u_exp/exp_sft_32_reg_2_/D
                              3.8999         4.0941 f      -0.1942  (VIOLATED)
   u_NV_NVDLA_cmac/u_core/u_mac_5/u_exp/exp_sft_16_reg_1_/D
                              3.8884         4.0825 r      -0.1942  (VIOLATED)
   u_NV_NVDLA_cmac/u_core/u_mac_3/u_exp/exp_sft_07_reg_2_/D
                              3.8903         4.0845 r      -0.1942  (VIOLATED)
   u_NV_NVDLA_cmac/u_core/u_mac_5/u_exp/exp_sft_29_reg_1_/D
                              3.8852         4.0793 r      -0.1942  (VIOLATED)
   u_NV_NVDLA_cmac/u_core/u_mac_3/u_exp/exp_sft_30_reg_2_/D
                              3.8905         4.0847 r      -0.1941  (VIOLATED)
   u_NV_NVDLA_cmac/u_core/u_mac_4/u_exp/exp_sft_08_reg_2_/D
                              3.8889         4.0829 r      -0.1941  (VIOLATED)
   u_NV_NVDLA_cmac/u_core/u_mac_2/u_exp/exp_sft_12_reg_1_/D
                              3.8893         4.0833 r      -0.1941  (VIOLATED)
   u_NV_NVDLA_cmac/u_core/u_mac_3/u_exp/exp_sft_12_reg_2_/D
                              3.8904         4.0844 r      -0.1940  (VIOLATED)
   u_NV_NVDLA_cmac/u_core/u_mac_6/u_exp/exp_sft_34_reg_1_/D
                              3.8815         4.0755 r      -0.1940  (VIOLATED)
   u_NV_NVDLA_cmac/u_core/u_mac_5/u_exp/exp_sft_55_reg_1_/D
                              3.8881         4.0821 r      -0.1940  (VIOLATED)
   u_NV_NVDLA_cmac/u_core/u_mac_1/u_exp/exp_sft_36_reg_2_/D
                              3.8825         4.0765 r      -0.1940  (VIOLATED)
   u_NV_NVDLA_cmac/u_core/u_mac_5/u_exp/exp_sft_31_reg_2_/D
                              3.8999         4.0938 f      -0.1940  (VIOLATED)
   u_NV_NVDLA_cmac/u_core/u_mac_2/u_exp/exp_sft_50_reg_1_/D
                              3.8893         4.0832 r      -0.1939  (VIOLATED)
   u_NV_NVDLA_cmac/u_core/u_mac_7/u_exp/exp_sft_60_reg_1_/D
                              3.8887         4.0825 r      -0.1938  (VIOLATED)
   u_NV_NVDLA_cmac/u_core/u_mac_2/u_exp/exp_sft_45_reg_3_/D
                              3.8887         4.0825 r      -0.1938  (VIOLATED)
   u_NV_NVDLA_cmac/u_core/u_mac_1/u_exp/exp_sft_13_reg_2_/D
                              3.8902         4.0841 r      -0.1938  (VIOLATED)
   u_NV_NVDLA_cmac/u_core/u_mac_6/u_exp/exp_sft_04_reg_1_/D
                              3.8911         4.0849 r      -0.1938  (VIOLATED)
   u_NV_NVDLA_cmac/u_core/u_mac_2/u_exp/exp_sft_23_reg_2_/D
                              3.8881         4.0819 r      -0.1938  (VIOLATED)
   u_NV_NVDLA_cmac/u_core/u_mac_6/u_exp/exp_sft_60_reg_2_/D
                              3.8906         4.0844 r      -0.1937  (VIOLATED)
   u_NV_NVDLA_cmac/u_core/u_mac_7/u_exp/exp_sft_49_reg_3_/D
                              3.8812         4.0749 r      -0.1937  (VIOLATED)
   u_NV_NVDLA_cmac/u_core/u_mac_3/u_exp/exp_sft_18_reg_3_/D
                              3.8962         4.0899 f      -0.1937  (VIOLATED)
   u_NV_NVDLA_cmac/u_core/u_mac_1/u_exp/exp_sft_10_reg_3_/D
                              3.8888         4.0825 r      -0.1937  (VIOLATED)
   u_NV_NVDLA_cmac/u_core/u_mac_7/u_exp/exp_sft_17_reg_3_/D
                              3.8891         4.0828 r      -0.1937  (VIOLATED)
   u_NV_NVDLA_cmac/u_core/u_mac_1/u_exp/exp_sft_06_reg_0_/D
                              3.8904         4.0840 r      -0.1936  (VIOLATED)
   u_NV_NVDLA_cmac/u_core/u_mac_3/u_exp/exp_sft_39_reg_3_/D
                              3.8899         4.0835 r      -0.1936  (VIOLATED)
   u_NV_NVDLA_cmac/u_core/u_mac_4/u_exp/exp_sft_00_reg_3_/D
                              3.8909         4.0844 f      -0.1936  (VIOLATED)
   u_NV_NVDLA_cmac/u_core/u_mac_5/u_exp/exp_sft_18_reg_2_/D
                              3.9000         4.0936 f      -0.1936  (VIOLATED)
   u_NV_NVDLA_cmac/u_core/u_mac_6/u_exp/exp_sft_12_reg_3_/D
                              3.8883         4.0818 r      -0.1935  (VIOLATED)
   u_NV_NVDLA_cmac/u_core/u_mac_5/u_exp/exp_sft_50_reg_1_/D
                              3.8881         4.0816 r      -0.1935  (VIOLATED)
   u_NV_NVDLA_cmac/u_core/u_mac_1/u_exp/exp_sft_07_reg_3_/D
                              3.8889         4.0824 r      -0.1935  (VIOLATED)
   u_NV_NVDLA_cmac/u_core/u_mac_1/u_exp/exp_sft_52_reg_0_/D
                              3.8900         4.0835 r      -0.1935  (VIOLATED)
   u_NV_NVDLA_cmac/u_core/u_mac_7/u_exp/exp_sft_43_reg_3_/D
                              3.8946         4.0881 f      -0.1935  (VIOLATED)
   u_NV_NVDLA_cmac/u_core/u_mac_3/u_exp/exp_sft_34_reg_2_/D
                              3.8906         4.0840 r      -0.1935  (VIOLATED)
   u_NV_NVDLA_cmac/u_core/u_mac_6/u_exp/exp_sft_21_reg_0_/D
                              3.8906         4.0840 r      -0.1935  (VIOLATED)
   u_NV_NVDLA_cmac/u_core/u_mac_3/u_exp/exp_sft_01_reg_2_/D
                              3.8905         4.0839 r      -0.1934  (VIOLATED)
   u_NV_NVDLA_cmac/u_core/u_mac_2/u_exp/exp_sft_51_reg_1_/D
                              3.8893         4.0827 r      -0.1934  (VIOLATED)
   u_NV_NVDLA_cmac/u_core/u_mac_6/u_exp/exp_sft_00_reg_1_/D
                              3.8893         4.0827 r      -0.1934  (VIOLATED)
   u_NV_NVDLA_cmac/u_core/u_mac_5/u_exp/exp_sft_57_reg_0_/D
                              3.8906         4.0840 r      -0.1934  (VIOLATED)
   u_NV_NVDLA_cmac/u_core/u_mac_5/u_exp/exp_sft_48_reg_1_/D
                              3.8882         4.0816 r      -0.1934  (VIOLATED)
   u_NV_NVDLA_cmac/u_core/u_mac_3/u_exp/exp_sft_25_reg_3_/D
                              3.9005         4.0938 f      -0.1933  (VIOLATED)
   u_NV_NVDLA_cmac/u_core/u_mac_0/u_exp/exp_sft_21_reg_2_/D
                              3.8914         4.0847 r      -0.1933  (VIOLATED)
   u_NV_NVDLA_cmac/u_core/u_mac_6/u_exp/exp_sft_28_reg_3_/D
                              3.8825         4.0757 r      -0.1932  (VIOLATED)
   u_NV_NVDLA_cmac/u_core/u_mac_4/u_exp/exp_sft_02_reg_3_/D
                              3.9007         4.0938 f      -0.1930  (VIOLATED)
   u_NV_NVDLA_cmac/u_core/u_mac_5/u_exp/exp_sft_11_reg_0_/D
                              3.8906         4.0836 r      -0.1930  (VIOLATED)
   u_NV_NVDLA_cmac/u_core/u_mac_1/u_exp/exp_sft_02_reg_2_/D
                              3.8903         4.0833 r      -0.1930  (VIOLATED)
   u_NV_NVDLA_cmac/u_core/u_mac_3/u_exp/exp_sft_40_reg_2_/D
                              3.8904         4.0833 r      -0.1929  (VIOLATED)
   u_NV_NVDLA_cmac/u_core/u_mac_5/u_exp/exp_sft_37_reg_1_/D
                              3.8884         4.0812 r      -0.1929  (VIOLATED)
   u_NV_NVDLA_cmac/u_core/u_mac_1/u_exp/exp_sft_48_reg_3_/D
                              3.8906         4.0834 r      -0.1928  (VIOLATED)
   u_NV_NVDLA_cmac/u_core/u_mac_7/u_exp/exp_sft_41_reg_3_/D
                              3.8948         4.0876 f      -0.1928  (VIOLATED)
   u_NV_NVDLA_cmac/u_core/u_mac_1/u_exp/exp_sft_44_reg_3_/D
                              3.8889         4.0816 r      -0.1928  (VIOLATED)
   u_NV_NVDLA_cmac/u_core/u_mac_3/u_exp/exp_sft_12_reg_3_/D
                              3.8906         4.0833 r      -0.1927  (VIOLATED)
   u_NV_NVDLA_cmac/u_core/u_mac_3/u_exp/exp_sft_03_reg_2_/D
                              3.8889         4.0816 r      -0.1927  (VIOLATED)
   u_NV_NVDLA_cmac/u_core/u_mac_2/u_exp/exp_sft_54_reg_1_/D
                              3.8893         4.0820 r      -0.1927  (VIOLATED)
   u_NV_NVDLA_cmac/u_core/u_mac_5/u_exp/exp_sft_33_reg_1_/D
                              3.8883         4.0810 r      -0.1927  (VIOLATED)
   u_NV_NVDLA_cmac/u_core/u_mac_5/u_exp/exp_sft_03_reg_1_/D
                              3.8804         4.0730 r      -0.1927  (VIOLATED)
   u_NV_NVDLA_cmac/u_core/u_mac_6/u_exp/exp_sft_63_reg_0_/D
                              3.8887         4.0814 r      -0.1927  (VIOLATED)
   u_NV_NVDLA_cmac/u_core/u_mac_6/u_exp/exp_sft_15_reg_3_/D
                              3.8811         4.0736 r      -0.1925  (VIOLATED)
   u_NV_NVDLA_cmac/u_core/u_mac_6/u_exp/exp_sft_04_reg_0_/D
                              3.8905         4.0830 r      -0.1925  (VIOLATED)
   u_NV_NVDLA_cmac/u_core/u_mac_0/u_exp/exp_sft_18_reg_2_/D
                              3.8906         4.0831 r      -0.1925  (VIOLATED)
   u_NV_NVDLA_cmac/u_core/u_mac_2/u_exp/exp_sft_16_reg_1_/D
                              3.8891         4.0816 r      -0.1925  (VIOLATED)
   u_NV_NVDLA_cmac/u_core/u_mac_3/u_exp/exp_sft_13_reg_3_/D
                              3.8903         4.0827 r      -0.1924  (VIOLATED)
   u_NV_NVDLA_cmac/u_core/u_mac_6/u_exp/exp_sft_34_reg_3_/D
                              3.8949         4.0873 f      -0.1923  (VIOLATED)
   u_NV_NVDLA_cmac/u_core/u_mac_3/u_exp/exp_sft_40_reg_3_/D
                              3.8907         4.0830 r      -0.1923  (VIOLATED)
   u_NV_NVDLA_cmac/u_core/u_mac_1/u_exp/exp_sft_43_reg_0_/D
                              3.8903         4.0826 r      -0.1923  (VIOLATED)
   u_NV_NVDLA_cmac/u_core/u_mac_6/u_exp/exp_sft_11_reg_3_/D
                              3.8811         4.0734 r      -0.1923  (VIOLATED)
   u_NV_NVDLA_cmac/u_core/u_mac_2/u_exp/exp_sft_18_reg_0_/D
                              3.8827         4.0750 r      -0.1922  (VIOLATED)
   u_NV_NVDLA_cmac/u_core/u_mac_2/u_exp/exp_sft_35_reg_1_/D
                              3.8893         4.0816 r      -0.1922  (VIOLATED)
   u_NV_NVDLA_cmac/u_core/u_mac_3/u_exp/exp_sft_35_reg_3_/D
                              3.8905         4.0827 r      -0.1922  (VIOLATED)
   u_NV_NVDLA_cmac/u_core/u_mac_2/u_exp/exp_sft_60_reg_1_/D
                              3.8888         4.0810 r      -0.1922  (VIOLATED)
   u_NV_NVDLA_cmac/u_core/u_mac_1/u_exp/exp_sft_07_reg_0_/D
                              3.8904         4.0826 r      -0.1922  (VIOLATED)
   u_NV_NVDLA_cmac/u_core/u_mac_1/u_exp/exp_sft_16_reg_2_/D
                              3.8907         4.0828 r      -0.1921  (VIOLATED)
   u_NV_NVDLA_cmac/u_core/u_mac_7/u_exp/exp_sft_21_reg_2_/D
                              3.8889         4.0810 r      -0.1921  (VIOLATED)
   u_NV_NVDLA_cmac/u_core/u_mac_1/u_exp/exp_sft_50_reg_3_/D
                              3.8904         4.0826 r      -0.1921  (VIOLATED)
   u_NV_NVDLA_cmac/u_core/u_mac_7/u_exp/exp_sft_03_reg_2_/D
                              3.8899         4.0820 r      -0.1921  (VIOLATED)
   u_NV_NVDLA_cmac/u_core/u_mac_5/u_exp/exp_sft_39_reg_2_/D
                              3.8999         4.0920 f      -0.1920  (VIOLATED)
   u_NV_NVDLA_cmac/u_core/u_mac_7/u_exp/exp_sft_40_reg_3_/D
                              3.8993         4.0913 f      -0.1920  (VIOLATED)
   u_NV_NVDLA_cmac/u_core/u_mac_0/u_exp/exp_sft_40_reg_2_/D
                              3.8906         4.0826 r      -0.1920  (VIOLATED)
   u_NV_NVDLA_cmac/u_core/u_mac_7/u_exp/exp_sft_11_reg_2_/D
                              3.8886         4.0806 r      -0.1920  (VIOLATED)
   u_NV_NVDLA_cmac/u_core/u_mac_6/u_exp/exp_sft_57_reg_2_/D
                              3.9009         4.0928 f      -0.1919  (VIOLATED)
   u_NV_NVDLA_cmac/u_core/u_mac_1/u_exp/exp_sft_55_reg_0_/D
                              3.8904         4.0823 r      -0.1919  (VIOLATED)
   u_NV_NVDLA_cmac/u_core/u_mac_1/u_exp/exp_sft_54_reg_0_/D
                              3.8904         4.0823 r      -0.1919  (VIOLATED)
   u_NV_NVDLA_cmac/u_core/u_mac_6/u_exp/exp_sft_00_reg_2_/D
                              3.8888         4.0807 r      -0.1919  (VIOLATED)
   u_NV_NVDLA_cmac/u_core/u_mac_2/u_exp/exp_sft_26_reg_1_/D
                              3.8893         4.0812 r      -0.1919  (VIOLATED)
   u_NV_NVDLA_cmac/u_core/u_mac_7/u_exp/exp_sft_06_reg_1_/D
                              3.8883         4.0801 r      -0.1918  (VIOLATED)
   u_NV_NVDLA_cmac/u_core/u_mac_2/u_exp/exp_sft_33_reg_2_/D
                              3.8889         4.0806 r      -0.1917  (VIOLATED)
   u_NV_NVDLA_cmac/u_core/u_mac_1/u_exp/exp_sft_00_reg_3_/D
                              3.8881         4.0798 r      -0.1917  (VIOLATED)
   u_NV_NVDLA_cmac/u_core/u_mac_1/u_exp/exp_sft_27_reg_2_/D
                              3.8888         4.0805 r      -0.1916  (VIOLATED)
   u_NV_NVDLA_cmac/u_core/u_mac_2/u_exp/exp_sft_38_reg_1_/D
                              3.8893         4.0809 r      -0.1916  (VIOLATED)
   u_NV_NVDLA_cmac/u_core/u_mac_2/u_exp/exp_sft_21_reg_1_/D
                              3.8890         4.0806 r      -0.1916  (VIOLATED)
   u_NV_NVDLA_cmac/u_core/u_mac_1/u_exp/exp_sft_43_reg_2_/D
                              3.8906         4.0822 r      -0.1916  (VIOLATED)
   u_NV_NVDLA_cmac/u_core/u_mac_1/u_exp/exp_sft_59_reg_0_/D
                              3.8903         4.0818 r      -0.1916  (VIOLATED)
   u_NV_NVDLA_cmac/u_core/u_mac_1/u_exp/exp_sft_60_reg_0_/D
                              3.8903         4.0818 r      -0.1914  (VIOLATED)
   u_NV_NVDLA_cmac/u_core/u_mac_7/u_exp/exp_sft_55_reg_3_/D
                              3.8813         4.0728 r      -0.1914  (VIOLATED)
   u_NV_NVDLA_cmac/u_core/u_mac_3/u_exp/exp_sft_04_reg_3_/D
                              3.8782         4.0696 r      -0.1914  (VIOLATED)
   u_NV_NVDLA_cmac/u_core/u_mac_3/u_exp/exp_sft_63_reg_2_/D
                              3.9010         4.0924 f      -0.1914  (VIOLATED)
   u_NV_NVDLA_cmac/u_core/u_mac_5/u_exp/exp_sft_61_reg_3_/D
                              3.8905         4.0818 r      -0.1914  (VIOLATED)
   u_NV_NVDLA_cmac/u_core/u_mac_5/u_exp/exp_sft_00_reg_1_/D
                              3.8882         4.0795 r      -0.1914  (VIOLATED)
   u_NV_NVDLA_cmac/u_core/u_mac_7/u_exp/exp_sft_58_reg_2_/D
                              3.8835         4.0749 r      -0.1914  (VIOLATED)
   u_NV_NVDLA_cmac/u_core/u_mac_1/u_exp/exp_sft_62_reg_0_/D
                              3.8904         4.0817 r      -0.1913  (VIOLATED)
   u_NV_NVDLA_cmac/u_core/u_mac_1/u_exp/exp_sft_40_reg_3_/D
                              3.8889         4.0802 r      -0.1913  (VIOLATED)
   u_NV_NVDLA_cmac/u_core/u_mac_2/u_exp/exp_sft_52_reg_0_/D
                              3.8825         4.0739 r      -0.1913  (VIOLATED)
   u_NV_NVDLA_cmac/u_core/u_mac_1/u_exp/exp_sft_09_reg_0_/D
                              3.8906         4.0819 r      -0.1913  (VIOLATED)
   u_NV_NVDLA_cmac/u_core/u_mac_1/u_exp/exp_sft_24_reg_2_/D
                              3.9002         4.0915 f      -0.1913  (VIOLATED)
   u_NV_NVDLA_cmac/u_core/u_mac_3/u_exp/exp_sft_41_reg_3_/D
                              3.8905         4.0817 r      -0.1912  (VIOLATED)
   u_NV_NVDLA_cmac/u_core/u_mac_1/u_exp/exp_sft_05_reg_0_/D
                              3.8904         4.0815 r      -0.1912  (VIOLATED)
   u_NV_NVDLA_cmac/u_core/u_mac_2/u_exp/exp_sft_39_reg_1_/D
                              3.8893         4.0804 r      -0.1912  (VIOLATED)
   u_NV_NVDLA_cmac/u_core/u_mac_4/u_exp/exp_sft_31_reg_3_/D
                              3.8904         4.0816 r      -0.1912  (VIOLATED)
   u_NV_NVDLA_cmac/u_core/u_mac_2/u_exp/exp_sft_16_reg_0_/D
                              3.8827         4.0738 r      -0.1911  (VIOLATED)
   u_NV_NVDLA_cmac/u_core/u_mac_5/u_exp/exp_sft_16_reg_0_/D
                              3.8889         4.0800 r      -0.1911  (VIOLATED)
   u_NV_NVDLA_cmac/u_core/u_mac_7/u_exp/exp_sft_16_reg_1_/D
                              3.8809         4.0720 r      -0.1911  (VIOLATED)
   u_NV_NVDLA_cmac/u_core/u_mac_2/u_exp/exp_sft_08_reg_2_/D
                              3.8898         4.0809 r      -0.1911  (VIOLATED)
   u_NV_NVDLA_cmac/u_core/u_mac_5/u_exp/exp_sft_50_reg_2_/D
                              3.8999         4.0910 f      -0.1911  (VIOLATED)
   u_NV_NVDLA_cmac/u_core/u_mac_5/u_exp/exp_sft_20_reg_1_/D
                              3.8882         4.0793 r      -0.1911  (VIOLATED)
   u_NV_NVDLA_cmac/u_core/u_mac_1/u_exp/exp_sft_06_reg_2_/D
                              3.8903         4.0813 r      -0.1910  (VIOLATED)
   u_NV_NVDLA_cmac/u_core/u_mac_1/u_exp/exp_sft_09_reg_3_/D
                              3.8881         4.0791 r      -0.1910  (VIOLATED)
   u_NV_NVDLA_cmac/u_core/u_mac_2/u_exp/exp_sft_23_reg_0_/D
                              3.8828         4.0738 r      -0.1910  (VIOLATED)
   u_NV_NVDLA_cmac/u_core/u_mac_4/u_exp/exp_sft_30_reg_3_/D
                              3.8904         4.0814 r      -0.1910  (VIOLATED)
   u_NV_NVDLA_cmac/u_core/u_mac_6/u_exp/exp_sft_04_reg_2_/D
                              3.8898         4.0808 r      -0.1909  (VIOLATED)
   u_NV_NVDLA_cmac/u_core/u_mac_2/u_exp/exp_sft_19_reg_0_/D
                              3.8827         4.0736 r      -0.1909  (VIOLATED)
   u_NV_NVDLA_cmac/u_core/u_mac_3/u_exp/exp_sft_26_reg_3_/D
                              3.9009         4.0918 f      -0.1909  (VIOLATED)
   u_NV_NVDLA_cmac/u_core/u_mac_5/u_exp/exp_sft_05_reg_1_/D
                              3.8870         4.0779 r      -0.1909  (VIOLATED)
   u_NV_NVDLA_cmac/u_core/u_mac_5/u_exp/exp_sft_56_reg_3_/D
                              3.8883         4.0792 r      -0.1909  (VIOLATED)
   u_NV_NVDLA_cmac/u_core/u_mac_7/u_exp/exp_sft_25_reg_0_/D
                              3.8810         4.0718 r      -0.1908  (VIOLATED)
   u_NV_NVDLA_cmac/u_core/u_mac_1/u_exp/exp_sft_10_reg_2_/D
                              3.8906         4.0814 r      -0.1908  (VIOLATED)
   u_NV_NVDLA_cmac/u_core/u_mac_7/u_exp/exp_sft_54_reg_3_/D
                              3.8811         4.0719 r      -0.1908  (VIOLATED)
   u_NV_NVDLA_cmac/u_core/u_mac_7/u_exp/exp_sft_02_reg_2_/D
                              3.8901         4.0809 r      -0.1908  (VIOLATED)
   u_NV_NVDLA_cmac/u_core/u_mac_2/u_exp/exp_sft_23_reg_1_/D
                              3.8815         4.0723 r      -0.1908  (VIOLATED)
   u_NV_NVDLA_cmac/u_core/u_mac_6/u_exp/exp_sft_48_reg_2_/D
                              3.9011         4.0918 f      -0.1907  (VIOLATED)
   u_NV_NVDLA_cmac/u_core/u_mac_5/u_exp/exp_sft_26_reg_2_/D
                              3.9000         4.0907 f      -0.1907  (VIOLATED)
   u_NV_NVDLA_cmac/u_core/u_mac_3/u_exp/exp_sft_38_reg_2_/D
                              3.8907         4.0813 r      -0.1906  (VIOLATED)
   u_NV_NVDLA_cmac/u_core/u_mac_5/u_exp/exp_sft_56_reg_0_/D
                              3.8887         4.0793 r      -0.1906  (VIOLATED)
   u_NV_NVDLA_cmac/u_core/u_mac_5/u_exp/exp_sft_52_reg_1_/D
                              3.8885         4.0790 r      -0.1905  (VIOLATED)
   u_NV_NVDLA_cmac/u_core/u_mac_7/u_exp/exp_sft_16_reg_3_/D
                              3.9001         4.0906 f      -0.1905  (VIOLATED)
   u_NV_NVDLA_cmac/u_core/u_mac_6/u_exp/exp_sft_63_reg_2_/D
                              3.8892         4.0797 r      -0.1905  (VIOLATED)
   u_NV_NVDLA_cmac/u_core/u_mac_7/u_exp/exp_sft_08_reg_2_/D
                              3.8906         4.0810 r      -0.1904  (VIOLATED)
   u_NV_NVDLA_cmac/u_core/u_mac_7/u_exp/exp_sft_20_reg_0_/D
                              3.8809         4.0713 r      -0.1904  (VIOLATED)
   u_NV_NVDLA_cmac/u_core/u_mac_5/u_exp/exp_sft_10_reg_1_/D
                              3.8875         4.0779 r      -0.1904  (VIOLATED)
   u_NV_NVDLA_cmac/u_core/u_mac_5/u_exp/exp_sft_30_reg_1_/D
                              3.8880         4.0784 r      -0.1904  (VIOLATED)
   u_NV_NVDLA_cmac/u_core/u_mac_3/u_exp/exp_sft_23_reg_3_/D
                              3.8962         4.0865 f      -0.1903  (VIOLATED)
   u_NV_NVDLA_cmac/u_core/u_mac_6/u_exp/exp_sft_13_reg_1_/D
                              3.8892         4.0796 r      -0.1903  (VIOLATED)
   u_NV_NVDLA_cmac/u_core/u_mac_5/u_exp/exp_sft_10_reg_3_/D
                              3.8890         4.0793 r      -0.1903  (VIOLATED)
   u_NV_NVDLA_cmac/u_core/u_mac_2/u_exp/exp_sft_21_reg_0_/D
                              3.8827         4.0730 r      -0.1903  (VIOLATED)
   u_NV_NVDLA_cmac/u_core/u_mac_5/u_exp/exp_sft_55_reg_2_/D
                              3.8998         4.0901 f      -0.1903  (VIOLATED)
   u_NV_NVDLA_cmac/u_core/u_mac_7/u_exp/exp_sft_48_reg_3_/D
                              3.8810         4.0713 r      -0.1903  (VIOLATED)
   u_NV_NVDLA_cmac/u_core/u_mac_1/u_exp/exp_sft_63_reg_0_/D
                              3.8905         4.0808 r      -0.1903  (VIOLATED)
   u_NV_NVDLA_cmac/u_core/u_mac_7/u_exp/exp_sft_13_reg_3_/D
                              3.8902         4.0805 r      -0.1903  (VIOLATED)
   u_NV_NVDLA_cmac/u_core/u_mac_7/u_exp/exp_sft_14_reg_1_/D
                              3.8810         4.0713 r      -0.1903  (VIOLATED)
   u_NV_NVDLA_cmac/u_core/u_mac_5/u_exp/exp_sft_49_reg_1_/D
                              3.8881         4.0784 r      -0.1903  (VIOLATED)
   u_NV_NVDLA_cmac/u_core/u_mac_3/u_exp/exp_sft_41_reg_2_/D
                              3.8905         4.0808 r      -0.1903  (VIOLATED)
   u_NV_NVDLA_cmac/u_core/u_mac_6/u_exp/exp_sft_37_reg_1_/D
                              3.8816         4.0718 r      -0.1902  (VIOLATED)
   u_NV_NVDLA_cmac/u_core/u_mac_2/u_exp/exp_sft_31_reg_0_/D
                              3.8825         4.0727 r      -0.1902  (VIOLATED)
   u_NV_NVDLA_cmac/u_core/u_mac_2/u_exp/exp_sft_48_reg_0_/D
                              3.8827         4.0729 r      -0.1902  (VIOLATED)
   u_NV_NVDLA_cmac/u_core/u_mac_3/u_exp/exp_sft_24_reg_3_/D
                              3.9009         4.0910 f      -0.1902  (VIOLATED)
   u_NV_NVDLA_cmac/u_core/u_mac_1/u_exp/exp_sft_58_reg_0_/D
                              3.8905         4.0807 r      -0.1902  (VIOLATED)
   u_NV_NVDLA_cmac/u_core/u_mac_2/u_exp/exp_sft_32_reg_0_/D
                              3.8828         4.0729 r      -0.1902  (VIOLATED)
   u_NV_NVDLA_cmac/u_core/u_mac_1/u_exp/exp_sft_07_reg_2_/D
                              3.8907         4.0808 r      -0.1901  (VIOLATED)
   u_NV_NVDLA_cmac/u_core/u_mac_5/u_exp/exp_sft_24_reg_1_/D
                              3.8883         4.0784 r      -0.1901  (VIOLATED)
   u_NV_NVDLA_cmac/u_core/u_mac_1/u_exp/exp_sft_02_reg_0_/D
                              3.8905         4.0806 r      -0.1901  (VIOLATED)
   u_NV_NVDLA_cmac/u_core/u_mac_1/u_exp/exp_sft_34_reg_3_/D
                              3.8887         4.0787 r      -0.1901  (VIOLATED)
   u_NV_NVDLA_cmac/u_core/u_mac_5/u_exp/exp_sft_54_reg_1_/D
                              3.8884         4.0785 r      -0.1901  (VIOLATED)
   u_NV_NVDLA_cmac/u_core/u_mac_3/u_exp/exp_sft_14_reg_2_/D
                              3.8905         4.0805 r      -0.1900  (VIOLATED)
   u_NV_NVDLA_cmac/u_core/u_mac_1/u_exp/exp_sft_04_reg_0_/D
                              3.8905         4.0805 r      -0.1900  (VIOLATED)
   u_NV_NVDLA_cmac/u_core/u_mac_1/u_exp/exp_sft_15_reg_0_/D
                              3.8905         4.0805 r      -0.1900  (VIOLATED)
   u_NV_NVDLA_cmac/u_core/u_mac_0/u_exp/exp_sft_20_reg_3_/D
                              3.8884         4.0784 r      -0.1900  (VIOLATED)
   u_NV_NVDLA_cmac/u_core/u_mac_1/u_exp/exp_sft_24_reg_3_/D
                              3.8864         4.0763 r      -0.1899  (VIOLATED)
   u_NV_NVDLA_cmac/u_core/u_mac_6/u_exp/exp_sft_00_reg_3_/D
                              3.8866         4.0765 r      -0.1899  (VIOLATED)
   u_NV_NVDLA_cmac/u_core/u_mac_6/u_exp/exp_sft_45_reg_2_/D
                              3.8903         4.0802 r      -0.1898  (VIOLATED)
   u_NV_NVDLA_cmac/u_core/u_mac_5/u_exp/exp_sft_44_reg_3_/D
                              3.8888         4.0786 r      -0.1898  (VIOLATED)
   u_NV_NVDLA_cmac/u_core/u_mac_1/u_exp/exp_sft_35_reg_3_/D
                              3.8906         4.0804 r      -0.1898  (VIOLATED)
   u_NV_NVDLA_cmac/u_core/u_mac_7/u_exp/exp_sft_24_reg_0_/D
                              3.8812         4.0710 r      -0.1898  (VIOLATED)
   u_NV_NVDLA_cmac/u_core/u_mac_1/u_exp/exp_sft_41_reg_0_/D
                              3.8906         4.0804 r      -0.1898  (VIOLATED)
   u_NV_NVDLA_cmac/u_core/u_mac_1/u_exp/exp_sft_56_reg_0_/D
                              3.8904         4.0802 r      -0.1898  (VIOLATED)
   u_NV_NVDLA_cmac/u_core/u_mac_0/u_exp/exp_sft_51_reg_3_/D
                              3.8884         4.0782 r      -0.1897  (VIOLATED)
   u_NV_NVDLA_cmac/u_core/u_mac_7/u_exp/exp_sft_42_reg_3_/D
                              3.8952         4.0850 f      -0.1897  (VIOLATED)
   u_NV_NVDLA_cmac/u_core/u_mac_1/u_exp/exp_sft_58_reg_2_/D
                              3.9009         4.0907 f      -0.1897  (VIOLATED)
   u_NV_NVDLA_cmac/u_core/u_mac_6/u_exp/exp_sft_38_reg_2_/D
                              3.9009         4.0906 f      -0.1897  (VIOLATED)
   u_NV_NVDLA_cmac/u_core/u_mac_1/u_exp/exp_sft_09_reg_2_/D
                              3.9005         4.0901 f      -0.1897  (VIOLATED)
   u_NV_NVDLA_cmac/u_core/u_mac_1/u_exp/exp_sft_16_reg_3_/D
                              3.8887         4.0784 r      -0.1897  (VIOLATED)
   u_NV_NVDLA_cmac/u_core/u_mac_5/u_exp/exp_sft_08_reg_3_/D
                              3.8872         4.0768 r      -0.1896  (VIOLATED)
   u_NV_NVDLA_cmac/u_core/u_mac_1/u_exp/exp_sft_10_reg_0_/D
                              3.8905         4.0801 r      -0.1896  (VIOLATED)
   u_NV_NVDLA_cmac/u_core/u_mac_5/u_exp/exp_sft_25_reg_2_/D
                              3.8888         4.0784 r      -0.1896  (VIOLATED)
   u_NV_NVDLA_cmac/u_core/u_mac_6/u_exp/exp_sft_59_reg_3_/D
                              3.8906         4.0802 r      -0.1896  (VIOLATED)
   u_NV_NVDLA_cmac/u_core/u_mac_6/u_exp/exp_sft_02_reg_0_/D
                              3.8906         4.0802 r      -0.1896  (VIOLATED)
   u_NV_NVDLA_cmac/u_core/u_mac_6/u_exp/exp_sft_16_reg_2_/D
                              3.8904         4.0800 r      -0.1896  (VIOLATED)
   u_NV_NVDLA_cmac/u_core/u_mac_1/u_exp/exp_sft_08_reg_0_/D
                              3.8906         4.0801 r      -0.1896  (VIOLATED)
   u_NV_NVDLA_cmac/u_core/u_mac_1/u_exp/exp_sft_50_reg_0_/D
                              3.8906         4.0801 r      -0.1896  (VIOLATED)
   u_NV_NVDLA_cmac/u_core/u_mac_5/u_exp/exp_sft_33_reg_2_/D
                              3.8998         4.0893 f      -0.1895  (VIOLATED)
   u_NV_NVDLA_cmac/u_core/u_mac_6/u_exp/exp_sft_01_reg_0_/D
                              3.8908         4.0803 r      -0.1895  (VIOLATED)
   u_NV_NVDLA_cmac/u_core/u_mac_2/u_exp/exp_sft_55_reg_1_/D
                              3.8894         4.0788 r      -0.1894  (VIOLATED)
   u_NV_NVDLA_cmac/u_core/u_mac_5/u_exp/exp_sft_27_reg_2_/D
                              3.8999         4.0892 f      -0.1894  (VIOLATED)
   u_NV_NVDLA_cmac/u_core/u_mac_6/u_exp/exp_sft_31_reg_3_/D
                              3.8903         4.0796 r      -0.1894  (VIOLATED)
   u_NV_NVDLA_cmac/u_core/u_mac_6/u_exp/exp_sft_17_reg_2_/D
                              3.8889         4.0782 r      -0.1894  (VIOLATED)
   u_NV_NVDLA_cmac/u_core/u_mac_5/u_exp/exp_sft_20_reg_0_/D
                              3.8886         4.0779 r      -0.1893  (VIOLATED)
   u_NV_NVDLA_cmac/u_core/u_mac_0/u_exp/exp_sft_24_reg_2_/D
                              3.8885         4.0778 r      -0.1893  (VIOLATED)
   u_NV_NVDLA_cmac/u_core/u_mac_1/u_exp/exp_sft_40_reg_0_/D
                              3.8906         4.0799 r      -0.1893  (VIOLATED)
   u_NV_NVDLA_cmac/u_core/u_mac_1/u_exp/exp_sft_48_reg_0_/D
                              3.8905         4.0798 r      -0.1892  (VIOLATED)
   u_NV_NVDLA_cmac/u_core/u_mac_3/u_exp/exp_sft_13_reg_2_/D
                              3.8900         4.0792 r      -0.1892  (VIOLATED)
   u_NV_NVDLA_cmac/u_core/u_mac_6/u_exp/exp_sft_03_reg_3_/D
                              3.8811         4.0703 r      -0.1892  (VIOLATED)
   u_NV_NVDLA_cmac/u_core/u_mac_0/u_exp/exp_sft_44_reg_2_/D
                              3.8905         4.0797 r      -0.1891  (VIOLATED)
   u_NV_NVDLA_cmac/u_core/u_mac_7/u_exp/exp_sft_39_reg_2_/D
                              3.8903         4.0794 r      -0.1891  (VIOLATED)
   u_NV_NVDLA_cmac/u_core/u_mac_5/u_exp/exp_sft_43_reg_2_/D
                              3.8888         4.0779 r      -0.1891  (VIOLATED)
   u_NV_NVDLA_cmac/u_core/u_mac_1/u_exp/exp_sft_00_reg_0_/D
                              3.8907         4.0797 r      -0.1891  (VIOLATED)
   u_NV_NVDLA_cmac/u_core/u_mac_5/u_exp/exp_sft_37_reg_0_/D
                              3.8887         4.0777 r      -0.1891  (VIOLATED)
   u_NV_NVDLA_cmac/u_core/u_mac_3/u_exp/exp_sft_56_reg_2_/D
                              3.8878         4.0768 r      -0.1890  (VIOLATED)
   u_NV_NVDLA_cmac/u_core/u_mac_5/u_exp/exp_sft_38_reg_1_/D
                              3.8808         4.0698 r      -0.1890  (VIOLATED)
   u_NV_NVDLA_cmac/u_core/u_mac_5/u_exp/exp_sft_56_reg_2_/D
                              3.8906         4.0796 r      -0.1890  (VIOLATED)
   u_NV_NVDLA_cmac/u_core/u_mac_7/u_exp/exp_sft_35_reg_3_/D
                              3.8890         4.0779 r      -0.1889  (VIOLATED)
   u_NV_NVDLA_cmac/u_core/u_mac_0/u_exp/exp_sft_09_reg_3_/D
                              3.8904         4.0793 r      -0.1889  (VIOLATED)
   u_NV_NVDLA_cmac/u_core/u_mac_0/u_exp/exp_sft_33_reg_2_/D
                              3.8899         4.0788 r      -0.1889  (VIOLATED)
   u_NV_NVDLA_cmac/u_core/u_mac_7/u_exp/exp_sft_15_reg_3_/D
                              3.8890         4.0778 r      -0.1888  (VIOLATED)
   u_NV_NVDLA_cmac/u_core/u_mac_0/u_exp/exp_sft_57_reg_1_/D
                              3.8882         4.0770 r      -0.1888  (VIOLATED)
   u_NV_NVDLA_cmac/u_core/u_mac_0/u_exp/exp_sft_58_reg_2_/D
                              3.8881         4.0769 r      -0.1888  (VIOLATED)
   u_NV_NVDLA_cmac/u_core/u_mac_1/u_exp/exp_sft_03_reg_0_/D
                              3.8906         4.0794 r      -0.1888  (VIOLATED)
   u_NV_NVDLA_cmac/u_core/u_mac_1/u_exp/exp_sft_03_reg_2_/D
                              3.8907         4.0794 r      -0.1887  (VIOLATED)
   u_NV_NVDLA_cmac/u_core/u_mac_7/u_exp/exp_sft_10_reg_1_/D
                              3.8887         4.0773 r      -0.1886  (VIOLATED)
   u_NV_NVDLA_cmac/u_core/u_mac_5/u_exp/exp_sft_26_reg_1_/D
                              3.8885         4.0771 r      -0.1886  (VIOLATED)
   u_NV_NVDLA_cmac/u_core/u_mac_7/u_exp/exp_sft_47_reg_3_/D
                              3.8952         4.0838 f      -0.1886  (VIOLATED)
   u_NV_NVDLA_cmac/u_core/u_mac_5/u_exp/exp_sft_04_reg_3_/D
                              3.8808         4.0694 f      -0.1886  (VIOLATED)
   u_NV_NVDLA_cmac/u_core/u_mac_6/u_exp/exp_sft_34_reg_2_/D
                              3.9007         4.0893 f      -0.1885  (VIOLATED)
   u_NV_NVDLA_cmac/u_core/u_mac_3/u_exp/exp_sft_11_reg_2_/D
                              3.8887         4.0772 r      -0.1885  (VIOLATED)
   u_NV_NVDLA_cmac/u_core/u_mac_1/u_exp/exp_sft_11_reg_0_/D
                              3.8906         4.0791 r      -0.1885  (VIOLATED)
   u_NV_NVDLA_cmac/u_core/u_mac_1/u_exp/exp_sft_42_reg_0_/D
                              3.8906         4.0791 r      -0.1885  (VIOLATED)
   u_NV_NVDLA_cmac/u_core/u_mac_1/u_exp/exp_sft_12_reg_3_/D
                              3.8889         4.0773 r      -0.1884  (VIOLATED)
   u_NV_NVDLA_cmac/u_core/u_mac_1/u_exp/exp_sft_08_reg_2_/D
                              3.9011         4.0895 f      -0.1884  (VIOLATED)
   u_NV_NVDLA_cmac/u_core/u_mac_6/u_exp/exp_sft_42_reg_1_/D
                              3.8893         4.0777 r      -0.1884  (VIOLATED)
   u_NV_NVDLA_cmac/u_core/u_mac_7/u_exp/exp_sft_51_reg_3_/D
                              3.8813         4.0697 r      -0.1883  (VIOLATED)
   u_NV_NVDLA_cmac/u_core/u_mac_5/u_exp/exp_sft_34_reg_0_/D
                              3.8812         4.0694 r      -0.1883  (VIOLATED)
   u_NV_NVDLA_cmac/u_core/u_mac_0/u_exp/exp_sft_12_reg_3_/D
                              3.8889         4.0771 r      -0.1882  (VIOLATED)
   u_NV_NVDLA_cmac/u_core/u_mac_5/u_exp/exp_sft_24_reg_0_/D
                              3.8889         4.0771 r      -0.1882  (VIOLATED)
   u_NV_NVDLA_cmac/u_core/u_mac_3/u_exp/exp_sft_58_reg_2_/D
                              3.8880         4.0761 r      -0.1881  (VIOLATED)
   u_NV_NVDLA_cmac/u_core/u_mac_5/u_exp/exp_sft_11_reg_3_/D
                              3.8884         4.0765 r      -0.1881  (VIOLATED)
   u_NV_NVDLA_cmac/u_core/u_mac_0/u_exp/exp_sft_61_reg_3_/D
                              3.8888         4.0769 r      -0.1880  (VIOLATED)
   u_NV_NVDLA_cmac/u_core/u_mac_3/u_exp/exp_sft_35_reg_2_/D
                              3.8906         4.0786 r      -0.1880  (VIOLATED)
   u_NV_NVDLA_cmac/u_core/u_mac_3/u_exp/exp_sft_00_reg_3_/D
                              3.8902         4.0782 f      -0.1880  (VIOLATED)
   u_NV_NVDLA_cmac/u_core/u_mac_7/u_exp/exp_sft_08_reg_3_/D
                              3.8885         4.0764 r      -0.1879  (VIOLATED)
   u_NV_NVDLA_cmac/u_core/u_mac_5/u_exp/exp_sft_29_reg_2_/D
                              3.8994         4.0873 f      -0.1879  (VIOLATED)
   u_NV_NVDLA_cmac/u_core/u_mac_6/u_exp/exp_sft_60_reg_3_/D
                              3.8904         4.0783 r      -0.1879  (VIOLATED)
   u_NV_NVDLA_cmac/u_core/u_mac_5/u_exp/exp_sft_41_reg_1_/D
                              3.8855         4.0733 r      -0.1879  (VIOLATED)
   u_NV_NVDLA_cmac/u_core/u_mac_5/u_exp/exp_sft_37_reg_2_/D
                              3.8882         4.0760 r      -0.1878  (VIOLATED)
   u_NV_NVDLA_cmac/u_core/u_mac_5/u_exp/exp_sft_15_reg_1_/D
                              3.8806         4.0684 r      -0.1878  (VIOLATED)
   u_NV_NVDLA_cmac/u_core/u_mac_0/u_exp/exp_sft_29_reg_2_/D
                              3.8897         4.0775 r      -0.1878  (VIOLATED)
   u_NV_NVDLA_cmac/u_core/u_mac_5/u_exp/exp_sft_25_reg_1_/D
                              3.8885         4.0762 r      -0.1877  (VIOLATED)
   u_NV_NVDLA_cmac/u_core/u_mac_0/u_exp/exp_sft_54_reg_3_/D
                              3.8999         4.0876 f      -0.1877  (VIOLATED)
   u_NV_NVDLA_cmac/u_core/u_mac_6/u_exp/exp_sft_01_reg_2_/D
                              3.8906         4.0783 r      -0.1877  (VIOLATED)
   u_NV_NVDLA_cmac/u_core/u_mac_1/u_exp/exp_sft_51_reg_2_/D
                              3.8885         4.0761 r      -0.1877  (VIOLATED)
   u_NV_NVDLA_cmac/u_core/u_mac_7/u_exp/exp_sft_16_reg_0_/D
                              3.8813         4.0689 r      -0.1877  (VIOLATED)
   u_NV_NVDLA_cmac/u_core/u_mac_5/u_exp/exp_sft_34_reg_1_/D
                              3.8808         4.0685 r      -0.1876  (VIOLATED)
   u_NV_NVDLA_cmac/u_core/u_mac_5/u_exp/exp_sft_23_reg_1_/D
                              3.8876         4.0753 r      -0.1876  (VIOLATED)
   u_NV_NVDLA_cmac/u_core/u_mac_0/u_exp/exp_sft_26_reg_3_/D
                              3.8809         4.0684 r      -0.1875  (VIOLATED)
   u_NV_NVDLA_cmac/u_core/u_mac_6/u_exp/exp_sft_30_reg_3_/D
                              3.8906         4.0781 r      -0.1875  (VIOLATED)
   u_NV_NVDLA_cmac/u_core/u_mac_1/u_exp/exp_sft_40_reg_2_/D
                              3.8904         4.0779 r      -0.1875  (VIOLATED)
   u_NV_NVDLA_cmac/u_core/u_mac_7/u_exp/exp_sft_26_reg_0_/D
                              3.8812         4.0687 r      -0.1874  (VIOLATED)
   u_NV_NVDLA_cmac/u_core/u_mac_7/u_exp/exp_sft_50_reg_3_/D
                              3.8814         4.0688 r      -0.1874  (VIOLATED)
   u_NV_NVDLA_cmac/u_core/u_mac_7/u_exp/exp_sft_24_reg_3_/D
                              3.8890         4.0764 r      -0.1874  (VIOLATED)
   u_NV_NVDLA_cmac/u_core/u_mac_0/u_exp/exp_sft_52_reg_3_/D
                              3.8890         4.0763 r      -0.1874  (VIOLATED)
   u_NV_NVDLA_cmac/u_core/u_mac_6/u_exp/exp_sft_07_reg_0_/D
                              3.8906         4.0779 r      -0.1874  (VIOLATED)
   u_NV_NVDLA_cmac/u_core/u_mac_0/u_exp/exp_sft_61_reg_2_/D
                              3.8883         4.0756 r      -0.1873  (VIOLATED)
   u_NV_NVDLA_cmac/u_core/u_mac_5/u_exp/exp_sft_02_reg_2_/D
                              3.8890         4.0763 r      -0.1873  (VIOLATED)
   u_NV_NVDLA_cmac/u_core/u_mac_1/u_exp/exp_sft_44_reg_2_/D
                              3.8905         4.0778 r      -0.1872  (VIOLATED)
   u_NV_NVDLA_cmac/u_core/u_mac_1/u_exp/exp_sft_47_reg_2_/D
                              3.8906         4.0778 r      -0.1872  (VIOLATED)
   u_NV_NVDLA_cmac/u_core/u_mac_6/u_exp/exp_sft_36_reg_1_/D
                              3.8814         4.0687 r      -0.1872  (VIOLATED)
   u_NV_NVDLA_cmac/u_core/u_mac_5/u_exp/exp_sft_03_reg_3_/D
                              3.8826         4.0698 r      -0.1872  (VIOLATED)
   u_NV_NVDLA_cmac/u_core/u_mac_5/u_exp/exp_sft_30_reg_0_/D
                              3.8889         4.0760 r      -0.1871  (VIOLATED)
   u_NV_NVDLA_cmac/u_core/u_mac_6/u_exp/exp_sft_05_reg_0_/D
                              3.8907         4.0777 r      -0.1871  (VIOLATED)
   u_NV_NVDLA_cmac/u_core/u_mac_5/u_exp/exp_sft_49_reg_0_/D
                              3.8907         4.0777 r      -0.1871  (VIOLATED)
   u_NV_NVDLA_cmac/u_core/u_mac_5/u_exp/exp_sft_22_reg_1_/D
                              3.8879         4.0750 r      -0.1871  (VIOLATED)
   u_NV_NVDLA_cmac/u_core/u_mac_5/u_exp/exp_sft_09_reg_1_/D
                              3.8878         4.0748 r      -0.1870  (VIOLATED)
   u_NV_NVDLA_cmac/u_core/u_mac_5/u_exp/exp_sft_29_reg_0_/D
                              3.8889         4.0759 r      -0.1870  (VIOLATED)
   u_NV_NVDLA_cmac/u_core/u_mac_5/u_exp/exp_sft_26_reg_0_/D
                              3.8886         4.0755 r      -0.1869  (VIOLATED)
   u_NV_NVDLA_cmac/u_core/u_mac_6/u_exp/exp_sft_48_reg_0_/D
                              3.8906         4.0775 r      -0.1868  (VIOLATED)
   u_NV_NVDLA_cmac/u_core/u_mac_7/u_exp/exp_sft_33_reg_1_/D
                              3.8909         4.0778 r      -0.1868  (VIOLATED)
   u_NV_NVDLA_cmac/u_core/u_mac_3/u_exp/exp_sft_10_reg_2_/D
                              3.8886         4.0754 r      -0.1868  (VIOLATED)
   u_NV_NVDLA_cmac/u_core/u_mac_0/u_exp/exp_sft_56_reg_3_/D
                              3.8887         4.0755 r      -0.1867  (VIOLATED)
   u_NV_NVDLA_cmac/u_core/u_mac_1/u_exp/exp_sft_11_reg_2_/D
                              3.8906         4.0772 r      -0.1867  (VIOLATED)
   u_NV_NVDLA_cmac/u_core/u_mac_5/u_exp/exp_sft_21_reg_1_/D
                              3.8879         4.0745 r      -0.1866  (VIOLATED)
   u_NV_NVDLA_cmac/u_core/u_mac_5/u_exp/exp_sft_06_reg_0_/D
                              3.8887         4.0753 r      -0.1866  (VIOLATED)
   u_NV_NVDLA_cmac/u_core/u_mac_3/u_exp/exp_sft_27_reg_3_/D
                              3.8964         4.0828 f      -0.1865  (VIOLATED)
   u_NV_NVDLA_cmac/u_core/u_mac_5/u_exp/exp_sft_08_reg_2_/D
                              3.9012         4.0877 f      -0.1864  (VIOLATED)
   u_NV_NVDLA_cmac/u_core/u_mac_3/u_exp/exp_sft_56_reg_3_/D
                              3.8906         4.0770 r      -0.1864  (VIOLATED)
   u_NV_NVDLA_cmac/u_core/u_mac_5/u_exp/exp_sft_09_reg_2_/D
                              3.8998         4.0861 f      -0.1863  (VIOLATED)
   u_NV_NVDLA_cmac/u_core/u_mac_7/u_exp/exp_sft_13_reg_0_/D
                              3.8810         4.0672 r      -0.1863  (VIOLATED)
   u_NV_NVDLA_cmac/u_core/u_mac_5/u_exp/exp_sft_33_reg_0_/D
                              3.8888         4.0751 r      -0.1862  (VIOLATED)
   u_NV_NVDLA_cmac/u_core/u_mac_4/u_exp/exp_sft_60_reg_2_/D
                              3.8883         4.0745 r      -0.1862  (VIOLATED)
   u_NV_NVDLA_cmac/u_core/u_mac_5/u_exp/exp_sft_56_reg_1_/D
                              3.8871         4.0733 r      -0.1862  (VIOLATED)
   u_NV_NVDLA_cmac/u_core/u_mac_7/u_exp/exp_sft_29_reg_3_/D
                              3.8889         4.0751 r      -0.1862  (VIOLATED)
   u_NV_NVDLA_cmac/u_core/u_mac_5/u_exp/exp_sft_15_reg_3_/D
                              3.8886         4.0747 r      -0.1862  (VIOLATED)
   u_NV_NVDLA_cmac/u_core/u_mac_1/u_exp/exp_sft_34_reg_2_/D
                              3.8906         4.0768 r      -0.1861  (VIOLATED)
   u_NV_NVDLA_cmac/u_core/u_mac_3/u_exp/exp_sft_59_reg_2_/D
                              3.8876         4.0737 r      -0.1861  (VIOLATED)
   u_NV_NVDLA_cmac/u_core/u_mac_5/u_exp/exp_sft_18_reg_1_/D
                              3.8881         4.0742 r      -0.1861  (VIOLATED)
   u_NV_NVDLA_cmac/u_core/u_mac_7/u_exp/exp_sft_23_reg_0_/D
                              3.8884         4.0744 r      -0.1861  (VIOLATED)
   u_NV_NVDLA_cmac/u_core/u_mac_6/u_exp/exp_sft_44_reg_2_/D
                              3.8969         4.0829 f      -0.1860  (VIOLATED)
   u_NV_NVDLA_cmac/u_core/u_mac_5/u_exp/exp_sft_07_reg_1_/D
                              3.8809         4.0669 r      -0.1860  (VIOLATED)
   u_NV_NVDLA_cmac/u_core/u_mac_7/u_exp/exp_sft_17_reg_0_/D
                              3.8813         4.0672 r      -0.1859  (VIOLATED)
   u_NV_NVDLA_cmac/u_core/u_mac_7/u_exp/exp_sft_25_reg_1_/D
                              3.8812         4.0670 r      -0.1858  (VIOLATED)
   u_NV_NVDLA_cmac/u_core/u_mac_5/u_exp/exp_sft_50_reg_0_/D
                              3.8904         4.0763 r      -0.1858  (VIOLATED)
   u_NV_NVDLA_cmac/u_core/u_mac_0/u_exp/exp_sft_53_reg_2_/D
                              3.8906         4.0764 r      -0.1858  (VIOLATED)
   u_NV_NVDLA_cmac/u_core/u_mac_1/u_exp/exp_sft_25_reg_2_/D
                              3.9012         4.0870 f      -0.1858  (VIOLATED)
   u_NV_NVDLA_cmac/u_core/u_mac_5/u_exp/exp_sft_58_reg_0_/D
                              3.8906         4.0764 r      -0.1858  (VIOLATED)
   u_NV_NVDLA_cmac/u_core/u_mac_5/u_exp/exp_sft_48_reg_0_/D
                              3.8903         4.0761 r      -0.1858  (VIOLATED)
   u_NV_NVDLA_cmac/u_core/u_mac_3/u_exp/exp_sft_39_reg_2_/D
                              3.8906         4.0763 r      -0.1857  (VIOLATED)
   u_NV_NVDLA_cmac/u_core/u_mac_5/u_exp/exp_sft_22_reg_0_/D
                              3.8889         4.0746 r      -0.1857  (VIOLATED)
   u_NV_NVDLA_cmac/u_core/u_mac_7/u_exp/exp_sft_22_reg_0_/D
                              3.8883         4.0739 r      -0.1857  (VIOLATED)
   u_NV_NVDLA_cmac/u_core/u_mac_7/u_exp/exp_sft_60_reg_2_/D
                              3.8911         4.0767 r      -0.1857  (VIOLATED)
   u_NV_NVDLA_cmac/u_core/u_mac_2/u_exp/exp_sft_17_reg_0_/D
                              3.8904         4.0761 r      -0.1857  (VIOLATED)
   u_NV_NVDLA_cmac/u_core/u_mac_1/u_exp/exp_sft_45_reg_2_/D
                              3.8905         4.0761 r      -0.1855  (VIOLATED)
   u_NV_NVDLA_cmac/u_core/u_mac_6/u_exp/exp_sft_09_reg_0_/D
                              3.8956         4.0812 f      -0.1855  (VIOLATED)
   u_NV_NVDLA_cmac/u_core/u_mac_7/u_exp/exp_sft_28_reg_3_/D
                              3.8890         4.0745 r      -0.1855  (VIOLATED)
   u_NV_NVDLA_cmac/u_core/u_mac_5/u_exp/exp_sft_12_reg_0_/D
                              3.8905         4.0760 r      -0.1855  (VIOLATED)
   u_NV_NVDLA_cmac/u_core/u_mac_5/u_exp/exp_sft_48_reg_3_/D
                              3.8811         4.0665 r      -0.1855  (VIOLATED)
   u_NV_NVDLA_cmac/u_core/u_mac_5/u_exp/exp_sft_31_reg_1_/D
                              3.8882         4.0736 r      -0.1854  (VIOLATED)
   u_NV_NVDLA_cmac/u_core/u_mac_4/u_exp/exp_sft_52_reg_0_/D
                              3.8828         4.0682 r      -0.1854  (VIOLATED)
   u_NV_NVDLA_cmac/u_core/u_mac_2/u_exp/exp_sft_09_reg_2_/D
                              3.8906         4.0760 r      -0.1854  (VIOLATED)
   u_NV_NVDLA_cmac/u_core/u_mac_5/u_exp/exp_sft_51_reg_3_/D
                              3.8809         4.0663 r      -0.1854  (VIOLATED)
   u_NV_NVDLA_cmac/u_core/u_mac_2/u_exp/exp_sft_13_reg_0_/D
                              3.8906         4.0760 r      -0.1854  (VIOLATED)
   u_NV_NVDLA_cmac/u_core/u_mac_4/u_exp/exp_sft_39_reg_0_/D
                              3.8826         4.0679 r      -0.1853  (VIOLATED)
   u_NV_NVDLA_cmac/u_core/u_mac_5/u_exp/exp_sft_36_reg_2_/D
                              3.8884         4.0737 r      -0.1853  (VIOLATED)
   u_NV_NVDLA_cmac/u_core/u_mac_0/u_exp/exp_sft_56_reg_2_/D
                              3.8881         4.0734 r      -0.1853  (VIOLATED)
   u_NV_NVDLA_cmac/u_core/u_mac_1/u_exp/exp_sft_41_reg_2_/D
                              3.8906         4.0759 r      -0.1853  (VIOLATED)
   u_NV_NVDLA_cmac/u_core/u_mac_7/u_exp/exp_sft_41_reg_2_/D
                              3.8903         4.0755 r      -0.1852  (VIOLATED)
   u_NV_NVDLA_cmac/u_core/u_mac_5/u_exp/exp_sft_19_reg_1_/D
                              3.8878         4.0730 r      -0.1852  (VIOLATED)
   u_NV_NVDLA_cmac/u_core/u_mac_1/u_exp/exp_sft_61_reg_0_/D
                              3.8885         4.0737 r      -0.1852  (VIOLATED)
   u_NV_NVDLA_cmac/u_core/u_mac_5/u_exp/exp_sft_63_reg_0_/D
                              3.8886         4.0738 r      -0.1852  (VIOLATED)
   u_NV_NVDLA_cmac/u_core/u_mac_6/u_exp/exp_sft_28_reg_1_/D
                              3.8815         4.0667 r      -0.1852  (VIOLATED)
   u_NV_NVDLA_cmac/u_core/u_mac_3/u_exp/exp_sft_08_reg_3_/D
                              3.8827         4.0678 r      -0.1851  (VIOLATED)
   u_NV_NVDLA_cmac/u_core/u_mac_2/u_exp/exp_sft_04_reg_2_/D
                              3.8900         4.0751 f      -0.1851  (VIOLATED)
   u_NV_NVDLA_cmac/u_core/u_mac_6/u_exp/exp_sft_54_reg_3_/D
                              3.8889         4.0741 r      -0.1851  (VIOLATED)
   u_NV_NVDLA_cmac/u_core/u_mac_2/u_exp/exp_sft_63_reg_0_/D
                              3.8905         4.0756 r      -0.1850  (VIOLATED)
   u_NV_NVDLA_cmac/u_core/u_mac_2/u_exp/exp_sft_38_reg_0_/D
                              3.8904         4.0755 r      -0.1850  (VIOLATED)
   u_NV_NVDLA_cmac/u_core/u_mac_3/u_exp/exp_sft_60_reg_3_/D
                              3.8906         4.0754 r      -0.1849  (VIOLATED)
   u_NV_NVDLA_cmac/u_core/u_mac_6/u_exp/exp_sft_45_reg_0_/D
                              3.8824         4.0673 r      -0.1849  (VIOLATED)
   u_NV_NVDLA_cmac/u_core/u_mac_6/u_exp/exp_sft_17_reg_0_/D
                              3.8904         4.0753 r      -0.1848  (VIOLATED)
   u_NV_NVDLA_cmac/u_core/u_mac_6/u_exp/exp_sft_49_reg_0_/D
                              3.8906         4.0754 r      -0.1848  (VIOLATED)
   u_NV_NVDLA_cmac/u_core/u_mac_5/u_exp/exp_sft_35_reg_0_/D
                              3.8810         4.0658 r      -0.1848  (VIOLATED)
   u_NV_NVDLA_cmac/u_core/u_mac_3/u_exp/exp_sft_07_reg_3_/D
                              3.8890         4.0738 r      -0.1848  (VIOLATED)
   u_NV_NVDLA_cmac/u_core/u_mac_2/u_exp/exp_sft_37_reg_0_/D
                              3.8905         4.0752 r      -0.1848  (VIOLATED)
   u_NV_NVDLA_cmac/u_core/u_mac_6/u_exp/exp_sft_42_reg_3_/D
                              3.8889         4.0737 r      -0.1848  (VIOLATED)
   u_NV_NVDLA_cmac/u_core/u_mac_5/u_exp/exp_sft_36_reg_0_/D
                              3.8809         4.0656 r      -0.1848  (VIOLATED)
   u_NV_NVDLA_cmac/u_core/u_mac_4/u_exp/exp_sft_43_reg_3_/D
                              3.8906         4.0753 r      -0.1848  (VIOLATED)
   u_NV_NVDLA_cmac/u_core/u_mac_1/u_exp/exp_sft_47_reg_3_/D
                              3.8906         4.0753 r      -0.1847  (VIOLATED)
   u_NV_NVDLA_cmac/u_core/u_mac_2/u_exp/exp_sft_00_reg_0_/D
                              3.8906         4.0753 r      -0.1847  (VIOLATED)
   u_NV_NVDLA_cmac/u_core/u_mac_0/u_exp/exp_sft_24_reg_3_/D
                              3.8887         4.0734 r      -0.1847  (VIOLATED)
   u_NV_NVDLA_cmac/u_core/u_mac_2/u_exp/exp_sft_49_reg_0_/D
                              3.8902         4.0749 r      -0.1846  (VIOLATED)
   u_NV_NVDLA_cmac/u_core/u_mac_2/u_exp/exp_sft_42_reg_0_/D
                              3.8903         4.0749 r      -0.1846  (VIOLATED)
   u_NV_NVDLA_cmac/u_core/u_mac_2/u_exp/exp_sft_36_reg_0_/D
                              3.8905         4.0750 r      -0.1846  (VIOLATED)
   u_NV_NVDLA_cmac/u_core/u_mac_0/u_exp/exp_sft_10_reg_2_/D
                              3.8905         4.0750 r      -0.1846  (VIOLATED)
   u_NV_NVDLA_cmac/u_core/u_mac_7/u_exp/exp_sft_12_reg_3_/D
                              3.8905         4.0751 r      -0.1845  (VIOLATED)
   u_NV_NVDLA_cmac/u_core/u_mac_5/u_exp/exp_sft_38_reg_0_/D
                              3.8807         4.0652 r      -0.1845  (VIOLATED)
   u_NV_NVDLA_cmac/u_core/u_mac_3/u_exp/exp_sft_19_reg_3_/D
                              3.9009         4.0854 f      -0.1845  (VIOLATED)
   u_NV_NVDLA_cmac/u_core/u_mac_6/u_exp/exp_sft_03_reg_0_/D
                              3.8905         4.0749 r      -0.1844  (VIOLATED)
   u_NV_NVDLA_cmac/u_core/u_mac_5/u_exp/exp_sft_22_reg_2_/D
                              3.8887         4.0731 r      -0.1844  (VIOLATED)
   u_NV_NVDLA_cmac/u_core/u_mac_3/u_exp/exp_sft_06_reg_2_/D
                              3.8905         4.0749 r      -0.1844  (VIOLATED)
   u_NV_NVDLA_cmac/u_core/u_mac_4/u_exp/exp_sft_14_reg_2_/D
                              3.8889         4.0732 r      -0.1844  (VIOLATED)
   u_NV_NVDLA_cmac/u_core/u_mac_2/u_exp/exp_sft_04_reg_0_/D
                              3.8905         4.0748 r      -0.1843  (VIOLATED)
   u_NV_NVDLA_cmac/u_core/u_mac_2/u_exp/exp_sft_39_reg_0_/D
                              3.8904         4.0747 r      -0.1843  (VIOLATED)
   u_NV_NVDLA_cmac/u_core/u_mac_1/u_exp/exp_sft_14_reg_2_/D
                              3.9009         4.0852 f      -0.1843  (VIOLATED)
   u_NV_NVDLA_cmac/u_core/u_mac_4/u_exp/exp_sft_03_reg_3_/D
                              3.9009         4.0852 f      -0.1843  (VIOLATED)
   u_NV_NVDLA_cmac/u_core/u_mac_3/u_exp/exp_sft_60_reg_2_/D
                              3.8868         4.0710 r      -0.1842  (VIOLATED)
   u_NV_NVDLA_cmac/u_core/u_mac_1/u_exp/exp_sft_51_reg_3_/D
                              3.8999         4.0841 f      -0.1842  (VIOLATED)
   u_NV_NVDLA_cmac/u_core/u_mac_7/u_exp/exp_sft_00_reg_2_/D
                              3.9011         4.0852 f      -0.1842  (VIOLATED)
   u_NV_NVDLA_cmac/u_core/u_mac_3/u_exp/exp_sft_15_reg_3_/D
                              3.9006         4.0848 f      -0.1841  (VIOLATED)
   u_NV_NVDLA_cmac/u_core/u_mac_5/u_exp/exp_sft_50_reg_3_/D
                              3.8886         4.0727 r      -0.1841  (VIOLATED)
   u_NV_NVDLA_cmac/u_core/u_mac_2/u_exp/exp_sft_02_reg_0_/D
                              3.8905         4.0746 r      -0.1841  (VIOLATED)
   u_NV_NVDLA_cmac/u_core/u_mac_3/u_exp/exp_sft_58_reg_3_/D
                              3.8904         4.0745 r      -0.1841  (VIOLATED)
   u_NV_NVDLA_cmac/u_core/u_mac_2/u_exp/exp_sft_47_reg_0_/D
                              3.8906         4.0747 r      -0.1840  (VIOLATED)
   u_NV_NVDLA_cmac/u_core/u_mac_2/u_exp/exp_sft_53_reg_0_/D
                              3.8906         4.0746 r      -0.1840  (VIOLATED)
   u_NV_NVDLA_cmac/u_core/u_mac_1/u_exp/exp_sft_29_reg_3_/D
                              3.8825         4.0665 r      -0.1840  (VIOLATED)
   u_NV_NVDLA_cmac/u_core/u_mac_2/u_exp/exp_sft_60_reg_0_/D
                              3.8904         4.0743 r      -0.1840  (VIOLATED)
   u_NV_NVDLA_cmac/u_core/u_mac_5/u_exp/exp_sft_21_reg_2_/D
                              3.8890         4.0730 r      -0.1840  (VIOLATED)
   u_NV_NVDLA_cmac/u_core/u_mac_1/u_exp/exp_sft_04_reg_2_/D
                              3.8890         4.0729 r      -0.1839  (VIOLATED)
   u_NV_NVDLA_cmac/u_core/u_mac_5/u_exp/exp_sft_40_reg_1_/D
                              3.8853         4.0691 r      -0.1839  (VIOLATED)
   u_NV_NVDLA_cmac/u_core/u_mac_0/u_exp/exp_sft_33_reg_3_/D
                              3.8944         4.0782 f      -0.1839  (VIOLATED)
   u_NV_NVDLA_cmac/u_core/u_mac_2/u_exp/exp_sft_40_reg_0_/D
                              3.8904         4.0742 r      -0.1839  (VIOLATED)
   u_NV_NVDLA_cmac/u_core/u_mac_1/u_exp/exp_sft_26_reg_2_/D
                              3.9011         4.0849 f      -0.1838  (VIOLATED)
   u_NV_NVDLA_cmac/u_core/u_mac_4/u_exp/exp_sft_02_reg_0_/D
                              3.8826         4.0664 r      -0.1838  (VIOLATED)
   u_NV_NVDLA_cmac/u_core/u_mac_6/u_exp/exp_sft_33_reg_3_/D
                              3.8809         4.0646 r      -0.1838  (VIOLATED)
   u_NV_NVDLA_cmac/u_core/u_mac_0/u_exp/exp_sft_57_reg_3_/D
                              3.8888         4.0725 r      -0.1837  (VIOLATED)
   u_NV_NVDLA_cmac/u_core/u_mac_4/u_exp/exp_sft_04_reg_0_/D
                              3.8826         4.0663 r      -0.1836  (VIOLATED)
   u_NV_NVDLA_cmac/u_core/u_mac_2/u_exp/exp_sft_25_reg_0_/D
                              3.8906         4.0742 r      -0.1836  (VIOLATED)
   u_NV_NVDLA_cmac/u_core/u_mac_6/u_exp/exp_sft_28_reg_0_/D
                              3.8828         4.0664 r      -0.1836  (VIOLATED)
   u_NV_NVDLA_cmac/u_core/u_mac_6/u_exp/exp_sft_32_reg_2_/D
                              3.9000         4.0836 f      -0.1836  (VIOLATED)
   u_NV_NVDLA_cmac/u_core/u_mac_2/u_exp/exp_sft_51_reg_0_/D
                              3.8904         4.0740 r      -0.1836  (VIOLATED)
   u_NV_NVDLA_cmac/u_core/u_mac_5/u_exp/exp_sft_23_reg_2_/D
                              3.8885         4.0721 r      -0.1836  (VIOLATED)
   u_NV_NVDLA_cmac/u_core/u_mac_6/u_exp/exp_sft_53_reg_0_/D
                              3.8905         4.0740 r      -0.1835  (VIOLATED)
   u_NV_NVDLA_cmac/u_core/u_mac_5/u_exp/exp_sft_53_reg_0_/D
                              3.8905         4.0740 r      -0.1835  (VIOLATED)
   u_NV_NVDLA_cmac/u_core/u_mac_0/u_exp/exp_sft_58_reg_1_/D
                              3.8885         4.0720 r      -0.1835  (VIOLATED)
   u_NV_NVDLA_cmac/u_core/u_mac_2/u_exp/exp_sft_46_reg_0_/D
                              3.8905         4.0739 r      -0.1835  (VIOLATED)
   u_NV_NVDLA_cmac/u_core/u_mac_6/u_exp/exp_sft_55_reg_0_/D
                              3.8904         4.0738 r      -0.1834  (VIOLATED)
   u_NV_NVDLA_cmac/u_core/u_mac_4/u_exp/exp_sft_13_reg_3_/D
                              3.8904         4.0739 r      -0.1834  (VIOLATED)
   u_NV_NVDLA_cmac/u_core/u_mac_0/u_exp/exp_sft_58_reg_0_/D
                              3.8810         4.0644 r      -0.1834  (VIOLATED)
   u_NV_NVDLA_cmac/u_core/u_mac_0/u_exp/exp_sft_61_reg_0_/D
                              3.8809         4.0643 r      -0.1834  (VIOLATED)
   u_NV_NVDLA_cmac/u_core/u_mac_4/u_exp/exp_sft_06_reg_0_/D
                              3.8827         4.0661 r      -0.1834  (VIOLATED)
   u_NV_NVDLA_cmac/u_core/u_mac_4/u_exp/exp_sft_04_reg_3_/D
                              3.8775         4.0609 r      -0.1834  (VIOLATED)
   u_NV_NVDLA_cmac/u_core/u_mac_1/u_exp/exp_sft_30_reg_2_/D
                              3.9011         4.0845 f      -0.1834  (VIOLATED)
   u_NV_NVDLA_cmac/u_core/u_mac_1/u_exp/exp_sft_53_reg_3_/D
                              3.8903         4.0737 r      -0.1834  (VIOLATED)
   u_NV_NVDLA_cmac/u_core/u_mac_2/u_exp/exp_sft_03_reg_0_/D
                              3.8906         4.0739 r      -0.1833  (VIOLATED)
   u_NV_NVDLA_cmac/u_core/u_mac_1/u_exp/exp_sft_57_reg_0_/D
                              3.8886         4.0719 r      -0.1833  (VIOLATED)
   u_NV_NVDLA_cmac/u_core/u_mac_2/u_exp/exp_sft_05_reg_0_/D
                              3.8905         4.0738 r      -0.1833  (VIOLATED)
   u_NV_NVDLA_cmac/u_core/u_mac_7/u_exp/exp_sft_46_reg_3_/D
                              3.8948         4.0781 f      -0.1833  (VIOLATED)
   u_NV_NVDLA_cmac/u_core/u_mac_4/u_exp/exp_sft_37_reg_0_/D
                              3.8825         4.0657 r      -0.1832  (VIOLATED)
   u_NV_NVDLA_cmac/u_core/u_mac_2/u_exp/exp_sft_41_reg_0_/D
                              3.8906         4.0738 r      -0.1832  (VIOLATED)
   u_NV_NVDLA_cmac/u_core/u_mac_2/u_exp/exp_sft_09_reg_0_/D
                              3.8904         4.0735 r      -0.1831  (VIOLATED)
   u_NV_NVDLA_cmac/u_core/u_mac_7/u_exp/exp_sft_18_reg_1_/D
                              3.8882         4.0714 r      -0.1831  (VIOLATED)
   u_NV_NVDLA_cmac/u_core/u_mac_4/u_exp/exp_sft_58_reg_3_/D
                              3.8888         4.0719 r      -0.1831  (VIOLATED)
   u_NV_NVDLA_cmac/u_core/u_mac_6/u_exp/exp_sft_23_reg_3_/D
                              3.8905         4.0736 r      -0.1831  (VIOLATED)
   u_NV_NVDLA_cmac/u_core/u_mac_6/u_exp/exp_sft_27_reg_3_/D
                              3.8905         4.0735 r      -0.1831  (VIOLATED)
   u_NV_NVDLA_cmac/u_core/u_mac_5/u_exp/exp_sft_19_reg_0_/D
                              3.8888         4.0719 r      -0.1831  (VIOLATED)
   u_NV_NVDLA_cmac/u_core/u_mac_6/u_exp/exp_sft_26_reg_3_/D
                              3.8904         4.0735 r      -0.1830  (VIOLATED)
   u_NV_NVDLA_cmac/u_core/u_mac_5/u_exp/exp_sft_57_reg_2_/D
                              3.8906         4.0736 r      -0.1830  (VIOLATED)
   u_NV_NVDLA_cmac/u_core/u_mac_2/u_exp/exp_sft_33_reg_0_/D
                              3.8905         4.0735 r      -0.1830  (VIOLATED)
   u_NV_NVDLA_cmac/u_core/u_mac_5/u_exp/exp_sft_27_reg_1_/D
                              3.8884         4.0714 r      -0.1830  (VIOLATED)
   u_NV_NVDLA_cmac/u_core/u_mac_2/u_exp/exp_sft_59_reg_0_/D
                              3.8904         4.0734 r      -0.1830  (VIOLATED)
   u_NV_NVDLA_cmac/u_core/u_mac_2/u_exp/exp_sft_55_reg_0_/D
                              3.8904         4.0734 r      -0.1830  (VIOLATED)
   u_NV_NVDLA_cmac/u_core/u_mac_2/u_exp/exp_sft_07_reg_0_/D
                              3.8907         4.0736 r      -0.1829  (VIOLATED)
   u_NV_NVDLA_cmac/u_core/u_mac_2/u_exp/exp_sft_44_reg_0_/D
                              3.8904         4.0734 r      -0.1829  (VIOLATED)
   u_NV_NVDLA_cmac/u_core/u_mac_7/u_exp/exp_sft_01_reg_0_/D
                              3.8890         4.0718 r      -0.1829  (VIOLATED)
   u_NV_NVDLA_cmac/u_core/u_mac_0/u_exp/exp_sft_57_reg_0_/D
                              3.8811         4.0640 r      -0.1829  (VIOLATED)
   u_NV_NVDLA_cmac/u_core/u_mac_2/u_exp/exp_sft_28_reg_0_/D
                              3.8905         4.0734 r      -0.1829  (VIOLATED)
   u_NV_NVDLA_cmac/u_core/u_mac_4/u_exp/exp_sft_55_reg_0_/D
                              3.8826         4.0655 r      -0.1829  (VIOLATED)
   u_NV_NVDLA_cmac/u_core/u_mac_6/u_exp/exp_sft_23_reg_0_/D
                              3.8907         4.0736 r      -0.1829  (VIOLATED)
   u_NV_NVDLA_cmac/u_core/u_mac_0/u_exp/exp_sft_19_reg_3_/D
                              3.8810         4.0639 r      -0.1828  (VIOLATED)
   u_NV_NVDLA_cmac/u_core/u_mac_5/u_exp/exp_sft_39_reg_1_/D
                              3.8884         4.0712 r      -0.1828  (VIOLATED)
   u_NV_NVDLA_cmac/u_core/u_mac_7/u_exp/exp_sft_06_reg_3_/D
                              3.8905         4.0733 r      -0.1828  (VIOLATED)
   u_NV_NVDLA_cmac/u_core/u_mac_2/u_exp/exp_sft_06_reg_0_/D
                              3.8902         4.0730 r      -0.1827  (VIOLATED)
   u_NV_NVDLA_cmac/u_core/u_mac_2/u_exp/exp_sft_63_reg_1_/D
                              3.8902         4.0729 f      -0.1827  (VIOLATED)
   u_NV_NVDLA_cmac/u_core/u_mac_6/u_exp/exp_sft_32_reg_1_/D
                              3.8892         4.0719 r      -0.1827  (VIOLATED)
   u_NV_NVDLA_cmac/u_core/u_mac_4/u_exp/exp_sft_03_reg_0_/D
                              3.8828         4.0654 r      -0.1827  (VIOLATED)
   u_NV_NVDLA_cmac/u_core/u_mac_6/u_exp/exp_sft_51_reg_0_/D
                              3.8906         4.0732 r      -0.1826  (VIOLATED)
   u_NV_NVDLA_cmac/u_core/u_mac_0/u_exp/exp_sft_63_reg_2_/D
                              3.8893         4.0719 r      -0.1826  (VIOLATED)
   u_NV_NVDLA_cmac/u_core/u_mac_3/u_exp/exp_sft_59_reg_3_/D
                              3.8906         4.0732 r      -0.1825  (VIOLATED)
   u_NV_NVDLA_cmac/u_core/u_mac_2/u_exp/exp_sft_01_reg_1_/D
                              3.8904         4.0729 r      -0.1825  (VIOLATED)
   u_NV_NVDLA_cmac/u_core/u_mac_5/u_exp/exp_sft_17_reg_3_/D
                              3.8903         4.0729 r      -0.1825  (VIOLATED)
   u_NV_NVDLA_cmac/u_core/u_mac_2/u_exp/exp_sft_26_reg_0_/D
                              3.8905         4.0730 r      -0.1825  (VIOLATED)
   u_NV_NVDLA_cmac/u_core/u_mac_1/u_exp/exp_sft_20_reg_3_/D
                              3.8826         4.0651 r      -0.1825  (VIOLATED)
   u_NV_NVDLA_cmac/u_core/u_mac_5/u_exp/exp_sft_39_reg_0_/D
                              3.8887         4.0712 r      -0.1825  (VIOLATED)
   u_NV_NVDLA_cmac/u_core/u_mac_6/u_exp/exp_sft_36_reg_0_/D
                              3.8894         4.0719 r      -0.1825  (VIOLATED)
   u_NV_NVDLA_cmac/u_core/u_mac_7/u_exp/exp_sft_21_reg_0_/D
                              3.8890         4.0714 r      -0.1825  (VIOLATED)
   u_NV_NVDLA_cmac/u_core/u_mac_6/u_exp/exp_sft_62_reg_0_/D
                              3.8905         4.0730 r      -0.1824  (VIOLATED)
   u_NV_NVDLA_cmac/u_core/u_mac_5/u_exp/exp_sft_51_reg_0_/D
                              3.8906         4.0730 r      -0.1824  (VIOLATED)
   u_NV_NVDLA_cmac/u_core/u_mac_6/u_exp/exp_sft_12_reg_1_/D
                              3.8893         4.0717 r      -0.1824  (VIOLATED)
   u_NV_NVDLA_cmac/u_core/u_mac_5/u_exp/exp_sft_41_reg_0_/D
                              3.8890         4.0714 r      -0.1824  (VIOLATED)
   u_NV_NVDLA_cmac/u_core/u_mac_0/u_exp/exp_sft_59_reg_0_/D
                              3.8810         4.0634 r      -0.1824  (VIOLATED)
   u_NV_NVDLA_cmac/u_core/u_mac_2/u_exp/exp_sft_14_reg_0_/D
                              3.8906         4.0730 r      -0.1824  (VIOLATED)
   u_NV_NVDLA_cmac/u_core/u_mac_4/u_exp/exp_sft_01_reg_0_/D
                              3.8828         4.0651 r      -0.1824  (VIOLATED)
   u_NV_NVDLA_cmac/u_core/u_mac_7/u_exp/exp_sft_53_reg_3_/D
                              3.8889         4.0712 r      -0.1823  (VIOLATED)
   u_NV_NVDLA_cmac/u_core/u_mac_2/u_exp/exp_sft_56_reg_0_/D
                              3.8904         4.0727 r      -0.1823  (VIOLATED)
   u_NV_NVDLA_cmac/u_core/u_mac_2/u_exp/exp_sft_50_reg_0_/D
                              3.8906         4.0729 r      -0.1823  (VIOLATED)
   u_NV_NVDLA_cmac/u_core/u_mac_5/u_exp/exp_sft_13_reg_0_/D
                              3.8905         4.0728 r      -0.1822  (VIOLATED)
   u_NV_NVDLA_cmac/u_core/u_mac_7/u_exp/exp_sft_33_reg_0_/D
                              3.8885         4.0707 r      -0.1822  (VIOLATED)
   u_NV_NVDLA_cmac/u_core/u_mac_5/u_exp/exp_sft_12_reg_3_/D
                              3.8906         4.0727 r      -0.1822  (VIOLATED)
   u_NV_NVDLA_cmac/u_core/u_mac_2/u_exp/exp_sft_45_reg_0_/D
                              3.8906         4.0727 r      -0.1822  (VIOLATED)
   u_NV_NVDLA_cmac/u_core/u_mac_6/u_exp/exp_sft_58_reg_3_/D
                              3.8907         4.0728 r      -0.1821  (VIOLATED)
   u_NV_NVDLA_cmac/u_core/u_mac_7/u_exp/exp_sft_44_reg_2_/D
                              3.8905         4.0726 r      -0.1821  (VIOLATED)
   u_NV_NVDLA_cmac/u_core/u_mac_5/u_exp/exp_sft_19_reg_2_/D
                              3.8886         4.0707 r      -0.1821  (VIOLATED)
   u_NV_NVDLA_cmac/u_core/u_mac_7/u_exp/exp_sft_23_reg_1_/D
                              3.8881         4.0702 r      -0.1821  (VIOLATED)
   u_NV_NVDLA_cmac/u_core/u_mac_2/u_exp/exp_sft_01_reg_0_/D
                              3.8906         4.0726 r      -0.1820  (VIOLATED)
   u_NV_NVDLA_cmac/u_core/u_mac_5/u_exp/exp_sft_35_reg_1_/D
                              3.8882         4.0702 r      -0.1820  (VIOLATED)
   u_NV_NVDLA_cmac/u_core/u_mac_6/u_exp/exp_sft_52_reg_0_/D
                              3.8906         4.0726 r      -0.1820  (VIOLATED)
   u_NV_NVDLA_cmac/u_core/u_mac_5/u_exp/exp_sft_43_reg_1_/D
                              3.8879         4.0698 r      -0.1819  (VIOLATED)
   u_NV_NVDLA_cmac/u_core/u_mac_2/u_exp/exp_sft_20_reg_0_/D
                              3.8904         4.0723 r      -0.1819  (VIOLATED)
   u_NV_NVDLA_cmac/u_core/u_mac_7/u_exp/exp_sft_52_reg_3_/D
                              3.9001         4.0819 f      -0.1818  (VIOLATED)
   u_NV_NVDLA_cmac/u_core/u_mac_2/u_exp/exp_sft_34_reg_0_/D
                              3.8906         4.0723 r      -0.1817  (VIOLATED)
   u_NV_NVDLA_cmac/u_core/u_mac_7/u_exp/exp_sft_15_reg_0_/D
                              3.8814         4.0631 r      -0.1817  (VIOLATED)
   u_NV_NVDLA_cmac/u_core/u_mac_2/u_exp/exp_sft_54_reg_0_/D
                              3.8906         4.0723 r      -0.1817  (VIOLATED)
   u_NV_NVDLA_cmac/u_core/u_mac_5/u_exp/exp_sft_31_reg_3_/D
                              3.8904         4.0721 r      -0.1817  (VIOLATED)
   u_NV_NVDLA_cmac/u_core/u_mac_4/u_exp/exp_sft_04_reg_2_/D
                              3.8888         4.0705 r      -0.1817  (VIOLATED)
   u_NV_NVDLA_cmac/u_core/u_mac_2/u_exp/exp_sft_27_reg_0_/D
                              3.8906         4.0722 r      -0.1816  (VIOLATED)
   u_NV_NVDLA_cmac/u_core/u_mac_1/u_exp/exp_sft_33_reg_2_/D
                              3.9012         4.0829 f      -0.1816  (VIOLATED)
   u_NV_NVDLA_cmac/u_core/u_mac_7/u_exp/exp_sft_29_reg_0_/D
                              3.8888         4.0704 r      -0.1816  (VIOLATED)
   u_NV_NVDLA_cmac/u_core/u_mac_5/u_exp/exp_sft_21_reg_0_/D
                              3.8889         4.0705 r      -0.1816  (VIOLATED)
   u_NV_NVDLA_cmac/u_core/u_mac_1/u_exp/exp_sft_47_reg_0_/D
                              3.8826         4.0641 r      -0.1816  (VIOLATED)
   u_NV_NVDLA_cmac/u_core/u_mac_2/u_exp/exp_sft_58_reg_0_/D
                              3.8907         4.0722 r      -0.1815  (VIOLATED)
   u_NV_NVDLA_cmac/u_core/u_mac_6/u_exp/exp_sft_01_reg_3_/D
                              3.8875         4.0690 r      -0.1815  (VIOLATED)
   u_NV_NVDLA_cmac/u_core/u_mac_6/u_exp/exp_sft_35_reg_2_/D
                              3.9012         4.0827 f      -0.1815  (VIOLATED)
   u_NV_NVDLA_cmac/u_core/u_mac_5/u_exp/exp_sft_02_reg_0_/D
                              3.8887         4.0702 r      -0.1815  (VIOLATED)
   u_NV_NVDLA_cmac/u_core/u_mac_2/u_exp/exp_sft_11_reg_0_/D
                              3.8905         4.0720 r      -0.1815  (VIOLATED)
   u_NV_NVDLA_cmac/u_core/u_mac_2/u_exp/exp_sft_04_reg_1_/D
                              3.8893         4.0707 r      -0.1815  (VIOLATED)
   u_NV_NVDLA_cmac/u_core/u_mac_5/u_exp/exp_sft_38_reg_2_/D
                              3.8888         4.0702 r      -0.1815  (VIOLATED)
   u_NV_NVDLA_cmac/u_core/u_mac_2/u_exp/exp_sft_30_reg_0_/D
                              3.8907         4.0721 r      -0.1814  (VIOLATED)
   u_NV_NVDLA_cmac/u_core/u_mac_2/u_exp/exp_sft_24_reg_0_/D
                              3.8905         4.0719 r      -0.1814  (VIOLATED)
   u_NV_NVDLA_cmac/u_core/u_mac_2/u_exp/exp_sft_15_reg_0_/D
                              3.8907         4.0721 r      -0.1814  (VIOLATED)
   u_NV_NVDLA_cmac/u_core/u_mac_5/u_exp/exp_sft_32_reg_1_/D
                              3.8885         4.0699 r      -0.1814  (VIOLATED)
   u_NV_NVDLA_cmac/u_core/u_mac_6/u_exp/exp_sft_47_reg_0_/D
                              3.8904         4.0718 r      -0.1813  (VIOLATED)
   u_NV_NVDLA_cmac/u_core/u_mac_5/u_exp/exp_sft_23_reg_0_/D
                              3.8888         4.0702 r      -0.1813  (VIOLATED)
   u_NV_NVDLA_cmac/u_core/u_mac_5/u_exp/exp_sft_27_reg_0_/D
                              3.8887         4.0700 r      -0.1813  (VIOLATED)
   u_NV_NVDLA_cmac/u_core/u_mac_2/u_exp/exp_sft_35_reg_0_/D
                              3.8907         4.0720 r      -0.1813  (VIOLATED)
   u_NV_NVDLA_cmac/u_core/u_mac_5/u_exp/exp_sft_25_reg_0_/D
                              3.8887         4.0699 r      -0.1812  (VIOLATED)
   u_NV_NVDLA_cmac/u_core/u_mac_4/u_exp/exp_sft_35_reg_2_/D
                              3.8812         4.0624 r      -0.1812  (VIOLATED)
   u_NV_NVDLA_cmac/u_core/u_mac_4/u_exp/exp_sft_33_reg_0_/D
                              3.8826         4.0638 r      -0.1812  (VIOLATED)
   u_NV_NVDLA_cmac/u_core/u_mac_7/u_exp/exp_sft_18_reg_0_/D
                              3.8888         4.0700 r      -0.1812  (VIOLATED)
   u_NV_NVDLA_cmac/u_core/u_mac_6/u_exp/exp_sft_35_reg_1_/D
                              3.8893         4.0704 r      -0.1812  (VIOLATED)
   u_NV_NVDLA_cmac/u_core/u_mac_4/u_exp/exp_sft_31_reg_0_/D
                              3.8826         4.0637 r      -0.1812  (VIOLATED)
   u_NV_NVDLA_cmac/u_core/u_mac_0/u_exp/exp_sft_37_reg_2_/D
                              3.8904         4.0716 r      -0.1812  (VIOLATED)
   u_NV_NVDLA_cmac/u_core/u_mac_3/u_exp/exp_sft_43_reg_2_/D
                              3.8888         4.0700 r      -0.1812  (VIOLATED)
   u_NV_NVDLA_cmac/u_core/u_mac_7/u_exp/exp_sft_46_reg_0_/D
                              3.8810         4.0622 r      -0.1811  (VIOLATED)
   u_NV_NVDLA_cmac/u_core/u_mac_6/u_exp/exp_sft_22_reg_3_/D
                              3.8906         4.0717 r      -0.1811  (VIOLATED)
   u_NV_NVDLA_cmac/u_core/u_mac_2/u_exp/exp_sft_12_reg_0_/D
                              3.8905         4.0716 r      -0.1811  (VIOLATED)
   u_NV_NVDLA_cmac/u_core/u_mac_3/u_exp/exp_sft_45_reg_0_/D
                              3.8826         4.0637 r      -0.1811  (VIOLATED)
   u_NV_NVDLA_cmac/u_core/u_mac_4/u_exp/exp_sft_36_reg_0_/D
                              3.8827         4.0638 r      -0.1811  (VIOLATED)
   u_NV_NVDLA_cmac/u_core/u_mac_6/u_exp/exp_sft_50_reg_0_/D
                              3.8906         4.0716 r      -0.1810  (VIOLATED)
   u_NV_NVDLA_cmac/u_core/u_mac_3/u_exp/exp_sft_09_reg_3_/D
                              3.8906         4.0716 r      -0.1810  (VIOLATED)
   u_NV_NVDLA_cmac/u_core/u_mac_4/u_exp/exp_sft_34_reg_0_/D
                              3.8827         4.0637 r      -0.1810  (VIOLATED)
   u_NV_NVDLA_cmac/u_core/u_mac_6/u_exp/exp_sft_15_reg_1_/D
                              3.8815         4.0625 r      -0.1810  (VIOLATED)
   u_NV_NVDLA_cmac/u_core/u_mac_5/u_exp/exp_sft_20_reg_2_/D
                              3.8890         4.0699 r      -0.1810  (VIOLATED)
   u_NV_NVDLA_cmac/u_core/u_mac_7/u_exp/exp_sft_45_reg_2_/D
                              3.8901         4.0711 r      -0.1809  (VIOLATED)
   u_NV_NVDLA_cmac/u_core/u_mac_6/u_exp/exp_sft_42_reg_2_/D
                              3.8876         4.0685 r      -0.1809  (VIOLATED)
   u_NV_NVDLA_cmac/u_core/u_mac_5/u_exp/exp_sft_49_reg_3_/D
                              3.8810         4.0619 r      -0.1809  (VIOLATED)
   u_NV_NVDLA_cmac/u_core/u_mac_6/u_exp/exp_sft_19_reg_3_/D
                              3.8905         4.0714 r      -0.1809  (VIOLATED)
   u_NV_NVDLA_cmac/u_core/u_mac_2/u_exp/exp_sft_32_reg_3_/D
                              3.8813         4.0622 r      -0.1809  (VIOLATED)
   u_NV_NVDLA_cmac/u_core/u_mac_5/u_exp/exp_sft_32_reg_0_/D
                              3.8887         4.0696 r      -0.1809  (VIOLATED)
   u_NV_NVDLA_cmac/u_core/u_mac_4/u_exp/exp_sft_30_reg_0_/D
                              3.8826         4.0635 r      -0.1809  (VIOLATED)
   u_NV_NVDLA_cmac/u_core/u_mac_1/u_exp/exp_sft_17_reg_3_/D
                              3.8825         4.0634 r      -0.1809  (VIOLATED)
   u_NV_NVDLA_cmac/u_core/u_mac_1/u_exp/exp_sft_18_reg_2_/D
                              3.9012         4.0820 f      -0.1808  (VIOLATED)
   u_NV_NVDLA_cmac/u_core/u_mac_5/u_exp/exp_sft_29_reg_3_/D
                              3.8901         4.0709 r      -0.1808  (VIOLATED)
   u_NV_NVDLA_cmac/u_core/u_mac_0/u_exp/exp_sft_15_reg_2_/D
                              3.8906         4.0714 r      -0.1808  (VIOLATED)
   u_NV_NVDLA_cmac/u_core/u_mac_3/u_exp/exp_sft_09_reg_2_/D
                              3.8905         4.0712 r      -0.1808  (VIOLATED)
   u_NV_NVDLA_cmac/u_core/u_mac_6/u_exp/exp_sft_32_reg_0_/D
                              3.8899         4.0707 r      -0.1808  (VIOLATED)
   u_NV_NVDLA_cmac/u_core/u_mac_0/u_exp/exp_sft_29_reg_3_/D
                              3.8986         4.0794 f      -0.1807  (VIOLATED)
   u_NV_NVDLA_cmac/u_core/u_mac_2/u_exp/exp_sft_10_reg_0_/D
                              3.8906         4.0713 r      -0.1807  (VIOLATED)
   u_NV_NVDLA_cmac/u_core/u_mac_2/u_exp/exp_sft_58_reg_2_/D
                              3.8884         4.0691 r      -0.1807  (VIOLATED)
   u_NV_NVDLA_cmac/u_core/u_mac_4/u_exp/exp_sft_61_reg_2_/D
                              3.8885         4.0691 r      -0.1806  (VIOLATED)
   u_NV_NVDLA_cmac/u_core/u_mac_6/u_exp/exp_sft_38_reg_0_/D
                              3.8899         4.0706 r      -0.1806  (VIOLATED)
   u_NV_NVDLA_cmac/u_core/u_mac_5/u_exp/exp_sft_43_reg_3_/D
                              3.8905         4.0711 r      -0.1806  (VIOLATED)
   u_NV_NVDLA_cmac/u_core/u_mac_1/u_exp/exp_sft_28_reg_3_/D
                              3.8825         4.0631 r      -0.1806  (VIOLATED)
   u_NV_NVDLA_cmac/u_core/u_mac_4/u_exp/exp_sft_47_reg_0_/D
                              3.8826         4.0631 r      -0.1805  (VIOLATED)
   u_NV_NVDLA_cmac/u_core/u_mac_5/u_exp/exp_sft_54_reg_0_/D
                              3.8907         4.0713 r      -0.1805  (VIOLATED)
   u_NV_NVDLA_cmac/u_core/u_mac_0/u_exp/exp_sft_06_reg_2_/D
                              3.8907         4.0711 r      -0.1805  (VIOLATED)
   u_NV_NVDLA_cmac/u_core/u_mac_7/u_exp/exp_sft_27_reg_2_/D
                              3.8810         4.0614 r      -0.1804  (VIOLATED)
   u_NV_NVDLA_cmac/u_core/u_mac_5/u_exp/exp_sft_52_reg_0_/D
                              3.8905         4.0710 r      -0.1804  (VIOLATED)
   u_NV_NVDLA_cmac/u_core/u_mac_5/u_exp/exp_sft_13_reg_1_/D
                              3.8858         4.0662 r      -0.1804  (VIOLATED)
   u_NV_NVDLA_cmac/u_core/u_mac_1/u_exp/exp_sft_38_reg_0_/D
                              3.8821         4.0625 r      -0.1804  (VIOLATED)
   u_NV_NVDLA_cmac/u_core/u_mac_7/u_exp/exp_sft_57_reg_0_/D
                              3.8813         4.0616 r      -0.1803  (VIOLATED)
   u_NV_NVDLA_cmac/u_core/u_mac_6/u_exp/exp_sft_44_reg_1_/D
                              3.8815         4.0617 r      -0.1803  (VIOLATED)
   u_NV_NVDLA_cmac/u_core/u_mac_5/u_exp/exp_sft_31_reg_0_/D
                              3.8888         4.0690 r      -0.1802  (VIOLATED)
   u_NV_NVDLA_cmac/u_core/u_mac_0/u_exp/exp_sft_59_reg_3_/D
                              3.8890         4.0692 r      -0.1802  (VIOLATED)
   u_NV_NVDLA_cmac/u_core/u_mac_6/u_exp/exp_sft_24_reg_3_/D
                              3.8906         4.0708 r      -0.1802  (VIOLATED)
   u_NV_NVDLA_cmac/u_core/u_mac_6/u_exp/exp_sft_33_reg_1_/D
                              3.8892         4.0694 r      -0.1802  (VIOLATED)
   u_NV_NVDLA_cmac/u_core/u_mac_3/u_exp/exp_sft_47_reg_0_/D
                              3.8828         4.0630 r      -0.1801  (VIOLATED)
   u_NV_NVDLA_cmac/u_core/u_mac_7/u_exp/exp_sft_47_reg_0_/D
                              3.8813         4.0614 r      -0.1801  (VIOLATED)
   u_NV_NVDLA_cmac/u_core/u_mac_5/u_exp/exp_sft_40_reg_0_/D
                              3.8889         4.0691 r      -0.1801  (VIOLATED)
   u_NV_NVDLA_cmac/u_core/u_mac_6/u_exp/exp_sft_37_reg_3_/D
                              3.8811         4.0611 r      -0.1800  (VIOLATED)
   u_NV_NVDLA_cmac/u_core/u_mac_1/u_exp/exp_sft_49_reg_2_/D
                              3.8904         4.0704 r      -0.1800  (VIOLATED)
   u_NV_NVDLA_cmac/u_core/u_mac_5/u_exp/exp_sft_33_reg_3_/D
                              3.8903         4.0703 r      -0.1800  (VIOLATED)
   u_NV_NVDLA_cmac/u_core/u_mac_6/u_exp/exp_sft_02_reg_2_/D
                              3.8887         4.0687 r      -0.1800  (VIOLATED)
   u_NV_NVDLA_cmac/u_core/u_mac_3/u_exp/exp_sft_59_reg_0_/D
                              3.8826         4.0625 r      -0.1799  (VIOLATED)
   u_NV_NVDLA_cmac/u_core/u_mac_6/u_exp/exp_sft_20_reg_0_/D
                              3.8952         4.0752 f      -0.1799  (VIOLATED)
   u_NV_NVDLA_cmac/u_core/u_mac_0/u_exp/exp_sft_03_reg_2_/D
                              3.8905         4.0704 r      -0.1799  (VIOLATED)
   u_NV_NVDLA_cmac/u_core/u_mac_7/u_exp/exp_sft_27_reg_0_/D
                              3.8888         4.0687 r      -0.1799  (VIOLATED)
   u_NV_NVDLA_cmac/u_core/u_mac_2/u_exp/exp_sft_08_reg_0_/D
                              3.8903         4.0701 r      -0.1798  (VIOLATED)
   u_NV_NVDLA_cmac/u_core/u_mac_3/u_exp/exp_sft_28_reg_0_/D
                              3.8824         4.0622 r      -0.1798  (VIOLATED)
   u_NV_NVDLA_cmac/u_core/u_mac_1/u_exp/exp_sft_32_reg_0_/D
                              3.8825         4.0623 r      -0.1798  (VIOLATED)
   u_NV_NVDLA_cmac/u_core/u_mac_6/u_exp/exp_sft_31_reg_2_/D
                              3.9000         4.0798 f      -0.1797  (VIOLATED)
   u_NV_NVDLA_cmac/u_core/u_mac_7/u_exp/exp_sft_37_reg_0_/D
                              3.8889         4.0686 r      -0.1797  (VIOLATED)
   u_NV_NVDLA_cmac/u_core/u_mac_6/u_exp/exp_sft_29_reg_1_/D
                              3.8892         4.0689 r      -0.1797  (VIOLATED)
   u_NV_NVDLA_cmac/u_core/u_mac_6/u_exp/exp_sft_30_reg_1_/D
                              3.8892         4.0688 r      -0.1797  (VIOLATED)
   u_NV_NVDLA_cmac/u_core/u_mac_0/u_exp/exp_sft_02_reg_2_/D
                              3.8907         4.0703 r      -0.1797  (VIOLATED)
   u_NV_NVDLA_cmac/u_core/u_mac_0/u_exp/exp_sft_03_reg_3_/D
                              3.8951         4.0747 f      -0.1797  (VIOLATED)
   u_NV_NVDLA_cmac/u_core/u_mac_6/u_exp/exp_sft_28_reg_2_/D
                              3.8955         4.0752 f      -0.1797  (VIOLATED)
   u_NV_NVDLA_cmac/u_core/u_mac_3/u_exp/exp_sft_46_reg_0_/D
                              3.8827         4.0623 r      -0.1796  (VIOLATED)
   u_NV_NVDLA_cmac/u_core/u_mac_5/u_exp/exp_sft_24_reg_3_/D
                              3.8905         4.0701 r      -0.1796  (VIOLATED)
   u_NV_NVDLA_cmac/u_core/u_mac_3/u_exp/exp_sft_05_reg_1_/D
                              3.8823         4.0619 r      -0.1796  (VIOLATED)
   u_NV_NVDLA_cmac/u_core/u_mac_2/u_exp/exp_sft_57_reg_2_/D
                              3.8883         4.0678 r      -0.1795  (VIOLATED)
   u_NV_NVDLA_cmac/u_core/u_mac_5/u_exp/exp_sft_36_reg_1_/D
                              3.8884         4.0679 r      -0.1795  (VIOLATED)
   u_NV_NVDLA_cmac/u_core/u_mac_0/u_exp/exp_sft_38_reg_3_/D
                              3.8811         4.0605 r      -0.1795  (VIOLATED)
   u_NV_NVDLA_cmac/u_core/u_mac_1/u_exp/exp_sft_31_reg_2_/D
                              3.9012         4.0806 f      -0.1795  (VIOLATED)
   u_NV_NVDLA_cmac/u_core/u_mac_7/u_exp/exp_sft_28_reg_0_/D
                              3.8890         4.0685 r      -0.1795  (VIOLATED)
   u_NV_NVDLA_cmac/u_core/u_mac_5/u_exp/exp_sft_32_reg_3_/D
                              3.8905         4.0700 r      -0.1795  (VIOLATED)
   u_NV_NVDLA_cmac/u_core/u_mac_1/u_exp/exp_sft_22_reg_2_/D
                              3.9012         4.0806 f      -0.1794  (VIOLATED)
   u_NV_NVDLA_cmac/u_core/u_mac_6/u_exp/exp_sft_35_reg_0_/D
                              3.8902         4.0696 r      -0.1794  (VIOLATED)
   u_NV_NVDLA_cmac/u_core/u_mac_5/u_exp/exp_sft_55_reg_0_/D
                              3.8905         4.0699 r      -0.1794  (VIOLATED)
   u_NV_NVDLA_cmac/u_core/u_mac_4/u_exp/exp_sft_25_reg_3_/D
                              3.8811         4.0605 r      -0.1794  (VIOLATED)
   u_NV_NVDLA_cmac/u_core/u_mac_7/u_exp/exp_sft_59_reg_0_/D
                              3.8812         4.0605 r      -0.1794  (VIOLATED)
   u_NV_NVDLA_cmac/u_core/u_mac_6/u_exp/exp_sft_55_reg_3_/D
                              3.9002         4.0795 f      -0.1793  (VIOLATED)
   u_NV_NVDLA_cmac/u_core/u_mac_6/u_exp/exp_sft_50_reg_3_/D
                              3.9003         4.0796 f      -0.1793  (VIOLATED)
   u_NV_NVDLA_cmac/u_core/u_mac_0/u_exp/exp_sft_15_reg_3_/D
                              3.8998         4.0791 f      -0.1793  (VIOLATED)
   u_NV_NVDLA_cmac/u_core/u_mac_0/u_exp/exp_sft_53_reg_3_/D
                              3.8888         4.0680 r      -0.1792  (VIOLATED)
   u_NV_NVDLA_cmac/u_core/u_mac_3/u_exp/exp_sft_37_reg_0_/D
                              3.8899         4.0692 r      -0.1792  (VIOLATED)
   u_NV_NVDLA_cmac/u_core/u_mac_7/u_exp/exp_sft_02_reg_0_/D
                              3.8890         4.0682 r      -0.1792  (VIOLATED)
   u_NV_NVDLA_cmac/u_core/u_mac_1/u_exp/exp_sft_03_reg_3_/D
                              3.8903         4.0695 r      -0.1792  (VIOLATED)
   u_NV_NVDLA_cmac/u_core/u_mac_4/u_exp/exp_sft_13_reg_0_/D
                              3.8901         4.0693 r      -0.1792  (VIOLATED)
   u_NV_NVDLA_cmac/u_core/u_mac_1/u_exp/exp_sft_53_reg_2_/D
                              3.9011         4.0803 f      -0.1792  (VIOLATED)
   u_NV_NVDLA_cmac/u_core/u_mac_0/u_exp/exp_sft_04_reg_3_/D
                              3.8899         4.0690 f      -0.1791  (VIOLATED)
   u_NV_NVDLA_cmac/u_core/u_mac_6/u_exp/exp_sft_43_reg_2_/D
                              3.8970         4.0761 f      -0.1791  (VIOLATED)
   u_NV_NVDLA_cmac/u_core/u_mac_6/u_exp/exp_sft_30_reg_2_/D
                              3.9002         4.0793 f      -0.1790  (VIOLATED)
   u_NV_NVDLA_cmac/u_core/u_mac_5/u_exp/exp_sft_42_reg_1_/D
                              3.8883         4.0673 r      -0.1790  (VIOLATED)
   u_NV_NVDLA_cmac/u_core/u_mac_2/u_exp/exp_sft_56_reg_1_/D
                              3.8887         4.0677 r      -0.1790  (VIOLATED)
   u_NV_NVDLA_cmac/u_core/u_mac_7/u_exp/exp_sft_47_reg_2_/D
                              3.8901         4.0691 r      -0.1790  (VIOLATED)
   u_NV_NVDLA_cmac/u_core/u_mac_3/u_exp/exp_sft_61_reg_3_/D
                              3.8905         4.0695 r      -0.1789  (VIOLATED)
   u_NV_NVDLA_cmac/u_core/u_mac_5/u_exp/exp_sft_58_reg_2_/D
                              3.9009         4.0798 f      -0.1789  (VIOLATED)
   u_NV_NVDLA_cmac/u_core/u_mac_7/u_exp/exp_sft_58_reg_0_/D
                              3.8812         4.0601 r      -0.1789  (VIOLATED)
   u_NV_NVDLA_cmac/u_core/u_mac_7/u_exp/exp_sft_19_reg_0_/D
                              3.8889         4.0678 r      -0.1788  (VIOLATED)
   u_NV_NVDLA_cmac/u_core/u_mac_5/u_exp/exp_sft_36_reg_3_/D
                              3.8906         4.0695 r      -0.1788  (VIOLATED)
   u_NV_NVDLA_cmac/u_core/u_mac_7/u_exp/exp_sft_49_reg_2_/D
                              3.8902         4.0690 r      -0.1788  (VIOLATED)
   u_NV_NVDLA_cmac/u_core/u_mac_5/u_exp/exp_sft_18_reg_3_/D
                              3.8906         4.0695 r      -0.1788  (VIOLATED)
   u_NV_NVDLA_cmac/u_core/u_mac_4/u_exp/exp_sft_07_reg_0_/D
                              3.8901         4.0689 r      -0.1788  (VIOLATED)
   u_NV_NVDLA_cmac/u_core/u_mac_4/u_exp/exp_sft_10_reg_0_/D
                              3.8902         4.0690 r      -0.1788  (VIOLATED)
   u_NV_NVDLA_cmac/u_core/u_mac_5/u_exp/exp_sft_10_reg_0_/D
                              3.8905         4.0693 r      -0.1788  (VIOLATED)
   u_NV_NVDLA_cmac/u_core/u_mac_5/u_exp/exp_sft_39_reg_3_/D
                              3.8904         4.0692 r      -0.1788  (VIOLATED)
   u_NV_NVDLA_cmac/u_core/u_mac_6/u_exp/exp_sft_31_reg_1_/D
                              3.8892         4.0679 r      -0.1787  (VIOLATED)
   u_NV_NVDLA_cmac/u_core/u_mac_7/u_exp/exp_sft_45_reg_0_/D
                              3.8813         4.0599 r      -0.1786  (VIOLATED)
   u_NV_NVDLA_cmac/u_core/u_mac_3/u_exp/exp_sft_05_reg_0_/D
                              3.8826         4.0612 r      -0.1786  (VIOLATED)
   u_NV_NVDLA_cmac/u_core/u_mac_6/u_exp/exp_sft_18_reg_3_/D
                              3.8900         4.0685 r      -0.1786  (VIOLATED)
   u_NV_NVDLA_cmac/u_core/u_mac_6/u_exp/exp_sft_16_reg_1_/D
                              3.8894         4.0679 r      -0.1785  (VIOLATED)
   u_NV_NVDLA_cmac/u_core/u_mac_7/u_exp/exp_sft_56_reg_0_/D
                              3.8814         4.0600 r      -0.1785  (VIOLATED)
   u_NV_NVDLA_cmac/u_core/u_mac_1/u_exp/exp_sft_45_reg_0_/D
                              3.8827         4.0612 r      -0.1785  (VIOLATED)
   u_NV_NVDLA_cmac/u_core/u_mac_1/u_exp/exp_sft_01_reg_2_/D
                              3.8907         4.0691 r      -0.1785  (VIOLATED)
   u_NV_NVDLA_cmac/u_core/u_mac_5/u_exp/exp_sft_14_reg_3_/D
                              3.8905         4.0688 r      -0.1783  (VIOLATED)
   u_NV_NVDLA_cmac/u_core/u_mac_3/u_exp/exp_sft_04_reg_0_/D
                              3.8826         4.0610 r      -0.1783  (VIOLATED)
   u_NV_NVDLA_cmac/u_core/u_mac_2/u_exp/exp_sft_61_reg_0_/D
                              3.8884         4.0667 r      -0.1783  (VIOLATED)
   u_NV_NVDLA_cmac/u_core/u_mac_7/u_exp/exp_sft_31_reg_0_/D
                              3.8889         4.0671 r      -0.1782  (VIOLATED)
   u_NV_NVDLA_cmac/u_core/u_mac_5/u_exp/exp_sft_23_reg_3_/D
                              3.8903         4.0685 r      -0.1782  (VIOLATED)
   u_NV_NVDLA_cmac/u_core/u_mac_1/u_exp/exp_sft_38_reg_2_/D
                              3.9012         4.0794 f      -0.1782  (VIOLATED)
   u_NV_NVDLA_cmac/u_core/u_mac_0/u_exp/exp_sft_49_reg_2_/D
                              3.8906         4.0688 r      -0.1782  (VIOLATED)
   u_NV_NVDLA_cmac/u_core/u_mac_5/u_exp/exp_sft_26_reg_3_/D
                              3.8906         4.0687 r      -0.1782  (VIOLATED)
   u_NV_NVDLA_cmac/u_core/u_mac_5/u_exp/exp_sft_18_reg_0_/D
                              3.8887         4.0668 r      -0.1781  (VIOLATED)
   u_NV_NVDLA_cmac/u_core/u_mac_6/u_exp/exp_sft_26_reg_2_/D
                              3.9000         4.0781 f      -0.1781  (VIOLATED)
   u_NV_NVDLA_cmac/u_core/u_mac_7/u_exp/exp_sft_32_reg_0_/D
                              3.8889         4.0669 r      -0.1781  (VIOLATED)
   u_NV_NVDLA_cmac/u_core/u_mac_7/u_exp/exp_sft_30_reg_0_/D
                              3.8889         4.0670 r      -0.1781  (VIOLATED)
   u_NV_NVDLA_cmac/u_core/u_mac_6/u_exp/exp_sft_42_reg_0_/D
                              3.8904         4.0684 r      -0.1781  (VIOLATED)
   u_NV_NVDLA_cmac/u_core/u_mac_4/u_exp/exp_sft_56_reg_3_/D
                              3.8887         4.0668 r      -0.1780  (VIOLATED)
   u_NV_NVDLA_cmac/u_core/u_mac_4/u_exp/exp_sft_28_reg_0_/D
                              3.8907         4.0687 r      -0.1780  (VIOLATED)
   u_NV_NVDLA_cmac/u_core/u_mac_5/u_exp/exp_sft_34_reg_3_/D
                              3.8905         4.0685 r      -0.1780  (VIOLATED)
   u_NV_NVDLA_cmac/u_core/u_mac_5/u_exp/exp_sft_08_reg_0_/D
                              3.8889         4.0669 r      -0.1780  (VIOLATED)
   u_NV_NVDLA_cmac/u_core/u_mac_6/u_exp/exp_sft_39_reg_1_/D
                              3.8891         4.0671 r      -0.1780  (VIOLATED)
   u_NV_NVDLA_cmac/u_core/u_mac_6/u_exp/exp_sft_24_reg_0_/D
                              3.8906         4.0685 r      -0.1780  (VIOLATED)
   u_NV_NVDLA_cmac/u_core/u_mac_6/u_exp/exp_sft_13_reg_0_/D
                              3.8805         4.0585 r      -0.1779  (VIOLATED)
   u_NV_NVDLA_cmac/u_core/u_mac_4/u_exp/exp_sft_05_reg_0_/D
                              3.8904         4.0683 r      -0.1779  (VIOLATED)
   u_NV_NVDLA_cmac/u_core/u_mac_6/u_exp/exp_sft_26_reg_0_/D
                              3.8906         4.0685 r      -0.1779  (VIOLATED)
   u_NV_NVDLA_cmac/u_core/u_mac_5/u_exp/exp_sft_59_reg_2_/D
                              3.8907         4.0686 r      -0.1779  (VIOLATED)
   u_NV_NVDLA_cmac/u_core/u_mac_4/u_exp/exp_sft_11_reg_0_/D
                              3.8904         4.0683 r      -0.1779  (VIOLATED)
   u_NV_NVDLA_cmac/u_core/u_mac_1/u_exp/exp_sft_36_reg_0_/D
                              3.8825         4.0604 r      -0.1779  (VIOLATED)
   u_NV_NVDLA_cmac/u_core/u_mac_7/u_exp/exp_sft_40_reg_2_/D
                              3.8903         4.0681 r      -0.1778  (VIOLATED)
   u_NV_NVDLA_cmac/u_core/u_mac_1/u_exp/exp_sft_06_reg_3_/D
                              3.8886         4.0664 r      -0.1778  (VIOLATED)
   u_NV_NVDLA_cmac/u_core/u_mac_1/u_exp/exp_sft_41_reg_3_/D
                              3.8905         4.0682 r      -0.1778  (VIOLATED)
   u_NV_NVDLA_cmac/u_core/u_mac_7/u_exp/exp_sft_20_reg_1_/D
                              3.8996         4.0773 f      -0.1778  (VIOLATED)
   u_NV_NVDLA_cmac/u_core/u_mac_2/u_exp/exp_sft_29_reg_2_/D
                              3.8904         4.0681 r      -0.1777  (VIOLATED)
   u_NV_NVDLA_cmac/u_core/u_mac_4/u_exp/exp_sft_15_reg_0_/D
                              3.8902         4.0679 r      -0.1777  (VIOLATED)
   u_NV_NVDLA_cmac/u_core/u_mac_5/u_exp/exp_sft_03_reg_0_/D
                              3.8905         4.0682 r      -0.1777  (VIOLATED)
   u_NV_NVDLA_cmac/u_core/u_mac_7/u_exp/exp_sft_34_reg_0_/D
                              3.8890         4.0666 r      -0.1776  (VIOLATED)
   u_NV_NVDLA_cmac/u_core/u_mac_5/u_exp/exp_sft_35_reg_3_/D
                              3.8906         4.0683 r      -0.1776  (VIOLATED)
   u_NV_NVDLA_cmac/u_core/u_mac_7/u_exp/exp_sft_22_reg_1_/D
                              3.8885         4.0662 r      -0.1776  (VIOLATED)
   u_NV_NVDLA_cmac/u_core/u_mac_5/u_exp/exp_sft_60_reg_2_/D
                              3.8905         4.0682 r      -0.1776  (VIOLATED)
   u_NV_NVDLA_cmac/u_core/u_mac_7/u_exp/exp_sft_38_reg_0_/D
                              3.8889         4.0665 r      -0.1776  (VIOLATED)
   u_NV_NVDLA_cmac/u_core/u_mac_1/u_exp/exp_sft_46_reg_0_/D
                              3.8825         4.0601 r      -0.1776  (VIOLATED)
   u_NV_NVDLA_cmac/u_core/u_mac_1/u_exp/exp_sft_05_reg_2_/D
                              3.8906         4.0682 r      -0.1776  (VIOLATED)
   u_NV_NVDLA_cmac/u_core/u_mac_6/u_exp/exp_sft_40_reg_2_/D
                              3.9012         4.0787 f      -0.1775  (VIOLATED)
   u_NV_NVDLA_cmac/u_core/u_mac_7/u_exp/exp_sft_04_reg_1_/D
                              3.9009         4.0783 f      -0.1774  (VIOLATED)
   u_NV_NVDLA_cmac/u_core/u_mac_6/u_exp/exp_sft_16_reg_0_/D
                              3.8899         4.0674 r      -0.1774  (VIOLATED)
   u_NV_NVDLA_cmac/u_core/u_mac_4/u_exp/exp_sft_56_reg_0_/D
                              3.8904         4.0678 r      -0.1774  (VIOLATED)
   u_NV_NVDLA_cmac/u_core/u_mac_7/u_exp/exp_sft_36_reg_0_/D
                              3.8888         4.0662 r      -0.1774  (VIOLATED)
   u_NV_NVDLA_cmac/u_core/u_mac_4/u_exp/exp_sft_12_reg_0_/D
                              3.8906         4.0679 r      -0.1774  (VIOLATED)
   u_NV_NVDLA_cmac/u_core/u_mac_1/u_exp/exp_sft_37_reg_0_/D
                              3.8826         4.0600 r      -0.1774  (VIOLATED)
   u_NV_NVDLA_cmac/u_core/u_mac_5/u_exp/exp_sft_22_reg_3_/D
                              3.8903         4.0676 r      -0.1772  (VIOLATED)
   u_NV_NVDLA_cmac/u_core/u_mac_5/u_exp/exp_sft_25_reg_3_/D
                              3.8905         4.0678 r      -0.1772  (VIOLATED)
   u_NV_NVDLA_cmac/u_core/u_mac_4/u_exp/exp_sft_08_reg_0_/D
                              3.8904         4.0676 r      -0.1772  (VIOLATED)
   u_NV_NVDLA_cmac/u_core/u_mac_7/u_exp/exp_sft_46_reg_2_/D
                              3.8906         4.0678 r      -0.1772  (VIOLATED)
   u_NV_NVDLA_cmac/u_core/u_mac_6/u_exp/exp_sft_31_reg_0_/D
                              3.8906         4.0677 r      -0.1772  (VIOLATED)
   u_NV_NVDLA_cmac/u_core/u_mac_6/u_exp/exp_sft_10_reg_3_/D
                              3.8890         4.0662 r      -0.1772  (VIOLATED)
   u_NV_NVDLA_cmac/u_core/u_mac_6/u_exp/exp_sft_34_reg_0_/D
                              3.8906         4.0678 r      -0.1771  (VIOLATED)
   u_NV_NVDLA_cmac/u_core/u_mac_7/u_exp/exp_sft_07_reg_0_/D
                              3.8813         4.0584 r      -0.1771  (VIOLATED)
   u_NV_NVDLA_cmac/u_core/u_mac_5/u_exp/exp_sft_30_reg_3_/D
                              3.8906         4.0677 r      -0.1771  (VIOLATED)
   u_NV_NVDLA_cmac/u_core/u_mac_2/u_exp/exp_sft_57_reg_0_/D
                              3.8888         4.0659 r      -0.1771  (VIOLATED)
   u_NV_NVDLA_cmac/u_core/u_mac_6/u_exp/exp_sft_22_reg_0_/D
                              3.8906         4.0677 r      -0.1771  (VIOLATED)
   u_NV_NVDLA_cmac/u_core/u_mac_7/u_exp/exp_sft_03_reg_0_/D
                              3.8887         4.0658 r      -0.1771  (VIOLATED)
   u_NV_NVDLA_cmac/u_core/u_mac_4/u_exp/exp_sft_63_reg_0_/D
                              3.8906         4.0676 r      -0.1771  (VIOLATED)
   u_NV_NVDLA_cmac/u_core/u_mac_1/u_exp/exp_sft_54_reg_3_/D
                              3.9000         4.0770 f      -0.1770  (VIOLATED)
   u_NV_NVDLA_cmac/u_core/u_mac_3/u_exp/exp_sft_25_reg_0_/D
                              3.8903         4.0673 r      -0.1770  (VIOLATED)
   u_NV_NVDLA_cmac/u_core/u_mac_7/u_exp/exp_sft_25_reg_2_/D
                              3.8883         4.0652 r      -0.1770  (VIOLATED)
   u_NV_NVDLA_cmac/u_core/u_mac_7/u_exp/exp_sft_24_reg_2_/D
                              3.8881         4.0651 r      -0.1770  (VIOLATED)
   u_NV_NVDLA_cmac/u_core/u_mac_4/u_exp/exp_sft_14_reg_0_/D
                              3.8905         4.0675 r      -0.1769  (VIOLATED)
   u_NV_NVDLA_cmac/u_core/u_mac_7/u_exp/exp_sft_42_reg_2_/D
                              3.8904         4.0673 r      -0.1769  (VIOLATED)
   u_NV_NVDLA_cmac/u_core/u_mac_4/u_exp/exp_sft_09_reg_0_/D
                              3.8905         4.0675 r      -0.1769  (VIOLATED)
   u_NV_NVDLA_cmac/u_core/u_mac_5/u_exp/exp_sft_15_reg_0_/D
                              3.8884         4.0653 r      -0.1769  (VIOLATED)
   u_NV_NVDLA_cmac/u_core/u_mac_4/u_exp/exp_sft_17_reg_0_/D
                              3.8905         4.0674 r      -0.1769  (VIOLATED)
   u_NV_NVDLA_cmac/u_core/u_mac_5/u_exp/exp_sft_42_reg_0_/D
                              3.8886         4.0655 r      -0.1769  (VIOLATED)
   u_NV_NVDLA_cmac/u_core/u_mac_6/u_exp/exp_sft_30_reg_0_/D
                              3.8905         4.0674 r      -0.1768  (VIOLATED)
   u_NV_NVDLA_cmac/u_core/u_mac_1/u_exp/exp_sft_63_reg_2_/D
                              3.8888         4.0656 r      -0.1768  (VIOLATED)
   u_NV_NVDLA_cmac/u_core/u_mac_5/u_exp/exp_sft_52_reg_3_/D
                              3.8886         4.0654 r      -0.1768  (VIOLATED)
   u_NV_NVDLA_cmac/u_core/u_mac_3/u_exp/exp_sft_03_reg_0_/D
                              3.8828         4.0596 r      -0.1768  (VIOLATED)
   u_NV_NVDLA_cmac/u_core/u_mac_6/u_exp/exp_sft_07_reg_3_/D
                              3.8888         4.0655 r      -0.1767  (VIOLATED)
   u_NV_NVDLA_cmac/u_core/u_mac_6/u_exp/exp_sft_41_reg_0_/D
                              3.8906         4.0673 r      -0.1767  (VIOLATED)
   u_NV_NVDLA_cmac/u_core/u_mac_4/u_exp/exp_sft_58_reg_0_/D
                              3.8904         4.0671 r      -0.1767  (VIOLATED)
   u_NV_NVDLA_cmac/u_core/u_mac_3/u_exp/exp_sft_08_reg_2_/D
                              3.8905         4.0672 r      -0.1767  (VIOLATED)
   u_NV_NVDLA_cmac/u_core/u_mac_5/u_exp/exp_sft_28_reg_1_/D
                              3.8853         4.0620 r      -0.1767  (VIOLATED)
   u_NV_NVDLA_cmac/u_core/u_mac_7/u_exp/exp_sft_62_reg_3_/D
                              3.8905         4.0672 r      -0.1767  (VIOLATED)
   u_NV_NVDLA_cmac/u_core/u_mac_6/u_exp/exp_sft_27_reg_2_/D
                              3.9000         4.0767 f      -0.1767  (VIOLATED)
   u_NV_NVDLA_cmac/u_core/u_mac_0/u_exp/exp_sft_34_reg_3_/D
                              3.8953         4.0720 f      -0.1767  (VIOLATED)
   u_NV_NVDLA_cmac/u_core/u_mac_5/u_exp/exp_sft_40_reg_3_/D
                              3.8907         4.0673 r      -0.1767  (VIOLATED)
   u_NV_NVDLA_cmac/u_core/u_mac_1/u_exp/exp_sft_01_reg_3_/D
                              3.8873         4.0640 f      -0.1766  (VIOLATED)
   u_NV_NVDLA_cmac/u_core/u_mac_7/u_exp/exp_sft_35_reg_0_/D
                              3.8888         4.0655 r      -0.1766  (VIOLATED)
   u_NV_NVDLA_cmac/u_core/u_mac_4/u_exp/exp_sft_18_reg_0_/D
                              3.8904         4.0671 r      -0.1766  (VIOLATED)
   u_NV_NVDLA_cmac/u_core/u_mac_6/u_exp/exp_sft_23_reg_2_/D
                              3.9002         4.0768 f      -0.1766  (VIOLATED)
   u_NV_NVDLA_cmac/u_core/u_mac_7/u_exp/exp_sft_43_reg_2_/D
                              3.8904         4.0669 r      -0.1765  (VIOLATED)
   u_NV_NVDLA_cmac/u_core/u_mac_6/u_exp/exp_sft_29_reg_0_/D
                              3.8906         4.0671 r      -0.1765  (VIOLATED)
   u_NV_NVDLA_cmac/u_core/u_mac_1/u_exp/exp_sft_23_reg_3_/D
                              3.8889         4.0653 r      -0.1765  (VIOLATED)
   u_NV_NVDLA_cmac/u_core/u_mac_5/u_exp/exp_sft_43_reg_0_/D
                              3.8884         4.0648 r      -0.1765  (VIOLATED)
   u_NV_NVDLA_cmac/u_core/u_mac_6/u_exp/exp_sft_38_reg_1_/D
                              3.8893         4.0658 r      -0.1765  (VIOLATED)
   u_NV_NVDLA_cmac/u_core/u_mac_6/u_exp/exp_sft_39_reg_0_/D
                              3.8906         4.0671 r      -0.1764  (VIOLATED)
   u_NV_NVDLA_cmac/u_core/u_mac_6/u_exp/exp_sft_13_reg_3_/D
                              3.9009         4.0773 f      -0.1764  (VIOLATED)
   u_NV_NVDLA_cmac/u_core/u_mac_6/u_exp/exp_sft_27_reg_0_/D
                              3.8905         4.0669 r      -0.1764  (VIOLATED)
   u_NV_NVDLA_cmac/u_core/u_mac_6/u_exp/exp_sft_37_reg_0_/D
                              3.8907         4.0670 r      -0.1764  (VIOLATED)
   u_NV_NVDLA_cmac/u_core/u_mac_6/u_exp/exp_sft_01_reg_1_/D
                              3.8906         4.0669 r      -0.1764  (VIOLATED)
   u_NV_NVDLA_cmac/u_core/u_mac_6/u_exp/exp_sft_40_reg_0_/D
                              3.8907         4.0670 r      -0.1763  (VIOLATED)
   u_NV_NVDLA_cmac/u_core/u_mac_6/u_exp/exp_sft_23_reg_1_/D
                              3.8892         4.0655 r      -0.1763  (VIOLATED)
   u_NV_NVDLA_cmac/u_core/u_mac_4/u_exp/exp_sft_20_reg_0_/D
                              3.8905         4.0668 r      -0.1763  (VIOLATED)
   u_NV_NVDLA_cmac/u_core/u_mac_7/u_exp/exp_sft_39_reg_0_/D
                              3.8888         4.0651 r      -0.1763  (VIOLATED)
   u_NV_NVDLA_cmac/u_core/u_mac_5/u_exp/exp_sft_38_reg_3_/D
                              3.8906         4.0668 r      -0.1763  (VIOLATED)
   u_NV_NVDLA_cmac/u_core/u_mac_0/u_exp/exp_sft_12_reg_2_/D
                              3.8887         4.0649 r      -0.1762  (VIOLATED)
   u_NV_NVDLA_cmac/u_core/u_mac_2/u_exp/exp_sft_32_reg_1_/D
                              3.8815         4.0577 r      -0.1762  (VIOLATED)
   u_NV_NVDLA_cmac/u_core/u_mac_7/u_exp/exp_sft_08_reg_0_/D
                              3.8885         4.0647 r      -0.1762  (VIOLATED)
   u_NV_NVDLA_cmac/u_core/u_mac_6/u_exp/exp_sft_33_reg_0_/D
                              3.8907         4.0669 r      -0.1762  (VIOLATED)
   u_NV_NVDLA_cmac/u_core/u_mac_6/u_exp/exp_sft_26_reg_1_/D
                              3.8892         4.0654 r      -0.1762  (VIOLATED)
   u_NV_NVDLA_cmac/u_core/u_mac_4/u_exp/exp_sft_60_reg_0_/D
                              3.8903         4.0664 r      -0.1761  (VIOLATED)
   u_NV_NVDLA_cmac/u_core/u_mac_5/u_exp/exp_sft_19_reg_3_/D
                              3.8903         4.0664 r      -0.1761  (VIOLATED)
   u_NV_NVDLA_cmac/u_core/u_mac_1/u_exp/exp_sft_19_reg_3_/D
                              3.8999         4.0760 f      -0.1760  (VIOLATED)
   u_NV_NVDLA_cmac/u_core/u_mac_5/u_exp/exp_sft_46_reg_3_/D
                              3.8888         4.0648 r      -0.1760  (VIOLATED)
   u_NV_NVDLA_cmac/u_core/u_mac_0/u_exp/exp_sft_05_reg_2_/D
                              3.8906         4.0666 r      -0.1760  (VIOLATED)
   u_NV_NVDLA_cmac/u_core/u_mac_6/u_exp/exp_sft_18_reg_0_/D
                              3.8903         4.0663 r      -0.1760  (VIOLATED)
   u_NV_NVDLA_cmac/u_core/u_mac_4/u_exp/exp_sft_45_reg_0_/D
                              3.8905         4.0665 r      -0.1760  (VIOLATED)
   u_NV_NVDLA_cmac/u_core/u_mac_3/u_exp/exp_sft_48_reg_0_/D
                              3.8904         4.0663 r      -0.1759  (VIOLATED)
   u_NV_NVDLA_cmac/u_core/u_mac_3/u_exp/exp_sft_43_reg_3_/D
                              3.8826         4.0585 r      -0.1759  (VIOLATED)
   u_NV_NVDLA_cmac/u_core/u_mac_4/u_exp/exp_sft_44_reg_2_/D
                              3.8887         4.0646 r      -0.1759  (VIOLATED)
   u_NV_NVDLA_cmac/u_core/u_mac_0/u_exp/exp_sft_13_reg_3_/D
                              3.8904         4.0663 r      -0.1759  (VIOLATED)
   u_NV_NVDLA_cmac/u_core/u_mac_5/u_exp/exp_sft_57_reg_3_/D
                              3.8904         4.0663 r      -0.1758  (VIOLATED)
   u_NV_NVDLA_cmac/u_core/u_mac_0/u_exp/exp_sft_47_reg_3_/D
                              3.8953         4.0711 f      -0.1758  (VIOLATED)
   u_NV_NVDLA_cmac/u_core/u_mac_4/u_exp/exp_sft_59_reg_0_/D
                              3.8905         4.0663 r      -0.1758  (VIOLATED)
   u_NV_NVDLA_cmac/u_core/u_mac_3/u_exp/exp_sft_58_reg_1_/D
                              3.8887         4.0645 r      -0.1758  (VIOLATED)
   u_NV_NVDLA_cmac/u_core/u_mac_2/u_exp/exp_sft_00_reg_2_/D
                              3.8889         4.0646 r      -0.1757  (VIOLATED)
   u_NV_NVDLA_cmac/u_core/u_mac_4/u_exp/exp_sft_26_reg_0_/D
                              3.8906         4.0663 r      -0.1757  (VIOLATED)
   u_NV_NVDLA_cmac/u_core/u_mac_6/u_exp/exp_sft_49_reg_1_/D
                              3.8892         4.0648 r      -0.1756  (VIOLATED)
   u_NV_NVDLA_cmac/u_core/u_mac_0/u_exp/exp_sft_41_reg_2_/D
                              3.8907         4.0662 r      -0.1755  (VIOLATED)
   u_NV_NVDLA_cmac/u_core/u_mac_0/u_exp/exp_sft_59_reg_2_/D
                              3.8883         4.0638 r      -0.1755  (VIOLATED)
   u_NV_NVDLA_cmac/u_core/u_mac_5/u_exp/exp_sft_20_reg_3_/D
                              3.8906         4.0661 r      -0.1755  (VIOLATED)
   u_NV_NVDLA_cmac/u_core/u_mac_4/u_exp/exp_sft_25_reg_0_/D
                              3.8905         4.0660 r      -0.1755  (VIOLATED)
   u_NV_NVDLA_cmac/u_core/u_mac_4/u_exp/exp_sft_16_reg_0_/D
                              3.8905         4.0660 r      -0.1755  (VIOLATED)
   u_NV_NVDLA_cmac/u_core/u_mac_1/u_exp/exp_sft_27_reg_3_/D
                              3.9000         4.0755 f      -0.1755  (VIOLATED)
   u_NV_NVDLA_cmac/u_core/u_mac_7/u_exp/exp_sft_40_reg_0_/D
                              3.8887         4.0642 r      -0.1755  (VIOLATED)
   u_NV_NVDLA_cmac/u_core/u_mac_5/u_exp/exp_sft_42_reg_3_/D
                              3.8905         4.0660 r      -0.1755  (VIOLATED)
   u_NV_NVDLA_cmac/u_core/u_mac_6/u_exp/exp_sft_52_reg_3_/D
                              3.9002         4.0756 f      -0.1754  (VIOLATED)
   u_NV_NVDLA_cmac/u_core/u_mac_3/u_exp/exp_sft_50_reg_0_/D
                              3.8904         4.0658 r      -0.1754  (VIOLATED)
   u_NV_NVDLA_cmac/u_core/u_mac_5/u_exp/exp_sft_59_reg_3_/D
                              3.8902         4.0655 r      -0.1753  (VIOLATED)
   u_NV_NVDLA_cmac/u_core/u_mac_7/u_exp/exp_sft_41_reg_0_/D
                              3.8889         4.0642 r      -0.1753  (VIOLATED)
   u_NV_NVDLA_cmac/u_core/u_mac_0/u_exp/exp_sft_09_reg_2_/D
                              3.8905         4.0657 r      -0.1753  (VIOLATED)
   u_NV_NVDLA_cmac/u_core/u_mac_6/u_exp/exp_sft_46_reg_0_/D
                              3.8906         4.0658 r      -0.1752  (VIOLATED)
   u_NV_NVDLA_cmac/u_core/u_mac_4/u_exp/exp_sft_62_reg_0_/D
                              3.8904         4.0657 r      -0.1752  (VIOLATED)
   u_NV_NVDLA_cmac/u_core/u_mac_7/u_exp/exp_sft_26_reg_2_/D
                              3.8885         4.0636 r      -0.1752  (VIOLATED)
   u_NV_NVDLA_cmac/u_core/u_mac_5/u_exp/exp_sft_60_reg_3_/D
                              3.8904         4.0655 r      -0.1752  (VIOLATED)
   u_NV_NVDLA_cmac/u_core/u_mac_5/u_exp/exp_sft_37_reg_3_/D
                              3.8886         4.0638 r      -0.1752  (VIOLATED)
   u_NV_NVDLA_cmac/u_core/u_mac_7/u_exp/exp_sft_12_reg_0_/D
                              3.8889         4.0641 r      -0.1751  (VIOLATED)
   u_NV_NVDLA_cmac/u_core/u_mac_0/u_exp/exp_sft_32_reg_3_/D
                              3.8811         4.0563 r      -0.1751  (VIOLATED)
   u_NV_NVDLA_cmac/u_core/u_mac_4/u_exp/exp_sft_24_reg_0_/D
                              3.8905         4.0656 r      -0.1751  (VIOLATED)
   u_NV_NVDLA_cmac/u_core/u_mac_5/u_exp/exp_sft_58_reg_3_/D
                              3.8904         4.0655 r      -0.1751  (VIOLATED)
   u_NV_NVDLA_cmac/u_core/u_mac_0/u_exp/exp_sft_18_reg_3_/D
                              3.8811         4.0562 r      -0.1750  (VIOLATED)
   u_NV_NVDLA_cmac/u_core/u_mac_4/u_exp/exp_sft_19_reg_0_/D
                              3.8906         4.0656 r      -0.1750  (VIOLATED)
   u_NV_NVDLA_cmac/u_core/u_mac_6/u_exp/exp_sft_44_reg_0_/D
                              3.8906         4.0656 r      -0.1750  (VIOLATED)
   u_NV_NVDLA_cmac/u_core/u_mac_2/u_exp/exp_sft_28_reg_2_/D
                              3.9013         4.0762 f      -0.1750  (VIOLATED)
   u_NV_NVDLA_cmac/u_core/u_mac_0/u_exp/exp_sft_17_reg_3_/D
                              3.8889         4.0638 r      -0.1749  (VIOLATED)
   u_NV_NVDLA_cmac/u_core/u_mac_6/u_exp/exp_sft_63_reg_3_/D
                              3.8888         4.0637 r      -0.1749  (VIOLATED)
   u_NV_NVDLA_cmac/u_core/u_mac_0/u_exp/exp_sft_60_reg_2_/D
                              3.8883         4.0631 r      -0.1748  (VIOLATED)
   u_NV_NVDLA_cmac/u_core/u_mac_0/u_exp/exp_sft_08_reg_3_/D
                              3.8900         4.0648 r      -0.1748  (VIOLATED)
   u_NV_NVDLA_cmac/u_core/u_mac_5/u_exp/exp_sft_16_reg_3_/D
                              3.8904         4.0652 r      -0.1748  (VIOLATED)
   u_NV_NVDLA_cmac/u_core/u_mac_7/u_exp/exp_sft_43_reg_0_/D
                              3.8887         4.0635 r      -0.1748  (VIOLATED)
   u_NV_NVDLA_cmac/u_core/u_mac_7/u_exp/exp_sft_48_reg_2_/D
                              3.8902         4.0649 r      -0.1747  (VIOLATED)
   u_NV_NVDLA_cmac/u_core/u_mac_1/u_exp/exp_sft_21_reg_3_/D
                              3.9011         4.0758 f      -0.1747  (VIOLATED)
   u_NV_NVDLA_cmac/u_core/u_mac_3/u_exp/exp_sft_44_reg_0_/D
                              3.8905         4.0652 r      -0.1747  (VIOLATED)
   u_NV_NVDLA_cmac/u_core/u_mac_4/u_exp/exp_sft_21_reg_0_/D
                              3.8906         4.0653 r      -0.1747  (VIOLATED)
   u_NV_NVDLA_cmac/u_core/u_mac_1/u_exp/exp_sft_11_reg_3_/D
                              3.8907         4.0653 r      -0.1747  (VIOLATED)
   u_NV_NVDLA_cmac/u_core/u_mac_4/u_exp/exp_sft_40_reg_0_/D
                              3.8905         4.0651 r      -0.1747  (VIOLATED)
   u_NV_NVDLA_cmac/u_core/u_mac_6/u_exp/exp_sft_43_reg_0_/D
                              3.8906         4.0653 r      -0.1747  (VIOLATED)
   u_NV_NVDLA_cmac/u_core/u_mac_6/u_exp/exp_sft_27_reg_1_/D
                              3.8893         4.0640 r      -0.1747  (VIOLATED)
   u_NV_NVDLA_cmac/u_core/u_mac_4/u_exp/exp_sft_00_reg_0_/D
                              3.8907         4.0653 r      -0.1746  (VIOLATED)
   u_NV_NVDLA_cmac/u_core/u_mac_1/u_exp/exp_sft_45_reg_3_/D
                              3.8905         4.0650 r      -0.1746  (VIOLATED)
   u_NV_NVDLA_cmac/u_core/u_mac_4/u_exp/exp_sft_22_reg_0_/D
                              3.8906         4.0651 r      -0.1745  (VIOLATED)
   u_NV_NVDLA_cmac/u_core/u_mac_0/u_exp/exp_sft_41_reg_3_/D
                              3.8941         4.0686 f      -0.1745  (VIOLATED)
   u_NV_NVDLA_cmac/u_core/u_mac_5/u_exp/exp_sft_27_reg_3_/D
                              3.8904         4.0648 r      -0.1744  (VIOLATED)
   u_NV_NVDLA_cmac/u_core/u_mac_5/u_exp/exp_sft_41_reg_3_/D
                              3.8901         4.0645 r      -0.1744  (VIOLATED)
   u_NV_NVDLA_cmac/u_core/u_mac_0/u_exp/exp_sft_57_reg_2_/D
                              3.8878         4.0622 r      -0.1744  (VIOLATED)
   u_NV_NVDLA_cmac/u_core/u_mac_6/u_exp/exp_sft_19_reg_0_/D
                              3.8905         4.0648 r      -0.1743  (VIOLATED)
   u_NV_NVDLA_cmac/u_core/u_mac_4/u_exp/exp_sft_57_reg_1_/D
                              3.8884         4.0627 r      -0.1743  (VIOLATED)
   u_NV_NVDLA_cmac/u_core/u_mac_3/u_exp/exp_sft_57_reg_3_/D
                              3.8906         4.0649 r      -0.1743  (VIOLATED)
   u_NV_NVDLA_cmac/u_core/u_mac_7/u_exp/exp_sft_14_reg_0_/D
                              3.8890         4.0633 r      -0.1743  (VIOLATED)
   u_NV_NVDLA_cmac/u_core/u_mac_6/u_exp/exp_sft_18_reg_2_/D
                              3.8952         4.0695 f      -0.1742  (VIOLATED)
   u_NV_NVDLA_cmac/u_core/u_mac_1/u_exp/exp_sft_56_reg_3_/D
                              3.8904         4.0647 r      -0.1742  (VIOLATED)
   u_NV_NVDLA_cmac/u_core/u_mac_4/u_exp/exp_sft_54_reg_0_/D
                              3.8906         4.0649 r      -0.1742  (VIOLATED)
   u_NV_NVDLA_cmac/u_core/u_mac_4/u_exp/exp_sft_53_reg_0_/D
                              3.8906         4.0647 r      -0.1741  (VIOLATED)
   u_NV_NVDLA_cmac/u_core/u_mac_6/u_exp/exp_sft_19_reg_2_/D
                              3.9002         4.0743 f      -0.1741  (VIOLATED)
   u_NV_NVDLA_cmac/u_core/u_mac_0/u_exp/exp_sft_01_reg_2_/D
                              3.8906         4.0647 r      -0.1741  (VIOLATED)
   u_NV_NVDLA_cmac/u_core/u_mac_5/u_exp/exp_sft_54_reg_3_/D
                              3.8886         4.0627 r      -0.1741  (VIOLATED)
   u_NV_NVDLA_cmac/u_core/u_mac_3/u_exp/exp_sft_44_reg_3_/D
                              3.8905         4.0646 r      -0.1740  (VIOLATED)
   u_NV_NVDLA_cmac/u_core/u_mac_0/u_exp/exp_sft_56_reg_0_/D
                              3.8887         4.0628 r      -0.1740  (VIOLATED)
   u_NV_NVDLA_cmac/u_core/u_mac_5/u_exp/exp_sft_55_reg_3_/D
                              3.8887         4.0627 r      -0.1740  (VIOLATED)
   u_NV_NVDLA_cmac/u_core/u_mac_6/u_exp/exp_sft_45_reg_1_/D
                              3.8815         4.0555 r      -0.1740  (VIOLATED)
   u_NV_NVDLA_cmac/u_core/u_mac_6/u_exp/exp_sft_22_reg_2_/D
                              3.9002         4.0742 f      -0.1740  (VIOLATED)
   u_NV_NVDLA_cmac/u_core/u_mac_7/u_exp/exp_sft_10_reg_2_/D
                              3.8904         4.0644 r      -0.1740  (VIOLATED)
   u_NV_NVDLA_cmac/u_core/u_mac_6/u_exp/exp_sft_25_reg_0_/D
                              3.8907         4.0646 r      -0.1740  (VIOLATED)
   u_NV_NVDLA_cmac/u_core/u_mac_0/u_exp/exp_sft_50_reg_3_/D
                              3.9000         4.0739 f      -0.1739  (VIOLATED)
   u_NV_NVDLA_cmac/u_core/u_mac_6/u_exp/exp_sft_40_reg_1_/D
                              3.8893         4.0632 r      -0.1739  (VIOLATED)
   u_NV_NVDLA_cmac/u_core/u_mac_3/u_exp/exp_sft_62_reg_0_/D
                              3.8905         4.0644 r      -0.1739  (VIOLATED)
   u_NV_NVDLA_cmac/u_core/u_mac_6/u_exp/exp_sft_15_reg_0_/D
                              3.8811         4.0549 r      -0.1738  (VIOLATED)
   u_NV_NVDLA_cmac/u_core/u_mac_7/u_exp/exp_sft_42_reg_0_/D
                              3.8888         4.0625 r      -0.1737  (VIOLATED)
   u_NV_NVDLA_cmac/u_core/u_mac_1/u_exp/exp_sft_01_reg_1_/D
                              3.8886         4.0623 r      -0.1737  (VIOLATED)
   u_NV_NVDLA_cmac/u_core/u_mac_6/u_exp/exp_sft_61_reg_3_/D
                              3.8906         4.0643 r      -0.1737  (VIOLATED)
   u_NV_NVDLA_cmac/u_core/u_mac_3/u_exp/exp_sft_49_reg_0_/D
                              3.8905         4.0642 r      -0.1737  (VIOLATED)
   u_NV_NVDLA_cmac/u_core/u_mac_7/u_exp/exp_sft_54_reg_2_/D
                              3.8897         4.0634 r      -0.1737  (VIOLATED)
   u_NV_NVDLA_cmac/u_core/u_mac_4/u_exp/exp_sft_04_reg_1_/D
                              3.8815         4.0552 r      -0.1737  (VIOLATED)
   u_NV_NVDLA_cmac/u_core/u_mac_5/u_exp/exp_sft_11_reg_1_/D
                              3.8910         4.0647 r      -0.1736  (VIOLATED)
   u_NV_NVDLA_cmac/u_core/u_mac_7/u_exp/exp_sft_51_reg_2_/D
                              3.8904         4.0641 r      -0.1736  (VIOLATED)
   u_NV_NVDLA_cmac/u_core/u_mac_3/u_exp/exp_sft_58_reg_0_/D
                              3.8904         4.0641 r      -0.1736  (VIOLATED)
   u_NV_NVDLA_cmac/u_core/u_mac_7/u_exp/exp_sft_13_reg_1_/D
                              3.8811         4.0546 r      -0.1736  (VIOLATED)
   u_NV_NVDLA_cmac/u_core/u_mac_0/u_exp/exp_sft_24_reg_0_/D
                              3.8885         4.0621 r      -0.1736  (VIOLATED)
   u_NV_NVDLA_cmac/u_core/u_mac_4/u_exp/exp_sft_43_reg_2_/D
                              3.8888         4.0624 r      -0.1736  (VIOLATED)
   u_NV_NVDLA_cmac/u_core/u_mac_7/u_exp/exp_sft_55_reg_2_/D
                              3.8905         4.0641 r      -0.1735  (VIOLATED)
   u_NV_NVDLA_cmac/u_core/u_mac_4/u_exp/exp_sft_43_reg_0_/D
                              3.8905         4.0640 r      -0.1735  (VIOLATED)
   u_NV_NVDLA_cmac/u_core/u_mac_4/u_exp/exp_sft_41_reg_0_/D
                              3.8905         4.0640 r      -0.1735  (VIOLATED)
   u_NV_NVDLA_cmac/u_core/u_mac_4/u_exp/exp_sft_34_reg_2_/D
                              3.8888         4.0622 r      -0.1735  (VIOLATED)
   u_NV_NVDLA_cmac/u_core/u_mac_4/u_exp/exp_sft_57_reg_0_/D
                              3.8880         4.0615 r      -0.1735  (VIOLATED)
   u_NV_NVDLA_cmac/u_core/u_mac_3/u_exp/exp_sft_51_reg_0_/D
                              3.8905         4.0639 r      -0.1735  (VIOLATED)
   u_NV_NVDLA_cmac/u_core/u_mac_4/u_exp/exp_sft_38_reg_0_/D
                              3.8906         4.0641 r      -0.1734  (VIOLATED)
   u_NV_NVDLA_cmac/u_core/u_mac_5/u_exp/exp_sft_06_reg_3_/D
                              3.8906         4.0640 r      -0.1734  (VIOLATED)
   u_NV_NVDLA_cmac/u_core/u_mac_4/u_exp/exp_sft_12_reg_2_/D
                              3.8905         4.0638 r      -0.1733  (VIOLATED)
   u_NV_NVDLA_cmac/u_core/u_mac_3/u_exp/exp_sft_56_reg_1_/D
                              3.8884         4.0616 r      -0.1733  (VIOLATED)
   u_NV_NVDLA_cmac/u_core/u_mac_4/u_exp/exp_sft_32_reg_0_/D
                              3.8905         4.0637 r      -0.1732  (VIOLATED)
   u_NV_NVDLA_cmac/u_core/u_mac_6/u_exp/exp_sft_14_reg_1_/D
                              3.8815         4.0547 r      -0.1732  (VIOLATED)
   u_NV_NVDLA_cmac/u_core/u_mac_6/u_exp/exp_sft_22_reg_1_/D
                              3.8892         4.0624 r      -0.1732  (VIOLATED)
   u_NV_NVDLA_cmac/u_core/u_mac_3/u_exp/exp_sft_53_reg_0_/D
                              3.8905         4.0636 r      -0.1732  (VIOLATED)
   u_NV_NVDLA_cmac/u_core/u_mac_4/u_exp/exp_sft_35_reg_0_/D
                              3.8906         4.0637 r      -0.1731  (VIOLATED)
   u_NV_NVDLA_cmac/u_core/u_mac_3/u_exp/exp_sft_20_reg_0_/D
                              3.8902         4.0633 r      -0.1730  (VIOLATED)
   u_NV_NVDLA_cmac/u_core/u_mac_7/u_exp/exp_sft_52_reg_2_/D
                              3.8905         4.0635 r      -0.1730  (VIOLATED)
   u_NV_NVDLA_cmac/u_core/u_mac_4/u_exp/exp_sft_42_reg_0_/D
                              3.8906         4.0635 r      -0.1730  (VIOLATED)
   u_NV_NVDLA_cmac/u_core/u_mac_4/u_exp/exp_sft_27_reg_0_/D
                              3.8907         4.0636 r      -0.1729  (VIOLATED)
   u_NV_NVDLA_cmac/u_core/u_mac_6/u_exp/exp_sft_45_reg_3_/D
                              3.8812         4.0541 r      -0.1729  (VIOLATED)
   u_NV_NVDLA_cmac/u_core/u_mac_5/u_exp/exp_sft_57_reg_1_/D
                              3.8871         4.0600 r      -0.1728  (VIOLATED)
   u_NV_NVDLA_cmac/u_core/u_mac_6/u_exp/exp_sft_24_reg_1_/D
                              3.8892         4.0620 r      -0.1728  (VIOLATED)
   u_NV_NVDLA_cmac/u_core/u_mac_3/u_exp/exp_sft_18_reg_0_/D
                              3.8904         4.0632 r      -0.1728  (VIOLATED)
   u_NV_NVDLA_cmac/u_core/u_mac_0/u_exp/exp_sft_46_reg_3_/D
                              3.8952         4.0679 f      -0.1727  (VIOLATED)
   u_NV_NVDLA_cmac/u_core/u_mac_3/u_exp/exp_sft_32_reg_0_/D
                              3.8906         4.0633 r      -0.1727  (VIOLATED)
   u_NV_NVDLA_cmac/u_core/u_mac_3/u_exp/exp_sft_55_reg_0_/D
                              3.8905         4.0632 r      -0.1726  (VIOLATED)
   u_NV_NVDLA_cmac/u_core/u_mac_6/u_exp/exp_sft_58_reg_2_/D
                              3.8912         4.0638 r      -0.1726  (VIOLATED)
   u_NV_NVDLA_cmac/u_core/u_mac_7/u_exp/exp_sft_04_reg_0_/D
                              3.8886         4.0613 r      -0.1726  (VIOLATED)
   u_NV_NVDLA_cmac/u_core/u_mac_7/u_exp/exp_sft_53_reg_2_/D
                              3.8905         4.0631 r      -0.1726  (VIOLATED)
   u_NV_NVDLA_cmac/u_core/u_mac_7/u_exp/exp_sft_18_reg_2_/D
                              3.8885         4.0610 r      -0.1726  (VIOLATED)
   u_NV_NVDLA_cmac/u_core/u_mac_1/u_exp/exp_sft_32_reg_2_/D
                              3.8969         4.0695 f      -0.1726  (VIOLATED)
   u_NV_NVDLA_cmac/u_core/u_mac_3/u_exp/exp_sft_17_reg_0_/D
                              3.8903         4.0629 r      -0.1725  (VIOLATED)
   u_NV_NVDLA_cmac/u_core/u_mac_4/u_exp/exp_sft_25_reg_2_/D
                              3.8889         4.0614 r      -0.1725  (VIOLATED)
   u_NV_NVDLA_cmac/u_core/u_mac_4/u_exp/exp_sft_50_reg_0_/D
                              3.8906         4.0631 r      -0.1725  (VIOLATED)
   u_NV_NVDLA_cmac/u_core/u_mac_3/u_exp/exp_sft_06_reg_0_/D
                              3.8904         4.0629 r      -0.1725  (VIOLATED)
   u_NV_NVDLA_cmac/u_core/u_mac_3/u_exp/exp_sft_52_reg_0_/D
                              3.8905         4.0630 r      -0.1725  (VIOLATED)
   u_NV_NVDLA_cmac/u_core/u_mac_1/u_exp/exp_sft_31_reg_3_/D
                              3.8905         4.0630 r      -0.1724  (VIOLATED)
   u_NV_NVDLA_cmac/u_core/u_mac_4/u_exp/exp_sft_16_reg_2_/D
                              3.8889         4.0613 r      -0.1724  (VIOLATED)
   u_NV_NVDLA_cmac/u_core/u_mac_6/u_exp/exp_sft_13_reg_2_/D
                              3.9010         4.0734 f      -0.1724  (VIOLATED)
   u_NV_NVDLA_cmac/u_core/u_mac_1/u_exp/exp_sft_29_reg_0_/D
                              3.8906         4.0630 r      -0.1724  (VIOLATED)
   u_NV_NVDLA_cmac/u_core/u_mac_2/u_exp/exp_sft_04_reg_3_/D
                              3.8906         4.0629 r      -0.1723  (VIOLATED)
   u_NV_NVDLA_cmac/u_core/u_mac_6/u_exp/exp_sft_46_reg_1_/D
                              3.8892         4.0614 r      -0.1723  (VIOLATED)
   u_NV_NVDLA_cmac/u_core/u_mac_3/u_exp/exp_sft_54_reg_0_/D
                              3.8906         4.0628 r      -0.1722  (VIOLATED)
   u_NV_NVDLA_cmac/u_core/u_mac_3/u_exp/exp_sft_11_reg_0_/D
                              3.8904         4.0626 r      -0.1722  (VIOLATED)
   u_NV_NVDLA_cmac/u_core/u_mac_1/u_exp/exp_sft_62_reg_1_/D
                              3.8811         4.0532 r      -0.1722  (VIOLATED)
   u_NV_NVDLA_cmac/u_core/u_mac_6/u_exp/exp_sft_25_reg_1_/D
                              3.8893         4.0614 r      -0.1721  (VIOLATED)
   u_NV_NVDLA_cmac/u_core/u_mac_4/u_exp/exp_sft_46_reg_0_/D
                              3.8906         4.0627 r      -0.1721  (VIOLATED)
   u_NV_NVDLA_cmac/u_core/u_mac_3/u_exp/exp_sft_38_reg_0_/D
                              3.8904         4.0625 r      -0.1721  (VIOLATED)
   u_NV_NVDLA_cmac/u_core/u_mac_4/u_exp/exp_sft_29_reg_0_/D
                              3.8905         4.0625 r      -0.1721  (VIOLATED)
   u_NV_NVDLA_cmac/u_core/u_mac_7/u_exp/exp_sft_50_reg_2_/D
                              3.8903         4.0624 r      -0.1720  (VIOLATED)
   u_NV_NVDLA_cmac/u_core/u_mac_1/u_exp/exp_sft_38_reg_3_/D
                              3.8906         4.0626 r      -0.1720  (VIOLATED)
   u_NV_NVDLA_cmac/u_core/u_mac_1/u_exp/exp_sft_04_reg_1_/D
                              3.8894         4.0614 r      -0.1720  (VIOLATED)
   u_NV_NVDLA_cmac/u_core/u_mac_4/u_exp/exp_sft_44_reg_0_/D
                              3.8907         4.0627 r      -0.1720  (VIOLATED)
   u_NV_NVDLA_cmac/u_core/u_mac_2/u_exp/exp_sft_57_reg_3_/D
                              3.8906         4.0626 r      -0.1720  (VIOLATED)
   u_NV_NVDLA_cmac/u_core/u_mac_6/u_exp/exp_sft_19_reg_1_/D
                              3.8893         4.0613 r      -0.1720  (VIOLATED)
   u_NV_NVDLA_cmac/u_core/u_mac_5/u_exp/exp_sft_28_reg_0_/D
                              3.8882         4.0602 r      -0.1719  (VIOLATED)
   u_NV_NVDLA_cmac/u_core/u_mac_4/u_exp/exp_sft_40_reg_2_/D
                              3.8887         4.0607 r      -0.1719  (VIOLATED)
   u_NV_NVDLA_cmac/u_core/u_mac_6/u_exp/exp_sft_41_reg_3_/D
                              3.8812         4.0531 r      -0.1719  (VIOLATED)
   u_NV_NVDLA_cmac/u_core/u_mac_4/u_exp/exp_sft_56_reg_2_/D
                              3.8807         4.0526 r      -0.1719  (VIOLATED)
   u_NV_NVDLA_cmac/u_core/u_mac_3/u_exp/exp_sft_09_reg_0_/D
                              3.8904         4.0623 r      -0.1719  (VIOLATED)
   u_NV_NVDLA_cmac/u_core/u_mac_0/u_exp/exp_sft_45_reg_2_/D
                              3.8906         4.0624 r      -0.1718  (VIOLATED)
   u_NV_NVDLA_cmac/u_core/u_mac_7/u_exp/exp_sft_09_reg_0_/D
                              3.8890         4.0608 r      -0.1718  (VIOLATED)
   u_NV_NVDLA_cmac/u_core/u_mac_7/u_exp/exp_sft_44_reg_0_/D
                              3.8889         4.0608 r      -0.1718  (VIOLATED)
   u_NV_NVDLA_cmac/u_core/u_mac_0/u_exp/exp_sft_04_reg_1_/D
                              3.8889         4.0607 r      -0.1718  (VIOLATED)
   u_NV_NVDLA_cmac/u_core/u_mac_5/u_exp/exp_sft_21_reg_3_/D
                              3.8907         4.0625 r      -0.1718  (VIOLATED)
   u_NV_NVDLA_cmac/u_core/u_mac_6/u_exp/exp_sft_24_reg_2_/D
                              3.9003         4.0720 f      -0.1718  (VIOLATED)
   u_NV_NVDLA_cmac/u_core/u_mac_3/u_exp/exp_sft_59_reg_1_/D
                              3.8887         4.0605 r      -0.1718  (VIOLATED)
   u_NV_NVDLA_cmac/u_core/u_mac_7/u_exp/exp_sft_05_reg_0_/D
                              3.8887         4.0605 r      -0.1718  (VIOLATED)
   u_NV_NVDLA_cmac/u_core/u_mac_0/u_exp/exp_sft_60_reg_0_/D
                              3.8889         4.0607 r      -0.1718  (VIOLATED)
   u_NV_NVDLA_cmac/u_core/u_mac_7/u_exp/exp_sft_53_reg_0_/D
                              3.8889         4.0607 r      -0.1717  (VIOLATED)
   u_NV_NVDLA_cmac/u_core/u_mac_6/u_exp/exp_sft_43_reg_1_/D
                              3.8893         4.0611 r      -0.1717  (VIOLATED)
   u_NV_NVDLA_cmac/u_core/u_mac_3/u_exp/exp_sft_63_reg_0_/D
                              3.8903         4.0620 r      -0.1717  (VIOLATED)
   u_NV_NVDLA_cmac/u_core/u_mac_3/u_exp/exp_sft_08_reg_0_/D
                              3.8903         4.0620 r      -0.1717  (VIOLATED)
   u_NV_NVDLA_cmac/u_core/u_mac_1/u_exp/exp_sft_61_reg_3_/D
                              3.8903         4.0619 r      -0.1716  (VIOLATED)
   u_NV_NVDLA_cmac/u_core/u_mac_3/u_exp/exp_sft_31_reg_0_/D
                              3.8905         4.0622 r      -0.1716  (VIOLATED)
   u_NV_NVDLA_cmac/u_core/u_mac_7/u_exp/exp_sft_10_reg_0_/D
                              3.8886         4.0602 r      -0.1716  (VIOLATED)
   u_NV_NVDLA_cmac/u_core/u_mac_6/u_exp/exp_sft_11_reg_1_/D
                              3.8815         4.0531 r      -0.1716  (VIOLATED)
   u_NV_NVDLA_cmac/u_core/u_mac_3/u_exp/exp_sft_60_reg_1_/D
                              3.8885         4.0601 r      -0.1716  (VIOLATED)
   u_NV_NVDLA_cmac/u_core/u_mac_7/u_exp/exp_sft_48_reg_0_/D
                              3.8886         4.0602 r      -0.1715  (VIOLATED)
   u_NV_NVDLA_cmac/u_core/u_mac_1/u_exp/exp_sft_26_reg_0_/D
                              3.8904         4.0620 r      -0.1715  (VIOLATED)
   u_NV_NVDLA_cmac/u_core/u_mac_3/u_exp/exp_sft_56_reg_0_/D
                              3.8905         4.0621 r      -0.1715  (VIOLATED)
   u_NV_NVDLA_cmac/u_core/u_mac_3/u_exp/exp_sft_24_reg_0_/D
                              3.8906         4.0621 r      -0.1715  (VIOLATED)
   u_NV_NVDLA_cmac/u_core/u_mac_1/u_exp/exp_sft_28_reg_0_/D
                              3.8905         4.0620 r      -0.1715  (VIOLATED)
   u_NV_NVDLA_cmac/u_core/u_mac_3/u_exp/exp_sft_33_reg_0_/D
                              3.8905         4.0620 r      -0.1715  (VIOLATED)
   u_NV_NVDLA_cmac/u_core/u_mac_7/u_exp/exp_sft_54_reg_0_/D
                              3.8886         4.0601 r      -0.1714  (VIOLATED)
   u_NV_NVDLA_cmac/u_core/u_mac_3/u_exp/exp_sft_00_reg_2_/D
                              3.8811         4.0525 r      -0.1714  (VIOLATED)
   u_NV_NVDLA_cmac/u_core/u_mac_3/u_exp/exp_sft_19_reg_0_/D
                              3.8904         4.0618 r      -0.1714  (VIOLATED)
   u_NV_NVDLA_cmac/u_core/u_mac_3/u_exp/exp_sft_35_reg_0_/D
                              3.8905         4.0618 r      -0.1714  (VIOLATED)
   u_NV_NVDLA_cmac/u_core/u_mac_5/u_exp/exp_sft_58_reg_1_/D
                              3.8872         4.0585 r      -0.1713  (VIOLATED)
   u_NV_NVDLA_cmac/u_core/u_mac_3/u_exp/exp_sft_02_reg_0_/D
                              3.8902         4.0616 r      -0.1713  (VIOLATED)
   u_NV_NVDLA_cmac/u_core/u_mac_0/u_exp/exp_sft_07_reg_2_/D
                              3.9012         4.0725 f      -0.1713  (VIOLATED)
   u_NV_NVDLA_cmac/u_core/u_mac_7/u_exp/exp_sft_07_reg_2_/D
                              3.8903         4.0616 r      -0.1713  (VIOLATED)
   u_NV_NVDLA_cmac/u_core/u_mac_3/u_exp/exp_sft_00_reg_0_/D
                              3.8907         4.0619 r      -0.1713  (VIOLATED)
   u_NV_NVDLA_cmac/u_core/u_mac_6/u_exp/exp_sft_18_reg_1_/D
                              3.8892         4.0605 r      -0.1713  (VIOLATED)
   u_NV_NVDLA_cmac/u_core/u_mac_5/u_exp/exp_sft_28_reg_3_/D
                              3.8903         4.0616 r      -0.1712  (VIOLATED)
   u_NV_NVDLA_cmac/u_core/u_mac_1/u_exp/exp_sft_22_reg_0_/D
                              3.8904         4.0616 r      -0.1712  (VIOLATED)
   u_NV_NVDLA_cmac/u_core/u_mac_4/u_exp/exp_sft_59_reg_3_/D
                              3.8906         4.0618 r      -0.1712  (VIOLATED)
   u_NV_NVDLA_cmac/u_core/u_mac_5/u_exp/exp_sft_05_reg_3_/D
                              3.8907         4.0619 f      -0.1712  (VIOLATED)
   u_NV_NVDLA_cmac/u_core/u_mac_0/u_exp/exp_sft_23_reg_3_/D
                              3.8952         4.0664 f      -0.1712  (VIOLATED)
   u_NV_NVDLA_cmac/u_core/u_mac_7/u_exp/exp_sft_60_reg_0_/D
                              3.8889         4.0600 r      -0.1711  (VIOLATED)
   u_NV_NVDLA_cmac/u_core/u_mac_4/u_exp/exp_sft_48_reg_0_/D
                              3.8906         4.0617 r      -0.1711  (VIOLATED)
   u_NV_NVDLA_cmac/u_core/u_mac_0/u_exp/exp_sft_37_reg_3_/D
                              3.9000         4.0711 f      -0.1711  (VIOLATED)
   u_NV_NVDLA_cmac/u_core/u_mac_3/u_exp/exp_sft_14_reg_0_/D
                              3.8904         4.0615 r      -0.1711  (VIOLATED)
   u_NV_NVDLA_cmac/u_core/u_mac_7/u_exp/exp_sft_49_reg_0_/D
                              3.8888         4.0599 r      -0.1711  (VIOLATED)
   u_NV_NVDLA_cmac/u_core/u_mac_3/u_exp/exp_sft_07_reg_0_/D
                              3.8904         4.0615 r      -0.1711  (VIOLATED)
   u_NV_NVDLA_cmac/u_core/u_mac_3/u_exp/exp_sft_39_reg_0_/D
                              3.8906         4.0616 r      -0.1711  (VIOLATED)
   u_NV_NVDLA_cmac/u_core/u_mac_3/u_exp/exp_sft_26_reg_0_/D
                              3.8905         4.0615 r      -0.1711  (VIOLATED)
   u_NV_NVDLA_cmac/u_core/u_mac_3/u_exp/exp_sft_16_reg_0_/D
                              3.8906         4.0617 r      -0.1711  (VIOLATED)
   u_NV_NVDLA_cmac/u_core/u_mac_4/u_exp/exp_sft_49_reg_0_/D
                              3.8905         4.0616 r      -0.1710  (VIOLATED)
   u_NV_NVDLA_cmac/u_core/u_mac_4/u_exp/exp_sft_39_reg_2_/D
                              3.8887         4.0597 r      -0.1710  (VIOLATED)
   u_NV_NVDLA_cmac/u_core/u_mac_1/u_exp/exp_sft_24_reg_0_/D
                              3.8905         4.0616 r      -0.1710  (VIOLATED)
   u_NV_NVDLA_cmac/u_core/u_mac_3/u_exp/exp_sft_22_reg_0_/D
                              3.8905         4.0615 r      -0.1710  (VIOLATED)
   u_NV_NVDLA_cmac/u_core/u_mac_0/u_exp/exp_sft_25_reg_1_/D
                              3.8893         4.0602 r      -0.1710  (VIOLATED)
   u_NV_NVDLA_cmac/u_core/u_mac_7/u_exp/exp_sft_50_reg_0_/D
                              3.8886         4.0595 r      -0.1709  (VIOLATED)
   u_NV_NVDLA_cmac/u_core/u_mac_1/u_exp/exp_sft_39_reg_0_/D
                              3.8904         4.0613 r      -0.1709  (VIOLATED)
   u_NV_NVDLA_cmac/u_core/u_mac_4/u_exp/exp_sft_51_reg_0_/D
                              3.8906         4.0615 r      -0.1709  (VIOLATED)
   u_NV_NVDLA_cmac/u_core/u_mac_4/u_exp/exp_sft_41_reg_2_/D
                              3.8885         4.0594 r      -0.1708  (VIOLATED)
   u_NV_NVDLA_cmac/u_core/u_mac_7/u_exp/exp_sft_61_reg_0_/D
                              3.8891         4.0598 r      -0.1708  (VIOLATED)
   u_NV_NVDLA_cmac/u_core/u_mac_7/u_exp/exp_sft_55_reg_0_/D
                              3.8888         4.0595 r      -0.1707  (VIOLATED)
   u_NV_NVDLA_cmac/u_core/u_mac_3/u_exp/exp_sft_10_reg_0_/D
                              3.8906         4.0613 r      -0.1707  (VIOLATED)
   u_NV_NVDLA_cmac/u_core/u_mac_1/u_exp/exp_sft_17_reg_0_/D
                              3.8904         4.0611 r      -0.1707  (VIOLATED)
   u_NV_NVDLA_cmac/u_core/u_mac_3/u_exp/exp_sft_60_reg_0_/D
                              3.8906         4.0612 r      -0.1707  (VIOLATED)
   u_NV_NVDLA_cmac/u_core/u_mac_5/u_exp/exp_sft_08_reg_1_/D
                              3.8882         4.0588 r      -0.1706  (VIOLATED)
   u_NV_NVDLA_cmac/u_core/u_mac_3/u_exp/exp_sft_34_reg_0_/D
                              3.8904         4.0610 r      -0.1706  (VIOLATED)
   u_NV_NVDLA_cmac/u_core/u_mac_3/u_exp/exp_sft_01_reg_0_/D
                              3.8906         4.0612 r      -0.1706  (VIOLATED)
   u_NV_NVDLA_cmac/u_core/u_mac_1/u_exp/exp_sft_55_reg_3_/D
                              3.8994         4.0700 f      -0.1706  (VIOLATED)
   u_NV_NVDLA_cmac/u_core/u_mac_3/u_exp/exp_sft_27_reg_0_/D
                              3.8905         4.0611 r      -0.1706  (VIOLATED)
   u_NV_NVDLA_cmac/u_core/u_mac_5/u_exp/exp_sft_12_reg_1_/D
                              3.8870         4.0576 r      -0.1706  (VIOLATED)
   u_NV_NVDLA_cmac/u_core/u_mac_1/u_exp/exp_sft_34_reg_0_/D
                              3.8907         4.0612 r      -0.1706  (VIOLATED)
   u_NV_NVDLA_cmac/u_core/u_mac_0/u_exp/exp_sft_16_reg_3_/D
                              3.8888         4.0593 r      -0.1705  (VIOLATED)
   u_NV_NVDLA_cmac/u_core/u_mac_3/u_exp/exp_sft_21_reg_0_/D
                              3.8905         4.0610 r      -0.1705  (VIOLATED)
   u_NV_NVDLA_cmac/u_core/u_mac_7/u_exp/exp_sft_47_reg_1_/D
                              3.8833         4.0538 r      -0.1705  (VIOLATED)
   u_NV_NVDLA_cmac/u_core/u_mac_1/u_exp/exp_sft_23_reg_0_/D
                              3.8906         4.0611 r      -0.1705  (VIOLATED)
   u_NV_NVDLA_cmac/u_core/u_mac_0/u_exp/exp_sft_63_reg_0_/D
                              3.8889         4.0593 r      -0.1705  (VIOLATED)
   u_NV_NVDLA_cmac/u_core/u_mac_3/u_exp/exp_sft_40_reg_0_/D
                              3.8906         4.0610 r      -0.1704  (VIOLATED)
   u_NV_NVDLA_cmac/u_core/u_mac_6/u_exp/exp_sft_29_reg_3_/D
                              3.8888         4.0591 r      -0.1703  (VIOLATED)
   u_NV_NVDLA_cmac/u_core/u_mac_0/u_exp/exp_sft_35_reg_3_/D
                              3.8952         4.0656 f      -0.1703  (VIOLATED)
   u_NV_NVDLA_cmac/u_core/u_mac_0/u_exp/exp_sft_50_reg_0_/D
                              3.8826         4.0528 r      -0.1703  (VIOLATED)
   u_NV_NVDLA_cmac/u_core/u_mac_0/u_exp/exp_sft_62_reg_2_/D
                              3.9011         4.0714 f      -0.1703  (VIOLATED)
   u_NV_NVDLA_cmac/u_core/u_mac_3/u_exp/exp_sft_41_reg_0_/D
                              3.8906         4.0609 r      -0.1703  (VIOLATED)
   u_NV_NVDLA_cmac/u_core/u_mac_3/u_exp/exp_sft_29_reg_0_/D
                              3.8906         4.0609 r      -0.1703  (VIOLATED)
   u_NV_NVDLA_cmac/u_core/u_mac_7/u_exp/exp_sft_11_reg_0_/D
                              3.8888         4.0591 r      -0.1702  (VIOLATED)
   u_NV_NVDLA_cmac/u_core/u_mac_1/u_exp/exp_sft_19_reg_0_/D
                              3.8905         4.0608 r      -0.1702  (VIOLATED)
   u_NV_NVDLA_cmac/u_core/u_mac_1/u_exp/exp_sft_26_reg_3_/D
                              3.8906         4.0608 r      -0.1702  (VIOLATED)
   u_NV_NVDLA_cmac/u_core/u_mac_0/u_exp/exp_sft_00_reg_0_/D
                              3.8907         4.0609 r      -0.1702  (VIOLATED)
   u_NV_NVDLA_cmac/u_core/u_mac_3/u_exp/exp_sft_30_reg_0_/D
                              3.8906         4.0608 r      -0.1702  (VIOLATED)
   u_NV_NVDLA_cmac/u_core/u_mac_1/u_exp/exp_sft_21_reg_0_/D
                              3.8906         4.0607 r      -0.1701  (VIOLATED)
   u_NV_NVDLA_cmac/u_core/u_mac_7/u_exp/exp_sft_17_reg_2_/D
                              3.8889         4.0591 r      -0.1701  (VIOLATED)
   u_NV_NVDLA_cmac/u_core/u_mac_1/u_exp/exp_sft_59_reg_3_/D
                              3.8906         4.0607 r      -0.1701  (VIOLATED)
   u_NV_NVDLA_cmac/u_core/u_mac_1/u_exp/exp_sft_35_reg_0_/D
                              3.8906         4.0607 r      -0.1701  (VIOLATED)
   u_NV_NVDLA_cmac/u_core/u_mac_4/u_exp/exp_sft_23_reg_0_/D
                              3.8906         4.0606 r      -0.1701  (VIOLATED)
   u_NV_NVDLA_cmac/u_core/u_mac_1/u_exp/exp_sft_31_reg_0_/D
                              3.8906         4.0607 r      -0.1701  (VIOLATED)
   u_NV_NVDLA_cmac/u_core/u_mac_3/u_exp/exp_sft_15_reg_0_/D
                              3.8905         4.0605 r      -0.1701  (VIOLATED)
   u_NV_NVDLA_cmac/u_core/u_mac_3/u_exp/exp_sft_36_reg_0_/D
                              3.8906         4.0607 r      -0.1700  (VIOLATED)
   u_NV_NVDLA_cmac/u_core/u_mac_2/u_exp/exp_sft_62_reg_1_/D
                              3.8888         4.0588 r      -0.1700  (VIOLATED)
   u_NV_NVDLA_cmac/u_core/u_mac_1/u_exp/exp_sft_18_reg_0_/D
                              3.8906         4.0606 r      -0.1700  (VIOLATED)
   u_NV_NVDLA_cmac/u_core/u_mac_3/u_exp/exp_sft_43_reg_0_/D
                              3.8905         4.0605 r      -0.1700  (VIOLATED)
   u_NV_NVDLA_cmac/u_core/u_mac_0/u_exp/exp_sft_04_reg_0_/D
                              3.8906         4.0606 r      -0.1700  (VIOLATED)
   u_NV_NVDLA_cmac/u_core/u_mac_5/u_exp/exp_sft_45_reg_1_/D
                              3.8880         4.0580 r      -0.1700  (VIOLATED)
   u_NV_NVDLA_cmac/u_core/u_mac_1/u_exp/exp_sft_27_reg_0_/D
                              3.8906         4.0605 r      -0.1699  (VIOLATED)
   u_NV_NVDLA_cmac/u_core/u_mac_7/u_exp/exp_sft_00_reg_0_/D
                              3.8889         4.0588 r      -0.1699  (VIOLATED)
   u_NV_NVDLA_cmac/u_core/u_mac_4/u_exp/exp_sft_10_reg_1_/D
                              3.8812         4.0510 r      -0.1698  (VIOLATED)
   u_NV_NVDLA_cmac/u_core/u_mac_3/u_exp/exp_sft_42_reg_0_/D
                              3.8906         4.0604 r      -0.1698  (VIOLATED)
   u_NV_NVDLA_cmac/u_core/u_mac_7/u_exp/exp_sft_28_reg_1_/D
                              3.8888         4.0585 r      -0.1698  (VIOLATED)
   u_NV_NVDLA_cmac/u_core/u_mac_4/u_exp/exp_sft_31_reg_1_/D
                              3.8816         4.0513 r      -0.1698  (VIOLATED)
   u_NV_NVDLA_cmac/u_core/u_mac_1/u_exp/exp_sft_30_reg_0_/D
                              3.8906         4.0603 r      -0.1697  (VIOLATED)
   u_NV_NVDLA_cmac/u_core/u_mac_3/u_exp/exp_sft_13_reg_0_/D
                              3.8904         4.0602 r      -0.1697  (VIOLATED)
   u_NV_NVDLA_cmac/u_core/u_mac_1/u_exp/exp_sft_20_reg_0_/D
                              3.8907         4.0604 r      -0.1697  (VIOLATED)
   u_NV_NVDLA_cmac/u_core/u_mac_7/u_exp/exp_sft_16_reg_2_/D
                              3.8888         4.0584 r      -0.1696  (VIOLATED)
   u_NV_NVDLA_cmac/u_core/u_mac_1/u_exp/exp_sft_16_reg_0_/D
                              3.8905         4.0601 r      -0.1696  (VIOLATED)
   u_NV_NVDLA_cmac/u_core/u_mac_1/u_exp/exp_sft_33_reg_0_/D
                              3.8907         4.0602 r      -0.1696  (VIOLATED)
   u_NV_NVDLA_cmac/u_core/u_mac_3/u_exp/exp_sft_23_reg_0_/D
                              3.8906         4.0602 r      -0.1695  (VIOLATED)
   u_NV_NVDLA_cmac/u_core/u_mac_2/u_exp/exp_sft_00_reg_3_/D
                              3.8887         4.0583 r      -0.1695  (VIOLATED)
   u_NV_NVDLA_cmac/u_core/u_mac_7/u_exp/exp_sft_06_reg_0_/D
                              3.8890         4.0585 r      -0.1695  (VIOLATED)
   u_NV_NVDLA_cmac/u_core/u_mac_5/u_exp/exp_sft_59_reg_1_/D
                              3.8870         4.0564 r      -0.1695  (VIOLATED)
   u_NV_NVDLA_cmac/u_core/u_mac_3/u_exp/exp_sft_12_reg_0_/D
                              3.8905         4.0600 r      -0.1695  (VIOLATED)
   u_NV_NVDLA_cmac/u_core/u_mac_4/u_exp/exp_sft_61_reg_0_/D
                              3.8884         4.0579 r      -0.1695  (VIOLATED)
   u_NV_NVDLA_cmac/u_core/u_mac_4/u_exp/exp_sft_06_reg_1_/D
                              3.8816         4.0510 r      -0.1695  (VIOLATED)
   u_NV_NVDLA_cmac/u_core/u_mac_1/u_exp/exp_sft_43_reg_3_/D
                              3.8889         4.0583 r      -0.1695  (VIOLATED)
   u_NV_NVDLA_cmac/u_core/u_mac_5/u_exp/exp_sft_13_reg_3_/D
                              3.8905         4.0600 r      -0.1694  (VIOLATED)
   u_NV_NVDLA_cmac/u_core/u_mac_3/u_exp/exp_sft_63_reg_1_/D
                              3.8906         4.0600 r      -0.1694  (VIOLATED)
   u_NV_NVDLA_cmac/u_core/u_mac_2/u_exp/exp_sft_22_reg_0_/D
                              3.8888         4.0582 r      -0.1694  (VIOLATED)
   u_NV_NVDLA_cmac/u_core/u_mac_6/u_exp/exp_sft_59_reg_1_/D
                              3.8993         4.0687 f      -0.1694  (VIOLATED)
   u_NV_NVDLA_cmac/u_core/u_mac_4/u_exp/exp_sft_57_reg_2_/D
                              3.8808         4.0500 r      -0.1692  (VIOLATED)
   u_NV_NVDLA_cmac/u_core/u_mac_1/u_exp/exp_sft_51_reg_0_/D
                              3.8907         4.0599 r      -0.1692  (VIOLATED)
   u_NV_NVDLA_cmac/u_core/u_mac_1/u_exp/exp_sft_32_reg_3_/D
                              3.8823         4.0515 r      -0.1692  (VIOLATED)
   u_NV_NVDLA_cmac/u_core/u_mac_0/u_exp/exp_sft_53_reg_0_/D
                              3.8827         4.0519 r      -0.1692  (VIOLATED)
   u_NV_NVDLA_cmac/u_core/u_mac_1/u_exp/exp_sft_44_reg_0_/D
                              3.8905         4.0596 r      -0.1691  (VIOLATED)
   u_NV_NVDLA_cmac/u_core/u_mac_0/u_exp/exp_sft_06_reg_3_/D
                              3.8887         4.0578 r      -0.1691  (VIOLATED)
   u_NV_NVDLA_cmac/u_core/u_mac_2/u_exp/exp_sft_19_reg_1_/D
                              3.8815         4.0505 r      -0.1690  (VIOLATED)
   u_NV_NVDLA_cmac/u_core/u_mac_6/u_exp/exp_sft_02_reg_3_/D
                              3.8888         4.0578 r      -0.1690  (VIOLATED)
   u_NV_NVDLA_cmac/u_core/u_mac_1/u_exp/exp_sft_25_reg_3_/D
                              3.8879         4.0569 r      -0.1690  (VIOLATED)
   u_NV_NVDLA_cmac/u_core/u_mac_0/u_exp/exp_sft_11_reg_3_/D
                              3.8887         4.0576 r      -0.1689  (VIOLATED)
   u_NV_NVDLA_cmac/u_core/u_mac_7/u_exp/exp_sft_51_reg_0_/D
                              3.8890         4.0578 r      -0.1689  (VIOLATED)
   u_NV_NVDLA_cmac/u_core/u_mac_4/u_exp/exp_sft_11_reg_1_/D
                              3.8892         4.0581 r      -0.1689  (VIOLATED)
   u_NV_NVDLA_cmac/u_core/u_mac_4/u_exp/exp_sft_24_reg_2_/D
                              3.8888         4.0575 r      -0.1687  (VIOLATED)
   u_NV_NVDLA_cmac/u_core/u_mac_1/u_exp/exp_sft_49_reg_0_/D
                              3.8905         4.0592 r      -0.1687  (VIOLATED)
   u_NV_NVDLA_cmac/u_core/u_mac_0/u_exp/exp_sft_09_reg_0_/D
                              3.8905         4.0591 r      -0.1686  (VIOLATED)
   u_NV_NVDLA_cmac/u_core/u_mac_7/u_exp/exp_sft_49_reg_1_/D
                              3.8909         4.0595 r      -0.1686  (VIOLATED)
   u_NV_NVDLA_cmac/u_core/u_mac_0/u_exp/exp_sft_52_reg_0_/D
                              3.8827         4.0513 r      -0.1686  (VIOLATED)
   u_NV_NVDLA_cmac/u_core/u_mac_0/u_exp/exp_sft_07_reg_3_/D
                              3.8889         4.0575 r      -0.1686  (VIOLATED)
   u_NV_NVDLA_cmac/u_core/u_mac_2/u_exp/exp_sft_58_reg_1_/D
                              3.8888         4.0573 r      -0.1685  (VIOLATED)
   u_NV_NVDLA_cmac/u_core/u_mac_4/u_exp/exp_sft_61_reg_3_/D
                              3.8906         4.0590 r      -0.1684  (VIOLATED)
   u_NV_NVDLA_cmac/u_core/u_mac_4/u_exp/exp_sft_32_reg_2_/D
                              3.8888         4.0572 r      -0.1684  (VIOLATED)
   u_NV_NVDLA_cmac/u_core/u_mac_7/u_exp/exp_sft_52_reg_0_/D
                              3.8890         4.0573 r      -0.1684  (VIOLATED)
   u_NV_NVDLA_cmac/u_core/u_mac_5/u_exp/exp_sft_46_reg_1_/D
                              3.8881         4.0564 r      -0.1683  (VIOLATED)
   u_NV_NVDLA_cmac/u_core/u_mac_2/u_exp/exp_sft_27_reg_3_/D
                              3.8904         4.0587 r      -0.1683  (VIOLATED)
   u_NV_NVDLA_cmac/u_core/u_mac_7/u_exp/exp_sft_42_reg_1_/D
                              3.8834         4.0517 r      -0.1682  (VIOLATED)
   u_NV_NVDLA_cmac/u_core/u_mac_0/u_exp/exp_sft_55_reg_0_/D
                              3.8827         4.0509 r      -0.1682  (VIOLATED)
   u_NV_NVDLA_cmac/u_core/u_mac_4/u_exp/exp_sft_59_reg_2_/D
                              3.8885         4.0567 r      -0.1682  (VIOLATED)
   u_NV_NVDLA_cmac/u_core/u_mac_6/u_exp/exp_sft_08_reg_3_/D
                              3.9002         4.0682 f      -0.1680  (VIOLATED)
   u_NV_NVDLA_cmac/u_core/u_mac_6/u_exp/exp_sft_58_reg_1_/D
                              3.8993         4.0673 f      -0.1680  (VIOLATED)
   u_NV_NVDLA_cmac/u_core/u_mac_0/u_exp/exp_sft_31_reg_3_/D
                              3.9003         4.0682 f      -0.1679  (VIOLATED)
   u_NV_NVDLA_cmac/u_core/u_mac_2/u_exp/exp_sft_07_reg_1_/D
                              3.8893         4.0571 r      -0.1679  (VIOLATED)
   u_NV_NVDLA_cmac/u_core/u_mac_0/u_exp/exp_sft_24_reg_1_/D
                              3.8892         4.0570 r      -0.1678  (VIOLATED)
   u_NV_NVDLA_cmac/u_core/u_mac_5/u_exp/exp_sft_47_reg_1_/D
                              3.8884         4.0561 r      -0.1677  (VIOLATED)
   u_NV_NVDLA_cmac/u_core/u_mac_5/u_exp/exp_sft_60_reg_1_/D
                              3.8881         4.0557 r      -0.1677  (VIOLATED)
   u_NV_NVDLA_cmac/u_core/u_mac_1/u_exp/exp_sft_60_reg_3_/D
                              3.8905         4.0582 r      -0.1677  (VIOLATED)
   u_NV_NVDLA_cmac/u_core/u_mac_2/u_exp/exp_sft_61_reg_2_/D
                              3.8881         4.0556 r      -0.1675  (VIOLATED)
   u_NV_NVDLA_cmac/u_core/u_mac_0/u_exp/exp_sft_28_reg_3_/D
                              3.9002         4.0676 f      -0.1675  (VIOLATED)
   u_NV_NVDLA_cmac/u_core/u_mac_0/u_exp/exp_sft_55_reg_3_/D
                              3.8890         4.0564 r      -0.1674  (VIOLATED)
   u_NV_NVDLA_cmac/u_core/u_mac_4/u_exp/exp_sft_38_reg_1_/D
                              3.8891         4.0564 r      -0.1674  (VIOLATED)
   u_NV_NVDLA_cmac/u_core/u_mac_3/u_exp/exp_sft_57_reg_0_/D
                              3.8887         4.0561 r      -0.1674  (VIOLATED)
   u_NV_NVDLA_cmac/u_core/u_mac_3/u_exp/exp_sft_17_reg_3_/D
                              3.8769         4.0443 r      -0.1673  (VIOLATED)
   u_NV_NVDLA_cmac/u_core/u_mac_6/u_exp/exp_sft_21_reg_3_/D
                              3.8999         4.0671 f      -0.1673  (VIOLATED)
   u_NV_NVDLA_cmac/u_core/u_mac_3/u_exp/exp_sft_16_reg_3_/D
                              3.8808         4.0480 f      -0.1672  (VIOLATED)
   u_NV_NVDLA_cmac/u_core/u_mac_0/u_exp/exp_sft_49_reg_3_/D
                              3.8999         4.0671 f      -0.1671  (VIOLATED)
   u_NV_NVDLA_cmac/u_core/u_mac_6/u_exp/exp_sft_08_reg_1_/D
                              3.8814         4.0485 r      -0.1671  (VIOLATED)
   u_NV_NVDLA_cmac/u_core/u_mac_2/u_exp/exp_sft_29_reg_1_/D
                              3.8892         4.0563 r      -0.1671  (VIOLATED)
   u_NV_NVDLA_cmac/u_core/u_mac_3/u_exp/exp_sft_61_reg_0_/D
                              3.8883         4.0552 r      -0.1670  (VIOLATED)
   u_NV_NVDLA_cmac/u_core/u_mac_4/u_exp/exp_sft_47_reg_2_/D
                              3.8885         4.0554 r      -0.1670  (VIOLATED)
   u_NV_NVDLA_cmac/u_core/u_mac_0/u_exp/exp_sft_27_reg_3_/D
                              3.8953         4.0622 f      -0.1669  (VIOLATED)
   u_NV_NVDLA_cmac/u_core/u_mac_4/u_exp/exp_sft_33_reg_2_/D
                              3.8888         4.0556 r      -0.1668  (VIOLATED)
   u_NV_NVDLA_cmac/u_core/u_mac_3/u_exp/exp_sft_53_reg_2_/D
                              3.8887         4.0554 r      -0.1668  (VIOLATED)
   u_NV_NVDLA_cmac/u_core/u_mac_2/u_exp/exp_sft_29_reg_3_/D
                              3.8905         4.0572 r      -0.1667  (VIOLATED)
   u_NV_NVDLA_cmac/u_core/u_mac_6/u_exp/exp_sft_12_reg_0_/D
                              3.8889         4.0554 r      -0.1666  (VIOLATED)
   u_NV_NVDLA_cmac/u_core/u_mac_2/u_exp/exp_sft_48_reg_1_/D
                              3.8893         4.0558 r      -0.1665  (VIOLATED)
   u_NV_NVDLA_cmac/u_core/u_mac_2/u_exp/exp_sft_58_reg_3_/D
                              3.8906         4.0571 r      -0.1665  (VIOLATED)
   u_NV_NVDLA_cmac/u_core/u_mac_1/u_exp/exp_sft_02_reg_3_/D
                              3.8890         4.0554 r      -0.1664  (VIOLATED)
   u_NV_NVDLA_cmac/u_core/u_mac_2/u_exp/exp_sft_28_reg_1_/D
                              3.8893         4.0557 r      -0.1663  (VIOLATED)
   u_NV_NVDLA_cmac/u_core/u_mac_6/u_exp/exp_sft_57_reg_0_/D
                              3.8888         4.0551 r      -0.1663  (VIOLATED)
   u_NV_NVDLA_cmac/u_core/u_mac_2/u_exp/exp_sft_13_reg_3_/D
                              3.8887         4.0550 r      -0.1663  (VIOLATED)
   u_NV_NVDLA_cmac/u_core/u_mac_3/u_exp/exp_sft_55_reg_2_/D
                              3.8887         4.0550 r      -0.1663  (VIOLATED)
   u_NV_NVDLA_cmac/u_core/u_mac_4/u_exp/exp_sft_28_reg_1_/D
                              3.8892         4.0554 r      -0.1662  (VIOLATED)
   u_NV_NVDLA_cmac/u_core/u_mac_4/u_exp/exp_sft_34_reg_1_/D
                              3.8893         4.0554 r      -0.1661  (VIOLATED)
   u_NV_NVDLA_cmac/u_core/u_mac_7/u_exp/exp_sft_44_reg_1_/D
                              3.8912         4.0573 r      -0.1661  (VIOLATED)
   u_NV_NVDLA_cmac/u_core/u_mac_1/u_exp/exp_sft_35_reg_2_/D
                              3.8904         4.0563 r      -0.1659  (VIOLATED)
   u_NV_NVDLA_cmac/u_core/u_mac_0/u_exp/exp_sft_45_reg_3_/D
                              3.8950         4.0607 f      -0.1657  (VIOLATED)
   u_NV_NVDLA_cmac/u_core/u_mac_4/u_exp/exp_sft_38_reg_2_/D
                              3.8888         4.0544 r      -0.1657  (VIOLATED)
   u_NV_NVDLA_cmac/u_core/u_mac_2/u_exp/exp_sft_09_reg_1_/D
                              3.8892         4.0549 r      -0.1656  (VIOLATED)
   u_NV_NVDLA_cmac/u_core/u_mac_6/u_exp/exp_sft_10_reg_0_/D
                              3.8889         4.0545 r      -0.1656  (VIOLATED)
   u_NV_NVDLA_cmac/u_core/u_mac_2/u_exp/exp_sft_06_reg_1_/D
                              3.8890         4.0546 r      -0.1655  (VIOLATED)
   u_NV_NVDLA_cmac/u_core/u_mac_3/u_exp/exp_sft_52_reg_2_/D
                              3.8885         4.0540 r      -0.1655  (VIOLATED)
   u_NV_NVDLA_cmac/u_core/u_mac_4/u_exp/exp_sft_59_reg_1_/D
                              3.8883         4.0537 r      -0.1654  (VIOLATED)
   u_NV_NVDLA_cmac/u_core/u_mac_0/u_exp/exp_sft_30_reg_3_/D
                              3.9002         4.0655 f      -0.1654  (VIOLATED)
   u_NV_NVDLA_cmac/u_core/u_mac_6/u_exp/exp_sft_05_reg_2_/D
                              3.8907         4.0560 r      -0.1653  (VIOLATED)
   u_NV_NVDLA_cmac/u_core/u_mac_3/u_exp/exp_sft_53_reg_3_/D
                              3.8903         4.0555 r      -0.1652  (VIOLATED)
   u_NV_NVDLA_cmac/u_core/u_mac_7/u_exp/exp_sft_12_reg_1_/D
                              3.8886         4.0538 r      -0.1652  (VIOLATED)
   u_NV_NVDLA_cmac/u_core/u_mac_0/u_exp/exp_sft_40_reg_3_/D
                              3.8811         4.0463 r      -0.1652  (VIOLATED)
   u_NV_NVDLA_cmac/u_core/u_mac_0/u_exp/exp_sft_25_reg_0_/D
                              3.8903         4.0555 r      -0.1652  (VIOLATED)
   u_NV_NVDLA_cmac/u_core/u_mac_2/u_exp/exp_sft_08_reg_1_/D
                              3.8892         4.0543 r      -0.1651  (VIOLATED)
   u_NV_NVDLA_cmac/u_core/u_mac_0/u_exp/exp_sft_32_reg_1_/D
                              3.8815         4.0466 r      -0.1651  (VIOLATED)
   u_NV_NVDLA_cmac/u_core/u_mac_7/u_exp/exp_sft_45_reg_1_/D
                              3.8834         4.0485 r      -0.1651  (VIOLATED)
   u_NV_NVDLA_cmac/u_core/u_mac_0/u_exp/exp_sft_62_reg_0_/D
                              3.8905         4.0555 r      -0.1650  (VIOLATED)
   u_NV_NVDLA_cmac/u_core/u_mac_7/u_exp/exp_sft_20_reg_3_/D
                              3.8902         4.0552 r      -0.1650  (VIOLATED)
   u_NV_NVDLA_cmac/u_core/u_mac_6/u_exp/exp_sft_25_reg_3_/D
                              3.8889         4.0538 r      -0.1649  (VIOLATED)
   u_NV_NVDLA_cmac/u_core/u_mac_1/u_exp/exp_sft_57_reg_3_/D
                              3.8905         4.0553 r      -0.1648  (VIOLATED)
   u_NV_NVDLA_cmac/u_core/u_mac_3/u_exp/exp_sft_46_reg_2_/D
                              3.8888         4.0536 r      -0.1648  (VIOLATED)
   u_NV_NVDLA_cmac/u_core/u_mac_3/u_exp/exp_sft_01_reg_1_/D
                              3.8905         4.0553 r      -0.1648  (VIOLATED)
   u_NV_NVDLA_cmac/u_core/u_mac_3/u_exp/exp_sft_45_reg_2_/D
                              3.8888         4.0535 r      -0.1647  (VIOLATED)
   u_NV_NVDLA_cmac/u_core/u_mac_2/u_exp/exp_sft_37_reg_1_/D
                              3.8892         4.0538 r      -0.1646  (VIOLATED)
   u_NV_NVDLA_cmac/u_core/u_mac_0/u_exp/exp_sft_36_reg_3_/D
                              3.9001         4.0647 f      -0.1645  (VIOLATED)
   u_NV_NVDLA_cmac/u_core/u_mac_7/u_exp/exp_sft_30_reg_1_/D
                              3.8996         4.0641 f      -0.1644  (VIOLATED)
   u_NV_NVDLA_cmac/u_core/u_mac_0/u_exp/exp_sft_08_reg_0_/D
                              3.8905         4.0549 r      -0.1643  (VIOLATED)
   u_NV_NVDLA_cmac/u_core/u_mac_0/u_exp/exp_sft_15_reg_1_/D
                              3.8816         4.0458 r      -0.1643  (VIOLATED)
   u_NV_NVDLA_cmac/u_core/u_mac_0/u_exp/exp_sft_45_reg_0_/D
                              3.8907         4.0550 r      -0.1643  (VIOLATED)
   u_NV_NVDLA_cmac/u_core/u_mac_4/u_exp/exp_sft_35_reg_1_/D
                              3.8893         4.0536 r      -0.1642  (VIOLATED)
   u_NV_NVDLA_cmac/u_core/u_mac_7/u_exp/exp_sft_53_reg_1_/D
                              3.8910         4.0552 r      -0.1642  (VIOLATED)
   u_NV_NVDLA_cmac/u_core/u_mac_3/u_exp/exp_sft_46_reg_3_/D
                              3.8905         4.0547 r      -0.1642  (VIOLATED)
   u_NV_NVDLA_cmac/u_core/u_mac_3/u_exp/exp_sft_51_reg_2_/D
                              3.8888         4.0530 r      -0.1642  (VIOLATED)
   u_NV_NVDLA_cmac/u_core/u_mac_0/u_exp/exp_sft_04_reg_2_/D
                              3.8885         4.0527 r      -0.1642  (VIOLATED)
   u_NV_NVDLA_cmac/u_core/u_mac_6/u_exp/exp_sft_07_reg_1_/D
                              3.8893         4.0534 r      -0.1642  (VIOLATED)
   u_NV_NVDLA_cmac/u_core/u_mac_5/u_exp/exp_sft_01_reg_1_/D
                              3.8959         4.0600 f      -0.1641  (VIOLATED)
   u_NV_NVDLA_cmac/u_core/u_mac_3/u_exp/exp_sft_48_reg_2_/D
                              3.8887         4.0526 r      -0.1640  (VIOLATED)
   u_NV_NVDLA_cmac/u_core/u_mac_0/u_exp/exp_sft_02_reg_0_/D
                              3.8902         4.0541 r      -0.1639  (VIOLATED)
   u_NV_NVDLA_cmac/u_core/u_mac_7/u_exp/exp_sft_62_reg_2_/D
                              3.9009         4.0647 f      -0.1639  (VIOLATED)
   u_NV_NVDLA_cmac/u_core/u_mac_5/u_exp/exp_sft_44_reg_1_/D
                              3.8878         4.0516 r      -0.1638  (VIOLATED)
   u_NV_NVDLA_cmac/u_core/u_mac_1/u_exp/exp_sft_05_reg_3_/D
                              3.8863         4.0501 f      -0.1638  (VIOLATED)
   u_NV_NVDLA_cmac/u_core/u_mac_1/u_exp/exp_sft_18_reg_3_/D
                              3.8887         4.0525 r      -0.1637  (VIOLATED)
   u_NV_NVDLA_cmac/u_core/u_mac_2/u_exp/exp_sft_20_reg_1_/D
                              3.8893         4.0530 r      -0.1637  (VIOLATED)
   u_NV_NVDLA_cmac/u_core/u_mac_3/u_exp/exp_sft_54_reg_2_/D
                              3.8888         4.0525 r      -0.1637  (VIOLATED)
   u_NV_NVDLA_cmac/u_core/u_mac_0/u_exp/exp_sft_02_reg_3_/D
                              3.9000         4.0636 f      -0.1637  (VIOLATED)
   u_NV_NVDLA_cmac/u_core/u_mac_0/u_exp/exp_sft_32_reg_0_/D
                              3.8827         4.0463 r      -0.1636  (VIOLATED)
   u_NV_NVDLA_cmac/u_core/u_mac_0/u_exp/exp_sft_42_reg_3_/D
                              3.8810         4.0445 r      -0.1635  (VIOLATED)
   u_NV_NVDLA_cmac/u_core/u_mac_2/u_exp/exp_sft_24_reg_1_/D
                              3.8893         4.0527 r      -0.1635  (VIOLATED)
   u_NV_NVDLA_cmac/u_core/u_mac_3/u_exp/exp_sft_45_reg_3_/D
                              3.8906         4.0540 r      -0.1634  (VIOLATED)
   u_NV_NVDLA_cmac/u_core/u_mac_3/u_exp/exp_sft_44_reg_2_/D
                              3.8827         4.0460 r      -0.1634  (VIOLATED)
   u_NV_NVDLA_cmac/u_core/u_mac_4/u_exp/exp_sft_46_reg_2_/D
                              3.8886         4.0520 r      -0.1633  (VIOLATED)
   u_NV_NVDLA_cmac/u_core/u_mac_3/u_exp/exp_sft_50_reg_3_/D
                              3.8902         4.0535 r      -0.1633  (VIOLATED)
   u_NV_NVDLA_cmac/u_core/u_mac_0/u_exp/exp_sft_16_reg_0_/D
                              3.8906         4.0539 r      -0.1633  (VIOLATED)
   u_NV_NVDLA_cmac/u_core/u_mac_6/u_exp/exp_sft_10_reg_2_/D
                              3.8884         4.0517 r      -0.1633  (VIOLATED)
   u_NV_NVDLA_cmac/u_core/u_mac_6/u_exp/exp_sft_54_reg_0_/D
                              3.8806         4.0438 r      -0.1633  (VIOLATED)
   u_NV_NVDLA_cmac/u_core/u_mac_0/u_exp/exp_sft_62_reg_3_/D
                              3.8901         4.0533 r      -0.1633  (VIOLATED)
   u_NV_NVDLA_cmac/u_core/u_mac_4/u_exp/exp_sft_44_reg_1_/D
                              3.8893         4.0525 r      -0.1632  (VIOLATED)
   u_NV_NVDLA_cmac/u_core/u_mac_6/u_exp/exp_sft_03_reg_1_/D
                              3.8893         4.0524 r      -0.1631  (VIOLATED)
   u_NV_NVDLA_cmac/u_core/u_mac_6/u_exp/exp_sft_63_reg_1_/D
                              3.8888         4.0517 f      -0.1630  (VIOLATED)
   u_NV_NVDLA_cmac/u_core/u_mac_0/u_exp/exp_sft_14_reg_3_/D
                              3.8890         4.0519 r      -0.1629  (VIOLATED)
   u_NV_NVDLA_cmac/u_core/u_mac_4/u_exp/exp_sft_58_reg_2_/D
                              3.8886         4.0514 r      -0.1629  (VIOLATED)
   u_NV_NVDLA_cmac/u_core/u_mac_6/u_exp/exp_sft_10_reg_1_/D
                              3.8889         4.0517 r      -0.1629  (VIOLATED)
   u_NV_NVDLA_cmac/u_core/u_mac_6/u_exp/exp_sft_05_reg_3_/D
                              3.8873         4.0502 r      -0.1628  (VIOLATED)
   u_NV_NVDLA_cmac/u_core/u_mac_4/u_exp/exp_sft_63_reg_2_/D
                              3.9012         4.0640 f      -0.1628  (VIOLATED)
   u_NV_NVDLA_cmac/u_core/u_mac_6/u_exp/exp_sft_41_reg_1_/D
                              3.8893         4.0520 r      -0.1627  (VIOLATED)
   u_NV_NVDLA_cmac/u_core/u_mac_4/u_exp/exp_sft_58_reg_1_/D
                              3.8886         4.0513 r      -0.1626  (VIOLATED)
   u_NV_NVDLA_cmac/u_core/u_mac_2/u_exp/exp_sft_14_reg_1_/D
                              3.8893         4.0519 r      -0.1626  (VIOLATED)
   u_NV_NVDLA_cmac/u_core/u_mac_0/u_exp/exp_sft_05_reg_0_/D
                              3.8907         4.0532 r      -0.1625  (VIOLATED)
   u_NV_NVDLA_cmac/u_core/u_mac_0/u_exp/exp_sft_49_reg_0_/D
                              3.8904         4.0528 r      -0.1624  (VIOLATED)
   u_NV_NVDLA_cmac/u_core/u_mac_2/u_exp/exp_sft_25_reg_1_/D
                              3.8893         4.0516 r      -0.1623  (VIOLATED)
   u_NV_NVDLA_cmac/u_core/u_mac_4/u_exp/exp_sft_17_reg_2_/D
                              3.8889         4.0511 r      -0.1623  (VIOLATED)
   u_NV_NVDLA_cmac/u_core/u_mac_7/u_exp/exp_sft_37_reg_1_/D
                              3.8995         4.0618 f      -0.1623  (VIOLATED)
   u_NV_NVDLA_cmac/u_core/u_mac_0/u_exp/exp_sft_41_reg_0_/D
                              3.8904         4.0526 r      -0.1622  (VIOLATED)
   u_NV_NVDLA_cmac/u_core/u_mac_0/u_exp/exp_sft_34_reg_0_/D
                              3.8827         4.0448 r      -0.1621  (VIOLATED)
   u_NV_NVDLA_cmac/u_core/u_mac_2/u_exp/exp_sft_33_reg_3_/D
                              3.8812         4.0433 r      -0.1621  (VIOLATED)
   u_NV_NVDLA_cmac/u_core/u_mac_0/u_exp/exp_sft_10_reg_0_/D
                              3.8905         4.0525 r      -0.1620  (VIOLATED)
   u_NV_NVDLA_cmac/u_core/u_mac_2/u_exp/exp_sft_01_reg_2_/D
                              3.8887         4.0507 r      -0.1620  (VIOLATED)
   u_NV_NVDLA_cmac/u_core/u_mac_4/u_exp/exp_sft_09_reg_1_/D
                              3.8892         4.0513 r      -0.1620  (VIOLATED)
   u_NV_NVDLA_cmac/u_core/u_mac_0/u_exp/exp_sft_52_reg_1_/D
                              3.8814         4.0434 r      -0.1620  (VIOLATED)
   u_NV_NVDLA_cmac/u_core/u_mac_2/u_exp/exp_sft_13_reg_1_/D
                              3.8893         4.0512 r      -0.1620  (VIOLATED)
   u_NV_NVDLA_cmac/u_core/u_mac_0/u_exp/exp_sft_40_reg_0_/D
                              3.8905         4.0525 r      -0.1620  (VIOLATED)
   u_NV_NVDLA_cmac/u_core/u_mac_2/u_exp/exp_sft_43_reg_1_/D
                              3.8893         4.0512 r      -0.1619  (VIOLATED)
   u_NV_NVDLA_cmac/u_core/u_mac_0/u_exp/exp_sft_46_reg_0_/D
                              3.8905         4.0523 r      -0.1619  (VIOLATED)
   u_NV_NVDLA_cmac/u_core/u_mac_0/u_exp/exp_sft_22_reg_3_/D
                              3.9002         4.0619 f      -0.1618  (VIOLATED)
   u_NV_NVDLA_cmac/u_core/u_mac_5/u_exp/exp_sft_63_reg_3_/D
                              3.8889         4.0506 r      -0.1617  (VIOLATED)
   u_NV_NVDLA_cmac/u_core/u_mac_3/u_exp/exp_sft_47_reg_2_/D
                              3.8887         4.0504 r      -0.1617  (VIOLATED)
   u_NV_NVDLA_cmac/u_core/u_mac_0/u_exp/exp_sft_01_reg_0_/D
                              3.8906         4.0522 r      -0.1616  (VIOLATED)
   u_NV_NVDLA_cmac/u_core/u_mac_7/u_exp/exp_sft_54_reg_1_/D
                              3.8912         4.0527 r      -0.1614  (VIOLATED)
   u_NV_NVDLA_cmac/u_core/u_mac_0/u_exp/exp_sft_44_reg_0_/D
                              3.8905         4.0518 r      -0.1613  (VIOLATED)
   u_NV_NVDLA_cmac/u_core/u_mac_6/u_exp/exp_sft_62_reg_3_/D
                              3.8886         4.0499 r      -0.1613  (VIOLATED)
   u_NV_NVDLA_cmac/u_core/u_mac_0/u_exp/exp_sft_43_reg_3_/D
                              3.8952         4.0565 f      -0.1613  (VIOLATED)
   u_NV_NVDLA_cmac/u_core/u_mac_3/u_exp/exp_sft_48_reg_3_/D
                              3.8905         4.0518 r      -0.1613  (VIOLATED)
   u_NV_NVDLA_cmac/u_core/u_mac_6/u_exp/exp_sft_09_reg_1_/D
                              3.8815         4.0427 r      -0.1612  (VIOLATED)
   u_NV_NVDLA_cmac/u_core/u_mac_3/u_exp/exp_sft_49_reg_2_/D
                              3.8889         4.0502 r      -0.1612  (VIOLATED)
   u_NV_NVDLA_cmac/u_core/u_mac_2/u_exp/exp_sft_62_reg_3_/D
                              3.8889         4.0502 r      -0.1612  (VIOLATED)
   u_NV_NVDLA_cmac/u_core/u_mac_4/u_exp/exp_sft_30_reg_1_/D
                              3.8893         4.0505 r      -0.1612  (VIOLATED)
   u_NV_NVDLA_cmac/u_core/u_mac_0/u_exp/exp_sft_48_reg_0_/D
                              3.8906         4.0517 r      -0.1611  (VIOLATED)
   u_NV_NVDLA_cmac/u_core/u_mac_6/u_exp/exp_sft_60_reg_1_/D
                              3.8912         4.0523 r      -0.1611  (VIOLATED)
   u_NV_NVDLA_cmac/u_core/u_mac_6/u_exp/exp_sft_06_reg_0_/D
                              3.9002         4.0612 f      -0.1610  (VIOLATED)
   u_NV_NVDLA_cmac/u_core/u_mac_7/u_exp/exp_sft_50_reg_1_/D
                              3.8911         4.0520 r      -0.1609  (VIOLATED)
   u_NV_NVDLA_cmac/u_core/u_mac_7/u_exp/exp_sft_55_reg_1_/D
                              3.8912         4.0520 r      -0.1609  (VIOLATED)
   u_NV_NVDLA_cmac/u_core/u_mac_0/u_exp/exp_sft_42_reg_0_/D
                              3.8907         4.0515 r      -0.1608  (VIOLATED)
   u_NV_NVDLA_cmac/u_core/u_mac_1/u_exp/exp_sft_46_reg_1_/D
                              3.8999         4.0605 f      -0.1606  (VIOLATED)
   u_NV_NVDLA_cmac/u_core/u_mac_1/u_exp/exp_sft_14_reg_3_/D
                              3.8888         4.0494 r      -0.1606  (VIOLATED)
   u_NV_NVDLA_cmac/u_core/u_mac_0/u_exp/exp_sft_14_reg_0_/D
                              3.8905         4.0511 r      -0.1605  (VIOLATED)
   u_NV_NVDLA_cmac/u_core/u_mac_6/u_exp/exp_sft_02_reg_1_/D
                              3.8815         4.0420 r      -0.1605  (VIOLATED)
   u_NV_NVDLA_cmac/u_core/u_mac_6/u_exp/exp_sft_09_reg_3_/D
                              3.9001         4.0605 f      -0.1605  (VIOLATED)
   u_NV_NVDLA_cmac/u_core/u_mac_0/u_exp/exp_sft_13_reg_2_/D
                              3.8906         4.0511 r      -0.1604  (VIOLATED)
   u_NV_NVDLA_cmac/u_core/u_mac_0/u_exp/exp_sft_39_reg_3_/D
                              3.9002         4.0606 f      -0.1604  (VIOLATED)
   u_NV_NVDLA_cmac/u_core/u_mac_5/u_exp/exp_sft_00_reg_3_/D
                              3.8833         4.0437 f      -0.1604  (VIOLATED)
   u_NV_NVDLA_cmac/u_core/u_mac_3/u_exp/exp_sft_52_reg_3_/D
                              3.8904         4.0507 r      -0.1603  (VIOLATED)
   u_NV_NVDLA_cmac/u_core/u_mac_6/u_exp/exp_sft_56_reg_3_/D
                              3.8885         4.0488 r      -0.1603  (VIOLATED)
   u_NV_NVDLA_cmac/u_core/u_mac_2/u_exp/exp_sft_46_reg_1_/D
                              3.8893         4.0496 r      -0.1603  (VIOLATED)
   u_NV_NVDLA_cmac/u_core/u_mac_0/u_exp/exp_sft_43_reg_0_/D
                              3.8906         4.0508 r      -0.1603  (VIOLATED)
   u_NV_NVDLA_cmac/u_core/u_mac_0/u_exp/exp_sft_54_reg_0_/D
                              3.8907         4.0509 r      -0.1603  (VIOLATED)
   u_NV_NVDLA_cmac/u_core/u_mac_2/u_exp/exp_sft_01_reg_3_/D
                              3.8881         4.0482 f      -0.1602  (VIOLATED)
   u_NV_NVDLA_cmac/u_core/u_mac_1/u_exp/exp_sft_22_reg_3_/D
                              3.8889         4.0491 r      -0.1602  (VIOLATED)
   u_NV_NVDLA_cmac/u_core/u_mac_0/u_exp/exp_sft_51_reg_0_/D
                              3.8906         4.0507 r      -0.1601  (VIOLATED)
   u_NV_NVDLA_cmac/u_core/u_mac_3/u_exp/exp_sft_16_reg_2_/D
                              3.8868         4.0469 r      -0.1600  (VIOLATED)
   u_NV_NVDLA_cmac/u_core/u_mac_0/u_exp/exp_sft_06_reg_0_/D
                              3.8905         4.0505 r      -0.1600  (VIOLATED)
   u_NV_NVDLA_cmac/u_core/u_mac_2/u_exp/exp_sft_27_reg_1_/D
                              3.8893         4.0492 r      -0.1600  (VIOLATED)
   u_NV_NVDLA_cmac/u_core/u_mac_2/u_exp/exp_sft_44_reg_1_/D
                              3.8893         4.0492 r      -0.1599  (VIOLATED)
   u_NV_NVDLA_cmac/u_core/u_mac_1/u_exp/exp_sft_39_reg_1_/D
                              3.8995         4.0593 f      -0.1598  (VIOLATED)
   u_NV_NVDLA_cmac/u_core/u_mac_0/u_exp/exp_sft_13_reg_0_/D
                              3.8906         4.0504 r      -0.1598  (VIOLATED)
   u_NV_NVDLA_cmac/u_core/u_mac_0/u_exp/exp_sft_12_reg_0_/D
                              3.8906         4.0503 r      -0.1597  (VIOLATED)
   u_NV_NVDLA_cmac/u_core/u_mac_2/u_exp/exp_sft_42_reg_1_/D
                              3.8893         4.0490 r      -0.1597  (VIOLATED)
   u_NV_NVDLA_cmac/u_core/u_mac_7/u_exp/exp_sft_48_reg_1_/D
                              3.8911         4.0506 r      -0.1595  (VIOLATED)
   u_NV_NVDLA_cmac/u_core/u_mac_0/u_exp/exp_sft_48_reg_1_/D
                              3.8815         4.0410 r      -0.1595  (VIOLATED)
   u_NV_NVDLA_cmac/u_core/u_mac_5/u_exp/exp_sft_59_reg_0_/D
                              3.8888         4.0483 r      -0.1595  (VIOLATED)
   u_NV_NVDLA_cmac/u_core/u_mac_3/u_exp/exp_sft_50_reg_2_/D
                              3.8888         4.0483 r      -0.1595  (VIOLATED)
   u_NV_NVDLA_cmac/u_core/u_mac_1/u_exp/exp_sft_58_reg_3_/D
                              3.8904         4.0498 r      -0.1594  (VIOLATED)
   u_NV_NVDLA_cmac/u_core/u_mac_3/u_exp/exp_sft_49_reg_3_/D
                              3.8905         4.0499 r      -0.1594  (VIOLATED)
   u_NV_NVDLA_cmac/u_core/u_mac_3/u_exp/exp_sft_29_reg_2_/D
                              3.8885         4.0477 r      -0.1592  (VIOLATED)
   u_NV_NVDLA_cmac/u_core/u_mac_0/u_exp/exp_sft_11_reg_0_/D
                              3.8906         4.0498 r      -0.1592  (VIOLATED)
   u_NV_NVDLA_cmac/u_core/u_mac_2/u_exp/exp_sft_10_reg_1_/D
                              3.8894         4.0485 r      -0.1592  (VIOLATED)
   u_NV_NVDLA_cmac/u_core/u_mac_7/u_exp/exp_sft_51_reg_1_/D
                              3.8912         4.0503 r      -0.1591  (VIOLATED)
   u_NV_NVDLA_cmac/u_core/u_mac_3/u_exp/exp_sft_22_reg_2_/D
                              3.8888         4.0479 r      -0.1591  (VIOLATED)
   u_NV_NVDLA_cmac/u_core/u_mac_0/u_exp/exp_sft_03_reg_0_/D
                              3.8905         4.0496 r      -0.1590  (VIOLATED)
   u_NV_NVDLA_cmac/u_core/u_mac_0/u_exp/exp_sft_10_reg_3_/D
                              3.8888         4.0477 r      -0.1590  (VIOLATED)
   u_NV_NVDLA_cmac/u_core/u_mac_0/u_exp/exp_sft_36_reg_1_/D
                              3.8893         4.0482 r      -0.1589  (VIOLATED)
   u_NV_NVDLA_cmac/u_core/u_mac_2/u_exp/exp_sft_05_reg_3_/D
                              3.8905         4.0494 r      -0.1589  (VIOLATED)
   u_NV_NVDLA_cmac/u_core/u_mac_2/u_exp/exp_sft_11_reg_1_/D
                              3.8893         4.0480 r      -0.1587  (VIOLATED)
   u_NV_NVDLA_cmac/u_core/u_mac_7/u_exp/exp_sft_38_reg_1_/D
                              3.8999         4.0585 f      -0.1587  (VIOLATED)
   u_NV_NVDLA_cmac/u_core/u_mac_2/u_exp/exp_sft_47_reg_1_/D
                              3.8893         4.0479 r      -0.1586  (VIOLATED)
   u_NV_NVDLA_cmac/u_core/u_mac_0/u_exp/exp_sft_44_reg_3_/D
                              3.8887         4.0473 r      -0.1585  (VIOLATED)
   u_NV_NVDLA_cmac/u_core/u_mac_6/u_exp/exp_sft_36_reg_2_/D
                              3.8939         4.0524 f      -0.1585  (VIOLATED)
   u_NV_NVDLA_cmac/u_core/u_mac_0/u_exp/exp_sft_08_reg_2_/D
                              3.8904         4.0488 r      -0.1584  (VIOLATED)
   u_NV_NVDLA_cmac/u_core/u_mac_7/u_exp/exp_sft_36_reg_1_/D
                              3.9000         4.0583 f      -0.1584  (VIOLATED)
   u_NV_NVDLA_cmac/u_core/u_mac_0/u_exp/exp_sft_23_reg_1_/D
                              3.8894         4.0477 r      -0.1583  (VIOLATED)
   u_NV_NVDLA_cmac/u_core/u_mac_3/u_exp/exp_sft_26_reg_2_/D
                              3.8888         4.0467 r      -0.1580  (VIOLATED)
   u_NV_NVDLA_cmac/u_core/u_mac_2/u_exp/exp_sft_33_reg_1_/D
                              3.8815         4.0395 r      -0.1580  (VIOLATED)
   u_NV_NVDLA_cmac/u_core/u_mac_4/u_exp/exp_sft_14_reg_1_/D
                              3.8893         4.0472 r      -0.1580  (VIOLATED)
   u_NV_NVDLA_cmac/u_core/u_mac_7/u_exp/exp_sft_32_reg_1_/D
                              3.8999         4.0577 f      -0.1578  (VIOLATED)
   u_NV_NVDLA_cmac/u_core/u_mac_0/u_exp/exp_sft_55_reg_1_/D
                              3.8814         4.0391 r      -0.1577  (VIOLATED)
   u_NV_NVDLA_cmac/u_core/u_mac_0/u_exp/exp_sft_14_reg_2_/D
                              3.8889         4.0466 r      -0.1576  (VIOLATED)
   u_NV_NVDLA_cmac/u_core/u_mac_3/u_exp/exp_sft_24_reg_2_/D
                              3.8887         4.0464 r      -0.1576  (VIOLATED)
   u_NV_NVDLA_cmac/u_core/u_mac_4/u_exp/exp_sft_42_reg_2_/D
                              3.9011         4.0587 f      -0.1576  (VIOLATED)
   u_NV_NVDLA_cmac/u_core/u_mac_0/u_exp/exp_sft_22_reg_1_/D
                              3.8892         4.0467 r      -0.1575  (VIOLATED)
   u_NV_NVDLA_cmac/u_core/u_mac_7/u_exp/exp_sft_31_reg_1_/D
                              3.8995         4.0570 f      -0.1574  (VIOLATED)
   u_NV_NVDLA_cmac/u_core/u_mac_3/u_exp/exp_sft_25_reg_2_/D
                              3.8886         4.0459 r      -0.1573  (VIOLATED)
   u_NV_NVDLA_cmac/u_core/u_mac_0/u_exp/exp_sft_19_reg_1_/D
                              3.8892         4.0465 r      -0.1573  (VIOLATED)
   u_NV_NVDLA_cmac/u_core/u_mac_7/u_exp/exp_sft_35_reg_1_/D
                              3.8992         4.0565 f      -0.1573  (VIOLATED)
   u_NV_NVDLA_cmac/u_core/u_mac_2/u_exp/exp_sft_41_reg_1_/D
                              3.8893         4.0465 r      -0.1572  (VIOLATED)
   u_NV_NVDLA_cmac/u_core/u_mac_3/u_exp/exp_sft_09_reg_1_/D
                              3.8893         4.0464 r      -0.1571  (VIOLATED)
   u_NV_NVDLA_cmac/u_core/u_mac_7/u_exp/exp_sft_05_reg_1_/D
                              3.8871         4.0442 r      -0.1571  (VIOLATED)
   u_NV_NVDLA_cmac/u_core/u_mac_0/u_exp/exp_sft_36_reg_0_/D
                              3.8905         4.0476 r      -0.1570  (VIOLATED)
   u_NV_NVDLA_cmac/u_core/u_mac_6/u_exp/exp_sft_00_reg_0_/D
                              3.9003         4.0573 f      -0.1570  (VIOLATED)
   u_NV_NVDLA_cmac/u_core/u_mac_5/u_exp/exp_sft_45_reg_0_/D
                              3.8887         4.0457 r      -0.1570  (VIOLATED)
   u_NV_NVDLA_cmac/u_core/u_mac_7/u_exp/exp_sft_52_reg_1_/D
                              3.8913         4.0481 r      -0.1569  (VIOLATED)
   u_NV_NVDLA_cmac/u_core/u_mac_2/u_exp/exp_sft_40_reg_1_/D
                              3.8893         4.0461 r      -0.1568  (VIOLATED)
   u_NV_NVDLA_cmac/u_core/u_mac_0/u_exp/exp_sft_17_reg_0_/D
                              3.8887         4.0454 r      -0.1567  (VIOLATED)
   u_NV_NVDLA_cmac/u_core/u_mac_0/u_exp/exp_sft_39_reg_1_/D
                              3.8893         4.0460 r      -0.1567  (VIOLATED)
   u_NV_NVDLA_cmac/u_core/u_mac_7/u_exp/exp_sft_34_reg_1_/D
                              3.8997         4.0563 f      -0.1566  (VIOLATED)
   u_NV_NVDLA_cmac/u_core/u_mac_3/u_exp/exp_sft_17_reg_2_/D
                              3.8879         4.0444 r      -0.1565  (VIOLATED)
   u_NV_NVDLA_cmac/u_core/u_mac_5/u_exp/exp_sft_60_reg_0_/D
                              3.8887         4.0452 r      -0.1565  (VIOLATED)
   u_NV_NVDLA_cmac/u_core/u_mac_3/u_exp/exp_sft_33_reg_2_/D
                              3.8888         4.0453 r      -0.1565  (VIOLATED)
   u_NV_NVDLA_cmac/u_core/u_mac_7/u_exp/exp_sft_04_reg_3_/D
                              3.8890         4.0454 r      -0.1564  (VIOLATED)
   u_NV_NVDLA_cmac/u_core/u_mac_7/u_exp/exp_sft_43_reg_1_/D
                              3.8913         4.0477 r      -0.1564  (VIOLATED)
   u_NV_NVDLA_cmac/u_core/u_mac_0/u_exp/exp_sft_25_reg_3_/D
                              3.8879         4.0443 r      -0.1564  (VIOLATED)
   u_NV_NVDLA_cmac/u_core/u_mac_6/u_exp/exp_sft_56_reg_0_/D
                              3.8879         4.0441 f      -0.1561  (VIOLATED)
   u_NV_NVDLA_cmac/u_core/u_mac_0/u_exp/exp_sft_28_reg_0_/D
                              3.8903         4.0464 r      -0.1561  (VIOLATED)
   u_NV_NVDLA_cmac/u_core/u_mac_0/u_exp/exp_sft_16_reg_1_/D
                              3.8891         4.0452 r      -0.1560  (VIOLATED)
   u_NV_NVDLA_cmac/u_core/u_mac_0/u_exp/exp_sft_33_reg_0_/D
                              3.8903         4.0463 r      -0.1560  (VIOLATED)
   u_NV_NVDLA_cmac/u_core/u_mac_4/u_exp/exp_sft_26_reg_3_/D
                              3.8825         4.0384 r      -0.1559  (VIOLATED)
   u_NV_NVDLA_cmac/u_core/u_mac_5/u_exp/exp_sft_05_reg_0_/D
                              3.8886         4.0445 r      -0.1559  (VIOLATED)
   u_NV_NVDLA_cmac/u_core/u_mac_0/u_exp/exp_sft_31_reg_1_/D
                              3.8894         4.0452 r      -0.1557  (VIOLATED)
   u_NV_NVDLA_cmac/u_core/u_mac_3/u_exp/exp_sft_20_reg_3_/D
                              3.8864         4.0419 r      -0.1555  (VIOLATED)
   u_NV_NVDLA_cmac/u_core/u_mac_0/u_exp/exp_sft_47_reg_1_/D
                              3.8892         4.0447 r      -0.1555  (VIOLATED)
   u_NV_NVDLA_cmac/u_core/u_mac_2/u_exp/exp_sft_31_reg_1_/D
                              3.8892         4.0445 r      -0.1552  (VIOLATED)
   u_NV_NVDLA_cmac/u_core/u_mac_1/u_exp/exp_sft_13_reg_3_/D
                              3.8887         4.0439 r      -0.1552  (VIOLATED)
   u_NV_NVDLA_cmac/u_core/u_mac_6/u_exp/exp_sft_06_reg_1_/D
                              3.8894         4.0443 r      -0.1550  (VIOLATED)
   u_NV_NVDLA_cmac/u_core/u_mac_2/u_exp/exp_sft_15_reg_1_/D
                              3.8893         4.0442 r      -0.1549  (VIOLATED)
   u_NV_NVDLA_cmac/u_core/u_mac_4/u_exp/exp_sft_16_reg_1_/D
                              3.8892         4.0441 r      -0.1549  (VIOLATED)
   u_NV_NVDLA_cmac/u_core/u_mac_0/u_exp/exp_sft_19_reg_0_/D
                              3.8905         4.0452 r      -0.1548  (VIOLATED)
   u_NV_NVDLA_cmac/u_core/u_mac_4/u_exp/exp_sft_49_reg_1_/D
                              3.8893         4.0440 r      -0.1548  (VIOLATED)
   u_NV_NVDLA_cmac/u_core/u_mac_4/u_exp/exp_sft_47_reg_1_/D
                              3.8892         4.0440 r      -0.1547  (VIOLATED)
   u_NV_NVDLA_cmac/u_core/u_mac_0/u_exp/exp_sft_38_reg_1_/D
                              3.8893         4.0439 r      -0.1546  (VIOLATED)
   u_NV_NVDLA_cmac/u_core/u_mac_5/u_exp/exp_sft_46_reg_0_/D
                              3.8887         4.0432 r      -0.1545  (VIOLATED)
   u_NV_NVDLA_cmac/u_core/u_mac_5/u_exp/exp_sft_47_reg_0_/D
                              3.8886         4.0431 r      -0.1545  (VIOLATED)
   u_NV_NVDLA_cmac/u_core/u_mac_0/u_exp/exp_sft_35_reg_0_/D
                              3.8904         4.0449 r      -0.1545  (VIOLATED)
   u_NV_NVDLA_cmac/u_core/u_mac_0/u_exp/exp_sft_29_reg_0_/D
                              3.8905         4.0450 r      -0.1545  (VIOLATED)
   u_NV_NVDLA_cmac/u_core/u_mac_0/u_exp/exp_sft_39_reg_0_/D
                              3.8906         4.0450 r      -0.1545  (VIOLATED)
   u_NV_NVDLA_cmac/u_core/u_mac_0/u_exp/exp_sft_27_reg_1_/D
                              3.8893         4.0437 r      -0.1544  (VIOLATED)
   u_NV_NVDLA_cmac/u_core/u_mac_3/u_exp/exp_sft_18_reg_2_/D
                              3.8888         4.0432 r      -0.1544  (VIOLATED)
   u_NV_NVDLA_cmac/u_core/u_mac_6/u_exp/exp_sft_47_reg_3_/D
                              3.8888         4.0431 r      -0.1544  (VIOLATED)
   u_NV_NVDLA_cmac/u_core/u_mac_2/u_exp/exp_sft_05_reg_2_/D
                              3.9000         4.0543 f      -0.1543  (VIOLATED)
   u_NV_NVDLA_cmac/u_core/u_mac_0/u_exp/exp_sft_47_reg_0_/D
                              3.8906         4.0448 r      -0.1542  (VIOLATED)
   u_NV_NVDLA_cmac/u_core/u_mac_0/u_exp/exp_sft_48_reg_3_/D
                              3.9003         4.0545 f      -0.1542  (VIOLATED)
   u_NV_NVDLA_cmac/u_core/u_mac_7/u_exp/exp_sft_15_reg_1_/D
                              3.8810         4.0351 r      -0.1541  (VIOLATED)
   u_NV_NVDLA_cmac/u_core/u_mac_0/u_exp/exp_sft_30_reg_0_/D
                              3.8907         4.0447 r      -0.1540  (VIOLATED)
   u_NV_NVDLA_cmac/u_core/u_mac_4/u_exp/exp_sft_42_reg_3_/D
                              3.8887         4.0427 r      -0.1540  (VIOLATED)
   u_NV_NVDLA_cmac/u_core/u_mac_3/u_exp/exp_sft_26_reg_1_/D
                              3.8891         4.0430 r      -0.1540  (VIOLATED)
   u_NV_NVDLA_cmac/u_core/u_mac_0/u_exp/exp_sft_37_reg_0_/D
                              3.8906         4.0445 r      -0.1539  (VIOLATED)
   u_NV_NVDLA_cmac/u_core/u_mac_4/u_exp/exp_sft_57_reg_3_/D
                              3.8906         4.0444 r      -0.1539  (VIOLATED)
   u_NV_NVDLA_cmac/u_core/u_mac_4/u_exp/exp_sft_05_reg_1_/D
                              3.8826         4.0365 r      -0.1538  (VIOLATED)
   u_NV_NVDLA_cmac/u_core/u_mac_3/u_exp/exp_sft_42_reg_1_/D
                              3.8816         4.0354 r      -0.1538  (VIOLATED)
   u_NV_NVDLA_cmac/u_core/u_mac_0/u_exp/exp_sft_38_reg_0_/D
                              3.8906         4.0444 r      -0.1538  (VIOLATED)
   u_NV_NVDLA_cmac/u_core/u_mac_0/u_exp/exp_sft_17_reg_1_/D
                              3.8893         4.0431 r      -0.1538  (VIOLATED)
   u_NV_NVDLA_cmac/u_core/u_mac_2/u_exp/exp_sft_30_reg_1_/D
                              3.8894         4.0431 r      -0.1538  (VIOLATED)
   u_NV_NVDLA_cmac/u_core/u_mac_3/u_exp/exp_sft_19_reg_2_/D
                              3.8887         4.0423 r      -0.1536  (VIOLATED)
   u_NV_NVDLA_cmac/u_core/u_mac_1/u_exp/exp_sft_59_reg_1_/D
                              3.8995         4.0531 f      -0.1536  (VIOLATED)
   u_NV_NVDLA_cmac/u_core/u_mac_0/u_exp/exp_sft_63_reg_1_/D
                              3.8908         4.0444 f      -0.1536  (VIOLATED)
   u_NV_NVDLA_cmac/u_core/u_mac_3/u_exp/exp_sft_23_reg_2_/D
                              3.8886         4.0422 r      -0.1536  (VIOLATED)
   u_NV_NVDLA_cmac/u_core/u_mac_0/u_exp/exp_sft_31_reg_0_/D
                              3.8906         4.0441 r      -0.1535  (VIOLATED)
   u_NV_NVDLA_cmac/u_core/u_mac_2/u_exp/exp_sft_62_reg_2_/D
                              3.8881         4.0416 r      -0.1534  (VIOLATED)
   u_NV_NVDLA_cmac/u_core/u_mac_0/u_exp/exp_sft_22_reg_0_/D
                              3.8906         4.0440 r      -0.1534  (VIOLATED)
   u_NV_NVDLA_cmac/u_core/u_mac_0/u_exp/exp_sft_18_reg_0_/D
                              3.8906         4.0439 r      -0.1534  (VIOLATED)
   u_NV_NVDLA_cmac/u_core/u_mac_1/u_exp/exp_sft_55_reg_1_/D
                              3.8994         4.0527 f      -0.1533  (VIOLATED)
   u_NV_NVDLA_cmac/u_core/u_mac_3/u_exp/exp_sft_31_reg_1_/D
                              3.8892         4.0423 r      -0.1531  (VIOLATED)
   u_NV_NVDLA_cmac/u_core/u_mac_3/u_exp/exp_sft_48_reg_1_/D
                              3.8893         4.0424 r      -0.1531  (VIOLATED)
   u_NV_NVDLA_cmac/u_core/u_mac_0/u_exp/exp_sft_26_reg_0_/D
                              3.8906         4.0437 r      -0.1531  (VIOLATED)
   u_NV_NVDLA_cmac/u_core/u_mac_3/u_exp/exp_sft_37_reg_2_/D
                              3.8887         4.0418 r      -0.1530  (VIOLATED)
   u_NV_NVDLA_cmac/u_core/u_mac_7/u_exp/exp_sft_21_reg_1_/D
                              3.8874         4.0404 r      -0.1530  (VIOLATED)
   u_NV_NVDLA_cmac/u_core/u_mac_0/u_exp/exp_sft_28_reg_1_/D
                              3.8892         4.0421 r      -0.1529  (VIOLATED)
   u_NV_NVDLA_cmac/u_core/u_mac_0/u_exp/exp_sft_15_reg_0_/D
                              3.8905         4.0434 r      -0.1529  (VIOLATED)
   u_NV_NVDLA_cmac/u_core/u_mac_4/u_exp/exp_sft_17_reg_1_/D
                              3.8893         4.0422 r      -0.1529  (VIOLATED)
   u_NV_NVDLA_cmac/u_core/u_mac_6/u_exp/exp_sft_54_reg_1_/D
                              3.8892         4.0421 r      -0.1529  (VIOLATED)
   u_NV_NVDLA_cmac/u_core/u_mac_1/u_exp/exp_sft_57_reg_1_/D
                              3.8999         4.0527 f      -0.1529  (VIOLATED)
   u_NV_NVDLA_cmac/u_core/u_mac_0/u_exp/exp_sft_07_reg_0_/D
                              3.8906         4.0435 r      -0.1528  (VIOLATED)
   u_NV_NVDLA_cmac/u_core/u_mac_0/u_exp/exp_sft_51_reg_1_/D
                              3.8892         4.0420 r      -0.1528  (VIOLATED)
   u_NV_NVDLA_cmac/u_core/u_mac_0/u_exp/exp_sft_21_reg_3_/D
                              3.8883         4.0410 r      -0.1526  (VIOLATED)
   u_NV_NVDLA_cmac/u_core/u_mac_0/u_exp/exp_sft_27_reg_0_/D
                              3.8906         4.0432 r      -0.1526  (VIOLATED)
   u_NV_NVDLA_cmac/u_core/u_mac_3/u_exp/exp_sft_18_reg_1_/D
                              3.8891         4.0416 r      -0.1525  (VIOLATED)
   u_NV_NVDLA_cmac/u_core/u_mac_3/u_exp/exp_sft_25_reg_1_/D
                              3.8891         4.0416 r      -0.1525  (VIOLATED)
   u_NV_NVDLA_cmac/u_core/u_mac_0/u_exp/exp_sft_23_reg_0_/D
                              3.8906         4.0431 r      -0.1524  (VIOLATED)
   u_NV_NVDLA_cmac/u_core/u_mac_6/u_exp/exp_sft_17_reg_1_/D
                              3.8894         4.0418 r      -0.1524  (VIOLATED)
   u_NV_NVDLA_cmac/u_core/u_mac_0/u_exp/exp_sft_35_reg_1_/D
                              3.8892         4.0416 r      -0.1524  (VIOLATED)
   u_NV_NVDLA_cmac/u_core/u_mac_1/u_exp/exp_sft_15_reg_1_/D
                              3.9000         4.0523 f      -0.1523  (VIOLATED)
   u_NV_NVDLA_cmac/u_core/u_mac_0/u_exp/exp_sft_18_reg_1_/D
                              3.8893         4.0416 r      -0.1523  (VIOLATED)
   u_NV_NVDLA_cmac/u_core/u_mac_4/u_exp/exp_sft_50_reg_1_/D
                              3.8893         4.0415 r      -0.1523  (VIOLATED)
   u_NV_NVDLA_cmac/u_core/u_mac_1/u_exp/exp_sft_58_reg_1_/D
                              3.8996         4.0518 f      -0.1522  (VIOLATED)
   u_NV_NVDLA_cmac/u_core/u_mac_3/u_exp/exp_sft_41_reg_1_/D
                              3.8892         4.0415 r      -0.1522  (VIOLATED)
   u_NV_NVDLA_cmac/u_core/u_mac_0/u_exp/exp_sft_44_reg_1_/D
                              3.8892         4.0414 r      -0.1522  (VIOLATED)
   u_NV_NVDLA_cmac/u_core/u_mac_0/u_exp/exp_sft_30_reg_1_/D
                              3.8893         4.0415 r      -0.1522  (VIOLATED)
   u_NV_NVDLA_cmac/u_core/u_mac_3/u_exp/exp_sft_36_reg_2_/D
                              3.8885         4.0406 r      -0.1521  (VIOLATED)
   u_NV_NVDLA_cmac/u_core/u_mac_3/u_exp/exp_sft_30_reg_1_/D
                              3.8894         4.0414 r      -0.1521  (VIOLATED)
   u_NV_NVDLA_cmac/u_core/u_mac_2/u_exp/exp_sft_62_reg_0_/D
                              3.8886         4.0407 r      -0.1520  (VIOLATED)
   u_NV_NVDLA_cmac/u_core/u_mac_3/u_exp/exp_sft_11_reg_1_/D
                              3.8892         4.0412 r      -0.1520  (VIOLATED)
   u_NV_NVDLA_cmac/u_core/u_mac_3/u_exp/exp_sft_49_reg_1_/D
                              3.8893         4.0412 r      -0.1519  (VIOLATED)
   u_NV_NVDLA_cmac/u_core/u_mac_4/u_exp/exp_sft_53_reg_1_/D
                              3.8894         4.0413 r      -0.1519  (VIOLATED)
   u_NV_NVDLA_cmac/u_core/u_mac_3/u_exp/exp_sft_20_reg_2_/D
                              3.8888         4.0407 r      -0.1519  (VIOLATED)
   u_NV_NVDLA_cmac/u_core/u_mac_7/u_exp/exp_sft_08_reg_1_/D
                              3.8879         4.0398 r      -0.1518  (VIOLATED)
   u_NV_NVDLA_cmac/u_core/u_mac_0/u_exp/exp_sft_43_reg_1_/D
                              3.8893         4.0410 r      -0.1518  (VIOLATED)
   u_NV_NVDLA_cmac/u_core/u_mac_3/u_exp/exp_sft_24_reg_1_/D
                              3.8891         4.0408 r      -0.1517  (VIOLATED)
   u_NV_NVDLA_cmac/u_core/u_mac_3/u_exp/exp_sft_28_reg_2_/D
                              3.8888         4.0405 r      -0.1517  (VIOLATED)
   u_NV_NVDLA_cmac/u_core/u_mac_3/u_exp/exp_sft_15_reg_2_/D
                              3.8887         4.0401 r      -0.1514  (VIOLATED)
   u_NV_NVDLA_cmac/u_core/u_mac_0/u_exp/exp_sft_01_reg_3_/D
                              3.8906         4.0420 r      -0.1514  (VIOLATED)
   u_NV_NVDLA_cmac/u_core/u_mac_5/u_exp/exp_sft_07_reg_3_/D
                              3.9000         4.0514 f      -0.1514  (VIOLATED)
   u_NV_NVDLA_cmac/u_core/u_mac_2/u_exp/exp_sft_61_reg_1_/D
                              3.8880         4.0391 r      -0.1511  (VIOLATED)
   u_NV_NVDLA_cmac/u_core/u_mac_3/u_exp/exp_sft_10_reg_1_/D
                              3.8890         4.0401 r      -0.1510  (VIOLATED)
   u_NV_NVDLA_cmac/u_core/u_mac_3/u_exp/exp_sft_27_reg_2_/D
                              3.8889         4.0396 r      -0.1508  (VIOLATED)
   u_NV_NVDLA_cmac/u_core/u_mac_3/u_exp/exp_sft_35_reg_1_/D
                              3.8893         4.0400 r      -0.1508  (VIOLATED)
   u_NV_NVDLA_cmac/u_core/u_mac_2/u_exp/exp_sft_57_reg_1_/D
                              3.8886         4.0391 r      -0.1506  (VIOLATED)
   u_NV_NVDLA_cmac/u_core/u_mac_3/u_exp/exp_sft_39_reg_1_/D
                              3.8892         4.0397 r      -0.1505  (VIOLATED)
   u_NV_NVDLA_cmac/u_core/u_mac_7/u_exp/exp_sft_19_reg_1_/D
                              3.8807         4.0311 r      -0.1503  (VIOLATED)
   u_NV_NVDLA_cmac/u_core/u_mac_3/u_exp/exp_sft_32_reg_2_/D
                              3.8888         4.0391 r      -0.1503  (VIOLATED)
   u_NV_NVDLA_cmac/u_core/u_mac_3/u_exp/exp_sft_50_reg_1_/D
                              3.8892         4.0394 r      -0.1502  (VIOLATED)
   u_NV_NVDLA_cmac/u_core/u_mac_4/u_exp/exp_sft_29_reg_3_/D
                              3.8901         4.0403 r      -0.1502  (VIOLATED)
   u_NV_NVDLA_cmac/u_core/u_mac_0/u_exp/exp_sft_00_reg_1_/D
                              3.8893         4.0394 r      -0.1501  (VIOLATED)
   u_NV_NVDLA_cmac/u_core/u_mac_2/u_exp/exp_sft_61_reg_3_/D
                              3.8906         4.0406 r      -0.1500  (VIOLATED)
   u_NV_NVDLA_cmac/u_core/u_mac_3/u_exp/exp_sft_08_reg_1_/D
                              3.8893         4.0392 r      -0.1499  (VIOLATED)
   u_NV_NVDLA_cmac/u_core/u_mac_0/u_exp/exp_sft_40_reg_1_/D
                              3.8894         4.0392 r      -0.1498  (VIOLATED)
   u_NV_NVDLA_cmac/u_core/u_mac_2/u_exp/exp_sft_36_reg_1_/D
                              3.8893         4.0386 r      -0.1493  (VIOLATED)
   u_NV_NVDLA_cmac/u_core/u_mac_6/u_exp/exp_sft_39_reg_2_/D
                              3.8968         4.0461 f      -0.1493  (VIOLATED)
   u_NV_NVDLA_cmac/u_core/u_mac_6/u_exp/exp_sft_05_reg_1_/D
                              3.8907         4.0399 r      -0.1491  (VIOLATED)
   u_NV_NVDLA_cmac/u_core/u_mac_4/u_exp/exp_sft_27_reg_3_/D
                              3.8905         4.0396 r      -0.1491  (VIOLATED)
   u_NV_NVDLA_cmac/u_core/u_mac_3/u_exp/exp_sft_34_reg_1_/D
                              3.8893         4.0381 r      -0.1488  (VIOLATED)
   u_NV_NVDLA_cmac/u_core/u_mac_5/u_exp/exp_sft_44_reg_0_/D
                              3.8887         4.0369 r      -0.1481  (VIOLATED)
   u_NV_NVDLA_cmac/u_core/u_mac_2/u_exp/exp_sft_45_reg_1_/D
                              3.8893         4.0373 r      -0.1481  (VIOLATED)
   u_NV_NVDLA_cmac/u_core/u_mac_4/u_exp/exp_sft_12_reg_3_/D
                              3.8902         4.0380 f      -0.1478  (VIOLATED)
   u_NV_NVDLA_cmac/u_core/u_mac_3/u_exp/exp_sft_33_reg_3_/D
                              3.8860         4.0336 r      -0.1476  (VIOLATED)
   u_NV_NVDLA_cmac/u_core/u_mac_7/u_exp/exp_sft_01_reg_1_/D
                              3.8869         4.0343 r      -0.1474  (VIOLATED)
   u_NV_NVDLA_cmac/u_core/u_mac_6/u_exp/exp_sft_61_reg_1_/D
                              3.8991         4.0463 f      -0.1472  (VIOLATED)
   u_NV_NVDLA_cmac/u_core/u_mac_6/u_exp/exp_sft_50_reg_1_/D
                              3.8892         4.0363 r      -0.1471  (VIOLATED)
   u_NV_NVDLA_cmac/u_core/u_mac_6/u_exp/exp_sft_48_reg_3_/D
                              3.8888         4.0358 r      -0.1470  (VIOLATED)
   u_NV_NVDLA_cmac/u_core/u_mac_1/u_exp/exp_sft_04_reg_3_/D
                              3.8822         4.0290 f      -0.1468  (VIOLATED)
   u_NV_NVDLA_cmac/u_core/u_mac_6/u_exp/exp_sft_55_reg_1_/D
                              3.8892         4.0359 r      -0.1466  (VIOLATED)
   u_NV_NVDLA_cmac/u_core/u_mac_4/u_exp/exp_sft_23_reg_3_/D
                              3.8905         4.0372 r      -0.1466  (VIOLATED)
   u_NV_NVDLA_cmac/u_core/u_mac_2/u_exp/exp_sft_63_reg_2_/D
                              3.9001         4.0467 f      -0.1466  (VIOLATED)
   u_NV_NVDLA_cmac/u_core/u_mac_3/u_exp/exp_sft_21_reg_2_/D
                              3.8889         4.0354 r      -0.1465  (VIOLATED)
   u_NV_NVDLA_cmac/u_core/u_mac_6/u_exp/exp_sft_46_reg_2_/D
                              3.8973         4.0438 f      -0.1465  (VIOLATED)
   u_NV_NVDLA_cmac/u_core/u_mac_5/u_exp/exp_sft_00_reg_0_/D
                              3.8886         4.0350 r      -0.1464  (VIOLATED)
   u_NV_NVDLA_cmac/u_core/u_mac_3/u_exp/exp_sft_21_reg_3_/D
                              3.8782         4.0244 r      -0.1462  (VIOLATED)
   u_NV_NVDLA_cmac/u_core/u_mac_0/u_exp/exp_sft_05_reg_3_/D
                              3.8885         4.0347 r      -0.1461  (VIOLATED)
   u_NV_NVDLA_cmac/u_core/u_mac_7/u_exp/exp_sft_63_reg_0_/D
                              3.8888         4.0348 r      -0.1460  (VIOLATED)
   u_NV_NVDLA_cmac/u_core/u_mac_4/u_exp/exp_sft_22_reg_3_/D
                              3.8906         4.0362 r      -0.1456  (VIOLATED)
   u_NV_NVDLA_cmac/u_core/u_mac_3/u_exp/exp_sft_19_reg_1_/D
                              3.8893         4.0347 r      -0.1454  (VIOLATED)
   u_NV_NVDLA_cmac/u_core/u_mac_7/u_exp/exp_sft_29_reg_1_/D
                              3.8991         4.0445 f      -0.1453  (VIOLATED)
   u_NV_NVDLA_cmac/u_core/u_mac_7/u_exp/exp_sft_11_reg_1_/D
                              3.8888         4.0340 r      -0.1453  (VIOLATED)
   u_NV_NVDLA_cmac/u_core/u_mac_3/u_exp/exp_sft_15_reg_1_/D
                              3.8893         4.0345 r      -0.1453  (VIOLATED)
   u_NV_NVDLA_cmac/u_core/u_mac_1/u_exp/exp_sft_63_reg_3_/D
                              3.8906         4.0359 r      -0.1452  (VIOLATED)
   u_NV_NVDLA_cmac/u_core/u_mac_4/u_exp/exp_sft_20_reg_3_/D
                              3.8904         4.0356 r      -0.1452  (VIOLATED)
   u_NV_NVDLA_cmac/u_core/u_mac_4/u_exp/exp_sft_63_reg_1_/D
                              3.8900         4.0351 f      -0.1451  (VIOLATED)
   u_NV_NVDLA_cmac/u_core/u_mac_7/u_exp/exp_sft_46_reg_1_/D
                              3.8834         4.0285 r      -0.1450  (VIOLATED)
   u_NV_NVDLA_cmac/u_core/u_mac_4/u_exp/exp_sft_36_reg_3_/D
                              3.8867         4.0316 f      -0.1449  (VIOLATED)
   u_NV_NVDLA_cmac/u_core/u_mac_6/u_exp/exp_sft_52_reg_1_/D
                              3.8895         4.0340 r      -0.1446  (VIOLATED)
   u_NV_NVDLA_cmac/u_core/u_mac_1/u_exp/exp_sft_51_reg_1_/D
                              3.9000         4.0444 f      -0.1444  (VIOLATED)
   u_NV_NVDLA_cmac/u_core/u_mac_4/u_exp/exp_sft_52_reg_3_/D
                              3.8905         4.0348 r      -0.1443  (VIOLATED)
   u_NV_NVDLA_cmac/u_core/u_mac_3/u_exp/exp_sft_40_reg_1_/D
                              3.8893         4.0335 r      -0.1442  (VIOLATED)
   u_NV_NVDLA_cmac/u_core/u_mac_7/u_exp/exp_sft_40_reg_1_/D
                              3.8944         4.0382 f      -0.1438  (VIOLATED)
   u_NV_NVDLA_cmac/u_core/u_mac_7/u_exp/exp_sft_00_reg_1_/D
                              3.8892         4.0330 r      -0.1438  (VIOLATED)
   u_NV_NVDLA_cmac/u_core/u_mac_4/u_exp/exp_sft_19_reg_3_/D
                              3.8904         4.0342 r      -0.1437  (VIOLATED)
   u_NV_NVDLA_cmac/u_core/u_mac_3/u_exp/exp_sft_29_reg_3_/D
                              3.8867         4.0304 r      -0.1437  (VIOLATED)
   u_NV_NVDLA_cmac/u_core/u_mac_5/u_exp/exp_sft_09_reg_0_/D
                              3.9001         4.0437 f      -0.1436  (VIOLATED)
   u_NV_NVDLA_cmac/u_core/u_mac_4/u_exp/exp_sft_18_reg_3_/D
                              3.8906         4.0340 r      -0.1434  (VIOLATED)
   u_NV_NVDLA_cmac/u_core/u_mac_3/u_exp/exp_sft_27_reg_1_/D
                              3.8893         4.0325 r      -0.1431  (VIOLATED)
   u_NV_NVDLA_cmac/u_core/u_mac_4/u_exp/exp_sft_21_reg_3_/D
                              3.8905         4.0335 r      -0.1430  (VIOLATED)
   u_NV_NVDLA_cmac/u_core/u_mac_4/u_exp/exp_sft_28_reg_3_/D
                              3.8906         4.0335 r      -0.1430  (VIOLATED)
   u_NV_NVDLA_cmac/u_core/u_mac_3/u_exp/exp_sft_23_reg_1_/D
                              3.8893         4.0321 r      -0.1428  (VIOLATED)
   u_NV_NVDLA_cmac/u_core/u_mac_3/u_exp/exp_sft_38_reg_1_/D
                              3.8893         4.0318 r      -0.1426  (VIOLATED)
   u_NV_NVDLA_cmac/u_core/u_mac_4/u_exp/exp_sft_13_reg_2_/D
                              3.8906         4.0332 r      -0.1426  (VIOLATED)
   u_NV_NVDLA_cmac/u_core/u_mac_3/u_exp/exp_sft_14_reg_1_/D
                              3.8893         4.0318 r      -0.1425  (VIOLATED)
   u_NV_NVDLA_cmac/u_core/u_mac_5/u_exp/exp_sft_01_reg_0_/D
                              3.9002         4.0424 f      -0.1422  (VIOLATED)
   u_NV_NVDLA_cmac/u_core/u_mac_0/u_exp/exp_sft_20_reg_1_/D
                              3.8890         4.0307 r      -0.1417  (VIOLATED)
   u_NV_NVDLA_cmac/u_core/u_mac_4/u_exp/exp_sft_51_reg_3_/D
                              3.8903         4.0319 r      -0.1416  (VIOLATED)
   u_NV_NVDLA_cmac/u_core/u_mac_6/u_exp/exp_sft_53_reg_1_/D
                              3.8892         4.0308 r      -0.1416  (VIOLATED)
   u_NV_NVDLA_cmac/u_core/u_mac_2/u_exp/exp_sft_43_reg_0_/D
                              3.8886         4.0301 r      -0.1414  (VIOLATED)
   u_NV_NVDLA_cmac/u_core/u_mac_6/u_exp/exp_sft_48_reg_1_/D
                              3.8891         4.0304 r      -0.1413  (VIOLATED)
   u_NV_NVDLA_cmac/u_core/u_mac_4/u_exp/exp_sft_54_reg_3_/D
                              3.8905         4.0318 r      -0.1413  (VIOLATED)
   u_NV_NVDLA_cmac/u_core/u_mac_1/u_exp/exp_sft_29_reg_2_/D
                              3.8870         4.0282 r      -0.1412  (VIOLATED)
   u_NV_NVDLA_cmac/u_core/u_mac_4/u_exp/exp_sft_48_reg_3_/D
                              3.8904         4.0315 r      -0.1412  (VIOLATED)
   u_NV_NVDLA_cmac/u_core/u_mac_4/u_exp/exp_sft_50_reg_3_/D
                              3.8906         4.0316 r      -0.1409  (VIOLATED)
   u_NV_NVDLA_cmac/u_core/u_mac_3/u_exp/exp_sft_37_reg_3_/D
                              3.8866         4.0275 r      -0.1409  (VIOLATED)
   u_NV_NVDLA_cmac/u_core/u_mac_1/u_exp/exp_sft_63_reg_1_/D
                              3.8900         4.0308 f      -0.1408  (VIOLATED)
   u_NV_NVDLA_cmac/u_core/u_mac_0/u_exp/exp_sft_01_reg_1_/D
                              3.8899         4.0307 r      -0.1408  (VIOLATED)
   u_NV_NVDLA_cmac/u_core/u_mac_7/u_exp/exp_sft_02_reg_1_/D
                              3.8879         4.0287 r      -0.1408  (VIOLATED)
   u_NV_NVDLA_cmac/u_core/u_mac_0/u_exp/exp_sft_09_reg_1_/D
                              3.8893         4.0300 r      -0.1407  (VIOLATED)
   u_NV_NVDLA_cmac/u_core/u_mac_2/u_exp/exp_sft_59_reg_1_/D
                              3.8888         4.0294 r      -0.1406  (VIOLATED)
   u_NV_NVDLA_cmac/u_core/u_mac_3/u_exp/exp_sft_43_reg_1_/D
                              3.8890         4.0295 r      -0.1405  (VIOLATED)
   u_NV_NVDLA_cmac/u_core/u_mac_7/u_exp/exp_sft_17_reg_1_/D
                              3.8810         4.0214 r      -0.1404  (VIOLATED)
   u_NV_NVDLA_cmac/u_core/u_mac_1/u_exp/exp_sft_34_reg_1_/D
                              3.8816         4.0220 r      -0.1404  (VIOLATED)
   u_NV_NVDLA_cmac/u_core/u_mac_7/u_exp/exp_sft_62_reg_1_/D
                              3.9013         4.0416 f      -0.1403  (VIOLATED)
   u_NV_NVDLA_cmac/u_core/u_mac_4/u_exp/exp_sft_55_reg_3_/D
                              3.8907         4.0309 r      -0.1402  (VIOLATED)
   u_NV_NVDLA_cmac/u_core/u_mac_3/u_exp/exp_sft_28_reg_3_/D
                              3.8864         4.0265 r      -0.1401  (VIOLATED)
   u_NV_NVDLA_cmac/u_core/u_mac_3/u_exp/exp_sft_54_reg_3_/D
                              3.8813         4.0214 r      -0.1401  (VIOLATED)
   u_NV_NVDLA_cmac/u_core/u_mac_3/u_exp/exp_sft_36_reg_3_/D
                              3.8864         4.0263 r      -0.1400  (VIOLATED)
   u_NV_NVDLA_cmac/u_core/u_mac_3/u_exp/exp_sft_47_reg_3_/D
                              3.8889         4.0288 r      -0.1399  (VIOLATED)
   u_NV_NVDLA_cmac/u_core/u_mac_1/u_exp/exp_sft_17_reg_2_/D
                              3.8887         4.0285 r      -0.1397  (VIOLATED)
   u_NV_NVDLA_cmac/u_core/u_mac_7/u_exp/exp_sft_57_reg_1_/D
                              3.9002         4.0398 f      -0.1395  (VIOLATED)
   u_NV_NVDLA_cmac/u_core/u_mac_6/u_exp/exp_sft_57_reg_1_/D
                              3.8994         4.0388 f      -0.1394  (VIOLATED)
   u_NV_NVDLA_cmac/u_core/u_mac_6/u_exp/exp_sft_37_reg_2_/D
                              3.8888         4.0280 r      -0.1392  (VIOLATED)
   u_NV_NVDLA_cmac/u_core/u_mac_2/u_exp/exp_sft_29_reg_0_/D
                              3.8889         4.0281 r      -0.1392  (VIOLATED)
   u_NV_NVDLA_cmac/u_core/u_mac_0/u_exp/exp_sft_26_reg_1_/D
                              3.8894         4.0285 r      -0.1391  (VIOLATED)
   u_NV_NVDLA_cmac/u_core/u_mac_3/u_exp/exp_sft_32_reg_3_/D
                              3.8865         4.0256 r      -0.1391  (VIOLATED)
   u_NV_NVDLA_cmac/u_core/u_mac_6/u_exp/exp_sft_47_reg_1_/D
                              3.8892         4.0281 r      -0.1388  (VIOLATED)
   u_NV_NVDLA_cmac/u_core/u_mac_2/u_exp/exp_sft_09_reg_3_/D
                              3.8904         4.0290 r      -0.1386  (VIOLATED)
   u_NV_NVDLA_cmac/u_core/u_mac_3/u_exp/exp_sft_03_reg_1_/D
                              3.8892         4.0277 r      -0.1386  (VIOLATED)
   u_NV_NVDLA_cmac/u_core/u_mac_6/u_exp/exp_sft_33_reg_2_/D
                              3.8885         4.0270 r      -0.1385  (VIOLATED)
   u_NV_NVDLA_cmac/u_core/u_mac_6/u_exp/exp_sft_25_reg_2_/D
                              3.8889         4.0274 r      -0.1385  (VIOLATED)
   u_NV_NVDLA_cmac/u_core/u_mac_4/u_exp/exp_sft_49_reg_3_/D
                              3.8906         4.0288 r      -0.1382  (VIOLATED)
   u_NV_NVDLA_cmac/u_core/u_mac_1/u_exp/exp_sft_28_reg_2_/D
                              3.8882         4.0264 r      -0.1382  (VIOLATED)
   u_NV_NVDLA_cmac/u_core/u_mac_1/u_exp/exp_sft_02_reg_1_/D
                              3.8892         4.0273 r      -0.1381  (VIOLATED)
   u_NV_NVDLA_cmac/u_core/u_mac_4/u_exp/exp_sft_29_reg_1_/D
                              3.8892         4.0274 r      -0.1381  (VIOLATED)
   u_NV_NVDLA_cmac/u_core/u_mac_1/u_exp/exp_sft_37_reg_1_/D
                              3.8815         4.0195 r      -0.1380  (VIOLATED)
   u_NV_NVDLA_cmac/u_core/u_mac_2/u_exp/exp_sft_08_reg_3_/D
                              3.8905         4.0285 r      -0.1379  (VIOLATED)
   u_NV_NVDLA_cmac/u_core/u_mac_4/u_exp/exp_sft_53_reg_3_/D
                              3.8907         4.0284 r      -0.1378  (VIOLATED)
   u_NV_NVDLA_cmac/u_core/u_mac_7/u_exp/exp_sft_41_reg_1_/D
                              3.8997         4.0374 f      -0.1377  (VIOLATED)
   u_NV_NVDLA_cmac/u_core/u_mac_1/u_exp/exp_sft_24_reg_1_/D
                              3.8892         4.0269 r      -0.1377  (VIOLATED)
   u_NV_NVDLA_cmac/u_core/u_mac_2/u_exp/exp_sft_28_reg_3_/D
                              3.8890         4.0260 r      -0.1370  (VIOLATED)
   u_NV_NVDLA_cmac/u_core/u_mac_4/u_exp/exp_sft_62_reg_3_/D
                              3.8906         4.0275 r      -0.1369  (VIOLATED)
   u_NV_NVDLA_cmac/u_core/u_mac_6/u_exp/exp_sft_51_reg_1_/D
                              3.8893         4.0262 r      -0.1369  (VIOLATED)
   u_NV_NVDLA_cmac/u_core/u_mac_1/u_exp/exp_sft_33_reg_1_/D
                              3.8816         4.0182 r      -0.1367  (VIOLATED)
   u_NV_NVDLA_cmac/u_core/u_mac_4/u_exp/exp_sft_37_reg_3_/D
                              3.8873         4.0240 r      -0.1366  (VIOLATED)
   u_NV_NVDLA_cmac/u_core/u_mac_3/u_exp/exp_sft_55_reg_3_/D
                              3.8888         4.0252 r      -0.1364  (VIOLATED)
   u_NV_NVDLA_cmac/u_core/u_mac_4/u_exp/exp_sft_46_reg_3_/D
                              3.8907         4.0269 r      -0.1362  (VIOLATED)
   u_NV_NVDLA_cmac/u_core/u_mac_1/u_exp/exp_sft_61_reg_1_/D
                              3.8996         4.0358 f      -0.1362  (VIOLATED)
   u_NV_NVDLA_cmac/u_core/u_mac_0/u_exp/exp_sft_60_reg_1_/D
                              3.8876         4.0236 r      -0.1360  (VIOLATED)
   u_NV_NVDLA_cmac/u_core/u_mac_4/u_exp/exp_sft_43_reg_1_/D
                              3.8892         4.0252 r      -0.1360  (VIOLATED)
   u_NV_NVDLA_cmac/u_core/u_mac_7/u_exp/exp_sft_39_reg_1_/D
                              3.8998         4.0357 f      -0.1359  (VIOLATED)
   u_NV_NVDLA_cmac/u_core/u_mac_4/u_exp/exp_sft_36_reg_1_/D
                              3.8892         4.0247 r      -0.1355  (VIOLATED)
   u_NV_NVDLA_cmac/u_core/u_mac_4/u_exp/exp_sft_62_reg_2_/D
                              3.8906         4.0260 r      -0.1354  (VIOLATED)
   u_NV_NVDLA_cmac/u_core/u_mac_7/u_exp/exp_sft_07_reg_1_/D
                              3.8885         4.0236 r      -0.1350  (VIOLATED)
   u_NV_NVDLA_cmac/u_core/u_mac_2/u_exp/exp_sft_00_reg_1_/D
                              3.8876         4.0226 r      -0.1350  (VIOLATED)
   u_NV_NVDLA_cmac/u_core/u_mac_1/u_exp/exp_sft_60_reg_1_/D
                              3.8994         4.0343 f      -0.1349  (VIOLATED)
   u_NV_NVDLA_cmac/u_core/u_mac_6/u_exp/exp_sft_29_reg_2_/D
                              3.8888         4.0236 r      -0.1348  (VIOLATED)
   u_NV_NVDLA_cmac/u_core/u_mac_0/u_exp/exp_sft_20_reg_0_/D
                              3.9002         4.0348 f      -0.1346  (VIOLATED)
   u_NV_NVDLA_cmac/u_core/u_mac_3/u_exp/exp_sft_04_reg_1_/D
                              3.8893         4.0238 r      -0.1345  (VIOLATED)
   u_NV_NVDLA_cmac/u_core/u_mac_1/u_exp/exp_sft_21_reg_2_/D
                              3.8888         4.0233 r      -0.1345  (VIOLATED)
   u_NV_NVDLA_cmac/u_core/u_mac_3/u_exp/exp_sft_51_reg_3_/D
                              3.8890         4.0233 r      -0.1343  (VIOLATED)
   u_NV_NVDLA_cmac/u_core/u_mac_4/u_exp/exp_sft_00_reg_1_/D
                              3.8816         4.0158 r      -0.1342  (VIOLATED)
   u_NV_NVDLA_cmac/u_core/u_mac_4/u_exp/exp_sft_13_reg_1_/D
                              3.8816         4.0159 r      -0.1342  (VIOLATED)
   u_NV_NVDLA_cmac/u_core/u_mac_4/u_exp/exp_sft_20_reg_1_/D
                              3.8893         4.0235 r      -0.1342  (VIOLATED)
   u_NV_NVDLA_cmac/u_core/u_mac_1/u_exp/exp_sft_36_reg_1_/D
                              3.8815         4.0154 r      -0.1339  (VIOLATED)
   u_NV_NVDLA_cmac/u_core/u_mac_4/mac_out_data_reg_37_/D
                              3.8808         4.0141 r      -0.1334  (VIOLATED)
   u_NV_NVDLA_cmac/u_core/u_mac_1/u_exp/exp_sft_07_reg_1_/D
                              3.8893         4.0226 r      -0.1333  (VIOLATED)
   u_NV_NVDLA_cmac/u_core/u_mac_1/u_exp/exp_sft_35_reg_1_/D
                              3.8990         4.0322 f      -0.1332  (VIOLATED)
   u_NV_NVDLA_cmac/u_core/u_mac_4/u_exp/exp_sft_61_reg_1_/D
                              3.8884         4.0215 r      -0.1331  (VIOLATED)
   u_NV_NVDLA_cmac/u_core/u_mac_4/u_exp/exp_sft_37_reg_1_/D
                              3.8892         4.0218 r      -0.1327  (VIOLATED)
   u_NV_NVDLA_cmac/u_core/u_mac_1/u_exp/exp_sft_20_reg_2_/D
                              3.8888         4.0214 r      -0.1326  (VIOLATED)
   u_NV_NVDLA_cmac/u_core/u_mac_4/u_exp/exp_sft_21_reg_1_/D
                              3.8893         4.0218 r      -0.1326  (VIOLATED)
   u_NV_NVDLA_cmac/u_core/u_mac_0/u_exp/exp_sft_53_reg_1_/D
                              3.8815         4.0139 r      -0.1324  (VIOLATED)
   u_NV_NVDLA_cmac/u_core/u_mac_4/u_exp/exp_sft_19_reg_1_/D
                              3.8894         4.0216 r      -0.1323  (VIOLATED)
   u_NV_NVDLA_cmac/u_core/u_mac_1/u_exp/exp_sft_53_reg_1_/D
                              3.8991         4.0305 f      -0.1315  (VIOLATED)
   u_NV_NVDLA_cmac/u_core/u_mac_0/u_exp/exp_sft_33_reg_1_/D
                              3.8887         4.0201 r      -0.1314  (VIOLATED)
   u_NV_NVDLA_cmac/u_core/u_mac_2/u_exp/exp_sft_05_reg_1_/D
                              3.8913         4.0226 r      -0.1313  (VIOLATED)
   u_NV_NVDLA_cmac/u_core/u_mac_4/u_exp/exp_sft_02_reg_1_/D
                              3.8814         4.0127 r      -0.1312  (VIOLATED)
   u_NV_NVDLA_cmac/u_core/u_mac_1/u_exp/exp_sft_29_reg_1_/D
                              3.8890         4.0202 r      -0.1312  (VIOLATED)
   u_NV_NVDLA_cmac/u_core/u_mac_4/u_exp/exp_sft_23_reg_1_/D
                              3.8892         4.0204 r      -0.1311  (VIOLATED)
   u_NV_NVDLA_cmac/u_core/u_mac_1/u_exp/exp_sft_49_reg_1_/D
                              3.8999         4.0310 f      -0.1311  (VIOLATED)
   u_NV_NVDLA_cmac/u_core/u_mac_0/u_exp/exp_sft_54_reg_1_/D
                              3.8815         4.0127 r      -0.1311  (VIOLATED)
   u_NV_NVDLA_cmac/u_core/u_mac_0/u_exp/exp_sft_14_reg_1_/D
                              3.8811         4.0121 r      -0.1310  (VIOLATED)
   u_NV_NVDLA_cmac/u_core/u_mac_1/u_exp/exp_sft_25_reg_1_/D
                              3.8893         4.0202 r      -0.1310  (VIOLATED)
   u_NV_NVDLA_cmac/u_core/u_mac_1/u_exp/exp_sft_10_reg_1_/D
                              3.8893         4.0202 r      -0.1309  (VIOLATED)
   u_NV_NVDLA_cmac/u_core/u_mac_1/u_exp/exp_sft_13_reg_1_/D
                              3.8892         4.0200 r      -0.1308  (VIOLATED)
   u_NV_NVDLA_cmac/u_core/u_mac_0/u_exp/exp_sft_37_reg_1_/D
                              3.8891         4.0197 r      -0.1306  (VIOLATED)
   u_NV_NVDLA_cmac/u_core/u_mac_6/u_exp/exp_sft_56_reg_1_/D
                              3.8989         4.0294 f      -0.1305  (VIOLATED)
   u_NV_NVDLA_cmac/u_core/u_mac_1/u_exp/exp_sft_16_reg_1_/D
                              3.8893         4.0195 r      -0.1302  (VIOLATED)
   u_NV_NVDLA_cmac/u_core/u_mac_1/u_exp/exp_sft_26_reg_1_/D
                              3.8892         4.0192 r      -0.1300  (VIOLATED)
   u_NV_NVDLA_cmac/u_core/u_mac_0/u_exp/exp_sft_49_reg_1_/D
                              3.8815         4.0114 r      -0.1299  (VIOLATED)
   u_NV_NVDLA_cmac/u_core/u_mac_4/u_exp/exp_sft_32_reg_1_/D
                              3.8891         4.0188 r      -0.1297  (VIOLATED)
   u_NV_NVDLA_cmac/u_core/u_mac_7/u_exp/exp_max_l1_0_d1_reg_0_/D
                              3.8812         4.0106 r      -0.1294  (VIOLATED)
   u_NV_NVDLA_cmac/u_core/u_mac_4/u_exp/exp_sft_24_reg_1_/D
                              3.8893         4.0186 r      -0.1293  (VIOLATED)
   u_NV_NVDLA_cmac/u_core/u_mac_4/u_exp/exp_sft_07_reg_1_/D
                              3.8892         4.0184 r      -0.1292  (VIOLATED)
   u_NV_NVDLA_cmac/u_core/u_mac_4/u_exp/exp_sft_33_reg_1_/D
                              3.8892         4.0184 r      -0.1292  (VIOLATED)
   u_NV_NVDLA_cmac/u_core/u_mac_3/u_exp/exp_sft_62_reg_1_/D
                              3.8885         4.0176 r      -0.1291  (VIOLATED)
   u_NV_NVDLA_cmac/u_core/u_mac_0/u_exp/exp_sft_05_reg_1_/D
                              3.8905         4.0193 r      -0.1289  (VIOLATED)
   u_NV_NVDLA_cmac/u_core/u_mac_0/u_exp/exp_sft_34_reg_1_/D
                              3.8815         4.0102 r      -0.1287  (VIOLATED)
   u_NV_NVDLA_cmac/u_core/u_mac_4/u_exp/exp_sft_27_reg_1_/D
                              3.8894         4.0181 r      -0.1286  (VIOLATED)
   u_NV_NVDLA_cmac/u_core/u_mac_1/u_exp/exp_sft_12_reg_1_/D
                              3.8893         4.0177 r      -0.1285  (VIOLATED)
   u_NV_NVDLA_cmac/u_core/u_mac_0/u_exp/exp_sft_29_reg_1_/D
                              3.8892         4.0176 r      -0.1284  (VIOLATED)
   u_NV_NVDLA_cmac/u_core/u_mac_7/u_exp/exp_sft_62_reg_0_/D
                              3.8880         4.0162 r      -0.1282  (VIOLATED)
   u_NV_NVDLA_cmac/u_core/u_mac_1/u_exp/exp_sft_14_reg_1_/D
                              3.8893         4.0175 r      -0.1282  (VIOLATED)
   u_NV_NVDLA_cmac/u_core/u_mac_1/u_exp/exp_sft_30_reg_1_/D
                              3.8893         4.0175 r      -0.1281  (VIOLATED)
   u_NV_NVDLA_cmac/u_core/u_mac_1/u_exp/exp_sft_08_reg_3_/D
                              3.8888         4.0167 r      -0.1278  (VIOLATED)
   u_NV_NVDLA_cmac/u_core/u_mac_4/u_exp/exp_sft_45_reg_1_/D
                              3.8894         4.0170 r      -0.1276  (VIOLATED)
   u_NV_NVDLA_cmac/u_core/u_mac_6/mac_out_data_reg_43_/D
                              3.8810         4.0085 r      -0.1276  (VIOLATED)
   u_NV_NVDLA_cmac/u_core/u_mac_1/u_exp/exp_sft_28_reg_1_/D
                              3.8891         4.0165 r      -0.1274  (VIOLATED)
   u_NV_NVDLA_cmac/u_core/u_mac_1/u_exp/exp_sft_44_reg_1_/D
                              3.8893         4.0165 r      -0.1272  (VIOLATED)
   u_NV_NVDLA_cmac/u_core/u_mac_1/u_exp/exp_sft_03_reg_1_/D
                              3.8892         4.0163 r      -0.1271  (VIOLATED)
   u_NV_NVDLA_cmac/u_core/u_mac_1/u_exp/exp_sft_23_reg_1_/D
                              3.8996         4.0265 f      -0.1269  (VIOLATED)
   u_NV_NVDLA_cmac/u_core/u_mac_4/u_exp/exp_sft_39_reg_1_/D
                              3.8893         4.0162 r      -0.1269  (VIOLATED)
   u_NV_NVDLA_cmac/u_core/u_mac_1/u_exp/exp_sft_40_reg_1_/D
                              3.8893         4.0161 r      -0.1268  (VIOLATED)
   u_NV_NVDLA_cmac/u_core/u_mac_4/u_exp/exp_sft_26_reg_1_/D
                              3.8894         4.0160 r      -0.1267  (VIOLATED)
   u_NV_NVDLA_cmac/u_core/u_mac_4/u_exp/exp_sft_42_reg_1_/D
                              3.8894         4.0160 r      -0.1265  (VIOLATED)
   u_NV_NVDLA_cmac/u_core/u_mac_3/u_exp/exp_sft_53_reg_1_/D
                              3.8894         4.0156 r      -0.1263  (VIOLATED)
   u_NV_NVDLA_cmac/u_core/u_mac_1/u_exp/exp_sft_19_reg_1_/D
                              3.8998         4.0261 f      -0.1263  (VIOLATED)
   u_NV_NVDLA_cmac/u_core/u_mac_1/u_exp/exp_sft_18_reg_1_/D
                              3.8893         4.0155 r      -0.1262  (VIOLATED)
   u_NV_NVDLA_cmac/u_core/u_mac_2/mac_out_data_reg_87_/D
                              3.8901         4.0160 r      -0.1259  (VIOLATED)
   u_NV_NVDLA_cmac/u_core/u_mac_4/u_exp/exp_sft_22_reg_1_/D
                              3.8895         4.0153 r      -0.1257  (VIOLATED)
   u_NV_NVDLA_cmac/u_core/u_mac_1/u_exp/exp_sft_17_reg_1_/D
                              3.8893         4.0150 r      -0.1257  (VIOLATED)
   u_NV_NVDLA_cmac/u_core/u_mac_1/u_exp/exp_sft_06_reg_1_/D
                              3.8894         4.0150 r      -0.1257  (VIOLATED)
   u_NV_NVDLA_cmac/u_core/u_mac_4/u_exp/exp_sft_01_reg_1_/D
                              3.8827         4.0082 r      -0.1255  (VIOLATED)
   u_NV_NVDLA_cmac/u_core/u_mac_3/u_exp/exp_sft_07_reg_1_/D
                              3.8893         4.0145 r      -0.1252  (VIOLATED)
   u_NV_NVDLA_cmac/u_core/u_mac_1/u_exp/exp_sft_22_reg_1_/D
                              3.8893         4.0144 r      -0.1251  (VIOLATED)
   u_NV_NVDLA_cmac/u_core/u_mac_4/u_exp/exp_sft_45_reg_3_/D
                              3.8995         4.0246 f      -0.1251  (VIOLATED)
   u_NV_NVDLA_cmac/u_core/u_mac_0/u_exp/exp_sft_50_reg_1_/D
                              3.8815         4.0065 r      -0.1249  (VIOLATED)
   u_NV_NVDLA_cmac/u_core/u_mac_1/u_exp/exp_sft_20_reg_1_/D
                              3.8893         4.0142 r      -0.1248  (VIOLATED)
   u_NV_NVDLA_cmac/u_core/u_mac_1/u_exp/exp_sft_21_reg_1_/D
                              3.8893         4.0141 r      -0.1247  (VIOLATED)
   u_NV_NVDLA_cmac/u_core/u_mac_1/u_exp/exp_sft_41_reg_1_/D
                              3.8893         4.0140 r      -0.1247  (VIOLATED)
   u_NV_NVDLA_cmac/u_core/u_mac_1/u_exp/exp_sft_45_reg_1_/D
                              3.8892         4.0138 r      -0.1246  (VIOLATED)
   u_NV_NVDLA_cmac/u_core/u_mac_0/u_exp/exp_sft_62_reg_1_/D
                              3.8887         4.0131 r      -0.1244  (VIOLATED)
   u_NV_NVDLA_cmac/u_core/u_mac_4/mac_out_data_reg_41_/D
                              3.8884         4.0129 r      -0.1244  (VIOLATED)
   u_NV_NVDLA_cmac/u_core/u_mac_0/u_exp/exp_sft_21_reg_1_/D
                              3.8891         4.0132 r      -0.1242  (VIOLATED)
   u_NV_NVDLA_cmac/u_core/u_mac_1/u_exp/exp_sft_56_reg_1_/D
                              3.8992         4.0234 f      -0.1241  (VIOLATED)
   u_NV_NVDLA_cmac/u_core/u_mac_4/u_exp/exp_sft_18_reg_1_/D
                              3.8894         4.0135 r      -0.1241  (VIOLATED)
   u_NV_NVDLA_cmac/u_core/u_mac_1/u_exp/exp_sft_11_reg_1_/D
                              3.8893         4.0134 r      -0.1241  (VIOLATED)
   u_NV_NVDLA_cmac/u_core/u_mac_4/u_exp/exp_sft_48_reg_1_/D
                              3.8893         4.0128 r      -0.1235  (VIOLATED)
   u_NV_NVDLA_cmac/u_core/u_mac_0/u_exp/exp_sft_46_reg_1_/D
                              3.8885         4.0120 r      -0.1235  (VIOLATED)
   u_NV_NVDLA_cmac/u_core/u_mac_1/u_exp/exp_sft_09_reg_1_/D
                              3.8890         4.0124 r      -0.1234  (VIOLATED)
   u_NV_NVDLA_cmac/u_core/u_mac_3/u_exp/exp_sft_13_reg_1_/D
                              3.8894         4.0127 r      -0.1234  (VIOLATED)
   u_NV_NVDLA_cmac/u_core/u_mac_3/u_exp/exp_sft_44_reg_1_/D
                              3.8893         4.0127 r      -0.1233  (VIOLATED)
   u_NV_NVDLA_cmac/u_core/u_mac_1/u_exp/exp_sft_32_reg_1_/D
                              3.8815         4.0048 r      -0.1233  (VIOLATED)
   u_NV_NVDLA_cmac/u_core/u_mac_1/u_exp/exp_sft_25_reg_0_/D
                              3.8888         4.0121 r      -0.1233  (VIOLATED)
   u_NV_NVDLA_cmac/u_core/u_mac_1/u_exp/exp_sft_08_reg_1_/D
                              3.8891         4.0120 r      -0.1230  (VIOLATED)
   u_NV_NVDLA_cmac/u_core/u_mac_0/u_exp/exp_sft_12_reg_1_/D
                              3.8892         4.0122 r      -0.1230  (VIOLATED)
   u_NV_NVDLA_cmac/u_core/u_mac_3/u_exp/exp_sft_47_reg_1_/D
                              3.8892         4.0121 r      -0.1229  (VIOLATED)
   u_NV_NVDLA_cmac/u_core/u_mac_1/u_exp/exp_sft_27_reg_1_/D
                              3.8997         4.0225 f      -0.1229  (VIOLATED)
   u_NV_NVDLA_cmac/u_core/u_mac_4/u_exp/exp_sft_46_reg_1_/D
                              3.8815         4.0044 r      -0.1229  (VIOLATED)
   u_NV_NVDLA_cmac/u_core/u_mac_0/u_exp/exp_sft_07_reg_1_/D
                              3.8891         4.0119 r      -0.1228  (VIOLATED)
   u_NV_NVDLA_cmac/u_core/u_mac_4/u_exp/exp_sft_60_reg_1_/D
                              3.8869         4.0095 r      -0.1227  (VIOLATED)
   u_NV_NVDLA_cmac/u_core/u_mac_1/u_exp/exp_sft_52_reg_1_/D
                              3.8991         4.0218 f      -0.1227  (VIOLATED)
   u_NV_NVDLA_cmac/u_core/u_mac_3/u_exp/exp_sft_55_reg_1_/D
                              3.8892         4.0119 r      -0.1226  (VIOLATED)
   u_NV_NVDLA_cmac/u_core/u_mac_1/u_exp/exp_sft_00_reg_1_/D
                              3.8893         4.0118 r      -0.1225  (VIOLATED)
   u_NV_NVDLA_cmac/u_core/u_mac_4/u_exp/exp_sft_52_reg_1_/D
                              3.8894         4.0117 r      -0.1224  (VIOLATED)
   u_NV_NVDLA_cmac/u_core/u_mac_4/u_exp/exp_sft_03_reg_1_/D
                              3.8894         4.0117 r      -0.1223  (VIOLATED)
   u_NV_NVDLA_cmac/u_core/u_mac_4/u_exp/exp_sft_40_reg_1_/D
                              3.8894         4.0116 r      -0.1223  (VIOLATED)
   u_NV_NVDLA_cmac/u_core/u_mac_4/u_exp/exp_sft_25_reg_1_/D
                              3.8893         4.0114 r      -0.1222  (VIOLATED)
   u_NV_NVDLA_cmac/u_core/u_mac_4/u_exp/exp_sft_55_reg_1_/D
                              3.8894         4.0112 r      -0.1219  (VIOLATED)
   u_NV_NVDLA_cmac/u_core/u_mac_4/mac_out_data_reg_43_/D
                              3.8883         4.0099 r      -0.1216  (VIOLATED)
   u_NV_NVDLA_cmac/u_core/u_mac_3/u_exp/exp_sft_12_reg_1_/D
                              3.8895         4.0109 r      -0.1214  (VIOLATED)
   u_NV_NVDLA_cmac/u_core/u_mac_3/u_exp/exp_sft_57_reg_1_/D
                              3.8880         4.0092 r      -0.1212  (VIOLATED)
   u_NV_NVDLA_cmac/u_core/u_mac_4/u_exp/exp_sft_41_reg_1_/D
                              3.8894         4.0104 r      -0.1210  (VIOLATED)
   u_NV_NVDLA_cmac/u_core/u_mac_4/u_exp/exp_sft_51_reg_1_/D
                              3.8894         4.0101 r      -0.1208  (VIOLATED)
   u_NV_NVDLA_cmac/u_core/u_mac_0/u_exp/exp_sft_21_reg_0_/D
                              3.8887         4.0094 r      -0.1207  (VIOLATED)
   u_NV_NVDLA_cmac/u_core/u_mac_4/u_exp/exp_sft_08_reg_1_/D
                              3.8894         4.0101 r      -0.1207  (VIOLATED)
   u_NV_NVDLA_cmac/u_core/u_mac_3/u_exp/exp_sft_36_reg_1_/D
                              3.8894         4.0099 r      -0.1205  (VIOLATED)
   u_NV_NVDLA_cmac/u_core/u_mac_3/u_exp/exp_sft_37_reg_1_/D
                              3.8894         4.0094 r      -0.1200  (VIOLATED)
   u_NV_NVDLA_cmac/u_core/u_mac_4/u_exp/exp_sft_54_reg_1_/D
                              3.8895         4.0095 r      -0.1199  (VIOLATED)
   u_NV_NVDLA_cmac/u_core/u_mac_2/mac_out_data_reg_131_/D
                              3.8900         4.0099 r      -0.1199  (VIOLATED)
   u_NV_NVDLA_cmac/u_core/u_mac_0/u_exp/exp_sft_02_reg_1_/D
                              3.8891         4.0089 r      -0.1198  (VIOLATED)
   u_NV_NVDLA_cmac/u_core/u_mac_3/u_exp/exp_sft_51_reg_1_/D
                              3.8893         4.0090 r      -0.1197  (VIOLATED)
   u_NV_NVDLA_cmac/u_core/u_mac_1/u_exp/exp_sft_54_reg_1_/D
                              3.8996         4.0192 f      -0.1197  (VIOLATED)
   u_NV_NVDLA_cmac/u_core/u_mac_3/u_exp/exp_sft_61_reg_1_/D
                              3.8880         4.0076 r      -0.1196  (VIOLATED)
   u_NV_NVDLA_cmac/u_core/u_mac_3/u_exp/exp_sft_06_reg_1_/D
                              3.8816         4.0011 r      -0.1195  (VIOLATED)
   u_NV_NVDLA_cmac/u_core/u_mac_7/u_exp/exp_sft_27_reg_1_/D
                              3.8882         4.0076 r      -0.1193  (VIOLATED)
   u_NV_NVDLA_cmac/u_core/u_mac_0/u_exp/exp_sft_06_reg_1_/D
                              3.8888         4.0081 r      -0.1192  (VIOLATED)
   u_NV_NVDLA_cmac/u_core/u_mac_3/u_exp/exp_sft_32_reg_1_/D
                              3.8892         4.0085 r      -0.1192  (VIOLATED)
   u_NV_NVDLA_cmac/u_core/u_mac_0/u_exp/exp_sft_03_reg_1_/D
                              3.8893         4.0085 r      -0.1192  (VIOLATED)
   u_NV_NVDLA_cmac/u_core/u_mac_4/u_exp/exp_sft_15_reg_1_/D
                              3.8895         4.0086 r      -0.1191  (VIOLATED)
   u_NV_NVDLA_cmac/u_core/u_mac_5/u_exp/exp_max_l1_0_d1_reg_0_/D
                              3.8998         4.0189 f      -0.1191  (VIOLATED)
   u_NV_NVDLA_cmac/u_core/u_mac_3/u_exp/exp_sft_20_reg_1_/D
                              3.8893         4.0079 r      -0.1186  (VIOLATED)
   u_NV_NVDLA_cmac/u_core/u_mac_3/u_exp/exp_sft_54_reg_1_/D
                              3.8892         4.0079 r      -0.1186  (VIOLATED)
   u_NV_NVDLA_cmac/u_core/u_mac_3/u_exp/exp_sft_52_reg_1_/D
                              3.8892         4.0078 r      -0.1186  (VIOLATED)
   u_NV_NVDLA_cmac/u_core/u_mac_0/u_exp/exp_sft_11_reg_1_/D
                              3.8894         4.0079 r      -0.1184  (VIOLATED)
   u_NV_NVDLA_cmac/u_core/u_mac_3/u_exp/exp_sft_16_reg_1_/D
                              3.8892         4.0074 r      -0.1182  (VIOLATED)
   u_NV_NVDLA_cmac/u_core/u_mac_3/u_exp/exp_sft_45_reg_1_/D
                              3.8894         4.0075 r      -0.1181  (VIOLATED)
   u_NV_NVDLA_cmac/u_core/u_mac_0/u_exp/exp_sft_61_reg_1_/D
                              3.8992         4.0170 f      -0.1177  (VIOLATED)
   u_NV_NVDLA_cmac/u_core/u_mac_4/mac_out_data_reg_40_/D
                              3.8879         4.0056 r      -0.1177  (VIOLATED)
   u_NV_NVDLA_cmac/u_core/u_mac_6/mac_out_data_reg_37_/D
                              3.8808         3.9985 r      -0.1177  (VIOLATED)
   u_NV_NVDLA_cmac/u_core/u_mac_0/u_exp/exp_sft_45_reg_1_/D
                              3.8892         4.0065 r      -0.1174  (VIOLATED)
   u_NV_NVDLA_cmac/u_core/u_mac_1/u_exp/exp_max_l1_0_d1_reg_0_/D
                              3.8887         4.0060 r      -0.1173  (VIOLATED)
   u_NV_NVDLA_cmac/u_core/u_mac_0/u_exp/exp_sft_41_reg_1_/D
                              3.8893         4.0065 r      -0.1172  (VIOLATED)
   u_NV_NVDLA_cmac/u_core/u_mac_0/u_exp/exp_sft_13_reg_1_/D
                              3.8892         4.0059 r      -0.1166  (VIOLATED)
   u_NV_NVDLA_cmac/u_core/u_mac_0/u_exp/exp_sft_56_reg_1_/D
                              3.8991         4.0156 f      -0.1165  (VIOLATED)
   u_NV_NVDLA_cmac/u_core/u_mac_3/u_exp/exp_sft_33_reg_1_/D
                              3.8892         4.0056 r      -0.1164  (VIOLATED)
   u_NV_NVDLA_cmac/u_core/u_mac_4/u_exp/exp_sft_52_reg_2_/D
                              3.8897         4.0061 r      -0.1164  (VIOLATED)
   u_NV_NVDLA_cmac/u_core/u_mac_2/mac_out_data_reg_40_/D
                              3.8884         4.0043 r      -0.1160  (VIOLATED)
   u_NV_NVDLA_cmac/u_core/u_mac_3/u_exp/exp_sft_28_reg_1_/D
                              3.8891         4.0046 r      -0.1156  (VIOLATED)
   u_NV_NVDLA_cmac/u_core/u_mac_2/mac_out_data_reg_41_/D
                              3.8883         4.0036 r      -0.1153  (VIOLATED)
   u_NV_NVDLA_cmac/u_core/u_mac_3/u_exp/exp_sft_46_reg_1_/D
                              3.8894         4.0046 r      -0.1152  (VIOLATED)
   u_NV_NVDLA_cmac/u_core/u_mac_4/mac_out_data_reg_87_/D
                              3.8904         4.0056 r      -0.1152  (VIOLATED)
   u_NV_NVDLA_cmac/u_core/u_mac_3/u_exp/exp_sft_29_reg_1_/D
                              3.8892         4.0043 r      -0.1151  (VIOLATED)
   u_NV_NVDLA_cmac/u_core/u_mac_6/u_exp/exp_max_l1_0_d1_reg_0_/D
                              3.8888         4.0038 r      -0.1150  (VIOLATED)
   u_NV_NVDLA_cmac/u_core/u_mac_2/u_exp/exp_max_l1_0_d1_reg_0_/D
                              3.8812         3.9961 r      -0.1150  (VIOLATED)
   u_NV_NVDLA_cmac/u_core/u_mac_0/u_exp/exp_sft_59_reg_1_/D
                              3.8996         4.0144 f      -0.1149  (VIOLATED)
   u_NV_NVDLA_cmac/u_core/u_mac_3/u_exp/exp_sft_21_reg_1_/D
                              3.8893         4.0039 r      -0.1146  (VIOLATED)
   u_NV_NVDLA_cmac/u_core/u_mac_3/u_exp/exp_sft_17_reg_1_/D
                              3.8892         4.0035 r      -0.1143  (VIOLATED)
   u_NV_NVDLA_cmac/u_core/u_mac_7/u_exp/exp_sft_09_reg_1_/D
                              3.8885         4.0014 r      -0.1129  (VIOLATED)
   u_NV_NVDLA_cmac/u_core/u_mac_0/u_exp/exp_sft_10_reg_1_/D
                              3.8892         4.0016 r      -0.1124  (VIOLATED)
   u_NV_NVDLA_cmac/u_core/u_mac_0/u_exp/exp_sft_08_reg_1_/D
                              3.8892         4.0015 r      -0.1123  (VIOLATED)
   u_NV_NVDLA_cmac/u_core/u_mac_3/mac_out_data_reg_40_/D
                              3.8882         4.0003 r      -0.1121  (VIOLATED)
   u_NV_NVDLA_cmac/u_core/u_mac_4/u_exp/exp_sft_47_reg_3_/D
                              3.8875         3.9996 r      -0.1121  (VIOLATED)
   u_NV_NVDLA_cmac/u_core/u_mac_3/u_exp/exp_sft_22_reg_1_/D
                              3.8889         4.0002 r      -0.1113  (VIOLATED)
   u_NV_NVDLA_cmac/u_core/u_mac_1/u_exp/exp_sft_48_reg_1_/D
                              3.9000         4.0112 f      -0.1112  (VIOLATED)
   u_NV_NVDLA_cmac/u_core/u_mac_4/u_exp/exp_sft_12_reg_1_/D
                              3.8895         4.0007 r      -0.1112  (VIOLATED)
   u_NV_NVDLA_cmac/u_core/u_mac_1/mac_out_data_reg_43_/D
                              3.8885         3.9982 r      -0.1097  (VIOLATED)
   u_NV_NVDLA_cmac/u_core/u_mac_4/mac_out_data_reg_42_/D
                              3.8885         3.9981 r      -0.1096  (VIOLATED)
   u_NV_NVDLA_cmac/u_core/u_mac_1/u_exp/exp_sft_42_reg_1_/D
                              3.8992         4.0087 f      -0.1094  (VIOLATED)
   u_NV_NVDLA_cmac/u_core/u_mac_4/u_exp/exp_sft_62_reg_1_/D
                              3.8889         3.9974 r      -0.1084  (VIOLATED)
   u_NV_NVDLA_cmac/u_core/u_mac_1/u_exp/exp_sft_50_reg_1_/D
                              3.8999         4.0072 f      -0.1073  (VIOLATED)
   u_NV_NVDLA_cmac/u_core/u_mac_3/u_exp/exp_sft_02_reg_1_/D
                              3.8886         3.9957 r      -0.1071  (VIOLATED)
   u_NV_NVDLA_cmac/u_core/u_mac_6/mac_out_data_reg_41_/D
                              3.8810         3.9875 r      -0.1064  (VIOLATED)
   u_NV_NVDLA_cmac/u_core/u_mac_4/mac_out_data_reg_31_/D
                              3.8803         3.9853 r      -0.1050  (VIOLATED)
   u_NV_NVDLA_cmac/u_core/u_mac_4/u_exp/exp_sft_56_reg_1_/D
                              3.8995         4.0046 f      -0.1050  (VIOLATED)
   u_NV_NVDLA_cmac/u_core/u_mac_4/mac_out_data_reg_29_/D
                              3.8794         3.9844 r      -0.1050  (VIOLATED)
   u_NV_NVDLA_cmac/u_core/u_mac_0/u_exp/exp_sft_42_reg_1_/D
                              3.8893         3.9939 r      -0.1046  (VIOLATED)
   u_NV_NVDLA_cmac/u_core/u_mac_0/mac_out_data_reg_43_/D
                              3.8887         3.9921 r      -0.1034  (VIOLATED)
   u_NV_NVDLA_cmac/u_core/u_mac_4/mac_out_data_reg_35_/D
                              3.8808         3.9842 r      -0.1034  (VIOLATED)
   u_NV_NVDLA_cmac/u_core/u_mac_7/mac_out_data_reg_85_/D
                              3.8905         3.9935 r      -0.1030  (VIOLATED)
   u_NV_NVDLA_cmac/u_core/u_mac_3/mac_out_data_reg_37_/D
                              3.8804         3.9832 r      -0.1028  (VIOLATED)
   u_NV_NVDLA_cmac/u_core/u_mac_7/mac_out_data_reg_84_/D
                              3.8903         3.9931 r      -0.1028  (VIOLATED)
   u_NV_NVDLA_cmac/u_core/u_mac_7/mac_out_data_reg_86_/D
                              3.8905         3.9930 r      -0.1025  (VIOLATED)
   u_NV_NVDLA_cmac/u_core/u_mac_4/u_exp/exp_max_l1_0_d1_reg_0_/D
                              3.8890         3.9912 r      -0.1022  (VIOLATED)
   u_NV_NVDLA_cmac/u_core/u_mac_2/mac_out_data_reg_42_/D
                              3.8881         3.9892 r      -0.1011  (VIOLATED)
   u_NV_NVDLA_cmac/u_core/u_mac_1/u_exp/exp_sft_43_reg_1_/D
                              3.8996         4.0004 f      -0.1008  (VIOLATED)
   u_NV_NVDLA_cmac/u_core/u_mac_4/mac_out_data_reg_33_/D
                              3.8806         3.9807 r      -0.1001  (VIOLATED)
   u_NV_NVDLA_cmac/u_core/u_mac_3/mac_out_data_reg_41_/D
                              3.8882         3.9881 r      -0.1000  (VIOLATED)
   u_NV_NVDLA_cmac/u_core/u_mac_3/u_exp/exp_max_l1_0_d1_reg_0_/D
                              3.8886         3.9872 r      -0.0985  (VIOLATED)
   u_NV_NVDLA_cmac/u_core/u_mac_6/mac_out_data_reg_131_/D
                              3.8825         3.9807 r      -0.0982  (VIOLATED)
   u_NV_NVDLA_cmac/u_core/u_mac_3/mac_out_data_reg_125_/D
                              3.8885         3.9866 r      -0.0981  (VIOLATED)
   u_NV_NVDLA_cmac/u_core/u_mac_1/u_exp/exp_sft_47_reg_1_/D
                              3.8999         3.9977 f      -0.0978  (VIOLATED)
   u_NV_NVDLA_cmac/u_core/u_mac_2/mac_out_data_reg_37_/D
                              3.8884         3.9861 r      -0.0977  (VIOLATED)
   u_NV_NVDLA_cmac/u_core/u_mac_0/mac_out_data_reg_42_/D
                              3.8886         3.9853 r      -0.0967  (VIOLATED)
   u_NV_NVDLA_cmac/u_core/u_mac_2/mac_out_data_reg_126_/D
                              3.8893         3.9858 r      -0.0965  (VIOLATED)
   u_NV_NVDLA_cmac/u_core/u_mac_4/mac_out_data_reg_27_/D
                              3.8798         3.9757 r      -0.0959  (VIOLATED)
   u_NV_NVDLA_cmac/u_core/u_mac_4/mac_out_data_reg_28_/D
                              3.8802         3.9749 r      -0.0947  (VIOLATED)
   u_NV_NVDLA_cmac/u_core/u_mac_3/mac_out_data_reg_42_/D
                              3.8881         3.9824 r      -0.0944  (VIOLATED)
   u_NV_NVDLA_cmac/u_core/u_mac_0/u_exp/exp_max_l1_0_d1_reg_0_/D
                              3.8888         3.9829 r      -0.0941  (VIOLATED)
   u_NV_NVDLA_cmac/u_core/u_mac_6/mac_out_data_reg_40_/D
                              3.8888         3.9805 r      -0.0918  (VIOLATED)
   u_NV_NVDLA_cmac/u_core/u_mac_2/mac_out_data_reg_36_/D
                              3.8887         3.9804 r      -0.0917  (VIOLATED)
   u_NV_NVDLA_cmac/u_core/u_mac_2/mac_out_data_reg_127_/D
                              3.8897         3.9811 r      -0.0914  (VIOLATED)
   u_NV_NVDLA_cmac/u_core/u_mac_4/mac_out_data_reg_125_/D
                              3.8886         3.9798 r      -0.0913  (VIOLATED)
   u_NV_NVDLA_cmac/u_core/u_mac_1/u_exp/exp_sft_31_reg_1_/D
                              3.8997         3.9900 f      -0.0902  (VIOLATED)
   u_NV_NVDLA_cmac/u_core/u_mac_2/mac_out_data_reg_175_/D
                              3.9010         3.9911 f      -0.0901  (VIOLATED)
   u_NV_NVDLA_cmac/u_core/u_mac_6/mac_out_data_reg_42_/D
                              3.8887         3.9788 r      -0.0900  (VIOLATED)
   u_NV_NVDLA_cmac/u_core/u_mac_6/mac_out_data_reg_87_/D
                              3.8827         3.9726 r      -0.0899  (VIOLATED)
   u_NV_NVDLA_cmac/u_core/u_mac_1/mac_out_data_reg_40_/D
                              3.8885         3.9780 r      -0.0895  (VIOLATED)
   u_NV_NVDLA_cmac/u_core/u_mac_1/u_exp/exp_sft_05_reg_1_/D
                              3.9001         3.9892 f      -0.0891  (VIOLATED)
   u_NV_NVDLA_cmac/u_core/u_mac_2/mac_out_data_reg_35_/D
                              3.8881         3.9772 r      -0.0891  (VIOLATED)
   u_NV_NVDLA_cmac/u_core/u_mac_1/mac_out_data_reg_41_/D
                              3.8886         3.9772 r      -0.0886  (VIOLATED)
   u_NV_NVDLA_cmac/u_core/u_mac_0/mac_out_data_reg_30_/D
                              3.8884         3.9767 r      -0.0883  (VIOLATED)
   u_NV_NVDLA_cmac/u_core/u_mac_4/mac_out_data_reg_30_/D
                              3.8806         3.9685 r      -0.0879  (VIOLATED)
   u_NV_NVDLA_cmac/u_core/u_mac_5/mac_out_data_reg_43_/D
                              3.8887         3.9765 r      -0.0878  (VIOLATED)
   u_NV_NVDLA_cmac/u_core/u_mac_1/u_exp/exp_sft_38_reg_1_/D
                              3.8988         3.9852 f      -0.0863  (VIOLATED)
   u_NV_NVDLA_cmac/u_core/u_mac_5/mac_out_data_reg_40_/D
                              3.8888         3.9750 r      -0.0862  (VIOLATED)
   u_NV_NVDLA_cmac/u_core/u_mac_4/mac_out_data_reg_34_/D
                              3.8806         3.9664 r      -0.0858  (VIOLATED)
   u_NV_NVDLA_cmac/u_core/u_mac_4/mac_out_data_reg_32_/D
                              3.8807         3.9664 r      -0.0858  (VIOLATED)
   u_NV_NVDLA_cmac/u_core/u_mac_2/mac_out_data_reg_128_/D
                              3.8897         3.9751 r      -0.0853  (VIOLATED)
   u_NV_NVDLA_cmac/u_core/u_mac_3/mac_out_data_reg_126_/D
                              3.8819         3.9670 r      -0.0851  (VIOLATED)
   u_NV_NVDLA_cmac/u_core/u_mac_2/mac_out_data_reg_129_/D
                              3.8897         3.9742 r      -0.0845  (VIOLATED)
   u_NV_NVDLA_cmac/u_core/u_mac_0/mac_out_data_reg_125_/D
                              3.8884         3.9724 r      -0.0840  (VIOLATED)
   u_NV_NVDLA_cmac/u_core/u_mac_2/mac_out_data_reg_130_/D
                              3.8900         3.9739 r      -0.0839  (VIOLATED)
   u_NV_NVDLA_cmac/u_core/u_mac_7/mac_out_data_reg_83_/D
                              3.8896         3.9725 r      -0.0829  (VIOLATED)
   u_NV_NVDLA_cmac/u_core/u_mac_1/mac_out_data_reg_175_/D
                              3.9013         3.9834 f      -0.0821  (VIOLATED)
   u_NV_NVDLA_cmac/u_core/u_mac_3/mac_out_data_reg_87_/D
                              3.8905         3.9723 r      -0.0817  (VIOLATED)
   u_NV_NVDLA_cmac/u_core/u_mac_0/mac_out_data_reg_29_/D
                              3.8884         3.9700 r      -0.0815  (VIOLATED)
   u_NV_NVDLA_cmac/u_core/u_mac_2/mac_out_data_reg_43_/D
                              3.8885         3.9700 r      -0.0815  (VIOLATED)
   u_NV_NVDLA_cmac/u_core/u_mac_7/mac_out_data_reg_87_/D
                              3.9010         3.9823 f      -0.0813  (VIOLATED)
   u_NV_NVDLA_cmac/u_core/u_mac_4/mac_out_data_reg_175_/D
                              3.9013         3.9825 f      -0.0812  (VIOLATED)
   u_NV_NVDLA_cmac/u_core/u_mac_5/mac_out_data_reg_83_/D
                              3.8896         3.9707 r      -0.0811  (VIOLATED)
   u_NV_NVDLA_cmac/u_core/u_mac_4/mac_out_data_reg_131_/D
                              3.8823         3.9633 r      -0.0810  (VIOLATED)
   u_NV_NVDLA_cmac/u_core/u_mac_4/mac_out_data_reg_36_/D
                              3.8804         3.9609 r      -0.0805  (VIOLATED)
   u_NV_NVDLA_cmac/u_core/u_mac_0/mac_out_data_reg_32_/D
                              3.8884         3.9687 r      -0.0803  (VIOLATED)
   u_NV_NVDLA_cmac/u_core/u_mac_4/mac_out_data_reg_39_/D
                              3.8884         3.9679 r      -0.0795  (VIOLATED)
   u_NV_NVDLA_cmac/u_core/u_mac_0/mac_out_data_reg_33_/D
                              3.8885         3.9678 r      -0.0793  (VIOLATED)
   u_NV_NVDLA_cmac/u_core/u_mac_0/mac_out_data_reg_37_/D
                              3.8886         3.9675 r      -0.0789  (VIOLATED)
   u_NV_NVDLA_cmac/u_core/u_mac_0/mac_out_data_reg_175_/D
                              3.9012         3.9798 f      -0.0786  (VIOLATED)
   u_NV_NVDLA_cmac/u_core/u_mac_0/mac_out_data_reg_35_/D
                              3.8886         3.9670 r      -0.0785  (VIOLATED)
   u_NV_NVDLA_cmac/u_core/u_mac_4/mac_out_data_reg_86_/D
                              3.8904         3.9684 r      -0.0779  (VIOLATED)
   u_NV_NVDLA_cmac/u_core/u_mac_6/mac_out_data_reg_86_/D
                              3.8825         3.9603 r      -0.0778  (VIOLATED)
   u_NV_NVDLA_cmac/u_core/u_mac_4/mac_out_data_reg_85_/D
                              3.8904         3.9681 r      -0.0776  (VIOLATED)
   u_NV_NVDLA_cmac/u_core/u_mac_6/mac_out_data_reg_33_/D
                              3.8810         3.9586 r      -0.0776  (VIOLATED)
   u_NV_NVDLA_cmac/u_core/u_mac_6/mac_out_data_reg_84_/D
                              3.8825         3.9595 r      -0.0770  (VIOLATED)
   u_NV_NVDLA_cmac/u_core/u_mac_3/mac_out_data_reg_43_/D
                              3.8880         3.9645 r      -0.0765  (VIOLATED)
   u_NV_NVDLA_cmac/u_core/u_mac_6/mac_out_data_reg_85_/D
                              3.8823         3.9587 r      -0.0763  (VIOLATED)
   u_NV_NVDLA_cmac/u_core/u_mac_3/mac_out_data_reg_127_/D
                              3.8896         3.9657 r      -0.0761  (VIOLATED)
   u_NV_NVDLA_cmac/u_core/u_mac_4/mac_out_data_reg_84_/D
                              3.8904         3.9664 r      -0.0760  (VIOLATED)
   u_NV_NVDLA_cmac/u_core/u_mac_6/mac_out_data_reg_125_/D
                              3.8886         3.9642 r      -0.0757  (VIOLATED)
   u_NV_NVDLA_cmac/u_core/u_mac_0/mac_out_data_reg_131_/D
                              3.8904         3.9645 r      -0.0741  (VIOLATED)
   u_NV_NVDLA_cmac/u_core/u_mac_4/mac_out_data_reg_129_/D
                              3.8822         3.9559 r      -0.0738  (VIOLATED)
   u_NV_NVDLA_cmac/u_core/u_mac_2/mac_out_data_reg_86_/D
                              3.8903         3.9636 r      -0.0733  (VIOLATED)
   u_NV_NVDLA_cmac/u_core/u_mac_4/mac_out_data_reg_130_/D
                              3.8823         3.9553 r      -0.0730  (VIOLATED)
   u_NV_NVDLA_cmac/u_core/u_mac_2/mac_out_data_reg_124_/D
                              3.8881         3.9601 r      -0.0720  (VIOLATED)
   u_NV_NVDLA_cmac/u_core/u_mac_7/mac_out_data_reg_82_/D
                              3.8896         3.9616 r      -0.0720  (VIOLATED)
   u_NV_NVDLA_cmac/u_core/u_mac_3/mac_out_data_reg_130_/D
                              3.8897         3.9617 r      -0.0720  (VIOLATED)
   u_NV_NVDLA_cmac/u_core/u_mac_3/mac_out_data_reg_27_/D
                              3.8810         3.9526 r      -0.0716  (VIOLATED)
   u_NV_NVDLA_cmac/u_core/u_mac_3/mac_out_data_reg_28_/D
                              3.8806         3.9519 r      -0.0713  (VIOLATED)
   u_NV_NVDLA_cmac/u_core/u_mac_5/mac_out_data_reg_87_/D
                              3.8905         3.9610 r      -0.0705  (VIOLATED)
   u_NV_NVDLA_cmac/u_core/u_mac_3/mac_out_data_reg_34_/D
                              3.8808         3.9512 r      -0.0704  (VIOLATED)
   u_NV_NVDLA_cmac/u_core/u_mac_4/mac_out_data_reg_127_/D
                              3.8896         3.9598 r      -0.0702  (VIOLATED)
   u_NV_NVDLA_cmac/u_core/u_mac_3/mac_out_data_reg_131_/D
                              3.8899         3.9600 r      -0.0701  (VIOLATED)
   u_NV_NVDLA_cmac/u_core/u_mac_3/mac_out_data_reg_129_/D
                              3.8897         3.9595 r      -0.0698  (VIOLATED)
   u_NV_NVDLA_cmac/u_core/u_mac_3/mac_out_data_reg_128_/D
                              3.8895         3.9588 r      -0.0693  (VIOLATED)
   u_NV_NVDLA_cmac/u_core/u_mac_4/mac_out_data_reg_38_/D
                              3.8880         3.9571 r      -0.0691  (VIOLATED)
   u_NV_NVDLA_cmac/u_core/u_mac_3/mac_out_data_reg_31_/D
                              3.8806         3.9495 r      -0.0689  (VIOLATED)
   u_NV_NVDLA_cmac/u_core/u_mac_4/mac_out_data_reg_126_/D
                              3.8894         3.9582 r      -0.0688  (VIOLATED)
   u_NV_NVDLA_cmac/u_core/u_mac_7/mac_out_data_reg_40_/D
                              3.8888         3.9575 r      -0.0687  (VIOLATED)
   u_NV_NVDLA_cmac/u_core/u_mac_3/mac_out_data_reg_85_/D
                              3.8905         3.9591 r      -0.0686  (VIOLATED)
   u_NV_NVDLA_cmac/u_core/u_mac_3/mac_out_data_reg_175_/D
                              3.8905         3.9591 r      -0.0686  (VIOLATED)
   u_NV_NVDLA_cmac/u_core/u_mac_2/mac_out_data_reg_125_/D
                              3.8883         3.9569 r      -0.0686  (VIOLATED)
   u_NV_NVDLA_cmac/u_core/u_mac_6/mac_out_data_reg_35_/D
                              3.8808         3.9491 r      -0.0683  (VIOLATED)
   u_NV_NVDLA_cmac/u_core/u_mac_3/mac_out_data_reg_84_/D
                              3.8904         3.9585 r      -0.0680  (VIOLATED)
   u_NV_NVDLA_cmac/u_core/u_mac_3/mac_out_data_reg_86_/D
                              3.8905         3.9584 r      -0.0678  (VIOLATED)
   u_NV_NVDLA_cmac/u_core/u_mac_5/mac_out_data_reg_84_/D
                              3.8905         3.9581 r      -0.0676  (VIOLATED)
   u_NV_NVDLA_cmac/u_core/u_mac_3/mac_out_data_reg_30_/D
                              3.8808         3.9484 r      -0.0675  (VIOLATED)
   u_NV_NVDLA_cmac/u_core/u_mac_2/mac_out_data_reg_123_/D
                              3.8883         3.9554 r      -0.0671  (VIOLATED)
   u_NV_NVDLA_cmac/u_core/u_mac_0/mac_out_data_reg_34_/D
                              3.8882         3.9553 r      -0.0671  (VIOLATED)
   u_NV_NVDLA_cmac/u_core/u_mac_0/mac_out_data_reg_27_/D
                              3.8886         3.9551 r      -0.0666  (VIOLATED)
   u_NV_NVDLA_cmac/u_core/u_mac_6/mac_out_data_reg_34_/D
                              3.8809         3.9471 r      -0.0662  (VIOLATED)
   u_NV_NVDLA_cmac/u_core/u_mac_0/mac_out_data_reg_28_/D
                              3.8886         3.9543 r      -0.0657  (VIOLATED)
   u_NV_NVDLA_cmac/u_core/u_mac_0/mac_out_data_reg_84_/D
                              3.8904         3.9560 r      -0.0656  (VIOLATED)
   u_NV_NVDLA_cmac/u_core/u_mac_5/mac_out_data_reg_85_/D
                              3.8905         3.9558 r      -0.0653  (VIOLATED)
   u_NV_NVDLA_cmac/u_core/u_mac_7/mac_out_data_reg_41_/D
                              3.8885         3.9535 r      -0.0650  (VIOLATED)
   u_NV_NVDLA_cmac/u_core/u_mac_5/mac_out_data_reg_86_/D
                              3.8905         3.9552 r      -0.0648  (VIOLATED)
   u_NV_NVDLA_cmac/u_core/u_mac_3/mac_out_data_reg_29_/D
                              3.8809         3.9453 r      -0.0644  (VIOLATED)
   u_NV_NVDLA_cmac/u_core/u_mac_6/mac_out_data_reg_128_/D
                              3.8825         3.9467 r      -0.0642  (VIOLATED)
   u_NV_NVDLA_cmac/u_core/u_mac_6/mac_out_data_reg_127_/D
                              3.8821         3.9463 r      -0.0642  (VIOLATED)
   u_NV_NVDLA_cmac/u_core/u_mac_4/mac_out_data_reg_128_/D
                              3.8900         3.9537 r      -0.0638  (VIOLATED)
   u_NV_NVDLA_cmac/u_core/u_mac_2/mac_out_data_reg_84_/D
                              3.8904         3.9541 r      -0.0637  (VIOLATED)
   u_NV_NVDLA_cmac/u_core/u_mac_4/mac_out_data_reg_82_/D
                              3.8898         3.9531 r      -0.0633  (VIOLATED)
   u_NV_NVDLA_cmac/u_core/u_mac_0/mac_out_data_reg_31_/D
                              3.8885         3.9513 r      -0.0628  (VIOLATED)
   u_NV_NVDLA_cmac/u_core/u_mac_0/mac_out_data_reg_40_/D
                              3.8885         3.9510 r      -0.0625  (VIOLATED)
   u_NV_NVDLA_cmac/u_core/u_mac_0/mac_out_data_reg_41_/D
                              3.8886         3.9510 r      -0.0624  (VIOLATED)
   u_NV_NVDLA_cmac/u_core/u_mac_6/mac_out_data_reg_130_/D
                              3.8824         3.9447 r      -0.0622  (VIOLATED)
   u_NV_NVDLA_cmac/u_core/u_mac_6/mac_out_data_reg_36_/D
                              3.8810         3.9431 r      -0.0621  (VIOLATED)
   u_NV_NVDLA_cmac/u_core/u_mac_7/mac_out_data_reg_37_/D
                              3.8886         3.9503 r      -0.0617  (VIOLATED)
   u_NV_NVDLA_cmac/u_core/u_mac_6/mac_out_data_reg_175_/D
                              3.9011         3.9617 f      -0.0606  (VIOLATED)
   u_NV_NVDLA_cmac/u_core/u_mac_4/mac_out_data_reg_83_/D
                              3.8895         3.9495 r      -0.0600  (VIOLATED)
   u_NV_NVDLA_cmac/u_core/u_mac_2/mac_out_data_reg_85_/D
                              3.8904         3.9502 r      -0.0598  (VIOLATED)
   u_NV_NVDLA_cmac/u_core/u_mac_5/mac_out_data_reg_126_/D
                              3.8896         3.9493 r      -0.0597  (VIOLATED)
   u_NV_NVDLA_cmac/u_core/u_mac_1/mac_out_data_reg_29_/D
                              3.8884         3.9478 r      -0.0595  (VIOLATED)
   u_NV_NVDLA_cmac/u_core/u_mac_2/mac_out_data_reg_77_/D
                              3.8878         3.9473 r      -0.0595  (VIOLATED)
   u_NV_NVDLA_cmac/u_core/u_mac_6/mac_out_data_reg_129_/D
                              3.8825         3.9419 r      -0.0594  (VIOLATED)
   u_NV_NVDLA_cmac/u_core/u_mac_1/mac_out_data_reg_34_/D
                              3.8886         3.9478 r      -0.0592  (VIOLATED)
   u_NV_NVDLA_cmac/u_core/u_mac_6/mac_out_data_reg_30_/D
                              3.8810         3.9400 r      -0.0590  (VIOLATED)
   u_NV_NVDLA_cmac/u_core/u_mac_7/mac_out_data_reg_77_/D
                              3.8884         3.9474 r      -0.0590  (VIOLATED)
   u_NV_NVDLA_cmac/u_core/u_mac_6/mac_out_data_reg_29_/D
                              3.8799         3.9388 r      -0.0589  (VIOLATED)
   u_NV_NVDLA_cmac/u_core/u_mac_6/mac_out_data_reg_27_/D
                              3.8809         3.9396 r      -0.0588  (VIOLATED)
   u_NV_NVDLA_cmac/u_core/u_mac_7/mac_out_data_reg_81_/D
                              3.8877         3.9463 r      -0.0585  (VIOLATED)
   u_NV_NVDLA_cmac/u_core/u_mac_6/mac_out_data_reg_169_/D
                              3.8885         3.9468 r      -0.0584  (VIOLATED)
   u_NV_NVDLA_cmac/u_core/u_mac_7/mac_out_data_reg_43_/D
                              3.8886         3.9469 r      -0.0583  (VIOLATED)
   u_NV_NVDLA_cmac/u_core/u_mac_6/mac_out_data_reg_31_/D
                              3.8810         3.9392 r      -0.0582  (VIOLATED)
   u_NV_NVDLA_cmac/u_core/u_mac_1/mac_out_data_reg_85_/D
                              3.8905         3.9486 r      -0.0581  (VIOLATED)
   u_NV_NVDLA_cmac/u_core/u_mac_2/mac_out_data_reg_39_/D
                              3.8878         3.9458 r      -0.0580  (VIOLATED)
   u_NV_NVDLA_cmac/u_core/u_mac_6/mac_out_data_reg_38_/D
                              3.8805         3.9384 r      -0.0579  (VIOLATED)
   u_NV_NVDLA_cmac/u_core/u_mac_5/mac_out_data_reg_41_/D
                              3.8885         3.9464 r      -0.0579  (VIOLATED)
   u_NV_NVDLA_cmac/u_core/u_mac_7/mac_out_data_reg_34_/D
                              3.8883         3.9460 r      -0.0577  (VIOLATED)
   u_NV_NVDLA_cmac/u_core/u_mac_6/mac_out_data_reg_39_/D
                              3.8803         3.9379 r      -0.0576  (VIOLATED)
   u_NV_NVDLA_cmac/u_core/u_mac_6/mac_out_data_reg_28_/D
                              3.8809         3.9381 r      -0.0572  (VIOLATED)
   u_NV_NVDLA_cmac/u_core/u_mac_1/mac_out_data_reg_37_/D
                              3.8885         3.9457 r      -0.0572  (VIOLATED)
   u_NV_NVDLA_cmac/u_core/u_mac_6/mac_out_data_reg_126_/D
                              3.8822         3.9387 r      -0.0565  (VIOLATED)
   u_NV_NVDLA_cmac/u_core/u_mac_1/mac_out_data_reg_31_/D
                              3.8883         3.9447 r      -0.0564  (VIOLATED)
   u_NV_NVDLA_cmac/u_core/u_mac_0/mac_out_data_reg_127_/D
                              3.8905         3.9466 r      -0.0561  (VIOLATED)
   u_NV_NVDLA_cmac/u_core/u_mac_1/mac_out_data_reg_84_/D
                              3.8904         3.9465 r      -0.0561  (VIOLATED)
   u_NV_NVDLA_cmac/u_core/u_mac_6/mac_out_data_reg_32_/D
                              3.8810         3.9370 r      -0.0560  (VIOLATED)
   u_NV_NVDLA_cmac/u_core/u_mac_2/mac_out_data_reg_79_/D
                              3.8883         3.9442 r      -0.0559  (VIOLATED)
   u_NV_NVDLA_cmac/u_core/u_mac_5/mac_out_data_reg_42_/D
                              3.8886         3.9445 r      -0.0559  (VIOLATED)
   u_NV_NVDLA_cmac/u_core/u_mac_7/mac_out_data_reg_131_/D
                              3.8900         3.9459 r      -0.0559  (VIOLATED)
   u_NV_NVDLA_cmac/u_core/u_mac_1/mac_out_data_reg_86_/D
                              3.8906         3.9463 r      -0.0557  (VIOLATED)
   u_NV_NVDLA_cmac/u_core/u_mac_7/mac_out_data_reg_80_/D
                              3.8883         3.9437 r      -0.0554  (VIOLATED)
   u_NV_NVDLA_cmac/u_core/u_mac_2/mac_out_data_reg_121_/D
                              3.8881         3.9429 r      -0.0548  (VIOLATED)
   u_NV_NVDLA_cmac/u_core/u_mac_6/mac_out_data_reg_83_/D
                              3.8820         3.9367 r      -0.0547  (VIOLATED)
   u_NV_NVDLA_cmac/u_core/u_mac_4/mac_out_data_reg_26_/D
                              3.8906         3.9451 r      -0.0545  (VIOLATED)
   u_NV_NVDLA_cmac/u_core/u_mac_6/mac_out_data_reg_82_/D
                              3.8822         3.9367 r      -0.0545  (VIOLATED)
   u_NV_NVDLA_cmac/u_core/u_mac_7/mac_out_data_reg_42_/D
                              3.8886         3.9429 r      -0.0543  (VIOLATED)
   u_NV_NVDLA_cmac/u_core/u_mac_7/mac_out_data_reg_79_/D
                              3.8882         3.9420 r      -0.0538  (VIOLATED)
   u_NV_NVDLA_cmac/u_core/u_mac_7/mac_out_data_reg_33_/D
                              3.8885         3.9418 r      -0.0533  (VIOLATED)
   u_NV_NVDLA_cmac/u_core/u_mac_7/mac_out_data_reg_35_/D
                              3.8883         3.9414 r      -0.0530  (VIOLATED)
   u_NV_NVDLA_cmac/u_core/u_mac_2/mac_out_data_reg_38_/D
                              3.8884         3.9412 r      -0.0529  (VIOLATED)
   u_NV_NVDLA_cmac/u_core/u_mac_0/mac_out_data_reg_126_/D
                              3.8904         3.9432 r      -0.0527  (VIOLATED)
   u_NV_NVDLA_cmac/u_core/u_mac_5/mac_out_data_reg_37_/D
                              3.8882         3.9407 r      -0.0525  (VIOLATED)
   u_NV_NVDLA_cmac/u_core/u_mac_1/mac_out_data_reg_32_/D
                              3.8885         3.9408 r      -0.0523  (VIOLATED)
   u_NV_NVDLA_cmac/u_core/u_mac_0/mac_out_data_reg_128_/D
                              3.8901         3.9420 r      -0.0519  (VIOLATED)
   u_NV_NVDLA_cmac/u_core/u_mac_0/mac_out_data_reg_129_/D
                              3.8902         3.9418 r      -0.0517  (VIOLATED)
   u_NV_NVDLA_cmac/u_core/u_mac_0/mac_out_data_reg_86_/D
                              3.8906         3.9419 r      -0.0513  (VIOLATED)
   u_NV_NVDLA_cmac/u_core/u_mac_0/mac_out_data_reg_85_/D
                              3.8904         3.9415 r      -0.0511  (VIOLATED)
   u_NV_NVDLA_cmac/u_core/u_mac_3/mac_out_data_reg_83_/D
                              3.8896         3.9406 r      -0.0509  (VIOLATED)
   u_NV_NVDLA_cmac/u_core/u_mac_0/mac_out_data_reg_130_/D
                              3.8903         3.9409 r      -0.0506  (VIOLATED)
   u_NV_NVDLA_cmac/u_core/u_mac_1/mac_out_data_reg_169_/D
                              3.8883         3.9384 r      -0.0501  (VIOLATED)
   u_NV_NVDLA_cmac/u_core/u_mac_3/mac_out_data_reg_35_/D
                              3.8885         3.9364 r      -0.0479  (VIOLATED)
   u_NV_NVDLA_cmac/u_core/u_mac_3/mac_out_data_reg_36_/D
                              3.8801         3.9274 r      -0.0472  (VIOLATED)
   u_NV_NVDLA_cmac/u_core/u_mac_1/mac_out_data_reg_42_/D
                              3.8885         3.9355 r      -0.0470  (VIOLATED)
   u_NV_NVDLA_cmac/u_core/u_mac_3/mac_out_data_reg_38_/D
                              3.8804         3.9274 r      -0.0470  (VIOLATED)
   u_NV_NVDLA_cmac/u_core/u_mac_3/mac_out_data_reg_33_/D
                              3.8881         3.9349 r      -0.0468  (VIOLATED)
   u_NV_NVDLA_cmac/u_core/u_mac_0/mac_out_data_reg_82_/D
                              3.8904         3.9371 r      -0.0466  (VIOLATED)
   u_NV_NVDLA_cmac/u_core/u_mac_1/mac_out_data_reg_27_/D
                              3.8884         3.9344 r      -0.0460  (VIOLATED)
   u_NV_NVDLA_cmac/u_core/u_mac_3/mac_out_data_reg_39_/D
                              3.8804         3.9263 r      -0.0459  (VIOLATED)
   u_NV_NVDLA_cmac/u_core/u_mac_1/mac_out_data_reg_83_/D
                              3.8896         3.9354 r      -0.0458  (VIOLATED)
   u_NV_NVDLA_cmac/u_core/u_mac_1/mac_out_data_reg_28_/D
                              3.8883         3.9339 r      -0.0455  (VIOLATED)
   u_NV_NVDLA_cmac/u_core/u_mac_2/mac_out_data_reg_81_/D
                              3.8882         3.9335 r      -0.0453  (VIOLATED)
   u_NV_NVDLA_cmac/u_core/u_mac_1/mac_out_data_reg_87_/D
                              3.8905         3.9352 r      -0.0447  (VIOLATED)
   u_NV_NVDLA_cmac/u_core/u_mac_7/mac_out_data_reg_32_/D
                              3.8875         3.9322 r      -0.0447  (VIOLATED)
   u_NV_NVDLA_cmac/u_core/u_mac_5/mac_out_data_reg_125_/D
                              3.8887         3.9323 r      -0.0436  (VIOLATED)
   u_NV_NVDLA_cmac/u_core/u_mac_1/mac_out_data_reg_30_/D
                              3.8887         3.9318 r      -0.0431  (VIOLATED)
   u_NV_NVDLA_cmac/u_core/u_mac_2/mac_out_data_reg_174_/D
                              3.9011         3.9441 f      -0.0430  (VIOLATED)
   u_NV_NVDLA_cmac/u_core/u_mac_2/mac_out_data_reg_83_/D
                              3.8898         3.9327 r      -0.0429  (VIOLATED)
   u_NV_NVDLA_cmac/u_core/u_mac_3/mac_out_data_reg_82_/D
                              3.8896         3.9323 r      -0.0427  (VIOLATED)
   u_NV_NVDLA_cmac/u_core/u_mac_5/mac_out_data_reg_27_/D
                              3.8875         3.9301 r      -0.0426  (VIOLATED)
   u_NV_NVDLA_cmac/u_core/u_mac_6/mac_out_data_reg_119_/D
                              3.8803         3.9227 r      -0.0424  (VIOLATED)
   u_NV_NVDLA_cmac/u_core/u_mac_5/mac_out_data_reg_35_/D
                              3.8886         3.9308 r      -0.0423  (VIOLATED)
   u_NV_NVDLA_cmac/u_core/u_mac_0/mac_out_data_reg_83_/D
                              3.8905         3.9327 r      -0.0422  (VIOLATED)
   u_NV_NVDLA_cmac/u_core/u_mac_7/mac_out_data_reg_175_/D
                              3.9013         3.9434 f      -0.0421  (VIOLATED)
   u_NV_NVDLA_cmac/u_core/u_mac_2/mac_out_data_reg_78_/D
                              3.8884         3.9300 r      -0.0415  (VIOLATED)
   u_NV_NVDLA_cmac/u_core/u_mac_0/mac_out_data_reg_169_/D
                              3.8883         3.9296 r      -0.0413  (VIOLATED)
   u_NV_NVDLA_cmac/u_core/u_mac_3/mac_out_data_reg_169_/D
                              3.9001         3.9413 f      -0.0412  (VIOLATED)
   u_NV_NVDLA_cmac/u_core/u_mac_1/mac_out_data_reg_82_/D
                              3.8896         3.9305 r      -0.0409  (VIOLATED)
   u_NV_NVDLA_cmac/u_core/u_mac_0/mac_out_data_reg_87_/D
                              3.8904         3.9309 r      -0.0405  (VIOLATED)
   u_NV_NVDLA_cmac/u_core/u_mac_3/mac_out_data_reg_32_/D
                              3.8883         3.9287 r      -0.0403  (VIOLATED)
   u_NV_NVDLA_cmac/u_core/u_mac_5/mac_out_data_reg_82_/D
                              3.8896         3.9290 r      -0.0395  (VIOLATED)
   u_NV_NVDLA_cmac/u_core/u_mac_1/mac_out_data_reg_35_/D
                              3.8885         3.9275 r      -0.0390  (VIOLATED)
   u_NV_NVDLA_cmac/u_core/u_mac_2/mac_out_data_reg_82_/D
                              3.8898         3.9285 r      -0.0387  (VIOLATED)
   u_NV_NVDLA_cmac/u_core/u_mac_0/mac_out_data_reg_38_/D
                              3.8875         3.9252 r      -0.0377  (VIOLATED)
   u_NV_NVDLA_cmac/u_core/u_mac_5/mac_out_data_reg_33_/D
                              3.8886         3.9257 r      -0.0372  (VIOLATED)
   u_NV_NVDLA_cmac/u_core/u_mac_3/mac_out_data_reg_174_/D
                              3.8904         3.9274 r      -0.0370  (VIOLATED)
   u_NV_NVDLA_cmac/u_core/u_mac_4/mac_out_data_reg_123_/D
                              3.8885         3.9253 r      -0.0368  (VIOLATED)
   u_NV_NVDLA_cmac/u_core/u_mac_1/mac_out_data_reg_33_/D
                              3.8886         3.9253 r      -0.0367  (VIOLATED)
   u_NV_NVDLA_cmac/u_core/u_mac_7/mac_out_data_reg_31_/D
                              3.8885         3.9250 r      -0.0365  (VIOLATED)
   u_NV_NVDLA_cmac/u_core/u_mac_4/mac_out_data_reg_169_/D
                              3.8998         3.9357 f      -0.0359  (VIOLATED)
   u_NV_NVDLA_cmac/u_core/u_mac_0/mac_out_data_reg_39_/D
                              3.8878         3.9235 r      -0.0357  (VIOLATED)
   u_NV_NVDLA_cmac/u_core/u_mac_0/mac_out_data_reg_36_/D
                              3.8886         3.9239 r      -0.0353  (VIOLATED)
   u_NV_NVDLA_cmac/u_core/u_mac_1/mac_out_data_reg_174_/D
                              3.9012         3.9355 f      -0.0343  (VIOLATED)
   u_NV_NVDLA_cmac/u_core/u_mac_7/mac_out_data_reg_29_/D
                              3.8885         3.9227 r      -0.0342  (VIOLATED)
   u_NV_NVDLA_cmac/u_core/u_mac_6/mac_out_data_reg_165_/D
                              3.9000         3.9339 f      -0.0339  (VIOLATED)
   u_NV_NVDLA_cmac/u_core/u_mac_4/mac_out_data_reg_174_/D
                              3.9013         3.9349 f      -0.0337  (VIOLATED)
   u_NV_NVDLA_cmac/u_core/u_mac_5/mac_out_data_reg_131_/D
                              3.8897         3.9232 r      -0.0335  (VIOLATED)
   u_NV_NVDLA_cmac/u_core/u_mac_4/mac_out_data_reg_77_/D
                              3.8878         3.9212 r      -0.0334  (VIOLATED)
   u_NV_NVDLA_cmac/u_core/u_mac_5/mac_out_data_reg_175_/D
                              3.9011         3.9330 f      -0.0319  (VIOLATED)
   u_NV_NVDLA_cmac/u_core/u_mac_1/mac_out_data_reg_131_/D
                              3.8896         3.9213 r      -0.0317  (VIOLATED)
   u_NV_NVDLA_cmac/u_core/u_mac_2/mac_out_data_reg_167_/D
                              3.8999         3.9316 f      -0.0317  (VIOLATED)
   u_NV_NVDLA_cmac/u_core/u_mac_4/mac_out_data_reg_121_/D
                              3.8884         3.9196 r      -0.0312  (VIOLATED)
   u_NV_NVDLA_cmac/u_core/u_mac_4/mac_out_data_reg_161_/D
                              3.8998         3.9300 f      -0.0301  (VIOLATED)
   u_NV_NVDLA_cmac/u_core/u_mac_0/mac_out_data_reg_174_/D
                              3.9011         3.9307 f      -0.0296  (VIOLATED)
   u_NV_NVDLA_cmac/u_core/u_mac_3/mac_out_data_reg_26_/D
                              3.8827         3.9112 r      -0.0285  (VIOLATED)
   u_NV_NVDLA_cmac/u_core/u_mac_5/mac_out_data_reg_127_/D
                              3.8896         3.9169 r      -0.0274  (VIOLATED)
   u_NV_NVDLA_cmac/u_core/u_mac_5/mac_out_data_reg_80_/D
                              3.8885         3.9158 r      -0.0273  (VIOLATED)
   u_NV_NVDLA_cmac/u_core/u_mac_6/mac_out_data_reg_161_/D
                              3.8949         3.9222 f      -0.0272  (VIOLATED)
   u_NV_NVDLA_cmac/u_core/u_mac_5/mac_out_data_reg_81_/D
                              3.8886         3.9156 r      -0.0271  (VIOLATED)
   u_NV_NVDLA_cmac/u_core/u_mac_5/mac_out_data_reg_28_/D
                              3.8878         3.9147 r      -0.0269  (VIOLATED)
   u_NV_NVDLA_cmac/u_core/u_mac_4/mac_out_data_reg_165_/D
                              3.8997         3.9252 f      -0.0255  (VIOLATED)
   u_NV_NVDLA_cmac/u_core/u_mac_5/mac_out_data_reg_129_/D
                              3.8896         3.9148 r      -0.0252  (VIOLATED)
   u_NV_NVDLA_cmac/u_core/u_mac_0/mac_out_data_reg_26_/D
                              3.8904         3.9145 r      -0.0242  (VIOLATED)
   u_NV_NVDLA_cmac/u_core/u_mac_0/mac_out_data_reg_121_/D
                              3.8880         3.9121 r      -0.0241  (VIOLATED)
   u_NV_NVDLA_cmac/u_core/u_mac_3/mac_out_data_reg_122_/D
                              3.8886         3.9125 r      -0.0239  (VIOLATED)
   u_NV_NVDLA_cmac/u_core/u_mac_5/mac_out_data_reg_30_/D
                              3.8885         3.9123 r      -0.0238  (VIOLATED)
   u_NV_NVDLA_cmac/u_core/u_mac_7/mac_out_data_reg_27_/D
                              3.8887         3.9124 r      -0.0237  (VIOLATED)
   u_NV_NVDLA_cmac/u_core/u_mac_5/mac_out_data_reg_79_/D
                              3.8885         3.9122 r      -0.0237  (VIOLATED)
   u_NV_NVDLA_cmac/u_core/u_mac_3/mac_out_data_reg_121_/D
                              3.8885         3.9118 r      -0.0232  (VIOLATED)
   u_NV_NVDLA_cmac/u_core/u_mac_5/mac_out_data_reg_31_/D
                              3.8884         3.9116 r      -0.0232  (VIOLATED)
   u_NV_NVDLA_cmac/u_core/u_mac_5/mac_out_data_reg_29_/D
                              3.8884         3.9113 r      -0.0229  (VIOLATED)
   u_NV_NVDLA_cmac/u_core/u_mac_2/mac_out_data_reg_163_/D
                              3.9000         3.9227 f      -0.0228  (VIOLATED)
   u_NV_NVDLA_cmac/u_core/u_mac_0/mac_out_data_reg_123_/D
                              3.8885         3.9108 r      -0.0224  (VIOLATED)
   u_NV_NVDLA_cmac/u_core/u_mac_3/mac_out_data_reg_123_/D
                              3.8886         3.9105 r      -0.0218  (VIOLATED)
   u_NV_NVDLA_cmac/u_core/u_mac_5/mac_out_data_reg_128_/D
                              3.8895         3.9113 r      -0.0218  (VIOLATED)
   u_NV_NVDLA_cmac/u_core/u_mac_5/mac_out_data_reg_32_/D
                              3.8883         3.9100 r      -0.0216  (VIOLATED)
   u_NV_NVDLA_cmac/u_core/u_mac_3/mac_out_data_reg_79_/D
                              3.8885         3.9099 r      -0.0214  (VIOLATED)
   u_NV_NVDLA_cmac/u_core/u_mac_3/mac_out_data_reg_124_/D
                              3.8886         3.9091 r      -0.0206  (VIOLATED)
   u_NV_NVDLA_cmac/u_core/u_mac_2/mac_out_data_reg_33_/D
                              3.8881         3.9086 r      -0.0205  (VIOLATED)
   u_NV_NVDLA_cmac/u_core/u_mac_7/mac_out_data_reg_30_/D
                              3.8884         3.9084 r      -0.0200  (VIOLATED)
   u_NV_NVDLA_cmac/u_core/u_mac_4/mac_out_data_reg_79_/D
                              3.8880         3.9078 r      -0.0199  (VIOLATED)
   u_NV_NVDLA_cmac/u_core/u_mac_6/mac_out_data_reg_174_/D
                              3.8968         3.9160 f      -0.0192  (VIOLATED)
   u_NV_NVDLA_cmac/u_core/u_mac_5/mac_out_data_reg_130_/D
                              3.8896         3.9087 r      -0.0191  (VIOLATED)
   u_NV_NVDLA_cmac/u_core/u_mac_1/mac_out_data_reg_125_/D
                              3.8881         3.9070 r      -0.0189  (VIOLATED)
   u_NV_NVDLA_cmac/u_core/u_mac_7/mac_out_data_reg_28_/D
                              3.8886         3.9074 r      -0.0188  (VIOLATED)
   u_NV_NVDLA_cmac/u_core/u_mac_5/mac_out_data_reg_34_/D
                              3.8885         3.9073 r      -0.0187  (VIOLATED)
   u_NV_NVDLA_cmac/u_core/u_mac_2/mac_out_data_reg_31_/D
                              3.8886         3.9069 r      -0.0183  (VIOLATED)
   u_NV_NVDLA_cmac/u_core/u_mac_4/mac_out_data_reg_124_/D
                              3.8882         3.9052 r      -0.0170  (VIOLATED)
   u_NV_NVDLA_cmac/u_core/u_mac_7/mac_out_data_reg_39_/D
                              3.8804         3.8967 r      -0.0163  (VIOLATED)
   u_NV_NVDLA_cmac/u_core/u_mac_4/mac_out_data_reg_122_/D
                              3.8884         3.9048 r      -0.0163  (VIOLATED)
   u_NV_NVDLA_cmac/u_core/u_mac_4/mac_out_data_reg_81_/D
                              3.8881         3.9037 r      -0.0156  (VIOLATED)
   u_NV_NVDLA_cmac/u_core/u_mac_2/mac_out_data_reg_169_/D
                              3.8881         3.9037 r      -0.0156  (VIOLATED)
   u_NV_NVDLA_cmac/u_core/u_mac_7/mac_out_data_reg_38_/D
                              3.8806         3.8948 r      -0.0142  (VIOLATED)
   u_NV_NVDLA_cmac/u_core/u_mac_0/mac_out_data_reg_119_/D
                              3.8883         3.9021 r      -0.0138  (VIOLATED)
   u_NV_NVDLA_cmac/u_core/u_mac_7/mac_out_data_reg_169_/D
                              3.8999         3.9129 f      -0.0130  (VIOLATED)
   u_NV_NVDLA_cmac/u_core/u_mac_2/mac_out_data_reg_28_/D
                              3.8886         3.9012 r      -0.0125  (VIOLATED)
   u_NV_NVDLA_cmac/u_core/u_mac_1/mac_out_data_reg_39_/D
                              3.8872         3.8997 r      -0.0125  (VIOLATED)
   u_NV_NVDLA_cmac/u_core/u_mac_7/mac_out_data_reg_125_/D
                              3.8886         3.9009 r      -0.0124  (VIOLATED)
   u_NV_NVDLA_cmac/u_core/u_mac_3/mac_out_data_reg_81_/D
                              3.8887         3.9007 r      -0.0121  (VIOLATED)
   u_NV_NVDLA_cmac/u_core/u_mac_3/mac_out_data_reg_80_/D
                              3.8886         3.9000 r      -0.0114  (VIOLATED)
   u_NV_NVDLA_cmac/u_core/u_mac_1/mac_out_data_reg_80_/D
                              3.8884         3.8995 r      -0.0112  (VIOLATED)
   u_NV_NVDLA_cmac/u_core/u_mac_6/mac_out_data_reg_26_/D
                              3.8904         3.9009 r      -0.0105  (VIOLATED)
   u_NV_NVDLA_cmac/u_core/u_mac_7/mac_out_data_reg_36_/D
                              3.8887         3.8982 r      -0.0095  (VIOLATED)
   u_NV_NVDLA_cmac/u_core/u_mac_1/mac_out_data_reg_36_/D
                              3.8875         3.8968 r      -0.0093  (VIOLATED)
   u_NV_NVDLA_cmac/u_core/u_mac_1/mac_out_data_reg_38_/D
                              3.8873         3.8960 r      -0.0087  (VIOLATED)
   u_NV_NVDLA_cmac/u_core/u_mac_1/mac_out_data_reg_79_/D
                              3.8884         3.8965 r      -0.0080  (VIOLATED)
   u_NV_NVDLA_cmac/u_core/u_mac_6/mac_out_data_reg_122_/D
                              3.8808         3.8885 r      -0.0077  (VIOLATED)
   u_NV_NVDLA_cmac/u_core/u_mac_2/mac_out_data_reg_34_/D
                              3.8879         3.8948 r      -0.0069  (VIOLATED)
   u_NV_NVDLA_cmac/u_core/u_mac_4/mac_out_data_reg_80_/D
                              3.8880         3.8949 r      -0.0069  (VIOLATED)
   u_NV_NVDLA_cmac/u_core/u_mac_2/mac_out_data_reg_120_/D
                              3.8879         3.8947 r      -0.0068  (VIOLATED)
   u_NV_NVDLA_cmac/u_core/u_mac_2/mac_out_data_reg_75_/D
                              3.8880         3.8947 r      -0.0067  (VIOLATED)
   u_NV_NVDLA_cmac/u_core/u_mac_0/mac_out_data_reg_122_/D
                              3.8884         3.8948 r      -0.0064  (VIOLATED)
   u_NV_NVDLA_cmac/u_core/u_mac_2/mac_out_data_reg_30_/D
                              3.8879         3.8943 r      -0.0063  (VIOLATED)
   u_NV_NVDLA_cmac/u_core/u_mac_6/mac_out_data_reg_123_/D
                              3.8810         3.8869 r      -0.0060  (VIOLATED)
   u_NV_NVDLA_cmac/u_core/u_mac_6/mac_out_data_reg_171_/D
                              3.8820         3.8874 r      -0.0054  (VIOLATED)
   u_NV_NVDLA_cmac/u_core/u_mac_2/mac_out_data_reg_32_/D
                              3.8886         3.8939 r      -0.0054  (VIOLATED)
   u_NV_NVDLA_cmac/u_core/u_mac_7/mac_out_data_reg_161_/D
                              3.9001         3.9052 f      -0.0051  (VIOLATED)
   u_NV_NVDLA_cmac/u_core/u_mac_6/mac_out_data_reg_121_/D
                              3.8810         3.8857 r      -0.0048  (VIOLATED)
   u_NV_NVDLA_cmac/u_core/u_mac_0/mac_out_data_reg_81_/D
                              3.8885         3.8925 r      -0.0040  (VIOLATED)
   u_NV_NVDLA_cmac/u_core/u_mac_6/mac_out_data_reg_124_/D
                              3.8885         3.8921 r      -0.0035  (VIOLATED)
   u_NV_NVDLA_cmac/u_core/u_mac_2/mac_out_data_reg_119_/D
                              3.8884         3.8917 r      -0.0033  (VIOLATED)
   u_NV_NVDLA_cmac/u_core/u_mac_5/mac_out_data_reg_38_/D
                              3.8880         3.8911 r      -0.0032  (VIOLATED)
   u_NV_NVDLA_cmac/u_core/u_mac_2/mac_out_data_reg_29_/D
                              3.8886         3.8917 r      -0.0031  (VIOLATED)
   u_NV_NVDLA_cmac/u_core/u_mac_1/mac_out_data_reg_161_/D
                              3.8999         3.9029 f      -0.0031  (VIOLATED)
   u_NV_NVDLA_cmac/u_core/u_mac_1/mac_out_data_reg_26_/D
                              3.8905         3.8934 r      -0.0028  (VIOLATED)
   u_NV_NVDLA_cmac/u_core/u_mac_0/mac_out_data_reg_124_/D
                              3.8885         3.8910 r      -0.0025  (VIOLATED)
   u_NV_NVDLA_cmac/u_core/u_mac_0/mac_out_data_reg_80_/D
                              3.8885         3.8910 r      -0.0025  (VIOLATED)
   u_NV_NVDLA_cmac/u_core/u_mac_2/mac_out_data_reg_122_/D
                              3.8882         3.8902 r      -0.0020  (VIOLATED)
   u_NV_NVDLA_cmac/u_core/u_mac_7/mac_out_data_reg_76_/D
                              3.8805         3.8824 r      -0.0019  (VIOLATED)
   u_NV_NVDLA_cmac/u_core/u_mac_7/mac_out_data_reg_165_/D
                              3.9001         3.9013 f      -0.0012  (VIOLATED)
   u_NV_NVDLA_cmac/u_core/u_mac_6/mac_out_data_reg_115_/D
                              3.8810         3.8817 r      -0.0007  (VIOLATED)
   u_NV_NVDLA_cmac/u_core/u_mac_6/mac_out_data_reg_81_/D
                              3.8949         3.8954 f      -0.0005  (VIOLATED)
   u_NV_NVDLA_cmac/u_core/u_mac_5/mac_out_data_reg_119_/D
                              3.8883         3.8886 r      -0.0003  (VIOLATED)
   u_NV_NVDLA_cmac/u_core/u_mac_3/mac_out_data_reg_167_/D
                              3.8997         3.8999 f      -0.0002  (VIOLATED)


   max_transition

                             Required        Actual
   Net                      Transition     Transition        Slack
   -----------------------------------------------------------------
   u_NV_NVDLA_cmac/u_core/n232
                              0.1964         0.4726        -0.2761  (VIOLATED)
       PIN :   u_NV_NVDLA_cmac/u_core/U3998/Y
                              0.1964         0.4726        -0.2761  (VIOLATED)
   u_NV_NVDLA_cmac/u_core/u_mac_5/u_exp/n1793
                              0.1049         0.2768        -0.1719  (VIOLATED)
       PIN :   u_NV_NVDLA_cmac/u_core/u_mac_5/u_exp/U3134/Y
                              0.1049         0.2768        -0.1719  (VIOLATED)
   u_NV_NVDLA_cmac/u_core/u_mac_0/u_exp/n3938
                              0.2044         0.2992        -0.0948  (VIOLATED)
       PIN :   u_NV_NVDLA_cmac/u_core/u_mac_0/u_exp/U614/Y
                              0.2044         0.2992        -0.0948  (VIOLATED)
   u_NV_NVDLA_cmac/u_core/u_mac_6/u_exp/n4980
                              0.2044         0.2904        -0.0859  (VIOLATED)
       PIN :   u_NV_NVDLA_cmac/u_core/u_mac_6/u_exp/U3476/Y
                              0.2044         0.2904        -0.0859  (VIOLATED)
   u_NV_NVDLA_cmac/u_core/u_mac_5/exp_sft_51[2]
                              0.0856         0.1637        -0.0781  (VIOLATED)
       PIN :   u_NV_NVDLA_cmac/u_core/u_mac_5/u_exp/exp_sft_51_reg_2_/Q
                              0.0856         0.1637        -0.0781  (VIOLATED)
   u_NV_NVDLA_cmac/u_core/u_mac_7/exp_sft_33[3]
                              0.0856         0.1637        -0.0781  (VIOLATED)
       PIN :   u_NV_NVDLA_cmac/u_core/u_mac_7/u_exp/exp_sft_33_reg_3_/Q
                              0.0856         0.1637        -0.0781  (VIOLATED)
   u_NV_NVDLA_cmac/u_core/u_mac_3/exp_sft_16[3]
                              0.0856         0.1634        -0.0779  (VIOLATED)
       PIN :   u_NV_NVDLA_cmac/u_core/u_mac_3/u_exp/exp_sft_16_reg_3_/Q
                              0.0856         0.1634        -0.0779  (VIOLATED)
   u_NV_NVDLA_cmac/u_core/u_mac_1/exp_sft_48[2]
                              0.0856         0.1629        -0.0774  (VIOLATED)
       PIN :   u_NV_NVDLA_cmac/u_core/u_mac_1/u_exp/exp_sft_48_reg_2_/Q
                              0.0856         0.1629        -0.0774  (VIOLATED)
   u_NV_NVDLA_cmac/u_core/u_mac_7/exp_sft_35[3]
                              0.0856         0.1608        -0.0753  (VIOLATED)
       PIN :   u_NV_NVDLA_cmac/u_core/u_mac_7/u_exp/exp_sft_35_reg_3_/Q
                              0.0856         0.1608        -0.0753  (VIOLATED)
   u_NV_NVDLA_cmac/u_core/u_mac_4/exp_sft_38[3]
                              0.0856         0.1598        -0.0742  (VIOLATED)
       PIN :   u_NV_NVDLA_cmac/u_core/u_mac_4/u_exp/exp_sft_38_reg_3_/Q
                              0.0856         0.1598        -0.0742  (VIOLATED)
   u_NV_NVDLA_cmac/u_core/u_mac_6/exp_sft_11[0]
                              0.0856         0.1594        -0.0738  (VIOLATED)
       PIN :   u_NV_NVDLA_cmac/u_core/u_mac_6/u_exp/exp_sft_11_reg_0_/Q
                              0.0856         0.1594        -0.0738  (VIOLATED)
   u_NV_NVDLA_cmac/u_core/u_mac_2/exp_sft_18[2]
                              0.0856         0.1549        -0.0693  (VIOLATED)
       PIN :   u_NV_NVDLA_cmac/u_core/u_mac_2/u_exp/exp_sft_18_reg_2_/Q
                              0.0856         0.1549        -0.0693  (VIOLATED)
   u_NV_NVDLA_cmac/u_core/u_mac_7/exp_sft_22[3]
                              0.0856         0.1545        -0.0689  (VIOLATED)
       PIN :   u_NV_NVDLA_cmac/u_core/u_mac_7/u_exp/exp_sft_22_reg_3_/Q
                              0.0856         0.1545        -0.0689  (VIOLATED)
   u_NV_NVDLA_cmac/u_core/u_mac_2/exp_sft_20[3]
                              0.0856         0.1536        -0.0681  (VIOLATED)
       PIN :   u_NV_NVDLA_cmac/u_core/u_mac_2/u_exp/exp_sft_20_reg_3_/Q
                              0.0856         0.1536        -0.0681  (VIOLATED)
   u_NV_NVDLA_cmac/u_core/u_mac_1/exp_sft_50[3]
                              0.0856         0.1534        -0.0679  (VIOLATED)
       PIN :   u_NV_NVDLA_cmac/u_core/u_mac_1/u_exp/exp_sft_50_reg_3_/Q
                              0.0856         0.1534        -0.0679  (VIOLATED)
   u_NV_NVDLA_cmac/u_core/u_mac_1/exp_sft_38[3]
                              0.0856         0.1532        -0.0676  (VIOLATED)
       PIN :   u_NV_NVDLA_cmac/u_core/u_mac_1/u_exp/exp_sft_38_reg_3_/Q
                              0.0856         0.1532        -0.0676  (VIOLATED)
   u_NV_NVDLA_cmac/u_core/u_mac_1/exp_sft_57[2]
                              0.0856         0.1525        -0.0670  (VIOLATED)
       PIN :   u_NV_NVDLA_cmac/u_core/u_mac_1/u_exp/exp_sft_57_reg_2_/Q
                              0.0856         0.1525        -0.0670  (VIOLATED)
   u_NV_NVDLA_cmac/u_core/u_mac_2/exp_sft_20[2]
                              0.0856         0.1521        -0.0665  (VIOLATED)
       PIN :   u_NV_NVDLA_cmac/u_core/u_mac_2/u_exp/exp_sft_20_reg_2_/Q
                              0.0856         0.1521        -0.0665  (VIOLATED)
   u_NV_NVDLA_cmac/u_core/u_mac_1/exp_sft_04[2]
                              0.0856         0.1514        -0.0658  (VIOLATED)
       PIN :   u_NV_NVDLA_cmac/u_core/u_mac_1/u_exp/exp_sft_04_reg_2_/Q
                              0.0856         0.1514        -0.0658  (VIOLATED)
   u_NV_NVDLA_cmac/u_core/u_mac_2/exp_sft_33[2]
                              0.0856         0.1513        -0.0657  (VIOLATED)
       PIN :   u_NV_NVDLA_cmac/u_core/u_mac_2/u_exp/exp_sft_33_reg_2_/Q
                              0.0856         0.1513        -0.0657  (VIOLATED)
   u_NV_NVDLA_cmac/u_core/u_mac_7/exp_sft_10[3]
                              0.0856         0.1513        -0.0657  (VIOLATED)
       PIN :   u_NV_NVDLA_cmac/u_core/u_mac_7/u_exp/exp_sft_10_reg_3_/Q
                              0.0856         0.1513        -0.0657  (VIOLATED)
   u_NV_NVDLA_cmac/u_core/u_mac_7/exp_sft_32[3]
                              0.0856         0.1512        -0.0656  (VIOLATED)
       PIN :   u_NV_NVDLA_cmac/u_core/u_mac_7/u_exp/exp_sft_32_reg_3_/Q
                              0.0856         0.1512        -0.0656  (VIOLATED)
   u_NV_NVDLA_cmac/u_core/u_mac_2/exp_sft_25[3]
                              0.0856         0.1510        -0.0654  (VIOLATED)
       PIN :   u_NV_NVDLA_cmac/u_core/u_mac_2/u_exp/exp_sft_25_reg_3_/Q
                              0.0856         0.1510        -0.0654  (VIOLATED)
   u_NV_NVDLA_cmac/u_core/u_mac_2/exp_sft_07[3]
                              0.0856         0.1500        -0.0644  (VIOLATED)
       PIN :   u_NV_NVDLA_cmac/u_core/u_mac_2/u_exp/exp_sft_07_reg_3_/Q
                              0.0856         0.1500        -0.0644  (VIOLATED)
   u_NV_NVDLA_cmac/u_core/u_mac_6/exp_sft_11[2]
                              0.0856         0.1497        -0.0641  (VIOLATED)
       PIN :   u_NV_NVDLA_cmac/u_core/u_mac_6/u_exp/exp_sft_11_reg_2_/Q
                              0.0856         0.1497        -0.0641  (VIOLATED)
   u_NV_NVDLA_cmac/u_core/u_mac_2/exp_sft_21[2]
                              0.0856         0.1495        -0.0639  (VIOLATED)
       PIN :   u_NV_NVDLA_cmac/u_core/u_mac_2/u_exp/exp_sft_21_reg_2_/Q
                              0.0856         0.1495        -0.0639  (VIOLATED)
   u_NV_NVDLA_cmac/u_core/u_mac_4/exp_sft_16[3]
                              0.0856         0.1494        -0.0639  (VIOLATED)
       PIN :   u_NV_NVDLA_cmac/u_core/u_mac_4/u_exp/exp_sft_16_reg_3_/Q
                              0.0856         0.1494        -0.0639  (VIOLATED)
   u_NV_NVDLA_cmac/u_core/u_mac_2/exp_sft_00[3]
                              0.0856         0.1486        -0.0631  (VIOLATED)
       PIN :   u_NV_NVDLA_cmac/u_core/u_mac_2/u_exp/exp_sft_00_reg_3_/Q
                              0.0856         0.1486        -0.0631  (VIOLATED)
   u_NV_NVDLA_cmac/u_core/u_mac_7/exp_sft_61[3]
                              0.0856         0.1482        -0.0626  (VIOLATED)
       PIN :   u_NV_NVDLA_cmac/u_core/u_mac_7/u_exp/exp_sft_61_reg_3_/Q
                              0.0856         0.1482        -0.0626  (VIOLATED)
   u_NV_NVDLA_cmac/u_core/u_mac_3/exp_sft_50[3]
                              0.0856         0.1476        -0.0620  (VIOLATED)
       PIN :   u_NV_NVDLA_cmac/u_core/u_mac_3/u_exp/exp_sft_50_reg_3_/Q
                              0.0856         0.1476        -0.0620  (VIOLATED)
   u_NV_NVDLA_cmac/u_core/u_mac_5/exp_sft_29[2]
                              0.0856         0.1475        -0.0620  (VIOLATED)
       PIN :   u_NV_NVDLA_cmac/u_core/u_mac_5/u_exp/exp_sft_29_reg_2_/Q
                              0.0856         0.1475        -0.0620  (VIOLATED)
   u_NV_NVDLA_cmac/u_core/u_mac_7/exp_sft_36[3]
                              0.0856         0.1475        -0.0620  (VIOLATED)
       PIN :   u_NV_NVDLA_cmac/u_core/u_mac_7/u_exp/exp_sft_36_reg_3_/Q
                              0.0856         0.1475        -0.0620  (VIOLATED)
   u_NV_NVDLA_cmac/u_core/u_mac_7/exp_sft_23[3]
                              0.0856         0.1473        -0.0617  (VIOLATED)
       PIN :   u_NV_NVDLA_cmac/u_core/u_mac_7/u_exp/exp_sft_23_reg_3_/Q
                              0.0856         0.1473        -0.0617  (VIOLATED)
   u_NV_NVDLA_cmac/u_core/u_mac_2/exp_sft_56[3]
                              0.0856         0.1470        -0.0614  (VIOLATED)
       PIN :   u_NV_NVDLA_cmac/u_core/u_mac_2/u_exp/exp_sft_56_reg_3_/Q
                              0.0856         0.1470        -0.0614  (VIOLATED)
   u_NV_NVDLA_cmac/u_core/u_mac_2/exp_sft_19[3]
                              0.0856         0.1468        -0.0612  (VIOLATED)
       PIN :   u_NV_NVDLA_cmac/u_core/u_mac_2/u_exp/exp_sft_19_reg_3_/Q
                              0.0856         0.1468        -0.0612  (VIOLATED)
   u_NV_NVDLA_cmac/u_core/u_mac_6/exp_sft_00[3]
                              0.0856         0.1467        -0.0611  (VIOLATED)
       PIN :   u_NV_NVDLA_cmac/u_core/u_mac_6/u_exp/exp_sft_00_reg_3_/Q
                              0.0856         0.1467        -0.0611  (VIOLATED)
   u_NV_NVDLA_cmac/u_core/u_mac_4/exp_sft_24[3]
                              0.0856         0.1461        -0.0606  (VIOLATED)
       PIN :   u_NV_NVDLA_cmac/u_core/u_mac_4/u_exp/exp_sft_24_reg_3_/Q
                              0.0856         0.1461        -0.0606  (VIOLATED)
   u_NV_NVDLA_cmac/u_core/u_mac_7/exp_sft_13[2]
                              0.0856         0.1459        -0.0603  (VIOLATED)
       PIN :   u_NV_NVDLA_cmac/u_core/u_mac_7/u_exp/exp_sft_13_reg_2_/Q
                              0.0856         0.1459        -0.0603  (VIOLATED)
   u_NV_NVDLA_cmac/u_core/u_mac_2/exp_sft_50[2]
                              0.0856         0.1451        -0.0596  (VIOLATED)
       PIN :   u_NV_NVDLA_cmac/u_core/u_mac_2/u_exp/exp_sft_50_reg_2_/Q
                              0.0856         0.1451        -0.0596  (VIOLATED)
   u_NV_NVDLA_cmac/u_core/u_mac_5/exp_sft_63[1]
                              0.0856         0.1449        -0.0593  (VIOLATED)
       PIN :   u_NV_NVDLA_cmac/u_core/u_mac_5/u_exp/exp_sft_63_reg_1_/Q
                              0.0856         0.1449        -0.0593  (VIOLATED)
   u_NV_NVDLA_cmac/u_core/u_mac_3/exp_sft_53[3]
                              0.0856         0.1445        -0.0589  (VIOLATED)
       PIN :   u_NV_NVDLA_cmac/u_core/u_mac_3/u_exp/exp_sft_53_reg_3_/Q
                              0.0856         0.1445        -0.0589  (VIOLATED)
   u_NV_NVDLA_cmac/u_core/u_mac_4/exp_sft_60[3]
                              0.0856         0.1445        -0.0589  (VIOLATED)
       PIN :   u_NV_NVDLA_cmac/u_core/u_mac_4/u_exp/exp_sft_60_reg_3_/Q
                              0.0856         0.1445        -0.0589  (VIOLATED)
   u_NV_NVDLA_cmac/u_core/out_data6[175]
                              0.0856         0.1441        -0.0585  (VIOLATED)
       PIN :   u_NV_NVDLA_cmac/u_core/u_mac_6/mac_out_data_reg_175_/Q
                              0.0856         0.1441        -0.0585  (VIOLATED)
   u_NV_NVDLA_cmac/u_core/u_mac_6/exp_sft_09[2]
                              0.0856         0.1437        -0.0581  (VIOLATED)
       PIN :   u_NV_NVDLA_cmac/u_core/u_mac_6/u_exp/exp_sft_09_reg_2_/Q
                              0.0856         0.1437        -0.0581  (VIOLATED)
   u_NV_NVDLA_cmac/u_core/u_mac_2/exp_sft_02[3]
                              0.0856         0.1432        -0.0577  (VIOLATED)
       PIN :   u_NV_NVDLA_cmac/u_core/u_mac_2/u_exp/exp_sft_02_reg_3_/Q
                              0.0856         0.1432        -0.0577  (VIOLATED)
   u_NV_NVDLA_cmac/u_core/u_mac_4/exp_sft_06[2]
                              0.0856         0.1430        -0.0574  (VIOLATED)
       PIN :   u_NV_NVDLA_cmac/u_core/u_mac_4/u_exp/exp_sft_06_reg_2_/Q
                              0.0856         0.1430        -0.0574  (VIOLATED)
   u_NV_NVDLA_cmac/u_core/u_mac_2/exp_sft_58[3]
                              0.0856         0.1426        -0.0570  (VIOLATED)
       PIN :   u_NV_NVDLA_cmac/u_core/u_mac_2/u_exp/exp_sft_58_reg_3_/Q
                              0.0856         0.1426        -0.0570  (VIOLATED)
   u_NV_NVDLA_cmac/u_core/u_mac_6/exp_sft_13[2]
                              0.0856         0.1418        -0.0562  (VIOLATED)
       PIN :   u_NV_NVDLA_cmac/u_core/u_mac_6/u_exp/exp_sft_13_reg_2_/Q
                              0.0856         0.1418        -0.0562  (VIOLATED)
   u_NV_NVDLA_cmac/u_core/u_mac_2/exp_sft_22[1]
                              0.0856         0.1417        -0.0561  (VIOLATED)
       PIN :   u_NV_NVDLA_cmac/u_core/u_mac_2/u_exp/exp_sft_22_reg_1_/Q
                              0.0856         0.1417        -0.0561  (VIOLATED)
   u_NV_NVDLA_cmac/u_core/u_mac_5/exp_sft_29[3]
                              0.0856         0.1416        -0.0560  (VIOLATED)
       PIN :   u_NV_NVDLA_cmac/u_core/u_mac_5/u_exp/exp_sft_29_reg_3_/Q
                              0.0856         0.1416        -0.0560  (VIOLATED)
   u_NV_NVDLA_cmac/u_core/u_mac_5/exp_sft_04[0]
                              0.0856         0.1413        -0.0557  (VIOLATED)
       PIN :   u_NV_NVDLA_cmac/u_core/u_mac_5/u_exp/exp_sft_04_reg_0_/Q
                              0.0856         0.1413        -0.0557  (VIOLATED)
   u_NV_NVDLA_cmac/u_core/u_mac_6/exp_sft_13[1]
                              0.0856         0.1411        -0.0556  (VIOLATED)
       PIN :   u_NV_NVDLA_cmac/u_core/u_mac_6/u_exp/exp_sft_13_reg_1_/Q
                              0.0856         0.1411        -0.0556  (VIOLATED)
   u_NV_NVDLA_cmac/u_core/u_mac_3/exp_sft_04[1]
                              0.0856         0.1411        -0.0555  (VIOLATED)
       PIN :   u_NV_NVDLA_cmac/u_core/u_mac_3/u_exp/exp_sft_04_reg_1_/Q
                              0.0856         0.1411        -0.0555  (VIOLATED)
   u_NV_NVDLA_cmac/u_core/u_mac_7/exp_sft_30[3]
                              0.0856         0.1407        -0.0552  (VIOLATED)
       PIN :   u_NV_NVDLA_cmac/u_core/u_mac_7/u_exp/exp_sft_30_reg_3_/Q
                              0.0856         0.1407        -0.0552  (VIOLATED)
   u_NV_NVDLA_cmac/u_core/u_mac_6/exp_sft_08[0]
                              0.0856         0.1399        -0.0543  (VIOLATED)
       PIN :   u_NV_NVDLA_cmac/u_core/u_mac_6/u_exp/exp_sft_08_reg_0_/Q
                              0.0856         0.1399        -0.0543  (VIOLATED)
   u_NV_NVDLA_cmac/u_core/u_mac_5/exp_sft_47[3]
                              0.0856         0.1398        -0.0543  (VIOLATED)
       PIN :   u_NV_NVDLA_cmac/u_core/u_mac_5/u_exp/exp_sft_47_reg_3_/Q
                              0.0856         0.1398        -0.0543  (VIOLATED)
   u_NV_NVDLA_cmac/u_core/u_mac_6/exp_sft_09[3]
                              0.0856         0.1383        -0.0527  (VIOLATED)
       PIN :   u_NV_NVDLA_cmac/u_core/u_mac_6/u_exp/exp_sft_09_reg_3_/Q
                              0.0856         0.1383        -0.0527  (VIOLATED)
   u_NV_NVDLA_cmac/u_core/u_mac_1/exp_sft_34[2]
                              0.0856         0.1383        -0.0527  (VIOLATED)
       PIN :   u_NV_NVDLA_cmac/u_core/u_mac_1/u_exp/exp_sft_34_reg_2_/Q
                              0.0856         0.1383        -0.0527  (VIOLATED)
   u_NV_NVDLA_cmac/u_core/u_mac_7/exp_sft_12[3]
                              0.0856         0.1382        -0.0526  (VIOLATED)
       PIN :   u_NV_NVDLA_cmac/u_core/u_mac_7/u_exp/exp_sft_12_reg_3_/Q
                              0.0856         0.1382        -0.0526  (VIOLATED)
   u_NV_NVDLA_cmac/u_core/u_mac_3/exp_sft_06[2]
                              0.0856         0.1381        -0.0525  (VIOLATED)
       PIN :   u_NV_NVDLA_cmac/u_core/u_mac_3/u_exp/exp_sft_06_reg_2_/Q
                              0.0856         0.1381        -0.0525  (VIOLATED)
   u_NV_NVDLA_cmac/u_core/u_mac_2/exp_sft_19[2]
                              0.0856         0.1377        -0.0522  (VIOLATED)
       PIN :   u_NV_NVDLA_cmac/u_core/u_mac_2/u_exp/exp_sft_19_reg_2_/Q
                              0.0856         0.1377        -0.0522  (VIOLATED)
   u_NV_NVDLA_cmac/u_core/u_mac_6/exp_sft_44[3]
                              0.0856         0.1376        -0.0520  (VIOLATED)
       PIN :   u_NV_NVDLA_cmac/u_core/u_mac_6/u_exp/exp_sft_44_reg_3_/Q
                              0.0856         0.1376        -0.0520  (VIOLATED)
   u_NV_NVDLA_cmac/u_core/u_mac_4/exp_sft_59[3]
                              0.0856         0.1375        -0.0519  (VIOLATED)
       PIN :   u_NV_NVDLA_cmac/u_core/u_mac_4/u_exp/exp_sft_59_reg_3_/Q
                              0.0856         0.1375        -0.0519  (VIOLATED)
   u_NV_NVDLA_cmac/u_core/u_mac_7/exp_sft_28[3]
                              0.0856         0.1373        -0.0517  (VIOLATED)
       PIN :   u_NV_NVDLA_cmac/u_core/u_mac_7/u_exp/exp_sft_28_reg_3_/Q
                              0.0856         0.1373        -0.0517  (VIOLATED)
   u_NV_NVDLA_cmac/u_core/u_mac_7/exp_sft_15[3]
                              0.0856         0.1367        -0.0511  (VIOLATED)
       PIN :   u_NV_NVDLA_cmac/u_core/u_mac_7/u_exp/exp_sft_15_reg_3_/Q
                              0.0856         0.1367        -0.0511  (VIOLATED)
   u_NV_NVDLA_cmac/u_core/u_mac_1/exp_sft_39[1]
                              0.0856         0.1366        -0.0510  (VIOLATED)
       PIN :   u_NV_NVDLA_cmac/u_core/u_mac_1/u_exp/exp_sft_39_reg_1_/Q
                              0.0856         0.1366        -0.0510  (VIOLATED)
   u_NV_NVDLA_cmac/u_core/u_mac_6/exp_sft_43[3]
                              0.0856         0.1364        -0.0508  (VIOLATED)
       PIN :   u_NV_NVDLA_cmac/u_core/u_mac_6/u_exp/exp_sft_43_reg_3_/Q
                              0.0856         0.1364        -0.0508  (VIOLATED)
   u_NV_NVDLA_cmac/u_core/u_mac_3/exp_sft_52[3]
                              0.0856         0.1362        -0.0507  (VIOLATED)
       PIN :   u_NV_NVDLA_cmac/u_core/u_mac_3/u_exp/exp_sft_52_reg_3_/Q
                              0.0856         0.1362        -0.0507  (VIOLATED)
   u_NV_NVDLA_cmac/u_core/u_mac_5/exp_sft_03[2]
                              0.0856         0.1356        -0.0501  (VIOLATED)
       PIN :   u_NV_NVDLA_cmac/u_core/u_mac_5/u_exp/exp_sft_03_reg_2_/Q
                              0.0856         0.1356        -0.0501  (VIOLATED)
   u_NV_NVDLA_cmac/u_core/u_mac_2/exp_sft_17[2]
                              0.0856         0.1352        -0.0496  (VIOLATED)
       PIN :   u_NV_NVDLA_cmac/u_core/u_mac_2/u_exp/exp_sft_17_reg_2_/Q
                              0.0856         0.1352        -0.0496  (VIOLATED)
   u_NV_NVDLA_cmac/u_core/u_mac_7/exp_sft_04[2]
                              0.0856         0.1350        -0.0495  (VIOLATED)
       PIN :   u_NV_NVDLA_cmac/u_core/u_mac_7/u_exp/exp_sft_04_reg_2_/Q
                              0.0856         0.1350        -0.0495  (VIOLATED)
   u_NV_NVDLA_cmac/u_core/u_mac_7/exp_sft_31[2]
                              0.0856         0.1341        -0.0485  (VIOLATED)
       PIN :   u_NV_NVDLA_cmac/u_core/u_mac_7/u_exp/exp_sft_31_reg_2_/Q
                              0.0856         0.1341        -0.0485  (VIOLATED)
   u_NV_NVDLA_cmac/u_core/u_mac_4/exp_sft_61[3]
                              0.0856         0.1341        -0.0485  (VIOLATED)
       PIN :   u_NV_NVDLA_cmac/u_core/u_mac_4/u_exp/exp_sft_61_reg_3_/Q
                              0.0856         0.1341        -0.0485  (VIOLATED)
   u_NV_NVDLA_cmac/u_core/u_mac_5/exp_sft_35[1]
                              0.0856         0.1335        -0.0479  (VIOLATED)
       PIN :   u_NV_NVDLA_cmac/u_core/u_mac_5/u_exp/exp_sft_35_reg_1_/Q
                              0.0856         0.1335        -0.0479  (VIOLATED)
   u_NV_NVDLA_cmac/u_core/u_mac_2/exp_sft_18[3]
                              0.0856         0.1326        -0.0471  (VIOLATED)
       PIN :   u_NV_NVDLA_cmac/u_core/u_mac_2/u_exp/exp_sft_18_reg_3_/Q
                              0.0856         0.1326        -0.0471  (VIOLATED)
   u_NV_NVDLA_cmac/u_core/u_mac_1/exp_sft_39[2]
                              0.0856         0.1325        -0.0469  (VIOLATED)
       PIN :   u_NV_NVDLA_cmac/u_core/u_mac_1/u_exp/exp_sft_39_reg_2_/Q
                              0.0856         0.1325        -0.0469  (VIOLATED)
   u_NV_NVDLA_cmac/u_core/u_mac_5/exp_sft_15[0]
                              0.0856         0.1312        -0.0456  (VIOLATED)
       PIN :   u_NV_NVDLA_cmac/u_core/u_mac_5/u_exp/exp_sft_15_reg_0_/Q
                              0.0856         0.1312        -0.0456  (VIOLATED)
   u_NV_NVDLA_cmac/u_core/u_mac_7/exp_sft_29[3]
                              0.0856         0.1312        -0.0456  (VIOLATED)
       PIN :   u_NV_NVDLA_cmac/u_core/u_mac_7/u_exp/exp_sft_29_reg_3_/Q
                              0.0856         0.1312        -0.0456  (VIOLATED)
   u_NV_NVDLA_cmac/u_core/u_mac_7/exp_sft_47[2]
                              0.0856         0.1310        -0.0454  (VIOLATED)
       PIN :   u_NV_NVDLA_cmac/u_core/u_mac_7/u_exp/exp_sft_47_reg_2_/Q
                              0.0856         0.1310        -0.0454  (VIOLATED)
   u_NV_NVDLA_cmac/u_core/u_mac_0/exp_sft_02[2]
                              0.0856         0.1308        -0.0452  (VIOLATED)
       PIN :   u_NV_NVDLA_cmac/u_core/u_mac_0/u_exp/exp_sft_02_reg_2_/Q
                              0.0856         0.1308        -0.0452  (VIOLATED)
   u_NV_NVDLA_cmac/u_core/u_mac_0/exp_sft_01[3]
                              0.0856         0.1300        -0.0445  (VIOLATED)
       PIN :   u_NV_NVDLA_cmac/u_core/u_mac_0/u_exp/exp_sft_01_reg_3_/Q
                              0.0856         0.1300        -0.0445  (VIOLATED)
   u_NV_NVDLA_cmac/u_core/u_mac_0/exp_sft_32[2]
                              0.0856         0.1297        -0.0441  (VIOLATED)
       PIN :   u_NV_NVDLA_cmac/u_core/u_mac_0/u_exp/exp_sft_32_reg_2_/Q
                              0.0856         0.1297        -0.0441  (VIOLATED)
   u_NV_NVDLA_cmac/u_core/u_mac_6/exp_sft_14[0]
                              0.0856         0.1296        -0.0441  (VIOLATED)
       PIN :   u_NV_NVDLA_cmac/u_core/u_mac_6/u_exp/exp_sft_14_reg_0_/Q
                              0.0856         0.1296        -0.0441  (VIOLATED)
   u_NV_NVDLA_cmac/u_core/u_mac_2/exp_sft_22[2]
                              0.0856         0.1293        -0.0437  (VIOLATED)
       PIN :   u_NV_NVDLA_cmac/u_core/u_mac_2/u_exp/exp_sft_22_reg_2_/Q
                              0.0856         0.1293        -0.0437  (VIOLATED)
   u_NV_NVDLA_cmac/u_core/u_mac_4/exp_sft_05[2]
                              0.0856         0.1287        -0.0431  (VIOLATED)
       PIN :   u_NV_NVDLA_cmac/u_core/u_mac_4/u_exp/exp_sft_05_reg_2_/Q
                              0.0856         0.1287        -0.0431  (VIOLATED)
   u_NV_NVDLA_cmac/u_core/u_mac_1/exp_sft_38[2]
                              0.0856         0.1284        -0.0429  (VIOLATED)
       PIN :   u_NV_NVDLA_cmac/u_core/u_mac_1/u_exp/exp_sft_38_reg_2_/Q
                              0.0856         0.1284        -0.0429  (VIOLATED)
   u_NV_NVDLA_cmac/u_core/u_mac_2/exp_sft_34[2]
                              0.0856         0.1284        -0.0428  (VIOLATED)
       PIN :   u_NV_NVDLA_cmac/u_core/u_mac_2/u_exp/exp_sft_34_reg_2_/Q
                              0.0856         0.1284        -0.0428  (VIOLATED)
   u_NV_NVDLA_cmac/u_core/out_data3[43]
                              0.0856         0.1276        -0.0420  (VIOLATED)
       PIN :   u_NV_NVDLA_cmac/u_core/u_mac_3/mac_out_data_reg_43_/Q
                              0.0856         0.1276        -0.0420  (VIOLATED)
   u_NV_NVDLA_cmac/u_core/u_mac_3/exp_sft_36[3]
                              0.0856         0.1271        -0.0415  (VIOLATED)
       PIN :   u_NV_NVDLA_cmac/u_core/u_mac_3/u_exp/exp_sft_36_reg_3_/Q
                              0.0856         0.1271        -0.0415  (VIOLATED)
   u_NV_NVDLA_cmac/u_core/u_mac_0/pp_out_l0n08_0[0]
                              0.1940         0.2356        -0.0415  (VIOLATED)
       PIN :   u_NV_NVDLA_cmac/u_core/u_mac_0/u_tree_l0n08/U208/S
                              0.1940         0.2356        -0.0415  (VIOLATED)
   u_NV_NVDLA_cmac/u_core/u_mac_1/exp_sft_34[3]
                              0.0856         0.1268        -0.0412  (VIOLATED)
       PIN :   u_NV_NVDLA_cmac/u_core/u_mac_1/u_exp/exp_sft_34_reg_3_/Q
                              0.0856         0.1268        -0.0412  (VIOLATED)
   u_NV_NVDLA_cmac/u_core/u_mac_4/exp_sft_00[2]
                              0.0856         0.1262        -0.0406  (VIOLATED)
       PIN :   u_NV_NVDLA_cmac/u_core/u_mac_4/u_exp/exp_sft_00_reg_2_/Q
                              0.0856         0.1262        -0.0406  (VIOLATED)
   u_NV_NVDLA_cmac/u_core/u_mac_2/exp_sft_57[3]
                              0.0856         0.1261        -0.0406  (VIOLATED)
       PIN :   u_NV_NVDLA_cmac/u_core/u_mac_2/u_exp/exp_sft_57_reg_3_/Q
                              0.0856         0.1261        -0.0406  (VIOLATED)
   u_NV_NVDLA_cmac/u_core/u_mac_5/exp_sft_46[2]
                              0.0856         0.1259        -0.0403  (VIOLATED)
       PIN :   u_NV_NVDLA_cmac/u_core/u_mac_5/u_exp/exp_sft_46_reg_2_/Q
                              0.0856         0.1259        -0.0403  (VIOLATED)
   u_NV_NVDLA_cmac/u_core/u_mac_7/exp_sft_45[2]
                              0.0856         0.1251        -0.0395  (VIOLATED)
       PIN :   u_NV_NVDLA_cmac/u_core/u_mac_7/u_exp/exp_sft_45_reg_2_/Q
                              0.0856         0.1251        -0.0395  (VIOLATED)
   u_NV_NVDLA_cmac/u_core/u_mac_6/exp_sft_36[3]
                              0.0856         0.1240        -0.0385  (VIOLATED)
       PIN :   u_NV_NVDLA_cmac/u_core/u_mac_6/u_exp/exp_sft_36_reg_3_/Q
                              0.0856         0.1240        -0.0385  (VIOLATED)
   u_NV_NVDLA_cmac/u_core/u_mac_2/exp_sft_32[2]
                              0.0856         0.1239        -0.0384  (VIOLATED)
       PIN :   u_NV_NVDLA_cmac/u_core/u_mac_2/u_exp/exp_sft_32_reg_2_/Q
                              0.0856         0.1239        -0.0384  (VIOLATED)
   u_NV_NVDLA_cmac/u_core/u_mac_1/exp_sft_09[3]
                              0.0856         0.1235        -0.0379  (VIOLATED)
       PIN :   u_NV_NVDLA_cmac/u_core/u_mac_1/u_exp/exp_sft_09_reg_3_/Q
                              0.0856         0.1235        -0.0379  (VIOLATED)
   u_NV_NVDLA_cmac/u_core/u_mac_7/exp_sft_38[3]
                              0.0856         0.1235        -0.0379  (VIOLATED)
       PIN :   u_NV_NVDLA_cmac/u_core/u_mac_7/u_exp/exp_sft_38_reg_3_/Q
                              0.0856         0.1235        -0.0379  (VIOLATED)
   u_NV_NVDLA_cmac/u_core/out_data6[40]
                              0.0856         0.1233        -0.0378  (VIOLATED)
       PIN :   u_NV_NVDLA_cmac/u_core/u_mac_6/mac_out_data_reg_40_/Q
                              0.0856         0.1233        -0.0378  (VIOLATED)
   u_NV_NVDLA_cmac/u_core/u_mac_6/exp_sft_15[2]
                              0.0856         0.1228        -0.0373  (VIOLATED)
       PIN :   u_NV_NVDLA_cmac/u_core/u_mac_6/u_exp/exp_sft_15_reg_2_/Q
                              0.0856         0.1228        -0.0373  (VIOLATED)
   u_NV_NVDLA_cmac/u_core/u_mac_6/exp_sft_08[2]
                              0.0856         0.1228        -0.0373  (VIOLATED)
       PIN :   u_NV_NVDLA_cmac/u_core/u_mac_6/u_exp/exp_sft_08_reg_2_/Q
                              0.0856         0.1228        -0.0373  (VIOLATED)
   u_NV_NVDLA_cmac/u_core/out_data6[42]
                              0.0856         0.1225        -0.0369  (VIOLATED)
       PIN :   u_NV_NVDLA_cmac/u_core/u_mac_6/mac_out_data_reg_42_/Q
                              0.0856         0.1225        -0.0369  (VIOLATED)
   u_NV_NVDLA_cmac/u_core/u_mac_6/exp_sft_23[0]
                              0.0856         0.1220        -0.0364  (VIOLATED)
       PIN :   u_NV_NVDLA_cmac/u_core/u_mac_6/u_exp/exp_sft_23_reg_0_/Q
                              0.0856         0.1220        -0.0364  (VIOLATED)
   u_NV_NVDLA_cmac/u_core/u_mac_7/exp_sft_07[1]
                              0.0856         0.1219        -0.0363  (VIOLATED)
       PIN :   u_NV_NVDLA_cmac/u_core/u_mac_7/u_exp/exp_sft_07_reg_1_/Q
                              0.0856         0.1219        -0.0363  (VIOLATED)
   u_NV_NVDLA_cmac/u_core/u_mac_1/exp_sft_39[3]
                              0.0856         0.1213        -0.0357  (VIOLATED)
       PIN :   u_NV_NVDLA_cmac/u_core/u_mac_1/u_exp/exp_sft_39_reg_3_/Q
                              0.0856         0.1213        -0.0357  (VIOLATED)
   u_NV_NVDLA_cmac/u_core/u_mac_7/exp_sft_14[3]
                              0.0856         0.1204        -0.0348  (VIOLATED)
       PIN :   u_NV_NVDLA_cmac/u_core/u_mac_7/u_exp/exp_sft_14_reg_3_/Q
                              0.0856         0.1204        -0.0348  (VIOLATED)
   u_NV_NVDLA_cmac/u_core/u_mac_1/exp_sft_04[3]
                              0.0856         0.1192        -0.0337  (VIOLATED)
       PIN :   u_NV_NVDLA_cmac/u_core/u_mac_1/u_exp/exp_sft_04_reg_3_/Q
                              0.0856         0.1192        -0.0337  (VIOLATED)
   u_NV_NVDLA_cmac/u_core/out_data3[42]
                              0.0856         0.1190        -0.0334  (VIOLATED)
       PIN :   u_NV_NVDLA_cmac/u_core/u_mac_3/mac_out_data_reg_42_/Q
                              0.0856         0.1190        -0.0334  (VIOLATED)
   u_NV_NVDLA_cmac/u_core/u_mac_7/exp_sft_27[3]
                              0.0856         0.1187        -0.0332  (VIOLATED)
       PIN :   u_NV_NVDLA_cmac/u_core/u_mac_7/u_exp/exp_sft_27_reg_3_/Q
                              0.0856         0.1187        -0.0332  (VIOLATED)
   u_NV_NVDLA_cmac/u_core/out_data3[35]
                              0.0856         0.1185        -0.0330  (VIOLATED)
       PIN :   u_NV_NVDLA_cmac/u_core/u_mac_3/mac_out_data_reg_35_/Q
                              0.0856         0.1185        -0.0330  (VIOLATED)
   u_NV_NVDLA_cmac/u_core/u_mac_6/exp_sft_08[3]
                              0.0856         0.1179        -0.0323  (VIOLATED)
       PIN :   u_NV_NVDLA_cmac/u_core/u_mac_6/u_exp/exp_sft_08_reg_3_/Q
                              0.0856         0.1179        -0.0323  (VIOLATED)
   u_NV_NVDLA_cmac/u_core/u_mac_2/exp_sft_20[0]
                              0.0856         0.1177        -0.0321  (VIOLATED)
       PIN :   u_NV_NVDLA_cmac/u_core/u_mac_2/u_exp/exp_sft_20_reg_0_/Q
                              0.0856         0.1177        -0.0321  (VIOLATED)
   u_NV_NVDLA_cmac/u_core/u_mac_5/exp_sft_13[0]
                              0.0856         0.1177        -0.0321  (VIOLATED)
       PIN :   u_NV_NVDLA_cmac/u_core/u_mac_5/u_exp/exp_sft_13_reg_0_/Q
                              0.0856         0.1177        -0.0321  (VIOLATED)
   u_NV_NVDLA_cmac/u_core/u_mac_2/exp_sft_16[2]
                              0.0856         0.1175        -0.0320  (VIOLATED)
       PIN :   u_NV_NVDLA_cmac/u_core/u_mac_2/u_exp/exp_sft_16_reg_2_/Q
                              0.0856         0.1175        -0.0320  (VIOLATED)
   u_NV_NVDLA_cmac/u_core/u_mac_2/exp_sft_21[1]
                              0.0856         0.1172        -0.0317  (VIOLATED)
       PIN :   u_NV_NVDLA_cmac/u_core/u_mac_2/u_exp/exp_sft_21_reg_1_/Q
                              0.0856         0.1172        -0.0317  (VIOLATED)
   u_NV_NVDLA_cmac/u_core/u_mac_6/exp_sft_57[3]
                              0.0856         0.1169        -0.0313  (VIOLATED)
       PIN :   u_NV_NVDLA_cmac/u_core/u_mac_6/u_exp/exp_sft_57_reg_3_/Q
                              0.0856         0.1169        -0.0313  (VIOLATED)
   u_NV_NVDLA_cmac/u_core/u_mac_7/exp_sft_13[3]
                              0.0856         0.1167        -0.0311  (VIOLATED)
       PIN :   u_NV_NVDLA_cmac/u_core/u_mac_7/u_exp/exp_sft_13_reg_3_/Q
                              0.0856         0.1167        -0.0311  (VIOLATED)
   u_NV_NVDLA_cmac/u_core/u_mac_5/exp_sft_33[1]
                              0.0856         0.1162        -0.0307  (VIOLATED)
       PIN :   u_NV_NVDLA_cmac/u_core/u_mac_5/u_exp/exp_sft_33_reg_1_/Q
                              0.0856         0.1162        -0.0307  (VIOLATED)
   u_NV_NVDLA_cmac/u_core/u_mac_3/pp_out_l0n09_0[0]
                              0.1940         0.2244        -0.0303  (VIOLATED)
       PIN :   u_NV_NVDLA_cmac/u_core/u_mac_3/u_tree_l0n09/U208/S
                              0.1940         0.2244        -0.0303  (VIOLATED)
   u_NV_NVDLA_cmac/u_core/u_mac_5/exp_sft_37[1]
                              0.0856         0.1157        -0.0301  (VIOLATED)
       PIN :   u_NV_NVDLA_cmac/u_core/u_mac_5/u_exp/exp_sft_37_reg_1_/Q
                              0.0856         0.1157        -0.0301  (VIOLATED)
   u_NV_NVDLA_cmac/u_core/u_mac_7/exp_sft_46[2]
                              0.0856         0.1156        -0.0301  (VIOLATED)
       PIN :   u_NV_NVDLA_cmac/u_core/u_mac_7/u_exp/exp_sft_46_reg_2_/Q
                              0.0856         0.1156        -0.0301  (VIOLATED)
   u_NV_NVDLA_cmac/u_core/u_mac_2/exp_sft_23[2]
                              0.0856         0.1151        -0.0295  (VIOLATED)
       PIN :   u_NV_NVDLA_cmac/u_core/u_mac_2/u_exp/exp_sft_23_reg_2_/Q
                              0.0856         0.1151        -0.0295  (VIOLATED)
   u_NV_NVDLA_cmac/u_core/u_mac_2/exp_sft_20[1]
                              0.0856         0.1146        -0.0290  (VIOLATED)
       PIN :   u_NV_NVDLA_cmac/u_core/u_mac_2/u_exp/exp_sft_20_reg_1_/Q
                              0.0856         0.1146        -0.0290  (VIOLATED)
   u_NV_NVDLA_cmac/u_core/u_mac_1/exp_sft_56[2]
                              0.0856         0.1144        -0.0288  (VIOLATED)
       PIN :   u_NV_NVDLA_cmac/u_core/u_mac_1/u_exp/exp_sft_56_reg_2_/Q
                              0.0856         0.1144        -0.0288  (VIOLATED)
   u_NV_NVDLA_cmac/u_core/u_mac_7/exp_sft_24[2]
                              0.0856         0.1143        -0.0288  (VIOLATED)
       PIN :   u_NV_NVDLA_cmac/u_core/u_mac_7/u_exp/exp_sft_24_reg_2_/Q
                              0.0856         0.1143        -0.0288  (VIOLATED)
   u_NV_NVDLA_cmac/u_core/wt7_sd_exp[17]
                              0.0856         0.1140        -0.0285  (VIOLATED)
       PIN :   u_NV_NVDLA_cmac/u_core/u_active/wt7_sd_exp_reg_17_/Q
                              0.0856         0.1140        -0.0285  (VIOLATED)
   u_NV_NVDLA_cmac/u_core/u_mac_5/exp_sft_07[0]
                              0.0856         0.1139        -0.0283  (VIOLATED)
       PIN :   u_NV_NVDLA_cmac/u_core/u_mac_5/u_exp/exp_sft_07_reg_0_/Q
                              0.0856         0.1139        -0.0283  (VIOLATED)
   u_NV_NVDLA_cmac/u_core/u_mac_1/exp_sft_02[3]
                              0.0856         0.1133        -0.0277  (VIOLATED)
       PIN :   u_NV_NVDLA_cmac/u_core/u_mac_1/u_exp/exp_sft_02_reg_3_/Q
                              0.0856         0.1133        -0.0277  (VIOLATED)
   u_NV_NVDLA_cmac/u_core/u_mac_2/exp_sft_47[3]
                              0.0856         0.1133        -0.0277  (VIOLATED)
       PIN :   u_NV_NVDLA_cmac/u_core/u_mac_2/u_exp/exp_sft_47_reg_3_/Q
                              0.0856         0.1133        -0.0277  (VIOLATED)
   u_NV_NVDLA_cmac/u_core/u_mac_6/exp_sft_13[3]
                              0.0856         0.1132        -0.0276  (VIOLATED)
       PIN :   u_NV_NVDLA_cmac/u_core/u_mac_6/u_exp/exp_sft_13_reg_3_/Q
                              0.0856         0.1132        -0.0276  (VIOLATED)
   u_NV_NVDLA_cmac/u_core/u_mac_1/exp_sft_38[1]
                              0.0856         0.1126        -0.0271  (VIOLATED)
       PIN :   u_NV_NVDLA_cmac/u_core/u_mac_1/u_exp/exp_sft_38_reg_1_/Q
                              0.0856         0.1126        -0.0271  (VIOLATED)
   u_NV_NVDLA_cmac/u_core/u_mac_7/exp_sft_31[3]
                              0.0856         0.1125        -0.0269  (VIOLATED)
       PIN :   u_NV_NVDLA_cmac/u_core/u_mac_7/u_exp/exp_sft_31_reg_3_/Q
                              0.0856         0.1125        -0.0269  (VIOLATED)
   u_NV_NVDLA_cmac/u_core/u_mac_7/exp_sft_25[2]
                              0.0856         0.1119        -0.0263  (VIOLATED)
       PIN :   u_NV_NVDLA_cmac/u_core/u_mac_7/u_exp/exp_sft_25_reg_2_/Q
                              0.0856         0.1119        -0.0263  (VIOLATED)
   u_NV_NVDLA_cmac/u_core/u_mac_4/exp_sft_04[2]
                              0.0856         0.1118        -0.0263  (VIOLATED)
       PIN :   u_NV_NVDLA_cmac/u_core/u_mac_4/u_exp/exp_sft_04_reg_2_/Q
                              0.0856         0.1118        -0.0263  (VIOLATED)
   u_NV_NVDLA_cmac/u_core/u_mac_7/exp_sft_26[2]
                              0.0856         0.1116        -0.0260  (VIOLATED)
       PIN :   u_NV_NVDLA_cmac/u_core/u_mac_7/u_exp/exp_sft_26_reg_2_/Q
                              0.0856         0.1116        -0.0260  (VIOLATED)
   u_NV_NVDLA_cmac/u_core/u_mac_4/exp_sft_06[3]
                              0.0856         0.1116        -0.0260  (VIOLATED)
       PIN :   u_NV_NVDLA_cmac/u_core/u_mac_4/u_exp/exp_sft_06_reg_3_/Q
                              0.0856         0.1116        -0.0260  (VIOLATED)
   u_NV_NVDLA_cmac/u_core/u_mac_4/exp_sft_58[3]
                              0.0856         0.1114        -0.0259  (VIOLATED)
       PIN :   u_NV_NVDLA_cmac/u_core/u_mac_4/u_exp/exp_sft_58_reg_3_/Q
                              0.0856         0.1114        -0.0259  (VIOLATED)
   u_NV_NVDLA_cmac/u_core/u_mac_1/exp_sft_49[3]
                              0.0856         0.1099        -0.0243  (VIOLATED)
       PIN :   u_NV_NVDLA_cmac/u_core/u_mac_1/u_exp/exp_sft_49_reg_3_/Q
                              0.0856         0.1099        -0.0243  (VIOLATED)
   u_NV_NVDLA_cmac/u_core/u_mac_4/exp_sft_46[2]
                              0.0856         0.1096        -0.0240  (VIOLATED)
       PIN :   u_NV_NVDLA_cmac/u_core/u_mac_4/u_exp/exp_sft_46_reg_2_/Q
                              0.0856         0.1096        -0.0240  (VIOLATED)
   u_NV_NVDLA_cmac/u_core/u_mac_7/exp_sft_57[3]
                              0.0856         0.1092        -0.0236  (VIOLATED)
       PIN :   u_NV_NVDLA_cmac/u_core/u_mac_7/u_exp/exp_sft_57_reg_3_/Q
                              0.0856         0.1092        -0.0236  (VIOLATED)
   u_NV_NVDLA_cmac/u_core/u_mac_6/exp_sft_12[2]
                              0.0856         0.1092        -0.0236  (VIOLATED)
       PIN :   u_NV_NVDLA_cmac/u_core/u_mac_6/u_exp/exp_sft_12_reg_2_/Q
                              0.0856         0.1092        -0.0236  (VIOLATED)
   u_NV_NVDLA_cmac/u_core/u_mac_7/u_exp/wt_actv_exp[17]
                              0.0856         0.1087        -0.0231  (VIOLATED)
       PIN :   u_NV_NVDLA_cmac/u_core/u_mac_7/u_exp/wt_actv_exp_reg_17_/Q
                              0.0856         0.1087        -0.0231  (VIOLATED)
   u_NV_NVDLA_cmac/u_core/out_data3[33]
                              0.0856         0.1086        -0.0230  (VIOLATED)
       PIN :   u_NV_NVDLA_cmac/u_core/u_mac_3/mac_out_data_reg_33_/Q
                              0.0856         0.1086        -0.0230  (VIOLATED)
   u_NV_NVDLA_cmac/u_core/u_mac_2/exp_sft_17[3]
                              0.0856         0.1077        -0.0221  (VIOLATED)
       PIN :   u_NV_NVDLA_cmac/u_core/u_mac_2/u_exp/exp_sft_17_reg_3_/Q
                              0.0856         0.1077        -0.0221  (VIOLATED)
   u_NV_NVDLA_cmac/u_core/u_mac_4/exp_sft_43[3]
                              0.0856         0.1075        -0.0219  (VIOLATED)
       PIN :   u_NV_NVDLA_cmac/u_core/u_mac_4/u_exp/exp_sft_43_reg_3_/Q
                              0.0856         0.1075        -0.0219  (VIOLATED)
   u_NV_NVDLA_cmac/u_core/out_data3[32]
                              0.0856         0.1064        -0.0208  (VIOLATED)
       PIN :   u_NV_NVDLA_cmac/u_core/u_mac_3/mac_out_data_reg_32_/Q
                              0.0856         0.1064        -0.0208  (VIOLATED)
   u_NV_NVDLA_cmac/u_core/u_mac_6/exp_sft_62[3]
                              0.0856         0.1059        -0.0203  (VIOLATED)
       PIN :   u_NV_NVDLA_cmac/u_core/u_mac_6/u_exp/exp_sft_62_reg_3_/Q
                              0.0856         0.1059        -0.0203  (VIOLATED)
   u_NV_NVDLA_cmac/u_core/u_mac_7/exp_sft_62[3]
                              0.0856         0.1057        -0.0202  (VIOLATED)
       PIN :   u_NV_NVDLA_cmac/u_core/u_mac_7/u_exp/exp_sft_62_reg_3_/Q
                              0.0856         0.1057        -0.0202  (VIOLATED)
   u_NV_NVDLA_cmac/u_core/u_mac_4/exp_sft_07[3]
                              0.0856         0.1056        -0.0200  (VIOLATED)
       PIN :   u_NV_NVDLA_cmac/u_core/u_mac_4/u_exp/exp_sft_07_reg_3_/Q
                              0.0856         0.1056        -0.0200  (VIOLATED)
   u_NV_NVDLA_cmac/u_core/u_mac_1/exp_sft_51[3]
                              0.0856         0.1054        -0.0198  (VIOLATED)
       PIN :   u_NV_NVDLA_cmac/u_core/u_mac_1/u_exp/exp_sft_51_reg_3_/Q
                              0.0856         0.1054        -0.0198  (VIOLATED)
   u_NV_NVDLA_cmac/u_core/u_mac_2/exp_sft_03[3]
                              0.0856         0.1051        -0.0196  (VIOLATED)
       PIN :   u_NV_NVDLA_cmac/u_core/u_mac_2/u_exp/exp_sft_03_reg_3_/Q
                              0.0856         0.1051        -0.0196  (VIOLATED)
   u_NV_NVDLA_cmac/u_core/u_mac_2/exp_sft_22[3]
                              0.0856         0.1046        -0.0190  (VIOLATED)
       PIN :   u_NV_NVDLA_cmac/u_core/u_mac_2/u_exp/exp_sft_22_reg_3_/Q
                              0.0856         0.1046        -0.0190  (VIOLATED)
   u_NV_NVDLA_cmac/u_core/u_mac_6/exp_sft_14[2]
                              0.0856         0.1045        -0.0189  (VIOLATED)
       PIN :   u_NV_NVDLA_cmac/u_core/u_mac_6/u_exp/exp_sft_14_reg_2_/Q
                              0.0856         0.1045        -0.0189  (VIOLATED)
   u_NV_NVDLA_cmac/u_core/u_mac_7/exp_sft_20[1]
                              0.0856         0.1044        -0.0189  (VIOLATED)
       PIN :   u_NV_NVDLA_cmac/u_core/u_mac_7/u_exp/exp_sft_20_reg_1_/Q
                              0.0856         0.1044        -0.0189  (VIOLATED)
   u_NV_NVDLA_cmac/u_core/u_mac_4/exp_sft_05[3]
                              0.0856         0.1036        -0.0180  (VIOLATED)
       PIN :   u_NV_NVDLA_cmac/u_core/u_mac_4/u_exp/exp_sft_05_reg_3_/Q
                              0.0856         0.1036        -0.0180  (VIOLATED)
   u_NV_NVDLA_cmac/u_core/u_mac_2/ps_n1b0_d2[6]
                              0.0856         0.1023        -0.0167  (VIOLATED)
       PIN :   u_NV_NVDLA_cmac/u_core/u_mac_2/ps_n1b0_d2_reg_6_/Q
                              0.0856         0.1023        -0.0167  (VIOLATED)
   u_NV_NVDLA_cmac/u_core/u_mac_7/exp_sft_15[2]
                              0.0856         0.1022        -0.0166  (VIOLATED)
       PIN :   u_NV_NVDLA_cmac/u_core/u_mac_7/u_exp/exp_sft_15_reg_2_/Q
                              0.0856         0.1022        -0.0166  (VIOLATED)
   u_NV_NVDLA_cmac/u_core/u_mac_1/exp_sft_48[3]
                              0.0856         0.1015        -0.0159  (VIOLATED)
       PIN :   u_NV_NVDLA_cmac/u_core/u_mac_1/u_exp/exp_sft_48_reg_3_/Q
                              0.0856         0.1015        -0.0159  (VIOLATED)
   u_NV_NVDLA_cmac/u_core/u_mac_2/exp_sft_30[2]
                              0.0856         0.1011        -0.0155  (VIOLATED)
       PIN :   u_NV_NVDLA_cmac/u_core/u_mac_2/u_exp/exp_sft_30_reg_2_/Q
                              0.0856         0.1011        -0.0155  (VIOLATED)
   u_NV_NVDLA_cmac/u_core/u_mac_1/exp_sft_16[3]
                              0.0856         0.1006        -0.0150  (VIOLATED)
       PIN :   u_NV_NVDLA_cmac/u_core/u_mac_1/u_exp/exp_sft_16_reg_3_/Q
                              0.0856         0.1006        -0.0150  (VIOLATED)
   u_NV_NVDLA_cmac/u_core/u_mac_7/exp_sft_24[3]
                              0.0856         0.1002        -0.0147  (VIOLATED)
       PIN :   u_NV_NVDLA_cmac/u_core/u_mac_7/u_exp/exp_sft_24_reg_3_/Q
                              0.0856         0.1002        -0.0147  (VIOLATED)
   u_NV_NVDLA_cmac/u_core/u_mac_5/exp_sft_55[2]
                              0.0856         0.0999        -0.0143  (VIOLATED)
       PIN :   u_NV_NVDLA_cmac/u_core/u_mac_5/u_exp/exp_sft_55_reg_2_/Q
                              0.0856         0.0999        -0.0143  (VIOLATED)
   u_NV_NVDLA_cmac/u_core/u_mac_3/exp_sft_31[3]
                              0.0856         0.0991        -0.0135  (VIOLATED)
       PIN :   u_NV_NVDLA_cmac/u_core/u_mac_3/u_exp/exp_sft_31_reg_3_/Q
                              0.0856         0.0991        -0.0135  (VIOLATED)
   u_NV_NVDLA_cmac/u_core/out_data3[41]
                              0.0856         0.0990        -0.0134  (VIOLATED)
       PIN :   u_NV_NVDLA_cmac/u_core/u_mac_3/mac_out_data_reg_41_/Q
                              0.0856         0.0990        -0.0134  (VIOLATED)
   u_NV_NVDLA_cmac/u_core/u_mac_1/exp_sft_03[2]
                              0.0856         0.0987        -0.0131  (VIOLATED)
       PIN :   u_NV_NVDLA_cmac/u_core/u_mac_1/u_exp/exp_sft_03_reg_2_/Q
                              0.0856         0.0987        -0.0131  (VIOLATED)
   u_NV_NVDLA_cmac/u_core/u_mac_7/exp_sft_57[1]
                              0.0856         0.0987        -0.0131  (VIOLATED)
       PIN :   u_NV_NVDLA_cmac/u_core/u_mac_7/u_exp/exp_sft_57_reg_1_/Q
                              0.0856         0.0987        -0.0131  (VIOLATED)
   u_NV_NVDLA_cmac/u_core/u_mac_5/exp_sft_41[1]
                              0.0856         0.0977        -0.0121  (VIOLATED)
       PIN :   u_NV_NVDLA_cmac/u_core/u_mac_5/u_exp/exp_sft_41_reg_1_/Q
                              0.0856         0.0977        -0.0121  (VIOLATED)
   u_NV_NVDLA_cmac/u_core/u_mac_7/exp_sft_25[3]
                              0.0856         0.0972        -0.0117  (VIOLATED)
       PIN :   u_NV_NVDLA_cmac/u_core/u_mac_7/u_exp/exp_sft_25_reg_3_/Q
                              0.0856         0.0972        -0.0117  (VIOLATED)
   u_NV_NVDLA_cmac/u_core/u_mac_7/exp_sft_06[2]
                              0.0856         0.0961        -0.0105  (VIOLATED)
       PIN :   u_NV_NVDLA_cmac/u_core/u_mac_7/u_exp/exp_sft_06_reg_2_/Q
                              0.0856         0.0961        -0.0105  (VIOLATED)
   u_NV_NVDLA_cmac/u_core/out_data3[40]
                              0.0856         0.0959        -0.0103  (VIOLATED)
       PIN :   u_NV_NVDLA_cmac/u_core/u_mac_3/mac_out_data_reg_40_/Q
                              0.0856         0.0959        -0.0103  (VIOLATED)
   u_NV_NVDLA_cmac/u_core/dat5_actv_data[176]
                              0.0856         0.0950        -0.0095  (VIOLATED)
       PIN :   u_NV_NVDLA_cmac/u_core/u_active/dat_actv_data_reg5_reg_176_/Q
                              0.0856         0.0950        -0.0095  (VIOLATED)
   u_NV_NVDLA_cmac/u_core/dat5_actv_data[177]
                              0.0856         0.0949        -0.0093  (VIOLATED)
       PIN :   u_NV_NVDLA_cmac/u_core/u_active/dat_actv_data_reg5_reg_177_/Q
                              0.0856         0.0949        -0.0093  (VIOLATED)
   u_NV_NVDLA_cmac/u_core/u_mac_2/ps_n1b0_d2[5]
                              0.0856         0.0935        -0.0080  (VIOLATED)
       PIN :   u_NV_NVDLA_cmac/u_core/u_mac_2/ps_n1b0_d2_reg_5_/Q
                              0.0856         0.0935        -0.0080  (VIOLATED)
   u_NV_NVDLA_cmac/u_core/u_mac_7/exp_sft_26[3]
                              0.0856         0.0934        -0.0078  (VIOLATED)
       PIN :   u_NV_NVDLA_cmac/u_core/u_mac_7/u_exp/exp_sft_26_reg_3_/Q
                              0.0856         0.0934        -0.0078  (VIOLATED)
   u_NV_NVDLA_cmac/u_core/u_mac_2/exp_sft_23[3]
                              0.0856         0.0921        -0.0066  (VIOLATED)
       PIN :   u_NV_NVDLA_cmac/u_core/u_mac_2/u_exp/exp_sft_23_reg_3_/Q
                              0.0856         0.0921        -0.0066  (VIOLATED)
   u_NV_NVDLA_cmac/u_core/u_mac_6/exp_sft_12[3]
                              0.0856         0.0919        -0.0063  (VIOLATED)
       PIN :   u_NV_NVDLA_cmac/u_core/u_mac_6/u_exp/exp_sft_12_reg_3_/Q
                              0.0856         0.0919        -0.0063  (VIOLATED)
   u_NV_NVDLA_cmac/u_core/u_mac_3/exp_sft_05[3]
                              0.0856         0.0918        -0.0062  (VIOLATED)
       PIN :   u_NV_NVDLA_cmac/u_core/u_mac_3/u_exp/exp_sft_05_reg_3_/Q
                              0.0856         0.0918        -0.0062  (VIOLATED)
   u_NV_NVDLA_cmac/u_core/out_data3[79]
                              0.0856         0.0911        -0.0055  (VIOLATED)
       PIN :   u_NV_NVDLA_cmac/u_core/u_mac_3/mac_out_data_reg_79_/Q
                              0.0856         0.0911        -0.0055  (VIOLATED)
   u_NV_NVDLA_cmac/u_core/u_mac_5/exp_sft_33[0]
                              0.0856         0.0911        -0.0055  (VIOLATED)
       PIN :   u_NV_NVDLA_cmac/u_core/u_mac_5/u_exp/exp_sft_33_reg_0_/Q
                              0.0856         0.0911        -0.0055  (VIOLATED)
   u_NV_NVDLA_cmac/u_core/u_mac_2/exp_sft_53[3]
                              0.0861         0.0913        -0.0053  (VIOLATED)
       PIN :   u_NV_NVDLA_cmac/u_core/u_mac_2/u_exp/exp_sft_53_reg_3_/Q
                              0.0861         0.0913        -0.0053  (VIOLATED)
   u_NV_NVDLA_cmac/u_core/u_active/wt5_sd_data[377]
                              0.0861         0.0913        -0.0053  (VIOLATED)
       PIN :   u_NV_NVDLA_cmac/u_core/u_active/wt5_sd_data_reg_377_/Q
                              0.0861         0.0913        -0.0053  (VIOLATED)
   u_NV_NVDLA_cmac/u_core/wt7_actv_data[798]
                              0.0861         0.0913        -0.0052  (VIOLATED)
       PIN :   u_NV_NVDLA_cmac/u_core/u_active/wt7_actv_data_reg_798_/Q
                              0.0861         0.0913        -0.0052  (VIOLATED)
   u_NV_NVDLA_cmac/u_core/wt0_actv_data[686]
                              0.0861         0.0913        -0.0052  (VIOLATED)
       PIN :   u_NV_NVDLA_cmac/u_core/u_active/wt0_actv_data_reg_686_/Q
                              0.0861         0.0913        -0.0052  (VIOLATED)
   u_NV_NVDLA_cmac/u_core/u_active/dat_pre_nz[1]
                              0.0861         0.0913        -0.0052  (VIOLATED)
       PIN :   u_NV_NVDLA_cmac/u_core/u_active/dat_pre_nz_reg_1_/Q
                              0.0861         0.0913        -0.0052  (VIOLATED)
   u_NV_NVDLA_cmac/u_core/u_active/wt5_sd_data[379]
                              0.0861         0.0913        -0.0052  (VIOLATED)
       PIN :   u_NV_NVDLA_cmac/u_core/u_active/wt5_sd_data_reg_379_/Q
                              0.0861         0.0913        -0.0052  (VIOLATED)
   u_NV_NVDLA_cmac/u_core/u_rt_out/n690
                              0.0861         0.0912        -0.0052  (VIOLATED)
       PIN :   u_NV_NVDLA_cmac/u_core/u_rt_out/out_rt_pd_d1_reg_2_/Q
                              0.0861         0.0912        -0.0052  (VIOLATED)
   u_NV_NVDLA_cmac/u_core/u_active/wt_pre_data[299]
                              0.0861         0.0912        -0.0052  (VIOLATED)
       PIN :   u_NV_NVDLA_cmac/u_core/u_active/wt_pre_data_reg_299_/Q
                              0.0861         0.0912        -0.0052  (VIOLATED)
   u_NV_NVDLA_cmac/u_core/u_mac_0/exp_sft_23[3]
                              0.0861         0.0912        -0.0051  (VIOLATED)
       PIN :   u_NV_NVDLA_cmac/u_core/u_mac_0/u_exp/exp_sft_23_reg_3_/Q
                              0.0861         0.0912        -0.0051  (VIOLATED)
   u_NV_NVDLA_cmac/u_core/wt0_actv_data[1015]
                              0.0861         0.0911        -0.0051  (VIOLATED)
       PIN :   u_NV_NVDLA_cmac/u_core/u_active/wt0_actv_data_reg_1015_/Q
                              0.0861         0.0911        -0.0051  (VIOLATED)
   u_NV_NVDLA_cmac/u_core/u_rt_out/n692
                              0.0861         0.0911        -0.0051  (VIOLATED)
       PIN :   u_NV_NVDLA_cmac/u_core/u_rt_out/out_rt_pd_d1_reg_0_/Q
                              0.0861         0.0911        -0.0051  (VIOLATED)
   u_NV_NVDLA_cmac/u_core/in_wt_data122[7]
                              0.0856         0.0906        -0.0050  (VIOLATED)
       PIN :   u_NV_NVDLA_cmac/u_core/u_rt_in/in_rt_wt_data_d1_reg_983_/Q
                              0.0856         0.0906        -0.0050  (VIOLATED)
   u_NV_NVDLA_cmac/u_core/u_active/wt_pre_exp[4]
                              0.0861         0.0910        -0.0050  (VIOLATED)
       PIN :   u_NV_NVDLA_cmac/u_core/u_active/wt_pre_exp_reg_4_/Q
                              0.0861         0.0910        -0.0050  (VIOLATED)
   u_NV_NVDLA_cmac/u_core/u_active/wt_pre_data[308]
                              0.0861         0.0910        -0.0050  (VIOLATED)
       PIN :   u_NV_NVDLA_cmac/u_core/u_active/wt_pre_data_reg_308_/Q
                              0.0861         0.0910        -0.0050  (VIOLATED)
   u_NV_NVDLA_cmac/u_core/u_mac_4/pp_out_l0n10_1_d1[33]
                              0.0861         0.0910        -0.0050  (VIOLATED)
       PIN :   u_NV_NVDLA_cmac/u_core/u_mac_4/pp_out_l0n10_1_d1_reg_33_/Q
                              0.0861         0.0910        -0.0050  (VIOLATED)
   u_NV_NVDLA_cmac/u_core/u_active/dat_pre_data[804]
                              0.0861         0.0910        -0.0050  (VIOLATED)
       PIN :   u_NV_NVDLA_cmac/u_core/u_active/dat_pre_data_reg_804_/Q
                              0.0861         0.0910        -0.0050  (VIOLATED)
   u_NV_NVDLA_cmac/u_core/u_rt_out/n686
                              0.0861         0.0910        -0.0049  (VIOLATED)
       PIN :   u_NV_NVDLA_cmac/u_core/u_rt_out/out_rt_pd_d1_reg_6_/Q
                              0.0861         0.0910        -0.0049  (VIOLATED)
   u_NV_NVDLA_cmac/u_core/u_mac_7/exp_sft_17[0]
                              0.0861         0.0910        -0.0049  (VIOLATED)
       PIN :   u_NV_NVDLA_cmac/u_core/u_mac_7/u_exp/exp_sft_17_reg_0_/Q
                              0.0861         0.0910        -0.0049  (VIOLATED)
   u_NV_NVDLA_cmac/u_core/wt6_actv_data[754]
                              0.0861         0.0910        -0.0049  (VIOLATED)
       PIN :   u_NV_NVDLA_cmac/u_core/u_active/wt6_actv_data_reg_754_/Q
                              0.0861         0.0910        -0.0049  (VIOLATED)
   u_NV_NVDLA_cmac/u_core/wt7_actv_data[786]
                              0.0861         0.0909        -0.0049  (VIOLATED)
       PIN :   u_NV_NVDLA_cmac/u_core/u_active/wt7_actv_data_reg_786_/Q
                              0.0861         0.0909        -0.0049  (VIOLATED)
   u_NV_NVDLA_cmac/u_core/u_active/dat_pre_data[673]
                              0.0861         0.0909        -0.0049  (VIOLATED)
       PIN :   u_NV_NVDLA_cmac/u_core/u_active/dat_pre_data_reg_673_/Q
                              0.0861         0.0909        -0.0049  (VIOLATED)
   u_NV_NVDLA_cmac/u_core/u_active/dat_pre_data[748]
                              0.0861         0.0909        -0.0048  (VIOLATED)
       PIN :   u_NV_NVDLA_cmac/u_core/u_active/dat_pre_data_reg_748_/Q
                              0.0861         0.0909        -0.0048  (VIOLATED)
   u_NV_NVDLA_cmac/u_core/wt6_actv_data[766]
                              0.0861         0.0909        -0.0048  (VIOLATED)
       PIN :   u_NV_NVDLA_cmac/u_core/u_active/wt6_actv_data_reg_766_/Q
                              0.0861         0.0909        -0.0048  (VIOLATED)
   u_NV_NVDLA_cmac/u_core/wt7_actv_data[286]
                              0.0861         0.0908        -0.0048  (VIOLATED)
       PIN :   u_NV_NVDLA_cmac/u_core/u_active/wt7_actv_data_reg_286_/Q
                              0.0861         0.0908        -0.0048  (VIOLATED)
   u_NV_NVDLA_cmac/u_core/u_mac_6/exp_sft_28[0]
                              0.0861         0.0908        -0.0048  (VIOLATED)
       PIN :   u_NV_NVDLA_cmac/u_core/u_mac_6/u_exp/exp_sft_28_reg_0_/Q
                              0.0861         0.0908        -0.0048  (VIOLATED)
   u_NV_NVDLA_cmac/u_core/u_active/wt_pre_data[998]
                              0.0861         0.0908        -0.0047  (VIOLATED)
       PIN :   u_NV_NVDLA_cmac/u_core/u_active/wt_pre_data_reg_998_/Q
                              0.0861         0.0908        -0.0047  (VIOLATED)
   u_NV_NVDLA_cmac/u_core/u_active/wt_pre_nz[28]
                              0.0861         0.0908        -0.0047  (VIOLATED)
       PIN :   u_NV_NVDLA_cmac/u_core/u_active/wt_pre_nz_reg_28_/Q
                              0.0861         0.0908        -0.0047  (VIOLATED)
   u_NV_NVDLA_cmac/u_core/u_active/wt_pre_data[669]
                              0.0861         0.0907        -0.0047  (VIOLATED)
       PIN :   u_NV_NVDLA_cmac/u_core/u_active/wt_pre_data_reg_669_/Q
                              0.0861         0.0907        -0.0047  (VIOLATED)
   u_NV_NVDLA_cmac/u_core/u_active/dat_pre_data[1014]
                              0.0861         0.0907        -0.0046  (VIOLATED)
       PIN :   u_NV_NVDLA_cmac/u_core/u_active/dat_pre_data_reg_1014_/Q
                              0.0861         0.0907        -0.0046  (VIOLATED)
   u_NV_NVDLA_cmac/u_core/u_mac_6/exp_sft_45[1]
                              0.0861         0.0907        -0.0046  (VIOLATED)
       PIN :   u_NV_NVDLA_cmac/u_core/u_mac_6/u_exp/exp_sft_45_reg_1_/Q
                              0.0861         0.0907        -0.0046  (VIOLATED)
   u_NV_NVDLA_cmac/u_core/u_active/wt_pre_exp[1]
                              0.0861         0.0906        -0.0046  (VIOLATED)
       PIN :   u_NV_NVDLA_cmac/u_core/u_active/wt_pre_exp_reg_1_/Q
                              0.0861         0.0906        -0.0046  (VIOLATED)
   u_NV_NVDLA_cmac/u_core/u_active/dat_pre_data[801]
                              0.0861         0.0906        -0.0045  (VIOLATED)
       PIN :   u_NV_NVDLA_cmac/u_core/u_active/dat_pre_data_reg_801_/Q
                              0.0861         0.0906        -0.0045  (VIOLATED)
   u_NV_NVDLA_cmac/u_core/u_mac_2/pp_out_l0n04_1_d1[35]
                              0.0861         0.0906        -0.0045  (VIOLATED)
       PIN :   u_NV_NVDLA_cmac/u_core/u_mac_2/pp_out_l0n04_1_d1_reg_35_/Q
                              0.0861         0.0906        -0.0045  (VIOLATED)
   u_NV_NVDLA_cmac/u_core/u_active/wt_pre_exp[8]
                              0.0861         0.0906        -0.0045  (VIOLATED)
       PIN :   u_NV_NVDLA_cmac/u_core/u_active/wt_pre_exp_reg_8_/Q
                              0.0861         0.0906        -0.0045  (VIOLATED)
   u_NV_NVDLA_cmac/u_core/u_mac_6/exp_sft_28[1]
                              0.0861         0.0905        -0.0045  (VIOLATED)
       PIN :   u_NV_NVDLA_cmac/u_core/u_mac_6/u_exp/exp_sft_28_reg_1_/Q
                              0.0861         0.0905        -0.0045  (VIOLATED)
   u_NV_NVDLA_cmac/u_core/u_active/dat_pre_data[655]
                              0.0861         0.0905        -0.0045  (VIOLATED)
       PIN :   u_NV_NVDLA_cmac/u_core/u_active/dat_pre_data_reg_655_/Q
                              0.0861         0.0905        -0.0045  (VIOLATED)
   u_NV_NVDLA_cmac/u_core/u_mac_6/exp_sft_45[0]
                              0.0861         0.0905        -0.0044  (VIOLATED)
       PIN :   u_NV_NVDLA_cmac/u_core/u_mac_6/u_exp/exp_sft_45_reg_0_/Q
                              0.0861         0.0905        -0.0044  (VIOLATED)
   u_NV_NVDLA_cmac/u_core/u_active/wt_pre_mask[54]
                              0.0861         0.0905        -0.0044  (VIOLATED)
       PIN :   u_NV_NVDLA_cmac/u_core/u_active/wt_pre_mask_reg_54_/Q
                              0.0861         0.0905        -0.0044  (VIOLATED)
   u_NV_NVDLA_cmac/u_core/in_dat_data118[4]
                              0.0856         0.0899        -0.0043  (VIOLATED)
       PIN :   u_NV_NVDLA_cmac/u_core/u_rt_in/in_rt_dat_data_d1_reg_948_/Q
                              0.0856         0.0899        -0.0043  (VIOLATED)
   u_NV_NVDLA_cmac/u_core/wt3_actv_data[50]
                              0.0861         0.0904        -0.0043  (VIOLATED)
       PIN :   u_NV_NVDLA_cmac/u_core/u_active/wt3_actv_data_reg_50_/Q
                              0.0861         0.0904        -0.0043  (VIOLATED)
   u_NV_NVDLA_cmac/u_core/out_data3[125]
                              0.0856         0.0899        -0.0043  (VIOLATED)
       PIN :   u_NV_NVDLA_cmac/u_core/u_mac_3/mac_out_data_reg_125_/Q
                              0.0856         0.0899        -0.0043  (VIOLATED)
   u_NV_NVDLA_cmac/u_core/u_active/wt_pre_mask[1]
                              0.0861         0.0904        -0.0043  (VIOLATED)
       PIN :   u_NV_NVDLA_cmac/u_core/u_active/wt_pre_mask_reg_1_/Q
                              0.0861         0.0904        -0.0043  (VIOLATED)
   u_NV_NVDLA_cmac/u_core/u_mac_4/exp_sft_00[1]
                              0.0861         0.0904        -0.0043  (VIOLATED)
       PIN :   u_NV_NVDLA_cmac/u_core/u_mac_4/u_exp/exp_sft_00_reg_1_/Q
                              0.0861         0.0904        -0.0043  (VIOLATED)
   u_NV_NVDLA_cmac/u_core/u_active/dat_pre_data[949]
                              0.0861         0.0903        -0.0043  (VIOLATED)
       PIN :   u_NV_NVDLA_cmac/u_core/u_active/dat_pre_data_reg_949_/Q
                              0.0861         0.0903        -0.0043  (VIOLATED)
   u_NV_NVDLA_cmac/u_core/in_dat_data116[4]
                              0.0856         0.0898        -0.0042  (VIOLATED)
       PIN :   u_NV_NVDLA_cmac/u_core/u_rt_in/in_rt_dat_data_d1_reg_932_/Q
                              0.0856         0.0898        -0.0042  (VIOLATED)
   u_NV_NVDLA_cmac/u_core/u_active/wt_pre_data[302]
                              0.0861         0.0902        -0.0042  (VIOLATED)
       PIN :   u_NV_NVDLA_cmac/u_core/u_active/wt_pre_data_reg_302_/Q
                              0.0861         0.0902        -0.0042  (VIOLATED)
   u_NV_NVDLA_cmac/u_core/wt1_actv_data[863]
                              0.0861         0.0902        -0.0042  (VIOLATED)
       PIN :   u_NV_NVDLA_cmac/u_core/u_active/wt1_actv_data_reg_863_/Q
                              0.0861         0.0902        -0.0042  (VIOLATED)
   u_NV_NVDLA_cmac/u_core/in_wt_data118[0]
                              0.0856         0.0897        -0.0042  (VIOLATED)
       PIN :   u_NV_NVDLA_cmac/u_core/u_rt_in/in_rt_wt_data_d1_reg_944_/Q
                              0.0856         0.0897        -0.0042  (VIOLATED)
   u_NV_NVDLA_cmac/u_core/u_active/dat_pre_data[807]
                              0.0861         0.0902        -0.0042  (VIOLATED)
       PIN :   u_NV_NVDLA_cmac/u_core/u_active/dat_pre_data_reg_807_/Q
                              0.0861         0.0902        -0.0042  (VIOLATED)
   u_NV_NVDLA_cmac/u_core/u_active/dat_pre_data[756]
                              0.0861         0.0902        -0.0042  (VIOLATED)
       PIN :   u_NV_NVDLA_cmac/u_core/u_active/dat_pre_data_reg_756_/Q
                              0.0861         0.0902        -0.0042  (VIOLATED)
   u_NV_NVDLA_cmac/u_core/dat7_actv_data[767]
                              0.0856         0.0897        -0.0041  (VIOLATED)
       PIN :   u_NV_NVDLA_cmac/u_core/u_active/dat_actv_data_reg7_reg_767_/Q
                              0.0856         0.0897        -0.0041  (VIOLATED)
   u_NV_NVDLA_cmac/u_core/u_active/wt5_sd_data[378]
                              0.0861         0.0902        -0.0041  (VIOLATED)
       PIN :   u_NV_NVDLA_cmac/u_core/u_active/wt5_sd_data_reg_378_/Q
                              0.0861         0.0902        -0.0041  (VIOLATED)
   u_NV_NVDLA_cmac/u_core/in_dat_data126[5]
                              0.0856         0.0897        -0.0041  (VIOLATED)
       PIN :   u_NV_NVDLA_cmac/u_core/u_rt_in/in_rt_dat_data_d1_reg_1013_/Q
                              0.0856         0.0897        -0.0041  (VIOLATED)
   u_NV_NVDLA_cmac/u_core/wt6_actv_data[777]
                              0.0861         0.0902        -0.0041  (VIOLATED)
       PIN :   u_NV_NVDLA_cmac/u_core/u_active/wt6_actv_data_reg_777_/Q
                              0.0861         0.0902        -0.0041  (VIOLATED)
   u_NV_NVDLA_cmac/u_core/dat1_actv_data[591]
                              0.0856         0.0897        -0.0041  (VIOLATED)
       PIN :   u_NV_NVDLA_cmac/u_core/u_active/dat_actv_data_reg1_reg_591_/Q
                              0.0856         0.0897        -0.0041  (VIOLATED)
   u_NV_NVDLA_cmac/u_core/u_mac_1/pp_out_l0n08_0_d1[35]
                              0.0861         0.0901        -0.0041  (VIOLATED)
       PIN :   u_NV_NVDLA_cmac/u_core/u_mac_1/pp_out_l0n08_0_d1_reg_35_/Q
                              0.0861         0.0901        -0.0041  (VIOLATED)
   u_NV_NVDLA_cmac/u_core/u_active/dat_pre_data[838]
                              0.0861         0.0901        -0.0040  (VIOLATED)
       PIN :   u_NV_NVDLA_cmac/u_core/u_active/dat_pre_data_reg_838_/Q
                              0.0861         0.0901        -0.0040  (VIOLATED)
   u_NV_NVDLA_cmac/u_core/u_mac_2/pp_out_l0n06_0_d1[0]
                              0.0856         0.0896        -0.0040  (VIOLATED)
       PIN :   u_NV_NVDLA_cmac/u_core/u_mac_2/pp_out_l0n06_0_d1_reg_0_/Q
                              0.0856         0.0896        -0.0040  (VIOLATED)
   u_NV_NVDLA_cmac/u_core/u_mac_6/exp_sft_33[3]
                              0.0861         0.0901        -0.0040  (VIOLATED)
       PIN :   u_NV_NVDLA_cmac/u_core/u_mac_6/u_exp/exp_sft_33_reg_3_/Q
                              0.0861         0.0901        -0.0040  (VIOLATED)
   u_NV_NVDLA_cmac/u_core/u_active/dat_pre_data[725]
                              0.0861         0.0901        -0.0040  (VIOLATED)
       PIN :   u_NV_NVDLA_cmac/u_core/u_active/dat_pre_data_reg_725_/Q
                              0.0861         0.0901        -0.0040  (VIOLATED)
   u_NV_NVDLA_cmac/u_core/u_mac_7/exp_sft_00[3]
                              0.0861         0.0900        -0.0040  (VIOLATED)
       PIN :   u_NV_NVDLA_cmac/u_core/u_mac_7/u_exp/exp_sft_00_reg_3_/Q
                              0.0861         0.0900        -0.0040  (VIOLATED)
   u_NV_NVDLA_cmac/u_core/u_mac_1/exp_sft_33[1]
                              0.0861         0.0900        -0.0040  (VIOLATED)
       PIN :   u_NV_NVDLA_cmac/u_core/u_mac_1/u_exp/exp_sft_33_reg_1_/Q
                              0.0861         0.0900        -0.0040  (VIOLATED)
   u_NV_NVDLA_cmac/u_core/out_data6[117]
                              0.0861         0.0900        -0.0040  (VIOLATED)
       PIN :   u_NV_NVDLA_cmac/u_core/u_mac_6/mac_out_data_reg_117_/Q
                              0.0861         0.0900        -0.0040  (VIOLATED)
   u_NV_NVDLA_cmac/u_core/in_wt_data122[1]
                              0.0856         0.0895        -0.0040  (VIOLATED)
       PIN :   u_NV_NVDLA_cmac/u_core/u_rt_in/in_rt_wt_data_d1_reg_977_/Q
                              0.0856         0.0895        -0.0040  (VIOLATED)
   u_NV_NVDLA_cmac/u_core/wt6_actv_data[817]
                              0.0861         0.0900        -0.0040  (VIOLATED)
       PIN :   u_NV_NVDLA_cmac/u_core/u_active/wt6_actv_data_reg_817_/Q
                              0.0861         0.0900        -0.0040  (VIOLATED)
   u_NV_NVDLA_cmac/u_core/u_mac_7/res_tag_b5_d1[18]
                              0.0856         0.0895        -0.0040  (VIOLATED)
       PIN :   u_NV_NVDLA_cmac/u_core/u_mac_7/res_tag_b5_d1_reg_18_/Q
                              0.0856         0.0895        -0.0040  (VIOLATED)
   u_NV_NVDLA_cmac/u_core/in_wt_data121[3]
                              0.0856         0.0895        -0.0039  (VIOLATED)
       PIN :   u_NV_NVDLA_cmac/u_core/u_rt_in/in_rt_wt_data_d1_reg_971_/Q
                              0.0856         0.0895        -0.0039  (VIOLATED)
   u_NV_NVDLA_cmac/u_core/wt3_actv_data[139]
                              0.0861         0.0900        -0.0039  (VIOLATED)
       PIN :   u_NV_NVDLA_cmac/u_core/u_active/wt3_actv_data_reg_139_/Q
                              0.0861         0.0900        -0.0039  (VIOLATED)
   u_NV_NVDLA_cmac/u_core/wt3_actv_data[65]
                              0.0861         0.0899        -0.0039  (VIOLATED)
       PIN :   u_NV_NVDLA_cmac/u_core/u_active/wt3_actv_data_reg_65_/Q
                              0.0861         0.0899        -0.0039  (VIOLATED)
   u_NV_NVDLA_cmac/u_core/u_active/wt5_sd_data[381]
                              0.0861         0.0899        -0.0039  (VIOLATED)
       PIN :   u_NV_NVDLA_cmac/u_core/u_active/wt5_sd_data_reg_381_/Q
                              0.0861         0.0899        -0.0039  (VIOLATED)
   u_NV_NVDLA_cmac/u_core/wt5_actv_data[160]
                              0.0861         0.0899        -0.0039  (VIOLATED)
       PIN :   u_NV_NVDLA_cmac/u_core/u_active/wt5_actv_data_reg_160_/Q
                              0.0861         0.0899        -0.0039  (VIOLATED)
   u_NV_NVDLA_cmac/u_core/dat4_actv_data[143]
                              0.0856         0.0894        -0.0039  (VIOLATED)
       PIN :   u_NV_NVDLA_cmac/u_core/u_active/dat_actv_data_reg4_reg_143_/Q
                              0.0856         0.0894        -0.0039  (VIOLATED)
   u_NV_NVDLA_cmac/u_core/u_active/wt_pre_data[993]
                              0.0861         0.0899        -0.0039  (VIOLATED)
       PIN :   u_NV_NVDLA_cmac/u_core/u_active/wt_pre_data_reg_993_/Q
                              0.0861         0.0899        -0.0039  (VIOLATED)
   u_NV_NVDLA_cmac/u_core/wt3_actv_data[895]
                              0.0861         0.0899        -0.0038  (VIOLATED)
       PIN :   u_NV_NVDLA_cmac/u_core/u_active/wt3_actv_data_reg_895_/Q
                              0.0861         0.0899        -0.0038  (VIOLATED)
   u_NV_NVDLA_cmac/u_core/u_mac_1/res_tag_b4_d1[35]
                              0.0856         0.0894        -0.0038  (VIOLATED)
       PIN :   u_NV_NVDLA_cmac/u_core/u_mac_1/res_tag_b4_d1_reg_35_/Q
                              0.0856         0.0894        -0.0038  (VIOLATED)
   u_NV_NVDLA_cmac/u_core/u_mac_7/res_tag_b3_d1[34]
                              0.0856         0.0893        -0.0038  (VIOLATED)
       PIN :   u_NV_NVDLA_cmac/u_core/u_mac_7/res_tag_b3_d1_reg_34_/Q
                              0.0856         0.0893        -0.0038  (VIOLATED)
   u_NV_NVDLA_cmac/u_core/u_active/wt_pre_data[107]
                              0.0861         0.0898        -0.0037  (VIOLATED)
       PIN :   u_NV_NVDLA_cmac/u_core/u_active/wt_pre_data_reg_107_/Q
                              0.0861         0.0898        -0.0037  (VIOLATED)
   u_NV_NVDLA_cmac/u_core/u_active/dat_pre_data[968]
                              0.0861         0.0897        -0.0037  (VIOLATED)
       PIN :   u_NV_NVDLA_cmac/u_core/u_active/dat_pre_data_reg_968_/Q
                              0.0861         0.0897        -0.0037  (VIOLATED)
   u_NV_NVDLA_cmac/u_core/u_active/dat_pre_data[370]
                              0.0861         0.0897        -0.0037  (VIOLATED)
       PIN :   u_NV_NVDLA_cmac/u_core/u_active/dat_pre_data_reg_370_/Q
                              0.0861         0.0897        -0.0037  (VIOLATED)
   u_NV_NVDLA_cmac/u_core/u_active/wt_pre_exp[7]
                              0.0861         0.0897        -0.0037  (VIOLATED)
       PIN :   u_NV_NVDLA_cmac/u_core/u_active/wt_pre_exp_reg_7_/Q
                              0.0861         0.0897        -0.0037  (VIOLATED)
   u_NV_NVDLA_cmac/u_core/u_mac_3/exp_sft_46[0]
                              0.0861         0.0897        -0.0037  (VIOLATED)
       PIN :   u_NV_NVDLA_cmac/u_core/u_mac_3/u_exp/exp_sft_46_reg_0_/Q
                              0.0861         0.0897        -0.0037  (VIOLATED)
   u_NV_NVDLA_cmac/u_core/u_active/wt_pre_data[958]
                              0.0856         0.0892        -0.0036  (VIOLATED)
       PIN :   u_NV_NVDLA_cmac/u_core/u_active/wt_pre_data_reg_958_/Q
                              0.0856         0.0892        -0.0036  (VIOLATED)
   u_NV_NVDLA_cmac/u_core/u_mac_2/pp_out_l0n05_0_d1[35]
                              0.0861         0.0897        -0.0036  (VIOLATED)
       PIN :   u_NV_NVDLA_cmac/u_core/u_mac_2/pp_out_l0n05_0_d1_reg_35_/Q
                              0.0861         0.0897        -0.0036  (VIOLATED)
   u_NV_NVDLA_cmac/u_core/u_active/dat_pre_data[805]
                              0.0861         0.0896        -0.0036  (VIOLATED)
       PIN :   u_NV_NVDLA_cmac/u_core/u_active/dat_pre_data_reg_805_/Q
                              0.0861         0.0896        -0.0036  (VIOLATED)
   u_NV_NVDLA_cmac/u_core/dat4_actv_data[559]
                              0.0856         0.0891        -0.0036  (VIOLATED)
       PIN :   u_NV_NVDLA_cmac/u_core/u_active/dat_actv_data_reg4_reg_559_/Q
                              0.0856         0.0891        -0.0036  (VIOLATED)
   u_NV_NVDLA_cmac/u_core/u_mac_7/res_tag_b4_d1[18]
                              0.0856         0.0891        -0.0036  (VIOLATED)
       PIN :   u_NV_NVDLA_cmac/u_core/u_mac_7/res_tag_b4_d1_reg_18_/Q
                              0.0856         0.0891        -0.0036  (VIOLATED)
   u_NV_NVDLA_cmac/u_core/u_active/wt3_sd_nan[58]
                              0.0861         0.0896        -0.0036  (VIOLATED)
       PIN :   u_NV_NVDLA_cmac/u_core/u_active/wt3_sd_nan_reg_58_/Q
                              0.0861         0.0896        -0.0036  (VIOLATED)
   u_NV_NVDLA_cmac/u_core/u_mac_6/res_tag_b4_d1[39]
                              0.0856         0.0891        -0.0035  (VIOLATED)
       PIN :   u_NV_NVDLA_cmac/u_core/u_mac_6/res_tag_b4_d1_reg_39_/Q
                              0.0856         0.0891        -0.0035  (VIOLATED)
   u_NV_NVDLA_cmac/u_core/wt1_actv_data[832]
                              0.0861         0.0896        -0.0035  (VIOLATED)
       PIN :   u_NV_NVDLA_cmac/u_core/u_active/wt1_actv_data_reg_832_/Q
                              0.0861         0.0896        -0.0035  (VIOLATED)
   u_NV_NVDLA_cmac/u_core/u_active/wt_pre_exp[5]
                              0.0861         0.0896        -0.0035  (VIOLATED)
       PIN :   u_NV_NVDLA_cmac/u_core/u_active/wt_pre_exp_reg_5_/Q
                              0.0861         0.0896        -0.0035  (VIOLATED)
   u_NV_NVDLA_cmac/u_core/wt0_actv_data[721]
                              0.0861         0.0895        -0.0035  (VIOLATED)
       PIN :   u_NV_NVDLA_cmac/u_core/u_active/wt0_actv_data_reg_721_/Q
                              0.0861         0.0895        -0.0035  (VIOLATED)
   u_NV_NVDLA_cmac/u_core/wt2_actv_data[814]
                              0.0861         0.0895        -0.0035  (VIOLATED)
       PIN :   u_NV_NVDLA_cmac/u_core/u_active/wt2_actv_data_reg_814_/Q
                              0.0861         0.0895        -0.0035  (VIOLATED)
   u_NV_NVDLA_cmac/u_core/wt7_actv_data[703]
                              0.0856         0.0890        -0.0035  (VIOLATED)
       PIN :   u_NV_NVDLA_cmac/u_core/u_active/wt7_actv_data_reg_703_/Q
                              0.0856         0.0890        -0.0035  (VIOLATED)
   u_NV_NVDLA_cmac/u_core/u_active/wt_pre_data[471]
                              0.0861         0.0895        -0.0035  (VIOLATED)
       PIN :   u_NV_NVDLA_cmac/u_core/u_active/wt_pre_data_reg_471_/Q
                              0.0861         0.0895        -0.0035  (VIOLATED)
   u_NV_NVDLA_cmac/u_core/in_dat_data24[1]
                              0.0856         0.0890        -0.0035  (VIOLATED)
       PIN :   u_NV_NVDLA_cmac/u_core/u_rt_in/in_rt_dat_data_d1_reg_193_/Q
                              0.0856         0.0890        -0.0035  (VIOLATED)
   u_NV_NVDLA_cmac/u_core/wt6_actv_data[386]
                              0.0861         0.0895        -0.0034  (VIOLATED)
       PIN :   u_NV_NVDLA_cmac/u_core/u_active/wt6_actv_data_reg_386_/Q
                              0.0861         0.0895        -0.0034  (VIOLATED)
   u_NV_NVDLA_cmac/u_core/out_data6[79]
                              0.0861         0.0895        -0.0034  (VIOLATED)
       PIN :   u_NV_NVDLA_cmac/u_core/u_mac_6/mac_out_data_reg_79_/Q
                              0.0861         0.0895        -0.0034  (VIOLATED)
   u_NV_NVDLA_cmac/u_core/u_mac_1/res_tag_b6_d1[34]
                              0.0856         0.0890        -0.0034  (VIOLATED)
       PIN :   u_NV_NVDLA_cmac/u_core/u_mac_1/res_tag_b6_d1_reg_34_/Q
                              0.0856         0.0890        -0.0034  (VIOLATED)
   u_NV_NVDLA_cmac/u_core/wt3_actv_data[81]
                              0.0861         0.0895        -0.0034  (VIOLATED)
       PIN :   u_NV_NVDLA_cmac/u_core/u_active/wt3_actv_data_reg_81_/Q
                              0.0861         0.0895        -0.0034  (VIOLATED)
   u_NV_NVDLA_cmac/u_core/dat5_actv_data[1007]
                              0.0856         0.0890        -0.0034  (VIOLATED)
       PIN :   u_NV_NVDLA_cmac/u_core/u_active/dat_actv_data_reg5_reg_1007_/Q
                              0.0856         0.0890        -0.0034  (VIOLATED)
   u_NV_NVDLA_cmac/u_core/u_mac_1/u_exp/n4695
                              0.1070         0.1104        -0.0034  (VIOLATED)
       PIN :   u_NV_NVDLA_cmac/u_core/u_mac_1/u_exp/u_expmax_l1n0/U498/Y
                              0.1070         0.1104        -0.0034  (VIOLATED)
   u_NV_NVDLA_cmac/u_core/wt3_actv_data[137]
                              0.0861         0.0894        -0.0034  (VIOLATED)
       PIN :   u_NV_NVDLA_cmac/u_core/u_active/wt3_actv_data_reg_137_/Q
                              0.0861         0.0894        -0.0034  (VIOLATED)
   u_NV_NVDLA_cmac/u_core/dat6_pre_exp[185]
                              0.0856         0.0889        -0.0033  (VIOLATED)
       PIN :   u_NV_NVDLA_cmac/u_core/u_active/dat_pre_exp_reg6_reg_185_/Q
                              0.0856         0.0889        -0.0033  (VIOLATED)
   u_NV_NVDLA_cmac/u_core/u_active/wt_pre_data[6]
                              0.0856         0.0889        -0.0033  (VIOLATED)
       PIN :   u_NV_NVDLA_cmac/u_core/u_active/wt_pre_data_reg_6_/Q
                              0.0856         0.0889        -0.0033  (VIOLATED)
   u_NV_NVDLA_cmac/u_core/u_active/wt0_sd_nan[10]
                              0.0861         0.0894        -0.0033  (VIOLATED)
       PIN :   u_NV_NVDLA_cmac/u_core/u_active/wt0_sd_nan_reg_10_/Q
                              0.0861         0.0894        -0.0033  (VIOLATED)
   u_NV_NVDLA_cmac/u_core/u_mac_7/pp_out_l0n15_0_d1[35]
                              0.0861         0.0893        -0.0033  (VIOLATED)
       PIN :   u_NV_NVDLA_cmac/u_core/u_mac_7/pp_out_l0n15_0_d1_reg_35_/Q
                              0.0861         0.0893        -0.0033  (VIOLATED)
   u_NV_NVDLA_cmac/u_core/wt5_actv_data[1007]
                              0.0856         0.0888        -0.0033  (VIOLATED)
       PIN :   u_NV_NVDLA_cmac/u_core/u_active/wt5_actv_data_reg_1007_/Q
                              0.0856         0.0888        -0.0033  (VIOLATED)
   u_NV_NVDLA_cmac/u_core/u_mac_1/res_tag_b4_d1[15]
                              0.0856         0.0888        -0.0032  (VIOLATED)
       PIN :   u_NV_NVDLA_cmac/u_core/u_mac_1/res_tag_b4_d1_reg_15_/Q
                              0.0856         0.0888        -0.0032  (VIOLATED)
   u_NV_NVDLA_cmac/u_core/in_dat_data116[0]
                              0.0856         0.0888        -0.0032  (VIOLATED)
       PIN :   u_NV_NVDLA_cmac/u_core/u_rt_in/in_rt_dat_data_d1_reg_928_/Q
                              0.0856         0.0888        -0.0032  (VIOLATED)
   u_NV_NVDLA_cmac/u_core/u_mac_2/exp_sft_16[3]
                              0.0856         0.0888        -0.0032  (VIOLATED)
       PIN :   u_NV_NVDLA_cmac/u_core/u_mac_2/u_exp/exp_sft_16_reg_3_/Q
                              0.0856         0.0888        -0.0032  (VIOLATED)
   u_NV_NVDLA_cmac/u_core/wt6_actv_data[775]
                              0.0861         0.0893        -0.0032  (VIOLATED)
       PIN :   u_NV_NVDLA_cmac/u_core/u_active/wt6_actv_data_reg_775_/Q
                              0.0861         0.0893        -0.0032  (VIOLATED)
   u_NV_NVDLA_cmac/u_core/u_mac_6/exp_sft_44[1]
                              0.0861         0.0893        -0.0032  (VIOLATED)
       PIN :   u_NV_NVDLA_cmac/u_core/u_mac_6/u_exp/exp_sft_44_reg_1_/Q
                              0.0861         0.0893        -0.0032  (VIOLATED)
   u_NV_NVDLA_cmac/u_core/wt0_actv_data[195]
                              0.0861         0.0892        -0.0032  (VIOLATED)
       PIN :   u_NV_NVDLA_cmac/u_core/u_active/wt0_actv_data_reg_195_/Q
                              0.0861         0.0892        -0.0032  (VIOLATED)
   u_NV_NVDLA_cmac/u_core/u_active/wt_pre_nz[0]
                              0.0861         0.0892        -0.0031  (VIOLATED)
       PIN :   u_NV_NVDLA_cmac/u_core/u_active/wt_pre_nz_reg_0_/Q
                              0.0861         0.0892        -0.0031  (VIOLATED)
   u_NV_NVDLA_cmac/u_core/wt1_actv_data[139]
                              0.0856         0.0887        -0.0031  (VIOLATED)
       PIN :   u_NV_NVDLA_cmac/u_core/u_active/wt1_actv_data_reg_139_/Q
                              0.0856         0.0887        -0.0031  (VIOLATED)
   u_NV_NVDLA_cmac/u_core/wt3_actv_data[1023]
                              0.0861         0.0892        -0.0031  (VIOLATED)
       PIN :   u_NV_NVDLA_cmac/u_core/u_active/wt3_actv_data_reg_1023_/Q
                              0.0861         0.0892        -0.0031  (VIOLATED)
   u_NV_NVDLA_cmac/u_core/wt6_actv_data[110]
                              0.0861         0.0891        -0.0031  (VIOLATED)
       PIN :   u_NV_NVDLA_cmac/u_core/u_active/wt6_actv_data_reg_110_/Q
                              0.0861         0.0891        -0.0031  (VIOLATED)
   u_NV_NVDLA_cmac/u_core/u_active/dat_pre_data[500]
                              0.0856         0.0886        -0.0031  (VIOLATED)
       PIN :   u_NV_NVDLA_cmac/u_core/u_active/dat_pre_data_reg_500_/Q
                              0.0856         0.0886        -0.0031  (VIOLATED)
   u_NV_NVDLA_cmac/u_core/u_active/wt0_sd_nan[8]
                              0.0861         0.0891        -0.0031  (VIOLATED)
       PIN :   u_NV_NVDLA_cmac/u_core/u_active/wt0_sd_nan_reg_8_/Q
                              0.0861         0.0891        -0.0031  (VIOLATED)
   u_NV_NVDLA_cmac/u_core/u_active/wt_pre_data[300]
                              0.0861         0.0891        -0.0031  (VIOLATED)
       PIN :   u_NV_NVDLA_cmac/u_core/u_active/wt_pre_data_reg_300_/Q
                              0.0861         0.0891        -0.0031  (VIOLATED)
   u_NV_NVDLA_cmac/u_core/u_mac_7/res_tag_b3_d1[32]
                              0.0856         0.0886        -0.0030  (VIOLATED)
       PIN :   u_NV_NVDLA_cmac/u_core/u_mac_7/res_tag_b3_d1_reg_32_/Q
                              0.0856         0.0886        -0.0030  (VIOLATED)
   u_NV_NVDLA_cmac/u_core/dat5_actv_data[47]
                              0.0856         0.0886        -0.0030  (VIOLATED)
       PIN :   u_NV_NVDLA_cmac/u_core/u_active/dat_actv_data_reg5_reg_47_/Q
                              0.0856         0.0886        -0.0030  (VIOLATED)
   u_NV_NVDLA_cmac/u_core/wt2_actv_data[709]
                              0.0856         0.0886        -0.0030  (VIOLATED)
       PIN :   u_NV_NVDLA_cmac/u_core/u_active/wt2_actv_data_reg_709_/Q
                              0.0856         0.0886        -0.0030  (VIOLATED)
   u_NV_NVDLA_cmac/u_core/u_active/wt_pre_exp[94]
                              0.0861         0.0890        -0.0030  (VIOLATED)
       PIN :   u_NV_NVDLA_cmac/u_core/u_active/wt_pre_exp_reg_94_/Q
                              0.0861         0.0890        -0.0030  (VIOLATED)
   u_NV_NVDLA_cmac/u_core/u_active/dat_pre_data[659]
                              0.0861         0.0890        -0.0030  (VIOLATED)
       PIN :   u_NV_NVDLA_cmac/u_core/u_active/dat_pre_data_reg_659_/Q
                              0.0861         0.0890        -0.0030  (VIOLATED)
   u_NV_NVDLA_cmac/u_core/wt6_actv_data[779]
                              0.0861         0.0890        -0.0030  (VIOLATED)
       PIN :   u_NV_NVDLA_cmac/u_core/u_active/wt6_actv_data_reg_779_/Q
                              0.0861         0.0890        -0.0030  (VIOLATED)
   u_NV_NVDLA_cmac/u_core/u_mac_3/pp_out_l0n13_0_d1[1]
                              0.0856         0.0885        -0.0030  (VIOLATED)
       PIN :   u_NV_NVDLA_cmac/u_core/u_mac_3/pp_out_l0n13_0_d1_reg_1_/Q
                              0.0856         0.0885        -0.0030  (VIOLATED)
   u_NV_NVDLA_cmac/u_core/wt0_actv_data[997]
                              0.0861         0.0890        -0.0029  (VIOLATED)
       PIN :   u_NV_NVDLA_cmac/u_core/u_active/wt0_actv_data_reg_997_/Q
                              0.0861         0.0890        -0.0029  (VIOLATED)
   u_NV_NVDLA_cmac/u_core/u_active/wt_pre_mask[3]
                              0.0861         0.0890        -0.0029  (VIOLATED)
       PIN :   u_NV_NVDLA_cmac/u_core/u_active/wt_pre_mask_reg_3_/Q
                              0.0861         0.0890        -0.0029  (VIOLATED)
   u_NV_NVDLA_cmac/u_core/u_active/dat_pre_nz[38]
                              0.0861         0.0889        -0.0029  (VIOLATED)
       PIN :   u_NV_NVDLA_cmac/u_core/u_active/dat_pre_nz_reg_38_/Q
                              0.0861         0.0889        -0.0029  (VIOLATED)
   u_NV_NVDLA_cmac/u_core/u_mac_0/exp_max[1]
                              0.0856         0.0884        -0.0029  (VIOLATED)
       PIN :   u_NV_NVDLA_cmac/u_core/u_mac_0/u_exp/exp_max_l1_0_d1_reg_1_/Q
                              0.0856         0.0884        -0.0029  (VIOLATED)
   u_NV_NVDLA_cmac/u_core/u_active/wt_pre_data[995]
                              0.0861         0.0889        -0.0028  (VIOLATED)
       PIN :   u_NV_NVDLA_cmac/u_core/u_active/wt_pre_data_reg_995_/Q
                              0.0861         0.0889        -0.0028  (VIOLATED)
   u_NV_NVDLA_cmac/u_core/u_active/dat_pre_data[884]
                              0.0861         0.0889        -0.0028  (VIOLATED)
       PIN :   u_NV_NVDLA_cmac/u_core/u_active/dat_pre_data_reg_884_/Q
                              0.0861         0.0889        -0.0028  (VIOLATED)
   u_NV_NVDLA_cmac/u_core/wt3_actv_data[783]
                              0.0861         0.0889        -0.0028  (VIOLATED)
       PIN :   u_NV_NVDLA_cmac/u_core/u_active/wt3_actv_data_reg_783_/Q
                              0.0861         0.0889        -0.0028  (VIOLATED)
   u_NV_NVDLA_cmac/u_core/u_mac_4/res_tag_b1_d1[42]
                              0.0856         0.0884        -0.0028  (VIOLATED)
       PIN :   u_NV_NVDLA_cmac/u_core/u_mac_4/res_tag_b1_d1_reg_42_/Q
                              0.0856         0.0884        -0.0028  (VIOLATED)
   u_NV_NVDLA_cmac/u_core/wt3_actv_data[864]
                              0.0861         0.0889        -0.0028  (VIOLATED)
       PIN :   u_NV_NVDLA_cmac/u_core/u_active/wt3_actv_data_reg_864_/Q
                              0.0861         0.0889        -0.0028  (VIOLATED)
   u_NV_NVDLA_cmac/u_core/in_wt_data122[2]
                              0.0856         0.0884        -0.0028  (VIOLATED)
       PIN :   u_NV_NVDLA_cmac/u_core/u_rt_in/in_rt_wt_data_d1_reg_978_/Q
                              0.0856         0.0884        -0.0028  (VIOLATED)
   u_NV_NVDLA_cmac/u_core/dat6_actv_data[794]
                              0.0856         0.0884        -0.0028  (VIOLATED)
       PIN :   u_NV_NVDLA_cmac/u_core/u_active/dat_actv_data_reg6_reg_794_/Q
                              0.0856         0.0884        -0.0028  (VIOLATED)
   u_NV_NVDLA_cmac/u_core/u_mac_0/res_tag_b3_d1[42]
                              0.0856         0.0883        -0.0028  (VIOLATED)
       PIN :   u_NV_NVDLA_cmac/u_core/u_mac_0/res_tag_b3_d1_reg_42_/Q
                              0.0856         0.0883        -0.0028  (VIOLATED)
   u_NV_NVDLA_cmac/u_core/u_mac_2/exp_sft_33[1]
                              0.0861         0.0888        -0.0028  (VIOLATED)
       PIN :   u_NV_NVDLA_cmac/u_core/u_mac_2/u_exp/exp_sft_33_reg_1_/Q
                              0.0861         0.0888        -0.0028  (VIOLATED)
   u_NV_NVDLA_cmac/u_core/u_mac_2/res_tag_b4_d1[13]
                              0.0856         0.0883        -0.0028  (VIOLATED)
       PIN :   u_NV_NVDLA_cmac/u_core/u_mac_2/res_tag_b4_d1_reg_13_/Q
                              0.0856         0.0883        -0.0028  (VIOLATED)
   u_NV_NVDLA_cmac/u_core/dat6_actv_data[795]
                              0.0856         0.0883        -0.0027  (VIOLATED)
       PIN :   u_NV_NVDLA_cmac/u_core/u_active/dat_actv_data_reg6_reg_795_/Q
                              0.0856         0.0883        -0.0027  (VIOLATED)
   u_NV_NVDLA_cmac/u_core/u_active/wt_pre_exp[161]
                              0.0861         0.0888        -0.0027  (VIOLATED)
       PIN :   u_NV_NVDLA_cmac/u_core/u_active/wt_pre_exp_reg_161_/Q
                              0.0861         0.0888        -0.0027  (VIOLATED)
   u_NV_NVDLA_cmac/u_core/wt6_actv_data[98]
                              0.0861         0.0888        -0.0027  (VIOLATED)
       PIN :   u_NV_NVDLA_cmac/u_core/u_active/wt6_actv_data_reg_98_/Q
                              0.0861         0.0888        -0.0027  (VIOLATED)
   u_NV_NVDLA_cmac/u_core/u_mac_2/res_tag_b5_d1[28]
                              0.0856         0.0883        -0.0027  (VIOLATED)
       PIN :   u_NV_NVDLA_cmac/u_core/u_mac_2/res_tag_b5_d1_reg_28_/Q
                              0.0856         0.0883        -0.0027  (VIOLATED)
   u_NV_NVDLA_cmac/u_core/u_active/dat_pre_data[810]
                              0.0856         0.0883        -0.0027  (VIOLATED)
       PIN :   u_NV_NVDLA_cmac/u_core/u_active/dat_pre_data_reg_810_/Q
                              0.0856         0.0883        -0.0027  (VIOLATED)
   u_NV_NVDLA_cmac/u_core/u_mac_5/res_tag_b4_d1[19]
                              0.0856         0.0883        -0.0027  (VIOLATED)
       PIN :   u_NV_NVDLA_cmac/u_core/u_mac_5/res_tag_b4_d1_reg_19_/Q
                              0.0856         0.0883        -0.0027  (VIOLATED)
   u_NV_NVDLA_cmac/u_core/dat5_actv_data[380]
                              0.0856         0.0883        -0.0027  (VIOLATED)
       PIN :   u_NV_NVDLA_cmac/u_core/u_active/dat_actv_data_reg5_reg_380_/Q
                              0.0856         0.0883        -0.0027  (VIOLATED)
   u_NV_NVDLA_cmac/u_core/wt2_actv_data[551]
                              0.0856         0.0882        -0.0027  (VIOLATED)
       PIN :   u_NV_NVDLA_cmac/u_core/u_active/wt2_actv_data_reg_551_/Q
                              0.0856         0.0882        -0.0027  (VIOLATED)
   u_NV_NVDLA_cmac/u_core/u_mac_7/pp_out_l0n15_0_d1[34]
                              0.0861         0.0887        -0.0027  (VIOLATED)
       PIN :   u_NV_NVDLA_cmac/u_core/u_mac_7/pp_out_l0n15_0_d1_reg_34_/Q
                              0.0861         0.0887        -0.0027  (VIOLATED)
   u_NV_NVDLA_cmac/u_core/u_active/dat_pre_data[800]
                              0.0861         0.0887        -0.0027  (VIOLATED)
       PIN :   u_NV_NVDLA_cmac/u_core/u_active/dat_pre_data_reg_800_/Q
                              0.0861         0.0887        -0.0027  (VIOLATED)
   u_NV_NVDLA_cmac/u_core/in_wt_data82[1]
                              0.0856         0.0882        -0.0027  (VIOLATED)
       PIN :   u_NV_NVDLA_cmac/u_core/u_rt_in/in_rt_wt_data_d1_reg_657_/Q
                              0.0856         0.0882        -0.0027  (VIOLATED)
   u_NV_NVDLA_cmac/u_core/u_active/wt_pre_exp[6]
                              0.0861         0.0887        -0.0026  (VIOLATED)
       PIN :   u_NV_NVDLA_cmac/u_core/u_active/wt_pre_exp_reg_6_/Q
                              0.0861         0.0887        -0.0026  (VIOLATED)
   u_NV_NVDLA_cmac/u_core/u_active/dat_pre_data[745]
                              0.0856         0.0882        -0.0026  (VIOLATED)
       PIN :   u_NV_NVDLA_cmac/u_core/u_active/dat_pre_data_reg_745_/Q
                              0.0856         0.0882        -0.0026  (VIOLATED)
   u_NV_NVDLA_cmac/u_core/out_data6[119]
                              0.0861         0.0887        -0.0026  (VIOLATED)
       PIN :   u_NV_NVDLA_cmac/u_core/u_mac_6/mac_out_data_reg_119_/Q
                              0.0861         0.0887        -0.0026  (VIOLATED)
   u_NV_NVDLA_cmac/u_core/dat4_actv_data[527]
                              0.0856         0.0882        -0.0026  (VIOLATED)
       PIN :   u_NV_NVDLA_cmac/u_core/u_active/dat_actv_data_reg4_reg_527_/Q
                              0.0856         0.0882        -0.0026  (VIOLATED)
   u_NV_NVDLA_cmac/u_core/wt5_actv_data[690]
                              0.0861         0.0886        -0.0026  (VIOLATED)
       PIN :   u_NV_NVDLA_cmac/u_core/u_active/wt5_actv_data_reg_690_/Q
                              0.0861         0.0886        -0.0026  (VIOLATED)
   u_NV_NVDLA_cmac/u_core/u_mac_3/exp_sft_23[3]
                              0.0861         0.0886        -0.0026  (VIOLATED)
       PIN :   u_NV_NVDLA_cmac/u_core/u_mac_3/u_exp/exp_sft_23_reg_3_/Q
                              0.0861         0.0886        -0.0026  (VIOLATED)
   u_NV_NVDLA_cmac/u_core/dat1_actv_data[1002]
                              0.0856         0.0881        -0.0026  (VIOLATED)
       PIN :   u_NV_NVDLA_cmac/u_core/u_active/dat_actv_data_reg1_reg_1002_/Q
                              0.0856         0.0881        -0.0026  (VIOLATED)
   u_NV_NVDLA_cmac/u_core/u_mac_0/res_tag_b5_d1[39]
                              0.0856         0.0881        -0.0026  (VIOLATED)
       PIN :   u_NV_NVDLA_cmac/u_core/u_mac_0/res_tag_b5_d1_reg_39_/Q
                              0.0856         0.0881        -0.0026  (VIOLATED)
   u_NV_NVDLA_cmac/u_core/u_active/wt_pre_data[503]
                              0.0856         0.0881        -0.0026  (VIOLATED)
       PIN :   u_NV_NVDLA_cmac/u_core/u_active/wt_pre_data_reg_503_/Q
                              0.0856         0.0881        -0.0026  (VIOLATED)
   u_NV_NVDLA_cmac/u_core/u_active/wt_pre_data[498]
                              0.0856         0.0881        -0.0025  (VIOLATED)
       PIN :   u_NV_NVDLA_cmac/u_core/u_active/wt_pre_data_reg_498_/Q
                              0.0856         0.0881        -0.0025  (VIOLATED)
   u_NV_NVDLA_cmac/u_core/u_active/dat_pre_data[948]
                              0.0861         0.0885        -0.0025  (VIOLATED)
       PIN :   u_NV_NVDLA_cmac/u_core/u_active/dat_pre_data_reg_948_/Q
                              0.0861         0.0885        -0.0025  (VIOLATED)
   u_NV_NVDLA_cmac/u_core/u_mac_7/res_tag_b4_d1[28]
                              0.0856         0.0880        -0.0025  (VIOLATED)
       PIN :   u_NV_NVDLA_cmac/u_core/u_mac_7/res_tag_b4_d1_reg_28_/Q
                              0.0856         0.0880        -0.0025  (VIOLATED)
   u_NV_NVDLA_cmac/u_core/u_active/wt_pre_exp[95]
                              0.0861         0.0885        -0.0025  (VIOLATED)
       PIN :   u_NV_NVDLA_cmac/u_core/u_active/wt_pre_exp_reg_95_/Q
                              0.0861         0.0885        -0.0025  (VIOLATED)
   u_NV_NVDLA_cmac/u_core/wt7_actv_data[341]
                              0.0856         0.0880        -0.0025  (VIOLATED)
       PIN :   u_NV_NVDLA_cmac/u_core/u_active/wt7_actv_data_reg_341_/Q
                              0.0856         0.0880        -0.0025  (VIOLATED)
   u_NV_NVDLA_cmac/u_core/wt0_actv_data[845]
                              0.0861         0.0885        -0.0025  (VIOLATED)
       PIN :   u_NV_NVDLA_cmac/u_core/u_active/wt0_actv_data_reg_845_/Q
                              0.0861         0.0885        -0.0025  (VIOLATED)
   u_NV_NVDLA_cmac/u_core/wt6_actv_data[171]
                              0.0856         0.0880        -0.0025  (VIOLATED)
       PIN :   u_NV_NVDLA_cmac/u_core/u_active/wt6_actv_data_reg_171_/Q
                              0.0856         0.0880        -0.0025  (VIOLATED)
   u_NV_NVDLA_cmac/u_core/u_mac_3/res_tag_b4_d1[61]
                              0.0856         0.0880        -0.0025  (VIOLATED)
       PIN :   u_NV_NVDLA_cmac/u_core/u_mac_3/res_tag_b4_d1_reg_61_/Q
                              0.0856         0.0880        -0.0025  (VIOLATED)
   u_NV_NVDLA_cmac/u_core/dat2_actv_data[15]
                              0.0856         0.0880        -0.0024  (VIOLATED)
       PIN :   u_NV_NVDLA_cmac/u_core/u_active/dat_actv_data_reg2_reg_15_/Q
                              0.0856         0.0880        -0.0024  (VIOLATED)
   u_NV_NVDLA_cmac/u_core/u_active/wt1_sd_nan[8]
                              0.0861         0.0885        -0.0024  (VIOLATED)
       PIN :   u_NV_NVDLA_cmac/u_core/u_active/wt1_sd_nan_reg_8_/Q
                              0.0861         0.0885        -0.0024  (VIOLATED)
   u_NV_NVDLA_cmac/u_core/u_active/wt_pre_data[992]
                              0.0861         0.0885        -0.0024  (VIOLATED)
       PIN :   u_NV_NVDLA_cmac/u_core/u_active/wt_pre_data_reg_992_/Q
                              0.0861         0.0885        -0.0024  (VIOLATED)
   u_NV_NVDLA_cmac/u_core/u_active/wt_pre_data[430]
                              0.0861         0.0885        -0.0024  (VIOLATED)
       PIN :   u_NV_NVDLA_cmac/u_core/u_active/wt_pre_data_reg_430_/Q
                              0.0861         0.0885        -0.0024  (VIOLATED)
   u_NV_NVDLA_cmac/u_core/u_active/dat_pre_data[112]
                              0.0861         0.0885        -0.0024  (VIOLATED)
       PIN :   u_NV_NVDLA_cmac/u_core/u_active/dat_pre_data_reg_112_/Q
                              0.0861         0.0885        -0.0024  (VIOLATED)
   u_NV_NVDLA_cmac/u_core/wt3_actv_data[432]
                              0.0861         0.0885        -0.0024  (VIOLATED)
       PIN :   u_NV_NVDLA_cmac/u_core/u_active/wt3_actv_data_reg_432_/Q
                              0.0861         0.0885        -0.0024  (VIOLATED)
   u_NV_NVDLA_cmac/u_core/u_active/wt5_sd_data[376]
                              0.0861         0.0885        -0.0024  (VIOLATED)
       PIN :   u_NV_NVDLA_cmac/u_core/u_active/wt5_sd_data_reg_376_/Q
                              0.0861         0.0885        -0.0024  (VIOLATED)
   u_NV_NVDLA_cmac/u_core/dat2_actv_data[938]
                              0.0856         0.0880        -0.0024  (VIOLATED)
       PIN :   u_NV_NVDLA_cmac/u_core/u_active/dat_actv_data_reg2_reg_938_/Q
                              0.0856         0.0880        -0.0024  (VIOLATED)
   u_NV_NVDLA_cmac/u_core/u_active/wt_pre_data[996]
                              0.0861         0.0884        -0.0024  (VIOLATED)
       PIN :   u_NV_NVDLA_cmac/u_core/u_active/wt_pre_data_reg_996_/Q
                              0.0861         0.0884        -0.0024  (VIOLATED)
   u_NV_NVDLA_cmac/u_core/u_mac_1/res_tag_b6_d1[39]
                              0.0856         0.0880        -0.0024  (VIOLATED)
       PIN :   u_NV_NVDLA_cmac/u_core/u_mac_1/res_tag_b6_d1_reg_39_/Q
                              0.0856         0.0880        -0.0024  (VIOLATED)
   u_NV_NVDLA_cmac/u_core/wt6_actv_data[799]
                              0.0861         0.0884        -0.0024  (VIOLATED)
       PIN :   u_NV_NVDLA_cmac/u_core/u_active/wt6_actv_data_reg_799_/Q
                              0.0861         0.0884        -0.0024  (VIOLATED)
   u_NV_NVDLA_cmac/u_core/wt1_actv_data[555]
                              0.0856         0.0879        -0.0024  (VIOLATED)
       PIN :   u_NV_NVDLA_cmac/u_core/u_active/wt1_actv_data_reg_555_/Q
                              0.0856         0.0879        -0.0024  (VIOLATED)
   u_NV_NVDLA_cmac/u_core/wt6_actv_data[623]
                              0.0861         0.0884        -0.0024  (VIOLATED)
       PIN :   u_NV_NVDLA_cmac/u_core/u_active/wt6_actv_data_reg_623_/Q
                              0.0861         0.0884        -0.0024  (VIOLATED)
   u_NV_NVDLA_cmac/u_core/wt0_actv_data[521]
                              0.0856         0.0879        -0.0024  (VIOLATED)
       PIN :   u_NV_NVDLA_cmac/u_core/u_active/wt0_actv_data_reg_521_/Q
                              0.0856         0.0879        -0.0024  (VIOLATED)
   u_NV_NVDLA_cmac/u_core/u_mac_4/exp_sft_35[1]
                              0.0856         0.0879        -0.0024  (VIOLATED)
       PIN :   u_NV_NVDLA_cmac/u_core/u_mac_4/u_exp/exp_sft_35_reg_1_/Q
                              0.0856         0.0879        -0.0024  (VIOLATED)
   u_NV_NVDLA_cmac/u_core/wt3_actv_data[850]
                              0.0861         0.0884        -0.0023  (VIOLATED)
       PIN :   u_NV_NVDLA_cmac/u_core/u_active/wt3_actv_data_reg_850_/Q
                              0.0861         0.0884        -0.0023  (VIOLATED)
   u_NV_NVDLA_cmac/u_core/wt6_actv_data[193]
                              0.0856         0.0879        -0.0023  (VIOLATED)
       PIN :   u_NV_NVDLA_cmac/u_core/u_active/wt6_actv_data_reg_193_/Q
                              0.0856         0.0879        -0.0023  (VIOLATED)
   u_NV_NVDLA_cmac/u_core/dat5_actv_data[361]
                              0.0856         0.0879        -0.0023  (VIOLATED)
       PIN :   u_NV_NVDLA_cmac/u_core/u_active/dat_actv_data_reg5_reg_361_/Q
                              0.0856         0.0879        -0.0023  (VIOLATED)
   u_NV_NVDLA_cmac/u_core/wt7_actv_data[873]
                              0.0861         0.0884        -0.0023  (VIOLATED)
       PIN :   u_NV_NVDLA_cmac/u_core/u_active/wt7_actv_data_reg_873_/Q
                              0.0861         0.0884        -0.0023  (VIOLATED)
   u_NV_NVDLA_cmac/u_core/u_mac_2/exp_sft_55[0]
                              0.0856         0.0879        -0.0023  (VIOLATED)
       PIN :   u_NV_NVDLA_cmac/u_core/u_mac_2/u_exp/exp_sft_55_reg_0_/Q
                              0.0856         0.0879        -0.0023  (VIOLATED)
   u_NV_NVDLA_cmac/u_core/u_mac_7/res_tag_b2_d1[27]
                              0.0856         0.0879        -0.0023  (VIOLATED)
       PIN :   u_NV_NVDLA_cmac/u_core/u_mac_7/res_tag_b2_d1_reg_27_/Q
                              0.0856         0.0879        -0.0023  (VIOLATED)
   u_NV_NVDLA_cmac/u_core/u_mac_1/res_tag_b6_d1[33]
                              0.0856         0.0879        -0.0023  (VIOLATED)
       PIN :   u_NV_NVDLA_cmac/u_core/u_mac_1/res_tag_b6_d1_reg_33_/Q
                              0.0856         0.0879        -0.0023  (VIOLATED)
   u_NV_NVDLA_cmac/u_core/u_mac_0/res_tag_b7_d1[35]
                              0.0856         0.0879        -0.0023  (VIOLATED)
       PIN :   u_NV_NVDLA_cmac/u_core/u_mac_0/res_tag_b7_d1_reg_35_/Q
                              0.0856         0.0879        -0.0023  (VIOLATED)
   u_NV_NVDLA_cmac/u_core/wt5_actv_data[831]
                              0.0861         0.0883        -0.0023  (VIOLATED)
       PIN :   u_NV_NVDLA_cmac/u_core/u_active/wt5_actv_data_reg_831_/Q
                              0.0861         0.0883        -0.0023  (VIOLATED)
   u_NV_NVDLA_cmac/u_core/u_mac_6/res_tag_b4_d1[38]
                              0.0856         0.0878        -0.0023  (VIOLATED)
       PIN :   u_NV_NVDLA_cmac/u_core/u_mac_6/res_tag_b4_d1_reg_38_/Q
                              0.0856         0.0878        -0.0023  (VIOLATED)
   u_NV_NVDLA_cmac/u_core/u_mac_7/exp_sft_13[0]
                              0.0861         0.0883        -0.0022  (VIOLATED)
       PIN :   u_NV_NVDLA_cmac/u_core/u_mac_7/u_exp/exp_sft_13_reg_0_/Q
                              0.0861         0.0883        -0.0022  (VIOLATED)
   u_NV_NVDLA_cmac/u_core/wt4_actv_data[884]
                              0.0856         0.0878        -0.0022  (VIOLATED)
       PIN :   u_NV_NVDLA_cmac/u_core/u_active/wt4_actv_data_reg_884_/Q
                              0.0856         0.0878        -0.0022  (VIOLATED)
   u_NV_NVDLA_cmac/u_core/wt0_actv_data[639]
                              0.0861         0.0883        -0.0022  (VIOLATED)
       PIN :   u_NV_NVDLA_cmac/u_core/u_active/wt0_actv_data_reg_639_/Q
                              0.0861         0.0883        -0.0022  (VIOLATED)
   u_NV_NVDLA_cmac/u_core/u_active/wt_pre_mask[2]
                              0.0861         0.0883        -0.0022  (VIOLATED)
       PIN :   u_NV_NVDLA_cmac/u_core/u_active/wt_pre_mask_reg_2_/Q
                              0.0861         0.0883        -0.0022  (VIOLATED)
   u_NV_NVDLA_cmac/u_core/wt7_actv_data[1018]
                              0.0856         0.0878        -0.0022  (VIOLATED)
       PIN :   u_NV_NVDLA_cmac/u_core/u_active/wt7_actv_data_reg_1018_/Q
                              0.0856         0.0878        -0.0022  (VIOLATED)
   u_NV_NVDLA_cmac/u_core/wt3_actv_data[911]
                              0.0861         0.0883        -0.0022  (VIOLATED)
       PIN :   u_NV_NVDLA_cmac/u_core/u_active/wt3_actv_data_reg_911_/Q
                              0.0861         0.0883        -0.0022  (VIOLATED)
   u_NV_NVDLA_cmac/u_core/wt4_actv_data[103]
                              0.0856         0.0878        -0.0022  (VIOLATED)
       PIN :   u_NV_NVDLA_cmac/u_core/u_active/wt4_actv_data_reg_103_/Q
                              0.0856         0.0878        -0.0022  (VIOLATED)
   u_NV_NVDLA_cmac/u_core/in_dat_data122[7]
                              0.0856         0.0877        -0.0022  (VIOLATED)
       PIN :   u_NV_NVDLA_cmac/u_core/u_rt_in/in_rt_dat_data_d1_reg_983_/Q
                              0.0856         0.0877        -0.0022  (VIOLATED)
   u_NV_NVDLA_cmac/u_core/wt2_actv_data[49]
                              0.0856         0.0877        -0.0022  (VIOLATED)
       PIN :   u_NV_NVDLA_cmac/u_core/u_active/wt2_actv_data_reg_49_/Q
                              0.0856         0.0877        -0.0022  (VIOLATED)
   u_NV_NVDLA_cmac/u_core/wt3_actv_nan[44]
                              0.0856         0.0877        -0.0021  (VIOLATED)
       PIN :   u_NV_NVDLA_cmac/u_core/u_active/wt3_actv_nan_reg_44_/Q
                              0.0856         0.0877        -0.0021  (VIOLATED)
   u_NV_NVDLA_cmac/u_core/u_mac_6/res_tag_b1_d1[48]
                              0.0856         0.0877        -0.0021  (VIOLATED)
       PIN :   u_NV_NVDLA_cmac/u_core/u_mac_6/res_tag_b1_d1_reg_48_/Q
                              0.0856         0.0877        -0.0021  (VIOLATED)
   u_NV_NVDLA_cmac/u_core/wt5_actv_data[208]
                              0.0856         0.0877        -0.0021  (VIOLATED)
       PIN :   u_NV_NVDLA_cmac/u_core/u_active/wt5_actv_data_reg_208_/Q
                              0.0856         0.0877        -0.0021  (VIOLATED)
   u_NV_NVDLA_cmac/u_core/wt3_actv_data[581]
                              0.0861         0.0882        -0.0021  (VIOLATED)
       PIN :   u_NV_NVDLA_cmac/u_core/u_active/wt3_actv_data_reg_581_/Q
                              0.0861         0.0882        -0.0021  (VIOLATED)
   u_NV_NVDLA_cmac/u_core/u_mac_4/exp_sft_26[3]
                              0.0861         0.0882        -0.0021  (VIOLATED)
       PIN :   u_NV_NVDLA_cmac/u_core/u_mac_4/u_exp/exp_sft_26_reg_3_/Q
                              0.0861         0.0882        -0.0021  (VIOLATED)
   u_NV_NVDLA_cmac/u_core/u_mac_4/exp_sft_31[0]
                              0.0861         0.0882        -0.0021  (VIOLATED)
       PIN :   u_NV_NVDLA_cmac/u_core/u_mac_4/u_exp/exp_sft_31_reg_0_/Q
                              0.0861         0.0882        -0.0021  (VIOLATED)
   u_NV_NVDLA_cmac/u_core/u_mac_2/exp_sft_48[0]
                              0.0861         0.0882        -0.0021  (VIOLATED)
       PIN :   u_NV_NVDLA_cmac/u_core/u_mac_2/u_exp/exp_sft_48_reg_0_/Q
                              0.0861         0.0882        -0.0021  (VIOLATED)
   u_NV_NVDLA_cmac/u_core/dat2_actv_data[761]
                              0.0856         0.0877        -0.0021  (VIOLATED)
       PIN :   u_NV_NVDLA_cmac/u_core/u_active/dat_actv_data_reg2_reg_761_/Q
                              0.0856         0.0877        -0.0021  (VIOLATED)
   u_NV_NVDLA_cmac/u_core/wt3_actv_data[231]
                              0.0861         0.0882        -0.0021  (VIOLATED)
       PIN :   u_NV_NVDLA_cmac/u_core/u_active/wt3_actv_data_reg_231_/Q
                              0.0861         0.0882        -0.0021  (VIOLATED)
   u_NV_NVDLA_cmac/u_core/u_active/dat_pre_nan[25]
                              0.0856         0.0877        -0.0021  (VIOLATED)
       PIN :   u_NV_NVDLA_cmac/u_core/u_active/dat_pre_nan_reg_25_/Q
                              0.0856         0.0877        -0.0021  (VIOLATED)
   u_NV_NVDLA_cmac/u_core/u_active/wt0_sd_nz[77]
                              0.0856         0.0877        -0.0021  (VIOLATED)
       PIN :   u_NV_NVDLA_cmac/u_core/u_active/wt0_sd_nz_reg_77_/Q
                              0.0856         0.0877        -0.0021  (VIOLATED)
   u_NV_NVDLA_cmac/u_core/dat4_actv_data[751]
                              0.0856         0.0876        -0.0021  (VIOLATED)
       PIN :   u_NV_NVDLA_cmac/u_core/u_active/dat_actv_data_reg4_reg_751_/Q
                              0.0856         0.0876        -0.0021  (VIOLATED)
   u_NV_NVDLA_cmac/u_core/in_dat_data126[6]
                              0.0856         0.0876        -0.0021  (VIOLATED)
       PIN :   u_NV_NVDLA_cmac/u_core/u_rt_in/in_rt_dat_data_d1_reg_1014_/Q
                              0.0856         0.0876        -0.0021  (VIOLATED)
   u_NV_NVDLA_cmac/u_core/out_data6[116]
                              0.0861         0.0881        -0.0021  (VIOLATED)
       PIN :   u_NV_NVDLA_cmac/u_core/u_mac_6/mac_out_data_reg_116_/Q
                              0.0861         0.0881        -0.0021  (VIOLATED)
   u_NV_NVDLA_cmac/u_core/dat2_actv_data[43]
                              0.0856         0.0876        -0.0021  (VIOLATED)
       PIN :   u_NV_NVDLA_cmac/u_core/u_active/dat_actv_data_reg2_reg_43_/Q
                              0.0856         0.0876        -0.0021  (VIOLATED)
   u_NV_NVDLA_cmac/u_core/u_active/wt_pre_data[730]
                              0.0856         0.0876        -0.0020  (VIOLATED)
       PIN :   u_NV_NVDLA_cmac/u_core/u_active/wt_pre_data_reg_730_/Q
                              0.0856         0.0876        -0.0020  (VIOLATED)
   u_NV_NVDLA_cmac/u_core/wt0_actv_data[519]
                              0.0856         0.0876        -0.0020  (VIOLATED)
       PIN :   u_NV_NVDLA_cmac/u_core/u_active/wt0_actv_data_reg_519_/Q
                              0.0856         0.0876        -0.0020  (VIOLATED)
   u_NV_NVDLA_cmac/u_core/wt5_actv_data[997]
                              0.0856         0.0876        -0.0020  (VIOLATED)
       PIN :   u_NV_NVDLA_cmac/u_core/u_active/wt5_actv_data_reg_997_/Q
                              0.0856         0.0876        -0.0020  (VIOLATED)
   u_NV_NVDLA_cmac/u_core/u_mac_4/res_tag_b1_d1[39]
                              0.0856         0.0876        -0.0020  (VIOLATED)
       PIN :   u_NV_NVDLA_cmac/u_core/u_mac_4/res_tag_b1_d1_reg_39_/Q
                              0.0856         0.0876        -0.0020  (VIOLATED)
   u_NV_NVDLA_cmac/u_core/wt0_actv_data[174]
                              0.0861         0.0881        -0.0020  (VIOLATED)
       PIN :   u_NV_NVDLA_cmac/u_core/u_active/wt0_actv_data_reg_174_/Q
                              0.0861         0.0881        -0.0020  (VIOLATED)
   u_NV_NVDLA_cmac/u_core/dat6_actv_data[906]
                              0.0856         0.0876        -0.0020  (VIOLATED)
       PIN :   u_NV_NVDLA_cmac/u_core/u_active/dat_actv_data_reg6_reg_906_/Q
                              0.0856         0.0876        -0.0020  (VIOLATED)
   u_NV_NVDLA_cmac/u_core/u_active/dat_pre_data[836]
                              0.0861         0.0881        -0.0020  (VIOLATED)
       PIN :   u_NV_NVDLA_cmac/u_core/u_active/dat_pre_data_reg_836_/Q
                              0.0861         0.0881        -0.0020  (VIOLATED)
   u_NV_NVDLA_cmac/u_core/u_mac_7/res_tag_b6_d1[18]
                              0.0856         0.0876        -0.0020  (VIOLATED)
       PIN :   u_NV_NVDLA_cmac/u_core/u_mac_7/res_tag_b6_d1_reg_18_/Q
                              0.0856         0.0876        -0.0020  (VIOLATED)
   u_NV_NVDLA_cmac/u_core/wt5_actv_data[285]
                              0.0856         0.0876        -0.0020  (VIOLATED)
       PIN :   u_NV_NVDLA_cmac/u_core/u_active/wt5_actv_data_reg_285_/Q
                              0.0856         0.0876        -0.0020  (VIOLATED)
   u_NV_NVDLA_cmac/u_core/u_active/wt_pre_data[104]
                              0.0861         0.0880        -0.0020  (VIOLATED)
       PIN :   u_NV_NVDLA_cmac/u_core/u_active/wt_pre_data_reg_104_/Q
                              0.0861         0.0880        -0.0020  (VIOLATED)
   u_NV_NVDLA_cmac/u_core/u_mac_1/exp_sft_43[0]
                              0.0856         0.0875        -0.0020  (VIOLATED)
       PIN :   u_NV_NVDLA_cmac/u_core/u_mac_1/u_exp/exp_sft_43_reg_0_/Q
                              0.0856         0.0875        -0.0020  (VIOLATED)
   u_NV_NVDLA_cmac/u_core/u_active/wt6_sd_nz[14]
                              0.0856         0.0875        -0.0020  (VIOLATED)
       PIN :   u_NV_NVDLA_cmac/u_core/u_active/wt6_sd_nz_reg_14_/Q
                              0.0856         0.0875        -0.0020  (VIOLATED)
   u_NV_NVDLA_cmac/u_core/u_mac_7/res_tag_b2_d1[39]
                              0.0856         0.0875        -0.0020  (VIOLATED)
       PIN :   u_NV_NVDLA_cmac/u_core/u_mac_7/res_tag_b2_d1_reg_39_/Q
                              0.0856         0.0875        -0.0020  (VIOLATED)
   u_NV_NVDLA_cmac/u_core/u_mac_2/pp_out_l2n4_1_d2[23]
                              0.0856         0.0875        -0.0020  (VIOLATED)
       PIN :   u_NV_NVDLA_cmac/u_core/u_mac_2/pp_out_l2n4_1_d2_reg_23_/Q
                              0.0856         0.0875        -0.0020  (VIOLATED)
   u_NV_NVDLA_cmac/u_core/dat4_actv_data[1017]
                              0.0856         0.0875        -0.0020  (VIOLATED)
       PIN :   u_NV_NVDLA_cmac/u_core/u_active/dat_actv_data_reg4_reg_1017_/Q
                              0.0856         0.0875        -0.0020  (VIOLATED)
   u_NV_NVDLA_cmac/u_core/wt2_actv_data[142]
                              0.0861         0.0880        -0.0019  (VIOLATED)
       PIN :   u_NV_NVDLA_cmac/u_core/u_active/wt2_actv_data_reg_142_/Q
                              0.0861         0.0880        -0.0019  (VIOLATED)
   u_NV_NVDLA_cmac/u_core/u_mac_1/res_tag_b3_d1[14]
                              0.0856         0.0875        -0.0019  (VIOLATED)
       PIN :   u_NV_NVDLA_cmac/u_core/u_mac_1/res_tag_b3_d1_reg_14_/Q
                              0.0856         0.0875        -0.0019  (VIOLATED)
   u_NV_NVDLA_cmac/u_core/dat7_actv_data[798]
                              0.0856         0.0875        -0.0019  (VIOLATED)
       PIN :   u_NV_NVDLA_cmac/u_core/u_active/dat_actv_data_reg7_reg_798_/Q
                              0.0856         0.0875        -0.0019  (VIOLATED)
   u_NV_NVDLA_cmac/u_core/u_active/dat_pre_data[642]
                              0.0861         0.0880        -0.0019  (VIOLATED)
       PIN :   u_NV_NVDLA_cmac/u_core/u_active/dat_pre_data_reg_642_/Q
                              0.0861         0.0880        -0.0019  (VIOLATED)
   u_NV_NVDLA_cmac/u_core/wt3_actv_data[704]
                              0.0861         0.0880        -0.0019  (VIOLATED)
       PIN :   u_NV_NVDLA_cmac/u_core/u_active/wt3_actv_data_reg_704_/Q
                              0.0861         0.0880        -0.0019  (VIOLATED)
   u_NV_NVDLA_cmac/u_core/u_active/dat_pre_data[404]
                              0.0856         0.0875        -0.0019  (VIOLATED)
       PIN :   u_NV_NVDLA_cmac/u_core/u_active/dat_pre_data_reg_404_/Q
                              0.0856         0.0875        -0.0019  (VIOLATED)
   u_NV_NVDLA_cmac/u_core/u_mac_1/pp_out_l0n06_1_d1[16]
                              0.0856         0.0875        -0.0019  (VIOLATED)
       PIN :   u_NV_NVDLA_cmac/u_core/u_mac_1/pp_out_l0n06_1_d1_reg_16_/Q
                              0.0856         0.0875        -0.0019  (VIOLATED)
   u_NV_NVDLA_cmac/u_core/wt0_actv_data[336]
                              0.0861         0.0879        -0.0019  (VIOLATED)
       PIN :   u_NV_NVDLA_cmac/u_core/u_active/wt0_actv_data_reg_336_/Q
                              0.0861         0.0879        -0.0019  (VIOLATED)
   u_NV_NVDLA_cmac/u_core/wt2_actv_data[548]
                              0.0856         0.0874        -0.0019  (VIOLATED)
       PIN :   u_NV_NVDLA_cmac/u_core/u_active/wt2_actv_data_reg_548_/Q
                              0.0856         0.0874        -0.0019  (VIOLATED)
   u_NV_NVDLA_cmac/u_core/dat7_actv_data[219]
                              0.0856         0.0874        -0.0019  (VIOLATED)
       PIN :   u_NV_NVDLA_cmac/u_core/u_active/dat_actv_data_reg7_reg_219_/Q
                              0.0856         0.0874        -0.0019  (VIOLATED)
   u_NV_NVDLA_cmac/u_core/wt2_actv_data[137]
                              0.0861         0.0879        -0.0019  (VIOLATED)
       PIN :   u_NV_NVDLA_cmac/u_core/u_active/wt2_actv_data_reg_137_/Q
                              0.0861         0.0879        -0.0019  (VIOLATED)
   u_NV_NVDLA_cmac/u_core/wt2_actv_data[877]
                              0.0856         0.0874        -0.0019  (VIOLATED)
       PIN :   u_NV_NVDLA_cmac/u_core/u_active/wt2_actv_data_reg_877_/Q
                              0.0856         0.0874        -0.0019  (VIOLATED)
   u_NV_NVDLA_cmac/u_core/out_data6[120]
                              0.0861         0.0879        -0.0019  (VIOLATED)
       PIN :   u_NV_NVDLA_cmac/u_core/u_mac_6/mac_out_data_reg_120_/Q
                              0.0861         0.0879        -0.0019  (VIOLATED)
   u_NV_NVDLA_cmac/u_core/wt4_actv_data[592]
                              0.0856         0.0874        -0.0019  (VIOLATED)
       PIN :   u_NV_NVDLA_cmac/u_core/u_active/wt4_actv_data_reg_592_/Q
                              0.0856         0.0874        -0.0019  (VIOLATED)
   u_NV_NVDLA_cmac/u_core/dat5_actv_data[348]
                              0.0856         0.0874        -0.0019  (VIOLATED)
       PIN :   u_NV_NVDLA_cmac/u_core/u_active/dat_actv_data_reg5_reg_348_/Q
                              0.0856         0.0874        -0.0019  (VIOLATED)
   u_NV_NVDLA_cmac/u_core/wt6_actv_data[336]
                              0.0861         0.0879        -0.0019  (VIOLATED)
       PIN :   u_NV_NVDLA_cmac/u_core/u_active/wt6_actv_data_reg_336_/Q
                              0.0861         0.0879        -0.0019  (VIOLATED)
   u_NV_NVDLA_cmac/u_core/u_mac_3/pp_out_l2n4_0_d2[21]
                              0.0856         0.0874        -0.0019  (VIOLATED)
       PIN :   u_NV_NVDLA_cmac/u_core/u_mac_3/pp_out_l2n4_0_d2_reg_21_/Q
                              0.0856         0.0874        -0.0019  (VIOLATED)
   u_NV_NVDLA_cmac/u_core/u_mac_0/res_tag_b5_d1[38]
                              0.0856         0.0874        -0.0019  (VIOLATED)
       PIN :   u_NV_NVDLA_cmac/u_core/u_mac_0/res_tag_b5_d1_reg_38_/Q
                              0.0856         0.0874        -0.0019  (VIOLATED)
   u_NV_NVDLA_cmac/u_core/u_active/wt_pre_exp[160]
                              0.0861         0.0879        -0.0019  (VIOLATED)
       PIN :   u_NV_NVDLA_cmac/u_core/u_active/wt_pre_exp_reg_160_/Q
                              0.0861         0.0879        -0.0019  (VIOLATED)
   u_NV_NVDLA_cmac/u_core/dat5_actv_data[360]
                              0.0856         0.0874        -0.0019  (VIOLATED)
       PIN :   u_NV_NVDLA_cmac/u_core/u_active/dat_actv_data_reg5_reg_360_/Q
                              0.0856         0.0874        -0.0019  (VIOLATED)
   u_NV_NVDLA_cmac/u_core/wt6_actv_data[709]
                              0.0856         0.0874        -0.0018  (VIOLATED)
       PIN :   u_NV_NVDLA_cmac/u_core/u_active/wt6_actv_data_reg_709_/Q
                              0.0856         0.0874        -0.0018  (VIOLATED)
   u_NV_NVDLA_cmac/u_core/wt7_actv_data[983]
                              0.0856         0.0874        -0.0018  (VIOLATED)
       PIN :   u_NV_NVDLA_cmac/u_core/u_active/wt7_actv_data_reg_983_/Q
                              0.0856         0.0874        -0.0018  (VIOLATED)
   u_NV_NVDLA_cmac/u_core/wt4_actv_data[785]
                              0.0856         0.0874        -0.0018  (VIOLATED)
       PIN :   u_NV_NVDLA_cmac/u_core/u_active/wt4_actv_data_reg_785_/Q
                              0.0856         0.0874        -0.0018  (VIOLATED)
   u_NV_NVDLA_cmac/u_core/dat3_actv_nan[50]
                              0.0856         0.0874        -0.0018  (VIOLATED)
       PIN :   u_NV_NVDLA_cmac/u_core/u_active/dat_actv_nan_reg3_reg_50_/Q
                              0.0856         0.0874        -0.0018  (VIOLATED)
   u_NV_NVDLA_cmac/u_core/wt1_actv_data[549]
                              0.0856         0.0874        -0.0018  (VIOLATED)
       PIN :   u_NV_NVDLA_cmac/u_core/u_active/wt1_actv_data_reg_549_/Q
                              0.0856         0.0874        -0.0018  (VIOLATED)
   u_NV_NVDLA_cmac/u_core/wt3_actv_data[549]
                              0.0861         0.0879        -0.0018  (VIOLATED)
       PIN :   u_NV_NVDLA_cmac/u_core/u_active/wt3_actv_data_reg_549_/Q
                              0.0861         0.0879        -0.0018  (VIOLATED)
   u_NV_NVDLA_cmac/u_core/u_mac_1/pp_out_l0n08_0_d1[34]
                              0.0861         0.0879        -0.0018  (VIOLATED)
       PIN :   u_NV_NVDLA_cmac/u_core/u_mac_1/pp_out_l0n08_0_d1_reg_34_/Q
                              0.0861         0.0879        -0.0018  (VIOLATED)
   u_NV_NVDLA_cmac/u_core/u_mac_2/pp_out_l0n05_0_d1[34]
                              0.0861         0.0879        -0.0018  (VIOLATED)
       PIN :   u_NV_NVDLA_cmac/u_core/u_mac_2/pp_out_l0n05_0_d1_reg_34_/Q
                              0.0861         0.0879        -0.0018  (VIOLATED)
   u_NV_NVDLA_cmac/u_core/u_mac_6/pp_out_l0n10_1_d1[35]
                              0.0861         0.0879        -0.0018  (VIOLATED)
       PIN :   u_NV_NVDLA_cmac/u_core/u_mac_6/pp_out_l0n10_1_d1_reg_35_/Q
                              0.0861         0.0879        -0.0018  (VIOLATED)
   u_NV_NVDLA_cmac/u_core/u_mac_0/exp_sft_53[1]
                              0.0861         0.0878        -0.0018  (VIOLATED)
       PIN :   u_NV_NVDLA_cmac/u_core/u_mac_0/u_exp/exp_sft_53_reg_1_/Q
                              0.0861         0.0878        -0.0018  (VIOLATED)
   u_NV_NVDLA_cmac/u_core/dat7_actv_data[892]
                              0.0856         0.0873        -0.0018  (VIOLATED)
       PIN :   u_NV_NVDLA_cmac/u_core/u_active/dat_actv_data_reg7_reg_892_/Q
                              0.0856         0.0873        -0.0018  (VIOLATED)
   u_NV_NVDLA_cmac/u_core/u_mac_0/pp_out_l2n7_0_d2[22]
                              0.0856         0.0873        -0.0018  (VIOLATED)
       PIN :   u_NV_NVDLA_cmac/u_core/u_mac_0/pp_out_l2n7_0_d2_reg_22_/Q
                              0.0856         0.0873        -0.0018  (VIOLATED)
   u_NV_NVDLA_cmac/u_core/dat2_actv_data[936]
                              0.0856         0.0873        -0.0018  (VIOLATED)
       PIN :   u_NV_NVDLA_cmac/u_core/u_active/dat_actv_data_reg2_reg_936_/Q
                              0.0856         0.0873        -0.0018  (VIOLATED)
   u_NV_NVDLA_cmac/u_core/wt7_actv_data[885]
                              0.0856         0.0873        -0.0018  (VIOLATED)
       PIN :   u_NV_NVDLA_cmac/u_core/u_active/wt7_actv_data_reg_885_/Q
                              0.0856         0.0873        -0.0018  (VIOLATED)
   u_NV_NVDLA_cmac/u_core/u_mac_7/pp_out_l0n01_0_d1[15]
                              0.0856         0.0873        -0.0018  (VIOLATED)
       PIN :   u_NV_NVDLA_cmac/u_core/u_mac_7/pp_out_l0n01_0_d1_reg_15_/Q
                              0.0856         0.0873        -0.0018  (VIOLATED)
   u_NV_NVDLA_cmac/u_core/u_mac_7/pp_out_l2n1_1_d2[16]
                              0.0856         0.0873        -0.0018  (VIOLATED)
       PIN :   u_NV_NVDLA_cmac/u_core/u_mac_7/pp_out_l2n1_1_d2_reg_16_/Q
                              0.0856         0.0873        -0.0018  (VIOLATED)
   u_NV_NVDLA_cmac/u_core/u_mac_5/pp_out_l0n10_1_d1[20]
                              0.0856         0.0873        -0.0018  (VIOLATED)
       PIN :   u_NV_NVDLA_cmac/u_core/u_mac_5/pp_out_l0n10_1_d1_reg_20_/Q
                              0.0856         0.0873        -0.0018  (VIOLATED)
   u_NV_NVDLA_cmac/u_core/wt5_actv_data[816]
                              0.0861         0.0878        -0.0018  (VIOLATED)
       PIN :   u_NV_NVDLA_cmac/u_core/u_active/wt5_actv_data_reg_816_/Q
                              0.0861         0.0878        -0.0018  (VIOLATED)
   u_NV_NVDLA_cmac/u_core/wt1_actv_data[581]
                              0.0856         0.0873        -0.0018  (VIOLATED)
       PIN :   u_NV_NVDLA_cmac/u_core/u_active/wt1_actv_data_reg_581_/Q
                              0.0856         0.0873        -0.0018  (VIOLATED)
   u_NV_NVDLA_cmac/u_core/wt1_actv_data[547]
                              0.0856         0.0873        -0.0017  (VIOLATED)
       PIN :   u_NV_NVDLA_cmac/u_core/u_active/wt1_actv_data_reg_547_/Q
                              0.0856         0.0873        -0.0017  (VIOLATED)
   u_NV_NVDLA_cmac/u_core/dat3_pre_mask[59]
                              0.0861         0.0878        -0.0017  (VIOLATED)
       PIN :   u_NV_NVDLA_cmac/u_core/u_active/dat_pre_mask3_reg_59_/Q
                              0.0861         0.0878        -0.0017  (VIOLATED)
   u_NV_NVDLA_cmac/u_core/u_mac_2/pp_out_l0n14_1_d1[18]
                              0.0856         0.0873        -0.0017  (VIOLATED)
       PIN :   u_NV_NVDLA_cmac/u_core/u_mac_2/pp_out_l0n14_1_d1_reg_18_/Q
                              0.0856         0.0873        -0.0017  (VIOLATED)
   u_NV_NVDLA_cmac/u_core/u_mac_1/pp_out_l2n4_1_d2[37]
                              0.0856         0.0873        -0.0017  (VIOLATED)
       PIN :   u_NV_NVDLA_cmac/u_core/u_mac_1/pp_out_l2n4_1_d2_reg_37_/Q
                              0.0856         0.0873        -0.0017  (VIOLATED)
   u_NV_NVDLA_cmac/u_core/u_active/wt_pre_data[106]
                              0.0861         0.0878        -0.0017  (VIOLATED)
       PIN :   u_NV_NVDLA_cmac/u_core/u_active/wt_pre_data_reg_106_/Q
                              0.0861         0.0878        -0.0017  (VIOLATED)
   u_NV_NVDLA_cmac/u_core/u_active/dat_pre_data[834]
                              0.0861         0.0878        -0.0017  (VIOLATED)
       PIN :   u_NV_NVDLA_cmac/u_core/u_active/dat_pre_data_reg_834_/Q
                              0.0861         0.0878        -0.0017  (VIOLATED)
   u_NV_NVDLA_cmac/u_core/wt7_actv_data[955]
                              0.0856         0.0873        -0.0017  (VIOLATED)
       PIN :   u_NV_NVDLA_cmac/u_core/u_active/wt7_actv_data_reg_955_/Q
                              0.0856         0.0873        -0.0017  (VIOLATED)
   u_NV_NVDLA_cmac/u_core/u_mac_2/pp_out_l0n11_1_d1[18]
                              0.0856         0.0873        -0.0017  (VIOLATED)
       PIN :   u_NV_NVDLA_cmac/u_core/u_mac_2/pp_out_l0n11_1_d1_reg_18_/Q
                              0.0856         0.0873        -0.0017  (VIOLATED)
   u_NV_NVDLA_cmac/u_core/u_active/wt_pre_data[407]
                              0.0861         0.0878        -0.0017  (VIOLATED)
       PIN :   u_NV_NVDLA_cmac/u_core/u_active/wt_pre_data_reg_407_/Q
                              0.0861         0.0878        -0.0017  (VIOLATED)
   u_NV_NVDLA_cmac/u_core/u_active/dat_pre_data[486]
                              0.0856         0.0873        -0.0017  (VIOLATED)
       PIN :   u_NV_NVDLA_cmac/u_core/u_active/dat_pre_data_reg_486_/Q
                              0.0856         0.0873        -0.0017  (VIOLATED)
   u_NV_NVDLA_cmac/u_core/u_active/dat_pre_data[887]
                              0.0861         0.0878        -0.0017  (VIOLATED)
       PIN :   u_NV_NVDLA_cmac/u_core/u_active/dat_pre_data_reg_887_/Q
                              0.0861         0.0878        -0.0017  (VIOLATED)
   u_NV_NVDLA_cmac/u_core/dat1_actv_data[44]
                              0.0856         0.0873        -0.0017  (VIOLATED)
       PIN :   u_NV_NVDLA_cmac/u_core/u_active/dat_actv_data_reg1_reg_44_/Q
                              0.0856         0.0873        -0.0017  (VIOLATED)
   u_NV_NVDLA_cmac/u_core/wt2_actv_data[105]
                              0.0856         0.0873        -0.0017  (VIOLATED)
       PIN :   u_NV_NVDLA_cmac/u_core/u_active/wt2_actv_data_reg_105_/Q
                              0.0856         0.0873        -0.0017  (VIOLATED)
   u_NV_NVDLA_cmac/u_core/u_active/wt_pre_data[99]
                              0.0861         0.0878        -0.0017  (VIOLATED)
       PIN :   u_NV_NVDLA_cmac/u_core/u_active/wt_pre_data_reg_99_/Q
                              0.0861         0.0878        -0.0017  (VIOLATED)
   u_NV_NVDLA_cmac/u_core/u_mac_4/pp_out_l0n07_0_d1[30]
                              0.0856         0.0873        -0.0017  (VIOLATED)
       PIN :   u_NV_NVDLA_cmac/u_core/u_mac_4/pp_out_l0n07_0_d1_reg_30_/Q
                              0.0856         0.0873        -0.0017  (VIOLATED)
   u_NV_NVDLA_cmac/u_core/dat0_pre_exp[167]
                              0.0856         0.0873        -0.0017  (VIOLATED)
       PIN :   u_NV_NVDLA_cmac/u_core/u_active/dat_pre_exp_reg0_reg_167_/Q
                              0.0856         0.0873        -0.0017  (VIOLATED)
   u_NV_NVDLA_cmac/u_core/u_mac_6/pp_out_l2n3_1_d2[27]
                              0.0856         0.0873        -0.0017  (VIOLATED)
       PIN :   u_NV_NVDLA_cmac/u_core/u_mac_6/pp_out_l2n3_1_d2_reg_27_/Q
                              0.0856         0.0873        -0.0017  (VIOLATED)
   u_NV_NVDLA_cmac/u_core/u_mac_2/pp_out_l0n12_1_d1[19]
                              0.0856         0.0873        -0.0017  (VIOLATED)
       PIN :   u_NV_NVDLA_cmac/u_core/u_mac_2/pp_out_l0n12_1_d1_reg_19_/Q
                              0.0856         0.0873        -0.0017  (VIOLATED)
   u_NV_NVDLA_cmac/u_core/wt2_actv_nan[17]
                              0.0856         0.0873        -0.0017  (VIOLATED)
       PIN :   u_NV_NVDLA_cmac/u_core/u_active/wt2_actv_nan_reg_17_/Q
                              0.0856         0.0873        -0.0017  (VIOLATED)
   u_NV_NVDLA_cmac/u_core/u_mac_1/pp_out_l0n11_1_d1[25]
                              0.0856         0.0872        -0.0017  (VIOLATED)
       PIN :   u_NV_NVDLA_cmac/u_core/u_mac_1/pp_out_l0n11_1_d1_reg_25_/Q
                              0.0856         0.0872        -0.0017  (VIOLATED)
   u_NV_NVDLA_cmac/u_core/u_mac_2/res_tag_b4_d1[12]
                              0.0856         0.0872        -0.0017  (VIOLATED)
       PIN :   u_NV_NVDLA_cmac/u_core/u_mac_2/res_tag_b4_d1_reg_12_/Q
                              0.0856         0.0872        -0.0017  (VIOLATED)
   u_NV_NVDLA_cmac/u_core/dat5_actv_data[262]
                              0.0861         0.0877        -0.0017  (VIOLATED)
       PIN :   u_NV_NVDLA_cmac/u_core/u_active/dat_actv_data_reg5_reg_262_/Q
                              0.0861         0.0877        -0.0017  (VIOLATED)
   u_NV_NVDLA_cmac/u_core/u_active/wt_pre_data[37]
                              0.0856         0.0872        -0.0017  (VIOLATED)
       PIN :   u_NV_NVDLA_cmac/u_core/u_active/wt_pre_data_reg_37_/Q
                              0.0856         0.0872        -0.0017  (VIOLATED)
   u_NV_NVDLA_cmac/u_core/u_mac_1/pp_out_l0n13_0_d1[28]
                              0.0856         0.0872        -0.0017  (VIOLATED)
       PIN :   u_NV_NVDLA_cmac/u_core/u_mac_1/pp_out_l0n13_0_d1_reg_28_/Q
                              0.0856         0.0872        -0.0017  (VIOLATED)
   u_NV_NVDLA_cmac/u_core/u_mac_5/pp_out_l0n07_0_d1[23]
                              0.0856         0.0872        -0.0017  (VIOLATED)
       PIN :   u_NV_NVDLA_cmac/u_core/u_mac_5/pp_out_l0n07_0_d1_reg_23_/Q
                              0.0856         0.0872        -0.0017  (VIOLATED)
   u_NV_NVDLA_cmac/u_core/u_mac_2/pp_out_l0n13_0_d1[9]
                              0.0856         0.0872        -0.0017  (VIOLATED)
       PIN :   u_NV_NVDLA_cmac/u_core/u_mac_2/pp_out_l0n13_0_d1_reg_9_/Q
                              0.0856         0.0872        -0.0017  (VIOLATED)
   u_NV_NVDLA_cmac/u_core/dat2_actv_data[434]
                              0.0861         0.0877        -0.0017  (VIOLATED)
       PIN :   u_NV_NVDLA_cmac/u_core/u_active/dat_actv_data_reg2_reg_434_/Q
                              0.0861         0.0877        -0.0017  (VIOLATED)
   u_NV_NVDLA_cmac/u_core/wt6_actv_data[892]
                              0.0856         0.0872        -0.0016  (VIOLATED)
       PIN :   u_NV_NVDLA_cmac/u_core/u_active/wt6_actv_data_reg_892_/Q
                              0.0856         0.0872        -0.0016  (VIOLATED)
   u_NV_NVDLA_cmac/u_core/wt7_actv_data[715]
                              0.0856         0.0872        -0.0016  (VIOLATED)
       PIN :   u_NV_NVDLA_cmac/u_core/u_active/wt7_actv_data_reg_715_/Q
                              0.0856         0.0872        -0.0016  (VIOLATED)
   u_NV_NVDLA_cmac/u_core/u_mac_7/res_tag_b2_d1[49]
                              0.0856         0.0872        -0.0016  (VIOLATED)
       PIN :   u_NV_NVDLA_cmac/u_core/u_mac_7/res_tag_b2_d1_reg_49_/Q
                              0.0856         0.0872        -0.0016  (VIOLATED)
   u_NV_NVDLA_cmac/u_core/dat5_actv_data[133]
                              0.0861         0.0877        -0.0016  (VIOLATED)
       PIN :   u_NV_NVDLA_cmac/u_core/u_active/dat_actv_data_reg5_reg_133_/Q
                              0.0861         0.0877        -0.0016  (VIOLATED)
   u_NV_NVDLA_cmac/u_core/dat4_actv_data[933]
                              0.0861         0.0877        -0.0016  (VIOLATED)
       PIN :   u_NV_NVDLA_cmac/u_core/u_active/dat_actv_data_reg4_reg_933_/Q
                              0.0861         0.0877        -0.0016  (VIOLATED)
   u_NV_NVDLA_cmac/u_core/u_mac_6/pp_out_l2n7_1_d2[34]
                              0.0856         0.0872        -0.0016  (VIOLATED)
       PIN :   u_NV_NVDLA_cmac/u_core/u_mac_6/pp_out_l2n7_1_d2_reg_34_/Q
                              0.0856         0.0872        -0.0016  (VIOLATED)
   u_NV_NVDLA_cmac/u_core/u_mac_6/pp_out_l2n1_0_d2[4]
                              0.0856         0.0872        -0.0016  (VIOLATED)
       PIN :   u_NV_NVDLA_cmac/u_core/u_mac_6/pp_out_l2n1_0_d2_reg_4_/Q
                              0.0856         0.0872        -0.0016  (VIOLATED)
   u_NV_NVDLA_cmac/u_core/dat1_actv_data[977]
                              0.0861         0.0877        -0.0016  (VIOLATED)
       PIN :   u_NV_NVDLA_cmac/u_core/u_active/dat_actv_data_reg1_reg_977_/Q
                              0.0861         0.0877        -0.0016  (VIOLATED)
   u_NV_NVDLA_cmac/u_core/wt5_actv_data[749]
                              0.0856         0.0872        -0.0016  (VIOLATED)
       PIN :   u_NV_NVDLA_cmac/u_core/u_active/wt5_actv_data_reg_749_/Q
                              0.0856         0.0872        -0.0016  (VIOLATED)
   u_NV_NVDLA_cmac/u_core/dat7_actv_data[549]
                              0.0861         0.0877        -0.0016  (VIOLATED)
       PIN :   u_NV_NVDLA_cmac/u_core/u_active/dat_actv_data_reg7_reg_549_/Q
                              0.0861         0.0877        -0.0016  (VIOLATED)
   u_NV_NVDLA_cmac/u_core/wt3_actv_data[831]
                              0.0861         0.0877        -0.0016  (VIOLATED)
       PIN :   u_NV_NVDLA_cmac/u_core/u_active/wt3_actv_data_reg_831_/Q
                              0.0861         0.0877        -0.0016  (VIOLATED)
   u_NV_NVDLA_cmac/u_core/u_mac_0/pp_out_l0n01_1_d1[6]
                              0.0856         0.0872        -0.0016  (VIOLATED)
       PIN :   u_NV_NVDLA_cmac/u_core/u_mac_0/pp_out_l0n01_1_d1_reg_6_/Q
                              0.0856         0.0872        -0.0016  (VIOLATED)
   u_NV_NVDLA_cmac/u_core/u_active/wt4_sd_nan[42]
                              0.0856         0.0872        -0.0016  (VIOLATED)
       PIN :   u_NV_NVDLA_cmac/u_core/u_active/wt4_sd_nan_reg_42_/Q
                              0.0856         0.0872        -0.0016  (VIOLATED)
   u_NV_NVDLA_cmac/u_core/u_active/wt_pre_nan[48]
                              0.0861         0.0876        -0.0016  (VIOLATED)
       PIN :   u_NV_NVDLA_cmac/u_core/u_active/wt_pre_nan_reg_48_/Q
                              0.0861         0.0876        -0.0016  (VIOLATED)
   u_NV_NVDLA_cmac/u_core/dat2_actv_data[701]
                              0.0861         0.0876        -0.0016  (VIOLATED)
       PIN :   u_NV_NVDLA_cmac/u_core/u_active/dat_actv_data_reg2_reg_701_/Q
                              0.0861         0.0876        -0.0016  (VIOLATED)
   u_NV_NVDLA_cmac/u_core/u_mac_4/pp_out_l0n09_1_d1[13]
                              0.0856         0.0871        -0.0016  (VIOLATED)
       PIN :   u_NV_NVDLA_cmac/u_core/u_mac_4/pp_out_l0n09_1_d1_reg_13_/Q
                              0.0856         0.0871        -0.0016  (VIOLATED)
   u_NV_NVDLA_cmac/u_core/in_wt_data80[2]
                              0.0861         0.0876        -0.0016  (VIOLATED)
       PIN :   u_NV_NVDLA_cmac/u_core/u_rt_in/in_rt_wt_data_d1_reg_642_/Q
                              0.0861         0.0876        -0.0016  (VIOLATED)
   u_NV_NVDLA_cmac/u_core/dat6_actv_data[937]
                              0.0861         0.0876        -0.0016  (VIOLATED)
       PIN :   u_NV_NVDLA_cmac/u_core/u_active/dat_actv_data_reg6_reg_937_/Q
                              0.0861         0.0876        -0.0016  (VIOLATED)
   u_NV_NVDLA_cmac/u_core/wt3_actv_data[601]
                              0.0861         0.0876        -0.0016  (VIOLATED)
       PIN :   u_NV_NVDLA_cmac/u_core/u_active/wt3_actv_data_reg_601_/Q
                              0.0861         0.0876        -0.0016  (VIOLATED)
   u_NV_NVDLA_cmac/u_core/dat2_actv_data[358]
                              0.0861         0.0876        -0.0016  (VIOLATED)
       PIN :   u_NV_NVDLA_cmac/u_core/u_active/dat_actv_data_reg2_reg_358_/Q
                              0.0861         0.0876        -0.0016  (VIOLATED)
   u_NV_NVDLA_cmac/u_core/u_mac_0/pp_out_l0n02_1_d1[14]
                              0.0856         0.0871        -0.0016  (VIOLATED)
       PIN :   u_NV_NVDLA_cmac/u_core/u_mac_0/pp_out_l0n02_1_d1_reg_14_/Q
                              0.0856         0.0871        -0.0016  (VIOLATED)
   u_NV_NVDLA_cmac/u_core/dat3_actv_nan[21]
                              0.0856         0.0871        -0.0016  (VIOLATED)
       PIN :   u_NV_NVDLA_cmac/u_core/u_active/dat_actv_nan_reg3_reg_21_/Q
                              0.0856         0.0871        -0.0016  (VIOLATED)
   u_NV_NVDLA_cmac/u_core/wt6_actv_nan[7]
                              0.0861         0.0876        -0.0016  (VIOLATED)
       PIN :   u_NV_NVDLA_cmac/u_core/u_active/wt6_actv_nan_reg_7_/Q
                              0.0861         0.0876        -0.0016  (VIOLATED)
   u_NV_NVDLA_cmac/u_core/u_active/wt5_sd_nz[25]
                              0.0856         0.0871        -0.0016  (VIOLATED)
       PIN :   u_NV_NVDLA_cmac/u_core/u_active/wt5_sd_nz_reg_25_/Q
                              0.0856         0.0871        -0.0016  (VIOLATED)
   u_NV_NVDLA_cmac/u_core/u_mac_7/pp_out_l0n01_0_d1[14]
                              0.0856         0.0871        -0.0016  (VIOLATED)
       PIN :   u_NV_NVDLA_cmac/u_core/u_mac_7/pp_out_l0n01_0_d1_reg_14_/Q
                              0.0856         0.0871        -0.0016  (VIOLATED)
   u_NV_NVDLA_cmac/u_core/dat7_actv_data[909]
                              0.0856         0.0871        -0.0016  (VIOLATED)
       PIN :   u_NV_NVDLA_cmac/u_core/u_active/dat_actv_data_reg7_reg_909_/Q
                              0.0856         0.0871        -0.0016  (VIOLATED)
   u_NV_NVDLA_cmac/u_core/u_mac_6/pp_out_l2n7_1_d2[29]
                              0.0856         0.0871        -0.0015  (VIOLATED)
       PIN :   u_NV_NVDLA_cmac/u_core/u_mac_6/pp_out_l2n7_1_d2_reg_29_/Q
                              0.0856         0.0871        -0.0015  (VIOLATED)
   u_NV_NVDLA_cmac/u_core/in_dat_data37[1]
                              0.0861         0.0876        -0.0015  (VIOLATED)
       PIN :   u_NV_NVDLA_cmac/u_core/u_rt_in/in_rt_dat_data_d1_reg_297_/Q
                              0.0861         0.0876        -0.0015  (VIOLATED)
   u_NV_NVDLA_cmac/u_core/in_dat_data80[1]
                              0.0861         0.0876        -0.0015  (VIOLATED)
       PIN :   u_NV_NVDLA_cmac/u_core/u_rt_in/in_rt_dat_data_d1_reg_641_/Q
                              0.0861         0.0876        -0.0015  (VIOLATED)
   u_NV_NVDLA_cmac/u_core/wt5_actv_data[14]
                              0.0861         0.0876        -0.0015  (VIOLATED)
       PIN :   u_NV_NVDLA_cmac/u_core/u_active/wt5_actv_data_reg_14_/Q
                              0.0861         0.0876        -0.0015  (VIOLATED)
   u_NV_NVDLA_cmac/u_core/wt4_actv_data[447]
                              0.0856         0.0871        -0.0015  (VIOLATED)
       PIN :   u_NV_NVDLA_cmac/u_core/u_active/wt4_actv_data_reg_447_/Q
                              0.0856         0.0871        -0.0015  (VIOLATED)
   u_NV_NVDLA_cmac/u_core/wt2_actv_data[51]
                              0.0856         0.0871        -0.0015  (VIOLATED)
       PIN :   u_NV_NVDLA_cmac/u_core/u_active/wt2_actv_data_reg_51_/Q
                              0.0856         0.0871        -0.0015  (VIOLATED)
   u_NV_NVDLA_cmac/u_core/wt7_actv_data[875]
                              0.0861         0.0876        -0.0015  (VIOLATED)
       PIN :   u_NV_NVDLA_cmac/u_core/u_active/wt7_actv_data_reg_875_/Q
                              0.0861         0.0876        -0.0015  (VIOLATED)
   u_NV_NVDLA_cmac/u_core/in_dat_data48[7]
                              0.0856         0.0871        -0.0015  (VIOLATED)
       PIN :   u_NV_NVDLA_cmac/u_core/u_rt_in/in_rt_dat_data_d1_reg_391_/Q
                              0.0856         0.0871        -0.0015  (VIOLATED)
   u_NV_NVDLA_cmac/u_core/u_active/wt_pre_data[989]
                              0.0856         0.0871        -0.0015  (VIOLATED)
       PIN :   u_NV_NVDLA_cmac/u_core/u_active/wt_pre_data_reg_989_/Q
                              0.0856         0.0871        -0.0015  (VIOLATED)
   u_NV_NVDLA_cmac/u_core/in_dat_data37[0]
                              0.0861         0.0876        -0.0015  (VIOLATED)
       PIN :   u_NV_NVDLA_cmac/u_core/u_rt_in/in_rt_dat_data_d1_reg_296_/Q
                              0.0861         0.0876        -0.0015  (VIOLATED)
   u_NV_NVDLA_cmac/u_core/in_dat_data111[4]
                              0.0861         0.0876        -0.0015  (VIOLATED)
       PIN :   u_NV_NVDLA_cmac/u_core/u_rt_in/in_rt_dat_data_d1_reg_892_/Q
                              0.0861         0.0876        -0.0015  (VIOLATED)
   u_NV_NVDLA_cmac/u_core/u_mac_5/pp_out_l2n7_1_d2[22]
                              0.0856         0.0871        -0.0015  (VIOLATED)
       PIN :   u_NV_NVDLA_cmac/u_core/u_mac_5/pp_out_l2n7_1_d2_reg_22_/Q
                              0.0856         0.0871        -0.0015  (VIOLATED)
   u_NV_NVDLA_cmac/u_core/in_dat_data85[7]
                              0.0861         0.0876        -0.0015  (VIOLATED)
       PIN :   u_NV_NVDLA_cmac/u_core/u_rt_in/in_rt_dat_data_d1_reg_687_/Q
                              0.0861         0.0876        -0.0015  (VIOLATED)
   u_NV_NVDLA_cmac/u_core/u_mac_1/pp_out_l2n1_1_d2[16]
                              0.0856         0.0871        -0.0015  (VIOLATED)
       PIN :   u_NV_NVDLA_cmac/u_core/u_mac_1/pp_out_l2n1_1_d2_reg_16_/Q
                              0.0856         0.0871        -0.0015  (VIOLATED)
   u_NV_NVDLA_cmac/u_core/in_dat_data58[0]
                              0.0861         0.0876        -0.0015  (VIOLATED)
       PIN :   u_NV_NVDLA_cmac/u_core/u_rt_in/in_rt_dat_data_d1_reg_464_/Q
                              0.0861         0.0876        -0.0015  (VIOLATED)
   u_NV_NVDLA_cmac/u_core/dat6_actv_data[105]
                              0.0861         0.0876        -0.0015  (VIOLATED)
       PIN :   u_NV_NVDLA_cmac/u_core/u_active/dat_actv_data_reg6_reg_105_/Q
                              0.0861         0.0876        -0.0015  (VIOLATED)
   u_NV_NVDLA_cmac/u_core/u_mac_5/pp_out_l0n04_0_d1[32]
                              0.0856         0.0871        -0.0015  (VIOLATED)
       PIN :   u_NV_NVDLA_cmac/u_core/u_mac_5/pp_out_l0n04_0_d1_reg_32_/Q
                              0.0856         0.0871        -0.0015  (VIOLATED)
   u_NV_NVDLA_cmac/u_core/wt6_actv_data[536]
                              0.0861         0.0875        -0.0015  (VIOLATED)
       PIN :   u_NV_NVDLA_cmac/u_core/u_active/wt6_actv_data_reg_536_/Q
                              0.0861         0.0875        -0.0015  (VIOLATED)
   u_NV_NVDLA_cmac/u_core/in_dat_data119[2]
                              0.0861         0.0875        -0.0015  (VIOLATED)
       PIN :   u_NV_NVDLA_cmac/u_core/u_rt_in/in_rt_dat_data_d1_reg_954_/Q
                              0.0861         0.0875        -0.0015  (VIOLATED)
   u_NV_NVDLA_cmac/u_core/wt6_actv_data[570]
                              0.0861         0.0875        -0.0015  (VIOLATED)
       PIN :   u_NV_NVDLA_cmac/u_core/u_active/wt6_actv_data_reg_570_/Q
                              0.0861         0.0875        -0.0015  (VIOLATED)
   u_NV_NVDLA_cmac/u_core/dat4_actv_data[716]
                              0.0856         0.0871        -0.0015  (VIOLATED)
       PIN :   u_NV_NVDLA_cmac/u_core/u_active/dat_actv_data_reg4_reg_716_/Q
                              0.0856         0.0871        -0.0015  (VIOLATED)
   u_NV_NVDLA_cmac/u_core/dat7_actv_nan[10]
                              0.0856         0.0870        -0.0015  (VIOLATED)
       PIN :   u_NV_NVDLA_cmac/u_core/u_active/dat_actv_nan_reg7_reg_10_/Q
                              0.0856         0.0870        -0.0015  (VIOLATED)
   u_NV_NVDLA_cmac/u_core/dat5_actv_data[187]
                              0.0861         0.0875        -0.0015  (VIOLATED)
       PIN :   u_NV_NVDLA_cmac/u_core/u_active/dat_actv_data_reg5_reg_187_/Q
                              0.0861         0.0875        -0.0015  (VIOLATED)
   u_NV_NVDLA_cmac/u_core/u_mac_7/pp_out_l0n09_0_d1[0]
                              0.0861         0.0875        -0.0015  (VIOLATED)
       PIN :   u_NV_NVDLA_cmac/u_core/u_mac_7/pp_out_l0n09_0_d1_reg_0_/Q
                              0.0861         0.0875        -0.0015  (VIOLATED)
   u_NV_NVDLA_cmac/u_core/u_active/wt_pre_data[406]
                              0.0861         0.0875        -0.0015  (VIOLATED)
       PIN :   u_NV_NVDLA_cmac/u_core/u_active/wt_pre_data_reg_406_/Q
                              0.0861         0.0875        -0.0015  (VIOLATED)
   u_NV_NVDLA_cmac/u_core/in_dat_data111[6]
                              0.0861         0.0875        -0.0015  (VIOLATED)
       PIN :   u_NV_NVDLA_cmac/u_core/u_rt_in/in_rt_dat_data_d1_reg_894_/Q
                              0.0861         0.0875        -0.0015  (VIOLATED)
   u_NV_NVDLA_cmac/u_core/dat1_pre_exp[155]
                              0.0856         0.0870        -0.0015  (VIOLATED)
       PIN :   u_NV_NVDLA_cmac/u_core/u_active/dat_pre_exp_reg1_reg_155_/Q
                              0.0856         0.0870        -0.0015  (VIOLATED)
   u_NV_NVDLA_cmac/u_core/dat4_actv_data[9]
                              0.0861         0.0875        -0.0015  (VIOLATED)
       PIN :   u_NV_NVDLA_cmac/u_core/u_active/dat_actv_data_reg4_reg_9_/Q
                              0.0861         0.0875        -0.0015  (VIOLATED)
   u_NV_NVDLA_cmac/u_core/u_mac_0/pp_out_l2n7_1_d2[32]
                              0.0856         0.0870        -0.0015  (VIOLATED)
       PIN :   u_NV_NVDLA_cmac/u_core/u_mac_0/pp_out_l2n7_1_d2_reg_32_/Q
                              0.0856         0.0870        -0.0015  (VIOLATED)
   u_NV_NVDLA_cmac/u_core/dat4_actv_data[517]
                              0.0861         0.0875        -0.0015  (VIOLATED)
       PIN :   u_NV_NVDLA_cmac/u_core/u_active/dat_actv_data_reg4_reg_517_/Q
                              0.0861         0.0875        -0.0015  (VIOLATED)
   u_NV_NVDLA_cmac/u_core/dat5_actv_data[557]
                              0.0856         0.0870        -0.0015  (VIOLATED)
       PIN :   u_NV_NVDLA_cmac/u_core/u_active/dat_actv_data_reg5_reg_557_/Q
                              0.0856         0.0870        -0.0015  (VIOLATED)
   u_NV_NVDLA_cmac/u_core/dat2_actv_data[1015]
                              0.0861         0.0875        -0.0015  (VIOLATED)
       PIN :   u_NV_NVDLA_cmac/u_core/u_active/dat_actv_data_reg2_reg_1015_/Q
                              0.0861         0.0875        -0.0015  (VIOLATED)
   u_NV_NVDLA_cmac/u_core/dat2_actv_data[888]
                              0.0856         0.0870        -0.0014  (VIOLATED)
       PIN :   u_NV_NVDLA_cmac/u_core/u_active/dat_actv_data_reg2_reg_888_/Q
                              0.0856         0.0870        -0.0014  (VIOLATED)
   u_NV_NVDLA_cmac/u_core/u_mac_1/res_tag_b7_d1[41]
                              0.0856         0.0870        -0.0014  (VIOLATED)
       PIN :   u_NV_NVDLA_cmac/u_core/u_mac_1/res_tag_b7_d1_reg_41_/Q
                              0.0856         0.0870        -0.0014  (VIOLATED)
   u_NV_NVDLA_cmac/u_core/wt1_actv_data[523]
                              0.0856         0.0870        -0.0014  (VIOLATED)
       PIN :   u_NV_NVDLA_cmac/u_core/u_active/wt1_actv_data_reg_523_/Q
                              0.0856         0.0870        -0.0014  (VIOLATED)
   u_NV_NVDLA_cmac/u_core/dat3_actv_data[941]
                              0.0861         0.0875        -0.0014  (VIOLATED)
       PIN :   u_NV_NVDLA_cmac/u_core/u_active/dat_actv_data_reg3_reg_941_/Q
                              0.0861         0.0875        -0.0014  (VIOLATED)
   u_NV_NVDLA_cmac/u_core/u_mac_4/exp_sft_31[1]
                              0.0861         0.0875        -0.0014  (VIOLATED)
       PIN :   u_NV_NVDLA_cmac/u_core/u_mac_4/u_exp/exp_sft_31_reg_1_/Q
                              0.0861         0.0875        -0.0014  (VIOLATED)
   u_NV_NVDLA_cmac/u_core/u_active/wt4_sd_nan[37]
                              0.0856         0.0870        -0.0014  (VIOLATED)
       PIN :   u_NV_NVDLA_cmac/u_core/u_active/wt4_sd_nan_reg_37_/Q
                              0.0856         0.0870        -0.0014  (VIOLATED)
   u_NV_NVDLA_cmac/u_core/wt0_actv_data[53]
                              0.0856         0.0870        -0.0014  (VIOLATED)
       PIN :   u_NV_NVDLA_cmac/u_core/u_active/wt0_actv_data_reg_53_/Q
                              0.0856         0.0870        -0.0014  (VIOLATED)
   u_NV_NVDLA_cmac/u_core/u_mac_1/pp_out_l0n10_0_d1[31]
                              0.0856         0.0870        -0.0014  (VIOLATED)
       PIN :   u_NV_NVDLA_cmac/u_core/u_mac_1/pp_out_l0n10_0_d1_reg_31_/Q
                              0.0856         0.0870        -0.0014  (VIOLATED)
   u_NV_NVDLA_cmac/u_core/wt3_actv_data[557]
                              0.0861         0.0875        -0.0014  (VIOLATED)
       PIN :   u_NV_NVDLA_cmac/u_core/u_active/wt3_actv_data_reg_557_/Q
                              0.0861         0.0875        -0.0014  (VIOLATED)
   u_NV_NVDLA_cmac/u_core/u_mac_4/pp_out_l2n4_0_d2[22]
                              0.0856         0.0870        -0.0014  (VIOLATED)
       PIN :   u_NV_NVDLA_cmac/u_core/u_mac_4/pp_out_l2n4_0_d2_reg_22_/Q
                              0.0856         0.0870        -0.0014  (VIOLATED)
   u_NV_NVDLA_cmac/u_core/dat2_actv_data[762]
                              0.0856         0.0870        -0.0014  (VIOLATED)
       PIN :   u_NV_NVDLA_cmac/u_core/u_active/dat_actv_data_reg2_reg_762_/Q
                              0.0856         0.0870        -0.0014  (VIOLATED)
   u_NV_NVDLA_cmac/u_core/dat2_actv_nan[16]
                              0.0861         0.0875        -0.0014  (VIOLATED)
       PIN :   u_NV_NVDLA_cmac/u_core/u_active/dat_actv_nan_reg2_reg_16_/Q
                              0.0861         0.0875        -0.0014  (VIOLATED)
   u_NV_NVDLA_cmac/u_core/u_active/wt_pre_mask[61]
                              0.0861         0.0875        -0.0014  (VIOLATED)
       PIN :   u_NV_NVDLA_cmac/u_core/u_active/wt_pre_mask_reg_61_/Q
                              0.0861         0.0875        -0.0014  (VIOLATED)
   u_NV_NVDLA_cmac/u_core/u_active/wt_pre_data[403]
                              0.0861         0.0875        -0.0014  (VIOLATED)
       PIN :   u_NV_NVDLA_cmac/u_core/u_active/wt_pre_data_reg_403_/Q
                              0.0861         0.0875        -0.0014  (VIOLATED)
   u_NV_NVDLA_cmac/u_core/u_mac_2/exp_sft_39[3]
                              0.0861         0.0874        -0.0014  (VIOLATED)
       PIN :   u_NV_NVDLA_cmac/u_core/u_mac_2/u_exp/exp_sft_39_reg_3_/Q
                              0.0861         0.0874        -0.0014  (VIOLATED)
   u_NV_NVDLA_cmac/u_core/u_mac_4/pp_out_l2n5_1_d2[20]
                              0.0856         0.0870        -0.0014  (VIOLATED)
       PIN :   u_NV_NVDLA_cmac/u_core/u_mac_4/pp_out_l2n5_1_d2_reg_20_/Q
                              0.0856         0.0870        -0.0014  (VIOLATED)
   u_NV_NVDLA_cmac/u_core/dat6_actv_data[823]
                              0.0861         0.0874        -0.0014  (VIOLATED)
       PIN :   u_NV_NVDLA_cmac/u_core/u_active/dat_actv_data_reg6_reg_823_/Q
                              0.0861         0.0874        -0.0014  (VIOLATED)
   u_NV_NVDLA_cmac/u_core/dat5_actv_data[647]
                              0.0861         0.0874        -0.0014  (VIOLATED)
       PIN :   u_NV_NVDLA_cmac/u_core/u_active/dat_actv_data_reg5_reg_647_/Q
                              0.0861         0.0874        -0.0014  (VIOLATED)
   u_NV_NVDLA_cmac/u_core/u_mac_2/pp_out_l0n01_1_d1[12]
                              0.0856         0.0869        -0.0014  (VIOLATED)
       PIN :   u_NV_NVDLA_cmac/u_core/u_mac_2/pp_out_l0n01_1_d1_reg_12_/Q
                              0.0856         0.0869        -0.0014  (VIOLATED)
   u_NV_NVDLA_cmac/u_core/u_mac_3/res_tag_b7_d1[18]
                              0.0856         0.0869        -0.0014  (VIOLATED)
       PIN :   u_NV_NVDLA_cmac/u_core/u_mac_3/res_tag_b7_d1_reg_18_/Q
                              0.0856         0.0869        -0.0014  (VIOLATED)
   u_NV_NVDLA_cmac/u_core/dat3_actv_data[683]
                              0.0861         0.0874        -0.0014  (VIOLATED)
       PIN :   u_NV_NVDLA_cmac/u_core/u_active/dat_actv_data_reg3_reg_683_/Q
                              0.0861         0.0874        -0.0014  (VIOLATED)
   u_NV_NVDLA_cmac/u_core/u_active/wt_pre_data[501]
                              0.0856         0.0869        -0.0014  (VIOLATED)
       PIN :   u_NV_NVDLA_cmac/u_core/u_active/wt_pre_data_reg_501_/Q
                              0.0856         0.0869        -0.0014  (VIOLATED)
   u_NV_NVDLA_cmac/u_core/wt3_actv_data[527]
                              0.0861         0.0874        -0.0014  (VIOLATED)
       PIN :   u_NV_NVDLA_cmac/u_core/u_active/wt3_actv_data_reg_527_/Q
                              0.0861         0.0874        -0.0014  (VIOLATED)
   u_NV_NVDLA_cmac/u_core/in_wt_data120[5]
                              0.0856         0.0869        -0.0014  (VIOLATED)
       PIN :   u_NV_NVDLA_cmac/u_core/u_rt_in/in_rt_wt_data_d1_reg_965_/Q
                              0.0856         0.0869        -0.0014  (VIOLATED)
   u_NV_NVDLA_cmac/u_core/in_dat_data59[4]
                              0.0861         0.0874        -0.0014  (VIOLATED)
       PIN :   u_NV_NVDLA_cmac/u_core/u_rt_in/in_rt_dat_data_d1_reg_476_/Q
                              0.0861         0.0874        -0.0014  (VIOLATED)
   u_NV_NVDLA_cmac/u_core/u_active/wt_pre_data[301]
                              0.0861         0.0874        -0.0014  (VIOLATED)
       PIN :   u_NV_NVDLA_cmac/u_core/u_active/wt_pre_data_reg_301_/Q
                              0.0861         0.0874        -0.0014  (VIOLATED)
   u_NV_NVDLA_cmac/u_core/dat5_actv_data[394]
                              0.0856         0.0869        -0.0014  (VIOLATED)
       PIN :   u_NV_NVDLA_cmac/u_core/u_active/dat_actv_data_reg5_reg_394_/Q
                              0.0856         0.0869        -0.0014  (VIOLATED)
   u_NV_NVDLA_cmac/u_core/dat4_actv_data[915]
                              0.0861         0.0874        -0.0014  (VIOLATED)
       PIN :   u_NV_NVDLA_cmac/u_core/u_active/dat_actv_data_reg4_reg_915_/Q
                              0.0861         0.0874        -0.0014  (VIOLATED)
   u_NV_NVDLA_cmac/u_core/u_active/wt6_sd_nan[47]
                              0.0856         0.0869        -0.0014  (VIOLATED)
       PIN :   u_NV_NVDLA_cmac/u_core/u_active/wt6_sd_nan_reg_47_/Q
                              0.0856         0.0869        -0.0014  (VIOLATED)
   u_NV_NVDLA_cmac/u_core/wt1_actv_data[559]
                              0.0856         0.0869        -0.0014  (VIOLATED)
       PIN :   u_NV_NVDLA_cmac/u_core/u_active/wt1_actv_data_reg_559_/Q
                              0.0856         0.0869        -0.0014  (VIOLATED)
   u_NV_NVDLA_cmac/u_core/u_mac_2/pp_out_l2n5_0_d2[14]
                              0.0856         0.0869        -0.0014  (VIOLATED)
       PIN :   u_NV_NVDLA_cmac/u_core/u_mac_2/pp_out_l2n5_0_d2_reg_14_/Q
                              0.0856         0.0869        -0.0014  (VIOLATED)
   u_NV_NVDLA_cmac/u_core/in_dat_data110[1]
                              0.0861         0.0874        -0.0014  (VIOLATED)
       PIN :   u_NV_NVDLA_cmac/u_core/u_rt_in/in_rt_dat_data_d1_reg_881_/Q
                              0.0861         0.0874        -0.0014  (VIOLATED)
   u_NV_NVDLA_cmac/u_core/u_mac_3/pp_out_l2n0_1_d2[22]
                              0.0856         0.0869        -0.0014  (VIOLATED)
       PIN :   u_NV_NVDLA_cmac/u_core/u_mac_3/pp_out_l2n0_1_d2_reg_22_/Q
                              0.0856         0.0869        -0.0014  (VIOLATED)
   u_NV_NVDLA_cmac/u_core/u_mac_6/pp_out_l0n01_1_d1[16]
                              0.0856         0.0869        -0.0014  (VIOLATED)
       PIN :   u_NV_NVDLA_cmac/u_core/u_mac_6/pp_out_l0n01_1_d1_reg_16_/Q
                              0.0856         0.0869        -0.0014  (VIOLATED)
   u_NV_NVDLA_cmac/u_core/u_mac_2/pp_out_l0n02_0_d1[17]
                              0.0856         0.0869        -0.0013  (VIOLATED)
       PIN :   u_NV_NVDLA_cmac/u_core/u_mac_2/pp_out_l0n02_0_d1_reg_17_/Q
                              0.0856         0.0869        -0.0013  (VIOLATED)
   u_NV_NVDLA_cmac/u_core/dat0_actv_data[533]
                              0.0861         0.0874        -0.0013  (VIOLATED)
       PIN :   u_NV_NVDLA_cmac/u_core/u_active/dat_actv_data_reg0_reg_533_/Q
                              0.0861         0.0874        -0.0013  (VIOLATED)
   u_NV_NVDLA_cmac/u_core/u_mac_7/pp_out_l2n1_1_d2[14]
                              0.0861         0.0874        -0.0013  (VIOLATED)
       PIN :   u_NV_NVDLA_cmac/u_core/u_mac_7/pp_out_l2n1_1_d2_reg_14_/Q
                              0.0861         0.0874        -0.0013  (VIOLATED)
   u_NV_NVDLA_cmac/u_core/wt4_actv_data[161]
                              0.0861         0.0874        -0.0013  (VIOLATED)
       PIN :   u_NV_NVDLA_cmac/u_core/u_active/wt4_actv_data_reg_161_/Q
                              0.0861         0.0874        -0.0013  (VIOLATED)
   u_NV_NVDLA_cmac/u_core/wt3_actv_data[579]
                              0.0861         0.0874        -0.0013  (VIOLATED)
       PIN :   u_NV_NVDLA_cmac/u_core/u_active/wt3_actv_data_reg_579_/Q
                              0.0861         0.0874        -0.0013  (VIOLATED)
   u_NV_NVDLA_cmac/u_core/dat2_actv_data[50]
                              0.0861         0.0874        -0.0013  (VIOLATED)
       PIN :   u_NV_NVDLA_cmac/u_core/u_active/dat_actv_data_reg2_reg_50_/Q
                              0.0861         0.0874        -0.0013  (VIOLATED)
   u_NV_NVDLA_cmac/u_core/u_mac_2/pp_out_l0n11_0_d1[6]
                              0.0856         0.0869        -0.0013  (VIOLATED)
       PIN :   u_NV_NVDLA_cmac/u_core/u_mac_2/pp_out_l0n11_0_d1_reg_6_/Q
                              0.0856         0.0869        -0.0013  (VIOLATED)
   u_NV_NVDLA_cmac/u_core/dat3_actv_data[730]
                              0.0861         0.0874        -0.0013  (VIOLATED)
       PIN :   u_NV_NVDLA_cmac/u_core/u_active/dat_actv_data_reg3_reg_730_/Q
                              0.0861         0.0874        -0.0013  (VIOLATED)
   u_NV_NVDLA_cmac/u_core/dat1_actv_data[741]
                              0.0861         0.0874        -0.0013  (VIOLATED)
       PIN :   u_NV_NVDLA_cmac/u_core/u_active/dat_actv_data_reg1_reg_741_/Q
                              0.0861         0.0874        -0.0013  (VIOLATED)
   u_NV_NVDLA_cmac/u_core/u_mac_5/res_tag_b0_d1[16]
                              0.0856         0.0869        -0.0013  (VIOLATED)
       PIN :   u_NV_NVDLA_cmac/u_core/u_mac_5/res_tag_b0_d1_reg_16_/Q
                              0.0856         0.0869        -0.0013  (VIOLATED)
   u_NV_NVDLA_cmac/u_core/u_active/dat_pre_data[885]
                              0.0861         0.0874        -0.0013  (VIOLATED)
       PIN :   u_NV_NVDLA_cmac/u_core/u_active/dat_pre_data_reg_885_/Q
                              0.0861         0.0874        -0.0013  (VIOLATED)
   u_NV_NVDLA_cmac/u_core/wt7_actv_data[817]
                              0.0861         0.0874        -0.0013  (VIOLATED)
       PIN :   u_NV_NVDLA_cmac/u_core/u_active/wt7_actv_data_reg_817_/Q
                              0.0861         0.0874        -0.0013  (VIOLATED)
   u_NV_NVDLA_cmac/u_core/dat5_actv_data[565]
                              0.0861         0.0874        -0.0013  (VIOLATED)
       PIN :   u_NV_NVDLA_cmac/u_core/u_active/dat_actv_data_reg5_reg_565_/Q
                              0.0861         0.0874        -0.0013  (VIOLATED)
   u_NV_NVDLA_cmac/u_core/u_mac_1/pp_out_l0n12_0_d1[31]
                              0.0856         0.0869        -0.0013  (VIOLATED)
       PIN :   u_NV_NVDLA_cmac/u_core/u_mac_1/pp_out_l0n12_0_d1_reg_31_/Q
                              0.0856         0.0869        -0.0013  (VIOLATED)
   u_NV_NVDLA_cmac/u_core/dat2_actv_data[168]
                              0.0861         0.0874        -0.0013  (VIOLATED)
       PIN :   u_NV_NVDLA_cmac/u_core/u_active/dat_actv_data_reg2_reg_168_/Q
                              0.0861         0.0874        -0.0013  (VIOLATED)
   u_NV_NVDLA_cmac/u_core/dat4_actv_data[650]
                              0.0861         0.0874        -0.0013  (VIOLATED)
       PIN :   u_NV_NVDLA_cmac/u_core/u_active/dat_actv_data_reg4_reg_650_/Q
                              0.0861         0.0874        -0.0013  (VIOLATED)
   u_NV_NVDLA_cmac/u_core/u_mac_6/exp_sft_02[1]
                              0.0861         0.0874        -0.0013  (VIOLATED)
       PIN :   u_NV_NVDLA_cmac/u_core/u_mac_6/u_exp/exp_sft_02_reg_1_/Q
                              0.0861         0.0874        -0.0013  (VIOLATED)
   u_NV_NVDLA_cmac/u_core/dat1_pre_exp[71]
                              0.0856         0.0869        -0.0013  (VIOLATED)
       PIN :   u_NV_NVDLA_cmac/u_core/u_active/dat_pre_exp_reg1_reg_71_/Q
                              0.0856         0.0869        -0.0013  (VIOLATED)
   u_NV_NVDLA_cmac/u_core/dat4_actv_nan[28]
                              0.0856         0.0869        -0.0013  (VIOLATED)
       PIN :   u_NV_NVDLA_cmac/u_core/u_active/dat_actv_nan_reg4_reg_28_/Q
                              0.0856         0.0869        -0.0013  (VIOLATED)
   u_NV_NVDLA_cmac/u_core/wt6_actv_data[697]
                              0.0856         0.0869        -0.0013  (VIOLATED)
       PIN :   u_NV_NVDLA_cmac/u_core/u_active/wt6_actv_data_reg_697_/Q
                              0.0856         0.0869        -0.0013  (VIOLATED)
   u_NV_NVDLA_cmac/u_core/dat5_actv_data[402]
                              0.0861         0.0873        -0.0013  (VIOLATED)
       PIN :   u_NV_NVDLA_cmac/u_core/u_active/dat_actv_data_reg5_reg_402_/Q
                              0.0861         0.0873        -0.0013  (VIOLATED)
   u_NV_NVDLA_cmac/u_core/out_data6[121]
                              0.0861         0.0873        -0.0013  (VIOLATED)
       PIN :   u_NV_NVDLA_cmac/u_core/u_mac_6/mac_out_data_reg_121_/Q
                              0.0861         0.0873        -0.0013  (VIOLATED)
   u_NV_NVDLA_cmac/u_core/wt3_actv_data[791]
                              0.0861         0.0873        -0.0013  (VIOLATED)
       PIN :   u_NV_NVDLA_cmac/u_core/u_active/wt3_actv_data_reg_791_/Q
                              0.0861         0.0873        -0.0013  (VIOLATED)
   u_NV_NVDLA_cmac/u_core/wt2_actv_data[885]
                              0.0856         0.0868        -0.0013  (VIOLATED)
       PIN :   u_NV_NVDLA_cmac/u_core/u_active/wt2_actv_data_reg_885_/Q
                              0.0856         0.0868        -0.0013  (VIOLATED)
   u_NV_NVDLA_cmac/u_core/u_mac_6/pp_out_l0n04_0_d1[7]
                              0.0856         0.0868        -0.0013  (VIOLATED)
       PIN :   u_NV_NVDLA_cmac/u_core/u_mac_6/pp_out_l0n04_0_d1_reg_7_/Q
                              0.0856         0.0868        -0.0013  (VIOLATED)
   u_NV_NVDLA_cmac/u_core/u_mac_0/pp_out_l0n09_0_d1[0]
                              0.0856         0.0868        -0.0013  (VIOLATED)
       PIN :   u_NV_NVDLA_cmac/u_core/u_mac_0/pp_out_l0n09_0_d1_reg_0_/Q
                              0.0856         0.0868        -0.0013  (VIOLATED)
   u_NV_NVDLA_cmac/u_core/dat1_actv_data[132]
                              0.0861         0.0873        -0.0013  (VIOLATED)
       PIN :   u_NV_NVDLA_cmac/u_core/u_active/dat_actv_data_reg1_reg_132_/Q
                              0.0861         0.0873        -0.0013  (VIOLATED)
   u_NV_NVDLA_cmac/u_core/u_mac_0/pp_out_l0n03_0_d1[21]
                              0.0856         0.0868        -0.0013  (VIOLATED)
       PIN :   u_NV_NVDLA_cmac/u_core/u_mac_0/pp_out_l0n03_0_d1_reg_21_/Q
                              0.0856         0.0868        -0.0013  (VIOLATED)
   u_NV_NVDLA_cmac/u_core/wt4_actv_data[318]
                              0.0861         0.0873        -0.0013  (VIOLATED)
       PIN :   u_NV_NVDLA_cmac/u_core/u_active/wt4_actv_data_reg_318_/Q
                              0.0861         0.0873        -0.0013  (VIOLATED)
   u_NV_NVDLA_cmac/u_core/dat5_actv_data[131]
                              0.0861         0.0873        -0.0013  (VIOLATED)
       PIN :   u_NV_NVDLA_cmac/u_core/u_active/dat_actv_data_reg5_reg_131_/Q
                              0.0861         0.0873        -0.0013  (VIOLATED)
   u_NV_NVDLA_cmac/u_core/u_mac_2/pp_out_l0n01_1_d1[15]
                              0.0856         0.0868        -0.0013  (VIOLATED)
       PIN :   u_NV_NVDLA_cmac/u_core/u_mac_2/pp_out_l0n01_1_d1_reg_15_/Q
                              0.0856         0.0868        -0.0013  (VIOLATED)
   u_NV_NVDLA_cmac/u_core/u_active/wt_pre_data[429]
                              0.0861         0.0873        -0.0013  (VIOLATED)
       PIN :   u_NV_NVDLA_cmac/u_core/u_active/wt_pre_data_reg_429_/Q
                              0.0861         0.0873        -0.0013  (VIOLATED)
   u_NV_NVDLA_cmac/u_core/dat1_actv_data[906]
                              0.0856         0.0868        -0.0013  (VIOLATED)
       PIN :   u_NV_NVDLA_cmac/u_core/u_active/dat_actv_data_reg1_reg_906_/Q
                              0.0856         0.0868        -0.0013  (VIOLATED)
   u_NV_NVDLA_cmac/u_core/u_mac_2/pp_out_l0n02_0_d1[15]
                              0.0856         0.0868        -0.0013  (VIOLATED)
       PIN :   u_NV_NVDLA_cmac/u_core/u_mac_2/pp_out_l0n02_0_d1_reg_15_/Q
                              0.0856         0.0868        -0.0013  (VIOLATED)
   u_NV_NVDLA_cmac/u_core/u_mac_1/pp_out_l0n09_1_d1[34]
                              0.0861         0.0873        -0.0013  (VIOLATED)
       PIN :   u_NV_NVDLA_cmac/u_core/u_mac_1/pp_out_l0n09_1_d1_reg_34_/Q
                              0.0861         0.0873        -0.0013  (VIOLATED)
   u_NV_NVDLA_cmac/u_core/u_active/wt5_sd_nz[48]
                              0.0856         0.0868        -0.0013  (VIOLATED)
       PIN :   u_NV_NVDLA_cmac/u_core/u_active/wt5_sd_nz_reg_48_/Q
                              0.0856         0.0868        -0.0013  (VIOLATED)
   u_NV_NVDLA_cmac/u_core/u_mac_7/pp_out_l0n11_0_d1[14]
                              0.0861         0.0873        -0.0013  (VIOLATED)
       PIN :   u_NV_NVDLA_cmac/u_core/u_mac_7/pp_out_l0n11_0_d1_reg_14_/Q
                              0.0861         0.0873        -0.0013  (VIOLATED)
   u_NV_NVDLA_cmac/u_core/in_dat_data112[4]
                              0.0861         0.0873        -0.0013  (VIOLATED)
       PIN :   u_NV_NVDLA_cmac/u_core/u_rt_in/in_rt_dat_data_d1_reg_900_/Q
                              0.0861         0.0873        -0.0013  (VIOLATED)
   u_NV_NVDLA_cmac/u_core/u_mac_1/pp_out_l2n7_1_d2[22]
                              0.0856         0.0868        -0.0013  (VIOLATED)
       PIN :   u_NV_NVDLA_cmac/u_core/u_mac_1/pp_out_l2n7_1_d2_reg_22_/Q
                              0.0856         0.0868        -0.0013  (VIOLATED)
   u_NV_NVDLA_cmac/u_core/u_mac_2/pp_out_l0n02_0_d1[10]
                              0.0856         0.0868        -0.0012  (VIOLATED)
       PIN :   u_NV_NVDLA_cmac/u_core/u_mac_2/pp_out_l0n02_0_d1_reg_10_/Q
                              0.0856         0.0868        -0.0012  (VIOLATED)
   u_NV_NVDLA_cmac/u_core/u_mac_2/pp_out_l0n13_1_d1[13]
                              0.0856         0.0868        -0.0012  (VIOLATED)
       PIN :   u_NV_NVDLA_cmac/u_core/u_mac_2/pp_out_l0n13_1_d1_reg_13_/Q
                              0.0856         0.0868        -0.0012  (VIOLATED)
   u_NV_NVDLA_cmac/u_core/dat1_actv_data[635]
                              0.0861         0.0873        -0.0012  (VIOLATED)
       PIN :   u_NV_NVDLA_cmac/u_core/u_active/dat_actv_data_reg1_reg_635_/Q
                              0.0861         0.0873        -0.0012  (VIOLATED)
   u_NV_NVDLA_cmac/u_core/in_dat_data66[2]
                              0.0861         0.0873        -0.0012  (VIOLATED)
       PIN :   u_NV_NVDLA_cmac/u_core/u_rt_in/in_rt_dat_data_d1_reg_530_/Q
                              0.0861         0.0873        -0.0012  (VIOLATED)
   u_NV_NVDLA_cmac/u_core/dat0_actv_data[1014]
                              0.0861         0.0873        -0.0012  (VIOLATED)
       PIN :   u_NV_NVDLA_cmac/u_core/u_active/dat_actv_data_reg0_reg_1014_/Q
                              0.0861         0.0873        -0.0012  (VIOLATED)
   u_NV_NVDLA_cmac/u_core/in_dat_data114[6]
                              0.0856         0.0868        -0.0012  (VIOLATED)
       PIN :   u_NV_NVDLA_cmac/u_core/u_rt_in/in_rt_dat_data_d1_reg_918_/Q
                              0.0856         0.0868        -0.0012  (VIOLATED)
   u_NV_NVDLA_cmac/u_core/u_mac_4/pp_out_l0n06_1_d1[3]
                              0.0856         0.0868        -0.0012  (VIOLATED)
       PIN :   u_NV_NVDLA_cmac/u_core/u_mac_4/pp_out_l0n06_1_d1_reg_3_/Q
                              0.0856         0.0868        -0.0012  (VIOLATED)
   u_NV_NVDLA_cmac/u_core/u_active/dat_pre_data[811]
                              0.0856         0.0868        -0.0012  (VIOLATED)
       PIN :   u_NV_NVDLA_cmac/u_core/u_active/dat_pre_data_reg_811_/Q
                              0.0856         0.0868        -0.0012  (VIOLATED)
   u_NV_NVDLA_cmac/u_core/u_mac_1/pp_out_l0n07_1_d1[35]
                              0.0861         0.0873        -0.0012  (VIOLATED)
       PIN :   u_NV_NVDLA_cmac/u_core/u_mac_1/pp_out_l0n07_1_d1_reg_35_/Q
                              0.0861         0.0873        -0.0012  (VIOLATED)
   u_NV_NVDLA_cmac/u_core/dat2_actv_data[40]
                              0.0856         0.0868        -0.0012  (VIOLATED)
       PIN :   u_NV_NVDLA_cmac/u_core/u_active/dat_actv_data_reg2_reg_40_/Q
                              0.0856         0.0868        -0.0012  (VIOLATED)
   u_NV_NVDLA_cmac/u_core/in_wt_data75[0]
                              0.0861         0.0873        -0.0012  (VIOLATED)
       PIN :   u_NV_NVDLA_cmac/u_core/u_rt_in/in_rt_wt_data_d1_reg_600_/Q
                              0.0861         0.0873        -0.0012  (VIOLATED)
   u_NV_NVDLA_cmac/u_core/wt0_actv_data[1007]
                              0.0861         0.0873        -0.0012  (VIOLATED)
       PIN :   u_NV_NVDLA_cmac/u_core/u_active/wt0_actv_data_reg_1007_/Q
                              0.0861         0.0873        -0.0012  (VIOLATED)
   u_NV_NVDLA_cmac/u_core/wt4_actv_data[166]
                              0.0861         0.0873        -0.0012  (VIOLATED)
       PIN :   u_NV_NVDLA_cmac/u_core/u_active/wt4_actv_data_reg_166_/Q
                              0.0861         0.0873        -0.0012  (VIOLATED)
   u_NV_NVDLA_cmac/u_core/wt7_actv_data[714]
                              0.0856         0.0868        -0.0012  (VIOLATED)
       PIN :   u_NV_NVDLA_cmac/u_core/u_active/wt7_actv_data_reg_714_/Q
                              0.0856         0.0868        -0.0012  (VIOLATED)
   u_NV_NVDLA_cmac/u_core/u_active/wt2_sd_nz[119]
                              0.0856         0.0868        -0.0012  (VIOLATED)
       PIN :   u_NV_NVDLA_cmac/u_core/u_active/wt2_sd_nz_reg_119_/Q
                              0.0856         0.0868        -0.0012  (VIOLATED)
   u_NV_NVDLA_cmac/u_core/dat4_actv_nan[34]
                              0.0856         0.0868        -0.0012  (VIOLATED)
       PIN :   u_NV_NVDLA_cmac/u_core/u_active/dat_actv_nan_reg4_reg_34_/Q
                              0.0856         0.0868        -0.0012  (VIOLATED)
   u_NV_NVDLA_cmac/u_core/wt5_actv_data[880]
                              0.0856         0.0868        -0.0012  (VIOLATED)
       PIN :   u_NV_NVDLA_cmac/u_core/u_active/wt5_actv_data_reg_880_/Q
                              0.0856         0.0868        -0.0012  (VIOLATED)
   u_NV_NVDLA_cmac/u_core/dat6_actv_data[333]
                              0.0856         0.0868        -0.0012  (VIOLATED)
       PIN :   u_NV_NVDLA_cmac/u_core/u_active/dat_actv_data_reg6_reg_333_/Q
                              0.0856         0.0868        -0.0012  (VIOLATED)
   u_NV_NVDLA_cmac/u_core/dat5_actv_data[109]
                              0.0861         0.0873        -0.0012  (VIOLATED)
       PIN :   u_NV_NVDLA_cmac/u_core/u_active/dat_actv_data_reg5_reg_109_/Q
                              0.0861         0.0873        -0.0012  (VIOLATED)
   u_NV_NVDLA_cmac/u_core/dat1_actv_data[179]
                              0.0861         0.0873        -0.0012  (VIOLATED)
       PIN :   u_NV_NVDLA_cmac/u_core/u_active/dat_actv_data_reg1_reg_179_/Q
                              0.0861         0.0873        -0.0012  (VIOLATED)
   u_NV_NVDLA_cmac/u_core/dat5_actv_data[70]
                              0.0861         0.0872        -0.0012  (VIOLATED)
       PIN :   u_NV_NVDLA_cmac/u_core/u_active/dat_actv_data_reg5_reg_70_/Q
                              0.0861         0.0872        -0.0012  (VIOLATED)
   u_NV_NVDLA_cmac/u_core/u_mac_6/pp_out_l2n7_1_d2[27]
                              0.0856         0.0868        -0.0012  (VIOLATED)
       PIN :   u_NV_NVDLA_cmac/u_core/u_mac_6/pp_out_l2n7_1_d2_reg_27_/Q
                              0.0856         0.0868        -0.0012  (VIOLATED)
   u_NV_NVDLA_cmac/u_core/dat6_actv_data[260]
                              0.0861         0.0872        -0.0012  (VIOLATED)
       PIN :   u_NV_NVDLA_cmac/u_core/u_active/dat_actv_data_reg6_reg_260_/Q
                              0.0861         0.0872        -0.0012  (VIOLATED)
   u_NV_NVDLA_cmac/u_core/u_mac_7/res_tag_b3_d1[35]
                              0.0856         0.0867        -0.0012  (VIOLATED)
       PIN :   u_NV_NVDLA_cmac/u_core/u_mac_7/res_tag_b3_d1_reg_35_/Q
                              0.0856         0.0867        -0.0012  (VIOLATED)
   u_NV_NVDLA_cmac/u_core/dat7_actv_nan[3]
                              0.0856         0.0867        -0.0012  (VIOLATED)
       PIN :   u_NV_NVDLA_cmac/u_core/u_active/dat_actv_nan_reg7_reg_3_/Q
                              0.0856         0.0867        -0.0012  (VIOLATED)
   u_NV_NVDLA_cmac/u_core/u_mac_3/pp_out_l0n10_1_d1[6]
                              0.0856         0.0867        -0.0012  (VIOLATED)
       PIN :   u_NV_NVDLA_cmac/u_core/u_mac_3/pp_out_l0n10_1_d1_reg_6_/Q
                              0.0856         0.0867        -0.0012  (VIOLATED)
   u_NV_NVDLA_cmac/u_core/wt3_actv_data[775]
                              0.0861         0.0872        -0.0012  (VIOLATED)
       PIN :   u_NV_NVDLA_cmac/u_core/u_active/wt3_actv_data_reg_775_/Q
                              0.0861         0.0872        -0.0012  (VIOLATED)
   u_NV_NVDLA_cmac/u_core/u_mac_6/pp_out_l0n00_1_d1[30]
                              0.0856         0.0867        -0.0012  (VIOLATED)
       PIN :   u_NV_NVDLA_cmac/u_core/u_mac_6/pp_out_l0n00_1_d1_reg_30_/Q
                              0.0856         0.0867        -0.0012  (VIOLATED)
   u_NV_NVDLA_cmac/u_core/dat2_actv_data[845]
                              0.0856         0.0867        -0.0012  (VIOLATED)
       PIN :   u_NV_NVDLA_cmac/u_core/u_active/dat_actv_data_reg2_reg_845_/Q
                              0.0856         0.0867        -0.0012  (VIOLATED)
   u_NV_NVDLA_cmac/u_core/wt1_actv_data[187]
                              0.0856         0.0867        -0.0012  (VIOLATED)
       PIN :   u_NV_NVDLA_cmac/u_core/u_active/wt1_actv_data_reg_187_/Q
                              0.0856         0.0867        -0.0012  (VIOLATED)
   u_NV_NVDLA_cmac/u_core/u_mac_5/pp_out_l2n7_1_d2[40]
                              0.0856         0.0867        -0.0012  (VIOLATED)
       PIN :   u_NV_NVDLA_cmac/u_core/u_mac_5/pp_out_l2n7_1_d2_reg_40_/Q
                              0.0856         0.0867        -0.0012  (VIOLATED)
   u_NV_NVDLA_cmac/u_core/wt6_actv_nan[20]
                              0.0861         0.0872        -0.0012  (VIOLATED)
       PIN :   u_NV_NVDLA_cmac/u_core/u_active/wt6_actv_nan_reg_20_/Q
                              0.0861         0.0872        -0.0012  (VIOLATED)
   u_NV_NVDLA_cmac/u_core/wt6_actv_data[572]
                              0.0861         0.0872        -0.0012  (VIOLATED)
       PIN :   u_NV_NVDLA_cmac/u_core/u_active/wt6_actv_data_reg_572_/Q
                              0.0861         0.0872        -0.0012  (VIOLATED)
   u_NV_NVDLA_cmac/u_core/u_mac_3/pp_out_l2n4_0_d2[25]
                              0.0856         0.0867        -0.0012  (VIOLATED)
       PIN :   u_NV_NVDLA_cmac/u_core/u_mac_3/pp_out_l2n4_0_d2_reg_25_/Q
                              0.0856         0.0867        -0.0012  (VIOLATED)
   u_NV_NVDLA_cmac/u_core/in_wt_data120[7]
                              0.0856         0.0867        -0.0012  (VIOLATED)
       PIN :   u_NV_NVDLA_cmac/u_core/u_rt_in/in_rt_wt_data_d1_reg_967_/Q
                              0.0856         0.0867        -0.0012  (VIOLATED)
   u_NV_NVDLA_cmac/u_core/wt5_actv_data[190]
                              0.0861         0.0872        -0.0011  (VIOLATED)
       PIN :   u_NV_NVDLA_cmac/u_core/u_active/wt5_actv_data_reg_190_/Q
                              0.0861         0.0872        -0.0011  (VIOLATED)
   u_NV_NVDLA_cmac/u_core/u_mac_5/pp_out_l0n10_1_d1[16]
                              0.0856         0.0867        -0.0011  (VIOLATED)
       PIN :   u_NV_NVDLA_cmac/u_core/u_mac_5/pp_out_l0n10_1_d1_reg_16_/Q
                              0.0856         0.0867        -0.0011  (VIOLATED)
   u_NV_NVDLA_cmac/u_core/u_mac_0/pp_out_l0n01_1_d1[5]
                              0.0856         0.0867        -0.0011  (VIOLATED)
       PIN :   u_NV_NVDLA_cmac/u_core/u_mac_0/pp_out_l0n01_1_d1_reg_5_/Q
                              0.0856         0.0867        -0.0011  (VIOLATED)
   u_NV_NVDLA_cmac/u_core/u_mac_4/pp_out_l0n02_1_d1[12]
                              0.0856         0.0867        -0.0011  (VIOLATED)
       PIN :   u_NV_NVDLA_cmac/u_core/u_mac_4/pp_out_l0n02_1_d1_reg_12_/Q
                              0.0856         0.0867        -0.0011  (VIOLATED)
   u_NV_NVDLA_cmac/u_core/wt6_actv_data[181]
                              0.0856         0.0867        -0.0011  (VIOLATED)
       PIN :   u_NV_NVDLA_cmac/u_core/u_active/wt6_actv_data_reg_181_/Q
                              0.0856         0.0867        -0.0011  (VIOLATED)
   u_NV_NVDLA_cmac/u_core/u_mac_7/pp_out_l0n09_1_d1[35]
                              0.0861         0.0872        -0.0011  (VIOLATED)
       PIN :   u_NV_NVDLA_cmac/u_core/u_mac_7/pp_out_l0n09_1_d1_reg_35_/Q
                              0.0861         0.0872        -0.0011  (VIOLATED)
   u_NV_NVDLA_cmac/u_core/u_mac_4/pp_out_l0n06_1_d1[8]
                              0.0856         0.0867        -0.0011  (VIOLATED)
       PIN :   u_NV_NVDLA_cmac/u_core/u_mac_4/pp_out_l0n06_1_d1_reg_8_/Q
                              0.0856         0.0867        -0.0011  (VIOLATED)
   u_NV_NVDLA_cmac/u_core/wt2_actv_data[405]
                              0.0856         0.0867        -0.0011  (VIOLATED)
       PIN :   u_NV_NVDLA_cmac/u_core/u_active/wt2_actv_data_reg_405_/Q
                              0.0856         0.0867        -0.0011  (VIOLATED)
   u_NV_NVDLA_cmac/u_core/u_mac_1/res_tag_b7_d1[42]
                              0.0856         0.0867        -0.0011  (VIOLATED)
       PIN :   u_NV_NVDLA_cmac/u_core/u_mac_1/res_tag_b7_d1_reg_42_/Q
                              0.0856         0.0867        -0.0011  (VIOLATED)
   u_NV_NVDLA_cmac/u_core/u_mac_5/pp_out_l0n07_0_d1[2]
                              0.0861         0.0872        -0.0011  (VIOLATED)
       PIN :   u_NV_NVDLA_cmac/u_core/u_mac_5/pp_out_l0n07_0_d1_reg_2_/Q
                              0.0861         0.0872        -0.0011  (VIOLATED)
   u_NV_NVDLA_cmac/u_core/u_mac_0/pp_out_l0n08_0_d1[0]
                              0.0856         0.0867        -0.0011  (VIOLATED)
       PIN :   u_NV_NVDLA_cmac/u_core/u_mac_0/pp_out_l0n08_0_d1_reg_0_/Q
                              0.0856         0.0867        -0.0011  (VIOLATED)
   u_NV_NVDLA_cmac/u_core/in_dat_data118[1]
                              0.0856         0.0867        -0.0011  (VIOLATED)
       PIN :   u_NV_NVDLA_cmac/u_core/u_rt_in/in_rt_dat_data_d1_reg_945_/Q
                              0.0856         0.0867        -0.0011  (VIOLATED)
   u_NV_NVDLA_cmac/u_core/u_active/wt_pre_nz[8]
                              0.0861         0.0872        -0.0011  (VIOLATED)
       PIN :   u_NV_NVDLA_cmac/u_core/u_active/wt_pre_nz_reg_8_/Q
                              0.0861         0.0872        -0.0011  (VIOLATED)
   u_NV_NVDLA_cmac/u_core/wt6_actv_data[308]
                              0.0861         0.0872        -0.0011  (VIOLATED)
       PIN :   u_NV_NVDLA_cmac/u_core/u_active/wt6_actv_data_reg_308_/Q
                              0.0861         0.0872        -0.0011  (VIOLATED)
   u_NV_NVDLA_cmac/u_core/dat5_actv_data[652]
                              0.0856         0.0867        -0.0011  (VIOLATED)
       PIN :   u_NV_NVDLA_cmac/u_core/u_active/dat_actv_data_reg5_reg_652_/Q
                              0.0856         0.0867        -0.0011  (VIOLATED)
   u_NV_NVDLA_cmac/u_core/u_active/wt6_sd_nz[101]
                              0.0856         0.0867        -0.0011  (VIOLATED)
       PIN :   u_NV_NVDLA_cmac/u_core/u_active/wt6_sd_nz_reg_101_/Q
                              0.0856         0.0867        -0.0011  (VIOLATED)
   u_NV_NVDLA_cmac/u_core/wt4_actv_data[251]
                              0.0856         0.0867        -0.0011  (VIOLATED)
       PIN :   u_NV_NVDLA_cmac/u_core/u_active/wt4_actv_data_reg_251_/Q
                              0.0856         0.0867        -0.0011  (VIOLATED)
   u_NV_NVDLA_cmac/u_core/wt3_actv_data[75]
                              0.0861         0.0871        -0.0011  (VIOLATED)
       PIN :   u_NV_NVDLA_cmac/u_core/u_active/wt3_actv_data_reg_75_/Q
                              0.0861         0.0871        -0.0011  (VIOLATED)
   u_NV_NVDLA_cmac/u_core/u_mac_2/pp_out_l0n02_0_d1[11]
                              0.0856         0.0867        -0.0011  (VIOLATED)
       PIN :   u_NV_NVDLA_cmac/u_core/u_mac_2/pp_out_l0n02_0_d1_reg_11_/Q
                              0.0856         0.0867        -0.0011  (VIOLATED)
   u_NV_NVDLA_cmac/u_core/u_mac_7/pp_out_l0n11_1_d1[3]
                              0.0861         0.0871        -0.0011  (VIOLATED)
       PIN :   u_NV_NVDLA_cmac/u_core/u_mac_7/pp_out_l0n11_1_d1_reg_3_/Q
                              0.0861         0.0871        -0.0011  (VIOLATED)
   u_NV_NVDLA_cmac/u_core/u_active/wt_pre_data[288]
                              0.0861         0.0871        -0.0011  (VIOLATED)
       PIN :   u_NV_NVDLA_cmac/u_core/u_active/wt_pre_data_reg_288_/Q
                              0.0861         0.0871        -0.0011  (VIOLATED)
   u_NV_NVDLA_cmac/u_core/dat5_actv_data[83]
                              0.0861         0.0871        -0.0011  (VIOLATED)
       PIN :   u_NV_NVDLA_cmac/u_core/u_active/dat_actv_data_reg5_reg_83_/Q
                              0.0861         0.0871        -0.0011  (VIOLATED)
   u_NV_NVDLA_cmac/u_core/u_mac_3/pp_out_l2n4_1_d2[21]
                              0.0856         0.0866        -0.0011  (VIOLATED)
       PIN :   u_NV_NVDLA_cmac/u_core/u_mac_3/pp_out_l2n4_1_d2_reg_21_/Q
                              0.0856         0.0866        -0.0011  (VIOLATED)
   u_NV_NVDLA_cmac/u_core/u_mac_1/res_tag_b6_d1[38]
                              0.0856         0.0866        -0.0011  (VIOLATED)
       PIN :   u_NV_NVDLA_cmac/u_core/u_mac_1/res_tag_b6_d1_reg_38_/Q
                              0.0856         0.0866        -0.0011  (VIOLATED)
   u_NV_NVDLA_cmac/u_core/dat3_actv_data[681]
                              0.0861         0.0871        -0.0011  (VIOLATED)
       PIN :   u_NV_NVDLA_cmac/u_core/u_active/dat_actv_data_reg3_reg_681_/Q
                              0.0861         0.0871        -0.0011  (VIOLATED)
   u_NV_NVDLA_cmac/u_core/u_mac_0/pp_out_l2n3_1_d2[22]
                              0.0856         0.0866        -0.0011  (VIOLATED)
       PIN :   u_NV_NVDLA_cmac/u_core/u_mac_0/pp_out_l2n3_1_d2_reg_22_/Q
                              0.0856         0.0866        -0.0011  (VIOLATED)
   u_NV_NVDLA_cmac/u_core/dat2_actv_data[697]
                              0.0856         0.0866        -0.0011  (VIOLATED)
       PIN :   u_NV_NVDLA_cmac/u_core/u_active/dat_actv_data_reg2_reg_697_/Q
                              0.0856         0.0866        -0.0011  (VIOLATED)
   u_NV_NVDLA_cmac/u_core/u_mac_5/res_tag_b3_d1[43]
                              0.0856         0.0866        -0.0010  (VIOLATED)
       PIN :   u_NV_NVDLA_cmac/u_core/u_mac_5/res_tag_b3_d1_reg_43_/Q
                              0.0856         0.0866        -0.0010  (VIOLATED)
   u_NV_NVDLA_cmac/u_core/dat5_actv_data[188]
                              0.0861         0.0871        -0.0010  (VIOLATED)
       PIN :   u_NV_NVDLA_cmac/u_core/u_active/dat_actv_data_reg5_reg_188_/Q
                              0.0861         0.0871        -0.0010  (VIOLATED)
   u_NV_NVDLA_cmac/u_core/in_dat_data24[3]
                              0.0856         0.0866        -0.0010  (VIOLATED)
       PIN :   u_NV_NVDLA_cmac/u_core/u_rt_in/in_rt_dat_data_d1_reg_195_/Q
                              0.0856         0.0866        -0.0010  (VIOLATED)
   u_NV_NVDLA_cmac/u_core/dat2_actv_data[297]
                              0.0856         0.0866        -0.0010  (VIOLATED)
       PIN :   u_NV_NVDLA_cmac/u_core/u_active/dat_actv_data_reg2_reg_297_/Q
                              0.0856         0.0866        -0.0010  (VIOLATED)
   u_NV_NVDLA_cmac/u_core/dat2_actv_data[268]
                              0.0856         0.0866        -0.0010  (VIOLATED)
       PIN :   u_NV_NVDLA_cmac/u_core/u_active/dat_actv_data_reg2_reg_268_/Q
                              0.0856         0.0866        -0.0010  (VIOLATED)
   u_NV_NVDLA_cmac/u_core/in_dat_data110[7]
                              0.0861         0.0871        -0.0010  (VIOLATED)
       PIN :   u_NV_NVDLA_cmac/u_core/u_rt_in/in_rt_dat_data_d1_reg_887_/Q
                              0.0861         0.0871        -0.0010  (VIOLATED)
   u_NV_NVDLA_cmac/u_core/u_mac_3/pp_out_l2n3_1_d2[24]
                              0.0856         0.0866        -0.0010  (VIOLATED)
       PIN :   u_NV_NVDLA_cmac/u_core/u_mac_3/pp_out_l2n3_1_d2_reg_24_/Q
                              0.0856         0.0866        -0.0010  (VIOLATED)
   u_NV_NVDLA_cmac/u_core/wt7_actv_data[189]
                              0.0856         0.0866        -0.0010  (VIOLATED)
       PIN :   u_NV_NVDLA_cmac/u_core/u_active/wt7_actv_data_reg_189_/Q
                              0.0856         0.0866        -0.0010  (VIOLATED)
   u_NV_NVDLA_cmac/u_core/in_wt_data84[7]
                              0.0861         0.0871        -0.0010  (VIOLATED)
       PIN :   u_NV_NVDLA_cmac/u_core/u_rt_in/in_rt_wt_data_d1_reg_679_/Q
                              0.0861         0.0871        -0.0010  (VIOLATED)
   u_NV_NVDLA_cmac/u_core/wt1_actv_data[753]
                              0.0856         0.0866        -0.0010  (VIOLATED)
       PIN :   u_NV_NVDLA_cmac/u_core/u_active/wt1_actv_data_reg_753_/Q
                              0.0856         0.0866        -0.0010  (VIOLATED)
   u_NV_NVDLA_cmac/u_core/u_mac_3/pp_out_l0n06_1_d1[2]
                              0.0856         0.0866        -0.0010  (VIOLATED)
       PIN :   u_NV_NVDLA_cmac/u_core/u_mac_3/pp_out_l0n06_1_d1_reg_2_/Q
                              0.0856         0.0866        -0.0010  (VIOLATED)
   u_NV_NVDLA_cmac/u_core/wt6_actv_data[568]
                              0.0861         0.0871        -0.0010  (VIOLATED)
       PIN :   u_NV_NVDLA_cmac/u_core/u_active/wt6_actv_data_reg_568_/Q
                              0.0861         0.0871        -0.0010  (VIOLATED)
   u_NV_NVDLA_cmac/u_core/dat6_actv_data[312]
                              0.0856         0.0866        -0.0010  (VIOLATED)
       PIN :   u_NV_NVDLA_cmac/u_core/u_active/dat_actv_data_reg6_reg_312_/Q
                              0.0856         0.0866        -0.0010  (VIOLATED)
   u_NV_NVDLA_cmac/u_core/wt1_actv_data[345]
                              0.0856         0.0866        -0.0010  (VIOLATED)
       PIN :   u_NV_NVDLA_cmac/u_core/u_active/wt1_actv_data_reg_345_/Q
                              0.0856         0.0866        -0.0010  (VIOLATED)
   u_NV_NVDLA_cmac/u_core/wt6_actv_data[400]
                              0.0861         0.0871        -0.0010  (VIOLATED)
       PIN :   u_NV_NVDLA_cmac/u_core/u_active/wt6_actv_data_reg_400_/Q
                              0.0861         0.0871        -0.0010  (VIOLATED)
   u_NV_NVDLA_cmac/u_core/wt1_actv_data[150]
                              0.0856         0.0866        -0.0010  (VIOLATED)
       PIN :   u_NV_NVDLA_cmac/u_core/u_active/wt1_actv_data_reg_150_/Q
                              0.0856         0.0866        -0.0010  (VIOLATED)
   u_NV_NVDLA_cmac/u_core/u_mac_4/exp_sft_03[1]
                              0.0856         0.0866        -0.0010  (VIOLATED)
       PIN :   u_NV_NVDLA_cmac/u_core/u_mac_4/u_exp/exp_sft_03_reg_1_/Q
                              0.0856         0.0866        -0.0010  (VIOLATED)
   u_NV_NVDLA_cmac/u_core/u_mac_5/pp_out_l0n00_1_d1[29]
                              0.0856         0.0866        -0.0010  (VIOLATED)
       PIN :   u_NV_NVDLA_cmac/u_core/u_mac_5/pp_out_l0n00_1_d1_reg_29_/Q
                              0.0856         0.0866        -0.0010  (VIOLATED)
   u_NV_NVDLA_cmac/u_core/dat6_actv_data[863]
                              0.0856         0.0866        -0.0010  (VIOLATED)
       PIN :   u_NV_NVDLA_cmac/u_core/u_active/dat_actv_data_reg6_reg_863_/Q
                              0.0856         0.0866        -0.0010  (VIOLATED)
   u_NV_NVDLA_cmac/u_core/out_data6[76]
                              0.0861         0.0871        -0.0010  (VIOLATED)
       PIN :   u_NV_NVDLA_cmac/u_core/u_mac_6/mac_out_data_reg_76_/Q
                              0.0861         0.0871        -0.0010  (VIOLATED)
   u_NV_NVDLA_cmac/u_core/u_mac_7/pp_out_l0n08_1_d1[15]
                              0.0856         0.0866        -0.0010  (VIOLATED)
       PIN :   u_NV_NVDLA_cmac/u_core/u_mac_7/pp_out_l0n08_1_d1_reg_15_/Q
                              0.0856         0.0866        -0.0010  (VIOLATED)
   u_NV_NVDLA_cmac/u_core/u_mac_5/pp_out_l0n04_0_d1[13]
                              0.0856         0.0866        -0.0010  (VIOLATED)
       PIN :   u_NV_NVDLA_cmac/u_core/u_mac_5/pp_out_l0n04_0_d1_reg_13_/Q
                              0.0856         0.0866        -0.0010  (VIOLATED)
   u_NV_NVDLA_cmac/u_core/dat2_actv_data[814]
                              0.0861         0.0871        -0.0010  (VIOLATED)
       PIN :   u_NV_NVDLA_cmac/u_core/u_active/dat_actv_data_reg2_reg_814_/Q
                              0.0861         0.0871        -0.0010  (VIOLATED)
   u_NV_NVDLA_cmac/u_core/u_mac_7/pp_out_l2n0_1_d2[22]
                              0.0856         0.0866        -0.0010  (VIOLATED)
       PIN :   u_NV_NVDLA_cmac/u_core/u_mac_7/pp_out_l2n0_1_d2_reg_22_/Q
                              0.0856         0.0866        -0.0010  (VIOLATED)
   u_NV_NVDLA_cmac/u_core/u_mac_1/pp_out_l0n09_1_d1[35]
                              0.0861         0.0870        -0.0010  (VIOLATED)
       PIN :   u_NV_NVDLA_cmac/u_core/u_mac_1/pp_out_l0n09_1_d1_reg_35_/Q
                              0.0861         0.0870        -0.0010  (VIOLATED)
   u_NV_NVDLA_cmac/u_core/dat1_actv_data[993]
                              0.0861         0.0870        -0.0010  (VIOLATED)
       PIN :   u_NV_NVDLA_cmac/u_core/u_active/dat_actv_data_reg1_reg_993_/Q
                              0.0861         0.0870        -0.0010  (VIOLATED)
   u_NV_NVDLA_cmac/u_core/u_active/wt_pre_data[729]
                              0.0856         0.0865        -0.0010  (VIOLATED)
       PIN :   u_NV_NVDLA_cmac/u_core/u_active/wt_pre_data_reg_729_/Q
                              0.0856         0.0865        -0.0010  (VIOLATED)
   u_NV_NVDLA_cmac/u_core/wt0_actv_data[306]
                              0.0861         0.0870        -0.0010  (VIOLATED)
       PIN :   u_NV_NVDLA_cmac/u_core/u_active/wt0_actv_data_reg_306_/Q
                              0.0861         0.0870        -0.0010  (VIOLATED)
   u_NV_NVDLA_cmac/u_core/u_mac_5/pp_out_l0n01_1_d1[14]
                              0.0856         0.0865        -0.0010  (VIOLATED)
       PIN :   u_NV_NVDLA_cmac/u_core/u_mac_5/pp_out_l0n01_1_d1_reg_14_/Q
                              0.0856         0.0865        -0.0010  (VIOLATED)
   u_NV_NVDLA_cmac/u_core/u_active/wt_pre_data[405]
                              0.0861         0.0870        -0.0010  (VIOLATED)
       PIN :   u_NV_NVDLA_cmac/u_core/u_active/wt_pre_data_reg_405_/Q
                              0.0861         0.0870        -0.0010  (VIOLATED)
   u_NV_NVDLA_cmac/u_core/u_active/wt0_sd_data[498]
                              0.0856         0.0865        -0.0010  (VIOLATED)
       PIN :   u_NV_NVDLA_cmac/u_core/u_active/wt0_sd_data_reg_498_/Q
                              0.0856         0.0865        -0.0010  (VIOLATED)
   u_NV_NVDLA_cmac/u_core/u_mac_2/pp_out_l0n07_0_d1[21]
                              0.0856         0.0865        -0.0010  (VIOLATED)
       PIN :   u_NV_NVDLA_cmac/u_core/u_mac_2/pp_out_l0n07_0_d1_reg_21_/Q
                              0.0856         0.0865        -0.0010  (VIOLATED)
   u_NV_NVDLA_cmac/u_core/u_mac_4/exp_sft_55[0]
                              0.0861         0.0870        -0.0010  (VIOLATED)
       PIN :   u_NV_NVDLA_cmac/u_core/u_mac_4/u_exp/exp_sft_55_reg_0_/Q
                              0.0861         0.0870        -0.0010  (VIOLATED)
   u_NV_NVDLA_cmac/u_core/in_dat_data60[0]
                              0.0861         0.0870        -0.0010  (VIOLATED)
       PIN :   u_NV_NVDLA_cmac/u_core/u_rt_in/in_rt_dat_data_d1_reg_480_/Q
                              0.0861         0.0870        -0.0010  (VIOLATED)
   u_NV_NVDLA_cmac/u_core/u_mac_2/ps_n1b1_d2[1]
                              0.0856         0.0865        -0.0010  (VIOLATED)
       PIN :   u_NV_NVDLA_cmac/u_core/u_mac_2/ps_n1b1_d2_reg_1_/Q
                              0.0856         0.0865        -0.0010  (VIOLATED)
   u_NV_NVDLA_cmac/u_core/u_mac_3/res_tag_b6_d1[35]
                              0.0856         0.0865        -0.0010  (VIOLATED)
       PIN :   u_NV_NVDLA_cmac/u_core/u_mac_3/res_tag_b6_d1_reg_35_/Q
                              0.0856         0.0865        -0.0010  (VIOLATED)
   u_NV_NVDLA_cmac/u_core/u_mac_1/pp_out_l0n12_0_d1[29]
                              0.0856         0.0865        -0.0010  (VIOLATED)
       PIN :   u_NV_NVDLA_cmac/u_core/u_mac_1/pp_out_l0n12_0_d1_reg_29_/Q
                              0.0856         0.0865        -0.0010  (VIOLATED)
   u_NV_NVDLA_cmac/u_core/u_active/wt_pre_data[109]
                              0.0861         0.0870        -0.0009  (VIOLATED)
       PIN :   u_NV_NVDLA_cmac/u_core/u_active/wt_pre_data_reg_109_/Q
                              0.0861         0.0870        -0.0009  (VIOLATED)
   u_NV_NVDLA_cmac/u_core/u_mac_1/pp_out_l0n12_0_d1[14]
                              0.0856         0.0865        -0.0009  (VIOLATED)
       PIN :   u_NV_NVDLA_cmac/u_core/u_mac_1/pp_out_l0n12_0_d1_reg_14_/Q
                              0.0856         0.0865        -0.0009  (VIOLATED)
   u_NV_NVDLA_cmac/u_core/dat2_actv_data[58]
                              0.0861         0.0870        -0.0009  (VIOLATED)
       PIN :   u_NV_NVDLA_cmac/u_core/u_active/dat_actv_data_reg2_reg_58_/Q
                              0.0861         0.0870        -0.0009  (VIOLATED)
   u_NV_NVDLA_cmac/u_core/wt3_actv_data[817]
                              0.0861         0.0870        -0.0009  (VIOLATED)
       PIN :   u_NV_NVDLA_cmac/u_core/u_active/wt3_actv_data_reg_817_/Q
                              0.0861         0.0870        -0.0009  (VIOLATED)
   u_NV_NVDLA_cmac/u_core/u_mac_5/res_tag_b3_d1[35]
                              0.0856         0.0865        -0.0009  (VIOLATED)
       PIN :   u_NV_NVDLA_cmac/u_core/u_mac_5/res_tag_b3_d1_reg_35_/Q
                              0.0856         0.0865        -0.0009  (VIOLATED)
   u_NV_NVDLA_cmac/u_core/dat2_actv_data[264]
                              0.0856         0.0865        -0.0009  (VIOLATED)
       PIN :   u_NV_NVDLA_cmac/u_core/u_active/dat_actv_data_reg2_reg_264_/Q
                              0.0856         0.0865        -0.0009  (VIOLATED)
   u_NV_NVDLA_cmac/u_core/wt4_actv_data[32]
                              0.0861         0.0870        -0.0009  (VIOLATED)
       PIN :   u_NV_NVDLA_cmac/u_core/u_active/wt4_actv_data_reg_32_/Q
                              0.0861         0.0870        -0.0009  (VIOLATED)
   u_NV_NVDLA_cmac/u_core/wt5_actv_data[661]
                              0.0861         0.0870        -0.0009  (VIOLATED)
       PIN :   u_NV_NVDLA_cmac/u_core/u_active/wt5_actv_data_reg_661_/Q
                              0.0861         0.0870        -0.0009  (VIOLATED)
   u_NV_NVDLA_cmac/u_core/wt0_actv_data[388]
                              0.0861         0.0870        -0.0009  (VIOLATED)
       PIN :   u_NV_NVDLA_cmac/u_core/u_active/wt0_actv_data_reg_388_/Q
                              0.0861         0.0870        -0.0009  (VIOLATED)
   u_NV_NVDLA_cmac/u_core/u_mac_4/pp_out_l0n04_0_d1[6]
                              0.0856         0.0865        -0.0009  (VIOLATED)
       PIN :   u_NV_NVDLA_cmac/u_core/u_mac_4/pp_out_l0n04_0_d1_reg_6_/Q
                              0.0856         0.0865        -0.0009  (VIOLATED)
   u_NV_NVDLA_cmac/u_core/in_wt_data121[0]
                              0.0856         0.0865        -0.0009  (VIOLATED)
       PIN :   u_NV_NVDLA_cmac/u_core/u_rt_in/in_rt_wt_data_d1_reg_968_/Q
                              0.0856         0.0865        -0.0009  (VIOLATED)
   u_NV_NVDLA_cmac/u_core/u_active/wt5_sd_data[800]
                              0.0856         0.0865        -0.0009  (VIOLATED)
       PIN :   u_NV_NVDLA_cmac/u_core/u_active/wt5_sd_data_reg_800_/Q
                              0.0856         0.0865        -0.0009  (VIOLATED)
   u_NV_NVDLA_cmac/u_core/u_mac_5/pp_out_l0n03_0_d1[0]
                              0.0856         0.0865        -0.0009  (VIOLATED)
       PIN :   u_NV_NVDLA_cmac/u_core/u_mac_5/pp_out_l0n03_0_d1_reg_0_/Q
                              0.0856         0.0865        -0.0009  (VIOLATED)
   u_NV_NVDLA_cmac/u_core/wt6_actv_data[872]
                              0.0861         0.0869        -0.0009  (VIOLATED)
       PIN :   u_NV_NVDLA_cmac/u_core/u_active/wt6_actv_data_reg_872_/Q
                              0.0861         0.0869        -0.0009  (VIOLATED)
   u_NV_NVDLA_cmac/u_core/wt5_actv_data[927]
                              0.0856         0.0865        -0.0009  (VIOLATED)
       PIN :   u_NV_NVDLA_cmac/u_core/u_active/wt5_actv_data_reg_927_/Q
                              0.0856         0.0865        -0.0009  (VIOLATED)
   u_NV_NVDLA_cmac/u_core/wt5_actv_nan[3]
                              0.0856         0.0865        -0.0009  (VIOLATED)
       PIN :   u_NV_NVDLA_cmac/u_core/u_active/wt5_actv_nan_reg_3_/Q
                              0.0856         0.0865        -0.0009  (VIOLATED)
   u_NV_NVDLA_cmac/u_core/u_active/wt_pre_data[478]
                              0.0861         0.0869        -0.0009  (VIOLATED)
       PIN :   u_NV_NVDLA_cmac/u_core/u_active/wt_pre_data_reg_478_/Q
                              0.0861         0.0869        -0.0009  (VIOLATED)
   u_NV_NVDLA_cmac/u_core/dat3_actv_nz[39]
                              0.0856         0.0864        -0.0009  (VIOLATED)
       PIN :   u_NV_NVDLA_cmac/u_core/u_active/dat_actv_nz_reg3_reg_39_/Q
                              0.0856         0.0864        -0.0009  (VIOLATED)
   u_NV_NVDLA_cmac/u_core/wt6_actv_data[504]
                              0.0861         0.0869        -0.0009  (VIOLATED)
       PIN :   u_NV_NVDLA_cmac/u_core/u_active/wt6_actv_data_reg_504_/Q
                              0.0861         0.0869        -0.0009  (VIOLATED)
   u_NV_NVDLA_cmac/u_core/out_data4[15]
                              0.0856         0.0864        -0.0009  (VIOLATED)
       PIN :   u_NV_NVDLA_cmac/u_core/u_mac_4/mac_out_data_reg_15_/Q
                              0.0856         0.0864        -0.0009  (VIOLATED)
   u_NV_NVDLA_cmac/u_core/u_mac_1/pp_out_l2n7_1_d2[39]
                              0.0856         0.0864        -0.0009  (VIOLATED)
       PIN :   u_NV_NVDLA_cmac/u_core/u_mac_1/pp_out_l2n7_1_d2_reg_39_/Q
                              0.0856         0.0864        -0.0009  (VIOLATED)
   u_NV_NVDLA_cmac/u_core/u_mac_6/pp_out_l0n15_1_d1[16]
                              0.0856         0.0864        -0.0009  (VIOLATED)
       PIN :   u_NV_NVDLA_cmac/u_core/u_mac_6/pp_out_l0n15_1_d1_reg_16_/Q
                              0.0856         0.0864        -0.0009  (VIOLATED)
   u_NV_NVDLA_cmac/u_core/out_data3[110]
                              0.0856         0.0864        -0.0009  (VIOLATED)
       PIN :   u_NV_NVDLA_cmac/u_core/u_mac_3/mac_out_data_reg_110_/Q
                              0.0856         0.0864        -0.0009  (VIOLATED)
   u_NV_NVDLA_cmac/u_core/u_mac_6/pp_out_l0n14_1_d1[7]
                              0.0856         0.0864        -0.0009  (VIOLATED)
       PIN :   u_NV_NVDLA_cmac/u_core/u_mac_6/pp_out_l0n14_1_d1_reg_7_/Q
                              0.0856         0.0864        -0.0009  (VIOLATED)
   u_NV_NVDLA_cmac/u_core/dat2_actv_data[589]
                              0.0861         0.0869        -0.0009  (VIOLATED)
       PIN :   u_NV_NVDLA_cmac/u_core/u_active/dat_actv_data_reg2_reg_589_/Q
                              0.0861         0.0869        -0.0009  (VIOLATED)
   u_NV_NVDLA_cmac/u_core/in_dat_data89[3]
                              0.0861         0.0869        -0.0009  (VIOLATED)
       PIN :   u_NV_NVDLA_cmac/u_core/u_rt_in/in_rt_dat_data_d1_reg_715_/Q
                              0.0861         0.0869        -0.0009  (VIOLATED)
   u_NV_NVDLA_cmac/u_core/u_mac_2/pp_out_l2n5_0_d2[20]
                              0.0856         0.0864        -0.0009  (VIOLATED)
       PIN :   u_NV_NVDLA_cmac/u_core/u_mac_2/pp_out_l2n5_0_d2_reg_20_/Q
                              0.0856         0.0864        -0.0009  (VIOLATED)
   u_NV_NVDLA_cmac/u_core/u_mac_5/pp_out_l0n05_0_d1[29]
                              0.0856         0.0864        -0.0009  (VIOLATED)
       PIN :   u_NV_NVDLA_cmac/u_core/u_mac_5/pp_out_l0n05_0_d1_reg_29_/Q
                              0.0856         0.0864        -0.0009  (VIOLATED)
   u_NV_NVDLA_cmac/u_core/u_mac_5/pp_out_l2n3_1_d2[40]
                              0.0856         0.0864        -0.0009  (VIOLATED)
       PIN :   u_NV_NVDLA_cmac/u_core/u_mac_5/pp_out_l2n3_1_d2_reg_40_/Q
                              0.0856         0.0864        -0.0009  (VIOLATED)
   u_NV_NVDLA_cmac/u_core/u_mac_0/pp_out_l2n5_1_d2[40]
                              0.0856         0.0864        -0.0009  (VIOLATED)
       PIN :   u_NV_NVDLA_cmac/u_core/u_mac_0/pp_out_l2n5_1_d2_reg_40_/Q
                              0.0856         0.0864        -0.0009  (VIOLATED)
   u_NV_NVDLA_cmac/u_core/u_mac_2/pp_out_l0n02_0_d1[9]
                              0.0856         0.0864        -0.0008  (VIOLATED)
       PIN :   u_NV_NVDLA_cmac/u_core/u_mac_2/pp_out_l0n02_0_d1_reg_9_/Q
                              0.0856         0.0864        -0.0008  (VIOLATED)
   u_NV_NVDLA_cmac/u_core/u_active/wt_pre_data[103]
                              0.0861         0.0869        -0.0008  (VIOLATED)
       PIN :   u_NV_NVDLA_cmac/u_core/u_active/wt_pre_data_reg_103_/Q
                              0.0861         0.0869        -0.0008  (VIOLATED)
   u_NV_NVDLA_cmac/u_core/u_mac_2/pp_out_l0n02_1_d1[13]
                              0.0856         0.0864        -0.0008  (VIOLATED)
       PIN :   u_NV_NVDLA_cmac/u_core/u_mac_2/pp_out_l0n02_1_d1_reg_13_/Q
                              0.0856         0.0864        -0.0008  (VIOLATED)
   u_NV_NVDLA_cmac/u_core/u_mac_1/pp_out_l0n03_1_d1[6]
                              0.0856         0.0864        -0.0008  (VIOLATED)
       PIN :   u_NV_NVDLA_cmac/u_core/u_mac_1/pp_out_l0n03_1_d1_reg_6_/Q
                              0.0856         0.0864        -0.0008  (VIOLATED)
   u_NV_NVDLA_cmac/u_core/u_mac_7/pp_out_l0n01_0_d1[20]
                              0.0856         0.0864        -0.0008  (VIOLATED)
       PIN :   u_NV_NVDLA_cmac/u_core/u_mac_7/pp_out_l0n01_0_d1_reg_20_/Q
                              0.0856         0.0864        -0.0008  (VIOLATED)
   u_NV_NVDLA_cmac/u_core/u_mac_5/pp_out_l0n01_0_d1[4]
                              0.0856         0.0864        -0.0008  (VIOLATED)
       PIN :   u_NV_NVDLA_cmac/u_core/u_mac_5/pp_out_l0n01_0_d1_reg_4_/Q
                              0.0856         0.0864        -0.0008  (VIOLATED)
   u_NV_NVDLA_cmac/u_core/wt7_actv_data[409]
                              0.0856         0.0864        -0.0008  (VIOLATED)
       PIN :   u_NV_NVDLA_cmac/u_core/u_active/wt7_actv_data_reg_409_/Q
                              0.0856         0.0864        -0.0008  (VIOLATED)
   u_NV_NVDLA_cmac/u_core/dat5_actv_data[1019]
                              0.0856         0.0864        -0.0008  (VIOLATED)
       PIN :   u_NV_NVDLA_cmac/u_core/u_active/dat_actv_data_reg5_reg_1019_/Q
                              0.0856         0.0864        -0.0008  (VIOLATED)
   u_NV_NVDLA_cmac/u_core/u_mac_5/pp_out_l0n03_0_d1[14]
                              0.0856         0.0864        -0.0008  (VIOLATED)
       PIN :   u_NV_NVDLA_cmac/u_core/u_mac_5/pp_out_l0n03_0_d1_reg_14_/Q
                              0.0856         0.0864        -0.0008  (VIOLATED)
   u_NV_NVDLA_cmac/u_core/u_active/wt4_sd_nan[36]
                              0.0856         0.0864        -0.0008  (VIOLATED)
       PIN :   u_NV_NVDLA_cmac/u_core/u_active/wt4_sd_nan_reg_36_/Q
                              0.0856         0.0864        -0.0008  (VIOLATED)
   u_NV_NVDLA_cmac/u_core/dat4_actv_data[967]
                              0.0861         0.0869        -0.0008  (VIOLATED)
       PIN :   u_NV_NVDLA_cmac/u_core/u_active/dat_actv_data_reg4_reg_967_/Q
                              0.0861         0.0869        -0.0008  (VIOLATED)
   u_NV_NVDLA_cmac/u_core/dat7_actv_data[527]
                              0.0856         0.0864        -0.0008  (VIOLATED)
       PIN :   u_NV_NVDLA_cmac/u_core/u_active/dat_actv_data_reg7_reg_527_/Q
                              0.0856         0.0864        -0.0008  (VIOLATED)
   u_NV_NVDLA_cmac/u_core/dat4_actv_data[437]
                              0.0861         0.0869        -0.0008  (VIOLATED)
       PIN :   u_NV_NVDLA_cmac/u_core/u_active/dat_actv_data_reg4_reg_437_/Q
                              0.0861         0.0869        -0.0008  (VIOLATED)
   u_NV_NVDLA_cmac/u_core/u_mac_7/pp_out_l0n01_0_d1[13]
                              0.0856         0.0864        -0.0008  (VIOLATED)
       PIN :   u_NV_NVDLA_cmac/u_core/u_mac_7/pp_out_l0n01_0_d1_reg_13_/Q
                              0.0856         0.0864        -0.0008  (VIOLATED)
   u_NV_NVDLA_cmac/u_core/u_mac_7/exp_sft_14[1]
                              0.0861         0.0869        -0.0008  (VIOLATED)
       PIN :   u_NV_NVDLA_cmac/u_core/u_mac_7/u_exp/exp_sft_14_reg_1_/Q
                              0.0861         0.0869        -0.0008  (VIOLATED)
   u_NV_NVDLA_cmac/u_core/dat6_actv_data[940]
                              0.0861         0.0869        -0.0008  (VIOLATED)
       PIN :   u_NV_NVDLA_cmac/u_core/u_active/dat_actv_data_reg6_reg_940_/Q
                              0.0861         0.0869        -0.0008  (VIOLATED)
   u_NV_NVDLA_cmac/u_core/dat7_actv_data[23]
                              0.0856         0.0864        -0.0008  (VIOLATED)
       PIN :   u_NV_NVDLA_cmac/u_core/u_active/dat_actv_data_reg7_reg_23_/Q
                              0.0856         0.0864        -0.0008  (VIOLATED)
   u_NV_NVDLA_cmac/u_core/in_wt_data80[7]
                              0.0861         0.0869        -0.0008  (VIOLATED)
       PIN :   u_NV_NVDLA_cmac/u_core/u_rt_in/in_rt_wt_data_d1_reg_647_/Q
                              0.0861         0.0869        -0.0008  (VIOLATED)
   u_NV_NVDLA_cmac/u_core/wt1_actv_data[182]
                              0.0856         0.0864        -0.0008  (VIOLATED)
       PIN :   u_NV_NVDLA_cmac/u_core/u_active/wt1_actv_data_reg_182_/Q
                              0.0856         0.0864        -0.0008  (VIOLATED)
   u_NV_NVDLA_cmac/u_core/wt3_actv_data[175]
                              0.0861         0.0868        -0.0008  (VIOLATED)
       PIN :   u_NV_NVDLA_cmac/u_core/u_active/wt3_actv_data_reg_175_/Q
                              0.0861         0.0868        -0.0008  (VIOLATED)
   u_NV_NVDLA_cmac/u_core/u_mac_5/pp_out_l0n07_0_d1[17]
                              0.0856         0.0864        -0.0008  (VIOLATED)
       PIN :   u_NV_NVDLA_cmac/u_core/u_mac_5/pp_out_l0n07_0_d1_reg_17_/Q
                              0.0856         0.0864        -0.0008  (VIOLATED)
   u_NV_NVDLA_cmac/u_core/wt3_actv_data[700]
                              0.0861         0.0868        -0.0008  (VIOLATED)
       PIN :   u_NV_NVDLA_cmac/u_core/u_active/wt3_actv_data_reg_700_/Q
                              0.0861         0.0868        -0.0008  (VIOLATED)
   u_NV_NVDLA_cmac/u_core/dat4_actv_data[229]
                              0.0861         0.0868        -0.0008  (VIOLATED)
       PIN :   u_NV_NVDLA_cmac/u_core/u_active/dat_actv_data_reg4_reg_229_/Q
                              0.0861         0.0868        -0.0008  (VIOLATED)
   u_NV_NVDLA_cmac/u_core/u_mac_7/pp_out_l2n7_1_d2[37]
                              0.0856         0.0864        -0.0008  (VIOLATED)
       PIN :   u_NV_NVDLA_cmac/u_core/u_mac_7/pp_out_l2n7_1_d2_reg_37_/Q
                              0.0856         0.0864        -0.0008  (VIOLATED)
   u_NV_NVDLA_cmac/u_core/dat2_actv_data[109]
                              0.0856         0.0864        -0.0008  (VIOLATED)
       PIN :   u_NV_NVDLA_cmac/u_core/u_active/dat_actv_data_reg2_reg_109_/Q
                              0.0856         0.0864        -0.0008  (VIOLATED)
   u_NV_NVDLA_cmac/u_core/dat6_actv_data[274]
                              0.0861         0.0868        -0.0008  (VIOLATED)
       PIN :   u_NV_NVDLA_cmac/u_core/u_active/dat_actv_data_reg6_reg_274_/Q
                              0.0861         0.0868        -0.0008  (VIOLATED)
   u_NV_NVDLA_cmac/u_core/dat3_actv_nan[20]
                              0.0856         0.0863        -0.0008  (VIOLATED)
       PIN :   u_NV_NVDLA_cmac/u_core/u_active/dat_actv_nan_reg3_reg_20_/Q
                              0.0856         0.0863        -0.0008  (VIOLATED)
   u_NV_NVDLA_cmac/u_core/dat0_actv_data[80]
                              0.0861         0.0868        -0.0008  (VIOLATED)
       PIN :   u_NV_NVDLA_cmac/u_core/u_active/dat_actv_data_reg0_reg_80_/Q
                              0.0861         0.0868        -0.0008  (VIOLATED)
   u_NV_NVDLA_cmac/u_core/wt6_actv_nan[21]
                              0.0861         0.0868        -0.0008  (VIOLATED)
       PIN :   u_NV_NVDLA_cmac/u_core/u_active/wt6_actv_nan_reg_21_/Q
                              0.0861         0.0868        -0.0008  (VIOLATED)
   u_NV_NVDLA_cmac/u_core/u_mac_5/pp_out_l0n04_1_d1[17]
                              0.0856         0.0863        -0.0008  (VIOLATED)
       PIN :   u_NV_NVDLA_cmac/u_core/u_mac_5/pp_out_l0n04_1_d1_reg_17_/Q
                              0.0856         0.0863        -0.0008  (VIOLATED)
   u_NV_NVDLA_cmac/u_core/u_mac_0/pp_out_l0n13_1_d1[26]
                              0.0856         0.0863        -0.0008  (VIOLATED)
       PIN :   u_NV_NVDLA_cmac/u_core/u_mac_0/pp_out_l0n13_1_d1_reg_26_/Q
                              0.0856         0.0863        -0.0008  (VIOLATED)
   u_NV_NVDLA_cmac/u_core/u_mac_1/pp_out_l0n01_1_d1[3]
                              0.0861         0.0868        -0.0008  (VIOLATED)
       PIN :   u_NV_NVDLA_cmac/u_core/u_mac_1/pp_out_l0n01_1_d1_reg_3_/Q
                              0.0861         0.0868        -0.0008  (VIOLATED)
   u_NV_NVDLA_cmac/u_core/u_mac_0/pp_out_l0n13_1_d1[27]
                              0.0856         0.0863        -0.0008  (VIOLATED)
       PIN :   u_NV_NVDLA_cmac/u_core/u_mac_0/pp_out_l0n13_1_d1_reg_27_/Q
                              0.0856         0.0863        -0.0008  (VIOLATED)
   u_NV_NVDLA_cmac/u_core/in_dat_data125[5]
                              0.0856         0.0863        -0.0008  (VIOLATED)
       PIN :   u_NV_NVDLA_cmac/u_core/u_rt_in/in_rt_dat_data_d1_reg_1005_/Q
                              0.0856         0.0863        -0.0008  (VIOLATED)
   u_NV_NVDLA_cmac/u_core/u_mac_0/pp_out_l2n7_1_d2[29]
                              0.0856         0.0863        -0.0008  (VIOLATED)
       PIN :   u_NV_NVDLA_cmac/u_core/u_mac_0/pp_out_l2n7_1_d2_reg_29_/Q
                              0.0856         0.0863        -0.0008  (VIOLATED)
   u_NV_NVDLA_cmac/u_core/wt7_actv_nan[18]
                              0.0861         0.0868        -0.0008  (VIOLATED)
       PIN :   u_NV_NVDLA_cmac/u_core/u_active/wt7_actv_nan_reg_18_/Q
                              0.0861         0.0868        -0.0008  (VIOLATED)
   u_NV_NVDLA_cmac/u_core/u_mac_5/pp_out_l0n06_0_d1[23]
                              0.0856         0.0863        -0.0008  (VIOLATED)
       PIN :   u_NV_NVDLA_cmac/u_core/u_mac_5/pp_out_l0n06_0_d1_reg_23_/Q
                              0.0856         0.0863        -0.0008  (VIOLATED)
   u_NV_NVDLA_cmac/u_core/u_mac_0/pp_out_l0n03_0_d1[19]
                              0.0856         0.0863        -0.0008  (VIOLATED)
       PIN :   u_NV_NVDLA_cmac/u_core/u_mac_0/pp_out_l0n03_0_d1_reg_19_/Q
                              0.0856         0.0863        -0.0008  (VIOLATED)
   u_NV_NVDLA_cmac/u_core/u_mac_1/pp_out_l0n01_1_d1[2]
                              0.0861         0.0868        -0.0008  (VIOLATED)
       PIN :   u_NV_NVDLA_cmac/u_core/u_mac_1/pp_out_l0n01_1_d1_reg_2_/Q
                              0.0861         0.0868        -0.0008  (VIOLATED)
   u_NV_NVDLA_cmac/u_core/wt3_actv_data[290]
                              0.0861         0.0868        -0.0008  (VIOLATED)
       PIN :   u_NV_NVDLA_cmac/u_core/u_active/wt3_actv_data_reg_290_/Q
                              0.0861         0.0868        -0.0008  (VIOLATED)
   u_NV_NVDLA_cmac/u_core/wt2_actv_data[617]
                              0.0861         0.0868        -0.0008  (VIOLATED)
       PIN :   u_NV_NVDLA_cmac/u_core/u_active/wt2_actv_data_reg_617_/Q
                              0.0861         0.0868        -0.0008  (VIOLATED)
   u_NV_NVDLA_cmac/u_core/wt2_actv_data[276]
                              0.0856         0.0863        -0.0008  (VIOLATED)
       PIN :   u_NV_NVDLA_cmac/u_core/u_active/wt2_actv_data_reg_276_/Q
                              0.0856         0.0863        -0.0008  (VIOLATED)
   u_NV_NVDLA_cmac/u_core/wt4_actv_data[164]
                              0.0861         0.0868        -0.0008  (VIOLATED)
       PIN :   u_NV_NVDLA_cmac/u_core/u_active/wt4_actv_data_reg_164_/Q
                              0.0861         0.0868        -0.0008  (VIOLATED)
   u_NV_NVDLA_cmac/u_core/dat0_actv_data[300]
                              0.0861         0.0868        -0.0008  (VIOLATED)
       PIN :   u_NV_NVDLA_cmac/u_core/u_active/dat_actv_data_reg0_reg_300_/Q
                              0.0861         0.0868        -0.0008  (VIOLATED)
   u_NV_NVDLA_cmac/u_core/u_mac_1/pp_out_l0n11_0_d1[32]
                              0.0856         0.0863        -0.0008  (VIOLATED)
       PIN :   u_NV_NVDLA_cmac/u_core/u_mac_1/pp_out_l0n11_0_d1_reg_32_/Q
                              0.0856         0.0863        -0.0008  (VIOLATED)
   u_NV_NVDLA_cmac/u_core/u_active/wt6_sd_nz[61]
                              0.0856         0.0863        -0.0008  (VIOLATED)
       PIN :   u_NV_NVDLA_cmac/u_core/u_active/wt6_sd_nz_reg_61_/Q
                              0.0856         0.0863        -0.0008  (VIOLATED)
   u_NV_NVDLA_cmac/u_core/u_active/wt_pre_data[990]
                              0.0856         0.0863        -0.0008  (VIOLATED)
       PIN :   u_NV_NVDLA_cmac/u_core/u_active/wt_pre_data_reg_990_/Q
                              0.0856         0.0863        -0.0008  (VIOLATED)
   u_NV_NVDLA_cmac/u_core/dat5_actv_data[443]
                              0.0861         0.0868        -0.0008  (VIOLATED)
       PIN :   u_NV_NVDLA_cmac/u_core/u_active/dat_actv_data_reg5_reg_443_/Q
                              0.0861         0.0868        -0.0008  (VIOLATED)
   u_NV_NVDLA_cmac/u_core/u_mac_2/pp_out_l0n01_0_d1[30]
                              0.0856         0.0863        -0.0008  (VIOLATED)
       PIN :   u_NV_NVDLA_cmac/u_core/u_mac_2/pp_out_l0n01_0_d1_reg_30_/Q
                              0.0856         0.0863        -0.0008  (VIOLATED)
   u_NV_NVDLA_cmac/u_core/u_mac_7/exp_sft_25[0]
                              0.0861         0.0868        -0.0007  (VIOLATED)
       PIN :   u_NV_NVDLA_cmac/u_core/u_mac_7/u_exp/exp_sft_25_reg_0_/Q
                              0.0861         0.0868        -0.0007  (VIOLATED)
   u_NV_NVDLA_cmac/u_core/u_mac_3/pp_out_l0n08_1_d1[12]
                              0.0856         0.0863        -0.0007  (VIOLATED)
       PIN :   u_NV_NVDLA_cmac/u_core/u_mac_3/pp_out_l0n08_1_d1_reg_12_/Q
                              0.0856         0.0863        -0.0007  (VIOLATED)
   u_NV_NVDLA_cmac/u_core/u_mac_6/pp_out_l0n13_1_d1[2]
                              0.0856         0.0863        -0.0007  (VIOLATED)
       PIN :   u_NV_NVDLA_cmac/u_core/u_mac_6/pp_out_l0n13_1_d1_reg_2_/Q
                              0.0856         0.0863        -0.0007  (VIOLATED)
   u_NV_NVDLA_cmac/u_core/dat3_pre_mask[55]
                              0.0861         0.0868        -0.0007  (VIOLATED)
       PIN :   u_NV_NVDLA_cmac/u_core/u_active/dat_pre_mask3_reg_55_/Q
                              0.0861         0.0868        -0.0007  (VIOLATED)
   u_NV_NVDLA_cmac/u_core/u_active/wt1_sd_nz[13]
                              0.0856         0.0863        -0.0007  (VIOLATED)
       PIN :   u_NV_NVDLA_cmac/u_core/u_active/wt1_sd_nz_reg_13_/Q
                              0.0856         0.0863        -0.0007  (VIOLATED)
   u_NV_NVDLA_cmac/u_core/in_dat_data47[1]
                              0.0861         0.0868        -0.0007  (VIOLATED)
       PIN :   u_NV_NVDLA_cmac/u_core/u_rt_in/in_rt_dat_data_d1_reg_377_/Q
                              0.0861         0.0868        -0.0007  (VIOLATED)
   u_NV_NVDLA_cmac/u_core/u_mac_1/pp_out_l0n12_1_d1[3]
                              0.0856         0.0863        -0.0007  (VIOLATED)
       PIN :   u_NV_NVDLA_cmac/u_core/u_mac_1/pp_out_l0n12_1_d1_reg_3_/Q
                              0.0856         0.0863        -0.0007  (VIOLATED)
   u_NV_NVDLA_cmac/u_core/dat0_actv_data[87]
                              0.0856         0.0863        -0.0007  (VIOLATED)
       PIN :   u_NV_NVDLA_cmac/u_core/u_active/dat_actv_data_reg0_reg_87_/Q
                              0.0856         0.0863        -0.0007  (VIOLATED)
   u_NV_NVDLA_cmac/u_core/u_active/wt_pre_data[502]
                              0.0856         0.0863        -0.0007  (VIOLATED)
       PIN :   u_NV_NVDLA_cmac/u_core/u_active/wt_pre_data_reg_502_/Q
                              0.0856         0.0863        -0.0007  (VIOLATED)
   u_NV_NVDLA_cmac/u_core/u_mac_4/pp_out_l0n06_1_d1[6]
                              0.0856         0.0863        -0.0007  (VIOLATED)
       PIN :   u_NV_NVDLA_cmac/u_core/u_mac_4/pp_out_l0n06_1_d1_reg_6_/Q
                              0.0856         0.0863        -0.0007  (VIOLATED)
   u_NV_NVDLA_cmac/u_core/u_mac_0/pp_out_l2n7_1_d2[31]
                              0.0856         0.0863        -0.0007  (VIOLATED)
       PIN :   u_NV_NVDLA_cmac/u_core/u_mac_0/pp_out_l2n7_1_d2_reg_31_/Q
                              0.0856         0.0863        -0.0007  (VIOLATED)
   u_NV_NVDLA_cmac/u_core/dat4_actv_data[761]
                              0.0856         0.0863        -0.0007  (VIOLATED)
       PIN :   u_NV_NVDLA_cmac/u_core/u_active/dat_actv_data_reg4_reg_761_/Q
                              0.0856         0.0863        -0.0007  (VIOLATED)
   u_NV_NVDLA_cmac/u_core/dat3_actv_data[657]
                              0.0856         0.0863        -0.0007  (VIOLATED)
       PIN :   u_NV_NVDLA_cmac/u_core/u_active/dat_actv_data_reg3_reg_657_/Q
                              0.0856         0.0863        -0.0007  (VIOLATED)
   u_NV_NVDLA_cmac/u_core/dat5_actv_data[1015]
                              0.0861         0.0868        -0.0007  (VIOLATED)
       PIN :   u_NV_NVDLA_cmac/u_core/u_active/dat_actv_data_reg5_reg_1015_/Q
                              0.0861         0.0868        -0.0007  (VIOLATED)
   u_NV_NVDLA_cmac/u_core/wt7_actv_data[477]
                              0.0861         0.0868        -0.0007  (VIOLATED)
       PIN :   u_NV_NVDLA_cmac/u_core/u_active/wt7_actv_data_reg_477_/Q
                              0.0861         0.0868        -0.0007  (VIOLATED)
   u_NV_NVDLA_cmac/u_core/dat1_actv_data[229]
                              0.0861         0.0868        -0.0007  (VIOLATED)
       PIN :   u_NV_NVDLA_cmac/u_core/u_active/dat_actv_data_reg1_reg_229_/Q
                              0.0861         0.0868        -0.0007  (VIOLATED)
   u_NV_NVDLA_cmac/u_core/u_mac_3/pp_out_l0n07_0_d1[1]
                              0.0856         0.0863        -0.0007  (VIOLATED)
       PIN :   u_NV_NVDLA_cmac/u_core/u_mac_3/pp_out_l0n07_0_d1_reg_1_/Q
                              0.0856         0.0863        -0.0007  (VIOLATED)
   u_NV_NVDLA_cmac/u_core/in_dat_data66[0]
                              0.0861         0.0868        -0.0007  (VIOLATED)
       PIN :   u_NV_NVDLA_cmac/u_core/u_rt_in/in_rt_dat_data_d1_reg_528_/Q
                              0.0861         0.0868        -0.0007  (VIOLATED)
   u_NV_NVDLA_cmac/u_core/u_mac_4/pp_out_l0n06_1_d1[7]
                              0.0856         0.0863        -0.0007  (VIOLATED)
       PIN :   u_NV_NVDLA_cmac/u_core/u_mac_4/pp_out_l0n06_1_d1_reg_7_/Q
                              0.0856         0.0863        -0.0007  (VIOLATED)
   u_NV_NVDLA_cmac/u_core/dat0_actv_nan[11]
                              0.0856         0.0863        -0.0007  (VIOLATED)
       PIN :   u_NV_NVDLA_cmac/u_core/u_active/dat_actv_nan_reg0_reg_11_/Q
                              0.0856         0.0863        -0.0007  (VIOLATED)
   u_NV_NVDLA_cmac/u_core/in_wt_data83[0]
                              0.0856         0.0863        -0.0007  (VIOLATED)
       PIN :   u_NV_NVDLA_cmac/u_core/u_rt_in/in_rt_wt_data_d1_reg_664_/Q
                              0.0856         0.0863        -0.0007  (VIOLATED)
   u_NV_NVDLA_cmac/u_core/in_wt_data113[0]
                              0.0856         0.0863        -0.0007  (VIOLATED)
       PIN :   u_NV_NVDLA_cmac/u_core/u_rt_in/in_rt_wt_data_d1_reg_904_/Q
                              0.0856         0.0863        -0.0007  (VIOLATED)
   u_NV_NVDLA_cmac/u_core/dat6_actv_data[240]
                              0.0861         0.0868        -0.0007  (VIOLATED)
       PIN :   u_NV_NVDLA_cmac/u_core/u_active/dat_actv_data_reg6_reg_240_/Q
                              0.0861         0.0868        -0.0007  (VIOLATED)
   u_NV_NVDLA_cmac/u_core/dat3_actv_data[684]
                              0.0861         0.0868        -0.0007  (VIOLATED)
       PIN :   u_NV_NVDLA_cmac/u_core/u_active/dat_actv_data_reg3_reg_684_/Q
                              0.0861         0.0868        -0.0007  (VIOLATED)
   u_NV_NVDLA_cmac/u_core/in_dat_data27[6]
                              0.0861         0.0867        -0.0007  (VIOLATED)
       PIN :   u_NV_NVDLA_cmac/u_core/u_rt_in/in_rt_dat_data_d1_reg_222_/Q
                              0.0861         0.0867        -0.0007  (VIOLATED)
   u_NV_NVDLA_cmac/u_core/dat6_actv_nz[126]
                              0.0856         0.0863        -0.0007  (VIOLATED)
       PIN :   u_NV_NVDLA_cmac/u_core/u_active/dat_actv_nz_reg6_reg_126_/Q
                              0.0856         0.0863        -0.0007  (VIOLATED)
   u_NV_NVDLA_cmac/u_core/wt5_actv_data[265]
                              0.0861         0.0867        -0.0007  (VIOLATED)
       PIN :   u_NV_NVDLA_cmac/u_core/u_active/wt5_actv_data_reg_265_/Q
                              0.0861         0.0867        -0.0007  (VIOLATED)
   u_NV_NVDLA_cmac/u_core/dat6_actv_data[336]
                              0.0856         0.0863        -0.0007  (VIOLATED)
       PIN :   u_NV_NVDLA_cmac/u_core/u_active/dat_actv_data_reg6_reg_336_/Q
                              0.0856         0.0863        -0.0007  (VIOLATED)
   u_NV_NVDLA_cmac/u_core/u_mac_6/pp_out_l0n15_1_d1[7]
                              0.0856         0.0863        -0.0007  (VIOLATED)
       PIN :   u_NV_NVDLA_cmac/u_core/u_mac_6/pp_out_l0n15_1_d1_reg_7_/Q
                              0.0856         0.0863        -0.0007  (VIOLATED)
   u_NV_NVDLA_cmac/u_core/dat1_actv_nan[2]
                              0.0861         0.0867        -0.0007  (VIOLATED)
       PIN :   u_NV_NVDLA_cmac/u_core/u_active/dat_actv_nan_reg1_reg_2_/Q
                              0.0861         0.0867        -0.0007  (VIOLATED)
   u_NV_NVDLA_cmac/u_core/u_mac_5/pp_out_l2n1_0_d2[0]
                              0.0856         0.0862        -0.0007  (VIOLATED)
       PIN :   u_NV_NVDLA_cmac/u_core/u_mac_5/pp_out_l2n1_0_d2_reg_0_/Q
                              0.0856         0.0862        -0.0007  (VIOLATED)
   u_NV_NVDLA_cmac/u_core/dat4_actv_data[37]
                              0.0861         0.0867        -0.0007  (VIOLATED)
       PIN :   u_NV_NVDLA_cmac/u_core/u_active/dat_actv_data_reg4_reg_37_/Q
                              0.0861         0.0867        -0.0007  (VIOLATED)
   u_NV_NVDLA_cmac/u_core/u_mac_5/pp_out_l0n04_0_d1[8]
                              0.0856         0.0862        -0.0007  (VIOLATED)
       PIN :   u_NV_NVDLA_cmac/u_core/u_mac_5/pp_out_l0n04_0_d1_reg_8_/Q
                              0.0856         0.0862        -0.0007  (VIOLATED)
   u_NV_NVDLA_cmac/u_core/wt3_actv_data[692]
                              0.0861         0.0867        -0.0007  (VIOLATED)
       PIN :   u_NV_NVDLA_cmac/u_core/u_active/wt3_actv_data_reg_692_/Q
                              0.0861         0.0867        -0.0007  (VIOLATED)
   u_NV_NVDLA_cmac/u_core/dat5_actv_data[479]
                              0.0856         0.0862        -0.0007  (VIOLATED)
       PIN :   u_NV_NVDLA_cmac/u_core/u_active/dat_actv_data_reg5_reg_479_/Q
                              0.0856         0.0862        -0.0007  (VIOLATED)
   u_NV_NVDLA_cmac/u_core/wt4_actv_data[510]
                              0.0856         0.0862        -0.0007  (VIOLATED)
       PIN :   u_NV_NVDLA_cmac/u_core/u_active/wt4_actv_data_reg_510_/Q
                              0.0856         0.0862        -0.0007  (VIOLATED)
   u_NV_NVDLA_cmac/u_core/dat2_actv_data[461]
                              0.0861         0.0867        -0.0007  (VIOLATED)
       PIN :   u_NV_NVDLA_cmac/u_core/u_active/dat_actv_data_reg2_reg_461_/Q
                              0.0861         0.0867        -0.0007  (VIOLATED)
   u_NV_NVDLA_cmac/u_core/u_mac_2/pp_out_l0n15_0_d1[8]
                              0.0856         0.0862        -0.0007  (VIOLATED)
       PIN :   u_NV_NVDLA_cmac/u_core/u_mac_2/pp_out_l0n15_0_d1_reg_8_/Q
                              0.0856         0.0862        -0.0007  (VIOLATED)
   u_NV_NVDLA_cmac/u_core/u_mac_3/pp_out_l2n0_1_d2[37]
                              0.0856         0.0862        -0.0007  (VIOLATED)
       PIN :   u_NV_NVDLA_cmac/u_core/u_mac_3/pp_out_l2n0_1_d2_reg_37_/Q
                              0.0856         0.0862        -0.0007  (VIOLATED)
   u_NV_NVDLA_cmac/u_core/dat3_actv_data[642]
                              0.0861         0.0867        -0.0007  (VIOLATED)
       PIN :   u_NV_NVDLA_cmac/u_core/u_active/dat_actv_data_reg3_reg_642_/Q
                              0.0861         0.0867        -0.0007  (VIOLATED)
   u_NV_NVDLA_cmac/u_core/in_wt_data113[4]
                              0.0861         0.0867        -0.0007  (VIOLATED)
       PIN :   u_NV_NVDLA_cmac/u_core/u_rt_in/in_rt_wt_data_d1_reg_908_/Q
                              0.0861         0.0867        -0.0007  (VIOLATED)
   u_NV_NVDLA_cmac/u_core/wt7_actv_data[154]
                              0.0856         0.0862        -0.0007  (VIOLATED)
       PIN :   u_NV_NVDLA_cmac/u_core/u_active/wt7_actv_data_reg_154_/Q
                              0.0856         0.0862        -0.0007  (VIOLATED)
   u_NV_NVDLA_cmac/u_core/dat5_actv_data[851]
                              0.0861         0.0867        -0.0007  (VIOLATED)
       PIN :   u_NV_NVDLA_cmac/u_core/u_active/dat_actv_data_reg5_reg_851_/Q
                              0.0861         0.0867        -0.0007  (VIOLATED)
   u_NV_NVDLA_cmac/u_core/wt4_actv_data[952]
                              0.0861         0.0867        -0.0007  (VIOLATED)
       PIN :   u_NV_NVDLA_cmac/u_core/u_active/wt4_actv_data_reg_952_/Q
                              0.0861         0.0867        -0.0007  (VIOLATED)
   u_NV_NVDLA_cmac/u_core/u_mac_4/pp_out_l0n07_1_d1[32]
                              0.0856         0.0862        -0.0007  (VIOLATED)
       PIN :   u_NV_NVDLA_cmac/u_core/u_mac_4/pp_out_l0n07_1_d1_reg_32_/Q
                              0.0856         0.0862        -0.0007  (VIOLATED)
   u_NV_NVDLA_cmac/u_core/u_mac_6/pp_out_l0n09_0_d1[30]
                              0.0856         0.0862        -0.0006  (VIOLATED)
       PIN :   u_NV_NVDLA_cmac/u_core/u_mac_6/pp_out_l0n09_0_d1_reg_30_/Q
                              0.0856         0.0862        -0.0006  (VIOLATED)
   u_NV_NVDLA_cmac/u_core/u_mac_2/pp_out_l0n06_0_d1[21]
                              0.0856         0.0862        -0.0006  (VIOLATED)
       PIN :   u_NV_NVDLA_cmac/u_core/u_mac_2/pp_out_l0n06_0_d1_reg_21_/Q
                              0.0856         0.0862        -0.0006  (VIOLATED)
   u_NV_NVDLA_cmac/u_core/wt3_actv_data[535]
                              0.0861         0.0867        -0.0006  (VIOLATED)
       PIN :   u_NV_NVDLA_cmac/u_core/u_active/wt3_actv_data_reg_535_/Q
                              0.0861         0.0867        -0.0006  (VIOLATED)
   u_NV_NVDLA_cmac/u_core/u_mac_2/pp_out_l0n15_1_d1[9]
                              0.0856         0.0862        -0.0006  (VIOLATED)
       PIN :   u_NV_NVDLA_cmac/u_core/u_mac_2/pp_out_l0n15_1_d1_reg_9_/Q
                              0.0856         0.0862        -0.0006  (VIOLATED)
   u_NV_NVDLA_cmac/u_core/in_dat_data49[1]
                              0.0861         0.0867        -0.0006  (VIOLATED)
       PIN :   u_NV_NVDLA_cmac/u_core/u_rt_in/in_rt_dat_data_d1_reg_393_/Q
                              0.0861         0.0867        -0.0006  (VIOLATED)
   u_NV_NVDLA_cmac/u_core/dat2_actv_data[298]
                              0.0856         0.0862        -0.0006  (VIOLATED)
       PIN :   u_NV_NVDLA_cmac/u_core/u_active/dat_actv_data_reg2_reg_298_/Q
                              0.0856         0.0862        -0.0006  (VIOLATED)
   u_NV_NVDLA_cmac/u_core/in_dat_data8[6]
                              0.0856         0.0862        -0.0006  (VIOLATED)
       PIN :   u_NV_NVDLA_cmac/u_core/u_rt_in/in_rt_dat_data_d1_reg_70_/Q
                              0.0856         0.0862        -0.0006  (VIOLATED)
   u_NV_NVDLA_cmac/u_core/wt0_actv_data[975]
                              0.0861         0.0867        -0.0006  (VIOLATED)
       PIN :   u_NV_NVDLA_cmac/u_core/u_active/wt0_actv_data_reg_975_/Q
                              0.0861         0.0867        -0.0006  (VIOLATED)
   u_NV_NVDLA_cmac/u_core/u_mac_3/res_tag_b1_d1[39]
                              0.0856         0.0862        -0.0006  (VIOLATED)
       PIN :   u_NV_NVDLA_cmac/u_core/u_mac_3/res_tag_b1_d1_reg_39_/Q
                              0.0856         0.0862        -0.0006  (VIOLATED)
   u_NV_NVDLA_cmac/u_core/wt1_actv_data[375]
                              0.0861         0.0867        -0.0006  (VIOLATED)
       PIN :   u_NV_NVDLA_cmac/u_core/u_active/wt1_actv_data_reg_375_/Q
                              0.0861         0.0867        -0.0006  (VIOLATED)
   u_NV_NVDLA_cmac/u_core/dat6_actv_data[242]
                              0.0861         0.0867        -0.0006  (VIOLATED)
       PIN :   u_NV_NVDLA_cmac/u_core/u_active/dat_actv_data_reg6_reg_242_/Q
                              0.0861         0.0867        -0.0006  (VIOLATED)
   mac2accu_data6[57]         0.0861         0.0867        -0.0006  (VIOLATED)
       PIN :   u_NV_NVDLA_cmac/u_core/u_rt_out/out_rt_data6_d1_reg_57_/Q
                              0.0861         0.0867        -0.0006  (VIOLATED)
   u_NV_NVDLA_cmac/u_core/dat0_actv_data[289]
                              0.0861         0.0867        -0.0006  (VIOLATED)
       PIN :   u_NV_NVDLA_cmac/u_core/u_active/dat_actv_data_reg0_reg_289_/Q
                              0.0861         0.0867        -0.0006  (VIOLATED)
   u_NV_NVDLA_cmac/u_core/u_mac_2/pp_out_l0n06_0_d1[23]
                              0.0856         0.0862        -0.0006  (VIOLATED)
       PIN :   u_NV_NVDLA_cmac/u_core/u_mac_2/pp_out_l0n06_0_d1_reg_23_/Q
                              0.0856         0.0862        -0.0006  (VIOLATED)
   u_NV_NVDLA_cmac/u_core/u_active/wt_pre_data[35]
                              0.0856         0.0862        -0.0006  (VIOLATED)
       PIN :   u_NV_NVDLA_cmac/u_core/u_active/wt_pre_data_reg_35_/Q
                              0.0856         0.0862        -0.0006  (VIOLATED)
   u_NV_NVDLA_cmac/u_core/u_mac_7/pp_out_l0n08_0_d1[8]
                              0.0856         0.0862        -0.0006  (VIOLATED)
       PIN :   u_NV_NVDLA_cmac/u_core/u_mac_7/pp_out_l0n08_0_d1_reg_8_/Q
                              0.0856         0.0862        -0.0006  (VIOLATED)
   u_NV_NVDLA_cmac/u_core/u_mac_7/pp_out_l0n10_0_d1[18]
                              0.0856         0.0862        -0.0006  (VIOLATED)
       PIN :   u_NV_NVDLA_cmac/u_core/u_mac_7/pp_out_l0n10_0_d1_reg_18_/Q
                              0.0856         0.0862        -0.0006  (VIOLATED)
   u_NV_NVDLA_cmac/u_core/u_mac_7/pp_out_l0n11_1_d1[6]
                              0.0861         0.0867        -0.0006  (VIOLATED)
       PIN :   u_NV_NVDLA_cmac/u_core/u_mac_7/pp_out_l0n11_1_d1_reg_6_/Q
                              0.0861         0.0867        -0.0006  (VIOLATED)
   u_NV_NVDLA_cmac/u_core/u_mac_6/pp_out_l0n09_1_d1[20]
                              0.0856         0.0862        -0.0006  (VIOLATED)
       PIN :   u_NV_NVDLA_cmac/u_core/u_mac_6/pp_out_l0n09_1_d1_reg_20_/Q
                              0.0856         0.0862        -0.0006  (VIOLATED)
   u_NV_NVDLA_cmac/u_core/u_active/wt6_sd_data[171]
                              0.0856         0.0862        -0.0006  (VIOLATED)
       PIN :   u_NV_NVDLA_cmac/u_core/u_active/wt6_sd_data_reg_171_/Q
                              0.0856         0.0862        -0.0006  (VIOLATED)
   u_NV_NVDLA_cmac/u_core/u_mac_3/pp_out_l0n03_0_d1[32]
                              0.0856         0.0862        -0.0006  (VIOLATED)
       PIN :   u_NV_NVDLA_cmac/u_core/u_mac_3/pp_out_l0n03_0_d1_reg_32_/Q
                              0.0856         0.0862        -0.0006  (VIOLATED)
   u_NV_NVDLA_cmac/u_core/wt2_actv_data[263]
                              0.0861         0.0867        -0.0006  (VIOLATED)
       PIN :   u_NV_NVDLA_cmac/u_core/u_active/wt2_actv_data_reg_263_/Q
                              0.0861         0.0867        -0.0006  (VIOLATED)
   u_NV_NVDLA_cmac/u_core/u_active/wt5_sd_nan[49]
                              0.0856         0.0862        -0.0006  (VIOLATED)
       PIN :   u_NV_NVDLA_cmac/u_core/u_active/wt5_sd_nan_reg_49_/Q
                              0.0856         0.0862        -0.0006  (VIOLATED)
   u_NV_NVDLA_cmac/u_core/dat2_actv_data[291]
                              0.0861         0.0867        -0.0006  (VIOLATED)
       PIN :   u_NV_NVDLA_cmac/u_core/u_active/dat_actv_data_reg2_reg_291_/Q
                              0.0861         0.0867        -0.0006  (VIOLATED)
   u_NV_NVDLA_cmac/u_core/in_dat_data34[0]
                              0.0861         0.0867        -0.0006  (VIOLATED)
       PIN :   u_NV_NVDLA_cmac/u_core/u_rt_in/in_rt_dat_data_d1_reg_272_/Q
                              0.0861         0.0867        -0.0006  (VIOLATED)
   u_NV_NVDLA_cmac/u_core/wt4_actv_data[366]
                              0.0861         0.0867        -0.0006  (VIOLATED)
       PIN :   u_NV_NVDLA_cmac/u_core/u_active/wt4_actv_data_reg_366_/Q
                              0.0861         0.0867        -0.0006  (VIOLATED)
   u_NV_NVDLA_cmac/u_core/dat5_actv_nan[24]
                              0.0861         0.0867        -0.0006  (VIOLATED)
       PIN :   u_NV_NVDLA_cmac/u_core/u_active/dat_actv_nan_reg5_reg_24_/Q
                              0.0861         0.0867        -0.0006  (VIOLATED)
   u_NV_NVDLA_cmac/u_core/dat1_actv_data[608]
                              0.0861         0.0867        -0.0006  (VIOLATED)
       PIN :   u_NV_NVDLA_cmac/u_core/u_active/dat_actv_data_reg1_reg_608_/Q
                              0.0861         0.0867        -0.0006  (VIOLATED)
   u_NV_NVDLA_cmac/u_core/u_mac_0/pp_out_l0n02_0_d1[17]
                              0.0856         0.0862        -0.0006  (VIOLATED)
       PIN :   u_NV_NVDLA_cmac/u_core/u_mac_0/pp_out_l0n02_0_d1_reg_17_/Q
                              0.0856         0.0862        -0.0006  (VIOLATED)
   u_NV_NVDLA_cmac/u_core/wt4_actv_data[475]
                              0.0856         0.0862        -0.0006  (VIOLATED)
       PIN :   u_NV_NVDLA_cmac/u_core/u_active/wt4_actv_data_reg_475_/Q
                              0.0856         0.0862        -0.0006  (VIOLATED)
   u_NV_NVDLA_cmac/u_core/u_active/wt5_sd_data[806]
                              0.0856         0.0862        -0.0006  (VIOLATED)
       PIN :   u_NV_NVDLA_cmac/u_core/u_active/wt5_sd_data_reg_806_/Q
                              0.0856         0.0862        -0.0006  (VIOLATED)
   u_NV_NVDLA_cmac/u_core/u_mac_0/pp_out_l0n13_1_d1[33]
                              0.0856         0.0862        -0.0006  (VIOLATED)
       PIN :   u_NV_NVDLA_cmac/u_core/u_mac_0/pp_out_l0n13_1_d1_reg_33_/Q
                              0.0856         0.0862        -0.0006  (VIOLATED)
   u_NV_NVDLA_cmac/u_core/u_active/dat_pre_data[641]
                              0.0861         0.0867        -0.0006  (VIOLATED)
       PIN :   u_NV_NVDLA_cmac/u_core/u_active/dat_pre_data_reg_641_/Q
                              0.0861         0.0867        -0.0006  (VIOLATED)
   u_NV_NVDLA_cmac/u_core/u_active/wt_pre_data[708]
                              0.0856         0.0862        -0.0006  (VIOLATED)
       PIN :   u_NV_NVDLA_cmac/u_core/u_active/wt_pre_data_reg_708_/Q
                              0.0856         0.0862        -0.0006  (VIOLATED)
   u_NV_NVDLA_cmac/u_core/wt3_actv_data[615]
                              0.0861         0.0867        -0.0006  (VIOLATED)
       PIN :   u_NV_NVDLA_cmac/u_core/u_active/wt3_actv_data_reg_615_/Q
                              0.0861         0.0867        -0.0006  (VIOLATED)
   u_NV_NVDLA_cmac/u_core/wt6_actv_data[540]
                              0.0861         0.0867        -0.0006  (VIOLATED)
       PIN :   u_NV_NVDLA_cmac/u_core/u_active/wt6_actv_data_reg_540_/Q
                              0.0861         0.0867        -0.0006  (VIOLATED)
   u_NV_NVDLA_cmac/u_core/u_active/wt_pre_data[3]
                              0.0856         0.0862        -0.0006  (VIOLATED)
       PIN :   u_NV_NVDLA_cmac/u_core/u_active/wt_pre_data_reg_3_/Q
                              0.0856         0.0862        -0.0006  (VIOLATED)
   u_NV_NVDLA_cmac/u_core/wt6_actv_data[165]
                              0.0856         0.0862        -0.0006  (VIOLATED)
       PIN :   u_NV_NVDLA_cmac/u_core/u_active/wt6_actv_data_reg_165_/Q
                              0.0856         0.0862        -0.0006  (VIOLATED)
   u_NV_NVDLA_cmac/u_core/u_mac_5/pp_out_l0n06_0_d1[22]
                              0.0856         0.0862        -0.0006  (VIOLATED)
       PIN :   u_NV_NVDLA_cmac/u_core/u_mac_5/pp_out_l0n06_0_d1_reg_22_/Q
                              0.0856         0.0862        -0.0006  (VIOLATED)
   u_NV_NVDLA_cmac/u_core/u_mac_1/res_tag_b3_d1[16]
                              0.0856         0.0862        -0.0006  (VIOLATED)
       PIN :   u_NV_NVDLA_cmac/u_core/u_mac_1/res_tag_b3_d1_reg_16_/Q
                              0.0856         0.0862        -0.0006  (VIOLATED)
   u_NV_NVDLA_cmac/u_core/out_data4[17]
                              0.0856         0.0862        -0.0006  (VIOLATED)
       PIN :   u_NV_NVDLA_cmac/u_core/u_mac_4/mac_out_data_reg_17_/Q
                              0.0856         0.0862        -0.0006  (VIOLATED)
   u_NV_NVDLA_cmac/u_core/dat5_actv_nan[9]
                              0.0861         0.0867        -0.0006  (VIOLATED)
       PIN :   u_NV_NVDLA_cmac/u_core/u_active/dat_actv_nan_reg5_reg_9_/Q
                              0.0861         0.0867        -0.0006  (VIOLATED)
   u_NV_NVDLA_cmac/u_core/dat1_actv_nan[19]
                              0.0856         0.0862        -0.0006  (VIOLATED)
       PIN :   u_NV_NVDLA_cmac/u_core/u_active/dat_actv_nan_reg1_reg_19_/Q
                              0.0856         0.0862        -0.0006  (VIOLATED)
   u_NV_NVDLA_cmac/u_core/wt0_actv_data[577]
                              0.0861         0.0867        -0.0006  (VIOLATED)
       PIN :   u_NV_NVDLA_cmac/u_core/u_active/wt0_actv_data_reg_577_/Q
                              0.0861         0.0867        -0.0006  (VIOLATED)
   u_NV_NVDLA_cmac/u_core/u_mac_6/res_tag_b7_d1[17]
                              0.0856         0.0862        -0.0006  (VIOLATED)
       PIN :   u_NV_NVDLA_cmac/u_core/u_mac_6/res_tag_b7_d1_reg_17_/Q
                              0.0856         0.0862        -0.0006  (VIOLATED)
   u_NV_NVDLA_cmac/u_core/wt2_actv_data[687]
                              0.0861         0.0866        -0.0006  (VIOLATED)
       PIN :   u_NV_NVDLA_cmac/u_core/u_active/wt2_actv_data_reg_687_/Q
                              0.0861         0.0866        -0.0006  (VIOLATED)
   u_NV_NVDLA_cmac/u_core/wt3_actv_data[942]
                              0.0861         0.0866        -0.0006  (VIOLATED)
       PIN :   u_NV_NVDLA_cmac/u_core/u_active/wt3_actv_data_reg_942_/Q
                              0.0861         0.0866        -0.0006  (VIOLATED)
   u_NV_NVDLA_cmac/u_core/wt2_actv_data[680]
                              0.0861         0.0866        -0.0006  (VIOLATED)
       PIN :   u_NV_NVDLA_cmac/u_core/u_active/wt2_actv_data_reg_680_/Q
                              0.0861         0.0866        -0.0006  (VIOLATED)
   u_NV_NVDLA_cmac/u_core/u_mac_2/pp_out_l0n10_0_d1[24]
                              0.0861         0.0866        -0.0006  (VIOLATED)
       PIN :   u_NV_NVDLA_cmac/u_core/u_mac_2/pp_out_l0n10_0_d1_reg_24_/Q
                              0.0861         0.0866        -0.0006  (VIOLATED)
   u_NV_NVDLA_cmac/u_core/dat1_actv_data[963]
                              0.0861         0.0866        -0.0006  (VIOLATED)
       PIN :   u_NV_NVDLA_cmac/u_core/u_active/dat_actv_data_reg1_reg_963_/Q
                              0.0861         0.0866        -0.0006  (VIOLATED)
   u_NV_NVDLA_cmac/u_core/dat7_actv_data[564]
                              0.0861         0.0866        -0.0006  (VIOLATED)
       PIN :   u_NV_NVDLA_cmac/u_core/u_active/dat_actv_data_reg7_reg_564_/Q
                              0.0861         0.0866        -0.0006  (VIOLATED)
   mac2accu_data6[143]        0.0861         0.0866        -0.0006  (VIOLATED)
       PIN :   u_NV_NVDLA_cmac/u_core/u_rt_out/out_rt_data6_d1_reg_143_/Q
                              0.0861         0.0866        -0.0006  (VIOLATED)
   u_NV_NVDLA_cmac/u_core/wt4_actv_data[840]
                              0.0856         0.0861        -0.0006  (VIOLATED)
       PIN :   u_NV_NVDLA_cmac/u_core/u_active/wt4_actv_data_reg_840_/Q
                              0.0856         0.0861        -0.0006  (VIOLATED)
   u_NV_NVDLA_cmac/u_core/dat6_actv_data[774]
                              0.0861         0.0866        -0.0006  (VIOLATED)
       PIN :   u_NV_NVDLA_cmac/u_core/u_active/dat_actv_data_reg6_reg_774_/Q
                              0.0861         0.0866        -0.0006  (VIOLATED)
   u_NV_NVDLA_cmac/u_core/wt0_actv_data[277]
                              0.0861         0.0866        -0.0006  (VIOLATED)
       PIN :   u_NV_NVDLA_cmac/u_core/u_active/wt0_actv_data_reg_277_/Q
                              0.0861         0.0866        -0.0006  (VIOLATED)
   u_NV_NVDLA_cmac/u_core/wt3_actv_data[631]
                              0.0861         0.0866        -0.0006  (VIOLATED)
       PIN :   u_NV_NVDLA_cmac/u_core/u_active/wt3_actv_data_reg_631_/Q
                              0.0861         0.0866        -0.0006  (VIOLATED)
   u_NV_NVDLA_cmac/u_core/wt5_actv_data[415]
                              0.0861         0.0866        -0.0006  (VIOLATED)
       PIN :   u_NV_NVDLA_cmac/u_core/u_active/wt5_actv_data_reg_415_/Q
                              0.0861         0.0866        -0.0006  (VIOLATED)
   u_NV_NVDLA_cmac/u_core/wt7_actv_data[86]
                              0.0861         0.0866        -0.0006  (VIOLATED)
       PIN :   u_NV_NVDLA_cmac/u_core/u_active/wt7_actv_data_reg_86_/Q
                              0.0861         0.0866        -0.0006  (VIOLATED)
   u_NV_NVDLA_cmac/u_core/wt2_actv_data[107]
                              0.0856         0.0861        -0.0006  (VIOLATED)
       PIN :   u_NV_NVDLA_cmac/u_core/u_active/wt2_actv_data_reg_107_/Q
                              0.0856         0.0861        -0.0006  (VIOLATED)
   u_NV_NVDLA_cmac/u_core/dat4_actv_data[844]
                              0.0856         0.0861        -0.0006  (VIOLATED)
       PIN :   u_NV_NVDLA_cmac/u_core/u_active/dat_actv_data_reg4_reg_844_/Q
                              0.0856         0.0861        -0.0006  (VIOLATED)
   u_NV_NVDLA_cmac/u_core/wt6_actv_data[816]
                              0.0861         0.0866        -0.0006  (VIOLATED)
       PIN :   u_NV_NVDLA_cmac/u_core/u_active/wt6_actv_data_reg_816_/Q
                              0.0861         0.0866        -0.0006  (VIOLATED)
   u_NV_NVDLA_cmac/u_core/u_active/wt7_sd_nz[81]
                              0.0856         0.0861        -0.0006  (VIOLATED)
       PIN :   u_NV_NVDLA_cmac/u_core/u_active/wt7_sd_nz_reg_81_/Q
                              0.0856         0.0861        -0.0006  (VIOLATED)
   u_NV_NVDLA_cmac/u_core/u_mac_7/pp_out_l0n07_0_d1[21]
                              0.0861         0.0866        -0.0006  (VIOLATED)
       PIN :   u_NV_NVDLA_cmac/u_core/u_mac_7/pp_out_l0n07_0_d1_reg_21_/Q
                              0.0861         0.0866        -0.0006  (VIOLATED)
   u_NV_NVDLA_cmac/u_core/wt3_actv_data[259]
                              0.0861         0.0866        -0.0006  (VIOLATED)
       PIN :   u_NV_NVDLA_cmac/u_core/u_active/wt3_actv_data_reg_259_/Q
                              0.0861         0.0866        -0.0006  (VIOLATED)
   mac2accu_data7[137]        0.0861         0.0866        -0.0006  (VIOLATED)
       PIN :   u_NV_NVDLA_cmac/u_core/u_rt_out/out_rt_data7_d1_reg_137_/Q
                              0.0861         0.0866        -0.0006  (VIOLATED)
   u_NV_NVDLA_cmac/u_core/u_mac_1/pp_out_l0n02_0_d1[16]
                              0.0856         0.0861        -0.0006  (VIOLATED)
       PIN :   u_NV_NVDLA_cmac/u_core/u_mac_1/pp_out_l0n02_0_d1_reg_16_/Q
                              0.0856         0.0861        -0.0006  (VIOLATED)
   u_NV_NVDLA_cmac/u_core/wt4_actv_data[869]
                              0.0861         0.0866        -0.0005  (VIOLATED)
       PIN :   u_NV_NVDLA_cmac/u_core/u_active/wt4_actv_data_reg_869_/Q
                              0.0861         0.0866        -0.0005  (VIOLATED)
   u_NV_NVDLA_cmac/u_core/wt1_actv_data[303]
                              0.0856         0.0861        -0.0005  (VIOLATED)
       PIN :   u_NV_NVDLA_cmac/u_core/u_active/wt1_actv_data_reg_303_/Q
                              0.0856         0.0861        -0.0005  (VIOLATED)
   u_NV_NVDLA_cmac/u_core/dat1_actv_data[960]
                              0.0861         0.0866        -0.0005  (VIOLATED)
       PIN :   u_NV_NVDLA_cmac/u_core/u_active/dat_actv_data_reg1_reg_960_/Q
                              0.0861         0.0866        -0.0005  (VIOLATED)
   u_NV_NVDLA_cmac/u_core/u_mac_0/pp_out_l2n7_1_d2[38]
                              0.0856         0.0861        -0.0005  (VIOLATED)
       PIN :   u_NV_NVDLA_cmac/u_core/u_mac_0/pp_out_l2n7_1_d2_reg_38_/Q
                              0.0856         0.0861        -0.0005  (VIOLATED)
   u_NV_NVDLA_cmac/u_core/dat7_actv_data[924]
                              0.0856         0.0861        -0.0005  (VIOLATED)
       PIN :   u_NV_NVDLA_cmac/u_core/u_active/dat_actv_data_reg7_reg_924_/Q
                              0.0856         0.0861        -0.0005  (VIOLATED)
   u_NV_NVDLA_cmac/u_core/u_active/wt6_sd_nan[31]
                              0.0861         0.0866        -0.0005  (VIOLATED)
       PIN :   u_NV_NVDLA_cmac/u_core/u_active/wt6_sd_nan_reg_31_/Q
                              0.0861         0.0866        -0.0005  (VIOLATED)
   u_NV_NVDLA_cmac/u_core/dat1_actv_data[636]
                              0.0861         0.0866        -0.0005  (VIOLATED)
       PIN :   u_NV_NVDLA_cmac/u_core/u_active/dat_actv_data_reg1_reg_636_/Q
                              0.0861         0.0866        -0.0005  (VIOLATED)
   u_NV_NVDLA_cmac/u_core/dat0_actv_data[900]
                              0.0861         0.0866        -0.0005  (VIOLATED)
       PIN :   u_NV_NVDLA_cmac/u_core/u_active/dat_actv_data_reg0_reg_900_/Q
                              0.0861         0.0866        -0.0005  (VIOLATED)
   u_NV_NVDLA_cmac/u_core/u_mac_2/pp_out_l0n01_1_d1[16]
                              0.0856         0.0861        -0.0005  (VIOLATED)
       PIN :   u_NV_NVDLA_cmac/u_core/u_mac_2/pp_out_l0n01_1_d1_reg_16_/Q
                              0.0856         0.0861        -0.0005  (VIOLATED)
   u_NV_NVDLA_cmac/u_core/u_mac_7/pp_out_l0n01_0_d1[16]
                              0.0856         0.0861        -0.0005  (VIOLATED)
       PIN :   u_NV_NVDLA_cmac/u_core/u_mac_7/pp_out_l0n01_0_d1_reg_16_/Q
                              0.0856         0.0861        -0.0005  (VIOLATED)
   u_NV_NVDLA_cmac/u_core/u_active/wt6_sd_data[733]
                              0.0856         0.0861        -0.0005  (VIOLATED)
       PIN :   u_NV_NVDLA_cmac/u_core/u_active/wt6_sd_data_reg_733_/Q
                              0.0856         0.0861        -0.0005  (VIOLATED)
   u_NV_NVDLA_cmac/u_core/in_dat_data110[0]
                              0.0861         0.0866        -0.0005  (VIOLATED)
       PIN :   u_NV_NVDLA_cmac/u_core/u_rt_in/in_rt_dat_data_d1_reg_880_/Q
                              0.0861         0.0866        -0.0005  (VIOLATED)
   u_NV_NVDLA_cmac/u_core/dat1_actv_data[842]
                              0.0856         0.0861        -0.0005  (VIOLATED)
       PIN :   u_NV_NVDLA_cmac/u_core/u_active/dat_actv_data_reg1_reg_842_/Q
                              0.0856         0.0861        -0.0005  (VIOLATED)
   u_NV_NVDLA_cmac/u_core/wt7_actv_data[744]
                              0.0856         0.0861        -0.0005  (VIOLATED)
       PIN :   u_NV_NVDLA_cmac/u_core/u_active/wt7_actv_data_reg_744_/Q
                              0.0856         0.0861        -0.0005  (VIOLATED)
   u_NV_NVDLA_cmac/u_core/wt6_actv_data[51]
                              0.0861         0.0866        -0.0005  (VIOLATED)
       PIN :   u_NV_NVDLA_cmac/u_core/u_active/wt6_actv_data_reg_51_/Q
                              0.0861         0.0866        -0.0005  (VIOLATED)
   u_NV_NVDLA_cmac/u_core/u_mac_2/ps_n1b1_d2[3]
                              0.0856         0.0861        -0.0005  (VIOLATED)
       PIN :   u_NV_NVDLA_cmac/u_core/u_mac_2/ps_n1b1_d2_reg_3_/Q
                              0.0856         0.0861        -0.0005  (VIOLATED)
   u_NV_NVDLA_cmac/u_core/dat7_actv_data[623]
                              0.0856         0.0861        -0.0005  (VIOLATED)
       PIN :   u_NV_NVDLA_cmac/u_core/u_active/dat_actv_data_reg7_reg_623_/Q
                              0.0856         0.0861        -0.0005  (VIOLATED)
   u_NV_NVDLA_cmac/u_core/in_wt_data117[7]
                              0.0856         0.0861        -0.0005  (VIOLATED)
       PIN :   u_NV_NVDLA_cmac/u_core/u_rt_in/in_rt_wt_data_d1_reg_943_/Q
                              0.0856         0.0861        -0.0005  (VIOLATED)
   u_NV_NVDLA_cmac/u_core/out_data5[127]
                              0.0856         0.0861        -0.0005  (VIOLATED)
       PIN :   u_NV_NVDLA_cmac/u_core/u_mac_5/mac_out_data_reg_127_/Q
                              0.0856         0.0861        -0.0005  (VIOLATED)
   u_NV_NVDLA_cmac/u_core/u_mac_3/pp_out_l0n04_0_d1[23]
                              0.0856         0.0861        -0.0005  (VIOLATED)
       PIN :   u_NV_NVDLA_cmac/u_core/u_mac_3/pp_out_l0n04_0_d1_reg_23_/Q
                              0.0856         0.0861        -0.0005  (VIOLATED)
   u_NV_NVDLA_cmac/u_core/u_active/wt3_sd_nan[10]
                              0.0861         0.0866        -0.0005  (VIOLATED)
       PIN :   u_NV_NVDLA_cmac/u_core/u_active/wt3_sd_nan_reg_10_/Q
                              0.0861         0.0866        -0.0005  (VIOLATED)
   u_NV_NVDLA_cmac/u_core/wt2_actv_data[460]
                              0.0861         0.0866        -0.0005  (VIOLATED)
       PIN :   u_NV_NVDLA_cmac/u_core/u_active/wt2_actv_data_reg_460_/Q
                              0.0861         0.0866        -0.0005  (VIOLATED)
   u_NV_NVDLA_cmac/u_core/u_mac_3/res_tag_b5_d1[26]
                              0.0861         0.0866        -0.0005  (VIOLATED)
       PIN :   u_NV_NVDLA_cmac/u_core/u_mac_3/res_tag_b5_d1_reg_26_/Q
                              0.0861         0.0866        -0.0005  (VIOLATED)
   u_NV_NVDLA_cmac/u_core/u_mac_7/pp_out_l0n11_0_d1[32]
                              0.0856         0.0861        -0.0005  (VIOLATED)
       PIN :   u_NV_NVDLA_cmac/u_core/u_mac_7/pp_out_l0n11_0_d1_reg_32_/Q
                              0.0856         0.0861        -0.0005  (VIOLATED)
   u_NV_NVDLA_cmac/u_core/wt6_actv_data[33]
                              0.0861         0.0866        -0.0005  (VIOLATED)
       PIN :   u_NV_NVDLA_cmac/u_core/u_active/wt6_actv_data_reg_33_/Q
                              0.0861         0.0866        -0.0005  (VIOLATED)
   u_NV_NVDLA_cmac/u_core/u_active/wt2_sd_data[63]
                              0.0856         0.0861        -0.0005  (VIOLATED)
       PIN :   u_NV_NVDLA_cmac/u_core/u_active/wt2_sd_data_reg_63_/Q
                              0.0856         0.0861        -0.0005  (VIOLATED)
   u_NV_NVDLA_cmac/u_core/u_active/wt6_sd_nz[48]
                              0.0861         0.0866        -0.0005  (VIOLATED)
       PIN :   u_NV_NVDLA_cmac/u_core/u_active/wt6_sd_nz_reg_48_/Q
                              0.0861         0.0866        -0.0005  (VIOLATED)
   u_NV_NVDLA_cmac/u_core/in_dat_data34[6]
                              0.0861         0.0866        -0.0005  (VIOLATED)
       PIN :   u_NV_NVDLA_cmac/u_core/u_rt_in/in_rt_dat_data_d1_reg_278_/Q
                              0.0861         0.0866        -0.0005  (VIOLATED)
   u_NV_NVDLA_cmac/u_core/u_mac_2/pp_out_l0n00_1_d1[21]
                              0.0861         0.0866        -0.0005  (VIOLATED)
       PIN :   u_NV_NVDLA_cmac/u_core/u_mac_2/pp_out_l0n00_1_d1_reg_21_/Q
                              0.0861         0.0866        -0.0005  (VIOLATED)
   u_NV_NVDLA_cmac/u_core/out_data3[106]
                              0.0856         0.0861        -0.0005  (VIOLATED)
       PIN :   u_NV_NVDLA_cmac/u_core/u_mac_3/mac_out_data_reg_106_/Q
                              0.0856         0.0861        -0.0005  (VIOLATED)
   u_NV_NVDLA_cmac/u_core/in_dat_data59[6]
                              0.0861         0.0866        -0.0005  (VIOLATED)
       PIN :   u_NV_NVDLA_cmac/u_core/u_rt_in/in_rt_dat_data_d1_reg_478_/Q
                              0.0861         0.0866        -0.0005  (VIOLATED)
   u_NV_NVDLA_cmac/u_core/wt4_actv_nan[31]
                              0.0856         0.0861        -0.0005  (VIOLATED)
       PIN :   u_NV_NVDLA_cmac/u_core/u_active/wt4_actv_nan_reg_31_/Q
                              0.0856         0.0861        -0.0005  (VIOLATED)
   u_NV_NVDLA_cmac/u_core/wt5_actv_data[560]
                              0.0861         0.0866        -0.0005  (VIOLATED)
       PIN :   u_NV_NVDLA_cmac/u_core/u_active/wt5_actv_data_reg_560_/Q
                              0.0861         0.0866        -0.0005  (VIOLATED)
   u_NV_NVDLA_cmac/u_core/u_mac_2/pp_out_l0n10_1_d1[19]
                              0.0861         0.0866        -0.0005  (VIOLATED)
       PIN :   u_NV_NVDLA_cmac/u_core/u_mac_2/pp_out_l0n10_1_d1_reg_19_/Q
                              0.0861         0.0866        -0.0005  (VIOLATED)
   u_NV_NVDLA_cmac/u_core/u_mac_2/pp_out_l2n7_1_d2[25]
                              0.0856         0.0861        -0.0005  (VIOLATED)
       PIN :   u_NV_NVDLA_cmac/u_core/u_mac_2/pp_out_l2n7_1_d2_reg_25_/Q
                              0.0856         0.0861        -0.0005  (VIOLATED)
   u_NV_NVDLA_cmac/u_core/u_mac_6/exp_sft_09[0]
                              0.0861         0.0866        -0.0005  (VIOLATED)
       PIN :   u_NV_NVDLA_cmac/u_core/u_mac_6/u_exp/exp_sft_09_reg_0_/Q
                              0.0861         0.0866        -0.0005  (VIOLATED)
   u_NV_NVDLA_cmac/u_core/u_mac_1/pp_out_l0n06_1_d1[17]
                              0.0856         0.0861        -0.0005  (VIOLATED)
       PIN :   u_NV_NVDLA_cmac/u_core/u_mac_1/pp_out_l0n06_1_d1_reg_17_/Q
                              0.0856         0.0861        -0.0005  (VIOLATED)
   u_NV_NVDLA_cmac/u_core/u_active/wt6_sd_data[167]
                              0.0856         0.0861        -0.0005  (VIOLATED)
       PIN :   u_NV_NVDLA_cmac/u_core/u_active/wt6_sd_data_reg_167_/Q
                              0.0856         0.0861        -0.0005  (VIOLATED)
   u_NV_NVDLA_cmac/u_core/wt5_actv_data[895]
                              0.0861         0.0865        -0.0005  (VIOLATED)
       PIN :   u_NV_NVDLA_cmac/u_core/u_active/wt5_actv_data_reg_895_/Q
                              0.0861         0.0865        -0.0005  (VIOLATED)
   u_NV_NVDLA_cmac/u_core/u_mac_7/pp_out_l0n09_1_d1[23]
                              0.0861         0.0865        -0.0005  (VIOLATED)
       PIN :   u_NV_NVDLA_cmac/u_core/u_mac_7/pp_out_l0n09_1_d1_reg_23_/Q
                              0.0861         0.0865        -0.0005  (VIOLATED)
   u_NV_NVDLA_cmac/u_core/u_mac_4/pp_out_l0n04_0_d1[7]
                              0.0856         0.0861        -0.0005  (VIOLATED)
       PIN :   u_NV_NVDLA_cmac/u_core/u_mac_4/pp_out_l0n04_0_d1_reg_7_/Q
                              0.0856         0.0861        -0.0005  (VIOLATED)
   mac2accu_data7[131]        0.0861         0.0865        -0.0005  (VIOLATED)
       PIN :   u_NV_NVDLA_cmac/u_core/u_rt_out/out_rt_data7_d1_reg_131_/Q
                              0.0861         0.0865        -0.0005  (VIOLATED)
   u_NV_NVDLA_cmac/u_core/u_active/wt7_sd_nz[74]
                              0.0856         0.0861        -0.0005  (VIOLATED)
       PIN :   u_NV_NVDLA_cmac/u_core/u_active/wt7_sd_nz_reg_74_/Q
                              0.0856         0.0861        -0.0005  (VIOLATED)
   u_NV_NVDLA_cmac/u_core/out_data3[19]
                              0.0861         0.0865        -0.0005  (VIOLATED)
       PIN :   u_NV_NVDLA_cmac/u_core/u_mac_3/mac_out_data_reg_19_/Q
                              0.0861         0.0865        -0.0005  (VIOLATED)
   u_NV_NVDLA_cmac/u_core/wt1_actv_data[473]
                              0.0861         0.0865        -0.0005  (VIOLATED)
       PIN :   u_NV_NVDLA_cmac/u_core/u_active/wt1_actv_data_reg_473_/Q
                              0.0861         0.0865        -0.0005  (VIOLATED)
   u_NV_NVDLA_cmac/u_core/u_mac_1/pp_out_l0n12_1_d1[2]
                              0.0856         0.0861        -0.0005  (VIOLATED)
       PIN :   u_NV_NVDLA_cmac/u_core/u_mac_1/pp_out_l0n12_1_d1_reg_2_/Q
                              0.0856         0.0861        -0.0005  (VIOLATED)
   u_NV_NVDLA_cmac/u_core/dat2_actv_data[59]
                              0.0861         0.0865        -0.0005  (VIOLATED)
       PIN :   u_NV_NVDLA_cmac/u_core/u_active/dat_actv_data_reg2_reg_59_/Q
                              0.0861         0.0865        -0.0005  (VIOLATED)
   u_NV_NVDLA_cmac/u_core/dat2_actv_data[558]
                              0.0856         0.0860        -0.0005  (VIOLATED)
       PIN :   u_NV_NVDLA_cmac/u_core/u_active/dat_actv_data_reg2_reg_558_/Q
                              0.0856         0.0860        -0.0005  (VIOLATED)
   u_NV_NVDLA_cmac/u_core/u_mac_1/pp_out_l2n0_1_d2[23]
                              0.0856         0.0860        -0.0005  (VIOLATED)
       PIN :   u_NV_NVDLA_cmac/u_core/u_mac_1/pp_out_l2n0_1_d2_reg_23_/Q
                              0.0856         0.0860        -0.0005  (VIOLATED)
   u_NV_NVDLA_cmac/u_core/u_mac_5/pp_out_l0n07_1_d1[20]
                              0.0861         0.0865        -0.0005  (VIOLATED)
       PIN :   u_NV_NVDLA_cmac/u_core/u_mac_5/pp_out_l0n07_1_d1_reg_20_/Q
                              0.0861         0.0865        -0.0005  (VIOLATED)
   u_NV_NVDLA_cmac/u_core/u_mac_2/pp_out_l0n11_1_d1[13]
                              0.0856         0.0860        -0.0005  (VIOLATED)
       PIN :   u_NV_NVDLA_cmac/u_core/u_mac_2/pp_out_l0n11_1_d1_reg_13_/Q
                              0.0856         0.0860        -0.0005  (VIOLATED)
   u_NV_NVDLA_cmac/u_core/wt7_actv_data[824]
                              0.0861         0.0865        -0.0005  (VIOLATED)
       PIN :   u_NV_NVDLA_cmac/u_core/u_active/wt7_actv_data_reg_824_/Q
                              0.0861         0.0865        -0.0005  (VIOLATED)
   u_NV_NVDLA_cmac/u_core/wt5_actv_nan[56]
                              0.0856         0.0860        -0.0005  (VIOLATED)
       PIN :   u_NV_NVDLA_cmac/u_core/u_active/wt5_actv_nan_reg_56_/Q
                              0.0856         0.0860        -0.0005  (VIOLATED)
   u_NV_NVDLA_cmac/u_core/wt6_actv_data[915]
                              0.0861         0.0865        -0.0005  (VIOLATED)
       PIN :   u_NV_NVDLA_cmac/u_core/u_active/wt6_actv_data_reg_915_/Q
                              0.0861         0.0865        -0.0005  (VIOLATED)
   u_NV_NVDLA_cmac/u_core/u_mac_4/pp_out_l0n07_1_d1[20]
                              0.0856         0.0860        -0.0005  (VIOLATED)
       PIN :   u_NV_NVDLA_cmac/u_core/u_mac_4/pp_out_l0n07_1_d1_reg_20_/Q
                              0.0856         0.0860        -0.0005  (VIOLATED)
   u_NV_NVDLA_cmac/u_core/u_mac_7/pp_out_l0n13_0_d1[16]
                              0.0856         0.0860        -0.0005  (VIOLATED)
       PIN :   u_NV_NVDLA_cmac/u_core/u_mac_7/pp_out_l0n13_0_d1_reg_16_/Q
                              0.0856         0.0860        -0.0005  (VIOLATED)
   u_NV_NVDLA_cmac/u_core/u_mac_5/pp_out_l0n00_0_d1[32]
                              0.0856         0.0860        -0.0005  (VIOLATED)
       PIN :   u_NV_NVDLA_cmac/u_core/u_mac_5/pp_out_l0n00_0_d1_reg_32_/Q
                              0.0856         0.0860        -0.0005  (VIOLATED)
   u_NV_NVDLA_cmac/u_core/u_mac_4/pp_out_l0n05_0_d1[12]
                              0.0861         0.0865        -0.0005  (VIOLATED)
       PIN :   u_NV_NVDLA_cmac/u_core/u_mac_4/pp_out_l0n05_0_d1_reg_12_/Q
                              0.0861         0.0865        -0.0005  (VIOLATED)
   mac2accu_data7[42]         0.0861         0.0865        -0.0005  (VIOLATED)
       PIN :   u_NV_NVDLA_cmac/u_core/u_rt_out/out_rt_data7_d1_reg_42_/Q
                              0.0861         0.0865        -0.0005  (VIOLATED)
   u_NV_NVDLA_cmac/u_core/u_mac_4/pp_out_l0n02_0_d1[2]
                              0.0856         0.0860        -0.0005  (VIOLATED)
       PIN :   u_NV_NVDLA_cmac/u_core/u_mac_4/pp_out_l0n02_0_d1_reg_2_/Q
                              0.0856         0.0860        -0.0005  (VIOLATED)
   u_NV_NVDLA_cmac/u_core/dat1_actv_data[43]
                              0.0856         0.0860        -0.0005  (VIOLATED)
       PIN :   u_NV_NVDLA_cmac/u_core/u_active/dat_actv_data_reg1_reg_43_/Q
                              0.0856         0.0860        -0.0005  (VIOLATED)
   u_NV_NVDLA_cmac/u_core/dat0_actv_data[818]
                              0.0861         0.0865        -0.0005  (VIOLATED)
       PIN :   u_NV_NVDLA_cmac/u_core/u_active/dat_actv_data_reg0_reg_818_/Q
                              0.0861         0.0865        -0.0005  (VIOLATED)
   u_NV_NVDLA_cmac/u_core/u_mac_1/res_tag_b7_d1[36]
                              0.0856         0.0860        -0.0005  (VIOLATED)
       PIN :   u_NV_NVDLA_cmac/u_core/u_mac_1/res_tag_b7_d1_reg_36_/Q
                              0.0856         0.0860        -0.0005  (VIOLATED)
   u_NV_NVDLA_cmac/u_core/dat0_actv_data[956]
                              0.0861         0.0865        -0.0005  (VIOLATED)
       PIN :   u_NV_NVDLA_cmac/u_core/u_active/dat_actv_data_reg0_reg_956_/Q
                              0.0861         0.0865        -0.0005  (VIOLATED)
   u_NV_NVDLA_cmac/u_core/u_mac_4/pp_out_l0n13_0_d1[25]
                              0.0861         0.0865        -0.0005  (VIOLATED)
       PIN :   u_NV_NVDLA_cmac/u_core/u_mac_4/pp_out_l0n13_0_d1_reg_25_/Q
                              0.0861         0.0865        -0.0005  (VIOLATED)
   u_NV_NVDLA_cmac/u_core/in_dat_data66[7]
                              0.0861         0.0865        -0.0004  (VIOLATED)
       PIN :   u_NV_NVDLA_cmac/u_core/u_rt_in/in_rt_dat_data_d1_reg_535_/Q
                              0.0861         0.0865        -0.0004  (VIOLATED)
   u_NV_NVDLA_cmac/u_core/wt0_actv_nan[52]
                              0.0861         0.0865        -0.0004  (VIOLATED)
       PIN :   u_NV_NVDLA_cmac/u_core/u_active/wt0_actv_nan_reg_52_/Q
                              0.0861         0.0865        -0.0004  (VIOLATED)
   u_NV_NVDLA_cmac/u_core/u_mac_5/pp_out_l0n01_0_d1[23]
                              0.0861         0.0865        -0.0004  (VIOLATED)
       PIN :   u_NV_NVDLA_cmac/u_core/u_mac_5/pp_out_l0n01_0_d1_reg_23_/Q
                              0.0861         0.0865        -0.0004  (VIOLATED)
   u_NV_NVDLA_cmac/u_core/dat1_actv_data[1015]
                              0.0861         0.0865        -0.0004  (VIOLATED)
       PIN :   u_NV_NVDLA_cmac/u_core/u_active/dat_actv_data_reg1_reg_1015_/Q
                              0.0861         0.0865        -0.0004  (VIOLATED)
   u_NV_NVDLA_cmac/u_core/wt4_actv_data[383]
                              0.0861         0.0865        -0.0004  (VIOLATED)
       PIN :   u_NV_NVDLA_cmac/u_core/u_active/wt4_actv_data_reg_383_/Q
                              0.0861         0.0865        -0.0004  (VIOLATED)
   u_NV_NVDLA_cmac/u_core/u_mac_5/pp_out_l0n00_1_d1[26]
                              0.0856         0.0860        -0.0004  (VIOLATED)
       PIN :   u_NV_NVDLA_cmac/u_core/u_mac_5/pp_out_l0n00_1_d1_reg_26_/Q
                              0.0856         0.0860        -0.0004  (VIOLATED)
   mac2accu_data6[56]         0.0861         0.0865        -0.0004  (VIOLATED)
       PIN :   u_NV_NVDLA_cmac/u_core/u_rt_out/out_rt_data6_d1_reg_56_/Q
                              0.0861         0.0865        -0.0004  (VIOLATED)
   u_NV_NVDLA_cmac/u_core/u_mac_5/pp_out_l0n10_1_d1[8]
                              0.0856         0.0860        -0.0004  (VIOLATED)
       PIN :   u_NV_NVDLA_cmac/u_core/u_mac_5/pp_out_l0n10_1_d1_reg_8_/Q
                              0.0856         0.0860        -0.0004  (VIOLATED)
   u_NV_NVDLA_cmac/u_core/dat5_actv_data[379]
                              0.0856         0.0860        -0.0004  (VIOLATED)
       PIN :   u_NV_NVDLA_cmac/u_core/u_active/dat_actv_data_reg5_reg_379_/Q
                              0.0856         0.0860        -0.0004  (VIOLATED)
   u_NV_NVDLA_cmac/u_core/dat5_actv_data[444]
                              0.0861         0.0865        -0.0004  (VIOLATED)
       PIN :   u_NV_NVDLA_cmac/u_core/u_active/dat_actv_data_reg5_reg_444_/Q
                              0.0861         0.0865        -0.0004  (VIOLATED)
   u_NV_NVDLA_cmac/u_core/wt7_actv_data[607]
                              0.0861         0.0865        -0.0004  (VIOLATED)
       PIN :   u_NV_NVDLA_cmac/u_core/u_active/wt7_actv_data_reg_607_/Q
                              0.0861         0.0865        -0.0004  (VIOLATED)
   u_NV_NVDLA_cmac/u_core/u_mac_1/pp_out_l0n12_0_d1[30]
                              0.0856         0.0860        -0.0004  (VIOLATED)
       PIN :   u_NV_NVDLA_cmac/u_core/u_mac_1/pp_out_l0n12_0_d1_reg_30_/Q
                              0.0856         0.0860        -0.0004  (VIOLATED)
   u_NV_NVDLA_cmac/u_core/u_mac_3/pp_out_l0n01_0_d1[9]
                              0.0861         0.0865        -0.0004  (VIOLATED)
       PIN :   u_NV_NVDLA_cmac/u_core/u_mac_3/pp_out_l0n01_0_d1_reg_9_/Q
                              0.0861         0.0865        -0.0004  (VIOLATED)
   u_NV_NVDLA_cmac/u_core/u_mac_3/pp_out_l0n01_1_d1[17]
                              0.0861         0.0865        -0.0004  (VIOLATED)
       PIN :   u_NV_NVDLA_cmac/u_core/u_mac_3/pp_out_l0n01_1_d1_reg_17_/Q
                              0.0861         0.0865        -0.0004  (VIOLATED)
   u_NV_NVDLA_cmac/u_core/dat7_actv_data[797]
                              0.0856         0.0860        -0.0004  (VIOLATED)
       PIN :   u_NV_NVDLA_cmac/u_core/u_active/dat_actv_data_reg7_reg_797_/Q
                              0.0856         0.0860        -0.0004  (VIOLATED)
   u_NV_NVDLA_cmac/u_core/u_mac_0/pp_out_l0n15_1_d1[19]
                              0.0856         0.0860        -0.0004  (VIOLATED)
       PIN :   u_NV_NVDLA_cmac/u_core/u_mac_0/pp_out_l0n15_1_d1_reg_19_/Q
                              0.0856         0.0860        -0.0004  (VIOLATED)
   u_NV_NVDLA_cmac/u_core/wt0_actv_data[958]
                              0.0861         0.0865        -0.0004  (VIOLATED)
       PIN :   u_NV_NVDLA_cmac/u_core/u_active/wt0_actv_data_reg_958_/Q
                              0.0861         0.0865        -0.0004  (VIOLATED)
   u_NV_NVDLA_cmac/u_core/dat7_actv_data[548]
                              0.0861         0.0865        -0.0004  (VIOLATED)
       PIN :   u_NV_NVDLA_cmac/u_core/u_active/dat_actv_data_reg7_reg_548_/Q
                              0.0861         0.0865        -0.0004  (VIOLATED)
   u_NV_NVDLA_cmac/u_core/dat7_actv_data[169]
                              0.0856         0.0860        -0.0004  (VIOLATED)
       PIN :   u_NV_NVDLA_cmac/u_core/u_active/dat_actv_data_reg7_reg_169_/Q
                              0.0856         0.0860        -0.0004  (VIOLATED)
   u_NV_NVDLA_cmac/u_core/wt3_actv_data[754]
                              0.0861         0.0865        -0.0004  (VIOLATED)
       PIN :   u_NV_NVDLA_cmac/u_core/u_active/wt3_actv_data_reg_754_/Q
                              0.0861         0.0865        -0.0004  (VIOLATED)
   u_NV_NVDLA_cmac/u_core/u_mac_1/pp_out_l0n15_1_d1[29]
                              0.0861         0.0865        -0.0004  (VIOLATED)
       PIN :   u_NV_NVDLA_cmac/u_core/u_mac_1/pp_out_l0n15_1_d1_reg_29_/Q
                              0.0861         0.0865        -0.0004  (VIOLATED)
   u_NV_NVDLA_cmac/u_core/out_data6[78]
                              0.0861         0.0865        -0.0004  (VIOLATED)
       PIN :   u_NV_NVDLA_cmac/u_core/u_mac_6/mac_out_data_reg_78_/Q
                              0.0861         0.0865        -0.0004  (VIOLATED)
   u_NV_NVDLA_cmac/u_core/wt6_actv_data[518]
                              0.0861         0.0865        -0.0004  (VIOLATED)
       PIN :   u_NV_NVDLA_cmac/u_core/u_active/wt6_actv_data_reg_518_/Q
                              0.0861         0.0865        -0.0004  (VIOLATED)
   u_NV_NVDLA_cmac/u_core/u_active/wt_pre_data[289]
                              0.0861         0.0865        -0.0004  (VIOLATED)
       PIN :   u_NV_NVDLA_cmac/u_core/u_active/wt_pre_data_reg_289_/Q
                              0.0861         0.0865        -0.0004  (VIOLATED)
   u_NV_NVDLA_cmac/u_core/wt2_actv_data[366]
                              0.0856         0.0860        -0.0004  (VIOLATED)
       PIN :   u_NV_NVDLA_cmac/u_core/u_active/wt2_actv_data_reg_366_/Q
                              0.0856         0.0860        -0.0004  (VIOLATED)
   u_NV_NVDLA_cmac/u_core/u_mac_0/pp_out_l0n05_0_d1[21]
                              0.0861         0.0865        -0.0004  (VIOLATED)
       PIN :   u_NV_NVDLA_cmac/u_core/u_mac_0/pp_out_l0n05_0_d1_reg_21_/Q
                              0.0861         0.0865        -0.0004  (VIOLATED)
   u_NV_NVDLA_cmac/u_core/dat7_actv_data[306]
                              0.0861         0.0865        -0.0004  (VIOLATED)
       PIN :   u_NV_NVDLA_cmac/u_core/u_active/dat_actv_data_reg7_reg_306_/Q
                              0.0861         0.0865        -0.0004  (VIOLATED)
   u_NV_NVDLA_cmac/u_core/wt4_actv_data[872]
                              0.0861         0.0864        -0.0004  (VIOLATED)
       PIN :   u_NV_NVDLA_cmac/u_core/u_active/wt4_actv_data_reg_872_/Q
                              0.0861         0.0864        -0.0004  (VIOLATED)
   u_NV_NVDLA_cmac/u_core/dat2_actv_data[132]
                              0.0856         0.0860        -0.0004  (VIOLATED)
       PIN :   u_NV_NVDLA_cmac/u_core/u_active/dat_actv_data_reg2_reg_132_/Q
                              0.0856         0.0860        -0.0004  (VIOLATED)
   u_NV_NVDLA_cmac/u_core/wt7_actv_data[351]
                              0.0856         0.0860        -0.0004  (VIOLATED)
       PIN :   u_NV_NVDLA_cmac/u_core/u_active/wt7_actv_data_reg_351_/Q
                              0.0856         0.0860        -0.0004  (VIOLATED)
   u_NV_NVDLA_cmac/u_core/wt2_actv_data[580]
                              0.0861         0.0864        -0.0004  (VIOLATED)
       PIN :   u_NV_NVDLA_cmac/u_core/u_active/wt2_actv_data_reg_580_/Q
                              0.0861         0.0864        -0.0004  (VIOLATED)
   u_NV_NVDLA_cmac/u_core/wt7_actv_data[448]
                              0.0861         0.0864        -0.0004  (VIOLATED)
       PIN :   u_NV_NVDLA_cmac/u_core/u_active/wt7_actv_data_reg_448_/Q
                              0.0861         0.0864        -0.0004  (VIOLATED)
   u_NV_NVDLA_cmac/u_core/u_mac_7/pp_out_l0n08_0_d1[14]
                              0.0856         0.0860        -0.0004  (VIOLATED)
       PIN :   u_NV_NVDLA_cmac/u_core/u_mac_7/pp_out_l0n08_0_d1_reg_14_/Q
                              0.0856         0.0860        -0.0004  (VIOLATED)
   u_NV_NVDLA_cmac/u_core/wt0_actv_data[265]
                              0.0861         0.0864        -0.0004  (VIOLATED)
       PIN :   u_NV_NVDLA_cmac/u_core/u_active/wt0_actv_data_reg_265_/Q
                              0.0861         0.0864        -0.0004  (VIOLATED)
   u_NV_NVDLA_cmac/u_core/u_mac_2/pp_out_l0n02_1_d1[15]
                              0.0856         0.0859        -0.0004  (VIOLATED)
       PIN :   u_NV_NVDLA_cmac/u_core/u_mac_2/pp_out_l0n02_1_d1_reg_15_/Q
                              0.0856         0.0859        -0.0004  (VIOLATED)
   u_NV_NVDLA_cmac/u_core/u_active/wt5_sd_nz[49]
                              0.0856         0.0859        -0.0004  (VIOLATED)
       PIN :   u_NV_NVDLA_cmac/u_core/u_active/wt5_sd_nz_reg_49_/Q
                              0.0856         0.0859        -0.0004  (VIOLATED)
   u_NV_NVDLA_cmac/u_core/u_active/wt_pre_mask[8]
                              0.0861         0.0864        -0.0004  (VIOLATED)
       PIN :   u_NV_NVDLA_cmac/u_core/u_active/wt_pre_mask_reg_8_/Q
                              0.0861         0.0864        -0.0004  (VIOLATED)
   u_NV_NVDLA_cmac/u_core/u_mac_5/pp_out_l0n03_0_d1[17]
                              0.0856         0.0859        -0.0004  (VIOLATED)
       PIN :   u_NV_NVDLA_cmac/u_core/u_mac_5/pp_out_l0n03_0_d1_reg_17_/Q
                              0.0856         0.0859        -0.0004  (VIOLATED)
   u_NV_NVDLA_cmac/u_core/u_mac_0/pp_out_l2n1_0_d2[2]
                              0.0861         0.0864        -0.0004  (VIOLATED)
       PIN :   u_NV_NVDLA_cmac/u_core/u_mac_0/pp_out_l2n1_0_d2_reg_2_/Q
                              0.0861         0.0864        -0.0004  (VIOLATED)
   u_NV_NVDLA_cmac/u_core/wt3_actv_data[412]
                              0.0861         0.0864        -0.0004  (VIOLATED)
       PIN :   u_NV_NVDLA_cmac/u_core/u_active/wt3_actv_data_reg_412_/Q
                              0.0861         0.0864        -0.0004  (VIOLATED)
   u_NV_NVDLA_cmac/u_core/u_active/wt_pre_data[431]
                              0.0861         0.0864        -0.0004  (VIOLATED)
       PIN :   u_NV_NVDLA_cmac/u_core/u_active/wt_pre_data_reg_431_/Q
                              0.0861         0.0864        -0.0004  (VIOLATED)
   u_NV_NVDLA_cmac/u_core/u_mac_1/pp_out_l0n09_0_d1[27]
                              0.0861         0.0864        -0.0004  (VIOLATED)
       PIN :   u_NV_NVDLA_cmac/u_core/u_mac_1/pp_out_l0n09_0_d1_reg_27_/Q
                              0.0861         0.0864        -0.0004  (VIOLATED)
   u_NV_NVDLA_cmac/u_core/wt0_actv_data[81]
                              0.0861         0.0864        -0.0004  (VIOLATED)
       PIN :   u_NV_NVDLA_cmac/u_core/u_active/wt0_actv_data_reg_81_/Q
                              0.0861         0.0864        -0.0004  (VIOLATED)
   u_NV_NVDLA_cmac/u_core/u_mac_6/pp_out_l0n15_1_d1[20]
                              0.0861         0.0864        -0.0004  (VIOLATED)
       PIN :   u_NV_NVDLA_cmac/u_core/u_mac_6/pp_out_l0n15_1_d1_reg_20_/Q
                              0.0861         0.0864        -0.0004  (VIOLATED)
   u_NV_NVDLA_cmac/u_core/u_mac_2/pp_out_l0n01_1_d1[33]
                              0.0856         0.0859        -0.0004  (VIOLATED)
       PIN :   u_NV_NVDLA_cmac/u_core/u_mac_2/pp_out_l0n01_1_d1_reg_33_/Q
                              0.0856         0.0859        -0.0004  (VIOLATED)
   u_NV_NVDLA_cmac/u_core/dat1_actv_data[63]
                              0.0856         0.0859        -0.0004  (VIOLATED)
       PIN :   u_NV_NVDLA_cmac/u_core/u_active/dat_actv_data_reg1_reg_63_/Q
                              0.0856         0.0859        -0.0004  (VIOLATED)
   u_NV_NVDLA_cmac/u_core/wt4_actv_data[1012]
                              0.0861         0.0864        -0.0004  (VIOLATED)
       PIN :   u_NV_NVDLA_cmac/u_core/u_active/wt4_actv_data_reg_1012_/Q
                              0.0861         0.0864        -0.0004  (VIOLATED)
   u_NV_NVDLA_cmac/u_core/u_mac_6/pp_out_l0n14_1_d1[34]
                              0.0861         0.0864        -0.0004  (VIOLATED)
       PIN :   u_NV_NVDLA_cmac/u_core/u_mac_6/pp_out_l0n14_1_d1_reg_34_/Q
                              0.0861         0.0864        -0.0004  (VIOLATED)
   u_NV_NVDLA_cmac/u_core/u_mac_3/pp_out_l0n15_1_d1[16]
                              0.0856         0.0859        -0.0004  (VIOLATED)
       PIN :   u_NV_NVDLA_cmac/u_core/u_mac_3/pp_out_l0n15_1_d1_reg_16_/Q
                              0.0856         0.0859        -0.0004  (VIOLATED)
   u_NV_NVDLA_cmac/u_core/wt0_actv_data[162]
                              0.0861         0.0864        -0.0004  (VIOLATED)
       PIN :   u_NV_NVDLA_cmac/u_core/u_active/wt0_actv_data_reg_162_/Q
                              0.0861         0.0864        -0.0004  (VIOLATED)
   u_NV_NVDLA_cmac/u_core/wt7_actv_data[820]
                              0.0861         0.0864        -0.0004  (VIOLATED)
       PIN :   u_NV_NVDLA_cmac/u_core/u_active/wt7_actv_data_reg_820_/Q
                              0.0861         0.0864        -0.0004  (VIOLATED)
   u_NV_NVDLA_cmac/u_core/dat5_actv_data[347]
                              0.0856         0.0859        -0.0004  (VIOLATED)
       PIN :   u_NV_NVDLA_cmac/u_core/u_active/dat_actv_data_reg5_reg_347_/Q
                              0.0856         0.0859        -0.0004  (VIOLATED)
   u_NV_NVDLA_cmac/u_core/in_wt_data120[6]
                              0.0856         0.0859        -0.0004  (VIOLATED)
       PIN :   u_NV_NVDLA_cmac/u_core/u_rt_in/in_rt_wt_data_d1_reg_966_/Q
                              0.0856         0.0859        -0.0004  (VIOLATED)
   u_NV_NVDLA_cmac/u_core/dat3_actv_data[62]
                              0.0861         0.0864        -0.0003  (VIOLATED)
       PIN :   u_NV_NVDLA_cmac/u_core/u_active/dat_actv_data_reg3_reg_62_/Q
                              0.0861         0.0864        -0.0003  (VIOLATED)
   u_NV_NVDLA_cmac/u_core/dat2_actv_data[838]
                              0.0861         0.0864        -0.0003  (VIOLATED)
       PIN :   u_NV_NVDLA_cmac/u_core/u_active/dat_actv_data_reg2_reg_838_/Q
                              0.0861         0.0864        -0.0003  (VIOLATED)
   u_NV_NVDLA_cmac/u_core/dat0_actv_data[453]
                              0.0861         0.0864        -0.0003  (VIOLATED)
       PIN :   u_NV_NVDLA_cmac/u_core/u_active/dat_actv_data_reg0_reg_453_/Q
                              0.0861         0.0864        -0.0003  (VIOLATED)
   u_NV_NVDLA_cmac/u_core/u_active/wt3_sd_nan[40]
                              0.0861         0.0864        -0.0003  (VIOLATED)
       PIN :   u_NV_NVDLA_cmac/u_core/u_active/wt3_sd_nan_reg_40_/Q
                              0.0861         0.0864        -0.0003  (VIOLATED)
   u_NV_NVDLA_cmac/u_core/u_mac_3/pp_out_l2n3_1_d2[36]
                              0.0856         0.0859        -0.0003  (VIOLATED)
       PIN :   u_NV_NVDLA_cmac/u_core/u_mac_3/pp_out_l2n3_1_d2_reg_36_/Q
                              0.0856         0.0859        -0.0003  (VIOLATED)
   u_NV_NVDLA_cmac/u_core/u_active/dat_pre_data[173]
                              0.0856         0.0859        -0.0003  (VIOLATED)
       PIN :   u_NV_NVDLA_cmac/u_core/u_active/dat_pre_data_reg_173_/Q
                              0.0856         0.0859        -0.0003  (VIOLATED)
   u_NV_NVDLA_cmac/u_core/wt3_actv_data[845]
                              0.0856         0.0859        -0.0003  (VIOLATED)
       PIN :   u_NV_NVDLA_cmac/u_core/u_active/wt3_actv_data_reg_845_/Q
                              0.0856         0.0859        -0.0003  (VIOLATED)
   u_NV_NVDLA_cmac/u_core/wt0_actv_data[413]
                              0.0861         0.0864        -0.0003  (VIOLATED)
       PIN :   u_NV_NVDLA_cmac/u_core/u_active/wt0_actv_data_reg_413_/Q
                              0.0861         0.0864        -0.0003  (VIOLATED)
   u_NV_NVDLA_cmac/u_core/u_mac_1/res_tag_b6_d1[32]
                              0.0856         0.0859        -0.0003  (VIOLATED)
       PIN :   u_NV_NVDLA_cmac/u_core/u_mac_1/res_tag_b6_d1_reg_32_/Q
                              0.0856         0.0859        -0.0003  (VIOLATED)
   u_NV_NVDLA_cmac/u_core/dat7_actv_data[400]
                              0.0861         0.0864        -0.0003  (VIOLATED)
       PIN :   u_NV_NVDLA_cmac/u_core/u_active/dat_actv_data_reg7_reg_400_/Q
                              0.0861         0.0864        -0.0003  (VIOLATED)
   u_NV_NVDLA_cmac/u_core/out_data6[102]
                              0.0861         0.0864        -0.0003  (VIOLATED)
       PIN :   u_NV_NVDLA_cmac/u_core/u_mac_6/mac_out_data_reg_102_/Q
                              0.0861         0.0864        -0.0003  (VIOLATED)
   u_NV_NVDLA_cmac/u_core/wt7_actv_data[183]
                              0.0861         0.0864        -0.0003  (VIOLATED)
       PIN :   u_NV_NVDLA_cmac/u_core/u_active/wt7_actv_data_reg_183_/Q
                              0.0861         0.0864        -0.0003  (VIOLATED)
   u_NV_NVDLA_cmac/u_core/u_mac_7/pp_out_l0n11_1_d1[7]
                              0.0861         0.0864        -0.0003  (VIOLATED)
       PIN :   u_NV_NVDLA_cmac/u_core/u_mac_7/pp_out_l0n11_1_d1_reg_7_/Q
                              0.0861         0.0864        -0.0003  (VIOLATED)
   u_NV_NVDLA_cmac/u_core/u_mac_0/pp_out_l0n02_0_d1[31]
                              0.0856         0.0859        -0.0003  (VIOLATED)
       PIN :   u_NV_NVDLA_cmac/u_core/u_mac_0/pp_out_l0n02_0_d1_reg_31_/Q
                              0.0856         0.0859        -0.0003  (VIOLATED)
   u_NV_NVDLA_cmac/u_core/u_mac_6/pp_out_l0n12_0_d1[1]
                              0.0856         0.0859        -0.0003  (VIOLATED)
       PIN :   u_NV_NVDLA_cmac/u_core/u_mac_6/pp_out_l0n12_0_d1_reg_1_/Q
                              0.0856         0.0859        -0.0003  (VIOLATED)
   u_NV_NVDLA_cmac/u_core/dat7_actv_data[217]
                              0.0856         0.0859        -0.0003  (VIOLATED)
       PIN :   u_NV_NVDLA_cmac/u_core/u_active/dat_actv_data_reg7_reg_217_/Q
                              0.0856         0.0859        -0.0003  (VIOLATED)
   u_NV_NVDLA_cmac/u_core/wt3_actv_data[865]
                              0.0861         0.0864        -0.0003  (VIOLATED)
       PIN :   u_NV_NVDLA_cmac/u_core/u_active/wt3_actv_data_reg_865_/Q
                              0.0861         0.0864        -0.0003  (VIOLATED)
   u_NV_NVDLA_cmac/u_core/u_mac_1/exp_sft_63[1]
                              0.0856         0.0859        -0.0003  (VIOLATED)
       PIN :   u_NV_NVDLA_cmac/u_core/u_mac_1/u_exp/exp_sft_63_reg_1_/Q
                              0.0856         0.0859        -0.0003  (VIOLATED)
   u_NV_NVDLA_cmac/u_core/u_mac_1/pp_out_l0n00_0_d1[35]
                              0.0856         0.0859        -0.0003  (VIOLATED)
       PIN :   u_NV_NVDLA_cmac/u_core/u_mac_1/pp_out_l0n00_0_d1_reg_35_/Q
                              0.0856         0.0859        -0.0003  (VIOLATED)
   u_NV_NVDLA_cmac/u_core/wt0_actv_data[16]
                              0.0861         0.0864        -0.0003  (VIOLATED)
       PIN :   u_NV_NVDLA_cmac/u_core/u_active/wt0_actv_data_reg_16_/Q
                              0.0861         0.0864        -0.0003  (VIOLATED)
   u_NV_NVDLA_cmac/u_core/u_mac_4/pp_out_l0n02_0_d1[17]
                              0.0856         0.0859        -0.0003  (VIOLATED)
       PIN :   u_NV_NVDLA_cmac/u_core/u_mac_4/pp_out_l0n02_0_d1_reg_17_/Q
                              0.0856         0.0859        -0.0003  (VIOLATED)
   u_NV_NVDLA_cmac/u_core/wt1_actv_data[208]
                              0.0861         0.0864        -0.0003  (VIOLATED)
       PIN :   u_NV_NVDLA_cmac/u_core/u_active/wt1_actv_data_reg_208_/Q
                              0.0861         0.0864        -0.0003  (VIOLATED)
   u_NV_NVDLA_cmac/u_core/u_mac_0/pp_out_l0n02_1_d1[13]
                              0.0856         0.0859        -0.0003  (VIOLATED)
       PIN :   u_NV_NVDLA_cmac/u_core/u_mac_0/pp_out_l0n02_1_d1_reg_13_/Q
                              0.0856         0.0859        -0.0003  (VIOLATED)
   u_NV_NVDLA_cmac/u_core/u_mac_2/pp_out_l0n10_0_d1[13]
                              0.0856         0.0859        -0.0003  (VIOLATED)
       PIN :   u_NV_NVDLA_cmac/u_core/u_mac_2/pp_out_l0n10_0_d1_reg_13_/Q
                              0.0856         0.0859        -0.0003  (VIOLATED)
   u_NV_NVDLA_cmac/u_core/dat3_actv_nan[59]
                              0.0856         0.0859        -0.0003  (VIOLATED)
       PIN :   u_NV_NVDLA_cmac/u_core/u_active/dat_actv_nan_reg3_reg_59_/Q
                              0.0856         0.0859        -0.0003  (VIOLATED)
   u_NV_NVDLA_cmac/u_core/u_mac_6/pp_out_l0n01_0_d1[20]
                              0.0856         0.0859        -0.0003  (VIOLATED)
       PIN :   u_NV_NVDLA_cmac/u_core/u_mac_6/pp_out_l0n01_0_d1_reg_20_/Q
                              0.0856         0.0859        -0.0003  (VIOLATED)
   u_NV_NVDLA_cmac/u_core/dat0_actv_nan[31]
                              0.0856         0.0859        -0.0003  (VIOLATED)
       PIN :   u_NV_NVDLA_cmac/u_core/u_active/dat_actv_nan_reg0_reg_31_/Q
                              0.0856         0.0859        -0.0003  (VIOLATED)
   u_NV_NVDLA_cmac/u_core/u_mac_3/pp_out_l0n02_1_d1[17]
                              0.0856         0.0859        -0.0003  (VIOLATED)
       PIN :   u_NV_NVDLA_cmac/u_core/u_mac_3/pp_out_l0n02_1_d1_reg_17_/Q
                              0.0856         0.0859        -0.0003  (VIOLATED)
   u_NV_NVDLA_cmac/u_core/dat3_actv_nz[55]
                              0.0856         0.0859        -0.0003  (VIOLATED)
       PIN :   u_NV_NVDLA_cmac/u_core/u_active/dat_actv_nz_reg3_reg_55_/Q
                              0.0856         0.0859        -0.0003  (VIOLATED)
   u_NV_NVDLA_cmac/u_core/u_mac_6/pp_out_l0n14_1_d1[35]
                              0.0861         0.0863        -0.0003  (VIOLATED)
       PIN :   u_NV_NVDLA_cmac/u_core/u_mac_6/pp_out_l0n14_1_d1_reg_35_/Q
                              0.0861         0.0863        -0.0003  (VIOLATED)
   u_NV_NVDLA_cmac/u_core/u_active/wt4_sd_nan[34]
                              0.0856         0.0859        -0.0003  (VIOLATED)
       PIN :   u_NV_NVDLA_cmac/u_core/u_active/wt4_sd_nan_reg_34_/Q
                              0.0856         0.0859        -0.0003  (VIOLATED)
   u_NV_NVDLA_cmac/u_core/u_mac_5/pp_out_l0n10_1_d1[17]
                              0.0856         0.0858        -0.0003  (VIOLATED)
       PIN :   u_NV_NVDLA_cmac/u_core/u_mac_5/pp_out_l0n10_1_d1_reg_17_/Q
                              0.0856         0.0858        -0.0003  (VIOLATED)
   u_NV_NVDLA_cmac/u_core/dat0_actv_data[538]
                              0.0856         0.0858        -0.0003  (VIOLATED)
       PIN :   u_NV_NVDLA_cmac/u_core/u_active/dat_actv_data_reg0_reg_538_/Q
                              0.0856         0.0858        -0.0003  (VIOLATED)
   u_NV_NVDLA_cmac/u_core/u_mac_2/pp_out_l0n03_1_d1[22]
                              0.0856         0.0858        -0.0003  (VIOLATED)
       PIN :   u_NV_NVDLA_cmac/u_core/u_mac_2/pp_out_l0n03_1_d1_reg_22_/Q
                              0.0856         0.0858        -0.0003  (VIOLATED)
   u_NV_NVDLA_cmac/u_core/u_mac_7/pp_out_l0n10_0_d1[10]
                              0.0861         0.0863        -0.0003  (VIOLATED)
       PIN :   u_NV_NVDLA_cmac/u_core/u_mac_7/pp_out_l0n10_0_d1_reg_10_/Q
                              0.0861         0.0863        -0.0003  (VIOLATED)
   u_NV_NVDLA_cmac/u_core/u_mac_1/pp_out_l0n09_0_d1[29]
                              0.0861         0.0863        -0.0003  (VIOLATED)
       PIN :   u_NV_NVDLA_cmac/u_core/u_mac_1/pp_out_l0n09_0_d1_reg_29_/Q
                              0.0861         0.0863        -0.0003  (VIOLATED)
   u_NV_NVDLA_cmac/u_core/u_mac_5/pp_out_l0n15_1_d1[31]
                              0.0856         0.0858        -0.0003  (VIOLATED)
       PIN :   u_NV_NVDLA_cmac/u_core/u_mac_5/pp_out_l0n15_1_d1_reg_31_/Q
                              0.0856         0.0858        -0.0003  (VIOLATED)
   u_NV_NVDLA_cmac/u_core/wt3_actv_data[186]
                              0.0861         0.0863        -0.0003  (VIOLATED)
       PIN :   u_NV_NVDLA_cmac/u_core/u_active/wt3_actv_data_reg_186_/Q
                              0.0861         0.0863        -0.0003  (VIOLATED)
   u_NV_NVDLA_cmac/u_core/dat2_actv_data[363]
                              0.0856         0.0858        -0.0003  (VIOLATED)
       PIN :   u_NV_NVDLA_cmac/u_core/u_active/dat_actv_data_reg2_reg_363_/Q
                              0.0856         0.0858        -0.0003  (VIOLATED)
   u_NV_NVDLA_cmac/u_core/u_mac_1/pp_out_l0n14_0_d1[22]
                              0.0861         0.0863        -0.0003  (VIOLATED)
       PIN :   u_NV_NVDLA_cmac/u_core/u_mac_1/pp_out_l0n14_0_d1_reg_22_/Q
                              0.0861         0.0863        -0.0003  (VIOLATED)
   u_NV_NVDLA_cmac/u_core/u_mac_7/res_tag_b5_d1[34]
                              0.0856         0.0858        -0.0003  (VIOLATED)
       PIN :   u_NV_NVDLA_cmac/u_core/u_mac_7/res_tag_b5_d1_reg_34_/Q
                              0.0856         0.0858        -0.0003  (VIOLATED)
   u_NV_NVDLA_cmac/u_core/u_mac_7/pp_out_l0n11_1_d1[8]
                              0.0861         0.0863        -0.0003  (VIOLATED)
       PIN :   u_NV_NVDLA_cmac/u_core/u_mac_7/pp_out_l0n11_1_d1_reg_8_/Q
                              0.0861         0.0863        -0.0003  (VIOLATED)
   u_NV_NVDLA_cmac/u_core/dat2_actv_data[907]
                              0.0861         0.0863        -0.0003  (VIOLATED)
       PIN :   u_NV_NVDLA_cmac/u_core/u_active/dat_actv_data_reg2_reg_907_/Q
                              0.0861         0.0863        -0.0003  (VIOLATED)
   u_NV_NVDLA_cmac/u_core/wt6_actv_data[313]
                              0.0861         0.0863        -0.0003  (VIOLATED)
       PIN :   u_NV_NVDLA_cmac/u_core/u_active/wt6_actv_data_reg_313_/Q
                              0.0861         0.0863        -0.0003  (VIOLATED)
   u_NV_NVDLA_cmac/u_core/wt6_actv_data[599]
                              0.0861         0.0863        -0.0003  (VIOLATED)
       PIN :   u_NV_NVDLA_cmac/u_core/u_active/wt6_actv_data_reg_599_/Q
                              0.0861         0.0863        -0.0003  (VIOLATED)
   u_NV_NVDLA_cmac/u_core/wt7_actv_data[379]
                              0.0856         0.0858        -0.0003  (VIOLATED)
       PIN :   u_NV_NVDLA_cmac/u_core/u_active/wt7_actv_data_reg_379_/Q
                              0.0856         0.0858        -0.0003  (VIOLATED)
   u_NV_NVDLA_cmac/u_core/u_mac_2/pp_out_l0n04_0_d1[26]
                              0.0861         0.0863        -0.0003  (VIOLATED)
       PIN :   u_NV_NVDLA_cmac/u_core/u_mac_2/pp_out_l0n04_0_d1_reg_26_/Q
                              0.0861         0.0863        -0.0003  (VIOLATED)
   u_NV_NVDLA_cmac/u_core/u_mac_5/pp_out_l2n0_0_d2[38]
                              0.0856         0.0858        -0.0003  (VIOLATED)
       PIN :   u_NV_NVDLA_cmac/u_core/u_mac_5/pp_out_l2n0_0_d2_reg_38_/Q
                              0.0856         0.0858        -0.0003  (VIOLATED)
   u_NV_NVDLA_cmac/u_core/wt2_actv_data[1019]
                              0.0861         0.0863        -0.0003  (VIOLATED)
       PIN :   u_NV_NVDLA_cmac/u_core/u_active/wt2_actv_data_reg_1019_/Q
                              0.0861         0.0863        -0.0003  (VIOLATED)
   u_NV_NVDLA_cmac/u_core/wt7_actv_data[808]
                              0.0856         0.0858        -0.0003  (VIOLATED)
       PIN :   u_NV_NVDLA_cmac/u_core/u_active/wt7_actv_data_reg_808_/Q
                              0.0856         0.0858        -0.0003  (VIOLATED)
   u_NV_NVDLA_cmac/u_core/dat7_actv_data[393]
                              0.0856         0.0858        -0.0003  (VIOLATED)
       PIN :   u_NV_NVDLA_cmac/u_core/u_active/dat_actv_data_reg7_reg_393_/Q
                              0.0856         0.0858        -0.0003  (VIOLATED)
   u_NV_NVDLA_cmac/u_core/u_active/wt6_sd_nz[44]
                              0.0861         0.0863        -0.0003  (VIOLATED)
       PIN :   u_NV_NVDLA_cmac/u_core/u_active/wt6_sd_nz_reg_44_/Q
                              0.0861         0.0863        -0.0003  (VIOLATED)
   u_NV_NVDLA_cmac/u_core/wt5_actv_data[333]
                              0.0856         0.0858        -0.0003  (VIOLATED)
       PIN :   u_NV_NVDLA_cmac/u_core/u_active/wt5_actv_data_reg_333_/Q
                              0.0856         0.0858        -0.0003  (VIOLATED)
   u_NV_NVDLA_cmac/u_core/u_active/dat_pre_data[761]
                              0.0856         0.0858        -0.0002  (VIOLATED)
       PIN :   u_NV_NVDLA_cmac/u_core/u_active/dat_pre_data_reg_761_/Q
                              0.0856         0.0858        -0.0002  (VIOLATED)
   u_NV_NVDLA_cmac/u_core/u_mac_0/pp_out_l2n5_1_d2[39]
                              0.0856         0.0858        -0.0002  (VIOLATED)
       PIN :   u_NV_NVDLA_cmac/u_core/u_mac_0/pp_out_l2n5_1_d2_reg_39_/Q
                              0.0856         0.0858        -0.0002  (VIOLATED)
   u_NV_NVDLA_cmac/u_core/dat0_actv_data[897]
                              0.0861         0.0863        -0.0002  (VIOLATED)
       PIN :   u_NV_NVDLA_cmac/u_core/u_active/dat_actv_data_reg0_reg_897_/Q
                              0.0861         0.0863        -0.0002  (VIOLATED)
   u_NV_NVDLA_cmac/u_core/u_mac_1/pp_out_l0n09_1_d1[19]
                              0.0861         0.0863        -0.0002  (VIOLATED)
       PIN :   u_NV_NVDLA_cmac/u_core/u_mac_1/pp_out_l0n09_1_d1_reg_19_/Q
                              0.0861         0.0863        -0.0002  (VIOLATED)
   u_NV_NVDLA_cmac/u_core/dat3_actv_data[394]
                              0.0861         0.0863        -0.0002  (VIOLATED)
       PIN :   u_NV_NVDLA_cmac/u_core/u_active/dat_actv_data_reg3_reg_394_/Q
                              0.0861         0.0863        -0.0002  (VIOLATED)
   u_NV_NVDLA_cmac/u_core/u_mac_6/exp_sft_43[2]
                              0.0861         0.0863        -0.0002  (VIOLATED)
       PIN :   u_NV_NVDLA_cmac/u_core/u_mac_6/u_exp/exp_sft_43_reg_2_/Q
                              0.0861         0.0863        -0.0002  (VIOLATED)
   u_NV_NVDLA_cmac/u_core/u_mac_2/pp_out_l2n1_0_d2[16]
                              0.0861         0.0863        -0.0002  (VIOLATED)
       PIN :   u_NV_NVDLA_cmac/u_core/u_mac_2/pp_out_l2n1_0_d2_reg_16_/Q
                              0.0861         0.0863        -0.0002  (VIOLATED)
   u_NV_NVDLA_cmac/u_core/wt4_actv_data[70]
                              0.0861         0.0863        -0.0002  (VIOLATED)
       PIN :   u_NV_NVDLA_cmac/u_core/u_active/wt4_actv_data_reg_70_/Q
                              0.0861         0.0863        -0.0002  (VIOLATED)
   u_NV_NVDLA_cmac/u_core/u_mac_0/pp_out_l0n01_1_d1[2]
                              0.0856         0.0858        -0.0002  (VIOLATED)
       PIN :   u_NV_NVDLA_cmac/u_core/u_mac_0/pp_out_l0n01_1_d1_reg_2_/Q
                              0.0856         0.0858        -0.0002  (VIOLATED)
   u_NV_NVDLA_cmac/u_core/u_mac_7/pp_out_l0n01_1_d1[2]
                              0.0856         0.0858        -0.0002  (VIOLATED)
       PIN :   u_NV_NVDLA_cmac/u_core/u_mac_7/pp_out_l0n01_1_d1_reg_2_/Q
                              0.0856         0.0858        -0.0002  (VIOLATED)
   u_NV_NVDLA_cmac/u_core/dat4_actv_nan[41]
                              0.0861         0.0863        -0.0002  (VIOLATED)
       PIN :   u_NV_NVDLA_cmac/u_core/u_active/dat_actv_nan_reg4_reg_41_/Q
                              0.0861         0.0863        -0.0002  (VIOLATED)
   u_NV_NVDLA_cmac/u_core/u_mac_4/res_tag_b7_d1[39]
                              0.0856         0.0858        -0.0002  (VIOLATED)
       PIN :   u_NV_NVDLA_cmac/u_core/u_mac_4/res_tag_b7_d1_reg_39_/Q
                              0.0856         0.0858        -0.0002  (VIOLATED)
   u_NV_NVDLA_cmac/u_core/u_mac_7/pp_out_l0n05_0_d1[18]
                              0.0856         0.0858        -0.0002  (VIOLATED)
       PIN :   u_NV_NVDLA_cmac/u_core/u_mac_7/pp_out_l0n05_0_d1_reg_18_/Q
                              0.0856         0.0858        -0.0002  (VIOLATED)
   u_NV_NVDLA_cmac/u_core/wt6_actv_data[876]
                              0.0861         0.0863        -0.0002  (VIOLATED)
       PIN :   u_NV_NVDLA_cmac/u_core/u_active/wt6_actv_data_reg_876_/Q
                              0.0861         0.0863        -0.0002  (VIOLATED)
   u_NV_NVDLA_cmac/u_core/u_mac_1/pp_out_l0n06_1_d1[5]
                              0.0856         0.0858        -0.0002  (VIOLATED)
       PIN :   u_NV_NVDLA_cmac/u_core/u_mac_1/pp_out_l0n06_1_d1_reg_5_/Q
                              0.0856         0.0858        -0.0002  (VIOLATED)
   u_NV_NVDLA_cmac/u_core/wt3_actv_nan[1]
                              0.0856         0.0858        -0.0002  (VIOLATED)
       PIN :   u_NV_NVDLA_cmac/u_core/u_active/wt3_actv_nan_reg_1_/Q
                              0.0856         0.0858        -0.0002  (VIOLATED)
   u_NV_NVDLA_cmac/u_core/dat5_actv_data[331]
                              0.0856         0.0858        -0.0002  (VIOLATED)
       PIN :   u_NV_NVDLA_cmac/u_core/u_active/dat_actv_data_reg5_reg_331_/Q
                              0.0856         0.0858        -0.0002  (VIOLATED)
   u_NV_NVDLA_cmac/u_core/wt2_actv_data[923]
                              0.0861         0.0863        -0.0002  (VIOLATED)
       PIN :   u_NV_NVDLA_cmac/u_core/u_active/wt2_actv_data_reg_923_/Q
                              0.0861         0.0863        -0.0002  (VIOLATED)
   u_NV_NVDLA_cmac/u_core/wt0_actv_data[499]
                              0.0861         0.0863        -0.0002  (VIOLATED)
       PIN :   u_NV_NVDLA_cmac/u_core/u_active/wt0_actv_data_reg_499_/Q
                              0.0861         0.0863        -0.0002  (VIOLATED)
   u_NV_NVDLA_cmac/u_core/u_active/wt1_sd_nan[20]
                              0.0861         0.0863        -0.0002  (VIOLATED)
       PIN :   u_NV_NVDLA_cmac/u_core/u_active/wt1_sd_nan_reg_20_/Q
                              0.0861         0.0863        -0.0002  (VIOLATED)
   u_NV_NVDLA_cmac/u_core/u_mac_4/pp_out_l0n13_0_d1[27]
                              0.0861         0.0863        -0.0002  (VIOLATED)
       PIN :   u_NV_NVDLA_cmac/u_core/u_mac_4/pp_out_l0n13_0_d1_reg_27_/Q
                              0.0861         0.0863        -0.0002  (VIOLATED)
   u_NV_NVDLA_cmac/u_core/u_mac_7/pp_out_l0n07_1_d1[33]
                              0.0861         0.0863        -0.0002  (VIOLATED)
       PIN :   u_NV_NVDLA_cmac/u_core/u_mac_7/pp_out_l0n07_1_d1_reg_33_/Q
                              0.0861         0.0863        -0.0002  (VIOLATED)
   u_NV_NVDLA_cmac/u_core/wt3_actv_data[639]
                              0.0861         0.0863        -0.0002  (VIOLATED)
       PIN :   u_NV_NVDLA_cmac/u_core/u_active/wt3_actv_data_reg_639_/Q
                              0.0861         0.0863        -0.0002  (VIOLATED)
   u_NV_NVDLA_cmac/u_core/dat6_actv_data[704]
                              0.0856         0.0858        -0.0002  (VIOLATED)
       PIN :   u_NV_NVDLA_cmac/u_core/u_active/dat_actv_data_reg6_reg_704_/Q
                              0.0856         0.0858        -0.0002  (VIOLATED)
   u_NV_NVDLA_cmac/u_core/u_mac_6/pp_out_l2n3_1_d2[31]
                              0.0856         0.0858        -0.0002  (VIOLATED)
       PIN :   u_NV_NVDLA_cmac/u_core/u_mac_6/pp_out_l2n3_1_d2_reg_31_/Q
                              0.0856         0.0858        -0.0002  (VIOLATED)
   u_NV_NVDLA_cmac/u_core/u_mac_2/pp_out_l0n03_1_d1[28]
                              0.0856         0.0858        -0.0002  (VIOLATED)
       PIN :   u_NV_NVDLA_cmac/u_core/u_mac_2/pp_out_l0n03_1_d1_reg_28_/Q
                              0.0856         0.0858        -0.0002  (VIOLATED)
   u_NV_NVDLA_cmac/u_core/in_dat_data126[4]
                              0.0856         0.0858        -0.0002  (VIOLATED)
       PIN :   u_NV_NVDLA_cmac/u_core/u_rt_in/in_rt_dat_data_d1_reg_1012_/Q
                              0.0856         0.0858        -0.0002  (VIOLATED)
   u_NV_NVDLA_cmac/u_core/u_mac_3/pp_out_l0n10_0_d1[35]
                              0.0856         0.0858        -0.0002  (VIOLATED)
       PIN :   u_NV_NVDLA_cmac/u_core/u_mac_3/pp_out_l0n10_0_d1_reg_35_/Q
                              0.0856         0.0858        -0.0002  (VIOLATED)
   u_NV_NVDLA_cmac/u_core/u_mac_3/res_tag_b3_d1[18]
                              0.0856         0.0858        -0.0002  (VIOLATED)
       PIN :   u_NV_NVDLA_cmac/u_core/u_mac_3/res_tag_b3_d1_reg_18_/Q
                              0.0856         0.0858        -0.0002  (VIOLATED)
   u_NV_NVDLA_cmac/u_core/wt7_actv_data[276]
                              0.0861         0.0863        -0.0002  (VIOLATED)
       PIN :   u_NV_NVDLA_cmac/u_core/u_active/wt7_actv_data_reg_276_/Q
                              0.0861         0.0863        -0.0002  (VIOLATED)
   u_NV_NVDLA_cmac/u_core/dat0_actv_data[82]
                              0.0861         0.0863        -0.0002  (VIOLATED)
       PIN :   u_NV_NVDLA_cmac/u_core/u_active/dat_actv_data_reg0_reg_82_/Q
                              0.0861         0.0863        -0.0002  (VIOLATED)
   u_NV_NVDLA_cmac/u_core/u_mac_2/res_tag_b5_d1[29]
                              0.0856         0.0858        -0.0002  (VIOLATED)
       PIN :   u_NV_NVDLA_cmac/u_core/u_mac_2/res_tag_b5_d1_reg_29_/Q
                              0.0856         0.0858        -0.0002  (VIOLATED)
   u_NV_NVDLA_cmac/u_core/dat0_actv_data[81]
                              0.0861         0.0863        -0.0002  (VIOLATED)
       PIN :   u_NV_NVDLA_cmac/u_core/u_active/dat_actv_data_reg0_reg_81_/Q
                              0.0861         0.0863        -0.0002  (VIOLATED)
   u_NV_NVDLA_cmac/u_core/u_mac_0/pp_out_l2n5_0_d2[5]
                              0.0861         0.0862        -0.0002  (VIOLATED)
       PIN :   u_NV_NVDLA_cmac/u_core/u_mac_0/pp_out_l2n5_0_d2_reg_5_/Q
                              0.0861         0.0862        -0.0002  (VIOLATED)
   u_NV_NVDLA_cmac/u_core/in_dat_data18[4]
                              0.0861         0.0862        -0.0002  (VIOLATED)
       PIN :   u_NV_NVDLA_cmac/u_core/u_rt_in/in_rt_dat_data_d1_reg_148_/Q
                              0.0861         0.0862        -0.0002  (VIOLATED)
   u_NV_NVDLA_cmac/u_core/out_data6[161]
                              0.0861         0.0862        -0.0002  (VIOLATED)
       PIN :   u_NV_NVDLA_cmac/u_core/u_mac_6/mac_out_data_reg_161_/Q
                              0.0861         0.0862        -0.0002  (VIOLATED)
   u_NV_NVDLA_cmac/u_core/u_mac_7/exp_sft_59[2]
                              0.0861         0.0862        -0.0002  (VIOLATED)
       PIN :   u_NV_NVDLA_cmac/u_core/u_mac_7/u_exp/exp_sft_59_reg_2_/Q
                              0.0861         0.0862        -0.0002  (VIOLATED)
   u_NV_NVDLA_cmac/u_core/u_mac_4/pp_out_l0n15_1_d1[15]
                              0.0856         0.0858        -0.0002  (VIOLATED)
       PIN :   u_NV_NVDLA_cmac/u_core/u_mac_4/pp_out_l0n15_1_d1_reg_15_/Q
                              0.0856         0.0858        -0.0002  (VIOLATED)
   u_NV_NVDLA_cmac/u_core/u_mac_1/pp_out_l0n06_1_d1[3]
                              0.0856         0.0858        -0.0002  (VIOLATED)
       PIN :   u_NV_NVDLA_cmac/u_core/u_mac_1/pp_out_l0n06_1_d1_reg_3_/Q
                              0.0856         0.0858        -0.0002  (VIOLATED)
   mac2accu_data6[54]         0.0861         0.0862        -0.0002  (VIOLATED)
       PIN :   u_NV_NVDLA_cmac/u_core/u_rt_out/out_rt_data6_d1_reg_54_/Q
                              0.0861         0.0862        -0.0002  (VIOLATED)
   u_NV_NVDLA_cmac/u_core/u_mac_7/pp_out_l0n00_0_d1[16]
                              0.0861         0.0862        -0.0002  (VIOLATED)
       PIN :   u_NV_NVDLA_cmac/u_core/u_mac_7/pp_out_l0n00_0_d1_reg_16_/Q
                              0.0861         0.0862        -0.0002  (VIOLATED)
   u_NV_NVDLA_cmac/u_core/u_active/wt1_sd_nan[60]
                              0.0856         0.0857        -0.0002  (VIOLATED)
       PIN :   u_NV_NVDLA_cmac/u_core/u_active/wt1_sd_nan_reg_60_/Q
                              0.0856         0.0857        -0.0002  (VIOLATED)
   u_NV_NVDLA_cmac/u_core/dat0_actv_data[595]
                              0.0861         0.0862        -0.0002  (VIOLATED)
       PIN :   u_NV_NVDLA_cmac/u_core/u_active/dat_actv_data_reg0_reg_595_/Q
                              0.0861         0.0862        -0.0002  (VIOLATED)
   u_NV_NVDLA_cmac/u_core/u_mac_1/pp_out_l0n01_1_d1[5]
                              0.0861         0.0862        -0.0002  (VIOLATED)
       PIN :   u_NV_NVDLA_cmac/u_core/u_mac_1/pp_out_l0n01_1_d1_reg_5_/Q
                              0.0861         0.0862        -0.0002  (VIOLATED)
   u_NV_NVDLA_cmac/u_core/u_mac_4/pp_out_l0n09_1_d1[25]
                              0.0856         0.0857        -0.0002  (VIOLATED)
       PIN :   u_NV_NVDLA_cmac/u_core/u_mac_4/pp_out_l0n09_1_d1_reg_25_/Q
                              0.0856         0.0857        -0.0002  (VIOLATED)
   u_NV_NVDLA_cmac/u_core/dat5_actv_data[585]
                              0.0856         0.0857        -0.0002  (VIOLATED)
       PIN :   u_NV_NVDLA_cmac/u_core/u_active/dat_actv_data_reg5_reg_585_/Q
                              0.0856         0.0857        -0.0002  (VIOLATED)
   u_NV_NVDLA_cmac/u_core/u_mac_3/res_tag_b5_d1[27]
                              0.0861         0.0862        -0.0002  (VIOLATED)
       PIN :   u_NV_NVDLA_cmac/u_core/u_mac_3/res_tag_b5_d1_reg_27_/Q
                              0.0861         0.0862        -0.0002  (VIOLATED)
   u_NV_NVDLA_cmac/u_core/dat3_actv_nz[54]
                              0.0856         0.0857        -0.0002  (VIOLATED)
       PIN :   u_NV_NVDLA_cmac/u_core/u_active/dat_actv_nz_reg3_reg_54_/Q
                              0.0856         0.0857        -0.0002  (VIOLATED)
   u_NV_NVDLA_cmac/u_core/u_mac_4/pp_out_l0n13_0_d1[29]
                              0.0861         0.0862        -0.0002  (VIOLATED)
       PIN :   u_NV_NVDLA_cmac/u_core/u_mac_4/pp_out_l0n13_0_d1_reg_29_/Q
                              0.0861         0.0862        -0.0002  (VIOLATED)
   u_NV_NVDLA_cmac/u_core/dat4_actv_data[695]
                              0.0861         0.0862        -0.0002  (VIOLATED)
       PIN :   u_NV_NVDLA_cmac/u_core/u_active/dat_actv_data_reg4_reg_695_/Q
                              0.0861         0.0862        -0.0002  (VIOLATED)
   u_NV_NVDLA_cmac/u_core/in_dat_data114[7]
                              0.0856         0.0857        -0.0002  (VIOLATED)
       PIN :   u_NV_NVDLA_cmac/u_core/u_rt_in/in_rt_dat_data_d1_reg_919_/Q
                              0.0856         0.0857        -0.0002  (VIOLATED)
   u_NV_NVDLA_cmac/u_core/u_mac_2/pp_out_l0n11_0_d1[3]
                              0.0856         0.0857        -0.0002  (VIOLATED)
       PIN :   u_NV_NVDLA_cmac/u_core/u_mac_2/pp_out_l0n11_0_d1_reg_3_/Q
                              0.0856         0.0857        -0.0002  (VIOLATED)
   u_NV_NVDLA_cmac/u_core/u_mac_5/pp_out_l0n15_0_d1[32]
                              0.0856         0.0857        -0.0002  (VIOLATED)
       PIN :   u_NV_NVDLA_cmac/u_core/u_mac_5/pp_out_l0n15_0_d1_reg_32_/Q
                              0.0856         0.0857        -0.0002  (VIOLATED)
   u_NV_NVDLA_cmac/u_core/wt0_actv_data[445]
                              0.0861         0.0862        -0.0002  (VIOLATED)
       PIN :   u_NV_NVDLA_cmac/u_core/u_active/wt0_actv_data_reg_445_/Q
                              0.0861         0.0862        -0.0002  (VIOLATED)
   u_NV_NVDLA_cmac/u_core/dat7_actv_data[38]
                              0.0861         0.0862        -0.0002  (VIOLATED)
       PIN :   u_NV_NVDLA_cmac/u_core/u_active/dat_actv_data_reg7_reg_38_/Q
                              0.0861         0.0862        -0.0002  (VIOLATED)
   u_NV_NVDLA_cmac/u_core/wt5_actv_data[915]
                              0.0861         0.0862        -0.0002  (VIOLATED)
       PIN :   u_NV_NVDLA_cmac/u_core/u_active/wt5_actv_data_reg_915_/Q
                              0.0861         0.0862        -0.0002  (VIOLATED)
   u_NV_NVDLA_cmac/u_core/u_mac_1/pp_out_l0n01_0_d1[14]
                              0.0861         0.0862        -0.0002  (VIOLATED)
       PIN :   u_NV_NVDLA_cmac/u_core/u_mac_1/pp_out_l0n01_0_d1_reg_14_/Q
                              0.0861         0.0862        -0.0002  (VIOLATED)
   u_NV_NVDLA_cmac/u_core/dat2_actv_data[621]
                              0.0861         0.0862        -0.0002  (VIOLATED)
       PIN :   u_NV_NVDLA_cmac/u_core/u_active/dat_actv_data_reg2_reg_621_/Q
                              0.0861         0.0862        -0.0002  (VIOLATED)
   u_NV_NVDLA_cmac/u_core/wt7_actv_data[996]
                              0.0856         0.0857        -0.0002  (VIOLATED)
       PIN :   u_NV_NVDLA_cmac/u_core/u_active/wt7_actv_data_reg_996_/Q
                              0.0856         0.0857        -0.0002  (VIOLATED)
   u_NV_NVDLA_cmac/u_core/wt4_actv_data[676]
                              0.0861         0.0862        -0.0001  (VIOLATED)
       PIN :   u_NV_NVDLA_cmac/u_core/u_active/wt4_actv_data_reg_676_/Q
                              0.0861         0.0862        -0.0001  (VIOLATED)
   u_NV_NVDLA_cmac/u_core/out_data6[160]
                              0.0861         0.0862        -0.0001  (VIOLATED)
       PIN :   u_NV_NVDLA_cmac/u_core/u_mac_6/mac_out_data_reg_160_/Q
                              0.0861         0.0862        -0.0001  (VIOLATED)
   u_NV_NVDLA_cmac/u_core/dat1_actv_data[964]
                              0.0861         0.0862        -0.0001  (VIOLATED)
       PIN :   u_NV_NVDLA_cmac/u_core/u_active/dat_actv_data_reg1_reg_964_/Q
                              0.0861         0.0862        -0.0001  (VIOLATED)
   u_NV_NVDLA_cmac/u_core/u_active/wt0_sd_data[38]
                              0.0861         0.0862        -0.0001  (VIOLATED)
       PIN :   u_NV_NVDLA_cmac/u_core/u_active/wt0_sd_data_reg_38_/Q
                              0.0861         0.0862        -0.0001  (VIOLATED)
   u_NV_NVDLA_cmac/u_core/wt0_actv_data[696]
                              0.0856         0.0857        -0.0001  (VIOLATED)
       PIN :   u_NV_NVDLA_cmac/u_core/u_active/wt0_actv_data_reg_696_/Q
                              0.0856         0.0857        -0.0001  (VIOLATED)
   u_NV_NVDLA_cmac/u_core/dat2_actv_data[126]
                              0.0856         0.0857        -0.0001  (VIOLATED)
       PIN :   u_NV_NVDLA_cmac/u_core/u_active/dat_actv_data_reg2_reg_126_/Q
                              0.0856         0.0857        -0.0001  (VIOLATED)
   u_NV_NVDLA_cmac/u_core/dat1_actv_data[310]
                              0.0861         0.0862        -0.0001  (VIOLATED)
       PIN :   u_NV_NVDLA_cmac/u_core/u_active/dat_actv_data_reg1_reg_310_/Q
                              0.0861         0.0862        -0.0001  (VIOLATED)
   u_NV_NVDLA_cmac/u_core/u_active/wt3_sd_nan[29]
                              0.0856         0.0857        -0.0001  (VIOLATED)
       PIN :   u_NV_NVDLA_cmac/u_core/u_active/wt3_sd_nan_reg_29_/Q
                              0.0856         0.0857        -0.0001  (VIOLATED)
   u_NV_NVDLA_cmac/u_core/u_mac_3/pp_out_l0n01_0_d1[6]
                              0.0861         0.0862        -0.0001  (VIOLATED)
       PIN :   u_NV_NVDLA_cmac/u_core/u_mac_3/pp_out_l0n01_0_d1_reg_6_/Q
                              0.0861         0.0862        -0.0001  (VIOLATED)
   u_NV_NVDLA_cmac/u_core/wt7_actv_data[80]
                              0.0861         0.0862        -0.0001  (VIOLATED)
       PIN :   u_NV_NVDLA_cmac/u_core/u_active/wt7_actv_data_reg_80_/Q
                              0.0861         0.0862        -0.0001  (VIOLATED)
   u_NV_NVDLA_cmac/u_core/u_mac_7/pp_out_l0n00_1_d1[23]
                              0.0861         0.0862        -0.0001  (VIOLATED)
       PIN :   u_NV_NVDLA_cmac/u_core/u_mac_7/pp_out_l0n00_1_d1_reg_23_/Q
                              0.0861         0.0862        -0.0001  (VIOLATED)
   u_NV_NVDLA_cmac/u_core/u_mac_1/pp_out_l0n09_0_d1[28]
                              0.0861         0.0862        -0.0001  (VIOLATED)
       PIN :   u_NV_NVDLA_cmac/u_core/u_mac_1/pp_out_l0n09_0_d1_reg_28_/Q
                              0.0861         0.0862        -0.0001  (VIOLATED)
   u_NV_NVDLA_cmac/u_core/in_dat_data112[0]
                              0.0861         0.0862        -0.0001  (VIOLATED)
       PIN :   u_NV_NVDLA_cmac/u_core/u_rt_in/in_rt_dat_data_d1_reg_896_/Q
                              0.0861         0.0862        -0.0001  (VIOLATED)
   u_NV_NVDLA_cmac/u_core/u_active/wt6_sd_nan[7]
                              0.0861         0.0862        -0.0001  (VIOLATED)
       PIN :   u_NV_NVDLA_cmac/u_core/u_active/wt6_sd_nan_reg_7_/Q
                              0.0861         0.0862        -0.0001  (VIOLATED)
   u_NV_NVDLA_cmac/u_core/u_mac_6/exp_sft_11[1]
                              0.0861         0.0862        -0.0001  (VIOLATED)
       PIN :   u_NV_NVDLA_cmac/u_core/u_mac_6/u_exp/exp_sft_11_reg_1_/Q
                              0.0861         0.0862        -0.0001  (VIOLATED)
   u_NV_NVDLA_cmac/u_core/u_mac_1/pp_out_l0n15_1_d1[18]
                              0.0861         0.0862        -0.0001  (VIOLATED)
       PIN :   u_NV_NVDLA_cmac/u_core/u_mac_1/pp_out_l0n15_1_d1_reg_18_/Q
                              0.0861         0.0862        -0.0001  (VIOLATED)
   u_NV_NVDLA_cmac/u_core/wt5_actv_data[435]
                              0.0856         0.0857        -0.0001  (VIOLATED)
       PIN :   u_NV_NVDLA_cmac/u_core/u_active/wt5_actv_data_reg_435_/Q
                              0.0856         0.0857        -0.0001  (VIOLATED)
   u_NV_NVDLA_cmac/u_core/dat3_actv_data[612]
                              0.0856         0.0857        -0.0001  (VIOLATED)
       PIN :   u_NV_NVDLA_cmac/u_core/u_active/dat_actv_data_reg3_reg_612_/Q
                              0.0856         0.0857        -0.0001  (VIOLATED)
   u_NV_NVDLA_cmac/u_core/dat3_actv_data[692]
                              0.0856         0.0857        -0.0001  (VIOLATED)
       PIN :   u_NV_NVDLA_cmac/u_core/u_active/dat_actv_data_reg3_reg_692_/Q
                              0.0856         0.0857        -0.0001  (VIOLATED)
   u_NV_NVDLA_cmac/u_core/wt0_actv_data[135]
                              0.0861         0.0862        -0.0001  (VIOLATED)
       PIN :   u_NV_NVDLA_cmac/u_core/u_active/wt0_actv_data_reg_135_/Q
                              0.0861         0.0862        -0.0001  (VIOLATED)
   u_NV_NVDLA_cmac/u_core/u_mac_7/pp_out_l0n13_0_d1[10]
                              0.0856         0.0857        -0.0001  (VIOLATED)
       PIN :   u_NV_NVDLA_cmac/u_core/u_mac_7/pp_out_l0n13_0_d1_reg_10_/Q
                              0.0856         0.0857        -0.0001  (VIOLATED)
   u_NV_NVDLA_cmac/u_core/u_mac_0/pp_out_l0n01_0_d1[7]
                              0.0856         0.0857        -0.0001  (VIOLATED)
       PIN :   u_NV_NVDLA_cmac/u_core/u_mac_0/pp_out_l0n01_0_d1_reg_7_/Q
                              0.0856         0.0857        -0.0001  (VIOLATED)
   u_NV_NVDLA_cmac/u_core/u_mac_0/pp_out_l0n07_1_d1[18]
                              0.0856         0.0857        -0.0001  (VIOLATED)
       PIN :   u_NV_NVDLA_cmac/u_core/u_mac_0/pp_out_l0n07_1_d1_reg_18_/Q
                              0.0856         0.0857        -0.0001  (VIOLATED)
   u_NV_NVDLA_cmac/u_core/u_mac_1/pp_out_l0n12_0_d1[8]
                              0.0856         0.0857        -0.0001  (VIOLATED)
       PIN :   u_NV_NVDLA_cmac/u_core/u_mac_1/pp_out_l0n12_0_d1_reg_8_/Q
                              0.0856         0.0857        -0.0001  (VIOLATED)
   u_NV_NVDLA_cmac/u_core/u_mac_7/pp_out_l0n11_0_d1[33]
                              0.0856         0.0857        -0.0001  (VIOLATED)
       PIN :   u_NV_NVDLA_cmac/u_core/u_mac_7/pp_out_l0n11_0_d1_reg_33_/Q
                              0.0856         0.0857        -0.0001  (VIOLATED)
   u_NV_NVDLA_cmac/u_core/u_active/wt4_sd_nan[24]
                              0.0856         0.0857        -0.0001  (VIOLATED)
       PIN :   u_NV_NVDLA_cmac/u_core/u_active/wt4_sd_nan_reg_24_/Q
                              0.0856         0.0857        -0.0001  (VIOLATED)
   u_NV_NVDLA_cmac/u_core/u_mac_6/pp_out_l0n15_1_d1[9]
                              0.0856         0.0857        -0.0001  (VIOLATED)
       PIN :   u_NV_NVDLA_cmac/u_core/u_mac_6/pp_out_l0n15_1_d1_reg_9_/Q
                              0.0856         0.0857        -0.0001  (VIOLATED)
   u_NV_NVDLA_cmac/u_core/u_mac_0/pp_out_l0n13_1_d1[29]
                              0.0856         0.0857        -0.0001  (VIOLATED)
       PIN :   u_NV_NVDLA_cmac/u_core/u_mac_0/pp_out_l0n13_1_d1_reg_29_/Q
                              0.0856         0.0857        -0.0001  (VIOLATED)
   u_NV_NVDLA_cmac/u_core/u_mac_2/pp_out_l0n01_1_d1[11]
                              0.0856         0.0857        -0.0001  (VIOLATED)
       PIN :   u_NV_NVDLA_cmac/u_core/u_mac_2/pp_out_l0n01_1_d1_reg_11_/Q
                              0.0856         0.0857        -0.0001  (VIOLATED)
   u_NV_NVDLA_cmac/u_core/u_mac_6/pp_out_l2n0_1_d2[24]
                              0.0856         0.0857        -0.0001  (VIOLATED)
       PIN :   u_NV_NVDLA_cmac/u_core/u_mac_6/pp_out_l2n0_1_d2_reg_24_/Q
                              0.0856         0.0857        -0.0001  (VIOLATED)
   u_NV_NVDLA_cmac/u_core/wt7_actv_data[142]
                              0.0861         0.0862        -0.0001  (VIOLATED)
       PIN :   u_NV_NVDLA_cmac/u_core/u_active/wt7_actv_data_reg_142_/Q
                              0.0861         0.0862        -0.0001  (VIOLATED)
   u_NV_NVDLA_cmac/u_core/wt1_actv_data[807]
                              0.0861         0.0862        -0.0001  (VIOLATED)
       PIN :   u_NV_NVDLA_cmac/u_core/u_active/wt1_actv_data_reg_807_/Q
                              0.0861         0.0862        -0.0001  (VIOLATED)
   u_NV_NVDLA_cmac/u_core/wt7_actv_data[456]
                              0.0861         0.0862        -0.0001  (VIOLATED)
       PIN :   u_NV_NVDLA_cmac/u_core/u_active/wt7_actv_data_reg_456_/Q
                              0.0861         0.0862        -0.0001  (VIOLATED)
   u_NV_NVDLA_cmac/u_core/u_active/wt6_sd_nz[53]
                              0.0861         0.0862        -0.0001  (VIOLATED)
       PIN :   u_NV_NVDLA_cmac/u_core/u_active/wt6_sd_nz_reg_53_/Q
                              0.0861         0.0862        -0.0001  (VIOLATED)
   u_NV_NVDLA_cmac/u_core/dat5_actv_data[852]
                              0.0861         0.0862        -0.0001  (VIOLATED)
       PIN :   u_NV_NVDLA_cmac/u_core/u_active/dat_actv_data_reg5_reg_852_/Q
                              0.0861         0.0862        -0.0001  (VIOLATED)
   u_NV_NVDLA_cmac/u_core/u_mac_3/pp_out_l0n01_1_d1[11]
                              0.0861         0.0862        -0.0001  (VIOLATED)
       PIN :   u_NV_NVDLA_cmac/u_core/u_mac_3/pp_out_l0n01_1_d1_reg_11_/Q
                              0.0861         0.0862        -0.0001  (VIOLATED)
   u_NV_NVDLA_cmac/u_core/u_mac_6/pp_out_l0n00_1_d1[29]
                              0.0856         0.0857        -0.0001  (VIOLATED)
       PIN :   u_NV_NVDLA_cmac/u_core/u_mac_6/pp_out_l0n00_1_d1_reg_29_/Q
                              0.0856         0.0857        -0.0001  (VIOLATED)
   u_NV_NVDLA_cmac/u_core/in_dat_data67[1]
                              0.0861         0.0861        -0.0001  (VIOLATED)
       PIN :   u_NV_NVDLA_cmac/u_core/u_rt_in/in_rt_dat_data_d1_reg_537_/Q
                              0.0861         0.0861        -0.0001  (VIOLATED)
   u_NV_NVDLA_cmac/u_core/u_mac_3/pp_out_l2n7_1_d2[27]
                              0.0856         0.0857        -0.0001  (VIOLATED)
       PIN :   u_NV_NVDLA_cmac/u_core/u_mac_3/pp_out_l2n7_1_d2_reg_27_/Q
                              0.0856         0.0857        -0.0001  (VIOLATED)
   u_NV_NVDLA_cmac/u_core/wt4_actv_data[1014]
                              0.0861         0.0861        -0.0001  (VIOLATED)
       PIN :   u_NV_NVDLA_cmac/u_core/u_active/wt4_actv_data_reg_1014_/Q
                              0.0861         0.0861        -0.0001  (VIOLATED)
   u_NV_NVDLA_cmac/u_core/dat5_actv_data[819]
                              0.0861         0.0861        -0.0001  (VIOLATED)
       PIN :   u_NV_NVDLA_cmac/u_core/u_active/dat_actv_data_reg5_reg_819_/Q
                              0.0861         0.0861        -0.0001  (VIOLATED)
   u_NV_NVDLA_cmac/u_core/dat7_actv_data[550]
                              0.0861         0.0861        -0.0001  (VIOLATED)
       PIN :   u_NV_NVDLA_cmac/u_core/u_active/dat_actv_data_reg7_reg_550_/Q
                              0.0861         0.0861        -0.0001  (VIOLATED)
   u_NV_NVDLA_cmac/u_core/u_mac_7/pp_out_l0n11_1_d1[13]
                              0.0861         0.0861        -0.0001  (VIOLATED)
       PIN :   u_NV_NVDLA_cmac/u_core/u_mac_7/pp_out_l0n11_1_d1_reg_13_/Q
                              0.0861         0.0861        -0.0001  (VIOLATED)
   u_NV_NVDLA_cmac/u_core/wt5_actv_data[263]
                              0.0861         0.0861        -0.0001  (VIOLATED)
       PIN :   u_NV_NVDLA_cmac/u_core/u_active/wt5_actv_data_reg_263_/Q
                              0.0861         0.0861        -0.0001  (VIOLATED)
   u_NV_NVDLA_cmac/u_core/u_mac_3/pp_out_l0n01_0_d1[4]
                              0.0861         0.0861        -0.0001  (VIOLATED)
       PIN :   u_NV_NVDLA_cmac/u_core/u_mac_3/pp_out_l0n01_0_d1_reg_4_/Q
                              0.0861         0.0861        -0.0001  (VIOLATED)
   u_NV_NVDLA_cmac/u_core/u_active/wt_pre_exp[164]
                              0.0861         0.0861        -0.0001  (VIOLATED)
       PIN :   u_NV_NVDLA_cmac/u_core/u_active/wt_pre_exp_reg_164_/Q
                              0.0861         0.0861        -0.0001  (VIOLATED)
   u_NV_NVDLA_cmac/u_core/u_mac_4/pp_out_l0n10_0_d1[10]
                              0.0856         0.0856        -0.0001  (VIOLATED)
       PIN :   u_NV_NVDLA_cmac/u_core/u_mac_4/pp_out_l0n10_0_d1_reg_10_/Q
                              0.0856         0.0856        -0.0001  (VIOLATED)
   u_NV_NVDLA_cmac/u_core/u_mac_1/pp_out_l0n09_1_d1[20]
                              0.0861         0.0861        -0.0001  (VIOLATED)
       PIN :   u_NV_NVDLA_cmac/u_core/u_mac_1/pp_out_l0n09_1_d1_reg_20_/Q
                              0.0861         0.0861        -0.0001  (VIOLATED)
   u_NV_NVDLA_cmac/u_core/dat6_actv_data[235]
                              0.0861         0.0861        -0.0001  (VIOLATED)
       PIN :   u_NV_NVDLA_cmac/u_core/u_active/dat_actv_data_reg6_reg_235_/Q
                              0.0861         0.0861        -0.0001  (VIOLATED)
   u_NV_NVDLA_cmac/u_core/u_active/wt_pre_data[110]
                              0.0861         0.0861        -0.0001  (VIOLATED)
       PIN :   u_NV_NVDLA_cmac/u_core/u_active/wt_pre_data_reg_110_/Q
                              0.0861         0.0861        -0.0001  (VIOLATED)
   u_NV_NVDLA_cmac/u_core/wt6_actv_data[212]
                              0.0856         0.0856        -0.0001  (VIOLATED)
       PIN :   u_NV_NVDLA_cmac/u_core/u_active/wt6_actv_data_reg_212_/Q
                              0.0856         0.0856        -0.0001  (VIOLATED)
   u_NV_NVDLA_cmac/u_core/wt4_actv_data[871]
                              0.0861         0.0861        -0.0001  (VIOLATED)
       PIN :   u_NV_NVDLA_cmac/u_core/u_active/wt4_actv_data_reg_871_/Q
                              0.0861         0.0861        -0.0001  (VIOLATED)
   u_NV_NVDLA_cmac/u_core/wt5_actv_data[812]
                              0.0861         0.0861        -0.0001  (VIOLATED)
       PIN :   u_NV_NVDLA_cmac/u_core/u_active/wt5_actv_data_reg_812_/Q
                              0.0861         0.0861        -0.0001  (VIOLATED)
   u_NV_NVDLA_cmac/u_core/dat6_actv_data[342]
                              0.0856         0.0856        -0.0001  (VIOLATED)
       PIN :   u_NV_NVDLA_cmac/u_core/u_active/dat_actv_data_reg6_reg_342_/Q
                              0.0856         0.0856        -0.0001  (VIOLATED)
   u_NV_NVDLA_cmac/u_core/u_active/wt7_sd_nan[41]
                              0.0856         0.0856        -0.0001  (VIOLATED)
       PIN :   u_NV_NVDLA_cmac/u_core/u_active/wt7_sd_nan_reg_41_/Q
                              0.0856         0.0856        -0.0001  (VIOLATED)
   u_NV_NVDLA_cmac/u_core/u_mac_2/pp_out_l0n01_1_d1[28]
                              0.0856         0.0856        -0.0001  (VIOLATED)
       PIN :   u_NV_NVDLA_cmac/u_core/u_mac_2/pp_out_l0n01_1_d1_reg_28_/Q
                              0.0856         0.0856        -0.0001  (VIOLATED)
   u_NV_NVDLA_cmac/u_core/u_mac_2/pp_out_l2n1_0_d2[11]
                              0.0861         0.0861        -0.0001  (VIOLATED)
       PIN :   u_NV_NVDLA_cmac/u_core/u_mac_2/pp_out_l2n1_0_d2_reg_11_/Q
                              0.0861         0.0861        -0.0001  (VIOLATED)
   u_NV_NVDLA_cmac/u_core/u_mac_2/pp_out_l0n01_0_d1[5]
                              0.0856         0.0856        -0.0001  (VIOLATED)
       PIN :   u_NV_NVDLA_cmac/u_core/u_mac_2/pp_out_l0n01_0_d1_reg_5_/Q
                              0.0856         0.0856        -0.0001  (VIOLATED)
   u_NV_NVDLA_cmac/u_core/wt7_actv_data[851]
                              0.0861         0.0861        -0.0001  (VIOLATED)
       PIN :   u_NV_NVDLA_cmac/u_core/u_active/wt7_actv_data_reg_851_/Q
                              0.0861         0.0861        -0.0001  (VIOLATED)
   u_NV_NVDLA_cmac/u_core/dat0_actv_data[432]
                              0.0861         0.0861        -0.0001  (VIOLATED)
       PIN :   u_NV_NVDLA_cmac/u_core/u_active/dat_actv_data_reg0_reg_432_/Q
                              0.0861         0.0861        -0.0001  (VIOLATED)
   u_NV_NVDLA_cmac/u_core/wt4_actv_data[388]
                              0.0856         0.0856        -0.0001  (VIOLATED)
       PIN :   u_NV_NVDLA_cmac/u_core/u_active/wt4_actv_data_reg_388_/Q
                              0.0856         0.0856        -0.0001  (VIOLATED)
   u_NV_NVDLA_cmac/u_core/u_mac_5/pp_out_l0n07_0_d1[14]
                              0.0856         0.0856        -0.0001  (VIOLATED)
       PIN :   u_NV_NVDLA_cmac/u_core/u_mac_5/pp_out_l0n07_0_d1_reg_14_/Q
                              0.0856         0.0856        -0.0001  (VIOLATED)
   u_NV_NVDLA_cmac/u_core/wt5_actv_data[534]
                              0.0861         0.0861        -0.0001  (VIOLATED)
       PIN :   u_NV_NVDLA_cmac/u_core/u_active/wt5_actv_data_reg_534_/Q
                              0.0861         0.0861        -0.0001  (VIOLATED)
   u_NV_NVDLA_cmac/u_core/dat1_actv_data[164]
                              0.0861         0.0861        -0.0001  (VIOLATED)
       PIN :   u_NV_NVDLA_cmac/u_core/u_active/dat_actv_data_reg1_reg_164_/Q
                              0.0861         0.0861        -0.0001  (VIOLATED)
   u_NV_NVDLA_cmac/u_core/wt1_actv_data[103]
                              0.0861         0.0861        -0.0001  (VIOLATED)
       PIN :   u_NV_NVDLA_cmac/u_core/u_active/wt1_actv_data_reg_103_/Q
                              0.0861         0.0861        -0.0001  (VIOLATED)
   u_NV_NVDLA_cmac/u_core/wt3_actv_data[77]
                              0.0861         0.0861        -0.0001  (VIOLATED)
       PIN :   u_NV_NVDLA_cmac/u_core/u_active/wt3_actv_data_reg_77_/Q
                              0.0861         0.0861        -0.0001  (VIOLATED)
   u_NV_NVDLA_cmac/u_core/wt2_actv_data[1017]
                              0.0861         0.0861        -0.0001  (VIOLATED)
       PIN :   u_NV_NVDLA_cmac/u_core/u_active/wt2_actv_data_reg_1017_/Q
                              0.0861         0.0861        -0.0001  (VIOLATED)
   u_NV_NVDLA_cmac/u_core/wt3_actv_data[235]
                              0.0861         0.0861         0.0000  (VIOLATED: increase significant digits)
   u_NV_NVDLA_cmac/u_core/wt5_actv_data[748]
                              0.0856         0.0856         0.0000  (VIOLATED: increase significant digits)
   u_NV_NVDLA_cmac/u_core/dat7_actv_data[943]
                              0.0861         0.0861         0.0000  (VIOLATED: increase significant digits)
   u_NV_NVDLA_cmac/u_core/u_active/wt6_sd_nz[45]
                              0.0861         0.0861         0.0000  (VIOLATED: increase significant digits)
   u_NV_NVDLA_cmac/u_core/dat3_actv_data[742]
                              0.0856         0.0856         0.0000  (VIOLATED: increase significant digits)
   u_NV_NVDLA_cmac/u_core/wt6_actv_data[607]
                              0.0861         0.0861         0.0000  (VIOLATED: increase significant digits)
   u_NV_NVDLA_cmac/u_core/wt7_actv_data[822]
                              0.0861         0.0861         0.0000  (VIOLATED: increase significant digits)
   u_NV_NVDLA_cmac/u_core/wt1_actv_data[447]
                              0.0861         0.0861         0.0000  (VIOLATED: increase significant digits)
   u_NV_NVDLA_cmac/u_core/u_mac_1/u_mul_47/n208
                              0.0844         0.0844         0.0000  (VIOLATED: increase significant digits)
   u_NV_NVDLA_cmac/u_core/wt2_actv_data[453]
                              0.0861         0.0861         0.0000  (VIOLATED: increase significant digits)
   u_NV_NVDLA_cmac/u_core/u_mac_3/pp_out_l2n4_1_d2[25]
                              0.0856         0.0856         0.0000  (VIOLATED: increase significant digits)
   u_NV_NVDLA_cmac/u_core/in_wt_data40[4]
                              0.0861         0.0861         0.0000  (VIOLATED: increase significant digits)
   u_NV_NVDLA_cmac/u_core/u_mac_5/pp_out_l0n01_0_d1[3]
                              0.0856         0.0856         0.0000  (VIOLATED: increase significant digits)
   u_NV_NVDLA_cmac/u_core/u_mac_5/pp_out_l0n10_1_d1[6]
                              0.0856         0.0856         0.0000  (VIOLATED: increase significant digits)
   u_NV_NVDLA_cmac/u_core/dat5_actv_data[159]
                              0.0856         0.0856         0.0000  (VIOLATED: increase significant digits)
   u_NV_NVDLA_cmac/u_core/wt6_actv_data[330]
                              0.0861         0.0861         0.0000  (VIOLATED: increase significant digits)
   u_NV_NVDLA_cmac/u_core/wt5_actv_data[397]
                              0.0856         0.0856         0.0000  (VIOLATED: increase significant digits)
   u_NV_NVDLA_cmac/u_core/u_mac_4/pp_out_l0n12_1_d1[10]
                              0.0856         0.0856         0.0000  (VIOLATED: increase significant digits)
   u_NV_NVDLA_cmac/u_core/wt7_actv_data[301]
                              0.0861         0.0861         0.0000  (VIOLATED: increase significant digits)
   u_NV_NVDLA_cmac/u_core/dat7_actv_data[547]
                              0.0861         0.0861         0.0000  (VIOLATED: increase significant digits)
   u_NV_NVDLA_cmac/u_core/u_active/wt5_sd_data[120]
                              0.0856         0.0856         0.0000  (VIOLATED: increase significant digits)
   u_NV_NVDLA_cmac/u_core/dat4_actv_data[36]
                              0.0861         0.0861         0.0000  (VIOLATED: increase significant digits)
   u_NV_NVDLA_cmac/u_core/wt3_actv_data[589]
                              0.0861         0.0861         0.0000  (VIOLATED: increase significant digits)
   u_NV_NVDLA_cmac/u_core/u_active/wt_pre_data[856]
                              0.0861         0.0861         0.0000  (VIOLATED: increase significant digits)
   u_NV_NVDLA_cmac/u_core/wt6_actv_data[61]
                              0.0861         0.0861         0.0000  (VIOLATED: increase significant digits)
   u_NV_NVDLA_cmac/u_core/dat3_actv_data[45]
                              0.0861         0.0861         0.0000  (VIOLATED: increase significant digits)
   u_NV_NVDLA_cmac/u_core/dat7_actv_data[563]
                              0.0861         0.0861         0.0000  (VIOLATED: increase significant digits)
   u_NV_NVDLA_cmac/u_core/wt7_actv_data[226]
                              0.0856         0.0856         0.0000  (VIOLATED: increase significant digits)
   u_NV_NVDLA_cmac/u_core/u_mac_1/res_tag_b0_d1[16]
                              0.0856         0.0856         0.0000  (VIOLATED: increase significant digits)
   u_NV_NVDLA_cmac/u_core/wt4_actv_data[663]
                              0.0861         0.0861         0.0000  (VIOLATED: increase significant digits)
   u_NV_NVDLA_cmac/u_core/u_mac_4/pp_out_l0n06_0_d1[22]
                              0.0861         0.0861         0.0000  (VIOLATED: increase significant digits)
   u_NV_NVDLA_cmac/u_core/in_dat_data96[6]
                              0.0861         0.0861         0.0000  (VIOLATED: increase significant digits)
   u_NV_NVDLA_cmac/u_core/wt7_actv_data[853]
                              0.0861         0.0861         0.0000  (VIOLATED: increase significant digits)

   -----------------------------------------------------------------
   Total                      1229             -9.1687  

   max_capacitance

                             Required        Actual
   Net                      Capacitance    Capacitance       Slack
   -----------------------------------------------------------------
   u_NV_NVDLA_cmac/u_core/n232
                             16.0000       105.7776       -89.7776  (VIOLATED)
   u_NV_NVDLA_cmac/u_core/u_mac_0/u_exp/n3938
                             16.0000        65.0231       -49.0231  (VIOLATED)
   u_NV_NVDLA_cmac/u_core/u_mac_6/u_exp/n4980
                             16.0000        63.1072       -47.1072  (VIOLATED)
   u_NV_NVDLA_cmac/u_core/u_mac_5/u_exp/n1793
                             16.0000        59.6999       -43.6999  (VIOLATED)
   u_NV_NVDLA_cmac/u_core/u_mac_0/pp_out_l0n08_0[0]
                             16.0000        49.5396       -33.5396  (VIOLATED)
   u_NV_NVDLA_cmac/u_core/u_mac_3/pp_out_l0n09_0[0]
                             16.0000        46.7730       -30.7730  (VIOLATED)
   u_NV_NVDLA_cmac/u_core/u_active/n2673
                             16.0000        43.9615       -27.9615  (VIOLATED)
   u_NV_NVDLA_cmac/u_core/u_mac_5/u_exp/n2232
                             16.0000        38.9370       -22.9370  (VIOLATED)
   u_NV_NVDLA_cmac/u_core/u_active/n2667
                             82.0000        95.8769       -13.8769  (VIOLATED)
   u_NV_NVDLA_cmac/u_core/u_mac_7/exp_sft_33[3]
                              8.0000        17.2656        -9.2656  (VIOLATED)
   u_NV_NVDLA_cmac/u_core/u_mac_3/exp_sft_16[3]
                              8.0000        17.2394        -9.2394  (VIOLATED)
   u_NV_NVDLA_cmac/u_core/u_mac_7/exp_sft_35[3]
                              8.0000        16.9318        -8.9318  (VIOLATED)
   u_NV_NVDLA_cmac/u_core/u_mac_5/exp_sft_51[2]
                              8.0000        16.8733        -8.8733  (VIOLATED)
   u_NV_NVDLA_cmac/u_core/u_mac_4/exp_sft_38[3]
                              8.0000        16.8019        -8.8019  (VIOLATED)
   u_NV_NVDLA_cmac/u_core/u_mac_1/exp_sft_48[2]
                              8.0000        16.7862        -8.7862  (VIOLATED)
   u_NV_NVDLA_cmac/u_core/u_mac_6/exp_sft_11[0]
                              8.0000        16.7587        -8.7587  (VIOLATED)
   u_NV_NVDLA_cmac/u_core/u_mac_7/exp_sft_22[3]
                              8.0000        16.1755        -8.1755  (VIOLATED)
   u_NV_NVDLA_cmac/u_core/u_mac_5/u_exp/n2233
                              8.0000        16.0106        -8.0106  (VIOLATED)
   u_NV_NVDLA_cmac/u_core/u_mac_1/exp_sft_50[3]
                              8.0000        15.8811        -7.8811  (VIOLATED)
   u_NV_NVDLA_cmac/u_core/u_mac_2/exp_sft_20[3]
                              8.0000        15.8346        -7.8346  (VIOLATED)
   u_NV_NVDLA_cmac/u_core/u_mac_7/exp_sft_10[3]
                              8.0000        15.7925        -7.7925  (VIOLATED)
   u_NV_NVDLA_cmac/u_core/u_mac_7/exp_sft_32[3]
                              8.0000        15.7796        -7.7796  (VIOLATED)
   u_NV_NVDLA_cmac/u_core/u_mac_1/exp_sft_38[3]
                              8.0000        15.7703        -7.7703  (VIOLATED)
   u_NV_NVDLA_cmac/u_core/u_mac_2/exp_sft_33[2]
                              8.0000        15.7661        -7.7661  (VIOLATED)
   u_NV_NVDLA_cmac/u_core/u_mac_2/exp_sft_25[3]
                              8.0000        15.7625        -7.7625  (VIOLATED)
   u_NV_NVDLA_cmac/u_core/u_mac_2/exp_sft_18[2]
                              8.0000        15.7515        -7.7515  (VIOLATED)
   u_NV_NVDLA_cmac/u_core/u_mac_2/exp_sft_20[2]
                              8.0000        15.7264        -7.7264  (VIOLATED)
   u_NV_NVDLA_cmac/u_core/u_mac_2/exp_sft_07[3]
                              8.0000        15.6390        -7.6390  (VIOLATED)
   u_NV_NVDLA_cmac/u_core/u_mac_6/exp_sft_11[2]
                              8.0000        15.5786        -7.5786  (VIOLATED)
   u_NV_NVDLA_cmac/u_core/u_mac_4/exp_sft_16[3]
                              8.0000        15.5757        -7.5757  (VIOLATED)
   u_NV_NVDLA_cmac/u_core/u_mac_1/exp_sft_57[2]
                              8.0000        15.5491        -7.5491  (VIOLATED)
   u_NV_NVDLA_cmac/u_core/u_mac_2/exp_sft_00[3]
                              8.0000        15.5094        -7.5094  (VIOLATED)
   u_NV_NVDLA_cmac/u_core/u_mac_7/exp_sft_61[3]
                              8.0000        15.4602        -7.4602  (VIOLATED)
   u_NV_NVDLA_cmac/u_core/u_mac_1/exp_sft_04[2]
                              8.0000        15.4102        -7.4102  (VIOLATED)
   u_NV_NVDLA_cmac/u_core/u_mac_7/exp_sft_36[3]
                              8.0000        15.3475        -7.3475  (VIOLATED)
   u_NV_NVDLA_cmac/u_core/u_mac_5/exp_sft_29[2]
                              8.0000        15.3212        -7.3212  (VIOLATED)
   u_NV_NVDLA_cmac/u_core/u_mac_7/exp_sft_23[3]
                              8.0000        15.3164        -7.3164  (VIOLATED)
   u_NV_NVDLA_cmac/u_core/u_mac_4/exp_sft_24[3]
                              8.0000        15.2149        -7.2149  (VIOLATED)
   u_NV_NVDLA_cmac/u_core/u_mac_3/exp_sft_50[3]
                              8.0000        15.1680        -7.1680  (VIOLATED)
   u_NV_NVDLA_cmac/u_core/u_mac_7/exp_sft_13[2]
                              8.0000        15.1260        -7.1260  (VIOLATED)
   u_NV_NVDLA_cmac/u_core/u_mac_2/exp_sft_21[2]
                              8.0000        15.1242        -7.1242  (VIOLATED)
   u_NV_NVDLA_cmac/u_core/u_mac_2/exp_sft_56[3]
                              8.0000        15.1011        -7.1011  (VIOLATED)
   u_NV_NVDLA_cmac/u_core/u_mac_6/exp_sft_00[3]
                              8.0000        15.0628        -7.0628  (VIOLATED)
   u_NV_NVDLA_cmac/u_core/u_mac_2/exp_sft_19[3]
                              8.0000        15.0199        -7.0199  (VIOLATED)
   u_NV_NVDLA_cmac/u_core/u_mac_5/exp_sft_63[1]
                              8.0000        14.9742        -6.9742  (VIOLATED)
   u_NV_NVDLA_cmac/u_core/u_mac_7/n6271
                             32.0000        38.9357        -6.9357  (VIOLATED)
   u_NV_NVDLA_cmac/u_core/u_mac_2/exp_sft_02[3]
                              8.0000        14.8681        -6.8681  (VIOLATED)
   u_NV_NVDLA_cmac/u_core/u_mac_6/exp_sft_09[2]
                              8.0000        14.8656        -6.8656  (VIOLATED)
   u_NV_NVDLA_cmac/u_core/out_data6[175]
                              8.0000        14.8346        -6.8346  (VIOLATED)
   u_NV_NVDLA_cmac/u_core/u_mac_5/cfg_is_int8_d3_0_
                             16.0000        22.7130        -6.7130  (VIOLATED)
   u_NV_NVDLA_cmac/u_core/u_mac_2/exp_sft_50[2]
                              8.0000        14.6712        -6.6712  (VIOLATED)
   u_NV_NVDLA_cmac/u_core/u_mac_2/exp_sft_22[1]
                              8.0000        14.6513        -6.6513  (VIOLATED)
   u_NV_NVDLA_cmac/u_core/u_mac_5/exp_sft_29[3]
                              8.0000        14.6101        -6.6101  (VIOLATED)
   u_NV_NVDLA_cmac/u_core/u_mac_3/exp_sft_53[3]
                              8.0000        14.5950        -6.5950  (VIOLATED)
   u_NV_NVDLA_cmac/u_core/u_mac_4/exp_sft_60[3]
                              8.0000        14.5929        -6.5929  (VIOLATED)
   u_NV_NVDLA_cmac/u_core/u_mac_3/exp_sft_04[1]
                              8.0000        14.5819        -6.5819  (VIOLATED)
   u_NV_NVDLA_cmac/u_core/u_mac_7/exp_sft_30[3]
                              8.0000        14.5694        -6.5694  (VIOLATED)
   u_NV_NVDLA_cmac/u_core/u_mac_4/exp_sft_06[2]
                              8.0000        14.3655        -6.3655  (VIOLATED)
   u_NV_NVDLA_cmac/u_core/u_mac_2/exp_sft_58[3]
                              8.0000        14.3655        -6.3655  (VIOLATED)
   u_NV_NVDLA_cmac/u_core/u_mac_6/exp_sft_08[0]
                              8.0000        14.3472        -6.3472  (VIOLATED)
   u_NV_NVDLA_cmac/u_core/u_mac_6/exp_sft_13[1]
                              8.0000        14.2942        -6.2942  (VIOLATED)
   u_NV_NVDLA_cmac/u_core/u_mac_7/exp_sft_12[3]
                              8.0000        14.2683        -6.2683  (VIOLATED)
   u_NV_NVDLA_cmac/u_core/u_mac_6/exp_sft_09[3]
                              8.0000        14.2223        -6.2223  (VIOLATED)
   u_NV_NVDLA_cmac/u_core/u_mac_1/exp_sft_34[2]
                              8.0000        14.2196        -6.2196  (VIOLATED)
   u_NV_NVDLA_cmac/u_core/u_mac_5/exp_sft_04[0]
                              8.0000        14.2165        -6.2165  (VIOLATED)
   u_NV_NVDLA_cmac/u_core/u_mac_6/exp_sft_13[2]
                              8.0000        14.2090        -6.2090  (VIOLATED)
   u_NV_NVDLA_cmac/u_core/u_mac_3/exp_sft_06[2]
                              8.0000        14.1973        -6.1973  (VIOLATED)
   u_NV_NVDLA_cmac/u_core/u_mac_7/exp_sft_28[3]
                              8.0000        14.1639        -6.1639  (VIOLATED)
   u_NV_NVDLA_cmac/u_core/u_mac_6/exp_sft_44[3]
                              8.0000        14.1373        -6.1373  (VIOLATED)
   u_NV_NVDLA_cmac/u_core/u_mac_2/exp_sft_19[2]
                              8.0000        14.0996        -6.0996  (VIOLATED)
   u_NV_NVDLA_cmac/u_core/u_mac_1/exp_sft_39[1]
                              8.0000        14.0479        -6.0479  (VIOLATED)
   u_NV_NVDLA_cmac/u_core/u_mac_5/exp_sft_47[3]
                              8.0000        14.0384        -6.0384  (VIOLATED)
   u_NV_NVDLA_cmac/u_core/u_mac_6/exp_sft_43[3]
                              8.0000        13.9913        -5.9913  (VIOLATED)
   u_NV_NVDLA_cmac/u_core/u_mac_5/exp_sft_03[2]
                              8.0000        13.8871        -5.8871  (VIOLATED)
   u_NV_NVDLA_cmac/u_core/u_mac_7/exp_sft_15[3]
                              8.0000        13.8188        -5.8188  (VIOLATED)
   u_NV_NVDLA_cmac/u_core/u_mac_4/exp_sft_59[3]
                              8.0000        13.7613        -5.7613  (VIOLATED)
   u_NV_NVDLA_cmac/u_core/u_mac_7/exp_sft_31[2]
                              8.0000        13.7210        -5.7210  (VIOLATED)
   u_NV_NVDLA_cmac/u_core/u_mac_3/exp_sft_52[3]
                              8.0000        13.6139        -5.6139  (VIOLATED)
   u_NV_NVDLA_cmac/u_core/u_mac_1/exp_sft_39[2]
                              8.0000        13.5295        -5.5295  (VIOLATED)
   u_NV_NVDLA_cmac/u_core/u_mac_7/exp_sft_04[2]
                              8.0000        13.4686        -5.4686  (VIOLATED)
   u_NV_NVDLA_cmac/u_core/u_mac_7/exp_sft_29[3]
                              8.0000        13.4366        -5.4366  (VIOLATED)
   u_NV_NVDLA_cmac/u_core/u_mac_2/exp_sft_17[2]
                              8.0000        13.4227        -5.4227  (VIOLATED)
   u_NV_NVDLA_cmac/u_core/u_mac_5/exp_sft_15[0]
                              8.0000        13.3801        -5.3801  (VIOLATED)
   u_NV_NVDLA_cmac/u_core/u_mac_4/exp_sft_61[3]
                              8.0000        13.3547        -5.3547  (VIOLATED)
   u_NV_NVDLA_cmac/u_core/u_mac_2/exp_sft_18[3]
                              8.0000        13.3400        -5.3400  (VIOLATED)
   u_NV_NVDLA_cmac/u_core/u_mac_7/exp_sft_47[2]
                              8.0000        13.2916        -5.2916  (VIOLATED)
   u_NV_NVDLA_cmac/u_core/u_mac_5/exp_sft_35[1]
                              8.0000        13.2850        -5.2850  (VIOLATED)
   u_NV_NVDLA_cmac/u_core/u_mac_0/exp_sft_32[2]
                              8.0000        13.1974        -5.1974  (VIOLATED)
   u_NV_NVDLA_cmac/u_core/u_mac_2/exp_sft_22[2]
                              8.0000        13.1527        -5.1527  (VIOLATED)
   u_NV_NVDLA_cmac/u_core/u_mac_6/exp_sft_14[0]
                              8.0000        13.1301        -5.1301  (VIOLATED)
   u_NV_NVDLA_cmac/u_core/u_mac_4/exp_sft_05[2]
                              8.0000        13.0797        -5.0797  (VIOLATED)
   u_NV_NVDLA_cmac/u_core/u_mac_2/exp_sft_34[2]
                              8.0000        13.0462        -5.0462  (VIOLATED)
   u_NV_NVDLA_cmac/u_core/u_mac_1/exp_sft_38[2]
                              8.0000        12.9923        -4.9923  (VIOLATED)
   u_NV_NVDLA_cmac/u_core/u_mac_0/exp_sft_02[2]
                              8.0000        12.9607        -4.9607  (VIOLATED)
   u_NV_NVDLA_cmac/u_core/out_data3[43]
                              8.0000        12.9085        -4.9085  (VIOLATED)
   u_NV_NVDLA_cmac/u_core/u_mac_0/exp_sft_01[3]
                              8.0000        12.8773        -4.8773  (VIOLATED)
   u_NV_NVDLA_cmac/u_core/u_mac_1/exp_sft_34[3]
                              8.0000        12.8569        -4.8569  (VIOLATED)
   u_NV_NVDLA_cmac/u_core/u_mac_1/u_exp/n4695
                             16.0000        20.6902        -4.6902  (VIOLATED)
   u_NV_NVDLA_cmac/u_core/u_mac_7/exp_sft_45[2]
                              8.0000        12.6535        -4.6535  (VIOLATED)
   u_NV_NVDLA_cmac/u_core/u_mac_3/exp_sft_36[3]
                              8.0000        12.5281        -4.5281  (VIOLATED)
   u_NV_NVDLA_cmac/u_core/u_mac_2/exp_sft_32[2]
                              8.0000        12.5149        -4.5149  (VIOLATED)
   u_NV_NVDLA_cmac/u_core/u_mac_1/exp_sft_09[3]
                              8.0000        12.4865        -4.4865  (VIOLATED)
   u_NV_NVDLA_cmac/u_core/u_mac_7/exp_sft_38[3]
                              8.0000        12.4854        -4.4854  (VIOLATED)
   u_NV_NVDLA_cmac/u_core/out_data6[40]
                              8.0000        12.4442        -4.4442  (VIOLATED)
   u_NV_NVDLA_cmac/u_core/u_mac_4/exp_sft_00[2]
                              8.0000        12.4163        -4.4163  (VIOLATED)
   u_NV_NVDLA_cmac/u_core/u_mac_2/exp_sft_57[3]
                              8.0000        12.4130        -4.4130  (VIOLATED)
   u_NV_NVDLA_cmac/u_core/u_mac_6/exp_sft_15[2]
                              8.0000        12.3843        -4.3843  (VIOLATED)
   u_NV_NVDLA_cmac/u_core/u_mac_5/exp_sft_46[2]
                              8.0000        12.3834        -4.3834  (VIOLATED)
   u_NV_NVDLA_cmac/u_core/u_mac_6/exp_sft_08[2]
                              8.0000        12.3828        -4.3828  (VIOLATED)
   u_NV_NVDLA_cmac/u_core/out_data6[42]
                              8.0000        12.3410        -4.3410  (VIOLATED)
   u_NV_NVDLA_cmac/u_core/u_mac_1/exp_sft_39[3]
                              8.0000        12.1993        -4.1993  (VIOLATED)
   u_NV_NVDLA_cmac/u_core/u_mac_6/exp_sft_36[3]
                              8.0000        12.1602        -4.1602  (VIOLATED)
   u_NV_NVDLA_cmac/u_core/u_mac_7/exp_sft_14[3]
                              8.0000        12.1480        -4.1480  (VIOLATED)
   u_NV_NVDLA_cmac/u_core/u_mac_7/exp_sft_27[3]
                              8.0000        11.9556        -3.9556  (VIOLATED)
   u_NV_NVDLA_cmac/u_core/u_mac_6/exp_sft_23[0]
                              8.0000        11.9174        -3.9174  (VIOLATED)
   u_NV_NVDLA_cmac/u_core/u_mac_7/exp_sft_07[1]
                              8.0000        11.9089        -3.9089  (VIOLATED)
   u_NV_NVDLA_cmac/u_core/out_data3[42]
                              8.0000        11.8837        -3.8837  (VIOLATED)
   u_NV_NVDLA_cmac/u_core/u_mac_7/u_exp/exp_max_l1_0[1]
                             32.0000        35.8254        -3.8254  (VIOLATED)
   u_NV_NVDLA_cmac/u_core/out_data3[35]
                              8.0000        11.8077        -3.8077  (VIOLATED)
   u_NV_NVDLA_cmac/u_core/u_mac_6/exp_sft_08[3]
                              8.0000        11.7917        -3.7917  (VIOLATED)
   u_NV_NVDLA_cmac/u_core/u_mac_2/exp_sft_20[0]
                              8.0000        11.7708        -3.7708  (VIOLATED)
   u_NV_NVDLA_cmac/u_core/u_mac_5/exp_sft_13[0]
                              8.0000        11.7479        -3.7479  (VIOLATED)
   u_NV_NVDLA_cmac/u_core/u_mac_7/exp_sft_13[3]
                              8.0000        11.7149        -3.7149  (VIOLATED)
   u_NV_NVDLA_cmac/u_core/u_mac_6/exp_sft_57[3]
                              8.0000        11.7057        -3.7057  (VIOLATED)
   u_NV_NVDLA_cmac/u_core/u_mac_1/exp_sft_04[3]
                              8.0000        11.5924        -3.5924  (VIOLATED)
   u_NV_NVDLA_cmac/u_core/u_mac_5/u_mul_30/n97
                              8.0000        11.5708        -3.5708  (VIOLATED)
   u_NV_NVDLA_cmac/u_core/u_mac_2/u_mul_24/n97
                              8.0000        11.5621        -3.5621  (VIOLATED)
   u_NV_NVDLA_cmac/u_core/u_mac_7/exp_sft_46[2]
                              8.0000        11.5289        -3.5289  (VIOLATED)
   u_NV_NVDLA_cmac/u_core/u_mac_2/exp_sft_23[2]
                              8.0000        11.4619        -3.4619  (VIOLATED)
   u_NV_NVDLA_cmac/u_core/u_mac_2/exp_sft_21[1]
                              8.0000        11.4492        -3.4492  (VIOLATED)
   u_NV_NVDLA_cmac/u_core/u_mac_2/exp_sft_20[1]
                              8.0000        11.4318        -3.4318  (VIOLATED)
   u_NV_NVDLA_cmac/u_core/u_mac_7/exp_sft_24[2]
                              8.0000        11.3747        -3.3747  (VIOLATED)
   u_NV_NVDLA_cmac/u_core/u_mac_2/exp_sft_16[2]
                              8.0000        11.3220        -3.3220  (VIOLATED)
   u_NV_NVDLA_cmac/u_core/u_mac_6/n7838
                              8.0000        11.2576        -3.2576  (VIOLATED)
   u_NV_NVDLA_cmac/u_core/u_mac_5/exp_sft_33[1]
                              8.0000        11.2362        -3.2362  (VIOLATED)
   u_NV_NVDLA_cmac/u_core/u_mac_7/exp_sft_31[3]
                              8.0000        11.2103        -3.2103  (VIOLATED)
   u_NV_NVDLA_cmac/u_core/u_mac_1/exp_sft_38[1]
                              8.0000        11.1978        -3.1978  (VIOLATED)
   u_NV_NVDLA_cmac/u_core/u_mac_5/exp_sft_37[1]
                              8.0000        11.1722        -3.1722  (VIOLATED)
   u_NV_NVDLA_cmac/u_core/u_mac_7/exp_sft_25[2]
                              8.0000        11.0782        -3.0782  (VIOLATED)
   u_NV_NVDLA_cmac/u_core/u_mac_4/exp_sft_04[2]
                              8.0000        11.0761        -3.0761  (VIOLATED)
   u_NV_NVDLA_cmac/u_core/u_mac_6/n6279
                             32.0000        35.0636        -3.0636  (VIOLATED)
   u_NV_NVDLA_cmac/u_core/u_mac_7/exp_sft_26[2]
                              8.0000        11.0471        -3.0471  (VIOLATED)
   u_NV_NVDLA_cmac/u_core/u_mac_6/exp_sft_13[3]
                              8.0000        11.0286        -3.0286  (VIOLATED)
   u_NV_NVDLA_cmac/u_core/u_mac_1/exp_sft_56[2]
                              8.0000        11.0114        -3.0114  (VIOLATED)
   u_NV_NVDLA_cmac/u_core/u_mac_1/u_mul_41/n97
                              8.0000        11.0108        -3.0108  (VIOLATED)
   u_NV_NVDLA_cmac/u_core/u_mac_5/exp_sft_07[0]
                              8.0000        10.9533        -2.9533  (VIOLATED)
   u_NV_NVDLA_cmac/u_core/u_mac_2/u_mul_54/n97
                              8.0000        10.9318        -2.9318  (VIOLATED)
   u_NV_NVDLA_cmac/u_core/u_mac_1/exp_sft_02[3]
                              8.0000        10.8811        -2.8811  (VIOLATED)
   u_NV_NVDLA_cmac/u_core/u_mac_2/exp_sft_47[3]
                              8.0000        10.8808        -2.8808  (VIOLATED)
   u_NV_NVDLA_cmac/u_core/u_mac_4/exp_sft_06[3]
                              8.0000        10.8333        -2.8333  (VIOLATED)
   u_NV_NVDLA_cmac/u_core/u_mac_1/u_exp/n5372
                             32.0000        34.8163        -2.8163  (VIOLATED)
   u_NV_NVDLA_cmac/u_core/u_mac_0/u_tree_l0n08/n341
                             16.0000        18.8157        -2.8157  (VIOLATED)
   u_NV_NVDLA_cmac/u_core/u_mac_4/exp_sft_58[3]
                              8.0000        10.6651        -2.6651  (VIOLATED)
   u_NV_NVDLA_cmac/u_core/u_mac_7/u_mul_24/n97
                              8.0000        10.6473        -2.6473  (VIOLATED)
   u_NV_NVDLA_cmac/u_core/u_mac_6/n8399
                              8.0000        10.6404        -2.6404  (VIOLATED)
   u_NV_NVDLA_cmac/u_core/out_data3[33]
                              8.0000        10.6252        -2.6252  (VIOLATED)
   u_NV_NVDLA_cmac/u_core/u_mac_2/u_mul_17/n97
                              8.0000        10.6054        -2.6054  (VIOLATED)
   u_NV_NVDLA_cmac/u_core/u_mac_7/u_mul_27/n97
                              8.0000        10.5659        -2.5659  (VIOLATED)
   u_NV_NVDLA_cmac/u_core/u_mac_7/exp_sft_57[3]
                              8.0000        10.5486        -2.5486  (VIOLATED)
   u_NV_NVDLA_cmac/u_core/u_mac_5/u_exp/exp_sum_62[0]
                             16.0000        18.5445        -2.5445  (VIOLATED)
   u_NV_NVDLA_cmac/u_core/u_mac_1/exp_sft_49[3]
                              8.0000        10.4758        -2.4758  (VIOLATED)
   u_NV_NVDLA_cmac/u_core/u_mac_4/exp_sft_46[2]
                              8.0000        10.4431        -2.4431  (VIOLATED)
   u_NV_NVDLA_cmac/u_core/u_mac_2/exp_sft_17[3]
                              8.0000        10.4415        -2.4415  (VIOLATED)
   u_NV_NVDLA_cmac/u_core/u_mac_5/u_mul_18/n97
                              8.0000        10.4412        -2.4412  (VIOLATED)
   u_NV_NVDLA_cmac/u_core/u_mac_6/exp_sft_62[3]
                              8.0000        10.4253        -2.4253  (VIOLATED)
   u_NV_NVDLA_cmac/u_core/u_active/n7603
                              8.0000        10.4081        -2.4081  (VIOLATED)
   u_NV_NVDLA_cmac/u_core/u_mac_7/exp_sft_62[3]
                              8.0000        10.4071        -2.4071  (VIOLATED)
   u_NV_NVDLA_cmac/u_core/u_mac_4/exp_sft_07[3]
                              8.0000        10.3879        -2.3879  (VIOLATED)
   u_NV_NVDLA_cmac/u_core/out_data3[32]
                              8.0000        10.3670        -2.3670  (VIOLATED)
   u_NV_NVDLA_cmac/u_core/u_mac_2/u_mul_25/n97
                              8.0000        10.3612        -2.3612  (VIOLATED)
   u_NV_NVDLA_cmac/u_core/u_mac_2/exp_sft_03[3]
                              8.0000        10.3372        -2.3372  (VIOLATED)
   u_NV_NVDLA_cmac/u_core/u_mac_6/exp_sft_12[2]
                              8.0000        10.3274        -2.3274  (VIOLATED)
   u_NV_NVDLA_cmac/u_core/wt7_sd_exp[17]
                              8.0000        10.2790        -2.2790  (VIOLATED)
   u_NV_NVDLA_cmac/u_core/u_mac_2/exp_sft_22[3]
                              8.0000        10.2719        -2.2719  (VIOLATED)
   u_NV_NVDLA_cmac/u_core/u_mac_6/exp_sft_14[2]
                              8.0000        10.2043        -2.2043  (VIOLATED)
   u_NV_NVDLA_cmac/u_core/u_mac_1/u_mul_32/n97
                              8.0000        10.1922        -2.1922  (VIOLATED)
   u_NV_NVDLA_cmac/u_core/u_mac_4/exp_sft_43[3]
                              8.0000        10.1917        -2.1917  (VIOLATED)
   u_NV_NVDLA_cmac/u_core/u_mac_4/exp_sft_05[3]
                              8.0000        10.1538        -2.1538  (VIOLATED)
   u_NV_NVDLA_cmac/u_core/u_mac_4/u_mul_5/n97
                              8.0000        10.1172        -2.1172  (VIOLATED)
   u_NV_NVDLA_cmac/u_core/u_mac_6/u_exp/n39
                              8.0000        10.0875        -2.0875  (VIOLATED)
   u_NV_NVDLA_cmac/u_core/u_mac_5/pp_out_l2n6_1[6]
                             16.0000        18.0615        -2.0615  (VIOLATED)
   u_NV_NVDLA_cmac/u_core/u_mac_1/u_mul_25/n199
                              8.0000        10.0223        -2.0223  (VIOLATED)
   u_NV_NVDLA_cmac/u_core/u_mac_4/n7840
                              8.0000        10.0158        -2.0158  (VIOLATED)
   u_NV_NVDLA_cmac/u_core/u_mac_2/u_mul_26/n97
                              8.0000         9.9691        -1.9691  (VIOLATED)
   u_NV_NVDLA_cmac/u_core/u_mac_5/u_mul_52/n199
                              8.0000         9.9601        -1.9601  (VIOLATED)
   u_NV_NVDLA_cmac/u_core/u_mac_0/n6173
                             64.0000        65.9560        -1.9560  (VIOLATED)
   u_NV_NVDLA_cmac/u_core/u_mac_7/pp_out_l4n3_1[33]
                              8.0000         9.9479        -1.9479  (VIOLATED)
   u_NV_NVDLA_cmac/u_core/u_mac_1/exp_sft_51[3]
                              8.0000         9.9450        -1.9450  (VIOLATED)
   u_NV_NVDLA_cmac/u_core/u_mac_7/exp_sft_15[2]
                              8.0000         9.9296        -1.9296  (VIOLATED)
   u_NV_NVDLA_cmac/u_core/u_mac_6/u_nan/n1357
                             16.0000        17.9246        -1.9246  (VIOLATED)
   u_NV_NVDLA_cmac/u_core/u_mac_2/pp_out_l2n1_0[40]
                              8.0000         9.9185        -1.9185  (VIOLATED)
   u_NV_NVDLA_cmac/u_core/u_mac_7/pp_out_l0n09_1[24]
                              8.0000         9.9053        -1.9053  (VIOLATED)
   u_NV_NVDLA_cmac/u_core/u_mac_5/u_nan/n1335
                              8.0000         9.9007        -1.9007  (VIOLATED)
   u_NV_NVDLA_cmac/u_core/u_mac_0/pp_out_l2n6_1[18]
                              8.0000         9.8755        -1.8755  (VIOLATED)
   u_NV_NVDLA_cmac/u_core/u_mac_3/n8951
                              8.0000         9.8407        -1.8407  (VIOLATED)
   u_NV_NVDLA_cmac/u_core/u_mac_7/u_tree_l0n09/n12
                              8.0000         9.8358        -1.8358  (VIOLATED)
   u_NV_NVDLA_cmac/u_core/u_mac_3/pp_out_l4n3_1[31]
                              8.0000         9.8314        -1.8314  (VIOLATED)
   u_NV_NVDLA_cmac/u_core/u_mac_7/u_tree_l0n09/n322
                              8.0000         9.8309        -1.8309  (VIOLATED)
   u_NV_NVDLA_cmac/u_core/u_mac_7/exp_sft_20[1]
                              8.0000         9.8296        -1.8296  (VIOLATED)
   u_NV_NVDLA_cmac/u_core/u_mac_3/n8973
                              8.0000         9.8227        -1.8227  (VIOLATED)
   u_NV_NVDLA_cmac/u_core/u_mac_4/u_tree_l0n06/n196
                              8.0000         9.8152        -1.8152  (VIOLATED)
   u_NV_NVDLA_cmac/u_core/u_mac_7/u_mul_25/n199
                              8.0000         9.8127        -1.8127  (VIOLATED)
   u_NV_NVDLA_cmac/u_core/u_mac_2/u_mul_1/n97
                              8.0000         9.8124        -1.8124  (VIOLATED)
   u_NV_NVDLA_cmac/u_core/u_mac_7/pp_out_l0n09_1[28]
                              8.0000         9.8117        -1.8117  (VIOLATED)
   u_NV_NVDLA_cmac/u_core/u_mac_6/u_tree_l0n14/n189
                              8.0000         9.8045        -1.8045  (VIOLATED)
   u_NV_NVDLA_cmac/u_core/u_mac_6/u_mul_14/n199
                              8.0000         9.8011        -1.8011  (VIOLATED)
   u_NV_NVDLA_cmac/u_core/u_mac_3/ps_n0b3_dc[6]
                              8.0000         9.8004        -1.8004  (VIOLATED)
   u_NV_NVDLA_cmac/u_core/u_mac_1/exp_sft_16[3]
                              8.0000         9.7983        -1.7983  (VIOLATED)
   u_NV_NVDLA_cmac/u_core/u_mac_1/res_tag_52[3]
                             16.0000        17.7954        -1.7954  (VIOLATED)
   u_NV_NVDLA_cmac/u_core/u_mac_4/n6512
                             16.0000        17.7920        -1.7920  (VIOLATED)
   u_NV_NVDLA_cmac/u_core/u_mac_0/pp_out_l0n11_0[12]
                             16.0000        17.7920        -1.7920  (VIOLATED)
   u_NV_NVDLA_cmac/u_core/u_mac_6/pp_out_l0n04_0[28]
                             16.0000        17.7913        -1.7913  (VIOLATED)
   u_NV_NVDLA_cmac/u_core/u_mac_2/ps_n1b0_d2[6]
                              8.0000         9.7906        -1.7906  (VIOLATED)
   u_NV_NVDLA_cmac/u_core/u_mac_3/pp_out_l0n05_1[11]
                             16.0000        17.7856        -1.7856  (VIOLATED)
   u_NV_NVDLA_cmac/u_core/u_mac_4/u_mul_31/n199
                              8.0000         9.7854        -1.7854  (VIOLATED)
   u_NV_NVDLA_cmac/u_core/u_active/n20136
                             16.0000        17.7782        -1.7782  (VIOLATED)
   u_NV_NVDLA_cmac/u_core/u_mac_6/pp_out_l0n11_1[20]
                             16.0000        17.7781        -1.7781  (VIOLATED)
   u_NV_NVDLA_cmac/u_core/u_mac_5/u_nan/n1380
                             16.0000        17.7755        -1.7755  (VIOLATED)
   u_NV_NVDLA_cmac/u_core/u_mac_6/u_mul_3/n307
                             16.0000        17.7739        -1.7739  (VIOLATED)
   u_NV_NVDLA_cmac/u_core/u_mac_2/pp_out_l0n01_0[23]
                             16.0000        17.7714        -1.7714  (VIOLATED)
   u_NV_NVDLA_cmac/u_core/u_mac_6/pp_out_l0n11_1[26]
                             16.0000        17.7711        -1.7711  (VIOLATED)
   u_NV_NVDLA_cmac/u_core/u_mac_1/pp_out_l0n14_0[5]
                             16.0000        17.7707        -1.7707  (VIOLATED)
   u_NV_NVDLA_cmac/u_core/u_mac_0/pp_out_l0n15_0[16]
                             16.0000        17.7707        -1.7707  (VIOLATED)
   u_NV_NVDLA_cmac/u_core/u_mac_2/pp_out_l0n09_1[18]
                             16.0000        17.7702        -1.7702  (VIOLATED)
   u_NV_NVDLA_cmac/u_core/u_mac_5/u_nan/n2125
                              8.0000         9.7699        -1.7699  (VIOLATED)
   u_NV_NVDLA_cmac/u_core/u_mac_1/pp_out_l0n14_1[3]
                             16.0000        17.7693        -1.7693  (VIOLATED)
   u_NV_NVDLA_cmac/u_core/u_mac_5/u_nan/n2165
                             16.0000        17.7689        -1.7689  (VIOLATED)
   u_NV_NVDLA_cmac/u_core/u_mac_1/pp_out_l2n1_0[29]
                             16.0000        17.7680        -1.7680  (VIOLATED)
   u_NV_NVDLA_cmac/u_core/u_mac_7/pp_out_l0n14_1[24]
                             16.0000        17.7680        -1.7680  (VIOLATED)
   u_NV_NVDLA_cmac/u_core/u_mac_3/pp_out_l1n0_1[39]
                              8.0000         9.7660        -1.7660  (VIOLATED)
   u_NV_NVDLA_cmac/u_core/u_mac_5/u_mul_28/n97
                              8.0000         9.7651        -1.7651  (VIOLATED)
   u_NV_NVDLA_cmac/u_core/u_mac_1/u_mul_34/n199
                              8.0000         9.7634        -1.7634  (VIOLATED)
   u_NV_NVDLA_cmac/u_core/u_mac_4/pp_out_l0n14_1[25]
                             16.0000        17.7617        -1.7617  (VIOLATED)
   u_NV_NVDLA_cmac/u_core/u_mac_4/n8401
                              8.0000         9.7613        -1.7613  (VIOLATED)
   u_NV_NVDLA_cmac/u_core/u_mac_3/pp_out_l0n00_0[25]
                             82.0000        83.7602        -1.7602  (VIOLATED)
   u_NV_NVDLA_cmac/u_core/u_mac_5/pp_out_l0n06_0[3]
                             16.0000        17.7601        -1.7601  (VIOLATED)
   u_NV_NVDLA_cmac/u_core/u_mac_7/exp_sft_24[3]
                              8.0000         9.7564        -1.7564  (VIOLATED)
   u_NV_NVDLA_cmac/u_core/u_mac_6/pp_out_l0n11_1[35]
                             16.0000        17.7554        -1.7554  (VIOLATED)
   u_NV_NVDLA_cmac/u_core/u_mac_7/pp_out_l4n3_1[39]
                              8.0000         9.7544        -1.7544  (VIOLATED)
   u_NV_NVDLA_cmac/u_core/u_mac_6/res_tag_21[2]
                             16.0000        17.7532        -1.7532  (VIOLATED)
   u_NV_NVDLA_cmac/u_core/u_mac_3/pp_out_l0n06_1[4]
                             16.0000        17.7511        -1.7511  (VIOLATED)
   u_NV_NVDLA_cmac/u_core/u_mac_1/pp_out_l0n03_0[8]
                             16.0000        17.7504        -1.7504  (VIOLATED)
   u_NV_NVDLA_cmac/u_core/u_mac_4/n8956
                              8.0000         9.7503        -1.7503  (VIOLATED)
   u_NV_NVDLA_cmac/u_core/u_mac_7/pp_out_l2n0_0[21]
                             16.0000        17.7450        -1.7450  (VIOLATED)
   u_NV_NVDLA_cmac/u_core/u_mac_2/pp_out_l0n09_1[15]
                             16.0000        17.7438        -1.7438  (VIOLATED)
   u_NV_NVDLA_cmac/u_core/u_mac_3/pp_out_l2n3_0[40]
                              8.0000         9.7436        -1.7436  (VIOLATED)
   u_NV_NVDLA_cmac/u_core/u_mac_2/pp_out_l0n01_1[20]
                             16.0000        17.7429        -1.7429  (VIOLATED)
   u_NV_NVDLA_cmac/u_core/u_mac_3/n8328
                             16.0000        17.7427        -1.7427  (VIOLATED)
   u_NV_NVDLA_cmac/u_core/u_mac_6/pp_out_l4n3_1[34]
                              8.0000         9.7425        -1.7425  (VIOLATED)
   u_NV_NVDLA_cmac/u_core/u_mac_4/pp_out_l0n06_0[25]
                             16.0000        17.7415        -1.7415  (VIOLATED)
   u_NV_NVDLA_cmac/u_core/u_mac_0/pp_out_l0n11_1[33]
                             16.0000        17.7400        -1.7400  (VIOLATED)
   u_NV_NVDLA_cmac/u_core/u_mac_3/n6377
                             16.0000        17.7386        -1.7386  (VIOLATED)
   u_NV_NVDLA_cmac/u_core/u_mac_7/u_exp/wt_actv_exp[17]
                              8.0000         9.7378        -1.7378  (VIOLATED)
   u_NV_NVDLA_cmac/u_core/u_mac_6/n6415
                             16.0000        17.7356        -1.7356  (VIOLATED)
   u_NV_NVDLA_cmac/u_core/u_mac_4/u_nan/n1478
                             16.0000        17.7343        -1.7343  (VIOLATED)
   u_NV_NVDLA_cmac/u_core/u_mac_3/u_tree_l4n3/n238
                              8.0000         9.7339        -1.7339  (VIOLATED)
   u_NV_NVDLA_cmac/u_core/u_mac_6/pp_out_l2n1_0[34]
                             16.0000        17.7328        -1.7328  (VIOLATED)
   u_NV_NVDLA_cmac/u_core/u_mac_4/pp_out_l0n13_1[25]
                             16.0000        17.7327        -1.7327  (VIOLATED)
   u_NV_NVDLA_cmac/u_core/u_mac_0/u_mul_62/n310
                             16.0000        17.7318        -1.7318  (VIOLATED)
   u_NV_NVDLA_cmac/u_core/u_active/n30336
                             16.0000        17.7310        -1.7310  (VIOLATED)
   u_NV_NVDLA_cmac/u_core/u_mac_1/pp_out_l2n5_1[34]
                             16.0000        17.7304        -1.7304  (VIOLATED)
   u_NV_NVDLA_cmac/u_core/u_mac_1/pp_out_l2n2_1[38]
                             16.0000        17.7291        -1.7291  (VIOLATED)
   u_NV_NVDLA_cmac/u_core/u_mac_1/pp_out_l0n13_1[30]
                              8.0000         9.7281        -1.7281  (VIOLATED)
   u_NV_NVDLA_cmac/u_core/u_mac_6/res_tag_33[6]
                             32.0000        33.7279        -1.7279  (VIOLATED)
   u_NV_NVDLA_cmac/u_core/u_mac_6/pp_out_l0n15_0[35]
                              8.0000         9.7277        -1.7277  (VIOLATED)
   u_NV_NVDLA_cmac/u_core/u_mac_2/pp_out_l0n09_1[17]
                             16.0000        17.7270        -1.7270  (VIOLATED)
   u_NV_NVDLA_cmac/u_core/u_mac_7/pp_out_l0n09_1[23]
                              8.0000         9.7270        -1.7270  (VIOLATED)
   u_NV_NVDLA_cmac/u_core/u_mac_7/pp_out_l0n00_1[30]
                             16.0000        17.7239        -1.7239  (VIOLATED)
   u_NV_NVDLA_cmac/u_core/u_mac_1/pp_out_l0n10_0[1]
                             16.0000        17.7231        -1.7231  (VIOLATED)
   u_NV_NVDLA_cmac/u_core/u_mac_7/pp_out_l0n07_1[30]
                             16.0000        17.7214        -1.7214  (VIOLATED)
   u_NV_NVDLA_cmac/u_core/u_mac_5/u_mul_30/n199
                              8.0000         9.7209        -1.7209  (VIOLATED)
   u_NV_NVDLA_cmac/u_core/u_mac_1/pp_out_l0n02_0[1]
                             16.0000        17.7207        -1.7207  (VIOLATED)
   u_NV_NVDLA_cmac/u_core/u_mac_2/pp_out_l0n03_1[22]
                             16.0000        17.7203        -1.7203  (VIOLATED)
   u_NV_NVDLA_cmac/u_core/u_active/n18460
                             16.0000        17.7183        -1.7183  (VIOLATED)
   u_NV_NVDLA_cmac/u_core/u_mac_4/u_nan/n1537
                             16.0000        17.7141        -1.7141  (VIOLATED)
   u_NV_NVDLA_cmac/u_core/u_mac_5/pp_out_l0n04_1[9]
                             16.0000        17.7138        -1.7138  (VIOLATED)
   u_NV_NVDLA_cmac/u_core/u_mac_7/pp_out_l0n07_1[32]
                             16.0000        17.7134        -1.7134  (VIOLATED)
   u_NV_NVDLA_cmac/u_core/u_mac_3/pp_out_l0n05_1[6]
                             16.0000        17.7104        -1.7104  (VIOLATED)
   u_NV_NVDLA_cmac/u_core/u_mac_0/pp_out_l0n11_0[3]
                             16.0000        17.7091        -1.7091  (VIOLATED)
   u_NV_NVDLA_cmac/u_core/u_mac_5/res_a_40[8]
                              8.0000         9.7083        -1.7083  (VIOLATED)
   u_NV_NVDLA_cmac/u_core/u_mac_3/ps_n0b5_wg[4]
                              8.0000         9.7055        -1.7055  (VIOLATED)
   u_NV_NVDLA_cmac/u_core/u_mac_5/n6511
                             16.0000        17.7029        -1.7029  (VIOLATED)
   u_NV_NVDLA_cmac/u_core/u_mac_0/pp_out_l0n07_1[25]
                             16.0000        17.7022        -1.7022  (VIOLATED)
   u_NV_NVDLA_cmac/u_core/u_mac_4/n8863
                              8.0000         9.7011        -1.7011  (VIOLATED)
   u_NV_NVDLA_cmac/u_core/u_mac_6/pp_out_l0n07_1[23]
                              8.0000         9.6984        -1.6984  (VIOLATED)
   u_NV_NVDLA_cmac/u_core/u_mac_7/res_tag_29[7]
                             32.0000        33.6972        -1.6972  (VIOLATED)
   u_NV_NVDLA_cmac/u_core/u_mac_5/pp_in_l1n6_0[25]
                             16.0000        17.6969        -1.6969  (VIOLATED)
   u_NV_NVDLA_cmac/u_core/u_mac_5/u_nan/n924
                             16.0000        17.6951        -1.6951  (VIOLATED)
   u_NV_NVDLA_cmac/u_core/u_mac_1/res_tag_2[7]
                             32.0000        33.6905        -1.6905  (VIOLATED)
   u_NV_NVDLA_cmac/u_core/u_active/n27216
                             16.0000        17.6901        -1.6901  (VIOLATED)
   u_NV_NVDLA_cmac/u_core/u_mac_2/n9690
                              8.0000         9.6898        -1.6898  (VIOLATED)
   u_NV_NVDLA_cmac/u_core/u_mac_7/n8912
                             16.0000        17.6892        -1.6892  (VIOLATED)
   u_NV_NVDLA_cmac/u_core/u_mac_6/pp_out_l0n05_1[15]
                              8.0000         9.6865        -1.6865  (VIOLATED)
   u_NV_NVDLA_cmac/u_core/u_mac_1/pp_out_l0n14_0[4]
                             16.0000        17.6851        -1.6851  (VIOLATED)
   u_NV_NVDLA_cmac/u_core/u_mac_5/n9902
                              8.0000         9.6804        -1.6804  (VIOLATED)
   u_NV_NVDLA_cmac/u_core/u_mac_0/u_mul_42/n313
                             16.0000        17.6799        -1.6799  (VIOLATED)
   u_NV_NVDLA_cmac/u_core/u_mac_3/pp_out_l0n00_0[26]
                             82.0000        83.6798        -1.6798  (VIOLATED)
   u_NV_NVDLA_cmac/u_core/u_mac_2/pp_out_l0n09_0[9]
                             16.0000        17.6794        -1.6794  (VIOLATED)
   u_NV_NVDLA_cmac/u_core/u_mac_7/u_mul_10/n312
                             16.0000        17.6779        -1.6779  (VIOLATED)
   u_NV_NVDLA_cmac/u_core/u_mac_6/u_mul_60/n308
                             16.0000        17.6776        -1.6776  (VIOLATED)
   u_NV_NVDLA_cmac/u_core/u_mac_5/pp_out_l0n03_0[25]
                             16.0000        17.6776        -1.6776  (VIOLATED)
   u_NV_NVDLA_cmac/u_core/u_mac_7/pp_out_l2n4_0[23]
                             16.0000        17.6773        -1.6773  (VIOLATED)
   u_NV_NVDLA_cmac/u_core/u_active/n27356
                             16.0000        17.6770        -1.6770  (VIOLATED)
   u_NV_NVDLA_cmac/u_core/u_mac_7/pp_out_l0n00_1[27]
                             16.0000        17.6754        -1.6754  (VIOLATED)
   u_NV_NVDLA_cmac/u_core/u_mac_3/pp_out_l0n06_0[0]
                             16.0000        17.6721        -1.6721  (VIOLATED)
   u_NV_NVDLA_cmac/u_core/u_mac_6/u_nan/n481
                             16.0000        17.6697        -1.6697  (VIOLATED)
   u_NV_NVDLA_cmac/u_core/u_mac_3/pp_out_l0n04_1[6]
                             16.0000        17.6695        -1.6695  (VIOLATED)
   u_NV_NVDLA_cmac/u_core/u_mac_4/n8129
                              8.0000         9.6672        -1.6672  (VIOLATED)
   u_NV_NVDLA_cmac/u_core/u_mac_5/u_nan/n1560
                             16.0000        17.6649        -1.6649  (VIOLATED)
   u_NV_NVDLA_cmac/u_core/u_mac_3/pp_out_l0n06_1[5]
                             16.0000        17.6643        -1.6643  (VIOLATED)
   u_NV_NVDLA_cmac/u_core/u_mac_2/pp_out_l0n09_1[14]
                             16.0000        17.6624        -1.6624  (VIOLATED)
   u_NV_NVDLA_cmac/u_core/u_mac_2/pp_out_l0n09_0[7]
                             16.0000        17.6597        -1.6597  (VIOLATED)
   u_NV_NVDLA_cmac/u_core/u_mac_7/u_nan/n192
                             16.0000        17.6595        -1.6595  (VIOLATED)
   u_NV_NVDLA_cmac/u_core/u_active/n7608
                              8.0000         9.6585        -1.6585  (VIOLATED)
   u_NV_NVDLA_cmac/u_core/u_mac_5/u_nan/n1466
                             16.0000        17.6583        -1.6583  (VIOLATED)
   u_NV_NVDLA_cmac/u_core/u_mac_2/res_tag_27[3]
                             16.0000        17.6580        -1.6580  (VIOLATED)
   u_NV_NVDLA_cmac/u_core/u_mac_6/pp_out_l0n00_0[20]
                             16.0000        17.6567        -1.6567  (VIOLATED)
   u_NV_NVDLA_cmac/u_core/u_mac_3/n8486
                              8.0000         9.6561        -1.6561  (VIOLATED)
   u_NV_NVDLA_cmac/u_core/u_mac_1/u_nan/n1143
                             16.0000        17.6556        -1.6556  (VIOLATED)
   u_NV_NVDLA_cmac/u_core/u_mac_2/res_tag_28[3]
                             16.0000        17.6546        -1.6546  (VIOLATED)
   u_NV_NVDLA_cmac/u_core/u_mac_6/u_mul_18/n307
                             16.0000        17.6542        -1.6542  (VIOLATED)
   u_NV_NVDLA_cmac/u_core/u_mac_4/res_tag_14[2]
                             16.0000        17.6525        -1.6525  (VIOLATED)
   u_NV_NVDLA_cmac/u_core/u_mac_1/pp_out_l0n14_0[7]
                             16.0000        17.6511        -1.6511  (VIOLATED)
   u_NV_NVDLA_cmac/u_core/u_mac_7/n8703
                              8.0000         9.6494        -1.6494  (VIOLATED)
   u_NV_NVDLA_cmac/u_core/u_mac_4/n6415
                             16.0000        17.6472        -1.6472  (VIOLATED)
   u_NV_NVDLA_cmac/u_core/u_mac_3/n8926
                              8.0000         9.6463        -1.6463  (VIOLATED)
   u_NV_NVDLA_cmac/u_core/u_mac_0/pp_out_l0n07_1[33]
                             16.0000        17.6431        -1.6431  (VIOLATED)
   u_NV_NVDLA_cmac/u_core/u_mac_2/pp_out_l0n03_1[15]
                             16.0000        17.6417        -1.6417  (VIOLATED)
   u_NV_NVDLA_cmac/u_core/u_mac_5/pp_out_l0n03_1[15]
                             16.0000        17.6409        -1.6409  (VIOLATED)
   u_NV_NVDLA_cmac/u_core/u_mac_4/n6513
                             16.0000        17.6403        -1.6403  (VIOLATED)
   u_NV_NVDLA_cmac/u_core/u_mac_5/u_nan/n1104
                             16.0000        17.6389        -1.6389  (VIOLATED)
   u_NV_NVDLA_cmac/u_core/u_mac_7/res_tag_56[3]
                             16.0000        17.6380        -1.6380  (VIOLATED)
   u_NV_NVDLA_cmac/u_core/u_mac_4/n6376
                             16.0000        17.6380        -1.6380  (VIOLATED)
   u_NV_NVDLA_cmac/u_core/u_mac_4/pp_out_l0n06_0[24]
                             16.0000        17.6379        -1.6379  (VIOLATED)
   u_NV_NVDLA_cmac/u_core/u_mac_7/u_nan/n423
                             16.0000        17.6377        -1.6377  (VIOLATED)
   u_NV_NVDLA_cmac/u_core/u_mac_7/pp_out_l2n4_1[27]
                             16.0000        17.6360        -1.6360  (VIOLATED)
   u_NV_NVDLA_cmac/u_core/u_mac_1/pp_out_l2n1_0[35]
                             16.0000        17.6359        -1.6359  (VIOLATED)
   u_NV_NVDLA_cmac/u_core/u_mac_0/u_nan/n2121
                             16.0000        17.6343        -1.6343  (VIOLATED)
   u_NV_NVDLA_cmac/u_core/u_mac_4/res_tag_38[3]
                             82.0000        83.6307        -1.6307  (VIOLATED)
   u_NV_NVDLA_cmac/u_core/u_mac_7/pp_out_l0n14_1[26]
                             16.0000        17.6304        -1.6304  (VIOLATED)
   u_NV_NVDLA_cmac/u_core/u_active/n4573
                             16.0000        17.6304        -1.6304  (VIOLATED)
   u_NV_NVDLA_cmac/u_core/u_mac_3/n9903
                              8.0000         9.6299        -1.6299  (VIOLATED)
   u_NV_NVDLA_cmac/u_core/u_mac_4/u_nan/n1511
                             16.0000        17.6264        -1.6264  (VIOLATED)
   u_NV_NVDLA_cmac/u_core/u_mac_1/pp_out_l2n5_0[21]
                             16.0000        17.6222        -1.6222  (VIOLATED)
   u_NV_NVDLA_cmac/u_core/u_mac_0/pp_out_l0n11_0[25]
                             16.0000        17.6210        -1.6210  (VIOLATED)
   u_NV_NVDLA_cmac/u_core/u_mac_3/u_tree_l1n0/n75
                             16.0000        17.6168        -1.6168  (VIOLATED)
   u_NV_NVDLA_cmac/u_core/u_active/n27214
                             16.0000        17.6156        -1.6156  (VIOLATED)
   u_NV_NVDLA_cmac/u_core/u_mac_4/res_tag_44[3]
                             82.0000        83.6150        -1.6150  (VIOLATED)
   u_NV_NVDLA_cmac/u_core/u_mac_0/pp_out_l4n3_1[38]
                              8.0000         9.6146        -1.6146  (VIOLATED)
   u_NV_NVDLA_cmac/u_core/u_mac_1/pp_out_l0n14_1[32]
                             16.0000        17.6121        -1.6121  (VIOLATED)
   u_NV_NVDLA_cmac/u_core/u_mac_7/pp_out_l2n0_0[38]
                             16.0000        17.6114        -1.6114  (VIOLATED)
   u_NV_NVDLA_cmac/u_core/u_mac_5/u_nan/n658
                             16.0000        17.6087        -1.6087  (VIOLATED)
   u_NV_NVDLA_cmac/u_core/u_mac_0/pp_out_l0n15_1[17]
                             16.0000        17.6070        -1.6070  (VIOLATED)
   u_NV_NVDLA_cmac/u_core/u_mac_7/res_b_55[14]
                             16.0000        17.6063        -1.6063  (VIOLATED)
   u_NV_NVDLA_cmac/u_core/u_mac_3/pp_out_l0n04_1[5]
                             16.0000        17.6058        -1.6058  (VIOLATED)
   u_NV_NVDLA_cmac/u_core/u_mac_1/pp_out_l2n5_0[36]
                             16.0000        17.6036        -1.6036  (VIOLATED)
   u_NV_NVDLA_cmac/u_core/u_mac_3/pp_out_l0n00_1[32]
                             82.0000        83.6035        -1.6035  (VIOLATED)
   u_NV_NVDLA_cmac/u_core/u_mac_3/u_tree_l4n2/n60
                             16.0000        17.6019        -1.6019  (VIOLATED)
   u_NV_NVDLA_cmac/u_core/u_mac_0/pp_out_l0n07_1[32]
                             16.0000        17.6016        -1.6016  (VIOLATED)
   u_NV_NVDLA_cmac/u_core/u_mac_1/pp_out_l2n5_1[22]
                             16.0000        17.6008        -1.6008  (VIOLATED)
   u_NV_NVDLA_cmac/u_core/u_mac_5/u_nan/n1740
                             16.0000        17.5997        -1.5997  (VIOLATED)
   u_NV_NVDLA_cmac/u_core/u_mac_4/n9749
                              8.0000         9.5986        -1.5986  (VIOLATED)
   u_NV_NVDLA_cmac/u_core/u_mac_4/n6405
                             16.0000        17.5979        -1.5979  (VIOLATED)
   u_NV_NVDLA_cmac/u_core/u_mac_1/pp_out_l0n00_0[19]
                             16.0000        17.5969        -1.5969  (VIOLATED)
   u_NV_NVDLA_cmac/u_core/u_mac_0/pp_out_l0n11_1[18]
                             16.0000        17.5956        -1.5956  (VIOLATED)
   u_NV_NVDLA_cmac/u_core/u_mac_6/u_nan/n2168
                             16.0000        17.5936        -1.5936  (VIOLATED)
   u_NV_NVDLA_cmac/u_core/u_mac_7/pp_out_l0n07_0[14]
                             16.0000        17.5924        -1.5924  (VIOLATED)
   u_NV_NVDLA_cmac/u_core/u_mac_4/u_nan/n987
                             16.0000        17.5922        -1.5922  (VIOLATED)
   u_NV_NVDLA_cmac/u_core/u_mac_5/pp_out_l0n03_0[26]
                             16.0000        17.5921        -1.5921  (VIOLATED)
   u_NV_NVDLA_cmac/u_core/u_mac_7/res_tag_63[2]
                             16.0000        17.5866        -1.5866  (VIOLATED)
   u_NV_NVDLA_cmac/u_core/u_mac_1/pp_out_l0n00_0[17]
                             16.0000        17.5858        -1.5858  (VIOLATED)
   u_NV_NVDLA_cmac/u_core/u_mac_4/n6507
                             16.0000        17.5845        -1.5845  (VIOLATED)
   u_NV_NVDLA_cmac/u_core/u_mac_6/pp_out_l0n05_1[22]
                              8.0000         9.5842        -1.5842  (VIOLATED)
   u_NV_NVDLA_cmac/u_core/u_mac_2/res_tag_27[2]
                             16.0000        17.5833        -1.5833  (VIOLATED)
   u_NV_NVDLA_cmac/u_core/u_mac_2/pp_out_l0n13_1[33]
                              8.0000         9.5832        -1.5832  (VIOLATED)
   u_NV_NVDLA_cmac/u_core/u_mac_7/u_tree_l0n09/n312
                              8.0000         9.5828        -1.5828  (VIOLATED)
   u_NV_NVDLA_cmac/u_core/u_mac_7/pp_out_l2n4_1[21]
                             16.0000        17.5826        -1.5826  (VIOLATED)
   u_NV_NVDLA_cmac/u_core/u_mac_2/res_a_08[19]
                             16.0000        17.5808        -1.5808  (VIOLATED)
   u_NV_NVDLA_cmac/u_core/u_mac_5/pp_out_l0n03_0[32]
                             16.0000        17.5798        -1.5798  (VIOLATED)
   u_NV_NVDLA_cmac/u_core/u_mac_7/u_mul_45/n303
                             16.0000        17.5792        -1.5792  (VIOLATED)
   u_NV_NVDLA_cmac/u_core/u_mac_4/u_nan/n1150
                             16.0000        17.5787        -1.5787  (VIOLATED)
   u_NV_NVDLA_cmac/u_core/u_mac_5/res_tag_39[3]
                             82.0000        83.5776        -1.5776  (VIOLATED)
   u_NV_NVDLA_cmac/u_core/u_mac_2/pp_out_l0n01_0[9]
                             16.0000        17.5775        -1.5775  (VIOLATED)
   u_NV_NVDLA_cmac/u_core/u_active/n14290
                              8.0000         9.5756        -1.5756  (VIOLATED)
   u_NV_NVDLA_cmac/u_core/u_mac_7/pp_out_l2n0_0[37]
                             16.0000        17.5751        -1.5751  (VIOLATED)
   u_NV_NVDLA_cmac/u_core/u_mac_0/pp_out_l0n11_1[31]
                             16.0000        17.5750        -1.5750  (VIOLATED)
   u_NV_NVDLA_cmac/u_core/u_active/n27358
                             16.0000        17.5747        -1.5747  (VIOLATED)
   u_NV_NVDLA_cmac/u_core/u_mac_7/n8817
                              8.0000         9.5698        -1.5698  (VIOLATED)
   u_NV_NVDLA_cmac/u_core/u_mac_1/u_mul_41/n307
                             16.0000        17.5697        -1.5697  (VIOLATED)
   u_NV_NVDLA_cmac/u_core/u_mac_5/u_mul_11/n308
                             16.0000        17.5696        -1.5696  (VIOLATED)
   u_NV_NVDLA_cmac/u_core/u_mac_7/pp_out_l0n07_0[28]
                             16.0000        17.5693        -1.5693  (VIOLATED)
   u_NV_NVDLA_cmac/u_core/u_mac_0/pp_out_l0n11_0[6]
                             16.0000        17.5692        -1.5692  (VIOLATED)
   u_NV_NVDLA_cmac/u_core/u_mac_5/pp_out_l0n03_1[3]
                             16.0000        17.5685        -1.5685  (VIOLATED)
   u_NV_NVDLA_cmac/u_core/u_mac_2/u_nan/n4
                              8.0000         9.5683        -1.5683  (VIOLATED)
   u_NV_NVDLA_cmac/u_core/u_mac_7/n8713
                              8.0000         9.5651        -1.5651  (VIOLATED)
   u_NV_NVDLA_cmac/u_core/u_mac_3/n7964
                              8.0000         9.5642        -1.5642  (VIOLATED)
   u_NV_NVDLA_cmac/u_core/u_mac_1/pp_out_l0n14_0[2]
                             16.0000        17.5639        -1.5639  (VIOLATED)
   u_NV_NVDLA_cmac/u_core/u_mac_4/u_tree_l1n6/n45
                              8.0000         9.5630        -1.5630  (VIOLATED)
   u_NV_NVDLA_cmac/u_core/u_mac_5/u_mul_21/n199
                              8.0000         9.5621        -1.5621  (VIOLATED)
   u_NV_NVDLA_cmac/u_core/u_mac_7/n8969
                              8.0000         9.5617        -1.5617  (VIOLATED)
   u_NV_NVDLA_cmac/u_core/u_mac_2/pp_out_l0n09_1[23]
                             16.0000        17.5606        -1.5606  (VIOLATED)
   u_NV_NVDLA_cmac/u_core/u_mac_0/pp_out_l0n15_1[3]
                             16.0000        17.5605        -1.5605  (VIOLATED)
   u_NV_NVDLA_cmac/u_core/u_mac_1/res_tag_0[7]
                             32.0000        33.5584        -1.5584  (VIOLATED)
   u_NV_NVDLA_cmac/u_core/u_mac_6/pp_out_l4n3_1[35]
                              8.0000         9.5564        -1.5564  (VIOLATED)
   u_NV_NVDLA_cmac/u_core/u_mac_2/pp_out_l0n09_1[27]
                             16.0000        17.5544        -1.5544  (VIOLATED)
   u_NV_NVDLA_cmac/u_core/u_mac_7/pp_out_l0n00_1[31]
                             16.0000        17.5532        -1.5532  (VIOLATED)
   u_NV_NVDLA_cmac/u_core/u_active/n27212
                             16.0000        17.5528        -1.5528  (VIOLATED)
   u_NV_NVDLA_cmac/u_core/u_mac_5/pp_out_l0n03_1[5]
                             16.0000        17.5527        -1.5527  (VIOLATED)
   u_NV_NVDLA_cmac/u_core/u_mac_3/pp_out_l0n03_1[24]
                             16.0000        17.5506        -1.5506  (VIOLATED)
   u_NV_NVDLA_cmac/u_core/u_mac_3/pp_out_l0n00_0[27]
                             82.0000        83.5491        -1.5491  (VIOLATED)
   u_NV_NVDLA_cmac/u_core/u_mac_0/pp_out_l0n07_0[23]
                             16.0000        17.5484        -1.5484  (VIOLATED)
   u_NV_NVDLA_cmac/u_core/u_mac_7/pp_out_l0n04_1[9]
                              8.0000         9.5451        -1.5451  (VIOLATED)
   u_NV_NVDLA_cmac/u_core/u_mac_1/pp_out_l2n1_0[33]
                             16.0000        17.5430        -1.5430  (VIOLATED)
   u_NV_NVDLA_cmac/u_core/u_mac_3/pp_out_l0n04_0[7]
                             16.0000        17.5381        -1.5381  (VIOLATED)
   u_NV_NVDLA_cmac/u_core/u_mac_6/res_tag_53[2]
                             16.0000        17.5373        -1.5373  (VIOLATED)
   u_NV_NVDLA_cmac/u_core/u_mac_6/pp_out_l0n04_0[30]
                             16.0000        17.5372        -1.5372  (VIOLATED)
   u_NV_NVDLA_cmac/u_core/u_mac_3/pp_out_l0n05_1[7]
                             16.0000        17.5320        -1.5320  (VIOLATED)
   u_NV_NVDLA_cmac/u_core/u_mac_2/pp_out_l0n01_0[25]
                             16.0000        17.5284        -1.5284  (VIOLATED)
   u_NV_NVDLA_cmac/u_core/u_mac_4/n9239
                             16.0000        17.5279        -1.5279  (VIOLATED)
   u_NV_NVDLA_cmac/u_core/u_mac_2/ps_n0b7_dc[6]
                              8.0000         9.5265        -1.5265  (VIOLATED)
   u_NV_NVDLA_cmac/u_core/u_mac_6/pp_out_l2n6_1[38]
                             16.0000        17.5259        -1.5259  (VIOLATED)
   u_NV_NVDLA_cmac/u_core/u_mac_1/pp_out_l2n1_0[34]
                             16.0000        17.5248        -1.5248  (VIOLATED)
   u_NV_NVDLA_cmac/u_core/u_mac_3/pp_out_l0n04_0[23]
                             16.0000        17.5245        -1.5245  (VIOLATED)
   u_NV_NVDLA_cmac/u_core/u_mac_5/n9502
                             16.0000        17.5228        -1.5228  (VIOLATED)
   u_NV_NVDLA_cmac/u_core/u_mac_5/pp_out_l0n06_0[9]
                             16.0000        17.5212        -1.5212  (VIOLATED)
   u_NV_NVDLA_cmac/u_core/u_mac_1/u_mul_40/n307
                             16.0000        17.5188        -1.5188  (VIOLATED)
   u_NV_NVDLA_cmac/u_core/u_mac_7/u_nan/n305
                             16.0000        17.5180        -1.5180  (VIOLATED)
   u_NV_NVDLA_cmac/u_core/u_mac_1/u_nan/n16
                              8.0000         9.5174        -1.5174  (VIOLATED)
   u_NV_NVDLA_cmac/u_core/u_mac_3/n8982
                              8.0000         9.5171        -1.5171  (VIOLATED)
   u_NV_NVDLA_cmac/u_core/u_mac_0/pp_out_l0n11_0[27]
                             16.0000        17.5171        -1.5171  (VIOLATED)
   u_NV_NVDLA_cmac/u_core/u_mac_6/pp_out_l0n07_1[24]
                              8.0000         9.5147        -1.5147  (VIOLATED)
   u_NV_NVDLA_cmac/u_core/u_mac_1/u_tree_l0n06/n292
                              8.0000         9.5124        -1.5124  (VIOLATED)
   u_NV_NVDLA_cmac/u_core/u_active/n18114
                             16.0000        17.5116        -1.5116  (VIOLATED)
   u_NV_NVDLA_cmac/u_core/out_data3[41]
                              8.0000         9.5101        -1.5101  (VIOLATED)
   u_NV_NVDLA_cmac/u_core/u_mac_1/u_mul_26/n304
                             16.0000        17.5101        -1.5101  (VIOLATED)
   u_NV_NVDLA_cmac/u_core/u_mac_3/u_tree_l3n2/n88
                              8.0000         9.5097        -1.5097  (VIOLATED)
   u_NV_NVDLA_cmac/u_core/u_mac_0/pp_out_l4n3_1[37]
                              8.0000         9.5085        -1.5085  (VIOLATED)
   u_NV_NVDLA_cmac/u_core/u_mac_0/pp_out_l0n11_0[21]
                             16.0000        17.5079        -1.5079  (VIOLATED)
   u_NV_NVDLA_cmac/u_core/u_mac_3/res_tag_12[3]
                             16.0000        17.5073        -1.5073  (VIOLATED)
   u_NV_NVDLA_cmac/u_core/u_mac_5/u_tree_l0n11/n192
                              8.0000         9.5061        -1.5061  (VIOLATED)
   u_NV_NVDLA_cmac/u_core/u_mac_5/pp_out_l0n04_1[30]
                             16.0000        17.5055        -1.5055  (VIOLATED)
   u_NV_NVDLA_cmac/u_core/u_mac_4/pp_out_l0n14_1[5]
                             16.0000        17.5055        -1.5055  (VIOLATED)
   u_NV_NVDLA_cmac/u_core/u_mac_4/u_nan/n430
                             16.0000        17.5050        -1.5050  (VIOLATED)
   u_NV_NVDLA_cmac/u_core/u_mac_1/pp_out_l0n14_1[14]
                             16.0000        17.5036        -1.5036  (VIOLATED)
   u_NV_NVDLA_cmac/u_core/u_active/n30340
                             16.0000        17.5021        -1.5021  (VIOLATED)
   u_NV_NVDLA_cmac/u_core/u_mac_5/n6509
                             16.0000        17.5011        -1.5011  (VIOLATED)
   u_NV_NVDLA_cmac/u_core/u_mac_0/res_tag_5[2]
                             16.0000        17.5007        -1.5007  (VIOLATED)
   u_NV_NVDLA_cmac/u_core/u_mac_3/pp_out_l0n00_0[28]
                             82.0000        83.4999        -1.4999  (VIOLATED)
   u_NV_NVDLA_cmac/u_core/u_mac_0/u_mul_41/n310
                             16.0000        17.4996        -1.4996  (VIOLATED)
   u_NV_NVDLA_cmac/u_core/u_mac_4/u_nan/n123
                             16.0000        17.4983        -1.4983  (VIOLATED)
   u_NV_NVDLA_cmac/u_core/u_mac_3/u_mul_13/n302
                             16.0000        17.4980        -1.4980  (VIOLATED)
   u_NV_NVDLA_cmac/u_core/u_mac_7/pp_out_l0n07_1[25]
                             16.0000        17.4973        -1.4973  (VIOLATED)
   u_NV_NVDLA_cmac/u_core/u_mac_0/pp_out_l0n11_1[30]
                             16.0000        17.4956        -1.4956  (VIOLATED)
   u_NV_NVDLA_cmac/u_core/u_mac_0/pp_out_l2n6_1[17]
                              8.0000         9.4949        -1.4949  (VIOLATED)
   u_NV_NVDLA_cmac/u_core/u_active/n27340
                             16.0000        17.4941        -1.4941  (VIOLATED)
   u_NV_NVDLA_cmac/u_core/u_mac_4/sop_0[2]
                              8.0000         9.4940        -1.4940  (VIOLATED)
   u_NV_NVDLA_cmac/u_core/u_mac_3/n6451
                             16.0000        17.4931        -1.4931  (VIOLATED)
   u_NV_NVDLA_cmac/u_core/u_mac_3/pp_out_l0n04_1[12]
                             16.0000        17.4923        -1.4923  (VIOLATED)
   u_NV_NVDLA_cmac/u_core/u_mac_4/pp_out_l0n08_0[11]
                             16.0000        17.4901        -1.4901  (VIOLATED)
   u_NV_NVDLA_cmac/u_core/u_mac_2/pp_out_l0n09_0[10]
                             16.0000        17.4870        -1.4870  (VIOLATED)
   u_NV_NVDLA_cmac/u_core/u_mac_2/pp_out_l0n12_0[35]
                              8.0000         9.4861        -1.4861  (VIOLATED)
   u_NV_NVDLA_cmac/u_core/u_mac_1/u_mul_62/n304
                             16.0000        17.4834        -1.4834  (VIOLATED)
   u_NV_NVDLA_cmac/u_core/u_mac_1/exp_sft_48[3]
                              8.0000         9.4805        -1.4805  (VIOLATED)
   u_NV_NVDLA_cmac/u_core/u_mac_3/pp_out_l0n05_0[29]
                             16.0000        17.4789        -1.4789  (VIOLATED)
   u_NV_NVDLA_cmac/u_core/u_mac_2/u_nan/n2239
                              8.0000         9.4786        -1.4786  (VIOLATED)
   u_NV_NVDLA_cmac/u_core/u_mac_5/pp_out_l0n03_1[29]
                             16.0000        17.4779        -1.4779  (VIOLATED)
   u_NV_NVDLA_cmac/u_core/u_mac_2/pp_out_l0n03_0[5]
                             16.0000        17.4757        -1.4757  (VIOLATED)
   u_NV_NVDLA_cmac/u_core/u_mac_2/pp_out_l0n09_1[29]
                             16.0000        17.4752        -1.4752  (VIOLATED)
   u_NV_NVDLA_cmac/u_core/u_active/n6004
                             16.0000        17.4742        -1.4742  (VIOLATED)
   u_NV_NVDLA_cmac/u_core/u_mac_0/pp_out_l0n11_0[24]
                             16.0000        17.4740        -1.4740  (VIOLATED)
   u_NV_NVDLA_cmac/u_core/u_mac_3/n6448
                             16.0000        17.4737        -1.4737  (VIOLATED)
   u_NV_NVDLA_cmac/u_core/u_mac_1/pp_out_l3n2_1[21]
                              8.0000         9.4735        -1.4735  (VIOLATED)
   u_NV_NVDLA_cmac/u_core/u_active/n27354
                             16.0000        17.4700        -1.4700  (VIOLATED)
   u_NV_NVDLA_cmac/u_core/u_mac_1/pp_out_l0n14_0[15]
                             16.0000        17.4699        -1.4699  (VIOLATED)
   u_NV_NVDLA_cmac/u_core/u_mac_1/pp_out_l0n03_1[20]
                             16.0000        17.4699        -1.4699  (VIOLATED)
   u_NV_NVDLA_cmac/u_core/u_mac_6/pp_out_l0n11_1[8]
                             16.0000        17.4698        -1.4698  (VIOLATED)
   u_NV_NVDLA_cmac/u_core/u_mac_2/pp_out_l0n09_1[26]
                             16.0000        17.4675        -1.4675  (VIOLATED)
   u_NV_NVDLA_cmac/u_core/u_mac_7/pp_out_l0n00_0[25]
                             16.0000        17.4656        -1.4656  (VIOLATED)
   u_NV_NVDLA_cmac/u_core/u_active/n15155
                             16.0000        17.4633        -1.4633  (VIOLATED)
   u_NV_NVDLA_cmac/u_core/u_mac_1/u_mul_18/n311
                             16.0000        17.4632        -1.4632  (VIOLATED)
   u_NV_NVDLA_cmac/u_core/u_mac_6/u_mul_13/n97
                              8.0000         9.4631        -1.4631  (VIOLATED)
   u_NV_NVDLA_cmac/u_core/u_mac_6/pp_out_l0n04_0[29]
                             16.0000        17.4616        -1.4616  (VIOLATED)
   u_NV_NVDLA_cmac/u_core/u_mac_7/pp_out_l0n06_1[6]
                              8.0000         9.4584        -1.4584  (VIOLATED)
   u_NV_NVDLA_cmac/u_core/u_mac_3/pp_out_l0n02_1[12]
                              8.0000         9.4561        -1.4561  (VIOLATED)
   u_NV_NVDLA_cmac/u_core/u_mac_5/pp_out_l0n06_0[4]
                             16.0000        17.4558        -1.4558  (VIOLATED)
   u_NV_NVDLA_cmac/u_core/u_mac_3/n8747
                              8.0000         9.4546        -1.4546  (VIOLATED)
   u_NV_NVDLA_cmac/u_core/u_mac_2/pp_out_l0n03_1[27]
                             16.0000        17.4529        -1.4529  (VIOLATED)
   u_NV_NVDLA_cmac/u_core/u_mac_7/exp_sft_57[1]
                              8.0000         9.4504        -1.4504  (VIOLATED)
   u_NV_NVDLA_cmac/u_core/u_mac_5/n6377
                             16.0000        17.4497        -1.4497  (VIOLATED)
   u_NV_NVDLA_cmac/u_core/u_mac_3/pp_out_l0n06_0[16]
                             16.0000        17.4483        -1.4483  (VIOLATED)
   u_NV_NVDLA_cmac/u_core/u_mac_6/pp_out_l0n11_1[25]
                             16.0000        17.4461        -1.4461  (VIOLATED)
   u_NV_NVDLA_cmac/u_core/u_mac_7/res_b_55[13]
                             16.0000        17.4461        -1.4461  (VIOLATED)
   u_NV_NVDLA_cmac/u_core/u_mac_4/u_tree_l4n3/n199
                             16.0000        17.4456        -1.4456  (VIOLATED)
   u_NV_NVDLA_cmac/u_core/u_mac_2/pp_out_l0n09_0[6]
                             16.0000        17.4453        -1.4453  (VIOLATED)
   u_NV_NVDLA_cmac/u_core/u_mac_6/u_tree_l2n2/n2
                             16.0000        17.4438        -1.4438  (VIOLATED)
   u_NV_NVDLA_cmac/u_core/u_mac_1/pp_out_l2n6_1[40]
                             16.0000        17.4436        -1.4436  (VIOLATED)
   u_NV_NVDLA_cmac/u_core/u_mac_5/pp_out_l0n03_0[33]
                             16.0000        17.4422        -1.4422  (VIOLATED)
   u_NV_NVDLA_cmac/u_core/u_mac_2/pp_out_l0n09_1[28]
                             16.0000        17.4413        -1.4413  (VIOLATED)
   u_NV_NVDLA_cmac/u_core/u_mac_2/u_mul_1/n308
                             16.0000        17.4413        -1.4413  (VIOLATED)
   u_NV_NVDLA_cmac/u_core/u_mac_1/res_tag_53[3]
                             16.0000        17.4407        -1.4407  (VIOLATED)
   u_NV_NVDLA_cmac/u_core/u_mac_4/pp_out_l0n03_0[35]
                              8.0000         9.4405        -1.4405  (VIOLATED)
   u_NV_NVDLA_cmac/u_core/u_mac_4/n6531
                             16.0000        17.4403        -1.4403  (VIOLATED)
   u_NV_NVDLA_cmac/u_core/u_mac_4/u_nan/n610
                             16.0000        17.4399        -1.4399  (VIOLATED)
   u_NV_NVDLA_cmac/u_core/u_mac_4/n6404
                             16.0000        17.4384        -1.4384  (VIOLATED)
   u_NV_NVDLA_cmac/u_core/u_mac_5/pp_out_l0n06_0[8]
                             16.0000        17.4375        -1.4375  (VIOLATED)
   u_NV_NVDLA_cmac/u_core/u_mac_4/pp_out_l0n14_1[4]
                             16.0000        17.4374        -1.4374  (VIOLATED)
   u_NV_NVDLA_cmac/u_core/u_mac_4/pp_out_l0n14_1[18]
                             16.0000        17.4373        -1.4373  (VIOLATED)
   u_NV_NVDLA_cmac/u_core/u_mac_3/pp_out_l0n04_1[19]
                             16.0000        17.4356        -1.4356  (VIOLATED)
   u_NV_NVDLA_cmac/u_core/u_mac_3/n9906
                              8.0000         9.4335        -1.4335  (VIOLATED)
   u_NV_NVDLA_cmac/u_core/u_mac_7/pp_out_l2n4_0[26]
                             16.0000        17.4335        -1.4335  (VIOLATED)
   u_NV_NVDLA_cmac/u_core/u_mac_3/n9905
                              8.0000         9.4326        -1.4326  (VIOLATED)
   u_NV_NVDLA_cmac/u_core/u_mac_7/pp_out_l0n07_1[33]
                             16.0000        17.4325        -1.4325  (VIOLATED)
   u_NV_NVDLA_cmac/u_core/u_mac_7/pp_out_l0n00_1[29]
                             16.0000        17.4325        -1.4325  (VIOLATED)
   u_NV_NVDLA_cmac/u_core/u_mac_5/n8796
                             16.0000        17.4310        -1.4310  (VIOLATED)
   u_NV_NVDLA_cmac/u_core/u_mac_5/n9899
                              8.0000         9.4308        -1.4308  (VIOLATED)
   u_NV_NVDLA_cmac/u_core/u_mac_2/exp_sft_30[2]
                              8.0000         9.4303        -1.4303  (VIOLATED)
   u_NV_NVDLA_cmac/u_core/u_mac_7/pp_out_l0n04_1[14]
                              8.0000         9.4260        -1.4260  (VIOLATED)
   u_NV_NVDLA_cmac/u_core/u_mac_6/n6414
                             16.0000        17.4238        -1.4238  (VIOLATED)
   u_NV_NVDLA_cmac/u_core/u_mac_6/u_nan/n1296
                             16.0000        17.4222        -1.4222  (VIOLATED)
   u_NV_NVDLA_cmac/u_core/u_mac_3/pp_out_l0n00_0[31]
                             82.0000        83.4216        -1.4216  (VIOLATED)
   u_NV_NVDLA_cmac/u_core/u_mac_2/pp_out_l0n09_0[5]
                             16.0000        17.4207        -1.4207  (VIOLATED)
   u_NV_NVDLA_cmac/u_core/u_mac_6/n6502
                             16.0000        17.4206        -1.4206  (VIOLATED)
   u_NV_NVDLA_cmac/u_core/u_mac_1/u_mul_39/n310
                             16.0000        17.4174        -1.4174  (VIOLATED)
   u_NV_NVDLA_cmac/u_core/u_mac_1/u_tree_l0n15/n272
                              8.0000         9.4168        -1.4168  (VIOLATED)
   u_NV_NVDLA_cmac/u_core/u_mac_4/u_nan/n1713
                             16.0000        17.4116        -1.4116  (VIOLATED)
   u_NV_NVDLA_cmac/u_core/u_active/n31756
                             16.0000        17.4115        -1.4115  (VIOLATED)
   u_NV_NVDLA_cmac/u_core/u_mac_3/ps_n3b6[5]
                             16.0000        17.4111        -1.4111  (VIOLATED)
   u_NV_NVDLA_cmac/u_core/u_mac_0/u_tree_l0n15/n189
                              8.0000         9.4105        -1.4105  (VIOLATED)
   u_NV_NVDLA_cmac/u_core/u_mac_2/u_nan/n1684
                             16.0000        17.4102        -1.4102  (VIOLATED)
   u_NV_NVDLA_cmac/u_core/u_mac_2/pp_out_l0n01_0[26]
                             16.0000        17.4096        -1.4096  (VIOLATED)
   u_NV_NVDLA_cmac/u_core/u_mac_4/pp_out_l0n06_1[19]
                             16.0000        17.4082        -1.4082  (VIOLATED)
   u_NV_NVDLA_cmac/u_core/u_mac_4/n6297
                             16.0000        17.4065        -1.4065  (VIOLATED)
   u_NV_NVDLA_cmac/u_core/u_active/n31752
                             16.0000        17.4060        -1.4060  (VIOLATED)
   u_NV_NVDLA_cmac/u_core/u_mac_1/u_mul_60/n303
                             16.0000        17.4049        -1.4049  (VIOLATED)
   u_NV_NVDLA_cmac/u_core/u_mac_7/pp_out_l2n4_1[22]
                             16.0000        17.4039        -1.4039  (VIOLATED)
   u_NV_NVDLA_cmac/u_core/u_mac_4/res_tag_58[6]
                             32.0000        33.4037        -1.4037  (VIOLATED)
   u_NV_NVDLA_cmac/u_core/u_mac_5/u_nan/n214
                             16.0000        17.4024        -1.4024  (VIOLATED)
   u_NV_NVDLA_cmac/u_core/u_mac_1/pp_out_l0n14_1[33]
                             16.0000        17.4019        -1.4019  (VIOLATED)
   u_NV_NVDLA_cmac/u_core/u_mac_6/pp_out_l0n05_1[16]
                              8.0000         9.4006        -1.4006  (VIOLATED)
   u_NV_NVDLA_cmac/u_core/u_mac_3/pp_out_l0n04_1[7]
                             16.0000        17.3994        -1.3994  (VIOLATED)
   u_NV_NVDLA_cmac/u_core/u_mac_7/pp_out_l2n4_1[24]
                             16.0000        17.3975        -1.3975  (VIOLATED)
   u_NV_NVDLA_cmac/u_core/u_mac_7/exp_sft_25[3]
                              8.0000         9.3968        -1.3968  (VIOLATED)
   u_NV_NVDLA_cmac/u_core/u_mac_0/cfg_is_int8_d3_0_
                             16.0000        17.3960        -1.3960  (VIOLATED)
   u_NV_NVDLA_cmac/u_core/u_mac_4/pp_out_l0n14_1[6]
                             16.0000        17.3959        -1.3959  (VIOLATED)
   u_NV_NVDLA_cmac/u_core/u_mac_1/pp_out_l2n2_1[39]
                             16.0000        17.3955        -1.3955  (VIOLATED)
   u_NV_NVDLA_cmac/u_core/u_mac_3/pp_out_l0n05_0[30]
                             16.0000        17.3910        -1.3910  (VIOLATED)
   u_NV_NVDLA_cmac/u_core/u_mac_2/pp_out_l0n03_1[23]
                             16.0000        17.3907        -1.3907  (VIOLATED)
   u_NV_NVDLA_cmac/u_core/u_mac_7/res_tag_6[6]
                             32.0000        33.3905        -1.3905  (VIOLATED)
   u_NV_NVDLA_cmac/u_core/u_active/n27364
                             16.0000        17.3897        -1.3897  (VIOLATED)
   u_NV_NVDLA_cmac/u_core/u_mac_3/n8140
                             16.0000        17.3896        -1.3896  (VIOLATED)
   u_NV_NVDLA_cmac/u_core/u_mac_7/pp_out_l0n14_1[25]
                             16.0000        17.3858        -1.3858  (VIOLATED)
   u_NV_NVDLA_cmac/u_core/u_mac_0/pp_out_l0n11_0[2]
                             16.0000        17.3857        -1.3857  (VIOLATED)
   u_NV_NVDLA_cmac/u_core/u_mac_6/pp_out_l2n1_0[32]
                             16.0000        17.3851        -1.3851  (VIOLATED)
   u_NV_NVDLA_cmac/u_core/u_mac_5/pp_out_l0n03_0[4]
                             16.0000        17.3846        -1.3846  (VIOLATED)
   u_NV_NVDLA_cmac/u_core/u_mac_3/n6376
                             16.0000        17.3842        -1.3842  (VIOLATED)
   u_NV_NVDLA_cmac/u_core/u_mac_5/n6408
                             16.0000        17.3841        -1.3841  (VIOLATED)
   u_NV_NVDLA_cmac/u_core/u_mac_3/u_tree_l0n09/n192
                              8.0000         9.3830        -1.3830  (VIOLATED)
   u_NV_NVDLA_cmac/u_core/u_mac_4/u_nan/n811
                             16.0000        17.3765        -1.3765  (VIOLATED)
   u_NV_NVDLA_cmac/u_core/u_mac_0/pp_out_l0n15_0[1]
                             16.0000        17.3736        -1.3736  (VIOLATED)
   u_NV_NVDLA_cmac/u_core/u_mac_3/u_tree_l4n2/n236
                             16.0000        17.3735        -1.3735  (VIOLATED)
   u_NV_NVDLA_cmac/u_core/u_active/n27324
                             16.0000        17.3728        -1.3728  (VIOLATED)
   u_NV_NVDLA_cmac/u_core/u_mac_6/res_tag_28[3]
                             16.0000        17.3703        -1.3703  (VIOLATED)
   u_NV_NVDLA_cmac/u_core/u_mac_1/n6492
                             16.0000        17.3701        -1.3701  (VIOLATED)
   u_NV_NVDLA_cmac/u_core/u_mac_0/pp_out_l0n11_1[32]
                             16.0000        17.3699        -1.3699  (VIOLATED)
   u_NV_NVDLA_cmac/u_core/u_mac_3/n8962
                              8.0000         9.3682        -1.3682  (VIOLATED)
   u_NV_NVDLA_cmac/u_core/u_mac_7/u_tree_l0n09/n232
                              8.0000         9.3677        -1.3677  (VIOLATED)
   u_NV_NVDLA_cmac/u_core/u_mac_7/u_mul_40/u_tree_l0n0/n118
                              8.0000         9.3670        -1.3670  (VIOLATED)
   u_NV_NVDLA_cmac/u_core/u_mac_2/u_mul_24/n304
                             16.0000        17.3662        -1.3662  (VIOLATED)
   u_NV_NVDLA_cmac/u_core/u_mac_5/pp_out_l0n03_1[4]
                             16.0000        17.3654        -1.3654  (VIOLATED)
   u_NV_NVDLA_cmac/u_core/u_mac_0/u_nan/n1684
                             16.0000        17.3624        -1.3624  (VIOLATED)
   u_NV_NVDLA_cmac/u_core/u_mac_0/pp_out_l0n01_1[12]
                             16.0000        17.3615        -1.3615  (VIOLATED)
   u_NV_NVDLA_cmac/u_core/u_mac_0/pp_out_l0n11_0[5]
                             16.0000        17.3614        -1.3614  (VIOLATED)
   u_NV_NVDLA_cmac/u_core/u_mac_7/pp_out_l4n3_1[32]
                              8.0000         9.3610        -1.3610  (VIOLATED)
   u_NV_NVDLA_cmac/u_core/u_mac_3/u_tree_l4n2/n239
                             16.0000        17.3601        -1.3601  (VIOLATED)
   u_NV_NVDLA_cmac/u_core/u_mac_0/pp_out_l0n15_0[19]
                             16.0000        17.3596        -1.3596  (VIOLATED)
   u_NV_NVDLA_cmac/u_core/u_mac_5/u_nan/n1878
                             32.0000        33.3581        -1.3581  (VIOLATED)
   u_NV_NVDLA_cmac/u_core/u_mac_6/pp_out_l0n11_1[5]
                             16.0000        17.3565        -1.3565  (VIOLATED)
   u_NV_NVDLA_cmac/u_core/u_mac_4/pp_out_l0n08_0[12]
                             16.0000        17.3533        -1.3533  (VIOLATED)
   u_NV_NVDLA_cmac/u_core/u_mac_7/pp_out_l2n0_1[38]
                             16.0000        17.3532        -1.3532  (VIOLATED)
   u_NV_NVDLA_cmac/u_core/u_mac_3/u_tree_l1n4/n66
                             16.0000        17.3531        -1.3531  (VIOLATED)
   u_NV_NVDLA_cmac/u_core/u_mac_2/exp_sft_53[3]
                             16.0000        17.3515        -1.3515  (VIOLATED)
   u_NV_NVDLA_cmac/u_core/u_mac_7/pp_out_l2n0_1[24]
                             16.0000        17.3509        -1.3509  (VIOLATED)
   u_NV_NVDLA_cmac/u_core/u_active/n31754
                             16.0000        17.3491        -1.3491  (VIOLATED)
   u_NV_NVDLA_cmac/u_core/u_active/n14094
                             32.0000        33.3476        -1.3476  (VIOLATED)
   u_NV_NVDLA_cmac/u_core/u_mac_3/pp_out_l0n15_0[34]
                             16.0000        17.3472        -1.3472  (VIOLATED)
   u_NV_NVDLA_cmac/u_core/u_active/n27348
                             16.0000        17.3444        -1.3444  (VIOLATED)
   u_NV_NVDLA_cmac/u_core/u_mac_7/pp_out_l0n00_0[34]
                             16.0000        17.3439        -1.3439  (VIOLATED)
   u_NV_NVDLA_cmac/u_core/u_mac_4/u_tree_l2n3/n2
                             16.0000        17.3437        -1.3437  (VIOLATED)
   u_NV_NVDLA_cmac/u_core/u_mac_6/pp_out_l0n11_0[14]
                             16.0000        17.3437        -1.3437  (VIOLATED)
   u_NV_NVDLA_cmac/u_core/u_mac_7/res_tag_13[2]
                             16.0000        17.3434        -1.3434  (VIOLATED)
   u_NV_NVDLA_cmac/u_core/u_mac_2/pp_out_l0n01_0[30]
                             16.0000        17.3428        -1.3428  (VIOLATED)
   u_NV_NVDLA_cmac/u_core/u_mac_6/n6422
                             16.0000        17.3407        -1.3407  (VIOLATED)
   u_NV_NVDLA_cmac/u_core/u_mac_4/n6395
                             16.0000        17.3407        -1.3407  (VIOLATED)
   u_NV_NVDLA_cmac/u_core/u_mac_7/pp_out_l2n0_1[37]
                             16.0000        17.3406        -1.3406  (VIOLATED)
   u_NV_NVDLA_cmac/u_core/u_mac_7/u_tree_l3n2/n88
                              8.0000         9.3364        -1.3364  (VIOLATED)
   u_NV_NVDLA_cmac/u_core/u_mac_3/pp_out_l0n04_1[22]
                             16.0000        17.3358        -1.3358  (VIOLATED)
   u_NV_NVDLA_cmac/u_core/u_active/n5152
                             16.0000        17.3323        -1.3323  (VIOLATED)
   u_NV_NVDLA_cmac/u_core/u_mac_1/pp_out_l2n1_1[31]
                             16.0000        17.3294        -1.3294  (VIOLATED)
   u_NV_NVDLA_cmac/u_core/u_mac_5/n6376
                             16.0000        17.3283        -1.3283  (VIOLATED)
   u_NV_NVDLA_cmac/u_core/u_mac_3/pp_out_l0n05_1[8]
                             16.0000        17.3256        -1.3256  (VIOLATED)
   u_NV_NVDLA_cmac/u_core/u_mac_7/pp_out_l2n4_0[25]
                             16.0000        17.3246        -1.3246  (VIOLATED)
   u_NV_NVDLA_cmac/u_core/u_mac_5/pp_out_l4n3_1[36]
                              8.0000         9.3242        -1.3242  (VIOLATED)
   u_NV_NVDLA_cmac/u_core/u_mac_1/pp_out_l0n14_0[10]
                             16.0000        17.3230        -1.3230  (VIOLATED)
   u_NV_NVDLA_cmac/u_core/u_mac_6/pp_out_l0n14_0[1]
                             16.0000        17.3224        -1.3224  (VIOLATED)
   u_NV_NVDLA_cmac/u_core/u_mac_1/pp_out_l0n00_0[16]
                             16.0000        17.3214        -1.3214  (VIOLATED)
   u_NV_NVDLA_cmac/u_core/u_mac_1/u_tree_l0n15/n12
                              8.0000         9.3197        -1.3197  (VIOLATED)
   u_NV_NVDLA_cmac/u_core/u_mac_3/n9672
                              8.0000         9.3193        -1.3193  (VIOLATED)
   u_NV_NVDLA_cmac/u_core/u_mac_3/pp_out_l0n13_1[3]
                             16.0000        17.3189        -1.3189  (VIOLATED)
   u_NV_NVDLA_cmac/u_core/u_mac_0/exp_sft_23[3]
                             16.0000        17.3165        -1.3165  (VIOLATED)
   u_NV_NVDLA_cmac/u_core/u_mac_7/u_nan/n2058
                             16.0000        17.3153        -1.3153  (VIOLATED)
   u_NV_NVDLA_cmac/u_core/u_mac_1/u_tree_l0n06/n322
                              8.0000         9.3134        -1.3134  (VIOLATED)
   u_NV_NVDLA_cmac/u_core/u_mac_6/pp_out_l0n05_1[23]
                              8.0000         9.3119        -1.3119  (VIOLATED)
   u_NV_NVDLA_cmac/u_core/u_mac_7/pp_out_l0n07_1[26]
                             16.0000        17.3118        -1.3118  (VIOLATED)
   u_NV_NVDLA_cmac/u_core/u_mac_3/pp_out_l0n05_1[34]
                             16.0000        17.3116        -1.3116  (VIOLATED)
   u_NV_NVDLA_cmac/u_core/u_mac_3/n7826
                              8.0000         9.3101        -1.3101  (VIOLATED)
   u_NV_NVDLA_cmac/u_core/u_mac_4/sop_2[4]
                              8.0000         9.3095        -1.3095  (VIOLATED)
   u_NV_NVDLA_cmac/u_core/u_mac_5/pp_out_l4n3_1[37]
                              8.0000         9.3091        -1.3091  (VIOLATED)
   u_NV_NVDLA_cmac/u_core/u_mac_3/pp_out_l0n00_1[31]
                             82.0000        83.3091        -1.3091  (VIOLATED)
   u_NV_NVDLA_cmac/u_core/u_mac_1/u_nan/n923
                             16.0000        17.3081        -1.3081  (VIOLATED)
   u_NV_NVDLA_cmac/u_core/u_mac_7/pp_out_l0n04_1[10]
                              8.0000         9.3080        -1.3080  (VIOLATED)
   u_NV_NVDLA_cmac/u_core/u_mac_1/pp_out_l0n11_0[35]
                              8.0000         9.3072        -1.3072  (VIOLATED)
   u_NV_NVDLA_cmac/u_core/u_mac_0/u_mul_2/n302
                             16.0000        17.3063        -1.3063  (VIOLATED)
   u_NV_NVDLA_cmac/u_core/u_mac_3/pp_out_l4n3_1[30]
                              8.0000         9.3051        -1.3051  (VIOLATED)
   u_NV_NVDLA_cmac/u_core/u_mac_3/n1164
                             16.0000        17.3038        -1.3038  (VIOLATED)
   u_NV_NVDLA_cmac/u_core/u_mac_2/u_nan/n602
                             16.0000        17.3017        -1.3017  (VIOLATED)
   u_NV_NVDLA_cmac/u_core/u_mac_0/pp_out_l0n07_0[22]
                             16.0000        17.3009        -1.3009  (VIOLATED)
   u_NV_NVDLA_cmac/u_core/u_mac_6/u_nan/n2018
                             16.0000        17.3004        -1.3004  (VIOLATED)
   u_NV_NVDLA_cmac/u_core/u_mac_7/pp_out_l2n0_1[3]
                             16.0000        17.2996        -1.2996  (VIOLATED)
   u_NV_NVDLA_cmac/u_core/u_mac_5/n6492
                             16.0000        17.2992        -1.2992  (VIOLATED)
   u_NV_NVDLA_cmac/u_core/wt7_actv_data[798]
                             16.0000        17.2978        -1.2978  (VIOLATED)
   u_NV_NVDLA_cmac/u_core/u_mac_1/n1446
                              8.0000         9.2973        -1.2973  (VIOLATED)
   u_NV_NVDLA_cmac/u_core/u_mac_4/pp_out_l0n14_1[21]
                             16.0000        17.2966        -1.2966  (VIOLATED)
   u_NV_NVDLA_cmac/u_core/u_mac_0/pp_out_l0n06_1[18]
                              8.0000         9.2965        -1.2965  (VIOLATED)
   u_NV_NVDLA_cmac/u_core/u_mac_5/u_nan/n1284
                             16.0000        17.2960        -1.2960  (VIOLATED)
   u_NV_NVDLA_cmac/u_core/u_mac_5/pp_out_l0n06_0[2]
                             16.0000        17.2957        -1.2957  (VIOLATED)
   u_NV_NVDLA_cmac/u_core/u_mac_6/u_nan/n1838
                             16.0000        17.2956        -1.2956  (VIOLATED)
   u_NV_NVDLA_cmac/u_core/u_mac_4/n9903
                              8.0000         9.2946        -1.2946  (VIOLATED)
   u_NV_NVDLA_cmac/u_core/wt0_actv_data[686]
                             16.0000        17.2945        -1.2945  (VIOLATED)
   u_NV_NVDLA_cmac/u_core/u_active/n7502
                             16.0000        17.2936        -1.2936  (VIOLATED)
   u_NV_NVDLA_cmac/u_core/u_mac_5/pp_out_l0n06_0[5]
                             16.0000        17.2909        -1.2909  (VIOLATED)
   u_NV_NVDLA_cmac/u_core/u_mac_5/exp_sft_55[2]
                              8.0000         9.2905        -1.2905  (VIOLATED)
   u_NV_NVDLA_cmac/u_core/u_mac_3/u_tree_l4n2/n59
                             16.0000        17.2898        -1.2898  (VIOLATED)
   u_NV_NVDLA_cmac/u_core/u_mac_6/pp_out_l0n05_1[24]
                              8.0000         9.2896        -1.2896  (VIOLATED)
   u_NV_NVDLA_cmac/u_core/u_mac_7/pp_out_l2n4_1[26]
                             16.0000        17.2875        -1.2875  (VIOLATED)
   u_NV_NVDLA_cmac/u_core/u_mac_6/pp_out_l0n07_1[27]
                              8.0000         9.2873        -1.2873  (VIOLATED)
   u_NV_NVDLA_cmac/u_core/u_mac_5/pp_out_l0n03_1[27]
                             16.0000        17.2871        -1.2871  (VIOLATED)
   u_NV_NVDLA_cmac/u_core/u_mac_5/u_tree_l1n6/n31
                              8.0000         9.2843        -1.2843  (VIOLATED)
   u_NV_NVDLA_cmac/u_core/u_mac_3/u_tree_l4n2/n228
                             16.0000        17.2809        -1.2809  (VIOLATED)
   u_NV_NVDLA_cmac/u_core/u_mac_0/pp_out_l0n11_1[21]
                             16.0000        17.2793        -1.2793  (VIOLATED)
   u_NV_NVDLA_cmac/u_core/u_mac_2/u_mul_22/n97
                              8.0000         9.2792        -1.2792  (VIOLATED)
   u_NV_NVDLA_cmac/u_core/u_mac_7/pp_out_l0n04_1[15]
                              8.0000         9.2786        -1.2786  (VIOLATED)
   u_NV_NVDLA_cmac/u_core/u_mac_0/pp_out_l0n11_0[4]
                             16.0000        17.2784        -1.2784  (VIOLATED)
   u_NV_NVDLA_cmac/u_core/u_mac_1/pp_out_l2n1_1[37]
                             16.0000        17.2784        -1.2784  (VIOLATED)
   u_NV_NVDLA_cmac/u_core/u_mac_4/pp_out_l0n14_1[7]
                             16.0000        17.2784        -1.2784  (VIOLATED)
   u_NV_NVDLA_cmac/u_core/u_mac_5/n1333
                              8.0000         9.2763        -1.2763  (VIOLATED)
   u_NV_NVDLA_cmac/u_core/u_mac_7/res_b_00[16]
                             16.0000        17.2758        -1.2758  (VIOLATED)
   u_NV_NVDLA_cmac/u_core/u_mac_2/ps_n0b6_dc[6]
                              8.0000         9.2718        -1.2718  (VIOLATED)
   u_NV_NVDLA_cmac/u_core/u_mac_7/pp_out_l0n15_1[10]
                             16.0000        17.2714        -1.2714  (VIOLATED)
   u_NV_NVDLA_cmac/u_core/u_mac_1/pp_out_l2n1_0[26]
                             16.0000        17.2706        -1.2706  (VIOLATED)
   u_NV_NVDLA_cmac/u_core/u_mac_7/u_nan/n525
                             16.0000        17.2702        -1.2702  (VIOLATED)
   u_NV_NVDLA_cmac/u_core/u_mac_7/u_tree_l0n09/n272
                              8.0000         9.2687        -1.2687  (VIOLATED)
   u_NV_NVDLA_cmac/u_core/u_mac_6/pp_out_l0n04_1[21]
                              8.0000         9.2681        -1.2681  (VIOLATED)
   u_NV_NVDLA_cmac/u_core/u_mac_5/u_nan/n1688
                             32.0000        33.2675        -1.2675  (VIOLATED)
   u_NV_NVDLA_cmac/u_core/u_mac_0/u_nan/n22
                              8.0000         9.2673        -1.2673  (VIOLATED)
   u_NV_NVDLA_cmac/u_core/u_mac_0/pp_out_l4n3_1[36]
                              8.0000         9.2672        -1.2672  (VIOLATED)
   u_NV_NVDLA_cmac/u_core/u_mac_5/u_nan/n1198
                             16.0000        17.2653        -1.2653  (VIOLATED)
   u_NV_NVDLA_cmac/u_core/u_active/n7500
                             16.0000        17.2609        -1.2609  (VIOLATED)
   u_NV_NVDLA_cmac/u_core/u_mac_2/u_mul_24/n199
                              8.0000         9.2546        -1.2546  (VIOLATED)
   u_NV_NVDLA_cmac/u_core/u_mac_5/n7859
                              8.0000         9.2546        -1.2546  (VIOLATED)
   u_NV_NVDLA_cmac/u_core/u_mac_4/n6387
                             16.0000        17.2542        -1.2542  (VIOLATED)
   u_NV_NVDLA_cmac/u_core/u_mac_4/n9904
                              8.0000         9.2537        -1.2537  (VIOLATED)
   u_NV_NVDLA_cmac/u_core/u_mac_2/pp_out_l0n09_0[2]
                             16.0000        17.2536        -1.2536  (VIOLATED)
   u_NV_NVDLA_cmac/u_core/u_active/n30338
                             16.0000        17.2515        -1.2515  (VIOLATED)
   u_NV_NVDLA_cmac/u_core/u_mac_6/pp_out_l0n05_1[20]
                              8.0000         9.2512        -1.2512  (VIOLATED)
   u_NV_NVDLA_cmac/u_core/u_mac_3/u_tree_l4n2/n237
                             16.0000        17.2487        -1.2487  (VIOLATED)
   u_NV_NVDLA_cmac/u_core/u_mac_7/pp_out_l2n0_1[21]
                             16.0000        17.2485        -1.2485  (VIOLATED)
   u_NV_NVDLA_cmac/u_core/u_mac_0/pp_out_l0n11_0[30]
                             16.0000        17.2436        -1.2436  (VIOLATED)
   u_NV_NVDLA_cmac/u_core/u_mac_1/pp_out_l0n14_0[9]
                             16.0000        17.2435        -1.2435  (VIOLATED)
   u_NV_NVDLA_cmac/u_core/u_mac_2/pp_out_l0n03_0[7]
                             16.0000        17.2423        -1.2423  (VIOLATED)
   u_NV_NVDLA_cmac/u_core/u_mac_4/pp_out_l4n3_1[34]
                              8.0000         9.2390        -1.2390  (VIOLATED)
   u_NV_NVDLA_cmac/u_core/u_mac_6/u_nan/n2328
                             16.0000        17.2386        -1.2386  (VIOLATED)
   u_NV_NVDLA_cmac/u_core/u_mac_0/pp_out_l0n01_1[14]
                             16.0000        17.2383        -1.2383  (VIOLATED)
   u_NV_NVDLA_cmac/u_core/u_mac_7/pp_out_l0n14_1[22]
                             16.0000        17.2383        -1.2383  (VIOLATED)
   u_NV_NVDLA_cmac/u_core/u_mac_0/u_tree_l0n04/n341
                             16.0000        17.2380        -1.2380  (VIOLATED)
   u_NV_NVDLA_cmac/u_core/u_mac_7/pp_out_l0n15_0[7]
                             16.0000        17.2377        -1.2377  (VIOLATED)
   u_NV_NVDLA_cmac/u_core/u_mac_0/pp_out_l0n01_1[15]
                             16.0000        17.2356        -1.2356  (VIOLATED)
   u_NV_NVDLA_cmac/u_core/u_rt_out/n690
                             16.0000        17.2347        -1.2347  (VIOLATED)
   u_NV_NVDLA_cmac/u_core/u_active/wt5_sd_data[377]
                             16.0000        17.2336        -1.2336  (VIOLATED)
   u_NV_NVDLA_cmac/u_core/u_mac_3/pp_out_l0n11_0[35]
                              8.0000         9.2336        -1.2336  (VIOLATED)
   u_NV_NVDLA_cmac/u_core/u_mac_5/n6485
                             16.0000        17.2332        -1.2332  (VIOLATED)
   u_NV_NVDLA_cmac/u_core/u_mac_6/pp_out_l2n1_0[33]
                             16.0000        17.2313        -1.2313  (VIOLATED)
   u_NV_NVDLA_cmac/u_core/u_mac_5/u_nan/n2068
                             32.0000        33.2296        -1.2296  (VIOLATED)
   u_NV_NVDLA_cmac/u_core/u_mac_3/pp_out_l0n03_1[22]
                             16.0000        17.2291        -1.2291  (VIOLATED)
   u_NV_NVDLA_cmac/u_core/u_mac_5/n9907
                              8.0000         9.2245        -1.2245  (VIOLATED)
   u_NV_NVDLA_cmac/u_core/u_mac_7/res_b_55[11]
                             16.0000        17.2240        -1.2240  (VIOLATED)
   u_NV_NVDLA_cmac/u_core/u_mac_3/pp_out_l0n04_1[20]
                             16.0000        17.2240        -1.2240  (VIOLATED)
   u_NV_NVDLA_cmac/u_core/u_mac_6/u_tree_l3n2/n88
                              8.0000         9.2237        -1.2237  (VIOLATED)
   u_NV_NVDLA_cmac/u_core/u_mac_6/u_nan/n1478
                             16.0000        17.2235        -1.2235  (VIOLATED)
   u_NV_NVDLA_cmac/u_core/u_mac_6/pp_out_l2n1_0[4]
                             16.0000        17.2234        -1.2234  (VIOLATED)
   u_NV_NVDLA_cmac/u_core/u_mac_1/pp_out_l2n1_0[25]
                             16.0000        17.2231        -1.2231  (VIOLATED)
   u_NV_NVDLA_cmac/u_core/u_mac_1/pp_out_l0n14_1[15]
                             16.0000        17.2216        -1.2216  (VIOLATED)
   u_NV_NVDLA_cmac/u_core/u_active/wt5_sd_data[379]
                             16.0000        17.2204        -1.2204  (VIOLATED)
   u_NV_NVDLA_cmac/u_core/u_mac_5/res_tag_50[6]
                             32.0000        33.2193        -1.2193  (VIOLATED)
   u_NV_NVDLA_cmac/u_core/u_mac_6/exp_sft_28[0]
                             16.0000        17.2189        -1.2189  (VIOLATED)
   u_NV_NVDLA_cmac/u_core/u_mac_5/pp_out_l0n04_1[25]
                             16.0000        17.2169        -1.2169  (VIOLATED)
   u_NV_NVDLA_cmac/u_core/u_mac_7/pp_out_l0n09_1[27]
                              8.0000         9.2161        -1.2161  (VIOLATED)
   u_NV_NVDLA_cmac/u_core/wt6_actv_data[754]
                             16.0000        17.2146        -1.2146  (VIOLATED)
   u_NV_NVDLA_cmac/u_core/u_mac_1/pp_out_l0n14_0[12]
                             16.0000        17.2126        -1.2126  (VIOLATED)
   u_NV_NVDLA_cmac/u_core/u_mac_1/pp_out_l2n1_1[35]
                             16.0000        17.2126        -1.2126  (VIOLATED)
   u_NV_NVDLA_cmac/u_core/wt7_actv_data[786]
                             16.0000        17.2125        -1.2125  (VIOLATED)
   u_NV_NVDLA_cmac/u_core/u_active/n27332
                             16.0000        17.2116        -1.2116  (VIOLATED)
   u_NV_NVDLA_cmac/u_core/u_mac_4/pp_out_l0n13_1[21]
                             16.0000        17.2109        -1.2109  (VIOLATED)
   u_NV_NVDLA_cmac/u_core/wt0_actv_data[1015]
                             16.0000        17.2096        -1.2096  (VIOLATED)
   u_NV_NVDLA_cmac/u_core/u_rt_out/n692
                             16.0000        17.2087        -1.2087  (VIOLATED)
   u_NV_NVDLA_cmac/u_core/u_mac_5/pp_out_l1n0_1[17]
                              8.0000         9.2082        -1.2082  (VIOLATED)
   u_NV_NVDLA_cmac/u_core/u_mac_7/pp_out_l2n4_1[37]
                             16.0000        17.2042        -1.2042  (VIOLATED)
   u_NV_NVDLA_cmac/u_core/u_mac_1/pp_out_l2n1_1[27]
                             16.0000        17.2000        -1.2000  (VIOLATED)
   u_NV_NVDLA_cmac/u_core/u_mac_3/exp_sft_31[3]
                              8.0000         9.1978        -1.1978  (VIOLATED)
   u_NV_NVDLA_cmac/u_core/u_mac_5/pp_out_l0n04_1[24]
                             16.0000        17.1941        -1.1941  (VIOLATED)
   u_NV_NVDLA_cmac/u_core/u_mac_1/pp_out_l0n14_0[14]
                             16.0000        17.1939        -1.1939  (VIOLATED)
   u_NV_NVDLA_cmac/u_core/u_mac_5/n9901
                              8.0000         9.1929        -1.1929  (VIOLATED)
   u_NV_NVDLA_cmac/u_core/wt6_actv_data[766]
                             16.0000        17.1923        -1.1923  (VIOLATED)
   u_NV_NVDLA_cmac/u_core/u_mac_7/pp_out_l0n14_1[28]
                             16.0000        17.1922        -1.1922  (VIOLATED)
   u_NV_NVDLA_cmac/u_core/u_mac_7/pp_out_l0n07_1[24]
                             16.0000        17.1898        -1.1898  (VIOLATED)
   u_NV_NVDLA_cmac/u_core/u_mac_6/exp_sft_45[1]
                             16.0000        17.1880        -1.1880  (VIOLATED)
   u_NV_NVDLA_cmac/u_core/u_mac_1/u_tree_l4n2/n245
                              8.0000         9.1866        -1.1866  (VIOLATED)
   u_NV_NVDLA_cmac/u_core/u_mac_3/pp_out_l0n03_1[26]
                             16.0000        17.1861        -1.1861  (VIOLATED)
   u_NV_NVDLA_cmac/u_core/u_mac_7/pp_out_l0n00_1[24]
                             16.0000        17.1856        -1.1856  (VIOLATED)
   u_NV_NVDLA_cmac/u_core/u_mac_2/u_mul_57/n97
                              8.0000         9.1852        -1.1852  (VIOLATED)
   u_NV_NVDLA_cmac/u_core/u_mac_5/n6486
                             16.0000        17.1842        -1.1842  (VIOLATED)
   u_NV_NVDLA_cmac/u_core/u_mac_4/pp_out_l0n10_1_d1[33]
                             16.0000        17.1815        -1.1815  (VIOLATED)
   u_NV_NVDLA_cmac/u_core/u_mac_4/u_nan/n1325
                             16.0000        17.1810        -1.1810  (VIOLATED)
   u_NV_NVDLA_cmac/u_core/u_mac_4/n6524
                             16.0000        17.1799        -1.1799  (VIOLATED)
   u_NV_NVDLA_cmac/u_core/u_mac_7/u_mul_40/u_tree_l0n1/n77
                              8.0000         9.1798        -1.1798  (VIOLATED)
   u_NV_NVDLA_cmac/u_core/u_active/n5681
                             16.0000        17.1795        -1.1795  (VIOLATED)
   u_NV_NVDLA_cmac/u_core/u_active/n31750
                             16.0000        17.1784        -1.1784  (VIOLATED)
   u_NV_NVDLA_cmac/u_core/u_mac_1/pp_out_l0n00_0[21]
                             16.0000        17.1782        -1.1782  (VIOLATED)
   u_NV_NVDLA_cmac/u_core/wt7_actv_data[286]
                             16.0000        17.1780        -1.1780  (VIOLATED)
   u_NV_NVDLA_cmac/u_core/u_mac_7/sop_1[4]
                              8.0000         9.1776        -1.1776  (VIOLATED)
   u_NV_NVDLA_cmac/u_core/u_mac_1/pp_out_l0n03_1[24]
                             16.0000        17.1770        -1.1770  (VIOLATED)
   u_NV_NVDLA_cmac/u_core/u_active/n15149
                             16.0000        17.1739        -1.1739  (VIOLATED)
   u_NV_NVDLA_cmac/u_core/u_active/n14252
                              8.0000         9.1738        -1.1738  (VIOLATED)
   u_NV_NVDLA_cmac/u_core/u_mac_6/pp_out_l0n11_1[10]
                             16.0000        17.1717        -1.1717  (VIOLATED)
   u_NV_NVDLA_cmac/u_core/u_mac_1/pp_out_l0n03_0[19]
                             16.0000        17.1715        -1.1715  (VIOLATED)
   u_NV_NVDLA_cmac/u_core/u_mac_7/u_nan/n1865
                             16.0000        17.1707        -1.1707  (VIOLATED)
   u_NV_NVDLA_cmac/u_core/u_active/n7503
                             16.0000        17.1702        -1.1702  (VIOLATED)
   u_NV_NVDLA_cmac/u_core/u_mac_1/pp_out_l2n1_0[23]
                             16.0000        17.1691        -1.1691  (VIOLATED)
   u_NV_NVDLA_cmac/u_core/u_mac_3/pp_out_l0n05_1[5]
                             16.0000        17.1688        -1.1688  (VIOLATED)
   u_NV_NVDLA_cmac/u_core/u_mac_5/pp_out_l0n04_1[18]
                             16.0000        17.1687        -1.1687  (VIOLATED)
   u_NV_NVDLA_cmac/u_core/u_rt_out/n686
                             16.0000        17.1679        -1.1679  (VIOLATED)
   u_NV_NVDLA_cmac/u_core/u_mac_2/u_nan/n1504
                             16.0000        17.1674        -1.1674  (VIOLATED)
   u_NV_NVDLA_cmac/u_core/u_active/n27360
                             16.0000        17.1672        -1.1672  (VIOLATED)
   u_NV_NVDLA_cmac/u_core/u_mac_4/n8998
                              8.0000         9.1666        -1.1666  (VIOLATED)
   u_NV_NVDLA_cmac/u_core/u_mac_4/pp_out_l0n01_0[1]
                             16.0000        17.1654        -1.1654  (VIOLATED)
   u_NV_NVDLA_cmac/u_core/u_mac_1/pp_out_l0n03_1[17]
                             16.0000        17.1653        -1.1653  (VIOLATED)
   u_NV_NVDLA_cmac/u_core/u_mac_5/u_nan/n1018
                             16.0000        17.1652        -1.1652  (VIOLATED)
   u_NV_NVDLA_cmac/u_core/u_mac_6/cfg_is_int8_d3_0_
                             16.0000        17.1652        -1.1652  (VIOLATED)
   u_NV_NVDLA_cmac/u_core/u_mac_4/u_nan/n1296
                             16.0000        17.1635        -1.1635  (VIOLATED)
   u_NV_NVDLA_cmac/u_core/u_mac_2/pp_out_l0n09_0[0]
                             16.0000        17.1625        -1.1625  (VIOLATED)
   u_NV_NVDLA_cmac/u_core/u_mac_4/pp_out_l1n0_0[39]
                              8.0000         9.1618        -1.1618  (VIOLATED)
   u_NV_NVDLA_cmac/u_core/u_mac_3/pp_out_l0n05_1[12]
                             16.0000        17.1607        -1.1607  (VIOLATED)
   u_NV_NVDLA_cmac/u_core/u_mac_6/pp_out_l0n04_1[19]
                              8.0000         9.1606        -1.1606  (VIOLATED)
   u_NV_NVDLA_cmac/u_core/u_mac_3/u_tree_l4n2/n234
                             16.0000        17.1601        -1.1601  (VIOLATED)
   u_NV_NVDLA_cmac/u_core/u_mac_4/u_tree_l4n3/n193
                             16.0000        17.1594        -1.1594  (VIOLATED)
   u_NV_NVDLA_cmac/u_core/u_active/n7469
                             16.0000        17.1579        -1.1579  (VIOLATED)
   u_NV_NVDLA_cmac/u_core/u_mac_3/pp_out_l0n03_1[27]
                             16.0000        17.1542        -1.1542  (VIOLATED)
   u_NV_NVDLA_cmac/u_core/u_mac_6/exp_sft_28[1]
                             16.0000        17.1536        -1.1536  (VIOLATED)
   u_NV_NVDLA_cmac/u_core/u_mac_2/res_tag_30[3]
                             16.0000        17.1534        -1.1534  (VIOLATED)
   u_NV_NVDLA_cmac/u_core/u_active/n27336
                             16.0000        17.1506        -1.1506  (VIOLATED)
   u_NV_NVDLA_cmac/u_core/u_mac_4/res_tag_42[4]
                             16.0000        17.1504        -1.1504  (VIOLATED)
   u_NV_NVDLA_cmac/u_core/u_mac_1/exp_sft_03[2]
                              8.0000         9.1501        -1.1501  (VIOLATED)
   u_NV_NVDLA_cmac/u_core/u_active/n7453
                             16.0000        17.1492        -1.1492  (VIOLATED)
   u_NV_NVDLA_cmac/u_core/u_mac_5/pp_out_l0n03_0[3]
                             16.0000        17.1482        -1.1482  (VIOLATED)
   u_NV_NVDLA_cmac/u_core/u_mac_2/pp_out_l0n01_1[21]
                             16.0000        17.1454        -1.1454  (VIOLATED)
   u_NV_NVDLA_cmac/u_core/u_mac_4/u_mul_53/n97
                              8.0000         9.1436        -1.1436  (VIOLATED)
   u_NV_NVDLA_cmac/u_core/u_active/n27210
                             16.0000        17.1432        -1.1432  (VIOLATED)
   u_NV_NVDLA_cmac/u_core/u_active/n5297
                             16.0000        17.1429        -1.1429  (VIOLATED)
   u_NV_NVDLA_cmac/u_core/u_active/n27362
                             16.0000        17.1427        -1.1427  (VIOLATED)
   u_NV_NVDLA_cmac/u_core/u_mac_6/exp_sft_45[0]
                             16.0000        17.1422        -1.1422  (VIOLATED)
   u_NV_NVDLA_cmac/u_core/out_data3[40]
                              8.0000         9.1377        -1.1377  (VIOLATED)
   u_NV_NVDLA_cmac/u_core/u_mac_3/n9015
                              8.0000         9.1359        -1.1359  (VIOLATED)
   u_NV_NVDLA_cmac/u_core/u_mac_3/n9682
                              8.0000         9.1342        -1.1342  (VIOLATED)
   u_NV_NVDLA_cmac/u_core/u_mac_1/pp_out_l0n07_1[23]
                              8.0000         9.1331        -1.1331  (VIOLATED)
   u_NV_NVDLA_cmac/u_core/u_mac_4/n9905
                              8.0000         9.1321        -1.1321  (VIOLATED)
   u_NV_NVDLA_cmac/u_core/u_mac_7/pp_out_l0n15_1[29]
                             16.0000        17.1318        -1.1318  (VIOLATED)
   u_NV_NVDLA_cmac/u_core/u_mac_5/u_nan/n564
                             16.0000        17.1315        -1.1315  (VIOLATED)
   u_NV_NVDLA_cmac/u_core/u_mac_4/n9907
                              8.0000         9.1308        -1.1308  (VIOLATED)
   u_NV_NVDLA_cmac/u_core/u_mac_5/u_mul_28/n199
                              8.0000         9.1306        -1.1306  (VIOLATED)
   u_NV_NVDLA_cmac/u_core/u_mac_0/u_nan/n1864
                             16.0000        17.1305        -1.1305  (VIOLATED)
   u_NV_NVDLA_cmac/u_core/u_mac_1/pp_out_l2n1_1[38]
                             16.0000        17.1278        -1.1278  (VIOLATED)
   u_NV_NVDLA_cmac/u_core/u_mac_3/n8403
                             16.0000        17.1257        -1.1257  (VIOLATED)
   u_NV_NVDLA_cmac/u_core/u_mac_7/u_nan/n109
                             16.0000        17.1250        -1.1250  (VIOLATED)
   u_NV_NVDLA_cmac/u_core/u_mac_5/pp_out_l0n06_0[7]
                             16.0000        17.1221        -1.1221  (VIOLATED)
   u_NV_NVDLA_cmac/u_core/u_mac_3/u_tree_l0n09/n196
                              8.0000         9.1206        -1.1206  (VIOLATED)
   u_NV_NVDLA_cmac/u_core/u_mac_4/u_tree_l4n3/n205
                             16.0000        17.1181        -1.1181  (VIOLATED)
   u_NV_NVDLA_cmac/u_core/u_mac_7/pp_out_l0n06_1[7]
                              8.0000         9.1170        -1.1170  (VIOLATED)
   u_NV_NVDLA_cmac/u_core/u_mac_5/n6387
                             16.0000        17.1162        -1.1162  (VIOLATED)
   u_NV_NVDLA_cmac/u_core/u_mac_7/pp_out_l0n07_0[10]
                             16.0000        17.1161        -1.1161  (VIOLATED)
   u_NV_NVDLA_cmac/u_core/u_mac_4/res_tag_37[3]
                             82.0000        83.1154        -1.1154  (VIOLATED)
   u_NV_NVDLA_cmac/u_core/u_mac_0/pp_out_l0n11_1[12]
                             16.0000        17.1150        -1.1150  (VIOLATED)
   u_NV_NVDLA_cmac/u_core/u_mac_3/u_tree_l4n2/n69
                             16.0000        17.1147        -1.1147  (VIOLATED)
   u_NV_NVDLA_cmac/u_core/u_active/n31660
                             16.0000        17.1146        -1.1146  (VIOLATED)
   u_NV_NVDLA_cmac/u_core/u_mac_7/res_b_55[12]
                             16.0000        17.1131        -1.1131  (VIOLATED)
   u_NV_NVDLA_cmac/u_core/u_mac_7/u_nan/n1864
                             16.0000        17.1130        -1.1130  (VIOLATED)
   u_NV_NVDLA_cmac/u_core/u_mac_2/u_mul_26/n303
                             16.0000        17.1123        -1.1123  (VIOLATED)
   u_NV_NVDLA_cmac/u_core/u_mac_3/pp_out_l0n04_1[9]
                             16.0000        17.1120        -1.1120  (VIOLATED)
   u_NV_NVDLA_cmac/u_core/u_mac_6/pp_out_l0n09_1[5]
                             16.0000        17.1117        -1.1117  (VIOLATED)
   u_NV_NVDLA_cmac/u_core/u_mac_2/pp_out_l0n03_0[3]
                             16.0000        17.1116        -1.1116  (VIOLATED)
   u_NV_NVDLA_cmac/u_core/u_mac_5/pp_out_l0n03_1[28]
                             16.0000        17.1109        -1.1109  (VIOLATED)
   u_NV_NVDLA_cmac/u_core/u_mac_3/ps_n0b4_dc[6]
                             16.0000        17.1104        -1.1104  (VIOLATED)
   u_NV_NVDLA_cmac/u_core/u_active/n6063
                             16.0000        17.1103        -1.1103  (VIOLATED)
   u_NV_NVDLA_cmac/u_core/u_mac_2/pp_out_l0n03_1[25]
                             16.0000        17.1077        -1.1077  (VIOLATED)
   u_NV_NVDLA_cmac/u_core/u_mac_2/pp_out_l0n01_0[27]
                             16.0000        17.1056        -1.1056  (VIOLATED)
   u_NV_NVDLA_cmac/u_core/u_mac_0/pp_out_l0n11_1[20]
                             16.0000        17.1051        -1.1051  (VIOLATED)
   u_NV_NVDLA_cmac/u_core/u_active/n6215
                             16.0000        17.1044        -1.1044  (VIOLATED)
   u_NV_NVDLA_cmac/u_core/u_mac_4/pp_out_l0n13_1[19]
                             16.0000        17.1009        -1.1009  (VIOLATED)
   u_NV_NVDLA_cmac/u_core/u_mac_6/pp_out_l0n07_1[19]
                              8.0000         9.0997        -1.0997  (VIOLATED)
   u_NV_NVDLA_cmac/u_core/u_mac_0/pp_out_l0n15_0[21]
                             16.0000        17.0984        -1.0984  (VIOLATED)
   u_NV_NVDLA_cmac/u_core/u_mac_7/pp_out_l0n07_0[0]
                             16.0000        17.0984        -1.0984  (VIOLATED)
   u_NV_NVDLA_cmac/u_core/u_mac_3/pp_out_l0n04_0[15]
                             16.0000        17.0960        -1.0960  (VIOLATED)
   u_NV_NVDLA_cmac/u_core/u_mac_2/pp_out_l0n03_1[14]
                             16.0000        17.0952        -1.0952  (VIOLATED)
   u_NV_NVDLA_cmac/u_core/u_mac_5/pp_out_l0n06_0[6]
                             16.0000        17.0942        -1.0942  (VIOLATED)
   u_NV_NVDLA_cmac/u_core/u_mac_6/pp_out_l0n15_1[30]
                              8.0000         9.0941        -1.0941  (VIOLATED)
   u_NV_NVDLA_cmac/u_core/u_mac_1/pp_out_l2n6_0[39]
                             16.0000        17.0936        -1.0936  (VIOLATED)
   u_NV_NVDLA_cmac/u_core/u_mac_7/pp_out_l0n09_1[22]
                              8.0000         9.0930        -1.0930  (VIOLATED)
   u_NV_NVDLA_cmac/u_core/u_mac_3/n8226
                              8.0000         9.0926        -1.0926  (VIOLATED)
   u_NV_NVDLA_cmac/u_core/u_mac_3/pp_out_l0n12_1[11]
                              8.0000         9.0925        -1.0925  (VIOLATED)
   u_NV_NVDLA_cmac/u_core/u_mac_6/pp_out_l0n05_1[32]
                              8.0000         9.0923        -1.0923  (VIOLATED)
   u_NV_NVDLA_cmac/u_core/u_mac_1/pp_out_l0n14_0[11]
                             16.0000        17.0917        -1.0917  (VIOLATED)
   u_NV_NVDLA_cmac/u_core/u_active/n13907
                             32.0000        33.0884        -1.0884  (VIOLATED)
   u_NV_NVDLA_cmac/u_core/u_mac_7/pp_out_l0n06_1[25]
                              8.0000         9.0884        -1.0884  (VIOLATED)
   u_NV_NVDLA_cmac/u_core/u_mac_0/pp_out_l0n15_1[30]
                             16.0000        17.0882        -1.0882  (VIOLATED)
   u_NV_NVDLA_cmac/u_core/u_active/n6923
                             16.0000        17.0870        -1.0870  (VIOLATED)
   u_NV_NVDLA_cmac/u_core/u_mac_6/pp_out_l0n00_0[18]
                             16.0000        17.0868        -1.0868  (VIOLATED)
   u_NV_NVDLA_cmac/u_core/u_mac_6/u_exp/exp_sum_63[0]
                             16.0000        17.0840        -1.0840  (VIOLATED)
   u_NV_NVDLA_cmac/u_core/u_mac_4/pp_out_l0n14_1[20]
                             16.0000        17.0837        -1.0837  (VIOLATED)
   u_NV_NVDLA_cmac/u_core/u_mac_3/pp_out_l0n13_1[4]
                             16.0000        17.0833        -1.0833  (VIOLATED)
   u_NV_NVDLA_cmac/u_core/u_mac_4/n6407
                             16.0000        17.0829        -1.0829  (VIOLATED)
   u_NV_NVDLA_cmac/u_core/u_mac_1/pp_out_l2n2_0[38]
                             16.0000        17.0808        -1.0808  (VIOLATED)
   u_NV_NVDLA_cmac/u_core/u_mac_7/u_mul_42/n317
                             16.0000        17.0807        -1.0807  (VIOLATED)
   u_NV_NVDLA_cmac/u_core/u_mac_6/pp_exp_d1[1]
                             16.0000        17.0806        -1.0806  (VIOLATED)
   u_NV_NVDLA_cmac/u_core/u_mac_1/pp_out_l0n14_0[8]
                             16.0000        17.0797        -1.0797  (VIOLATED)
   u_NV_NVDLA_cmac/u_core/u_mac_7/pp_out_l0n14_1[27]
                             16.0000        17.0792        -1.0792  (VIOLATED)
   u_NV_NVDLA_cmac/u_core/u_mac_5/pp_out_l0n06_1[3]
                             16.0000        17.0777        -1.0777  (VIOLATED)
   u_NV_NVDLA_cmac/u_core/u_mac_4/u_mul_30/n199
                              8.0000         9.0776        -1.0776  (VIOLATED)
   u_NV_NVDLA_cmac/u_core/u_mac_3/pp_out_l0n04_1[13]
                             16.0000        17.0776        -1.0776  (VIOLATED)
   u_NV_NVDLA_cmac/u_core/u_mac_3/n9897
                              8.0000         9.0765        -1.0765  (VIOLATED)
   u_NV_NVDLA_cmac/u_core/u_mac_2/pp_out_l0n04_1_d1[35]
                             16.0000        17.0760        -1.0760  (VIOLATED)
   u_NV_NVDLA_cmac/u_core/wt3_actv_data[50]
                             16.0000        17.0733        -1.0733  (VIOLATED)
   u_NV_NVDLA_cmac/u_core/u_mac_4/u_tree_l0n01/n288
                             16.0000        17.0715        -1.0715  (VIOLATED)
   u_NV_NVDLA_cmac/u_core/u_mac_7/pp_out_l2n0_1[23]
                             16.0000        17.0691        -1.0691  (VIOLATED)
   u_NV_NVDLA_cmac/u_core/u_mac_3/n1155
                              8.0000         9.0672        -1.0672  (VIOLATED)
   u_NV_NVDLA_cmac/u_core/u_mac_7/u_tree_l0n09/n202
                              8.0000         9.0672        -1.0672  (VIOLATED)
   u_NV_NVDLA_cmac/u_core/u_mac_1/pp_out_l0n14_1[13]
                             16.0000        17.0655        -1.0655  (VIOLATED)
   u_NV_NVDLA_cmac/u_core/u_mac_3/pp_out_l0n04_0[11]
                             16.0000        17.0649        -1.0649  (VIOLATED)
   u_NV_NVDLA_cmac/u_core/u_mac_0/pp_out_l0n15_0[30]
                             16.0000        17.0610        -1.0610  (VIOLATED)
   u_NV_NVDLA_cmac/u_core/u_mac_3/n9637
                              8.0000         9.0601        -1.0601  (VIOLATED)
   u_NV_NVDLA_cmac/u_core/u_mac_7/pp_out_l0n09_1[25]
                              8.0000         9.0596        -1.0596  (VIOLATED)
   u_NV_NVDLA_cmac/u_core/u_mac_3/u_tree_l0n15/n32
                              8.0000         9.0575        -1.0575  (VIOLATED)
   u_NV_NVDLA_cmac/u_core/u_mac_6/pp_out_l0n07_1[30]
                              8.0000         9.0562        -1.0562  (VIOLATED)
   u_NV_NVDLA_cmac/u_core/u_mac_5/n6520
                             16.0000        17.0561        -1.0561  (VIOLATED)
   u_NV_NVDLA_cmac/u_core/u_mac_5/n6378
                             16.0000        17.0557        -1.0557  (VIOLATED)
   u_NV_NVDLA_cmac/u_core/wt6_actv_data[817]
                             16.0000        17.0554        -1.0554  (VIOLATED)
   u_NV_NVDLA_cmac/u_core/u_mac_4/res_tag_5[0]
                             16.0000        17.0550        -1.0550  (VIOLATED)
   u_NV_NVDLA_cmac/u_core/u_mac_7/u_mul_43/n312
                             16.0000        17.0546        -1.0546  (VIOLATED)
   u_NV_NVDLA_cmac/u_core/u_mac_7/pp_out_l0n08_0[35]
                              8.0000         9.0544        -1.0544  (VIOLATED)
   u_NV_NVDLA_cmac/u_core/u_mac_2/u_nan/n1864
                             16.0000        17.0544        -1.0544  (VIOLATED)
   u_NV_NVDLA_cmac/u_core/u_mac_4/sop_2[2]
                              8.0000         9.0514        -1.0514  (VIOLATED)
   u_NV_NVDLA_cmac/u_core/u_mac_4/res_a_08[19]
                             16.0000        17.0510        -1.0510  (VIOLATED)
   u_NV_NVDLA_cmac/u_core/u_mac_3/u_mul_26/n312
                             16.0000        17.0502        -1.0502  (VIOLATED)
   u_NV_NVDLA_cmac/u_core/u_mac_1/pp_out_l2n1_0[36]
                             16.0000        17.0490        -1.0490  (VIOLATED)
   u_NV_NVDLA_cmac/u_core/u_mac_5/u_mul_50/n313
                             16.0000        17.0490        -1.0490  (VIOLATED)
   u_NV_NVDLA_cmac/u_core/u_mac_0/u_nan/n1504
                             16.0000        17.0457        -1.0457  (VIOLATED)
   u_NV_NVDLA_cmac/u_core/u_mac_7/u_tree_l0n10/n189
                              8.0000         9.0439        -1.0439  (VIOLATED)
   u_NV_NVDLA_cmac/u_core/u_mac_6/pp_out_l0n11_1[34]
                             16.0000        17.0427        -1.0427  (VIOLATED)
   u_NV_NVDLA_cmac/u_core/u_mac_5/u_mul_55/n312
                             16.0000        17.0402        -1.0402  (VIOLATED)
   u_NV_NVDLA_cmac/u_core/u_mac_3/pp_out_l0n00_0[32]
                             82.0000        83.0395        -1.0395  (VIOLATED)
   u_NV_NVDLA_cmac/u_core/u_mac_3/u_tree_l4n2/n293
                              8.0000         9.0383        -1.0383  (VIOLATED)
   u_NV_NVDLA_cmac/u_core/out_data6[117]
                             16.0000        17.0366        -1.0366  (VIOLATED)
   u_NV_NVDLA_cmac/u_core/u_mac_2/n9691
                              8.0000         9.0363        -1.0363  (VIOLATED)
   u_NV_NVDLA_cmac/u_core/wt3_actv_data[65]
                             16.0000        17.0356        -1.0356  (VIOLATED)
   u_NV_NVDLA_cmac/u_core/u_mac_6/pp_out_l1n0_1[7]
                              8.0000         9.0339        -1.0339  (VIOLATED)
   u_NV_NVDLA_cmac/u_core/u_mac_7/pp_out_l2n0_0[23]
                             16.0000        17.0326        -1.0326  (VIOLATED)
   u_NV_NVDLA_cmac/u_core/u_active/n6060
                             16.0000        17.0323        -1.0323  (VIOLATED)
   u_NV_NVDLA_cmac/u_core/wt5_actv_data[160]
                             16.0000        17.0312        -1.0312  (VIOLATED)
   u_NV_NVDLA_cmac/u_core/u_mac_7/res_a_08[19]
                             16.0000        17.0300        -1.0300  (VIOLATED)
   u_NV_NVDLA_cmac/u_core/u_mac_5/n9898
                              8.0000         9.0299        -1.0299  (VIOLATED)
   u_NV_NVDLA_cmac/u_core/u_mac_7/pp_out_l0n14_1[23]
                             16.0000        17.0298        -1.0298  (VIOLATED)
   u_NV_NVDLA_cmac/u_core/u_mac_5/exp_sft_41[1]
                              8.0000         9.0293        -1.0293  (VIOLATED)
   u_NV_NVDLA_cmac/u_core/u_mac_0/pp_out_l0n11_0[28]
                             16.0000        17.0292        -1.0292  (VIOLATED)
   u_NV_NVDLA_cmac/u_core/u_mac_1/exp_sft_33[1]
                             16.0000        17.0286        -1.0286  (VIOLATED)
   u_NV_NVDLA_cmac/u_core/u_mac_5/pp_out_l0n03_1[26]
                             16.0000        17.0281        -1.0281  (VIOLATED)
   u_NV_NVDLA_cmac/u_core/u_mac_5/pp_out_l0n06_1[8]
                             16.0000        17.0280        -1.0280  (VIOLATED)
   u_NV_NVDLA_cmac/u_core/u_mac_7/pp_out_l0n15_0[6]
                             16.0000        17.0276        -1.0276  (VIOLATED)
   u_NV_NVDLA_cmac/u_core/u_mac_3/u_tree_l1n0/n74
                             16.0000        17.0273        -1.0273  (VIOLATED)
   u_NV_NVDLA_cmac/u_core/u_mac_2/pp_out_l0n09_0[15]
                             16.0000        17.0265        -1.0265  (VIOLATED)
   u_NV_NVDLA_cmac/u_core/u_mac_6/pp_out_l4n3_1[33]
                              8.0000         9.0252        -1.0252  (VIOLATED)
   u_NV_NVDLA_cmac/u_core/u_active/n31658
                             16.0000        17.0245        -1.0245  (VIOLATED)
   u_NV_NVDLA_cmac/u_core/u_mac_0/pp_out_l0n11_0[32]
                             16.0000        17.0244        -1.0244  (VIOLATED)
   u_NV_NVDLA_cmac/u_core/u_mac_3/u_tree_l1n4/n52
                             16.0000        17.0241        -1.0241  (VIOLATED)
   u_NV_NVDLA_cmac/u_core/u_mac_3/pp_out_l0n04_1[21]
                             16.0000        17.0240        -1.0240  (VIOLATED)
   u_NV_NVDLA_cmac/u_core/u_active/n7452
                             16.0000        17.0239        -1.0239  (VIOLATED)
   u_NV_NVDLA_cmac/u_core/u_mac_0/pp_out_l0n11_1[19]
                             16.0000        17.0208        -1.0208  (VIOLATED)
   u_NV_NVDLA_cmac/u_core/u_mac_6/pp_out_l0n11_1[7]
                             16.0000        17.0202        -1.0202  (VIOLATED)
   u_NV_NVDLA_cmac/u_core/u_mac_1/u_mul_24/n308
                             16.0000        17.0186        -1.0186  (VIOLATED)
   u_NV_NVDLA_cmac/u_core/u_mac_6/pp_out_l0n05_0[35]
                              8.0000         9.0171        -1.0171  (VIOLATED)
   u_NV_NVDLA_cmac/u_core/u_mac_5/u_tree_l0n04/n312
                              8.0000         9.0167        -1.0167  (VIOLATED)
   u_NV_NVDLA_cmac/u_core/u_mac_2/res_tag_29[3]
                             16.0000        17.0146        -1.0146  (VIOLATED)
   u_NV_NVDLA_cmac/u_core/u_mac_6/pp_out_l2n0_1[35]
                              8.0000         9.0132        -1.0132  (VIOLATED)
   u_NV_NVDLA_cmac/u_core/u_mac_6/u_nan/n1116
                             16.0000        17.0124        -1.0124  (VIOLATED)
   u_NV_NVDLA_cmac/u_core/u_mac_0/pp_out_l0n07_1[27]
                             16.0000        17.0114        -1.0114  (VIOLATED)
   u_NV_NVDLA_cmac/u_core/u_mac_5/n8987
                              8.0000         9.0110        -1.0110  (VIOLATED)
   u_NV_NVDLA_cmac/u_core/u_mac_3/pp_out_l0n04_0[4]
                             16.0000        17.0107        -1.0107  (VIOLATED)
   u_NV_NVDLA_cmac/u_core/u_mac_7/pp_out_l2n4_0[24]
                             16.0000        17.0094        -1.0094  (VIOLATED)
   u_NV_NVDLA_cmac/u_core/u_mac_4/cfg_is_int8_d3_0_
                             16.0000        17.0079        -1.0079  (VIOLATED)
   u_NV_NVDLA_cmac/u_core/u_mac_4/pp_out_l0n14_1[26]
                             16.0000        17.0075        -1.0075  (VIOLATED)
   u_NV_NVDLA_cmac/u_core/u_mac_2/pp_out_l0n03_1[16]
                             16.0000        17.0048        -1.0048  (VIOLATED)
   u_NV_NVDLA_cmac/u_core/u_mac_1/u_tree_l0n06/n329
                              8.0000         9.0031        -1.0031  (VIOLATED)
   u_NV_NVDLA_cmac/u_core/u_mac_6/u_nan/n576
                             16.0000        17.0023        -1.0023  (VIOLATED)
   u_NV_NVDLA_cmac/u_core/u_mac_5/u_nan/n481
                             16.0000        17.0009        -1.0009  (VIOLATED)
   u_NV_NVDLA_cmac/u_core/u_mac_5/u_tree_l4n1/n277
                              8.0000         9.0000        -1.0000  (VIOLATED)
   u_NV_NVDLA_cmac/u_core/u_mac_3/u_mul_44/n312
                             16.0000        16.9998        -0.9998  (VIOLATED)
   u_NV_NVDLA_cmac/u_core/u_mac_5/pp_out_l0n06_1[5]
                             16.0000        16.9992        -0.9992  (VIOLATED)
   u_NV_NVDLA_cmac/u_core/u_mac_7/pp_out_l0n07_1[23]
                             16.0000        16.9968        -0.9968  (VIOLATED)
   u_NV_NVDLA_cmac/u_core/u_mac_7/pp_out_l0n07_0[9]
                             16.0000        16.9962        -0.9962  (VIOLATED)
   u_NV_NVDLA_cmac/u_core/u_mac_1/pp_out_l2n1_1[21]
                             16.0000        16.9960        -0.9960  (VIOLATED)
   u_NV_NVDLA_cmac/u_core/u_mac_3/n9683
                              8.0000         8.9946        -0.9946  (VIOLATED)
   u_NV_NVDLA_cmac/u_core/u_mac_1/pp_out_l2n1_1[28]
                             16.0000        16.9923        -0.9923  (VIOLATED)
   u_NV_NVDLA_cmac/u_core/u_mac_7/res_tag_63[7]
                             32.0000        32.9912        -0.9912  (VIOLATED)
   u_NV_NVDLA_cmac/u_core/u_active/n7363
                             16.0000        16.9906        -0.9906  (VIOLATED)
   u_NV_NVDLA_cmac/u_core/wt3_actv_data[895]
                             16.0000        16.9899        -0.9899  (VIOLATED)
   u_NV_NVDLA_cmac/u_core/u_mac_4/u_tree_l4n3/n211
                             16.0000        16.9894        -0.9894  (VIOLATED)
   u_NV_NVDLA_cmac/u_core/u_mac_0/pp_out_l0n06_1[22]
                              8.0000         8.9894        -0.9894  (VIOLATED)
   u_NV_NVDLA_cmac/u_core/u_mac_2/pp_out_l0n09_1[31]
                             16.0000        16.9887        -0.9887  (VIOLATED)
   u_NV_NVDLA_cmac/u_core/u_mac_0/pp_out_l0n07_1[24]
                             16.0000        16.9865        -0.9865  (VIOLATED)
   u_NV_NVDLA_cmac/u_core/u_mac_0/pp_out_l0n07_0[24]
                             16.0000        16.9855        -0.9855  (VIOLATED)
   u_NV_NVDLA_cmac/u_core/u_mac_1/pp_out_l4n3_1[38]
                              8.0000         8.9850        -0.9850  (VIOLATED)
   u_NV_NVDLA_cmac/u_core/u_mac_7/u_nan/n705
                             16.0000        16.9844        -0.9844  (VIOLATED)
   u_NV_NVDLA_cmac/u_core/u_mac_5/u_nan/n2308
                             16.0000        16.9822        -0.9822  (VIOLATED)
   u_NV_NVDLA_cmac/u_core/u_mac_0/pp_out_l0n15_0[23]
                             16.0000        16.9817        -0.9817  (VIOLATED)
   u_NV_NVDLA_cmac/u_core/u_mac_0/res_tag_29[7]
                             32.0000        32.9816        -0.9816  (VIOLATED)
   u_NV_NVDLA_cmac/u_core/wt1_actv_data[863]
                             16.0000        16.9810        -0.9810  (VIOLATED)
   u_NV_NVDLA_cmac/u_core/u_mac_4/u_tree_l4n3/n197
                             16.0000        16.9807        -0.9807  (VIOLATED)
   u_NV_NVDLA_cmac/u_core/u_mac_1/pp_out_l0n14_1[34]
                             16.0000        16.9797        -0.9797  (VIOLATED)
   u_NV_NVDLA_cmac/u_core/u_mac_6/res_tag_39[6]
                             32.0000        32.9792        -0.9792  (VIOLATED)
   u_NV_NVDLA_cmac/u_core/u_mac_4/n9902
                              8.0000         8.9781        -0.9781  (VIOLATED)
   u_NV_NVDLA_cmac/u_core/u_mac_3/pp_out_l0n03_1[17]
                             16.0000        16.9768        -0.9768  (VIOLATED)
   u_NV_NVDLA_cmac/u_core/u_mac_5/pp_out_l0n03_1[24]
                             16.0000        16.9762        -0.9762  (VIOLATED)
   u_NV_NVDLA_cmac/u_core/u_mac_2/pp_out_l0n03_1[26]
                             16.0000        16.9726        -0.9726  (VIOLATED)
   u_NV_NVDLA_cmac/u_core/wt6_actv_data[777]
                             16.0000        16.9673        -0.9673  (VIOLATED)
   u_NV_NVDLA_cmac/u_core/u_mac_6/n6494
                             16.0000        16.9672        -0.9672  (VIOLATED)
   u_NV_NVDLA_cmac/u_core/u_mac_6/u_nan/n396
                             16.0000        16.9671        -0.9671  (VIOLATED)
   u_NV_NVDLA_cmac/u_core/u_mac_7/res_tag_59[2]
                             16.0000        16.9669        -0.9669  (VIOLATED)
   u_NV_NVDLA_cmac/u_core/u_mac_5/u_nan/n838
                             16.0000        16.9656        -0.9656  (VIOLATED)
   u_NV_NVDLA_cmac/u_core/u_mac_5/pp_out_l0n03_0[21]
                             16.0000        16.9650        -0.9650  (VIOLATED)
   u_NV_NVDLA_cmac/u_core/u_mac_1/pp_out_l0n08_0_d1[35]
                             16.0000        16.9591        -0.9591  (VIOLATED)
   u_NV_NVDLA_cmac/u_core/u_mac_1/pp_out_l0n03_0[13]
                             16.0000        16.9585        -0.9585  (VIOLATED)
   u_NV_NVDLA_cmac/u_core/u_mac_2/u_nan/n2058
                             16.0000        16.9574        -0.9574  (VIOLATED)
   u_NV_NVDLA_cmac/u_core/u_mac_2/res_tag_14[6]
                             32.0000        32.9571        -0.9571  (VIOLATED)
   u_NV_NVDLA_cmac/u_core/u_mac_0/pp_out_l0n01_1[13]
                             16.0000        16.9567        -0.9567  (VIOLATED)
   u_NV_NVDLA_cmac/u_core/u_active/wt5_sd_data[378]
                             16.0000        16.9528        -0.9528  (VIOLATED)
   u_NV_NVDLA_cmac/u_core/u_mac_2/pp_out_l0n09_0[11]
                             16.0000        16.9511        -0.9511  (VIOLATED)
   u_NV_NVDLA_cmac/u_core/u_mac_1/u_tree_l0n15/n312
                              8.0000         8.9508        -0.9508  (VIOLATED)
   u_NV_NVDLA_cmac/u_core/u_active/n27368
                             16.0000        16.9491        -0.9491  (VIOLATED)
   u_NV_NVDLA_cmac/u_core/u_mac_0/u_mul_35/n311
                             16.0000        16.9483        -0.9483  (VIOLATED)
   u_NV_NVDLA_cmac/u_core/wt1_actv_data[832]
                             16.0000        16.9481        -0.9481  (VIOLATED)
   u_NV_NVDLA_cmac/u_core/u_mac_0/pp_out_l0n11_1[14]
                             16.0000        16.9470        -0.9470  (VIOLATED)
   u_NV_NVDLA_cmac/u_core/u_mac_4/res_tag_41[3]
                             16.0000        16.9451        -0.9451  (VIOLATED)
   u_NV_NVDLA_cmac/u_core/u_mac_1/u_nan/n1103
                             16.0000        16.9440        -0.9440  (VIOLATED)
   u_NV_NVDLA_cmac/u_core/u_mac_7/n8907
                             16.0000        16.9433        -0.9433  (VIOLATED)
   u_NV_NVDLA_cmac/u_core/u_mac_3/res_tag_39[0]
                             16.0000        16.9425        -0.9425  (VIOLATED)
   u_NV_NVDLA_cmac/u_core/u_mac_7/u_tree_l4n2/n258
                              8.0000         8.9424        -0.9424  (VIOLATED)
   u_NV_NVDLA_cmac/u_core/u_mac_4/res_tag_37[2]
                             82.0000        82.9422        -0.9422  (VIOLATED)
   u_NV_NVDLA_cmac/u_core/u_mac_2/pp_out_l0n01_0[24]
                             16.0000        16.9418        -0.9418  (VIOLATED)
   u_NV_NVDLA_cmac/u_core/u_mac_7/exp_sft_26[3]
                              8.0000         8.9417        -0.9417  (VIOLATED)
   u_NV_NVDLA_cmac/u_core/u_active/n7451
                             16.0000        16.9415        -0.9415  (VIOLATED)
   u_NV_NVDLA_cmac/u_core/u_mac_4/res_tag_57[6]
                             32.0000        32.9413        -0.9413  (VIOLATED)
   u_NV_NVDLA_cmac/u_core/u_active/dat_pre_nz[1]
                             16.0000        16.9400        -0.9400  (VIOLATED)
   u_NV_NVDLA_cmac/u_core/u_mac_1/pp_out_l0n00_1[21]
                             16.0000        16.9397        -0.9397  (VIOLATED)
   u_NV_NVDLA_cmac/u_core/u_mac_1/pp_out_l0n03_0[10]
                             16.0000        16.9389        -0.9389  (VIOLATED)
   u_NV_NVDLA_cmac/u_core/u_mac_1/pp_out_l2n5_1[35]
                             16.0000        16.9372        -0.9372  (VIOLATED)
   u_NV_NVDLA_cmac/u_core/u_mac_0/pp_out_l4n3_1[35]
                              8.0000         8.9372        -0.9372  (VIOLATED)
   u_NV_NVDLA_cmac/u_core/u_mac_7/pp_out_l2n4_0[39]
                             16.0000        16.9370        -0.9370  (VIOLATED)
   u_NV_NVDLA_cmac/u_core/u_mac_2/pp_out_l0n09_0[8]
                             16.0000        16.9368        -0.9368  (VIOLATED)
   u_NV_NVDLA_cmac/u_core/u_mac_4/u_tree_l0n01/n218
                             16.0000        16.9365        -0.9365  (VIOLATED)
   u_NV_NVDLA_cmac/u_core/wt0_actv_data[721]
                             16.0000        16.9359        -0.9359  (VIOLATED)
   u_NV_NVDLA_cmac/u_core/u_mac_0/pp_out_l4n3_1[39]
                              8.0000         8.9354        -0.9354  (VIOLATED)
   u_NV_NVDLA_cmac/u_core/u_mac_7/pp_out_l2n4_1[40]
                             16.0000        16.9350        -0.9350  (VIOLATED)
   u_NV_NVDLA_cmac/u_core/u_mac_3/u_mul_30/n227
                             32.0000        32.9336        -0.9336  (VIOLATED)
   u_NV_NVDLA_cmac/u_core/u_mac_2/n9595
                              8.0000         8.9320        -0.9320  (VIOLATED)
   u_NV_NVDLA_cmac/u_core/u_active/wt_pre_data[299]
                             16.0000        16.9319        -0.9319  (VIOLATED)
   u_NV_NVDLA_cmac/u_core/u_mac_5/pp_out_l0n04_1[31]
                             16.0000        16.9316        -0.9316  (VIOLATED)
   u_NV_NVDLA_cmac/u_core/u_mac_2/pp_out_l0n03_1[8]
                             16.0000        16.9311        -0.9311  (VIOLATED)
   u_NV_NVDLA_cmac/u_core/u_mac_0/u_mul_56/n227
                             32.0000        32.9307        -0.9307  (VIOLATED)
   u_NV_NVDLA_cmac/u_core/u_mac_2/u_tree_l4n3/n238
                              8.0000         8.9306        -0.9306  (VIOLATED)
   u_NV_NVDLA_cmac/u_core/u_mac_1/u_nan/n112
                             16.0000        16.9304        -0.9304  (VIOLATED)
   u_NV_NVDLA_cmac/u_core/u_mac_3/u_mul_18/n227
                             32.0000        32.9302        -0.9302  (VIOLATED)
   u_NV_NVDLA_cmac/u_core/u_mac_1/ps_n0b1_dc[6]
                              8.0000         8.9297        -0.9297  (VIOLATED)
   u_NV_NVDLA_cmac/u_core/u_mac_7/n8900
                              8.0000         8.9279        -0.9279  (VIOLATED)
   u_NV_NVDLA_cmac/u_core/u_active/n8548
                             16.0000        16.9279        -0.9279  (VIOLATED)
   u_NV_NVDLA_cmac/u_core/u_mac_2/pp_out_l0n03_1[7]
                             16.0000        16.9274        -0.9274  (VIOLATED)
   u_NV_NVDLA_cmac/u_core/u_mac_7/u_mul_59/n199
                              8.0000         8.9254        -0.9254  (VIOLATED)
   u_NV_NVDLA_cmac/u_core/u_mac_3/n8079
                              8.0000         8.9228        -0.9228  (VIOLATED)
   u_NV_NVDLA_cmac/u_core/u_mac_6/n6540
                             16.0000        16.9200        -0.9200  (VIOLATED)
   u_NV_NVDLA_cmac/u_core/u_mac_1/pp_out_l2n1_1[19]
                             16.0000        16.9192        -0.9192  (VIOLATED)
   u_NV_NVDLA_cmac/u_core/wt3_actv_data[139]
                             16.0000        16.9190        -0.9190  (VIOLATED)
   u_NV_NVDLA_cmac/u_core/u_mac_7/pp_out_l0n04_1[11]
                              8.0000         8.9172        -0.9172  (VIOLATED)
   u_NV_NVDLA_cmac/u_core/u_mac_5/n6512
                             16.0000        16.9166        -0.9166  (VIOLATED)
   u_NV_NVDLA_cmac/u_core/wt3_actv_data[81]
                             16.0000        16.9153        -0.9153  (VIOLATED)
   u_NV_NVDLA_cmac/u_core/u_mac_6/pp_out_l0n11_0[34]
                             16.0000        16.9153        -0.9153  (VIOLATED)
   u_NV_NVDLA_cmac/u_core/u_mac_6/pp_out_l0n11_0[17]
                             16.0000        16.9149        -0.9149  (VIOLATED)
   u_NV_NVDLA_cmac/u_core/u_mac_6/pp_out_l0n05_1[25]
                              8.0000         8.9146        -0.9146  (VIOLATED)
   u_NV_NVDLA_cmac/u_core/u_active/n27384
                             16.0000        16.9142        -0.9142  (VIOLATED)
   u_NV_NVDLA_cmac/u_core/u_mac_5/pp_out_l0n03_0[34]
                             16.0000        16.9133        -0.9133  (VIOLATED)
   u_NV_NVDLA_cmac/u_core/u_mac_7/pp_out_l2n0_1[22]
                             16.0000        16.9129        -0.9129  (VIOLATED)
   u_NV_NVDLA_cmac/u_core/u_mac_4/u_tree_l0n01/n6
                             16.0000        16.9128        -0.9128  (VIOLATED)
   u_NV_NVDLA_cmac/u_core/u_mac_3/u_tree_l0n09/n342
                             16.0000        16.9106        -0.9106  (VIOLATED)
   u_NV_NVDLA_cmac/u_core/u_mac_3/pp_out_l0n00_1[28]
                             82.0000        82.9093        -0.9093  (VIOLATED)
   u_NV_NVDLA_cmac/u_core/u_mac_0/u_tree_l0n05/n341
                             16.0000        16.9093        -0.9093  (VIOLATED)
   u_NV_NVDLA_cmac/u_core/u_mac_4/u_nan/n358
                             32.0000        32.9073        -0.9073  (VIOLATED)
   u_NV_NVDLA_cmac/u_core/u_mac_5/n6494
                             16.0000        16.9071        -0.9071  (VIOLATED)
   u_NV_NVDLA_cmac/u_core/u_mac_7/res_a_55[14]
                             16.0000        16.9067        -0.9067  (VIOLATED)
   u_NV_NVDLA_cmac/u_core/u_mac_4/u_tree_l0n01/n272
                             16.0000        16.9065        -0.9065  (VIOLATED)
   u_NV_NVDLA_cmac/u_core/u_mac_7/pp_out_l0n07_0[25]
                             16.0000        16.9042        -0.9042  (VIOLATED)
   u_NV_NVDLA_cmac/u_core/u_mac_6/pp_out_l0n11_0[15]
                             16.0000        16.9030        -0.9030  (VIOLATED)
   u_NV_NVDLA_cmac/u_core/u_mac_7/pp_out_l0n06_1[27]
                              8.0000         8.9007        -0.9007  (VIOLATED)
   u_NV_NVDLA_cmac/u_core/out_data6[79]
                             16.0000        16.9006        -0.9006  (VIOLATED)
   u_NV_NVDLA_cmac/u_core/u_mac_3/u_tree_l0n14/n232
                              8.0000         8.8988        -0.8988  (VIOLATED)
   u_NV_NVDLA_cmac/u_core/u_mac_7/u_tree_l4n3/n238
                              8.0000         8.8981        -0.8981  (VIOLATED)
   u_NV_NVDLA_cmac/u_core/u_mac_6/pp_out_l0n11_1[9]
                             16.0000        16.8959        -0.8959  (VIOLATED)
   u_NV_NVDLA_cmac/u_core/u_mac_3/u_tree_l0n09/n341
                             16.0000        16.8943        -0.8943  (VIOLATED)
   u_NV_NVDLA_cmac/u_core/u_mac_6/n6453
                             16.0000        16.8942        -0.8942  (VIOLATED)
   u_NV_NVDLA_cmac/u_core/u_mac_5/u_mul_32/res_a_gate_8
                             16.0000        16.8939        -0.8939  (VIOLATED)
   u_NV_NVDLA_cmac/u_core/u_active/wt5_sd_data[381]
                             16.0000        16.8924        -0.8924  (VIOLATED)
   u_NV_NVDLA_cmac/u_core/u_mac_1/pp_out_l0n03_1[29]
                             16.0000        16.8904        -0.8904  (VIOLATED)
   u_NV_NVDLA_cmac/u_core/u_mac_7/pp_out_l0n00_1[23]
                              8.0000         8.8904        -0.8904  (VIOLATED)
   u_NV_NVDLA_cmac/u_core/u_mac_5/pp_out_l0n03_1[16]
                             16.0000        16.8891        -0.8891  (VIOLATED)
   u_NV_NVDLA_cmac/u_core/u_mac_3/pp_out_l0n15_1[5]
                             16.0000        16.8878        -0.8878  (VIOLATED)
   u_NV_NVDLA_cmac/u_core/u_mac_5/pp_out_l0n04_1[5]
                             16.0000        16.8872        -0.8872  (VIOLATED)
   u_NV_NVDLA_cmac/u_core/u_active/wt_pre_exp[4]
                             16.0000        16.8870        -0.8870  (VIOLATED)
   u_NV_NVDLA_cmac/u_core/u_active/n7465
                             16.0000        16.8849        -0.8849  (VIOLATED)
   u_NV_NVDLA_cmac/u_core/u_mac_6/u_tree_l0n14/n196
                              8.0000         8.8835        -0.8835  (VIOLATED)
   u_NV_NVDLA_cmac/u_core/u_active/wt_pre_data[308]
                             16.0000        16.8817        -0.8817  (VIOLATED)
   u_NV_NVDLA_cmac/u_core/u_mac_6/u_exp/exp_sum_59[1]
                             16.0000        16.8813        -0.8813  (VIOLATED)
   u_NV_NVDLA_cmac/u_core/u_active/dat_pre_data[804]
                             16.0000        16.8796        -0.8796  (VIOLATED)
   u_NV_NVDLA_cmac/u_core/u_mac_6/pp_out_l0n11_1[21]
                             16.0000        16.8794        -0.8794  (VIOLATED)
   u_NV_NVDLA_cmac/u_core/u_mac_0/n9633
                              8.0000         8.8777        -0.8777  (VIOLATED)
   u_NV_NVDLA_cmac/u_core/u_mac_0/pp_out_l0n00_1[15]
                             16.0000        16.8768        -0.8768  (VIOLATED)
   u_NV_NVDLA_cmac/u_core/u_mac_4/u_tree_l4n3/n191
                             16.0000        16.8761        -0.8761  (VIOLATED)
   u_NV_NVDLA_cmac/u_core/u_mac_5/u_mul_52/n312
                             16.0000        16.8758        -0.8758  (VIOLATED)
   u_NV_NVDLA_cmac/u_core/u_mac_5/pp_out_l0n03_0[5]
                             16.0000        16.8749        -0.8749  (VIOLATED)
   u_NV_NVDLA_cmac/u_core/u_mac_7/res_tag_57[2]
                             16.0000        16.8748        -0.8748  (VIOLATED)
   u_NV_NVDLA_cmac/u_core/u_mac_1/pp_out_l2n1_1[36]
                             16.0000        16.8719        -0.8719  (VIOLATED)
   u_NV_NVDLA_cmac/u_core/u_mac_4/pp_out_l1n5_1[17]
                              8.0000         8.8717        -0.8717  (VIOLATED)
   u_NV_NVDLA_cmac/u_core/u_mac_7/pp_out_l2n0_1[39]
                             16.0000        16.8715        -0.8715  (VIOLATED)
   u_NV_NVDLA_cmac/u_core/u_mac_7/n7832
                              8.0000         8.8701        -0.8701  (VIOLATED)
   u_NV_NVDLA_cmac/u_core/u_mac_7/pp_out_l0n00_1[26]
                             16.0000        16.8692        -0.8692  (VIOLATED)
   u_NV_NVDLA_cmac/u_core/u_mac_3/pp_out_l0n04_0[5]
                             16.0000        16.8678        -0.8678  (VIOLATED)
   u_NV_NVDLA_cmac/u_core/u_mac_1/u_tree_l1n3/n45
                              8.0000         8.8674        -0.8674  (VIOLATED)
   u_NV_NVDLA_cmac/u_core/u_mac_3/n9638
                              8.0000         8.8671        -0.8671  (VIOLATED)
   u_NV_NVDLA_cmac/u_core/u_mac_0/u_mul_33/n314
                             16.0000        16.8666        -0.8666  (VIOLATED)
   u_NV_NVDLA_cmac/u_core/u_mac_7/exp_sft_17[0]
                             16.0000        16.8663        -0.8663  (VIOLATED)
   u_NV_NVDLA_cmac/u_core/u_mac_3/u_mul_63/n304
                             16.0000        16.8653        -0.8653  (VIOLATED)
   u_NV_NVDLA_cmac/u_core/u_mac_3/pp_out_l0n00_1[27]
                             82.0000        82.8647        -0.8647  (VIOLATED)
   u_NV_NVDLA_cmac/u_core/u_active/n27372
                             16.0000        16.8639        -0.8639  (VIOLATED)
   u_NV_NVDLA_cmac/u_core/u_mac_3/pp_out_l0n00_1[29]
                             82.0000        82.8634        -0.8634  (VIOLATED)
   u_NV_NVDLA_cmac/u_core/u_mac_7/pp_out_l0n06_1[26]
                              8.0000         8.8630        -0.8630  (VIOLATED)
   u_NV_NVDLA_cmac/u_core/u_mac_1/u_tree_l0n06/n312
                              8.0000         8.8608        -0.8608  (VIOLATED)
   u_NV_NVDLA_cmac/u_core/u_mac_7/pp_out_l2n0_1[20]
                             16.0000        16.8607        -0.8607  (VIOLATED)
   u_NV_NVDLA_cmac/u_core/wt2_actv_data[814]
                             16.0000        16.8603        -0.8603  (VIOLATED)
   u_NV_NVDLA_cmac/u_core/u_mac_4/res_tag_2[4]
                             16.0000        16.8599        -0.8599  (VIOLATED)
   u_NV_NVDLA_cmac/u_core/u_mac_7/pp_out_l3n0_1[16]
                              8.0000         8.8582        -0.8582  (VIOLATED)
   u_NV_NVDLA_cmac/u_core/u_mac_3/cfg_is_int8_d3_0_
                             16.0000        16.8579        -0.8579  (VIOLATED)
   u_NV_NVDLA_cmac/u_core/u_active/n31758
                             16.0000        16.8570        -0.8570  (VIOLATED)
   u_NV_NVDLA_cmac/u_core/u_mac_2/pp_out_l0n01_1[19]
                             16.0000        16.8567        -0.8567  (VIOLATED)
   u_NV_NVDLA_cmac/u_core/u_mac_5/res_tag_35[4]
                             16.0000        16.8564        -0.8564  (VIOLATED)
   u_NV_NVDLA_cmac/u_core/u_mac_0/pp_out_l0n11_0[31]
                             16.0000        16.8559        -0.8559  (VIOLATED)
   u_NV_NVDLA_cmac/u_core/u_mac_0/cfg_is_wg_d0
                             16.0000        16.8554        -0.8554  (VIOLATED)
   u_NV_NVDLA_cmac/u_core/u_mac_7/pp_out_l2n4_1[25]
                             16.0000        16.8552        -0.8552  (VIOLATED)
   u_NV_NVDLA_cmac/u_core/u_mac_1/u_tree_l0n15/n232
                              8.0000         8.8546        -0.8546  (VIOLATED)
   u_NV_NVDLA_cmac/u_core/u_active/dat_pre_data[673]
                             16.0000        16.8534        -0.8534  (VIOLATED)
   u_NV_NVDLA_cmac/u_core/u_mac_0/pp_out_l0n15_0[24]
                             16.0000        16.8533        -0.8533  (VIOLATED)
   u_NV_NVDLA_cmac/u_core/u_mac_7/pp_out_l0n09_1[29]
                              8.0000         8.8514        -0.8514  (VIOLATED)
   u_NV_NVDLA_cmac/u_core/u_mac_4/u_tree_l4n3/n203
                             16.0000        16.8495        -0.8495  (VIOLATED)
   u_NV_NVDLA_cmac/u_core/u_mac_5/pp_out_l0n06_1[6]
                             16.0000        16.8495        -0.8495  (VIOLATED)
   u_NV_NVDLA_cmac/u_core/wt6_actv_data[386]
                             16.0000        16.8483        -0.8483  (VIOLATED)
   u_NV_NVDLA_cmac/u_core/u_mac_0/u_mul_31/n301
                             16.0000        16.8481        -0.8481  (VIOLATED)
   u_NV_NVDLA_cmac/u_core/u_mac_6/pp_out_l0n11_1[27]
                             16.0000        16.8458        -0.8458  (VIOLATED)
   u_NV_NVDLA_cmac/u_core/u_mac_2/pp_out_l0n05_0_d1[35]
                             16.0000        16.8455        -0.8455  (VIOLATED)
   u_NV_NVDLA_cmac/u_core/u_mac_3/u_mul_47/n310
                             16.0000        16.8454        -0.8454  (VIOLATED)
   u_NV_NVDLA_cmac/u_core/u_active/dat_pre_data[748]
                             16.0000        16.8449        -0.8449  (VIOLATED)
   u_NV_NVDLA_cmac/u_core/u_active/n7455
                             16.0000        16.8449        -0.8449  (VIOLATED)
   u_NV_NVDLA_cmac/u_core/u_mac_0/pp_out_l0n11_1[17]
                             16.0000        16.8431        -0.8431  (VIOLATED)
   u_NV_NVDLA_cmac/u_core/u_mac_0/u_tree_l3n2/n88
                              8.0000         8.8431        -0.8431  (VIOLATED)
   u_NV_NVDLA_cmac/u_core/u_mac_3/pp_out_l4n3_1[29]
                              8.0000         8.8425        -0.8425  (VIOLATED)
   u_NV_NVDLA_cmac/u_core/u_mac_7/exp_sft_06[2]
                              8.0000         8.8402        -0.8402  (VIOLATED)
   u_NV_NVDLA_cmac/u_core/u_mac_7/n8773
                             16.0000        16.8401        -0.8401  (VIOLATED)
   u_NV_NVDLA_cmac/u_core/wt3_actv_data[1023]
                             16.0000        16.8398        -0.8398  (VIOLATED)
   u_NV_NVDLA_cmac/u_core/u_mac_4/u_tree_l0n01/n282
                             16.0000        16.8390        -0.8390  (VIOLATED)
   u_NV_NVDLA_cmac/u_core/u_mac_4/pp_out_l0n03_1[8]
                              8.0000         8.8389        -0.8389  (VIOLATED)
   u_NV_NVDLA_cmac/u_core/u_mac_3/u_nan/n1518
                             32.0000        32.8388        -0.8388  (VIOLATED)
   u_NV_NVDLA_cmac/u_core/u_mac_0/pp_out_l0n11_0[29]
                             16.0000        16.8334        -0.8334  (VIOLATED)
   u_NV_NVDLA_cmac/u_core/u_mac_6/n6495
                             16.0000        16.8332        -0.8332  (VIOLATED)
   u_NV_NVDLA_cmac/u_core/u_mac_3/u_tree_l0n09/n272
                              8.0000         8.8317        -0.8317  (VIOLATED)
   u_NV_NVDLA_cmac/u_core/u_mac_6/exp_sft_44[1]
                             16.0000        16.8311        -0.8311  (VIOLATED)
   u_NV_NVDLA_cmac/u_core/u_mac_7/pp_out_l0n07_1[35]
                             16.0000        16.8304        -0.8304  (VIOLATED)
   u_NV_NVDLA_cmac/u_core/u_mac_4/u_mul_26/n307
                             16.0000        16.8299        -0.8299  (VIOLATED)
   u_NV_NVDLA_cmac/u_core/u_mac_0/pp_out_l0n11_0[19]
                             16.0000        16.8294        -0.8294  (VIOLATED)
   u_NV_NVDLA_cmac/u_core/u_active/wt3_sd_nan[58]
                             16.0000        16.8271        -0.8271  (VIOLATED)
   u_NV_NVDLA_cmac/u_core/u_mac_1/u_mul_56/n310
                             16.0000        16.8270        -0.8270  (VIOLATED)
   u_NV_NVDLA_cmac/u_core/u_mac_3/pp_out_l0n03_1[15]
                             16.0000        16.8270        -0.8270  (VIOLATED)
   u_NV_NVDLA_cmac/u_core/u_mac_1/u_mul_1/n310
                             16.0000        16.8256        -0.8256  (VIOLATED)
   u_NV_NVDLA_cmac/u_core/u_active/n31760
                             16.0000        16.8251        -0.8251  (VIOLATED)
   u_NV_NVDLA_cmac/u_core/u_mac_5/pp_out_l0n03_0[23]
                             16.0000        16.8247        -0.8247  (VIOLATED)
   u_NV_NVDLA_cmac/u_core/u_active/wt_pre_data[998]
                             16.0000        16.8232        -0.8232  (VIOLATED)
   u_NV_NVDLA_cmac/u_core/u_mac_2/u_nan/n98
                             16.0000        16.8215        -0.8215  (VIOLATED)
   u_NV_NVDLA_cmac/u_core/u_mac_6/pp_out_l0n11_0[3]
                             16.0000        16.8212        -0.8212  (VIOLATED)
   u_NV_NVDLA_cmac/u_core/u_mac_5/res_tag_38[4]
                             16.0000        16.8210        -0.8210  (VIOLATED)
   u_NV_NVDLA_cmac/u_core/u_mac_5/u_tree_l1n6/n43
                              8.0000         8.8200        -0.8200  (VIOLATED)
   u_NV_NVDLA_cmac/u_core/u_mac_6/u_nan/n1658
                             16.0000        16.8197        -0.8197  (VIOLATED)
   u_NV_NVDLA_cmac/u_core/u_mac_0/res_tag_44[6]
                             32.0000        32.8173        -0.8173  (VIOLATED)
   u_NV_NVDLA_cmac/u_core/u_mac_1/pp_out_l0n03_1[28]
                             16.0000        16.8160        -0.8160  (VIOLATED)
   u_NV_NVDLA_cmac/u_core/u_active/wt_pre_nz[28]
                             16.0000        16.8155        -0.8155  (VIOLATED)
   u_NV_NVDLA_cmac/u_core/u_mac_0/pp_out_l0n07_0[34]
                             16.0000        16.8150        -0.8150  (VIOLATED)
   u_NV_NVDLA_cmac/u_core/u_mac_7/res_tag_60[3]
                             16.0000        16.8149        -0.8149  (VIOLATED)
   u_NV_NVDLA_cmac/u_core/u_mac_6/pp_out_l2n6_0[37]
                             16.0000        16.8146        -0.8146  (VIOLATED)
   u_NV_NVDLA_cmac/u_core/u_mac_1/u_nan/n782
                             16.0000        16.8134        -0.8134  (VIOLATED)
   u_NV_NVDLA_cmac/u_core/u_mac_4/pp_out_l0n08_1[17]
                             16.0000        16.8132        -0.8132  (VIOLATED)
   u_NV_NVDLA_cmac/u_core/u_mac_3/pp_out_l0n11_1[26]
                              8.0000         8.8113        -0.8113  (VIOLATED)
   u_NV_NVDLA_cmac/u_core/u_mac_2/ps_n1b0_d2[5]
                              8.0000         8.8087        -0.8087  (VIOLATED)
   u_NV_NVDLA_cmac/u_core/u_active/wt_pre_data[669]
                             16.0000        16.8082        -0.8082  (VIOLATED)
   u_NV_NVDLA_cmac/u_core/u_active/n14250
                              8.0000         8.8074        -0.8074  (VIOLATED)
   u_NV_NVDLA_cmac/u_core/u_mac_4/pp_out_l0n08_0[14]
                             16.0000        16.8071        -0.8071  (VIOLATED)
   u_NV_NVDLA_cmac/u_core/u_mac_0/pp_out_l2n1_0[40]
                              8.0000         8.8065        -0.8065  (VIOLATED)
   u_NV_NVDLA_cmac/u_core/u_active/n7468
                             16.0000        16.8047        -0.8047  (VIOLATED)
   u_NV_NVDLA_cmac/u_core/u_mac_6/pp_out_l0n11_0[4]
                             16.0000        16.8045        -0.8045  (VIOLATED)
   u_NV_NVDLA_cmac/u_core/u_mac_1/pp_out_l0n03_1[23]
                             16.0000        16.8045        -0.8045  (VIOLATED)
   u_NV_NVDLA_cmac/u_core/u_mac_3/n6378
                             16.0000        16.8039        -0.8039  (VIOLATED)
   u_NV_NVDLA_cmac/u_core/u_mac_1/pp_out_l2n1_1[26]
                             16.0000        16.8038        -0.8038  (VIOLATED)
   u_NV_NVDLA_cmac/u_core/u_mac_7/u_tree_l0n09/n242
                              8.0000         8.8033        -0.8033  (VIOLATED)
   u_NV_NVDLA_cmac/u_core/u_mac_5/u_nan/n391
                              8.0000         8.8031        -0.8031  (VIOLATED)
   u_NV_NVDLA_cmac/u_core/u_active/n7450
                             16.0000        16.8028        -0.8028  (VIOLATED)
   u_NV_NVDLA_cmac/u_core/u_mac_0/pp_out_l0n11_1[5]
                             16.0000        16.8008        -0.8008  (VIOLATED)
   u_NV_NVDLA_cmac/u_core/u_mac_1/pp_out_l2n1_0[21]
                             16.0000        16.8003        -0.8003  (VIOLATED)
   u_NV_NVDLA_cmac/u_core/u_mac_7/pp_out_l0n14_1[29]
                             16.0000        16.7990        -0.7990  (VIOLATED)
   u_NV_NVDLA_cmac/u_core/u_active/n31744
                             16.0000        16.7987        -0.7987  (VIOLATED)
   u_NV_NVDLA_cmac/u_core/u_mac_3/res_tag_1[2]
                             16.0000        16.7974        -0.7974  (VIOLATED)
   u_NV_NVDLA_cmac/u_core/u_mac_6/pp_out_l0n11_1[29]
                             16.0000        16.7971        -0.7971  (VIOLATED)
   u_NV_NVDLA_cmac/u_core/u_mac_0/u_mul_57/n227
                             32.0000        32.7967        -0.7967  (VIOLATED)
   u_NV_NVDLA_cmac/u_core/u_active/dat_pre_data[1014]
                             16.0000        16.7962        -0.7962  (VIOLATED)
   u_NV_NVDLA_cmac/u_core/u_mac_0/u_nan/n782
                             16.0000        16.7957        -0.7957  (VIOLATED)
   u_NV_NVDLA_cmac/u_core/u_mac_5/u_mul_18/n199
                              8.0000         8.7938        -0.7938  (VIOLATED)
   u_NV_NVDLA_cmac/u_core/u_mac_0/pp_out_l4n3_1[34]
                              8.0000         8.7925        -0.7925  (VIOLATED)
   u_NV_NVDLA_cmac/u_core/u_active/n7454
                             16.0000        16.7910        -0.7910  (VIOLATED)
   u_NV_NVDLA_cmac/u_core/u_mac_2/exp_sft_23[3]
                              8.0000         8.7905        -0.7905  (VIOLATED)
   u_NV_NVDLA_cmac/u_core/u_active/n7473
                             16.0000        16.7899        -0.7899  (VIOLATED)
   u_NV_NVDLA_cmac/u_core/u_active/n6025
                             16.0000        16.7883        -0.7883  (VIOLATED)
   u_NV_NVDLA_cmac/u_core/u_mac_1/u_tree_l0n06/n12
                              8.0000         8.7883        -0.7883  (VIOLATED)
   u_NV_NVDLA_cmac/u_core/u_mac_4/n6452
                             16.0000        16.7882        -0.7882  (VIOLATED)
   u_NV_NVDLA_cmac/u_core/u_mac_5/n6521
                             16.0000        16.7880        -0.7880  (VIOLATED)
   u_NV_NVDLA_cmac/u_core/u_mac_3/pp_out_l0n00_1[33]
                             82.0000        82.7861        -0.7861  (VIOLATED)
   u_NV_NVDLA_cmac/u_core/u_active/n18812
                             16.0000        16.7856        -0.7856  (VIOLATED)
   u_NV_NVDLA_cmac/u_core/u_mac_5/u_tree_l4n2/n245
                              8.0000         8.7851        -0.7851  (VIOLATED)
   u_NV_NVDLA_cmac/u_core/u_mac_1/u_nan/n2306
                             16.0000        16.7837        -0.7837  (VIOLATED)
   u_NV_NVDLA_cmac/u_core/u_mac_3/n6449
                             16.0000        16.7835        -0.7835  (VIOLATED)
   u_NV_NVDLA_cmac/u_core/u_mac_3/u_tree_l1n4/n54
                             16.0000        16.7833        -0.7833  (VIOLATED)
   u_NV_NVDLA_cmac/u_core/u_mac_5/n6197
                             16.0000        16.7830        -0.7830  (VIOLATED)
   u_NV_NVDLA_cmac/u_core/u_mac_6/pp_out_l0n05_1[33]
                              8.0000         8.7828        -0.7828  (VIOLATED)
   u_NV_NVDLA_cmac/u_core/u_mac_6/res_tag_20[3]
                             16.0000        16.7824        -0.7824  (VIOLATED)
   u_NV_NVDLA_cmac/u_core/u_active/n7476
                             16.0000        16.7795        -0.7795  (VIOLATED)
   u_NV_NVDLA_cmac/u_core/u_active/n14292
                              8.0000         8.7792        -0.7792  (VIOLATED)
   u_NV_NVDLA_cmac/u_core/u_mac_7/pp_out_l0n06_0[35]
                              8.0000         8.7789        -0.7789  (VIOLATED)
   u_NV_NVDLA_cmac/u_core/u_active/wt_pre_exp[1]
                             16.0000        16.7778        -0.7778  (VIOLATED)
   u_NV_NVDLA_cmac/u_core/u_mac_1/pp_out_l0n14_1[16]
                             16.0000        16.7775        -0.7775  (VIOLATED)
   u_NV_NVDLA_cmac/u_core/wt3_actv_data[137]
                             16.0000        16.7770        -0.7770  (VIOLATED)
   u_NV_NVDLA_cmac/u_core/u_mac_3/u_tree_l1n0/n39
                              8.0000         8.7767        -0.7767  (VIOLATED)
   u_NV_NVDLA_cmac/u_core/u_active/dat_pre_data[801]
                             16.0000        16.7755        -0.7755  (VIOLATED)
   u_NV_NVDLA_cmac/u_core/u_active/n27382
                             16.0000        16.7747        -0.7747  (VIOLATED)
   u_NV_NVDLA_cmac/u_core/u_mac_3/n9671
                              8.0000         8.7737        -0.7737  (VIOLATED)
   u_NV_NVDLA_cmac/u_core/u_mac_7/u_tree_l4n0/n213
                              8.0000         8.7703        -0.7703  (VIOLATED)
   u_NV_NVDLA_cmac/u_core/u_mac_3/pp_out_l0n05_1[4]
                             16.0000        16.7696        -0.7696  (VIOLATED)
   u_NV_NVDLA_cmac/u_core/u_mac_7/u_nan/n2266
                              8.0000         8.7663        -0.7663  (VIOLATED)
   u_NV_NVDLA_cmac/u_core/u_active/n7495
                             16.0000        16.7648        -0.7648  (VIOLATED)
   u_NV_NVDLA_cmac/u_core/u_active/wt0_sd_nan[10]
                             16.0000        16.7638        -0.7638  (VIOLATED)
   u_NV_NVDLA_cmac/u_core/u_active/wt_pre_exp[8]
                             16.0000        16.7629        -0.7629  (VIOLATED)
   u_NV_NVDLA_cmac/u_core/u_active/n7461
                             16.0000        16.7625        -0.7625  (VIOLATED)
   u_NV_NVDLA_cmac/u_core/wt3_actv_data[864]
                             16.0000        16.7624        -0.7624  (VIOLATED)
   u_NV_NVDLA_cmac/u_core/u_mac_0/u_nan/n2058
                             16.0000        16.7622        -0.7622  (VIOLATED)
   u_NV_NVDLA_cmac/u_core/u_mac_1/pp_out_l0n03_0[12]
                             16.0000        16.7619        -0.7619  (VIOLATED)
   u_NV_NVDLA_cmac/u_core/u_mac_3/pp_out_l0n05_1[32]
                             16.0000        16.7619        -0.7619  (VIOLATED)
   u_NV_NVDLA_cmac/u_core/u_mac_4/u_nan/n1357
                             16.0000        16.7603        -0.7603  (VIOLATED)
   u_NV_NVDLA_cmac/u_core/wt6_actv_data[110]
                             16.0000        16.7603        -0.7603  (VIOLATED)
   u_NV_NVDLA_cmac/u_core/u_mac_3/pp_out_l0n04_1[14]
                             16.0000        16.7590        -0.7590  (VIOLATED)
   u_NV_NVDLA_cmac/u_core/u_mac_0/u_nan/n1142
                             16.0000        16.7579        -0.7579  (VIOLATED)
   u_NV_NVDLA_cmac/u_core/u_mac_7/u_mul_48/n306
                             16.0000        16.7570        -0.7570  (VIOLATED)
   u_NV_NVDLA_cmac/u_core/u_mac_6/n6503
                             16.0000        16.7570        -0.7570  (VIOLATED)
   u_NV_NVDLA_cmac/u_core/u_mac_3/u_tree_l0n15/n42
                              8.0000         8.7561        -0.7561  (VIOLATED)
   u_NV_NVDLA_cmac/u_core/u_mac_7/pp_out_l0n00_1[34]
                             16.0000        16.7559        -0.7559  (VIOLATED)
   u_NV_NVDLA_cmac/u_core/u_active/dat_pre_data[655]
                             16.0000        16.7556        -0.7556  (VIOLATED)
   u_NV_NVDLA_cmac/u_core/u_active/n6007
                             16.0000        16.7530        -0.7530  (VIOLATED)
   u_NV_NVDLA_cmac/u_core/u_mac_2/u_mul_20/n227
                             32.0000        32.7521        -0.7521  (VIOLATED)
   u_NV_NVDLA_cmac/u_core/u_mac_6/u_nan/n756
                             16.0000        16.7511        -0.7511  (VIOLATED)
   u_NV_NVDLA_cmac/u_core/u_mac_6/pp_out_l2n5_0[33]
                             16.0000        16.7510        -0.7510  (VIOLATED)
   u_NV_NVDLA_cmac/u_core/u_mac_3/exp_sft_05[3]
                              8.0000         8.7489        -0.7489  (VIOLATED)
   u_NV_NVDLA_cmac/u_core/u_active/n7448
                             16.0000        16.7488        -0.7488  (VIOLATED)
   u_NV_NVDLA_cmac/u_core/u_mac_3/u_nan/n2137
                             16.0000        16.7473        -0.7473  (VIOLATED)
   u_NV_NVDLA_cmac/u_core/u_active/n4873
                             16.0000        16.7473        -0.7473  (VIOLATED)
   u_NV_NVDLA_cmac/u_core/u_active/wt_pre_mask[54]
                             16.0000        16.7470        -0.7470  (VIOLATED)
   u_NV_NVDLA_cmac/u_core/u_mac_0/pp_out_l0n11_1[4]
                             16.0000        16.7464        -0.7464  (VIOLATED)
   u_NV_NVDLA_cmac/u_core/u_mac_2/pp_out_l0n01_0[28]
                             16.0000        16.7462        -0.7462  (VIOLATED)
   u_NV_NVDLA_cmac/u_core/u_mac_3/pp_out_l0n11_1[23]
                              8.0000         8.7461        -0.7461  (VIOLATED)
   u_NV_NVDLA_cmac/u_core/u_mac_2/pp_out_l0n01_0[29]
                             16.0000        16.7458        -0.7458  (VIOLATED)
   u_NV_NVDLA_cmac/u_core/u_mac_1/u_tree_l0n15/n202
                              8.0000         8.7455        -0.7455  (VIOLATED)
   u_NV_NVDLA_cmac/u_core/u_active/n7544
                              8.0000         8.7443        -0.7443  (VIOLATED)
   u_NV_NVDLA_cmac/u_core/wt6_actv_data[775]
                             16.0000        16.7435        -0.7435  (VIOLATED)
   u_NV_NVDLA_cmac/u_core/u_mac_1/pp_out_l0n03_0[9]
                             16.0000        16.7431        -0.7431  (VIOLATED)
   u_NV_NVDLA_cmac/u_core/u_mac_6/pp_out_l0n04_1[8]
                             16.0000        16.7429        -0.7429  (VIOLATED)
   u_NV_NVDLA_cmac/u_core/u_mac_2/res_tag_1[7]
                             32.0000        32.7425        -0.7425  (VIOLATED)
   u_NV_NVDLA_cmac/u_core/u_mac_3/pp_out_l0n04_1[11]
                             16.0000        16.7424        -0.7424  (VIOLATED)
   u_NV_NVDLA_cmac/u_core/u_active/n27330
                             16.0000        16.7423        -0.7423  (VIOLATED)
   u_NV_NVDLA_cmac/u_core/u_mac_2/pp_out_l0n03_0[15]
                             16.0000        16.7416        -0.7416  (VIOLATED)
   u_NV_NVDLA_cmac/u_core/u_mac_1/u_mul_12/n307
                             16.0000        16.7415        -0.7415  (VIOLATED)
   u_NV_NVDLA_cmac/u_core/u_mac_3/pp_out_l0n04_0[6]
                             16.0000        16.7390        -0.7390  (VIOLATED)
   u_NV_NVDLA_cmac/u_core/u_active/n7471
                             16.0000        16.7389        -0.7389  (VIOLATED)
   u_NV_NVDLA_cmac/u_core/u_mac_3/u_tree_l0n14/n212
                              8.0000         8.7387        -0.7387  (VIOLATED)
   u_NV_NVDLA_cmac/u_core/u_mac_3/n1750
                             16.0000        16.7379        -0.7379  (VIOLATED)
   u_NV_NVDLA_cmac/u_core/u_mac_7/pp_out_l2n0_0[20]
                             16.0000        16.7379        -0.7379  (VIOLATED)
   u_NV_NVDLA_cmac/u_core/u_mac_3/pp_out_l0n00_0[4]
                             82.0000        82.7372        -0.7372  (VIOLATED)
   u_NV_NVDLA_cmac/u_core/u_active/n27334
                             16.0000        16.7367        -0.7367  (VIOLATED)
   u_NV_NVDLA_cmac/u_core/u_mac_6/pp_out_l0n05_1[26]
                              8.0000         8.7366        -0.7366  (VIOLATED)
   u_NV_NVDLA_cmac/u_core/wt0_actv_data[195]
                             16.0000        16.7366        -0.7366  (VIOLATED)
   u_NV_NVDLA_cmac/u_core/u_mac_3/pp_out_l0n13_1[7]
                             16.0000        16.7355        -0.7355  (VIOLATED)
   u_NV_NVDLA_cmac/u_core/wt3_actv_data[783]
                             16.0000        16.7345        -0.7345  (VIOLATED)
   u_NV_NVDLA_cmac/u_core/u_mac_4/pp_out_l0n08_1[18]
                             16.0000        16.7341        -0.7341  (VIOLATED)
   u_NV_NVDLA_cmac/u_core/u_mac_1/u_tree_l0n06/n252
                              8.0000         8.7333        -0.7333  (VIOLATED)
   u_NV_NVDLA_cmac/u_core/u_mac_1/pp_out_l2n1_0[22]
                             16.0000        16.7318        -0.7318  (VIOLATED)
   u_NV_NVDLA_cmac/u_core/u_mac_4/res_tag_39[2]
                             82.0000        82.7315        -0.7315  (VIOLATED)
   u_NV_NVDLA_cmac/u_core/u_mac_1/pp_out_l2n1_0[24]
                             16.0000        16.7314        -0.7314  (VIOLATED)
   u_NV_NVDLA_cmac/u_core/u_mac_7/pp_out_l2n0_1[19]
                             16.0000        16.7302        -0.7302  (VIOLATED)
   u_NV_NVDLA_cmac/u_core/u_mac_7/u_tree_l2n6/n1
                              8.0000         8.7295        -0.7295  (VIOLATED)
   u_NV_NVDLA_cmac/u_core/u_mac_3/n6497
                             16.0000        16.7276        -0.7276  (VIOLATED)
   u_NV_NVDLA_cmac/u_core/u_mac_7/pp_out_l0n15_0_d1[35]
                             16.0000        16.7256        -0.7256  (VIOLATED)
   u_NV_NVDLA_cmac/u_core/u_mac_7/pp_out_l0n15_1[11]
                             16.0000        16.7251        -0.7251  (VIOLATED)
   u_NV_NVDLA_cmac/u_core/u_mac_5/pp_out_l0n04_1[22]
                             16.0000        16.7250        -0.7250  (VIOLATED)
   u_NV_NVDLA_cmac/u_core/u_mac_6/pp_out_l0n04_1[35]
                             16.0000        16.7225        -0.7225  (VIOLATED)
   u_NV_NVDLA_cmac/u_core/u_mac_2/pp_out_l0n09_0[31]
                             16.0000        16.7222        -0.7222  (VIOLATED)
   u_NV_NVDLA_cmac/u_core/u_mac_2/exp_sft_33[1]
                             16.0000        16.7220        -0.7220  (VIOLATED)
   u_NV_NVDLA_cmac/u_core/u_active/n18110
                             16.0000        16.7191        -0.7191  (VIOLATED)
   u_NV_NVDLA_cmac/u_core/u_active/wt_pre_mask[1]
                             16.0000        16.7175        -0.7175  (VIOLATED)
   u_NV_NVDLA_cmac/u_core/u_mac_4/u_tree_l0n10/n189
                              8.0000         8.7170        -0.7170  (VIOLATED)
   u_NV_NVDLA_cmac/u_core/u_mac_6/pp_in_l0_b_00[19]
                             16.0000        16.7169        -0.7169  (VIOLATED)
   u_NV_NVDLA_cmac/u_core/u_mac_6/pp_out_l0n11_1[4]
                             16.0000        16.7161        -0.7161  (VIOLATED)
   u_NV_NVDLA_cmac/u_core/u_mac_3/pp_out_l0n11_1[22]
                              8.0000         8.7155        -0.7155  (VIOLATED)
   u_NV_NVDLA_cmac/u_core/u_mac_4/n9901
                              8.0000         8.7151        -0.7151  (VIOLATED)
   u_NV_NVDLA_cmac/u_core/u_mac_7/pp_out_l2n4_1[23]
                             16.0000        16.7151        -0.7151  (VIOLATED)
   u_NV_NVDLA_cmac/u_core/u_mac_4/exp_sft_00[1]
                             16.0000        16.7148        -0.7148  (VIOLATED)
   u_NV_NVDLA_cmac/u_core/u_mac_0/res_tag_10[7]
                             32.0000        32.7147        -0.7147  (VIOLATED)
   u_NV_NVDLA_cmac/u_core/u_mac_3/pp_out_l0n04_1[15]
                             16.0000        16.7138        -0.7138  (VIOLATED)
   u_NV_NVDLA_cmac/u_core/u_mac_6/pp_out_l2n1_0[27]
                             16.0000        16.7137        -0.7137  (VIOLATED)
   u_NV_NVDLA_cmac/u_core/u_mac_3/pp_out_l0n13_1[8]
                             16.0000        16.7125        -0.7125  (VIOLATED)
   u_NV_NVDLA_cmac/u_core/u_mac_1/pp_out_l2n5_0[18]
                             16.0000        16.7118        -0.7118  (VIOLATED)
   u_NV_NVDLA_cmac/u_core/u_mac_1/pp_out_l0n03_0[15]
                             16.0000        16.7112        -0.7112  (VIOLATED)
   u_NV_NVDLA_cmac/u_core/u_active/dat_pre_data[949]
                             16.0000        16.7106        -0.7106  (VIOLATED)
   u_NV_NVDLA_cmac/u_core/u_mac_1/n8978
                              8.0000         8.7100        -0.7100  (VIOLATED)
   u_NV_NVDLA_cmac/u_core/u_mac_6/pp_out_l0n11_1[19]
                             16.0000        16.7098        -0.7098  (VIOLATED)
   u_NV_NVDLA_cmac/u_core/u_mac_6/pp_out_l2n1_0[6]
                             16.0000        16.7087        -0.7087  (VIOLATED)
   u_NV_NVDLA_cmac/u_core/u_mac_7/u_tree_l0n09/n282
                              8.0000         8.7074        -0.7074  (VIOLATED)
   u_NV_NVDLA_cmac/u_core/u_active/wt0_sd_nan[8]
                             16.0000        16.7065        -0.7065  (VIOLATED)
   u_NV_NVDLA_cmac/u_core/u_mac_1/pp_out_l0n03_1[26]
                             16.0000        16.7063        -0.7063  (VIOLATED)
   u_NV_NVDLA_cmac/u_core/u_mac_3/u_nan/n1152
                              8.0000         8.7063        -0.7063  (VIOLATED)
   u_NV_NVDLA_cmac/u_core/u_active/n7360
                             16.0000        16.7048        -0.7048  (VIOLATED)
   u_NV_NVDLA_cmac/u_core/u_mac_7/pp_nan_pvld_d1_0_
                             16.0000        16.7039        -0.7039  (VIOLATED)
   u_NV_NVDLA_cmac/u_core/u_mac_3/pp_out_l0n13_1[5]
                             16.0000        16.7030        -0.7030  (VIOLATED)
   u_NV_NVDLA_cmac/u_core/u_mac_7/pp_out_l2n0_0[39]
                             16.0000        16.7027        -0.7027  (VIOLATED)
   u_NV_NVDLA_cmac/u_core/u_mac_5/pp_out_l0n03_0[9]
                             16.0000        16.7027        -0.7027  (VIOLATED)
   u_NV_NVDLA_cmac/u_core/u_mac_1/pp_out_l2n5_1[36]
                             16.0000        16.7012        -0.7012  (VIOLATED)
   u_NV_NVDLA_cmac/u_core/u_mac_7/pp_out_l0n07_1[22]
                             16.0000        16.6984        -0.6984  (VIOLATED)
   u_NV_NVDLA_cmac/u_core/u_mac_6/pp_out_l0n11_1[28]
                             16.0000        16.6971        -0.6971  (VIOLATED)
   u_NV_NVDLA_cmac/u_core/u_active/n31764
                             16.0000        16.6966        -0.6966  (VIOLATED)
   u_NV_NVDLA_cmac/u_core/u_mac_7/n8655
                              8.0000         8.6959        -0.6959  (VIOLATED)
   u_NV_NVDLA_cmac/u_core/u_mac_5/u_mul_7/n313
                             16.0000        16.6955        -0.6955  (VIOLATED)
   u_NV_NVDLA_cmac/u_core/out_data6[119]
                             16.0000        16.6942        -0.6942  (VIOLATED)
   u_NV_NVDLA_cmac/u_core/u_mac_0/u_nan/n1506
                             16.0000        16.6923        -0.6923  (VIOLATED)
   u_NV_NVDLA_cmac/u_core/u_mac_3/pp_out_l0n00_0[33]
                             82.0000        82.6909        -0.6909  (VIOLATED)
   u_NV_NVDLA_cmac/u_core/u_mac_2/pp_out_l0n09_1[30]
                             16.0000        16.6871        -0.6871  (VIOLATED)
   u_NV_NVDLA_cmac/u_core/u_mac_4/n6408
                             16.0000        16.6866        -0.6866  (VIOLATED)
   u_NV_NVDLA_cmac/u_core/u_active/wt_pre_data[302]
                             16.0000        16.6856        -0.6856  (VIOLATED)
   u_NV_NVDLA_cmac/u_core/u_mac_7/u_nan/n1504
                             16.0000        16.6855        -0.6855  (VIOLATED)
   u_NV_NVDLA_cmac/u_core/u_mac_7/u_mul_42/n316
                             16.0000        16.6849        -0.6849  (VIOLATED)
   u_NV_NVDLA_cmac/u_core/u_active/n27376
                             16.0000        16.6845        -0.6845  (VIOLATED)
   u_NV_NVDLA_cmac/u_core/wt6_actv_data[779]
                             16.0000        16.6844        -0.6844  (VIOLATED)
   u_NV_NVDLA_cmac/u_core/u_mac_4/u_tree_l0n13/n12
                              8.0000         8.6839        -0.6839  (VIOLATED)
   u_NV_NVDLA_cmac/u_core/u_mac_2/pp_out_l0n03_1[13]
                             16.0000        16.6829        -0.6829  (VIOLATED)
   u_NV_NVDLA_cmac/u_core/u_mac_3/u_mul_16/n227
                             32.0000        32.6816        -0.6816  (VIOLATED)
   u_NV_NVDLA_cmac/u_core/u_mac_2/u_nan/n85
                              8.0000         8.6814        -0.6814  (VIOLATED)
   u_NV_NVDLA_cmac/u_core/u_mac_0/u_nan/n2239
                              8.0000         8.6802        -0.6802  (VIOLATED)
   u_NV_NVDLA_cmac/u_core/u_mac_3/u_tree_l0n12/n312
                              8.0000         8.6799        -0.6799  (VIOLATED)
   u_NV_NVDLA_cmac/u_core/u_mac_7/pp_out_l2n4_0[38]
                             16.0000        16.6794        -0.6794  (VIOLATED)
   u_NV_NVDLA_cmac/u_core/u_mac_3/exp_sft_23[3]
                             16.0000        16.6789        -0.6789  (VIOLATED)
   u_NV_NVDLA_cmac/u_core/u_mac_3/u_tree_l4n2/n68
                             16.0000        16.6786        -0.6786  (VIOLATED)
   u_NV_NVDLA_cmac/u_core/u_mac_5/pp_out_l0n03_0[2]
                             16.0000        16.6784        -0.6784  (VIOLATED)
   u_NV_NVDLA_cmac/u_core/u_active/n31662
                             16.0000        16.6783        -0.6783  (VIOLATED)
   u_NV_NVDLA_cmac/u_core/u_active/dat_pre_data[807]
                             16.0000        16.6776        -0.6776  (VIOLATED)
   u_NV_NVDLA_cmac/u_core/u_active/dat_pre_data[756]
                             16.0000        16.6775        -0.6775  (VIOLATED)
   u_NV_NVDLA_cmac/u_core/u_active/n13916
                             32.0000        32.6764        -0.6764  (VIOLATED)
   u_NV_NVDLA_cmac/u_core/wt0_actv_data[997]
                             16.0000        16.6764        -0.6764  (VIOLATED)
   u_NV_NVDLA_cmac/u_core/u_mac_3/u_nan/n2136
                             16.0000        16.6747        -0.6747  (VIOLATED)
   u_NV_NVDLA_cmac/u_core/wt6_actv_data[98]
                             16.0000        16.6736        -0.6736  (VIOLATED)
   u_NV_NVDLA_cmac/u_core/u_mac_6/pp_out_l0n11_1[6]
                             16.0000        16.6723        -0.6723  (VIOLATED)
   u_NV_NVDLA_cmac/u_core/u_mac_4/u_tree_l0n01/n298
                             16.0000        16.6706        -0.6706  (VIOLATED)
   u_NV_NVDLA_cmac/u_core/u_mac_4/u_tree_l0n03/n192
                              8.0000         8.6705        -0.6705  (VIOLATED)
   u_NV_NVDLA_cmac/u_core/u_mac_3/pp_out_l1n0_1[3]
                             16.0000        16.6704        -0.6704  (VIOLATED)
   u_NV_NVDLA_cmac/u_core/u_mac_1/u_nan/n962
                             16.0000        16.6695        -0.6695  (VIOLATED)
   u_NV_NVDLA_cmac/u_core/u_mac_7/pp_out_l2n0_1[17]
                             16.0000        16.6691        -0.6691  (VIOLATED)
   u_NV_NVDLA_cmac/u_core/wt3_actv_data[432]
                             16.0000        16.6686        -0.6686  (VIOLATED)
   u_NV_NVDLA_cmac/u_core/u_mac_6/pp_out_l4n3_1[31]
                              8.0000         8.6677        -0.6677  (VIOLATED)
   u_NV_NVDLA_cmac/u_core/u_mac_6/u_tree_l0n14/n192
                              8.0000         8.6666        -0.6666  (VIOLATED)
   u_NV_NVDLA_cmac/u_core/u_mac_3/pp_out_l0n05_1[35]
                             16.0000        16.6651        -0.6651  (VIOLATED)
   u_NV_NVDLA_cmac/u_core/u_mac_6/sop_0[2]
                              8.0000         8.6610        -0.6610  (VIOLATED)
   u_NV_NVDLA_cmac/u_core/u_active/n14088
                             32.0000        32.6609        -0.6609  (VIOLATED)
   u_NV_NVDLA_cmac/u_core/u_mac_3/u_tree_l0n14/n222
                              8.0000         8.6604        -0.6604  (VIOLATED)
   u_NV_NVDLA_cmac/u_core/u_mac_3/u_tree_l0n15/n102
                              8.0000         8.6604        -0.6604  (VIOLATED)
   u_NV_NVDLA_cmac/u_core/u_mac_5/pp_out_l0n04_1[10]
                             16.0000        16.6604        -0.6604  (VIOLATED)
   u_NV_NVDLA_cmac/u_core/u_mac_6/pp_out_l0n11_1[13]
                             16.0000        16.6587        -0.6587  (VIOLATED)
   u_NV_NVDLA_cmac/u_core/u_mac_7/u_mul_43/n313
                             16.0000        16.6568        -0.6568  (VIOLATED)
   u_NV_NVDLA_cmac/u_core/u_mac_4/n8987
                              8.0000         8.6567        -0.6567  (VIOLATED)
   u_NV_NVDLA_cmac/u_core/u_mac_7/pp_out_l0n14_1[30]
                             16.0000        16.6563        -0.6563  (VIOLATED)
   u_NV_NVDLA_cmac/u_core/u_mac_1/res_tag_25[6]
                             32.0000        32.6549        -0.6549  (VIOLATED)
   u_NV_NVDLA_cmac/u_core/u_mac_2/pp_out_l0n03_1[6]
                             16.0000        16.6545        -0.6545  (VIOLATED)
   u_NV_NVDLA_cmac/u_core/u_mac_4/u_mul_7/n227
                             32.0000        32.6537        -0.6537  (VIOLATED)
   u_NV_NVDLA_cmac/u_core/u_mac_3/pp_out_l0n03_1[25]
                             16.0000        16.6532        -0.6532  (VIOLATED)
   u_NV_NVDLA_cmac/u_core/u_mac_3/n9635
                              8.0000         8.6525        -0.6525  (VIOLATED)
   u_NV_NVDLA_cmac/u_core/u_mac_5/n9905
                              8.0000         8.6509        -0.6509  (VIOLATED)
   u_NV_NVDLA_cmac/u_core/u_mac_5/u_nan/n841
                             16.0000        16.6503        -0.6503  (VIOLATED)
   u_NV_NVDLA_cmac/u_core/u_active/dat_pre_data[838]
                             16.0000        16.6501        -0.6501  (VIOLATED)
   u_NV_NVDLA_cmac/u_core/u_mac_1/pp_out_l2n1_1[29]
                             16.0000        16.6494        -0.6494  (VIOLATED)
   u_NV_NVDLA_cmac/u_core/out_data3[79]
                              8.0000         8.6494        -0.6494  (VIOLATED)
   u_NV_NVDLA_cmac/u_core/u_mac_7/u_tree_l0n15/n12
                              8.0000         8.6483        -0.6483  (VIOLATED)
   u_NV_NVDLA_cmac/u_core/wt0_actv_data[845]
                             16.0000        16.6479        -0.6479  (VIOLATED)
   u_NV_NVDLA_cmac/u_core/u_mac_5/pp_out_l4n3_1[35]
                              8.0000         8.6479        -0.6479  (VIOLATED)
   u_NV_NVDLA_cmac/u_core/u_mac_1/pp_out_l2n1_1[24]
                             16.0000        16.6474        -0.6474  (VIOLATED)
   u_NV_NVDLA_cmac/u_core/u_mac_4/u_nan/n1838
                             16.0000        16.6470        -0.6470  (VIOLATED)
   u_NV_NVDLA_cmac/u_core/u_active/n4324
                              8.0000         8.6466        -0.6466  (VIOLATED)
   u_NV_NVDLA_cmac/u_core/u_active/n31762
                             16.0000        16.6458        -0.6458  (VIOLATED)
   u_NV_NVDLA_cmac/u_core/u_mac_3/u_tree_l0n15/n112
                              8.0000         8.6457        -0.6457  (VIOLATED)
   u_NV_NVDLA_cmac/u_core/u_mac_5/pp_out_l1n0_1[39]
                              8.0000         8.6456        -0.6456  (VIOLATED)
   u_NV_NVDLA_cmac/u_core/u_mac_6/exp_sft_33[3]
                             16.0000        16.6450        -0.6450  (VIOLATED)
   u_NV_NVDLA_cmac/u_core/u_mac_6/u_mul_47/n309
                             16.0000        16.6439        -0.6439  (VIOLATED)
   u_NV_NVDLA_cmac/u_core/u_active/dat_pre_data[725]
                             16.0000        16.6432        -0.6432  (VIOLATED)
   u_NV_NVDLA_cmac/u_core/u_mac_7/pp_out_l2n0_1[16]
                             16.0000        16.6431        -0.6431  (VIOLATED)
   u_NV_NVDLA_cmac/u_core/u_mac_2/u_mul_54/n199
                              8.0000         8.6426        -0.6426  (VIOLATED)
   u_NV_NVDLA_cmac/u_core/u_mac_7/u_mul_40/n337
                             16.0000        16.6398        -0.6398  (VIOLATED)
   u_NV_NVDLA_cmac/u_core/u_mac_7/res_a_55[12]
                             16.0000        16.6388        -0.6388  (VIOLATED)
   u_NV_NVDLA_cmac/u_core/u_mac_7/u_mul_24/n199
                              8.0000         8.6384        -0.6384  (VIOLATED)
   u_NV_NVDLA_cmac/u_core/wt5_actv_data[690]
                             16.0000        16.6382        -0.6382  (VIOLATED)
   u_NV_NVDLA_cmac/u_core/u_active/n14132
                             32.0000        32.6381        -0.6381  (VIOLATED)
   u_NV_NVDLA_cmac/u_core/u_mac_6/pp_out_l2n6_1[39]
                             16.0000        16.6378        -0.6378  (VIOLATED)
   u_NV_NVDLA_cmac/u_core/u_mac_7/exp_sft_00[3]
                             16.0000        16.6374        -0.6374  (VIOLATED)
   u_NV_NVDLA_cmac/u_core/u_mac_6/pp_out_l4n3_1[32]
                              8.0000         8.6367        -0.6367  (VIOLATED)
   u_NV_NVDLA_cmac/u_core/u_mac_1/pp_out_l2n1_0[37]
                             16.0000        16.6364        -0.6364  (VIOLATED)
   u_NV_NVDLA_cmac/u_core/u_mac_1/u_mul_13/n308
                             16.0000        16.6358        -0.6358  (VIOLATED)
   u_NV_NVDLA_cmac/u_core/u_mac_0/pp_out_l0n01_1[3]
                             16.0000        16.6352        -0.6352  (VIOLATED)
   u_NV_NVDLA_cmac/u_core/u_mac_3/n6496
                             16.0000        16.6336        -0.6336  (VIOLATED)
   u_NV_NVDLA_cmac/u_core/u_mac_6/pp_out_l0n05_1[30]
                              8.0000         8.6336        -0.6336  (VIOLATED)
   u_NV_NVDLA_cmac/u_core/u_mac_3/u_tree_l0n15/n192
                              8.0000         8.6308        -0.6308  (VIOLATED)
   u_NV_NVDLA_cmac/u_core/wt6_actv_data[799]
                             16.0000        16.6283        -0.6283  (VIOLATED)
   u_NV_NVDLA_cmac/u_core/u_mac_6/pp_out_l2n1_0[25]
                             16.0000        16.6276        -0.6276  (VIOLATED)
   u_NV_NVDLA_cmac/u_core/u_mac_4/pp_out_l0n03_1[7]
                              8.0000         8.6274        -0.6274  (VIOLATED)
   u_NV_NVDLA_cmac/u_core/u_mac_3/pp_out_l0n15_0[32]
                             16.0000        16.6272        -0.6272  (VIOLATED)
   u_NV_NVDLA_cmac/u_core/wt6_actv_data[623]
                             16.0000        16.6271        -0.6271  (VIOLATED)
   u_NV_NVDLA_cmac/u_core/u_mac_3/u_nan/n1335
                              8.0000         8.6267        -0.6267  (VIOLATED)
   u_NV_NVDLA_cmac/u_core/u_active/wt_pre_exp[161]
                             16.0000        16.6253        -0.6253  (VIOLATED)
   u_NV_NVDLA_cmac/u_core/u_mac_7/pp_out_l0n00_1[22]
                              8.0000         8.6247        -0.6247  (VIOLATED)
   u_NV_NVDLA_cmac/u_core/u_mac_3/u_tree_l0n15/n82
                              8.0000         8.6235        -0.6235  (VIOLATED)
   u_NV_NVDLA_cmac/u_core/u_mac_3/pp_out_l0n04_0[1]
                             16.0000        16.6193        -0.6193  (VIOLATED)
   u_NV_NVDLA_cmac/u_core/u_mac_3/pp_out_l0n00_0[5]
                             82.0000        82.6192        -0.6192  (VIOLATED)
   u_NV_NVDLA_cmac/u_core/u_mac_6/pp_out_l0n11_0[33]
                             16.0000        16.6159        -0.6159  (VIOLATED)
   u_NV_NVDLA_cmac/u_core/u_mac_3/n9899
                              8.0000         8.6132        -0.6132  (VIOLATED)
   u_NV_NVDLA_cmac/u_core/u_mac_6/pp_out_l0n11_0[16]
                             16.0000        16.6126        -0.6126  (VIOLATED)
   u_NV_NVDLA_cmac/u_core/u_mac_0/res_tag_8[6]
                             32.0000        32.6115        -0.6115  (VIOLATED)
   u_NV_NVDLA_cmac/u_core/u_mac_2/pp_out_l0n09_0[13]
                             16.0000        16.6113        -0.6113  (VIOLATED)
   u_NV_NVDLA_cmac/u_core/u_mac_7/u_mul_41/n315
                             16.0000        16.6099        -0.6099  (VIOLATED)
   u_NV_NVDLA_cmac/u_core/u_active/n27374
                             16.0000        16.6096        -0.6096  (VIOLATED)
   u_NV_NVDLA_cmac/u_core/u_mac_3/u_tree_l0n14/n242
                              8.0000         8.6093        -0.6093  (VIOLATED)
   u_NV_NVDLA_cmac/u_core/u_active/n7462
                             16.0000        16.6087        -0.6087  (VIOLATED)
   u_NV_NVDLA_cmac/u_core/u_mac_3/u_nan/n1338
                             32.0000        32.6068        -0.6068  (VIOLATED)
   u_NV_NVDLA_cmac/u_core/u_mac_0/u_nan/n4
                              8.0000         8.6065        -0.6065  (VIOLATED)
   u_NV_NVDLA_cmac/u_core/u_mac_2/u_mul_31/n309
                             16.0000        16.6064        -0.6064  (VIOLATED)
   u_NV_NVDLA_cmac/u_core/u_active/n4571
                             16.0000        16.6060        -0.6060  (VIOLATED)
   u_NV_NVDLA_cmac/u_core/u_active/wt_pre_data[993]
                             16.0000        16.6043        -0.6043  (VIOLATED)
   u_NV_NVDLA_cmac/u_core/u_mac_6/n6374
                             16.0000        16.6042        -0.6042  (VIOLATED)
   u_NV_NVDLA_cmac/u_core/u_mac_6/pp_out_l0n05_1[31]
                              8.0000         8.6037        -0.6037  (VIOLATED)
   u_NV_NVDLA_cmac/u_core/u_mac_1/u_nan/n2058
                             16.0000        16.6034        -0.6034  (VIOLATED)
   u_NV_NVDLA_cmac/u_core/u_mac_6/u_nan/n2312
                             16.0000        16.6028        -0.6028  (VIOLATED)
   u_NV_NVDLA_cmac/u_core/u_mac_2/u_mul_1/n199
                              8.0000         8.6025        -0.6025  (VIOLATED)
   u_NV_NVDLA_cmac/u_core/u_mac_7/u_mul_3/n310
                             16.0000        16.6021        -0.6021  (VIOLATED)
   u_NV_NVDLA_cmac/u_core/u_mac_3/u_tree_l0n12/n282
                              8.0000         8.6016        -0.6016  (VIOLATED)
   u_NV_NVDLA_cmac/u_core/u_mac_2/n9615
                              8.0000         8.6015        -0.6015  (VIOLATED)
   u_NV_NVDLA_cmac/u_core/u_mac_0/n9673
                              8.0000         8.6013        -0.6013  (VIOLATED)
   u_NV_NVDLA_cmac/u_core/u_mac_3/pp_out_l4n3_1[28]
                              8.0000         8.6002        -0.6002  (VIOLATED)
   u_NV_NVDLA_cmac/u_core/wt5_actv_data[831]
                             16.0000        16.5998        -0.5998  (VIOLATED)
   u_NV_NVDLA_cmac/u_core/u_mac_7/pp_out_l0n14_1[21]
                             16.0000        16.5990        -0.5990  (VIOLATED)
   u_NV_NVDLA_cmac/u_core/u_mac_7/pp_out_l0n07_1[34]
                             16.0000        16.5985        -0.5985  (VIOLATED)
   u_NV_NVDLA_cmac/u_core/u_mac_1/pp_out_l0n14_1[35]
                             16.0000        16.5981        -0.5981  (VIOLATED)
   u_NV_NVDLA_cmac/u_core/u_mac_6/u_tree_l0n11/n52
                              8.0000         8.5974        -0.5974  (VIOLATED)
   u_NV_NVDLA_cmac/u_core/u_mac_0/u_mul_47/n310
                             16.0000        16.5971        -0.5971  (VIOLATED)
   u_NV_NVDLA_cmac/u_core/u_mac_1/pp_out_l0n14_1[12]
                             16.0000        16.5967        -0.5967  (VIOLATED)
   u_NV_NVDLA_cmac/u_core/u_mac_5/res_tag_62[3]
                             16.0000        16.5966        -0.5966  (VIOLATED)
   u_NV_NVDLA_cmac/u_core/u_mac_4/exp_sft_26[3]
                             16.0000        16.5965        -0.5965  (VIOLATED)
   u_NV_NVDLA_cmac/u_core/u_mac_0/pp_out_l4n3_1[32]
                              8.0000         8.5960        -0.5960  (VIOLATED)
   u_NV_NVDLA_cmac/u_core/u_active/n5981
                             16.0000        16.5943        -0.5943  (VIOLATED)
   u_NV_NVDLA_cmac/u_core/u_active/n6227
                             16.0000        16.5937        -0.5937  (VIOLATED)
   u_NV_NVDLA_cmac/u_core/u_mac_3/res_a_12[26]
                             16.0000        16.5932        -0.5932  (VIOLATED)
   u_NV_NVDLA_cmac/u_core/u_mac_6/pp_out_l2n1_0[5]
                             16.0000        16.5928        -0.5928  (VIOLATED)
   u_NV_NVDLA_cmac/u_core/u_mac_7/exp_sft_13[0]
                             16.0000        16.5924        -0.5924  (VIOLATED)
   u_NV_NVDLA_cmac/u_core/u_mac_5/u_mul_53/n313
                             16.0000        16.5920        -0.5920  (VIOLATED)
   u_NV_NVDLA_cmac/u_core/wt0_actv_data[639]
                             16.0000        16.5914        -0.5914  (VIOLATED)
   u_NV_NVDLA_cmac/u_core/u_mac_0/pp_out_l0n06_1[23]
                              8.0000         8.5896        -0.5896  (VIOLATED)
   u_NV_NVDLA_cmac/u_core/u_mac_3/n8134
                             16.0000        16.5884        -0.5884  (VIOLATED)
   u_NV_NVDLA_cmac/u_core/u_mac_1/u_mul_19/n315
                             16.0000        16.5879        -0.5879  (VIOLATED)
   u_NV_NVDLA_cmac/u_core/u_mac_7/u_mul_19/n310
                             16.0000        16.5878        -0.5878  (VIOLATED)
   u_NV_NVDLA_cmac/u_core/u_mac_1/n6494
                             16.0000        16.5875        -0.5875  (VIOLATED)
   u_NV_NVDLA_cmac/u_core/u_mac_0/pp_out_l0n11_1[6]
                             16.0000        16.5871        -0.5871  (VIOLATED)
   u_NV_NVDLA_cmac/u_core/u_mac_6/pp_out_l2n1_0[30]
                             16.0000        16.5862        -0.5862  (VIOLATED)
   u_NV_NVDLA_cmac/u_core/u_active/n7458
                             16.0000        16.5845        -0.5845  (VIOLATED)
   u_NV_NVDLA_cmac/u_core/u_mac_1/pp_out_l2n1_1[30]
                             16.0000        16.5838        -0.5838  (VIOLATED)
   u_NV_NVDLA_cmac/u_core/u_mac_5/res_tag_0[4]
                             16.0000        16.5823        -0.5823  (VIOLATED)
   u_NV_NVDLA_cmac/u_core/u_mac_3/n6504
                             16.0000        16.5811        -0.5811  (VIOLATED)
   u_NV_NVDLA_cmac/u_core/u_mac_2/ps_n0b1_dc[6]
                              8.0000         8.5809        -0.5809  (VIOLATED)
   u_NV_NVDLA_cmac/u_core/u_mac_0/u_mul_58/n227
                             32.0000        32.5809        -0.5809  (VIOLATED)
   u_NV_NVDLA_cmac/u_core/u_mac_2/u_mul_62/n310
                             16.0000        16.5799        -0.5799  (VIOLATED)
   u_NV_NVDLA_cmac/u_core/u_mac_4/n6463
                             16.0000        16.5786        -0.5786  (VIOLATED)
   u_NV_NVDLA_cmac/u_core/u_mac_3/ps_n0b6_dc[6]
                             16.0000        16.5782        -0.5782  (VIOLATED)
   u_NV_NVDLA_cmac/u_core/wt3_actv_data[850]
                             16.0000        16.5764        -0.5764  (VIOLATED)
   u_NV_NVDLA_cmac/u_core/u_mac_4/pp_out_l4n3_1[33]
                              8.0000         8.5727        -0.5727  (VIOLATED)
   u_NV_NVDLA_cmac/u_core/u_mac_4/n6523
                             16.0000        16.5721        -0.5721  (VIOLATED)
   u_NV_NVDLA_cmac/u_core/u_mac_3/pp_out_l0n05_1[9]
                             16.0000        16.5717        -0.5717  (VIOLATED)
   u_NV_NVDLA_cmac/u_core/u_mac_6/n9519
                              8.0000         8.5689        -0.5689  (VIOLATED)
   u_NV_NVDLA_cmac/u_core/u_mac_7/pp_out_l0n15_0_d1[34]
                             16.0000        16.5688        -0.5688  (VIOLATED)
   u_NV_NVDLA_cmac/u_core/wt3_actv_data[581]
                             16.0000        16.5675        -0.5675  (VIOLATED)
   u_NV_NVDLA_cmac/u_core/u_active/n18802
                             16.0000        16.5663        -0.5663  (VIOLATED)
   u_NV_NVDLA_cmac/u_core/u_active/n14253
                              8.0000         8.5640        -0.5640  (VIOLATED)
   u_NV_NVDLA_cmac/u_core/u_mac_2/pp_out_l0n01_0[10]
                             16.0000        16.5637        -0.5637  (VIOLATED)
   u_NV_NVDLA_cmac/u_core/u_active/wt_pre_data[107]
                             16.0000        16.5633        -0.5633  (VIOLATED)
   u_NV_NVDLA_cmac/u_core/u_mac_6/pp_out_l2n1_0[7]
                             16.0000        16.5630        -0.5630  (VIOLATED)
   u_NV_NVDLA_cmac/u_core/wt3_actv_data[231]
                             16.0000        16.5610        -0.5610  (VIOLATED)
   u_NV_NVDLA_cmac/u_core/u_mac_4/n8796
                             16.0000        16.5606        -0.5606  (VIOLATED)
   u_NV_NVDLA_cmac/u_core/u_active/n27366
                             16.0000        16.5605        -0.5605  (VIOLATED)
   u_NV_NVDLA_cmac/u_core/u_mac_5/pp_out_l0n04_1[20]
                             16.0000        16.5603        -0.5603  (VIOLATED)
   u_NV_NVDLA_cmac/u_core/u_active/dat_pre_data[968]
                             16.0000        16.5590        -0.5590  (VIOLATED)
   u_NV_NVDLA_cmac/u_core/u_mac_1/u_nan/n1142
                             16.0000        16.5583        -0.5583  (VIOLATED)
   u_NV_NVDLA_cmac/u_core/u_mac_3/pp_out_l0n15_0[30]
                             16.0000        16.5580        -0.5580  (VIOLATED)
   u_NV_NVDLA_cmac/u_core/out_data6[116]
                             16.0000        16.5566        -0.5566  (VIOLATED)
   u_NV_NVDLA_cmac/u_core/u_active/dat_pre_data[370]
                             16.0000        16.5564        -0.5564  (VIOLATED)
   u_NV_NVDLA_cmac/u_core/u_mac_1/pp_out_l0n03_0[14]
                             16.0000        16.5563        -0.5563  (VIOLATED)
   u_NV_NVDLA_cmac/u_core/u_mac_2/u_mul_17/n199
                              8.0000         8.5556        -0.5556  (VIOLATED)
   u_NV_NVDLA_cmac/u_core/u_active/wt_pre_exp[7]
                             16.0000        16.5551        -0.5551  (VIOLATED)
   u_NV_NVDLA_cmac/u_core/u_mac_0/u_tree_l0n04/n342
                             16.0000        16.5543        -0.5543  (VIOLATED)
   u_NV_NVDLA_cmac/u_core/u_active/n7472
                             16.0000        16.5534        -0.5534  (VIOLATED)
   u_NV_NVDLA_cmac/u_core/u_mac_7/n1333
                              8.0000         8.5532        -0.5532  (VIOLATED)
   u_NV_NVDLA_cmac/u_core/u_mac_3/exp_sft_46[0]
                             16.0000        16.5530        -0.5530  (VIOLATED)
   u_NV_NVDLA_cmac/u_core/u_mac_3/pp_out_l0n05_0[25]
                             16.0000        16.5524        -0.5524  (VIOLATED)
   u_NV_NVDLA_cmac/u_core/u_active/n26379
                             16.0000        16.5519        -0.5519  (VIOLATED)
   u_NV_NVDLA_cmac/u_core/u_mac_1/u_nan/n2005
                             16.0000        16.5516        -0.5516  (VIOLATED)
   u_NV_NVDLA_cmac/u_core/u_mac_7/pp_out_l0n00_1[35]
                             16.0000        16.5515        -0.5515  (VIOLATED)
   u_NV_NVDLA_cmac/u_core/u_active/n13928
                             32.0000        32.5512        -0.5512  (VIOLATED)
   u_NV_NVDLA_cmac/u_core/u_mac_3/pp_out_l0n04_1[10]
                             16.0000        16.5499        -0.5499  (VIOLATED)
   u_NV_NVDLA_cmac/u_core/u_mac_7/u_nan/n56
                             16.0000        16.5495        -0.5495  (VIOLATED)
   u_NV_NVDLA_cmac/u_core/u_mac_4/pp_out_l0n03_1[6]
                              8.0000         8.5489        -0.5489  (VIOLATED)
   u_NV_NVDLA_cmac/u_core/u_mac_0/pp_out_l0n15_0[18]
                             16.0000        16.5480        -0.5480  (VIOLATED)
   u_NV_NVDLA_cmac/u_core/u_mac_2/pp_out_l0n03_0[12]
                             16.0000        16.5472        -0.5472  (VIOLATED)
   u_NV_NVDLA_cmac/u_core/u_mac_4/u_nan/n936
                             16.0000        16.5464        -0.5464  (VIOLATED)
   u_NV_NVDLA_cmac/u_core/u_mac_5/n8186
                              8.0000         8.5448        -0.5448  (VIOLATED)
   u_NV_NVDLA_cmac/u_core/u_mac_2/u_tree_l0n15/n272
                              8.0000         8.5447        -0.5447  (VIOLATED)
   u_NV_NVDLA_cmac/u_core/u_mac_6/n6376
                             16.0000        16.5431        -0.5431  (VIOLATED)
   u_NV_NVDLA_cmac/u_core/u_mac_1/u_mul_32/n199
                              8.0000         8.5419        -0.5419  (VIOLATED)
   u_NV_NVDLA_cmac/u_core/u_mac_7/pp_out_l0n04_1[28]
                              8.0000         8.5418        -0.5418  (VIOLATED)
   u_NV_NVDLA_cmac/u_core/u_mac_7/u_nan/n214
                             16.0000        16.5413        -0.5413  (VIOLATED)
   u_NV_NVDLA_cmac/u_core/u_mac_4/u_tree_l0n01/n332
                             16.0000        16.5412        -0.5412  (VIOLATED)
   u_NV_NVDLA_cmac/u_core/wt3_actv_data[704]
                             16.0000        16.5410        -0.5410  (VIOLATED)
   u_NV_NVDLA_cmac/u_core/u_mac_2/u_mul_7/n306
                             16.0000        16.5401        -0.5401  (VIOLATED)
   u_NV_NVDLA_cmac/u_core/u_mac_7/pp_out_l0n15_0[13]
                             16.0000        16.5400        -0.5400  (VIOLATED)
   u_NV_NVDLA_cmac/u_core/u_active/dat_pre_data[805]
                             16.0000        16.5366        -0.5366  (VIOLATED)
   u_NV_NVDLA_cmac/u_core/u_mac_5/pp_out_l0n06_1[4]
                             16.0000        16.5366        -0.5366  (VIOLATED)
   u_NV_NVDLA_cmac/u_core/u_mac_7/pp_out_l0n15_0[12]
                             16.0000        16.5347        -0.5347  (VIOLATED)
   u_NV_NVDLA_cmac/u_core/u_mac_6/pp_out_l2n5_0[35]
                             16.0000        16.5344        -0.5344  (VIOLATED)
   u_NV_NVDLA_cmac/u_core/wt0_actv_data[336]
                             16.0000        16.5340        -0.5340  (VIOLATED)
   u_NV_NVDLA_cmac/u_core/u_active/n27380
                             16.0000        16.5339        -0.5339  (VIOLATED)
   u_NV_NVDLA_cmac/u_core/u_mac_6/u_tree_l4n3/n233
                              8.0000         8.5321        -0.5321  (VIOLATED)
   u_NV_NVDLA_cmac/u_core/u_mac_3/pp_out_l0n00_1[24]
                             82.0000        82.5311        -0.5311  (VIOLATED)
   u_NV_NVDLA_cmac/u_core/u_mac_2/pp_out_l0n09_0[30]
                             16.0000        16.5308        -0.5308  (VIOLATED)
   u_NV_NVDLA_cmac/u_core/u_mac_3/pp_out_l0n13_1[9]
                             16.0000        16.5303        -0.5303  (VIOLATED)
   u_NV_NVDLA_cmac/u_core/u_mac_6/pp_out_l0n07_1[26]
                              8.0000         8.5301        -0.5301  (VIOLATED)
   u_NV_NVDLA_cmac/u_core/wt6_actv_data[336]
                             16.0000        16.5293        -0.5293  (VIOLATED)
   u_NV_NVDLA_cmac/u_core/u_mac_3/u_tree_l0n15/n122
                              8.0000         8.5277        -0.5277  (VIOLATED)
   u_NV_NVDLA_cmac/u_core/u_mac_0/pp_out_l0n15_0[20]
                             16.0000        16.5258        -0.5258  (VIOLATED)
   u_NV_NVDLA_cmac/u_core/u_mac_2/u_mul_3/n304
                             16.0000        16.5253        -0.5253  (VIOLATED)
   u_NV_NVDLA_cmac/u_core/u_mac_1/res_tag_26[7]
                             32.0000        32.5249        -0.5249  (VIOLATED)
   u_NV_NVDLA_cmac/u_core/u_mac_5/n8051
                             16.0000        16.5247        -0.5247  (VIOLATED)
   u_NV_NVDLA_cmac/u_core/u_active/n7358
                             16.0000        16.5224        -0.5224  (VIOLATED)
   u_NV_NVDLA_cmac/u_core/u_mac_5/pp_out_l0n06_1[7]
                             16.0000        16.5212        -0.5212  (VIOLATED)
   u_NV_NVDLA_cmac/u_core/u_active/wt5_sd_data[376]
                             16.0000        16.5205        -0.5205  (VIOLATED)
   u_NV_NVDLA_cmac/u_core/u_mac_6/pp_out_l0n11_1[11]
                             16.0000        16.5204        -0.5204  (VIOLATED)
   u_NV_NVDLA_cmac/u_core/u_mac_1/pp_out_l0n12_1[12]
                              8.0000         8.5201        -0.5201  (VIOLATED)
   u_NV_NVDLA_cmac/u_core/u_active/wt_pre_exp[5]
                             16.0000        16.5199        -0.5199  (VIOLATED)
   u_NV_NVDLA_cmac/u_core/u_mac_4/u_nan/n2843
                             16.0000        16.5195        -0.5195  (VIOLATED)
   u_NV_NVDLA_cmac/u_core/u_mac_4/pp_out_l0n08_0[17]
                             16.0000        16.5193        -0.5193  (VIOLATED)
   u_NV_NVDLA_cmac/u_core/wt7_actv_data[873]
                             16.0000        16.5190        -0.5190  (VIOLATED)
   u_NV_NVDLA_cmac/u_core/u_mac_5/u_nan/n16
                              8.0000         8.5189        -0.5189  (VIOLATED)
   u_NV_NVDLA_cmac/u_core/u_mac_1/pp_out_l0n03_0[21]
                             16.0000        16.5185        -0.5185  (VIOLATED)
   u_NV_NVDLA_cmac/u_core/u_mac_5/pp_out_l0n03_0[24]
                             16.0000        16.5164        -0.5164  (VIOLATED)
   u_NV_NVDLA_cmac/u_core/u_mac_5/pp_out_l0n03_0[18]
                             16.0000        16.5161        -0.5161  (VIOLATED)
   u_NV_NVDLA_cmac/u_core/u_mac_1/pp_out_l2n1_1[33]
                             16.0000        16.5139        -0.5139  (VIOLATED)
   u_NV_NVDLA_cmac/u_core/u_mac_1/pp_out_l2n1_1[23]
                             16.0000        16.5134        -0.5134  (VIOLATED)
   u_NV_NVDLA_cmac/u_core/u_active/n6676
                             16.0000        16.5133        -0.5133  (VIOLATED)
   u_NV_NVDLA_cmac/u_core/u_mac_0/pp_out_l0n11_1[8]
                             16.0000        16.5117        -0.5117  (VIOLATED)
   u_NV_NVDLA_cmac/u_core/u_mac_4/u_mul_28/n311
                             16.0000        16.5113        -0.5113  (VIOLATED)
   u_NV_NVDLA_cmac/u_core/out_data6[120]
                             16.0000        16.5104        -0.5104  (VIOLATED)
   u_NV_NVDLA_cmac/u_core/u_mac_6/pp_out_l0n15_1[35]
                             16.0000        16.5072        -0.5072  (VIOLATED)
   u_NV_NVDLA_cmac/u_core/out_data3[125]
                              8.0000         8.5064        -0.5064  (VIOLATED)
   u_NV_NVDLA_cmac/u_core/u_mac_4/pp_out_l1n4_0[0]
                             16.0000        16.5061        -0.5061  (VIOLATED)
   u_NV_NVDLA_cmac/u_core/u_mac_1/res_tag_53[2]
                             16.0000        16.5040        -0.5040  (VIOLATED)
   u_NV_NVDLA_cmac/u_core/u_active/wt_pre_data[471]
                             16.0000        16.5038        -0.5038  (VIOLATED)
   u_NV_NVDLA_cmac/u_core/u_mac_5/n9906
                              8.0000         8.5027        -0.5027  (VIOLATED)
   u_NV_NVDLA_cmac/u_core/u_mac_2/u_nan/n172
                             16.0000        16.5027        -0.5027  (VIOLATED)
   u_NV_NVDLA_cmac/u_core/wt5_actv_data[816]
                             16.0000        16.5021        -0.5021  (VIOLATED)
   u_NV_NVDLA_cmac/u_core/wt2_actv_data[137]
                             16.0000        16.5008        -0.5008  (VIOLATED)
   u_NV_NVDLA_cmac/u_core/u_mac_3/pp_out_l0n05_1[3]
                             16.0000        16.5006        -0.5006  (VIOLATED)
   u_NV_NVDLA_cmac/u_core/u_mac_3/pp_out_l0n15_0[33]
                             16.0000        16.4998        -0.4998  (VIOLATED)
   u_NV_NVDLA_cmac/u_core/u_mac_4/u_tree_l0n01/n276
                             16.0000        16.4989        -0.4989  (VIOLATED)
   u_NV_NVDLA_cmac/u_core/u_mac_5/res_tag_33[3]
                             16.0000        16.4981        -0.4981  (VIOLATED)
   u_NV_NVDLA_cmac/u_core/u_mac_2/u_mul_25/n199
                              8.0000         8.4969        -0.4969  (VIOLATED)
   u_NV_NVDLA_cmac/u_core/u_mac_3/u_tree_l0n10/n272
                              8.0000         8.4935        -0.4935  (VIOLATED)
   u_NV_NVDLA_cmac/u_core/wt0_actv_data[174]
                             16.0000        16.4932        -0.4932  (VIOLATED)
   u_NV_NVDLA_cmac/u_core/u_mac_7/u_nan/n1684
                             16.0000        16.4920        -0.4920  (VIOLATED)
   u_NV_NVDLA_cmac/u_core/u_active/n31656
                             16.0000        16.4917        -0.4917  (VIOLATED)
   u_NV_NVDLA_cmac/u_core/u_mac_3/u_tree_l4n3/n199
                             16.0000        16.4915        -0.4915  (VIOLATED)
   u_NV_NVDLA_cmac/u_core/u_active/wt1_sd_nan[8]
                             16.0000        16.4907        -0.4907  (VIOLATED)
   u_NV_NVDLA_cmac/u_core/u_mac_6/pp_out_l0n11_0[13]
                             16.0000        16.4907        -0.4907  (VIOLATED)
   u_NV_NVDLA_cmac/u_core/u_mac_7/pp_out_l2n4_1[38]
                             16.0000        16.4904        -0.4904  (VIOLATED)
   u_NV_NVDLA_cmac/u_core/u_mac_6/exp_sft_12[3]
                              8.0000         8.4900        -0.4900  (VIOLATED)
   u_NV_NVDLA_cmac/u_core/u_mac_4/u_mul_24/n308
                             16.0000        16.4900        -0.4900  (VIOLATED)
   u_NV_NVDLA_cmac/u_core/u_mac_3/u_tree_l3n3/n90
                              8.0000         8.4899        -0.4899  (VIOLATED)
   u_NV_NVDLA_cmac/u_core/u_mac_6/pp_out_l0n11_1[12]
                             16.0000        16.4897        -0.4897  (VIOLATED)
   u_NV_NVDLA_cmac/u_core/wt3_actv_data[911]
                             16.0000        16.4894        -0.4894  (VIOLATED)
   u_NV_NVDLA_cmac/u_core/wt3_actv_data[549]
                             16.0000        16.4888        -0.4888  (VIOLATED)
   u_NV_NVDLA_cmac/u_core/u_mac_7/pp_out_l2n0_0[18]
                             16.0000        16.4885        -0.4885  (VIOLATED)
   u_NV_NVDLA_cmac/u_core/u_mac_2/pp_out_l0n03_0[14]
                             16.0000        16.4880        -0.4880  (VIOLATED)
   u_NV_NVDLA_cmac/u_core/u_mac_6/pp_out_l2n1_0[36]
                             16.0000        16.4875        -0.4875  (VIOLATED)
   u_NV_NVDLA_cmac/u_core/u_active/n31664
                             16.0000        16.4874        -0.4874  (VIOLATED)
   u_NV_NVDLA_cmac/u_core/u_active/n20123
                             16.0000        16.4865        -0.4865  (VIOLATED)
   u_NV_NVDLA_cmac/u_core/u_mac_5/u_nan/n1021
                             16.0000        16.4852        -0.4852  (VIOLATED)
   u_NV_NVDLA_cmac/u_core/u_mac_1/pp_out_l0n03_0[22]
                             16.0000        16.4849        -0.4849  (VIOLATED)
   u_NV_NVDLA_cmac/u_core/u_mac_5/pp_out_l3n2_1[19]
                              8.0000         8.4848        -0.4848  (VIOLATED)
   u_NV_NVDLA_cmac/u_core/u_mac_6/pp_exp_d1[2]
                             16.0000        16.4839        -0.4839  (VIOLATED)
   u_NV_NVDLA_cmac/u_core/u_active/n7428
                             16.0000        16.4835        -0.4835  (VIOLATED)
   u_NV_NVDLA_cmac/u_core/u_active/n7460
                             16.0000        16.4833        -0.4833  (VIOLATED)
   u_NV_NVDLA_cmac/u_core/u_mac_6/sop_1[4]
                              8.0000         8.4814        -0.4814  (VIOLATED)
   u_NV_NVDLA_cmac/u_core/u_mac_1/u_nan/n1825
                             16.0000        16.4811        -0.4811  (VIOLATED)
   u_NV_NVDLA_cmac/u_core/u_active/n7449
                             16.0000        16.4788        -0.4788  (VIOLATED)
   u_NV_NVDLA_cmac/u_core/u_active/n19265
                            168.0000       168.4786        -0.4786  (VIOLATED)
   u_NV_NVDLA_cmac/u_core/u_mac_2/u_nan/n1357
                             16.0000        16.4782        -0.4782  (VIOLATED)
   u_NV_NVDLA_cmac/u_core/u_mac_3/u_tree_l4n3/n205
                             16.0000        16.4779        -0.4779  (VIOLATED)
   u_NV_NVDLA_cmac/u_core/wt2_actv_data[142]
                             16.0000        16.4767        -0.4767  (VIOLATED)
   u_NV_NVDLA_cmac/u_core/u_mac_3/pp_out_l0n04_0[17]
                             16.0000        16.4764        -0.4764  (VIOLATED)
   u_NV_NVDLA_cmac/u_core/u_mac_4/n8962
                              8.0000         8.4759        -0.4759  (VIOLATED)
   u_NV_NVDLA_cmac/u_core/u_mac_1/u_nan/n422
                             16.0000        16.4754        -0.4754  (VIOLATED)
   u_NV_NVDLA_cmac/u_core/u_mac_5/pp_out_l0n03_0[22]
                             16.0000        16.4752        -0.4752  (VIOLATED)
   u_NV_NVDLA_cmac/u_core/u_mac_5/n9903
                              8.0000         8.4744        -0.4744  (VIOLATED)
   u_NV_NVDLA_cmac/u_core/u_mac_2/pp_out_l0n03_1[28]
                             16.0000        16.4742        -0.4742  (VIOLATED)
   u_NV_NVDLA_cmac/u_core/u_mac_3/pp_out_l0n00_1[26]
                             82.0000        82.4737        -0.4737  (VIOLATED)
   u_NV_NVDLA_cmac/u_core/u_mac_3/pp_out_l0n04_0[8]
                             16.0000        16.4724        -0.4724  (VIOLATED)
   u_NV_NVDLA_cmac/u_core/u_mac_4/u_tree_l4n3/n285
                              8.0000         8.4718        -0.4718  (VIOLATED)
   u_NV_NVDLA_cmac/u_core/u_mac_3/pp_out_l0n11_1[24]
                              8.0000         8.4718        -0.4718  (VIOLATED)
   u_NV_NVDLA_cmac/u_core/u_active/n6664
                             16.0000        16.4714        -0.4714  (VIOLATED)
   u_NV_NVDLA_cmac/u_core/u_mac_4/pp_out_l0n09_1[31]
                             16.0000        16.4709        -0.4709  (VIOLATED)
   u_NV_NVDLA_cmac/u_core/u_mac_6/pp_out_l0n05_1[17]
                              8.0000         8.4699        -0.4699  (VIOLATED)
   u_NV_NVDLA_cmac/u_core/u_mac_3/u_nan/n1514
                              8.0000         8.4690        -0.4690  (VIOLATED)
   u_NV_NVDLA_cmac/u_core/u_mac_5/pp_out_l0n03_0[19]
                             16.0000        16.4688        -0.4688  (VIOLATED)
   u_NV_NVDLA_cmac/u_core/u_mac_5/u_nan/n1201
                             16.0000        16.4662        -0.4662  (VIOLATED)
   u_NV_NVDLA_cmac/u_core/u_mac_2/pp_out_l2n5_1[40]
                              8.0000         8.4660        -0.4660  (VIOLATED)
   u_NV_NVDLA_cmac/u_core/u_active/n15164
                             16.0000        16.4637        -0.4637  (VIOLATED)
   u_NV_NVDLA_cmac/u_core/u_mac_5/n6484
                             16.0000        16.4629        -0.4629  (VIOLATED)
   u_NV_NVDLA_cmac/u_core/u_mac_6/u_tree_l4n2/n245
                              8.0000         8.4627        -0.4627  (VIOLATED)
   u_NV_NVDLA_cmac/u_core/u_mac_3/pp_out_l0n04_0[13]
                             16.0000        16.4611        -0.4611  (VIOLATED)
   u_NV_NVDLA_cmac/u_core/u_mac_4/n9684
                              8.0000         8.4590        -0.4590  (VIOLATED)
   u_NV_NVDLA_cmac/u_core/u_mac_5/n6379
                             16.0000        16.4586        -0.4586  (VIOLATED)
   u_NV_NVDLA_cmac/u_core/u_mac_1/ps_n1b3[2]
                              8.0000         8.4583        -0.4583  (VIOLATED)
   u_NV_NVDLA_cmac/u_core/u_mac_5/pp_out_l0n03_1[23]
                             16.0000        16.4578        -0.4578  (VIOLATED)
   u_NV_NVDLA_cmac/u_core/u_mac_4/n9898
                              8.0000         8.4578        -0.4578  (VIOLATED)
   u_NV_NVDLA_cmac/u_core/u_mac_3/u_tree_l0n09/n312
                              8.0000         8.4572        -0.4572  (VIOLATED)
   u_NV_NVDLA_cmac/u_core/u_active/n4530
                             16.0000        16.4552        -0.4552  (VIOLATED)
   u_NV_NVDLA_cmac/u_core/u_mac_2/pp_out_l0n03_0[13]
                             16.0000        16.4549        -0.4549  (VIOLATED)
   u_NV_NVDLA_cmac/u_core/u_mac_0/pp_out_l0n11_1[3]
                             16.0000        16.4517        -0.4517  (VIOLATED)
   u_NV_NVDLA_cmac/u_core/u_mac_1/pp_out_l0n03_1[25]
                             16.0000        16.4515        -0.4515  (VIOLATED)
   u_NV_NVDLA_cmac/u_core/u_mac_7/res_tag_57[3]
                             16.0000        16.4515        -0.4515  (VIOLATED)
   u_NV_NVDLA_cmac/u_core/u_mac_4/u_tree_l0n01/n232
                             16.0000        16.4498        -0.4498  (VIOLATED)
   u_NV_NVDLA_cmac/u_core/u_mac_1/pp_out_l2n1_1[34]
                             16.0000        16.4478        -0.4478  (VIOLATED)
   u_NV_NVDLA_cmac/u_core/u_mac_7/u_tree_l0n15/n192
                              8.0000         8.4461        -0.4461  (VIOLATED)
   u_NV_NVDLA_cmac/u_core/u_mac_6/pp_out_l0n07_1[29]
                              8.0000         8.4443        -0.4443  (VIOLATED)
   u_NV_NVDLA_cmac/u_core/u_mac_6/pp_out_l0n09_1[4]
                             16.0000        16.4429        -0.4429  (VIOLATED)
   u_NV_NVDLA_cmac/u_core/u_mac_3/u_tree_l1n4/n58
                             16.0000        16.4428        -0.4428  (VIOLATED)
   u_NV_NVDLA_cmac/u_core/u_mac_3/u_tree_l4n2/n230
                             16.0000        16.4416        -0.4416  (VIOLATED)
   u_NV_NVDLA_cmac/u_core/u_mac_2/pp_out_l0n09_1[32]
                             16.0000        16.4414        -0.4414  (VIOLATED)
   u_NV_NVDLA_cmac/u_core/u_mac_3/pp_out_l0n00_0[11]
                             82.0000        82.4411        -0.4411  (VIOLATED)
   u_NV_NVDLA_cmac/u_core/u_mac_7/pp_out_l0n05_1[34]
                              8.0000         8.4395        -0.4395  (VIOLATED)
   u_NV_NVDLA_cmac/u_core/u_mac_1/pp_out_l0n14_1[9]
                             16.0000        16.4382        -0.4382  (VIOLATED)
   u_NV_NVDLA_cmac/u_core/u_mac_0/u_mul_39/n312
                             16.0000        16.4380        -0.4380  (VIOLATED)
   u_NV_NVDLA_cmac/u_core/u_mac_0/u_nan/n422
                             16.0000        16.4369        -0.4369  (VIOLATED)
   u_NV_NVDLA_cmac/u_core/u_mac_3/u_tree_l4n3/n197
                             16.0000        16.4368        -0.4368  (VIOLATED)
   u_NV_NVDLA_cmac/u_core/u_mac_3/pp_out_l0n04_0[19]
                             16.0000        16.4368        -0.4368  (VIOLATED)
   u_NV_NVDLA_cmac/u_core/u_mac_3/u_nan/n612
                              8.0000         8.4358        -0.4358  (VIOLATED)
   u_NV_NVDLA_cmac/u_core/wt6_actv_data[570]
                             16.0000        16.4348        -0.4348  (VIOLATED)
   u_NV_NVDLA_cmac/u_core/u_mac_7/res_a_55[7]
                             16.0000        16.4346        -0.4346  (VIOLATED)
   u_NV_NVDLA_cmac/u_core/wt3_actv_data[831]
                             16.0000        16.4336        -0.4336  (VIOLATED)
   u_NV_NVDLA_cmac/u_core/u_mac_3/u_mul_22/n316
                             16.0000        16.4321        -0.4321  (VIOLATED)
   u_NV_NVDLA_cmac/u_core/u_mac_6/u_tree_l0n11/n82
                              8.0000         8.4310        -0.4310  (VIOLATED)
   u_NV_NVDLA_cmac/u_core/u_mac_3/pp_out_l0n13_1[6]
                             16.0000        16.4302        -0.4302  (VIOLATED)
   u_NV_NVDLA_cmac/u_core/u_mac_1/pp_out_l2n1_1[32]
                             16.0000        16.4296        -0.4296  (VIOLATED)
   u_NV_NVDLA_cmac/u_core/u_mac_2/u_nan/n10
                              8.0000         8.4294        -0.4294  (VIOLATED)
   u_NV_NVDLA_cmac/u_core/u_active/n13910
                             32.0000        32.4292        -0.4292  (VIOLATED)
   u_NV_NVDLA_cmac/u_core/u_mac_1/pp_out_l0n14_1[8]
                             16.0000        16.4290        -0.4290  (VIOLATED)
   u_NV_NVDLA_cmac/u_core/u_mac_3/pp_out_l0n05_1[28]
                             16.0000        16.4289        -0.4289  (VIOLATED)
   u_NV_NVDLA_cmac/u_core/u_mac_3/u_mul_12/n303
                             16.0000        16.4269        -0.4269  (VIOLATED)
   u_NV_NVDLA_cmac/u_core/u_mac_4/u_nan/n1518
                             32.0000        32.4263        -0.4263  (VIOLATED)
   u_NV_NVDLA_cmac/u_core/wt3_actv_data[601]
                             16.0000        16.4260        -0.4260  (VIOLATED)
   u_NV_NVDLA_cmac/u_core/u_mac_4/n6455
                             16.0000        16.4243        -0.4243  (VIOLATED)
   u_NV_NVDLA_cmac/u_core/u_mac_6/pp_out_l0n15_1[34]
                             16.0000        16.4234        -0.4234  (VIOLATED)
   u_NV_NVDLA_cmac/u_core/u_mac_0/pp_out_l2n2_1[21]
                              8.0000         8.4230        -0.4230  (VIOLATED)
   u_NV_NVDLA_cmac/u_core/u_mac_1/pp_out_l2n1_1[22]
                             16.0000        16.4226        -0.4226  (VIOLATED)
   u_NV_NVDLA_cmac/u_core/u_mac_3/u_tree_l4n3/n193
                             16.0000        16.4215        -0.4215  (VIOLATED)
   u_NV_NVDLA_cmac/u_core/u_mac_2/u_mul_61/n306
                             16.0000        16.4203        -0.4203  (VIOLATED)
   u_NV_NVDLA_cmac/u_core/u_mac_5/u_tree_l0n11/n22
                              8.0000         8.4197        -0.4197  (VIOLATED)
   u_NV_NVDLA_cmac/u_core/u_mac_3/pp_out_l0n05_1[33]
                             16.0000        16.4197        -0.4197  (VIOLATED)
   u_NV_NVDLA_cmac/u_core/u_active/wt_pre_nz[0]
                             16.0000        16.4188        -0.4188  (VIOLATED)
   u_NV_NVDLA_cmac/u_core/u_mac_7/pp_out_l0n00_1[25]
                             16.0000        16.4185        -0.4185  (VIOLATED)
   u_NV_NVDLA_cmac/u_core/u_mac_4/pp_out_l0n09_1[33]
                             16.0000        16.4176        -0.4176  (VIOLATED)
   u_NV_NVDLA_cmac/u_core/u_mac_6/u_tree_l0n11/n102
                              8.0000         8.4158        -0.4158  (VIOLATED)
   u_NV_NVDLA_cmac/u_core/u_mac_1/pp_out_l2n1_1[25]
                             16.0000        16.4157        -0.4157  (VIOLATED)
   u_NV_NVDLA_cmac/u_core/u_mac_6/u_nan/n936
                             16.0000        16.4156        -0.4156  (VIOLATED)
   u_NV_NVDLA_cmac/u_core/u_mac_3/res_tag_3[4]
                             16.0000        16.4137        -0.4137  (VIOLATED)
   u_NV_NVDLA_cmac/u_core/u_mac_5/u_nan/n1507
                             16.0000        16.4123        -0.4123  (VIOLATED)
   u_NV_NVDLA_cmac/u_core/u_mac_4/u_nan/n4
                              8.0000         8.4123        -0.4123  (VIOLATED)
   u_NV_NVDLA_cmac/u_core/u_mac_7/pp_out_l0n14_1[20]
                             16.0000        16.4120        -0.4120  (VIOLATED)
   u_NV_NVDLA_cmac/u_core/u_mac_0/u_nan/n962
                             16.0000        16.4117        -0.4117  (VIOLATED)
   u_NV_NVDLA_cmac/u_core/u_mac_3/n9681
                              8.0000         8.4110        -0.4110  (VIOLATED)
   u_NV_NVDLA_cmac/u_core/u_mac_6/pp_out_l0n11_0[19]
                             16.0000        16.4103        -0.4103  (VIOLATED)
   u_NV_NVDLA_cmac/u_core/u_mac_5/u_tree_l0n11/n32
                              8.0000         8.4090        -0.4090  (VIOLATED)
   u_NV_NVDLA_cmac/u_core/u_mac_6/pp_out_l0n11_0[6]
                             16.0000        16.4084        -0.4084  (VIOLATED)
   u_NV_NVDLA_cmac/u_core/u_active/n5754
                             16.0000        16.4070        -0.4070  (VIOLATED)
   u_NV_NVDLA_cmac/u_core/u_active/n37477
                             16.0000        16.4069        -0.4069  (VIOLATED)
   u_NV_NVDLA_cmac/u_core/u_active/n27378
                             16.0000        16.4068        -0.4068  (VIOLATED)
   u_NV_NVDLA_cmac/u_core/u_mac_2/pp_out_l2n5_1[39]
                              8.0000         8.4065        -0.4065  (VIOLATED)
   u_NV_NVDLA_cmac/u_core/u_mac_3/u_tree_l0n15/n92
                              8.0000         8.4060        -0.4060  (VIOLATED)
   u_NV_NVDLA_cmac/u_core/u_mac_5/u_nan/n616
                             32.0000        32.4056        -0.4056  (VIOLATED)
   u_NV_NVDLA_cmac/u_core/u_mac_1/n9352
                              8.0000         8.4051        -0.4051  (VIOLATED)
   u_NV_NVDLA_cmac/u_core/u_mac_0/u_nan/n305
                             16.0000        16.4048        -0.4048  (VIOLATED)
   u_NV_NVDLA_cmac/u_core/u_mac_2/u_nan/n1116
                             16.0000        16.4045        -0.4045  (VIOLATED)
   u_NV_NVDLA_cmac/u_core/u_mac_2/pp_out_l0n09_0[12]
                             16.0000        16.4035        -0.4035  (VIOLATED)
   u_NV_NVDLA_cmac/u_core/u_active/wt_pre_exp[160]
                             16.0000        16.4034        -0.4034  (VIOLATED)
   u_NV_NVDLA_cmac/u_core/u_mac_2/pp_out_l0n11_1[23]
                              8.0000         8.4033        -0.4033  (VIOLATED)
   u_NV_NVDLA_cmac/u_core/u_mac_6/pp_out_l2n5_0[34]
                             16.0000        16.4031        -0.4031  (VIOLATED)
   u_NV_NVDLA_cmac/u_core/u_active/wt_pre_data[300]
                             16.0000        16.4026        -0.4026  (VIOLATED)
   u_NV_NVDLA_cmac/u_core/u_mac_7/pp_out_l0n15_1[28]
                             16.0000        16.4013        -0.4013  (VIOLATED)
   u_NV_NVDLA_cmac/u_core/u_mac_1/pp_out_l0n08_0_d1[34]
                             16.0000        16.4010        -0.4010  (VIOLATED)
   u_NV_NVDLA_cmac/u_core/u_mac_3/pp_out_l0n04_0[12]
                             16.0000        16.4007        -0.4007  (VIOLATED)
   u_NV_NVDLA_cmac/u_core/u_mac_5/res_tag_14[3]
                             16.0000        16.4001        -0.4001  (VIOLATED)
   u_NV_NVDLA_cmac/u_core/u_mac_5/pp_out_l0n04_1[33]
                             16.0000        16.4001        -0.4001  (VIOLATED)
   u_NV_NVDLA_cmac/u_core/u_mac_2/pp_out_l0n05_0_d1[34]
                             16.0000        16.3997        -0.3997  (VIOLATED)
   u_NV_NVDLA_cmac/u_core/u_mac_1/pp_out_l0n03_1[19]
                             16.0000        16.3994        -0.3994  (VIOLATED)
   u_NV_NVDLA_cmac/u_core/u_mac_7/u_tree_l0n09/n192
                              8.0000         8.3974        -0.3974  (VIOLATED)
   u_NV_NVDLA_cmac/u_core/u_mac_0/pp_out_l0n07_1[20]
                             16.0000        16.3970        -0.3970  (VIOLATED)
   u_NV_NVDLA_cmac/u_core/u_mac_6/pp_out_l0n10_1_d1[35]
                             16.0000        16.3965        -0.3965  (VIOLATED)
   u_NV_NVDLA_cmac/u_core/u_mac_4/ps_n0b5_wg[5]
                             16.0000        16.3963        -0.3963  (VIOLATED)
   u_NV_NVDLA_cmac/u_core/u_mac_4/res_tag_30[6]
                             32.0000        32.3947        -0.3947  (VIOLATED)
   u_NV_NVDLA_cmac/u_core/u_mac_5/u_tree_l0n04/n262
                              8.0000         8.3942        -0.3942  (VIOLATED)
   u_NV_NVDLA_cmac/u_core/u_mac_3/pp_out_l1n0_1[21]
                              8.0000         8.3932        -0.3932  (VIOLATED)
   u_NV_NVDLA_cmac/u_core/u_mac_7/pp_out_l2n0_0[19]
                             16.0000        16.3923        -0.3923  (VIOLATED)
   u_NV_NVDLA_cmac/u_core/wt7_actv_data[817]
                             16.0000        16.3902        -0.3902  (VIOLATED)
   u_NV_NVDLA_cmac/u_core/u_mac_7/pp_out_l0n00_0[24]
                             16.0000        16.3888        -0.3888  (VIOLATED)
   u_NV_NVDLA_cmac/u_core/u_mac_3/pp_out_l0n04_0[14]
                             16.0000        16.3882        -0.3882  (VIOLATED)
   u_NV_NVDLA_cmac/u_core/u_mac_0/ps_n0b6_wg[2]
                              8.0000         8.3876        -0.3876  (VIOLATED)
   u_NV_NVDLA_cmac/u_core/u_active/n7436
                             16.0000        16.3875        -0.3875  (VIOLATED)
   u_NV_NVDLA_cmac/u_core/u_active/wt_pre_exp[94]
                             16.0000        16.3872        -0.3872  (VIOLATED)
   u_NV_NVDLA_cmac/u_core/wt3_actv_data[557]
                             16.0000        16.3872        -0.3872  (VIOLATED)
   u_NV_NVDLA_cmac/u_core/u_mac_7/pp_out_l0n11_1[32]
                             16.0000        16.3867        -0.3867  (VIOLATED)
   u_NV_NVDLA_cmac/u_core/u_active/dat_pre_data[659]
                             16.0000        16.3859        -0.3859  (VIOLATED)
   u_NV_NVDLA_cmac/u_core/u_mac_3/u_tree_l0n15/n52
                              8.0000         8.3830        -0.3830  (VIOLATED)
   u_NV_NVDLA_cmac/u_core/u_mac_4/pp_out_l0n14_1[19]
                             16.0000        16.3830        -0.3830  (VIOLATED)
   u_NV_NVDLA_cmac/u_core/u_mac_4/u_tree_l0n04/n272
                              8.0000         8.3829        -0.3829  (VIOLATED)
   u_NV_NVDLA_cmac/u_core/u_mac_2/pp_out_l0n06_1[10]
                             16.0000        16.3816        -0.3816  (VIOLATED)
   u_NV_NVDLA_cmac/u_core/u_mac_6/n6446
                             16.0000        16.3810        -0.3810  (VIOLATED)
   u_NV_NVDLA_cmac/u_core/u_mac_1/res_tag_57[7]
                             32.0000        32.3806        -0.3806  (VIOLATED)
   u_NV_NVDLA_cmac/u_core/u_mac_2/exp_sft_39[3]
                             16.0000        16.3804        -0.3804  (VIOLATED)
   u_NV_NVDLA_cmac/u_core/u_mac_7/pp_out_l0n04_1[3]
                              8.0000         8.3785        -0.3785  (VIOLATED)
   u_NV_NVDLA_cmac/u_core/u_mac_6/pp_out_l0n11_0[21]
                             16.0000        16.3775        -0.3775  (VIOLATED)
   u_NV_NVDLA_cmac/u_core/u_mac_7/pp_out_l0n15_0[2]
                             16.0000        16.3762        -0.3762  (VIOLATED)
   u_NV_NVDLA_cmac/u_core/wt3_actv_data[527]
                             16.0000        16.3759        -0.3759  (VIOLATED)
   u_NV_NVDLA_cmac/u_core/u_active/n13931
                             32.0000        32.3753        -0.3753  (VIOLATED)
   u_NV_NVDLA_cmac/u_core/u_mac_3/u_tree_l0n15/n72
                              8.0000         8.3726        -0.3726  (VIOLATED)
   u_NV_NVDLA_cmac/u_core/u_mac_2/u_nan/n2136
                             16.0000        16.3723        -0.3723  (VIOLATED)
   u_NV_NVDLA_cmac/u_core/wt5_actv_data[14]
                             16.0000        16.3721        -0.3721  (VIOLATED)
   u_NV_NVDLA_cmac/u_core/u_mac_4/u_mul_54/n292
                              8.0000         8.3721        -0.3721  (VIOLATED)
   u_NV_NVDLA_cmac/u_core/u_mac_2/pp_out_l0n01_0[0]
                             16.0000        16.3716        -0.3716  (VIOLATED)
   u_NV_NVDLA_cmac/u_core/u_mac_7/pp_out_l2n0_0[22]
                             16.0000        16.3710        -0.3710  (VIOLATED)
   u_NV_NVDLA_cmac/u_core/u_active/wt_pre_mask[3]
                             16.0000        16.3709        -0.3709  (VIOLATED)
   u_NV_NVDLA_cmac/u_core/u_mac_1/pp_out_l0n03_0[23]
                             16.0000        16.3709        -0.3709  (VIOLATED)
   u_NV_NVDLA_cmac/u_core/u_mac_5/pp_out_l0n03_1[22]
                             16.0000        16.3705        -0.3705  (VIOLATED)
   u_NV_NVDLA_cmac/u_core/u_mac_7/pp_out_l3n0_1[15]
                              8.0000         8.3703        -0.3703  (VIOLATED)
   u_NV_NVDLA_cmac/u_core/u_mac_7/u_nan/n1505
                             16.0000        16.3703        -0.3703  (VIOLATED)
   u_NV_NVDLA_cmac/u_core/u_mac_3/pp_out_l0n02_1[35]
                              8.0000         8.3702        -0.3702  (VIOLATED)
   u_NV_NVDLA_cmac/u_core/u_mac_5/u_tree_l4n1/n52
                              8.0000         8.3701        -0.3701  (VIOLATED)
   u_NV_NVDLA_cmac/u_core/u_active/n14240
                              8.0000         8.3701        -0.3701  (VIOLATED)
   u_NV_NVDLA_cmac/u_core/u_mac_7/u_nan/n963
                             16.0000        16.3698        -0.3698  (VIOLATED)
   u_NV_NVDLA_cmac/u_core/u_mac_2/ps_n0b5_dc[6]
                              8.0000         8.3673        -0.3673  (VIOLATED)
   u_NV_NVDLA_cmac/u_core/out_data6[121]
                             16.0000        16.3643        -0.3643  (VIOLATED)
   u_NV_NVDLA_cmac/u_core/u_mac_2/pp_out_l0n13_1[18]
                              8.0000         8.3640        -0.3640  (VIOLATED)
   u_NV_NVDLA_cmac/u_core/wt3_actv_data[579]
                             16.0000        16.3640        -0.3640  (VIOLATED)
   u_NV_NVDLA_cmac/u_core/u_mac_0/pp_out_l0n06_1[20]
                              8.0000         8.3639        -0.3639  (VIOLATED)
   u_NV_NVDLA_cmac/u_core/dat3_pre_mask[59]
                             16.0000        16.3639        -0.3639  (VIOLATED)
   u_NV_NVDLA_cmac/u_core/u_active/dat_pre_nz[38]
                             16.0000        16.3605        -0.3605  (VIOLATED)
   u_NV_NVDLA_cmac/u_core/u_mac_7/res_a_55[10]
                             16.0000        16.3598        -0.3598  (VIOLATED)
   u_NV_NVDLA_cmac/u_core/u_mac_7/sop_1[2]
                              8.0000         8.3593        -0.3593  (VIOLATED)
   u_NV_NVDLA_cmac/u_core/u_mac_6/res_tag_29[2]
                             16.0000        16.3590        -0.3590  (VIOLATED)
   u_NV_NVDLA_cmac/u_core/u_mac_1/u_nan/n1684
                             16.0000        16.3586        -0.3586  (VIOLATED)
   u_NV_NVDLA_cmac/u_core/u_mac_6/pp_out_l0n05_1[18]
                              8.0000         8.3584        -0.3584  (VIOLATED)
   u_NV_NVDLA_cmac/u_core/u_mac_3/u_mul_45/n305
                             16.0000        16.3567        -0.3567  (VIOLATED)
   u_NV_NVDLA_cmac/u_core/u_mac_3/u_tree_l0n13/n269
                              8.0000         8.3565        -0.3565  (VIOLATED)
   u_NV_NVDLA_cmac/u_core/u_mac_6/pp_out_l4n3_1[30]
                              8.0000         8.3563        -0.3563  (VIOLATED)
   u_NV_NVDLA_cmac/u_core/u_mac_3/u_tree_l0n10/n312
                              8.0000         8.3561        -0.3561  (VIOLATED)
   u_NV_NVDLA_cmac/u_core/u_mac_7/pp_out_l0n14_1[31]
                             16.0000        16.3557        -0.3557  (VIOLATED)
   u_NV_NVDLA_cmac/u_core/u_mac_0/n9634
                              8.0000         8.3552        -0.3552  (VIOLATED)
   u_NV_NVDLA_cmac/u_core/u_mac_7/n8958
                              8.0000         8.3548        -0.3548  (VIOLATED)
   u_NV_NVDLA_cmac/u_core/u_mac_5/u_tree_l0n11/n42
                              8.0000         8.3546        -0.3546  (VIOLATED)
   u_NV_NVDLA_cmac/u_core/u_mac_5/u_nan/n436
                             32.0000        32.3535        -0.3535  (VIOLATED)
   u_NV_NVDLA_cmac/u_core/u_active/n7480
                             16.0000        16.3533        -0.3533  (VIOLATED)
   u_NV_NVDLA_cmac/u_core/u_mac_0/n9644
                              8.0000         8.3526        -0.3526  (VIOLATED)
   u_NV_NVDLA_cmac/u_core/u_mac_3/u_nan/n1716
                              8.0000         8.3521        -0.3521  (VIOLATED)
   u_NV_NVDLA_cmac/u_core/u_mac_4/u_tree_l0n01/n312
                             16.0000        16.3520        -0.3520  (VIOLATED)
   u_NV_NVDLA_cmac/u_core/wt6_actv_data[572]
                             16.0000        16.3520        -0.3520  (VIOLATED)
   u_NV_NVDLA_cmac/u_core/u_mac_6/u_tree_l0n05/n192
                              8.0000         8.3515        -0.3515  (VIOLATED)
   u_NV_NVDLA_cmac/u_core/u_mac_4/u_mul_57/n307
                             16.0000        16.3507        -0.3507  (VIOLATED)
   u_NV_NVDLA_cmac/u_core/u_mac_4/n8934
                              8.0000         8.3501        -0.3501  (VIOLATED)
   u_NV_NVDLA_cmac/u_core/u_mac_1/u_mul_3/n312
                             16.0000        16.3500        -0.3500  (VIOLATED)
   u_NV_NVDLA_cmac/u_core/u_active/wt_pre_data[995]
                             16.0000        16.3499        -0.3499  (VIOLATED)
   u_NV_NVDLA_cmac/u_core/u_mac_3/u_tree_l0n15/n132
                              8.0000         8.3498        -0.3498  (VIOLATED)
   u_NV_NVDLA_cmac/u_core/u_mac_5/u_nan/n2044
                             16.0000        16.3482        -0.3482  (VIOLATED)
   u_NV_NVDLA_cmac/u_core/u_mac_2/pp_out_l0n13_1[20]
                              8.0000         8.3465        -0.3465  (VIOLATED)
   u_NV_NVDLA_cmac/u_core/u_mac_1/u_tree_l4n0/n287
                              8.0000         8.3460        -0.3460  (VIOLATED)
   u_NV_NVDLA_cmac/u_core/u_mac_3/res_tag_34[2]
                             82.0000        82.3460        -0.3460  (VIOLATED)
   u_NV_NVDLA_cmac/u_core/u_mac_0/pp_out_l4n3_1[33]
                              8.0000         8.3445        -0.3445  (VIOLATED)
   u_NV_NVDLA_cmac/u_core/u_mac_0/ps_n0b6_wg[1]
                              8.0000         8.3443        -0.3443  (VIOLATED)
   u_NV_NVDLA_cmac/u_core/u_mac_3/n9674
                              8.0000         8.3441        -0.3441  (VIOLATED)
   u_NV_NVDLA_cmac/u_core/u_mac_0/pp_out_l0n07_1[16]
                             16.0000        16.3439        -0.3439  (VIOLATED)
   u_NV_NVDLA_cmac/u_core/u_active/dat_pre_data[884]
                             16.0000        16.3438        -0.3438  (VIOLATED)
   u_NV_NVDLA_cmac/u_core/u_mac_0/pp_out_l0n13_1[17]
                             16.0000        16.3424        -0.3424  (VIOLATED)
   u_NV_NVDLA_cmac/u_core/u_mac_7/pp_out_l4n3_0[45]
                              8.0000         8.3422        -0.3422  (VIOLATED)
   u_NV_NVDLA_cmac/u_core/u_mac_3/pp_out_l0n15_1[3]
                             16.0000        16.3408        -0.3408  (VIOLATED)
   u_NV_NVDLA_cmac/u_core/u_mac_1/pp_out_l0n03_1[27]
                             16.0000        16.3406        -0.3406  (VIOLATED)
   u_NV_NVDLA_cmac/u_core/u_mac_3/u_tree_l4n3/n211
                             16.0000        16.3389        -0.3389  (VIOLATED)
   u_NV_NVDLA_cmac/u_core/wt0_actv_data[1007]
                             16.0000        16.3377        -0.3377  (VIOLATED)
   u_NV_NVDLA_cmac/u_core/u_mac_1/pp_out_l0n14_1[10]
                             16.0000        16.3376        -0.3376  (VIOLATED)
   u_NV_NVDLA_cmac/u_core/u_mac_4/n3367
                             32.0000        32.3343        -0.3343  (VIOLATED)
   u_NV_NVDLA_cmac/u_core/u_mac_4/n6522
                             16.0000        16.3342        -0.3342  (VIOLATED)
   u_NV_NVDLA_cmac/u_core/u_mac_1/pp_out_l2n5_1[19]
                             16.0000        16.3341        -0.3341  (VIOLATED)
   u_NV_NVDLA_cmac/u_core/u_mac_1/pp_out_l0n03_1[21]
                             16.0000        16.3340        -0.3340  (VIOLATED)
   u_NV_NVDLA_cmac/u_core/u_mac_0/pp_out_l0n11_1[13]
                             16.0000        16.3339        -0.3339  (VIOLATED)
   u_NV_NVDLA_cmac/u_core/u_mac_4/u_tree_l0n01/n286
                             16.0000        16.3330        -0.3330  (VIOLATED)
   u_NV_NVDLA_cmac/u_core/u_mac_1/u_nan/n1864
                             16.0000        16.3317        -0.3317  (VIOLATED)
   u_NV_NVDLA_cmac/u_core/u_mac_4/u_tree_l0n01/n216
                             16.0000        16.3308        -0.3308  (VIOLATED)
   u_NV_NVDLA_cmac/u_core/u_mac_0/pp_out_l0n11_0[20]
                             16.0000        16.3298        -0.3298  (VIOLATED)
   u_NV_NVDLA_cmac/u_core/u_mac_1/pp_out_l4n3_1[37]
                              8.0000         8.3282        -0.3282  (VIOLATED)
   u_NV_NVDLA_cmac/u_core/u_mac_3/sop_3[6]
                              8.0000         8.3280        -0.3280  (VIOLATED)
   u_NV_NVDLA_cmac/u_core/u_active/n4870
                             16.0000        16.3273        -0.3273  (VIOLATED)
   u_NV_NVDLA_cmac/u_core/u_mac_6/u_mul_28/n306
                             16.0000        16.3271        -0.3271  (VIOLATED)
   u_NV_NVDLA_cmac/u_core/wt3_actv_data[775]
                             16.0000        16.3256        -0.3256  (VIOLATED)
   u_NV_NVDLA_cmac/u_core/u_mac_6/pp_out_l0n08_1[15]
                              8.0000         8.3255        -0.3255  (VIOLATED)
   u_NV_NVDLA_cmac/u_core/u_mac_2/u_tree_l0n15/n192
                              8.0000         8.3222        -0.3222  (VIOLATED)
   u_NV_NVDLA_cmac/u_core/u_mac_7/pp_out_l0n11_1[31]
                             16.0000        16.3207        -0.3207  (VIOLATED)
   u_NV_NVDLA_cmac/u_core/wt7_actv_data[875]
                             16.0000        16.3207        -0.3207  (VIOLATED)
   u_NV_NVDLA_cmac/u_core/u_active/n7474
                             16.0000        16.3205        -0.3205  (VIOLATED)
   u_NV_NVDLA_cmac/u_core/u_mac_5/n9805
                              8.0000         8.3202        -0.3202  (VIOLATED)
   u_NV_NVDLA_cmac/u_core/wt6_actv_nan[7]
                             16.0000        16.3181        -0.3181  (VIOLATED)
   u_NV_NVDLA_cmac/u_core/wt6_actv_data[568]
                             16.0000        16.3180        -0.3180  (VIOLATED)
   u_NV_NVDLA_cmac/u_core/u_mac_3/u_tree_l0n14/n282
                              8.0000         8.3165        -0.3165  (VIOLATED)
   u_NV_NVDLA_cmac/u_core/wt6_actv_data[400]
                             16.0000        16.3159        -0.3159  (VIOLATED)
   u_NV_NVDLA_cmac/u_core/wt6_actv_data[536]
                             16.0000        16.3127        -0.3127  (VIOLATED)
   u_NV_NVDLA_cmac/u_core/u_active/n31746
                             16.0000        16.3122        -0.3122  (VIOLATED)
   u_NV_NVDLA_cmac/u_core/u_mac_0/pp_out_l0n11_1[9]
                             16.0000        16.3116        -0.3116  (VIOLATED)
   u_NV_NVDLA_cmac/u_core/u_mac_7/u_nan/n1103
                             16.0000        16.3112        -0.3112  (VIOLATED)
   u_NV_NVDLA_cmac/u_core/u_mac_0/pp_out_l0n13_1[18]
                             16.0000        16.3108        -0.3108  (VIOLATED)
   u_NV_NVDLA_cmac/u_core/u_mac_3/res_tag_63[3]
                             16.0000        16.3101        -0.3101  (VIOLATED)
   u_NV_NVDLA_cmac/u_core/u_mac_6/u_nan/n2154
                             16.0000        16.3093        -0.3093  (VIOLATED)
   u_NV_NVDLA_cmac/u_core/u_mac_3/n8258
                              8.0000         8.3092        -0.3092  (VIOLATED)
   u_NV_NVDLA_cmac/u_core/u_mac_4/sop_0[7]
                              8.0000         8.3089        -0.3089  (VIOLATED)
   u_NV_NVDLA_cmac/u_core/wt4_actv_data[318]
                             16.0000        16.3084        -0.3084  (VIOLATED)
   u_NV_NVDLA_cmac/u_core/u_mac_2/pp_out_l0n01_0[31]
                             16.0000        16.3067        -0.3067  (VIOLATED)
   u_NV_NVDLA_cmac/u_core/u_mac_3/u_tree_l0n09/n232
                              8.0000         8.3064        -0.3064  (VIOLATED)
   u_NV_NVDLA_cmac/u_core/wt3_actv_data[75]
                             16.0000        16.3047        -0.3047  (VIOLATED)
   u_NV_NVDLA_cmac/u_core/u_mac_2/u_mul_26/n199
                              8.0000         8.3046        -0.3046  (VIOLATED)
   u_NV_NVDLA_cmac/u_core/u_mac_5/n9904
                              8.0000         8.3045        -0.3045  (VIOLATED)
   u_NV_NVDLA_cmac/u_core/u_mac_7/pp_out_l0n06_1[28]
                              8.0000         8.3044        -0.3044  (VIOLATED)
   u_NV_NVDLA_cmac/u_core/u_active/n31666
                             16.0000        16.3040        -0.3040  (VIOLATED)
   u_NV_NVDLA_cmac/u_core/u_mac_5/u_nan/n22
                              8.0000         8.3037        -0.3037  (VIOLATED)
   u_NV_NVDLA_cmac/u_core/u_mac_5/pp_out_l0n02_1[33]
                             16.0000        16.3036        -0.3036  (VIOLATED)
   u_NV_NVDLA_cmac/u_core/u_mac_7/pp_out_l0n09_1[18]
                              8.0000         8.3024        -0.3024  (VIOLATED)
   u_NV_NVDLA_cmac/u_core/u_active/dat_pre_data[800]
                             16.0000        16.3022        -0.3022  (VIOLATED)
   u_NV_NVDLA_cmac/u_core/u_active/n8612
                             16.0000        16.3020        -0.3020  (VIOLATED)
   u_NV_NVDLA_cmac/u_core/u_mac_3/sop_2[1]
                              8.0000         8.3018        -0.3018  (VIOLATED)
   u_NV_NVDLA_cmac/u_core/u_mac_3/pp_out_l0n05_0[23]
                             16.0000        16.3009        -0.3009  (VIOLATED)
   u_NV_NVDLA_cmac/u_core/u_mac_2/pp_out_l0n09_1[33]
                             16.0000        16.2999        -0.2999  (VIOLATED)
   u_NV_NVDLA_cmac/u_core/u_mac_2/pp_out_l0n03_0[2]
                             16.0000        16.2987        -0.2987  (VIOLATED)
   u_NV_NVDLA_cmac/u_core/u_mac_2/u_exp/exp_sum_56[1]
                             16.0000        16.2981        -0.2981  (VIOLATED)
   u_NV_NVDLA_cmac/u_core/u_mac_3/n9636
                              8.0000         8.2979        -0.2979  (VIOLATED)
   u_NV_NVDLA_cmac/u_core/wt3_actv_data[817]
                             16.0000        16.2977        -0.2977  (VIOLATED)
   u_NV_NVDLA_cmac/u_core/wt4_actv_data[32]
                             16.0000        16.2967        -0.2967  (VIOLATED)
   u_NV_NVDLA_cmac/u_core/u_active/n14288
                              8.0000         8.2958        -0.2958  (VIOLATED)
   u_NV_NVDLA_cmac/u_core/u_mac_2/u_nan/n1537
                             16.0000        16.2948        -0.2948  (VIOLATED)
   u_NV_NVDLA_cmac/u_core/u_mac_2/pp_out_l0n09_0[14]
                             16.0000        16.2944        -0.2944  (VIOLATED)
   u_NV_NVDLA_cmac/u_core/u_active/wt_pre_exp[6]
                             16.0000        16.2940        -0.2940  (VIOLATED)
   u_NV_NVDLA_cmac/u_core/u_active/n27370
                             16.0000        16.2939        -0.2939  (VIOLATED)
   u_NV_NVDLA_cmac/u_core/u_mac_6/pp_out_l0n11_1[33]
                             16.0000        16.2937        -0.2937  (VIOLATED)
   u_NV_NVDLA_cmac/u_core/u_mac_0/pp_out_l0n07_1[34]
                             16.0000        16.2937        -0.2937  (VIOLATED)
   u_NV_NVDLA_cmac/u_core/u_mac_6/u_mul_14/n313
                             16.0000        16.2936        -0.2936  (VIOLATED)
   u_NV_NVDLA_cmac/u_core/u_mac_3/u_mul_21/n227
                             32.0000        32.2933        -0.2933  (VIOLATED)
   u_NV_NVDLA_cmac/u_core/u_mac_3/pp_out_l0n04_0[22]
                             16.0000        16.2933        -0.2933  (VIOLATED)
   u_NV_NVDLA_cmac/u_core/u_mac_6/n6375
                             16.0000        16.2931        -0.2931  (VIOLATED)
   u_NV_NVDLA_cmac/u_core/u_mac_6/pp_out_l2n5_0[36]
                             16.0000        16.2930        -0.2930  (VIOLATED)
   u_NV_NVDLA_cmac/u_core/out_data6[76]
                             16.0000        16.2930        -0.2930  (VIOLATED)
   u_NV_NVDLA_cmac/u_core/u_mac_3/n6895
                             16.0000        16.2928        -0.2928  (VIOLATED)
   u_NV_NVDLA_cmac/u_core/u_mac_2/pp_out_l0n09_1[19]
                             16.0000        16.2905        -0.2905  (VIOLATED)
   u_NV_NVDLA_cmac/u_core/u_mac_4/pp_out_l0n09_1[12]
                              8.0000         8.2899        -0.2899  (VIOLATED)
   u_NV_NVDLA_cmac/u_core/u_mac_4/pp_out_l0n08_1[19]
                             16.0000        16.2883        -0.2883  (VIOLATED)
   u_NV_NVDLA_cmac/u_core/u_active/n5861
                             16.0000        16.2875        -0.2875  (VIOLATED)
   u_NV_NVDLA_cmac/u_core/u_mac_1/pp_out_l0n03_0[17]
                             16.0000        16.2869        -0.2869  (VIOLATED)
   u_NV_NVDLA_cmac/u_core/u_mac_3/pp_out_l1n0_0[2]
                             16.0000        16.2865        -0.2865  (VIOLATED)
   u_NV_NVDLA_cmac/u_core/u_active/n31654
                             16.0000        16.2856        -0.2856  (VIOLATED)
   u_NV_NVDLA_cmac/u_core/u_mac_0/u_mul_59/n227
                             32.0000        32.2853        -0.2853  (VIOLATED)
   u_NV_NVDLA_cmac/u_core/u_mac_7/pp_out_l0n15_1[27]
                             16.0000        16.2850        -0.2850  (VIOLATED)
   u_NV_NVDLA_cmac/u_core/u_mac_5/pp_out_l0n03_1[25]
                             16.0000        16.2829        -0.2829  (VIOLATED)
   u_NV_NVDLA_cmac/u_core/u_mac_1/u_tree_l4n3/n244
                              8.0000         8.2814        -0.2814  (VIOLATED)
   u_NV_NVDLA_cmac/u_core/u_mac_7/pp_out_l2n0_1[18]
                             16.0000        16.2811        -0.2811  (VIOLATED)
   u_NV_NVDLA_cmac/u_core/u_mac_3/pp_out_l0n05_0[19]
                             16.0000        16.2809        -0.2809  (VIOLATED)
   u_NV_NVDLA_cmac/u_core/u_mac_2/pp_out_l0n03_1[20]
                             16.0000        16.2809        -0.2809  (VIOLATED)
   u_NV_NVDLA_cmac/u_core/u_mac_6/pp_out_l0n05_1[21]
                              8.0000         8.2798        -0.2798  (VIOLATED)
   u_NV_NVDLA_cmac/u_core/u_mac_3/n7790
                              8.0000         8.2788        -0.2788  (VIOLATED)
   u_NV_NVDLA_cmac/u_core/u_active/n18472
                             16.0000        16.2780        -0.2780  (VIOLATED)
   u_NV_NVDLA_cmac/u_core/u_mac_3/u_tree_l1n4/n55
                             16.0000        16.2776        -0.2776  (VIOLATED)
   u_NV_NVDLA_cmac/u_core/u_mac_3/u_tree_l4n3/n221
                             16.0000        16.2773        -0.2773  (VIOLATED)
   u_NV_NVDLA_cmac/u_core/u_mac_0/pp_out_l0n11_1[7]
                             16.0000        16.2772        -0.2772  (VIOLATED)
   u_NV_NVDLA_cmac/u_core/u_mac_1/u_mul_41/n199
                              8.0000         8.2763        -0.2763  (VIOLATED)
   u_NV_NVDLA_cmac/u_core/u_mac_2/pp_out_l2n1_1[16]
                             16.0000        16.2743        -0.2743  (VIOLATED)
   u_NV_NVDLA_cmac/u_core/u_mac_3/res_a_12[24]
                             16.0000        16.2739        -0.2739  (VIOLATED)
   u_NV_NVDLA_cmac/u_core/u_mac_2/pp_out_l0n03_0[6]
                             16.0000        16.2730        -0.2730  (VIOLATED)
   u_NV_NVDLA_cmac/u_core/u_mac_5/res_a_50[8]
                              8.0000         8.2726        -0.2726  (VIOLATED)
   u_NV_NVDLA_cmac/u_core/u_mac_3/u_tree_l0n12/n242
                              8.0000         8.2715        -0.2715  (VIOLATED)
   u_NV_NVDLA_cmac/u_core/u_mac_6/ps_n3b3[2]
                              8.0000         8.2711        -0.2711  (VIOLATED)
   u_NV_NVDLA_cmac/u_core/u_mac_6/pp_out_l2n0_1[34]
                              8.0000         8.2706        -0.2706  (VIOLATED)
   u_NV_NVDLA_cmac/u_core/u_mac_2/u_nan/n936
                             16.0000        16.2700        -0.2700  (VIOLATED)
   u_NV_NVDLA_cmac/u_core/u_active/n6059
                             16.0000        16.2693        -0.2693  (VIOLATED)
   u_NV_NVDLA_cmac/u_core/u_active/wt_pre_data[216]
                            168.0000       168.2692        -0.2692  (VIOLATED)
   u_NV_NVDLA_cmac/u_core/u_mac_3/u_tree_l0n14/n202
                              8.0000         8.2683        -0.2683  (VIOLATED)
   u_NV_NVDLA_cmac/u_core/u_mac_4/u_tree_l0n07/n323
                              8.0000         8.2682        -0.2682  (VIOLATED)
   u_NV_NVDLA_cmac/u_core/u_mac_0/u_mul_15/n315
                             16.0000        16.2645        -0.2645  (VIOLATED)
   u_NV_NVDLA_cmac/u_core/u_mac_4/u_tree_l0n01/n292
                             16.0000        16.2639        -0.2639  (VIOLATED)
   u_NV_NVDLA_cmac/u_core/wt0_actv_data[388]
                             16.0000        16.2635        -0.2635  (VIOLATED)
   u_NV_NVDLA_cmac/u_core/u_mac_4/u_tree_l4n3/n187
                             16.0000        16.2632        -0.2632  (VIOLATED)
   u_NV_NVDLA_cmac/u_core/u_mac_1/pp_out_l0n14_1[11]
                             16.0000        16.2628        -0.2628  (VIOLATED)
   u_NV_NVDLA_cmac/u_core/u_mac_0/pp_out_l0n00_1[14]
                             16.0000        16.2622        -0.2622  (VIOLATED)
   u_NV_NVDLA_cmac/u_core/u_mac_1/pp_out_l0n09_1_d1[34]
                             16.0000        16.2611        -0.2611  (VIOLATED)
   u_NV_NVDLA_cmac/u_core/u_active/dat_pre_data[948]
                             16.0000        16.2611        -0.2611  (VIOLATED)
   u_NV_NVDLA_cmac/u_core/u_mac_6/u_tree_l0n11/n62
                              8.0000         8.2611        -0.2611  (VIOLATED)
   u_NV_NVDLA_cmac/u_core/u_mac_6/res_tag_47[7]
                             32.0000        32.2610        -0.2610  (VIOLATED)
   u_NV_NVDLA_cmac/u_core/u_mac_1/u_mul_11/n308
                             16.0000        16.2593        -0.2593  (VIOLATED)
   u_NV_NVDLA_cmac/u_core/u_mac_3/n8909
                              8.0000         8.2585        -0.2585  (VIOLATED)
   u_NV_NVDLA_cmac/u_core/n44
                             32.0000        32.2584        -0.2584  (VIOLATED)
   u_NV_NVDLA_cmac/u_core/u_mac_0/pp_out_l0n15_0[22]
                             16.0000        16.2583        -0.2583  (VIOLATED)
   u_NV_NVDLA_cmac/u_core/u_mac_5/ps_n2b5[5]
                             16.0000        16.2581        -0.2581  (VIOLATED)
   u_NV_NVDLA_cmac/u_core/u_active/wt_pre_exp[95]
                             16.0000        16.2574        -0.2574  (VIOLATED)
   u_NV_NVDLA_cmac/u_core/u_mac_5/pp_out_l0n03_1[30]
                             16.0000        16.2569        -0.2569  (VIOLATED)
   u_NV_NVDLA_cmac/u_core/u_mac_3/sop_0[6]
                              8.0000         8.2564        -0.2564  (VIOLATED)
   u_NV_NVDLA_cmac/u_core/u_mac_3/sub_x_1058/n211
                             16.0000        16.2558        -0.2558  (VIOLATED)
   u_NV_NVDLA_cmac/u_core/u_mac_2/pp_out_l4n2_0[45]
                              8.0000         8.2548        -0.2548  (VIOLATED)
   u_NV_NVDLA_cmac/u_core/u_mac_3/res_a_01[8]
                              8.0000         8.2535        -0.2535  (VIOLATED)
   u_NV_NVDLA_cmac/u_core/u_mac_1/pp_out_l0n07_1_d1[35]
                             16.0000        16.2534        -0.2534  (VIOLATED)
   u_NV_NVDLA_cmac/u_core/u_mac_3/pp_out_l0n11_1[25]
                              8.0000         8.2510        -0.2510  (VIOLATED)
   u_NV_NVDLA_cmac/u_core/u_mac_1/u_tree_l4n0/n228
                              8.0000         8.2508        -0.2508  (VIOLATED)
   u_NV_NVDLA_cmac/u_core/u_mac_3/pp_out_l0n00_1[30]
                             82.0000        82.2508        -0.2508  (VIOLATED)
   u_NV_NVDLA_cmac/u_core/u_mac_7/sop_1[1]
                              8.0000         8.2503        -0.2503  (VIOLATED)
   u_NV_NVDLA_cmac/u_core/u_active/n37485
                             16.0000        16.2502        -0.2502  (VIOLATED)
   u_NV_NVDLA_cmac/u_core/u_mac_6/pp_out_l0n04_1[4]
                             16.0000        16.2489        -0.2489  (VIOLATED)
   u_NV_NVDLA_cmac/u_core/u_mac_6/u_nan/n2061
                              8.0000         8.2486        -0.2486  (VIOLATED)
   u_NV_NVDLA_cmac/u_core/u_mac_2/res_tag_14[7]
                             32.0000        32.2485        -0.2485  (VIOLATED)
   u_NV_NVDLA_cmac/u_core/u_mac_6/pp_out_l0n11_1[31]
                             16.0000        16.2479        -0.2479  (VIOLATED)
   u_NV_NVDLA_cmac/u_core/u_mac_5/u_nan/n21
                              8.0000         8.2467        -0.2467  (VIOLATED)
   u_NV_NVDLA_cmac/u_core/u_mac_1/u_mul_52/n303
                             16.0000        16.2462        -0.2462  (VIOLATED)
   u_NV_NVDLA_cmac/u_core/u_active/wt_pre_data[992]
                             16.0000        16.2457        -0.2457  (VIOLATED)
   u_NV_NVDLA_cmac/u_core/u_active/wt_pre_data[430]
                             16.0000        16.2455        -0.2455  (VIOLATED)
   u_NV_NVDLA_cmac/u_core/u_mac_0/u_nan/n5
                             16.0000        16.2454        -0.2454  (VIOLATED)
   u_NV_NVDLA_cmac/u_core/u_active/dat_pre_data[112]
                             16.0000        16.2454        -0.2454  (VIOLATED)
   u_NV_NVDLA_cmac/u_core/u_mac_6/sop_1[6]
                              8.0000         8.2451        -0.2451  (VIOLATED)
   u_NV_NVDLA_cmac/u_core/u_mac_4/res_tag_1[4]
                             16.0000        16.2449        -0.2449  (VIOLATED)
   u_NV_NVDLA_cmac/u_core/u_mac_5/exp_sft_33[0]
                              8.0000         8.2439        -0.2439  (VIOLATED)
   u_NV_NVDLA_cmac/u_core/u_mac_2/pp_out_l0n11_1[24]
                              8.0000         8.2435        -0.2435  (VIOLATED)
   u_NV_NVDLA_cmac/u_core/u_mac_5/pp_out_l4n1_0[45]
                              8.0000         8.2428        -0.2428  (VIOLATED)
   u_NV_NVDLA_cmac/u_core/u_mac_7/pp_out_l2n4_1[39]
                             16.0000        16.2424        -0.2424  (VIOLATED)
   u_NV_NVDLA_cmac/u_core/u_mac_3/u_tree_l4n3/n187
                             16.0000        16.2417        -0.2417  (VIOLATED)
   u_NV_NVDLA_cmac/u_core/in_dat_mask[102]
                             16.0000        16.2415        -0.2415  (VIOLATED)
   u_NV_NVDLA_cmac/u_core/u_mac_3/u_tree_l3n0/n85
                              8.0000         8.2402        -0.2402  (VIOLATED)
   u_NV_NVDLA_cmac/u_core/u_mac_4/u_nan/n1338
                             32.0000        32.2400        -0.2400  (VIOLATED)
   u_NV_NVDLA_cmac/u_core/u_mac_0/u_mul_40/n315
                             16.0000        16.2396        -0.2396  (VIOLATED)
   u_NV_NVDLA_cmac/u_core/u_active/wt_pre_data[996]
                             16.0000        16.2378        -0.2378  (VIOLATED)
   u_NV_NVDLA_cmac/u_core/u_mac_2/n9692
                              8.0000         8.2375        -0.2375  (VIOLATED)
   u_NV_NVDLA_cmac/u_core/wt0_actv_data[306]
                             16.0000        16.2360        -0.2360  (VIOLATED)
   u_NV_NVDLA_cmac/u_core/u_mac_5/pp_out_l2n6_1[7]
                             16.0000        16.2354        -0.2354  (VIOLATED)
   u_NV_NVDLA_cmac/u_core/u_mac_1/u_nan/n1283
                             16.0000        16.2353        -0.2353  (VIOLATED)
   u_NV_NVDLA_cmac/u_core/u_mac_0/u_nan/n2118
                             16.0000        16.2352        -0.2352  (VIOLATED)
   u_NV_NVDLA_cmac/u_core/u_active/n31670
                             16.0000        16.2352        -0.2352  (VIOLATED)
   u_NV_NVDLA_cmac/u_core/u_mac_2/n9694
                              8.0000         8.2348        -0.2348  (VIOLATED)
   u_NV_NVDLA_cmac/u_core/u_mac_7/exp_sft_14[1]
                             16.0000        16.2342        -0.2342  (VIOLATED)
   u_NV_NVDLA_cmac/u_core/u_mac_3/ps_n2b1[1]
                              8.0000         8.2342        -0.2342  (VIOLATED)
   u_NV_NVDLA_cmac/u_core/u_mac_5/u_tree_l0n04/n272
                              8.0000         8.2330        -0.2330  (VIOLATED)
   u_NV_NVDLA_cmac/u_core/u_mac_3/sop_3[5]
                              8.0000         8.2328        -0.2328  (VIOLATED)
   u_NV_NVDLA_cmac/u_core/u_mac_5/n6513
                             16.0000        16.2327        -0.2327  (VIOLATED)
   u_NV_NVDLA_cmac/u_core/wt3_actv_data[175]
                             16.0000        16.2302        -0.2302  (VIOLATED)
   u_NV_NVDLA_cmac/u_core/u_mac_7/pp_out_l0n09_1_d1[35]
                             16.0000        16.2295        -0.2295  (VIOLATED)
   u_NV_NVDLA_cmac/u_core/u_mac_0/u_mul_25/n303
                             16.0000        16.2288        -0.2288  (VIOLATED)
   u_NV_NVDLA_cmac/u_core/u_mac_7/n10351
                              8.0000         8.2277        -0.2277  (VIOLATED)
   u_NV_NVDLA_cmac/u_core/u_mac_0/u_tree_l0n15/n9
                              8.0000         8.2272        -0.2272  (VIOLATED)
   u_NV_NVDLA_cmac/u_core/u_active/n14245
                              8.0000         8.2268        -0.2268  (VIOLATED)
   u_NV_NVDLA_cmac/u_core/u_active/n7427
                             16.0000        16.2267        -0.2267  (VIOLATED)
   u_NV_NVDLA_cmac/u_core/u_active/n15213
                             16.0000        16.2259        -0.2259  (VIOLATED)
   u_NV_NVDLA_cmac/u_core/u_mac_3/pp_out_l0n04_0[24]
                             16.0000        16.2248        -0.2248  (VIOLATED)
   u_NV_NVDLA_cmac/u_core/u_mac_0/ps_n3b2[1]
                              8.0000         8.2246        -0.2246  (VIOLATED)
   u_NV_NVDLA_cmac/u_core/u_mac_6/pp_out_l0n11_1[30]
                             16.0000        16.2244        -0.2244  (VIOLATED)
   u_NV_NVDLA_cmac/u_core/u_active/n15243
                             16.0000        16.2243        -0.2243  (VIOLATED)
   u_NV_NVDLA_cmac/u_core/u_mac_4/n8186
                              8.0000         8.2210        -0.2210  (VIOLATED)
   u_NV_NVDLA_cmac/u_core/u_mac_3/u_tree_l0n14/n322
                              8.0000         8.2205        -0.2205  (VIOLATED)
   u_NV_NVDLA_cmac/u_core/u_mac_4/u_tree_l0n13/n329
                              8.0000         8.2205        -0.2205  (VIOLATED)
   u_NV_NVDLA_cmac/u_core/u_mac_7/exp_sft_25[0]
                             16.0000        16.2191        -0.2191  (VIOLATED)
   u_NV_NVDLA_cmac/u_core/u_mac_3/n7900
                              8.0000         8.2191        -0.2191  (VIOLATED)
   u_NV_NVDLA_cmac/u_core/u_mac_2/pp_out_l0n03_0[8]
                             16.0000        16.2181        -0.2181  (VIOLATED)
   u_NV_NVDLA_cmac/u_core/u_active/n5724
                             16.0000        16.2179        -0.2179  (VIOLATED)
   u_NV_NVDLA_cmac/u_core/u_mac_5/res_tag_52[7]
                             32.0000        32.2170        -0.2170  (VIOLATED)
   u_NV_NVDLA_cmac/u_core/u_mac_0/pp_out_l2n2_1[16]
                              8.0000         8.2162        -0.2162  (VIOLATED)
   u_NV_NVDLA_cmac/u_core/u_mac_7/u_tree_l0n09/n329
                              8.0000         8.2161        -0.2161  (VIOLATED)
   u_NV_NVDLA_cmac/u_core/in_dat_data85[7]
                             16.0000        16.2154        -0.2154  (VIOLATED)
   u_NV_NVDLA_cmac/u_core/u_mac_3/n6387
                             16.0000        16.2148        -0.2148  (VIOLATED)
   u_NV_NVDLA_cmac/u_core/u_mac_2/pp_out_l0n09_0[17]
                             16.0000        16.2145        -0.2145  (VIOLATED)
   u_NV_NVDLA_cmac/u_core/wt6_actv_data[540]
                             16.0000        16.2144        -0.2144  (VIOLATED)
   u_NV_NVDLA_cmac/u_core/u_mac_1/u_tree_l4n3/n290
                              8.0000         8.2135        -0.2135  (VIOLATED)
   u_NV_NVDLA_cmac/u_core/u_mac_7/pp_out_l0n15_0[15]
                             16.0000        16.2128        -0.2128  (VIOLATED)
   u_NV_NVDLA_cmac/u_core/u_mac_3/pp_out_l0n05_0[9]
                             16.0000        16.2125        -0.2125  (VIOLATED)
   u_NV_NVDLA_cmac/u_core/u_mac_7/pp_out_l0n06_1[8]
                              8.0000         8.2122        -0.2122  (VIOLATED)
   u_NV_NVDLA_cmac/u_core/u_mac_7/pp_out_l4n3_1[31]
                              8.0000         8.2121        -0.2121  (VIOLATED)
   u_NV_NVDLA_cmac/u_core/u_mac_3/n9632
                              8.0000         8.2115        -0.2115  (VIOLATED)
   u_NV_NVDLA_cmac/u_core/u_mac_3/u_tree_l4n2/n222
                             16.0000        16.2115        -0.2115  (VIOLATED)
   u_NV_NVDLA_cmac/u_core/u_mac_7/pp_out_l0n06_1[24]
                              8.0000         8.2105        -0.2105  (VIOLATED)
   u_NV_NVDLA_cmac/u_core/u_mac_3/u_nan/n432
                              8.0000         8.2101        -0.2101  (VIOLATED)
   u_NV_NVDLA_cmac/u_core/u_mac_6/pp_out_l0n04_1[34]
                             16.0000        16.2086        -0.2086  (VIOLATED)
   u_NV_NVDLA_cmac/u_core/u_mac_7/pp_out_l0n15_1[25]
                             16.0000        16.2084        -0.2084  (VIOLATED)
   u_NV_NVDLA_cmac/u_core/u_active/n31672
                             16.0000        16.2081        -0.2081  (VIOLATED)
   u_NV_NVDLA_cmac/u_core/u_mac_7/pp_out_l0n11_1_d1[3]
                             16.0000        16.2062        -0.2062  (VIOLATED)
   u_NV_NVDLA_cmac/u_core/u_mac_5/res_tag_48[2]
                             16.0000        16.2056        -0.2056  (VIOLATED)
   u_NV_NVDLA_cmac/u_core/u_mac_2/n9682
                              8.0000         8.2053        -0.2053  (VIOLATED)
   u_NV_NVDLA_cmac/u_core/u_mac_4/pp_out_l3n3_1[20]
                              8.0000         8.2053        -0.2053  (VIOLATED)
   u_NV_NVDLA_cmac/u_core/u_mac_0/pp_out_l0n01_1[29]
                             16.0000        16.2042        -0.2042  (VIOLATED)
   u_NV_NVDLA_cmac/u_core/u_mac_1/u_tree_l0n06/n282
                              8.0000         8.2037        -0.2037  (VIOLATED)
   u_NV_NVDLA_cmac/u_core/u_mac_7/pp_out_l0n11_0_d1[14]
                             16.0000        16.2036        -0.2036  (VIOLATED)
   u_NV_NVDLA_cmac/u_core/dat2_actv_data[701]
                             16.0000        16.2033        -0.2033  (VIOLATED)
   u_NV_NVDLA_cmac/u_core/wt6_actv_data[816]
                             16.0000        16.2025        -0.2025  (VIOLATED)
   u_NV_NVDLA_cmac/u_core/u_mac_2/pp_out_l0n09_1[21]
                             16.0000        16.2017        -0.2017  (VIOLATED)
   u_NV_NVDLA_cmac/u_core/u_mac_0/ps_n1b2[1]
                              8.0000         8.1979        -0.1979  (VIOLATED)
   u_NV_NVDLA_cmac/u_core/u_mac_2/exp_sft_16[3]
                              8.0000         8.1960        -0.1960  (VIOLATED)
   u_NV_NVDLA_cmac/u_core/u_mac_4/u_mul_53/n304
                             16.0000        16.1956        -0.1956  (VIOLATED)
   u_NV_NVDLA_cmac/u_core/u_mac_0/u_tree_l4n0/n284
                              8.0000         8.1955        -0.1955  (VIOLATED)
   u_NV_NVDLA_cmac/u_core/u_mac_7/sop_3[4]
                              8.0000         8.1942        -0.1942  (VIOLATED)
   u_NV_NVDLA_cmac/u_core/u_mac_1/u_mul_0/n312
                             16.0000        16.1939        -0.1939  (VIOLATED)
   u_NV_NVDLA_cmac/u_core/u_mac_1/pp_out_l0n09_1_d1[35]
                             16.0000        16.1939        -0.1939  (VIOLATED)
   u_NV_NVDLA_cmac/u_core/wt3_actv_data[535]
                             16.0000        16.1936        -0.1936  (VIOLATED)
   u_NV_NVDLA_cmac/u_core/wt0_actv_data[975]
                             16.0000        16.1925        -0.1925  (VIOLATED)
   u_NV_NVDLA_cmac/u_core/u_mac_5/pp_out_l0n04_1[34]
                             16.0000        16.1924        -0.1924  (VIOLATED)
   u_NV_NVDLA_cmac/u_core/u_mac_1/u_mul_39/n227
                             32.0000        32.1921        -0.1921  (VIOLATED)
   u_NV_NVDLA_cmac/u_core/u_active/wt_pre_mask[2]
                             16.0000        16.1920        -0.1920  (VIOLATED)
   u_NV_NVDLA_cmac/u_core/u_mac_6/pp_out_l2n5_0[32]
                             16.0000        16.1916        -0.1916  (VIOLATED)
   u_NV_NVDLA_cmac/u_core/u_mac_7/res_b_55[18]
                             16.0000        16.1914        -0.1914  (VIOLATED)
   u_NV_NVDLA_cmac/u_core/u_mac_7/n8373
                              8.0000         8.1907        -0.1907  (VIOLATED)
   u_NV_NVDLA_cmac/u_core/wt6_actv_data[33]
                             16.0000        16.1906        -0.1906  (VIOLATED)
   u_NV_NVDLA_cmac/u_core/u_active/n18835
                             16.0000        16.1898        -0.1898  (VIOLATED)
   u_NV_NVDLA_cmac/u_core/u_mac_4/n6453
                             16.0000        16.1893        -0.1893  (VIOLATED)
   u_NV_NVDLA_cmac/u_core/u_mac_7/u_nan/n1380
                             16.0000        16.1883        -0.1883  (VIOLATED)
   u_NV_NVDLA_cmac/u_core/u_mac_3/pp_out_l0n05_1[27]
                             16.0000        16.1883        -0.1883  (VIOLATED)
   u_NV_NVDLA_cmac/u_core/u_mac_6/exp_sft_09[0]
                             16.0000        16.1879        -0.1879  (VIOLATED)
   u_NV_NVDLA_cmac/u_core/u_mac_1/n1478
                              8.0000         8.1876        -0.1876  (VIOLATED)
   u_NV_NVDLA_cmac/u_core/wt3_actv_data[615]
                             16.0000        16.1844        -0.1844  (VIOLATED)
   u_NV_NVDLA_cmac/u_core/u_mac_4/res_tag_47[4]
                             16.0000        16.1822        -0.1822  (VIOLATED)
   u_NV_NVDLA_cmac/u_core/in_dat_mask[27]
                             16.0000        16.1817        -0.1817  (VIOLATED)
   u_NV_NVDLA_cmac/u_core/u_active/n7357
                             16.0000        16.1812        -0.1812  (VIOLATED)
   u_NV_NVDLA_cmac/u_core/u_mac_3/pp_out_l0n00_1[25]
                             82.0000        82.1804        -0.1804  (VIOLATED)
   mac2accu_data6[57]        16.0000        16.1795        -0.1795  (VIOLATED)
   u_NV_NVDLA_cmac/u_core/u_mac_6/pp_out_l0n11_0[23]
                             16.0000        16.1794        -0.1794  (VIOLATED)
   u_NV_NVDLA_cmac/u_core/u_mac_3/u_tree_l4n3/n203
                             16.0000        16.1792        -0.1792  (VIOLATED)
   u_NV_NVDLA_cmac/u_core/u_mac_1/ps_n1b0[3]
                              8.0000         8.1785        -0.1785  (VIOLATED)
   u_NV_NVDLA_cmac/u_core/u_mac_3/u_nan/n995
                              8.0000         8.1779        -0.1779  (VIOLATED)
   u_NV_NVDLA_cmac/u_core/u_mac_6/pp_out_l0n04_1[12]
                             16.0000        16.1776        -0.1776  (VIOLATED)
   u_NV_NVDLA_cmac/u_core/u_mac_6/pp_out_l2n1_0[29]
                             16.0000        16.1770        -0.1770  (VIOLATED)
   u_NV_NVDLA_cmac/u_core/u_active/n18781
                             16.0000        16.1767        -0.1767  (VIOLATED)
   u_NV_NVDLA_cmac/u_core/u_mac_0/pp_out_l0n00_1[16]
                             16.0000        16.1763        -0.1763  (VIOLATED)
   u_NV_NVDLA_cmac/u_core/u_mac_2/u_mul_22/n312
                             16.0000        16.1757        -0.1757  (VIOLATED)
   u_NV_NVDLA_cmac/u_core/u_mac_6/u_nan/n337
                             16.0000        16.1730        -0.1730  (VIOLATED)
   u_NV_NVDLA_cmac/u_core/u_mac_4/exp_sft_31[0]
                             16.0000        16.1725        -0.1725  (VIOLATED)
   u_NV_NVDLA_cmac/u_core/u_mac_2/exp_sft_48[0]
                             16.0000        16.1712        -0.1712  (VIOLATED)
   u_NV_NVDLA_cmac/u_core/wt3_actv_data[259]
                             16.0000        16.1705        -0.1705  (VIOLATED)
   u_NV_NVDLA_cmac/u_core/u_active/n7494
                             16.0000        16.1704        -0.1704  (VIOLATED)
   u_NV_NVDLA_cmac/u_core/u_mac_7/pp_out_l0n15_0[11]
                             16.0000        16.1691        -0.1691  (VIOLATED)
   u_NV_NVDLA_cmac/u_core/wt5_actv_data[190]
                             16.0000        16.1691        -0.1691  (VIOLATED)
   u_NV_NVDLA_cmac/u_core/u_mac_5/pp_out_l0n07_0_d1[2]
                             16.0000        16.1686        -0.1686  (VIOLATED)
   u_NV_NVDLA_cmac/u_core/u_mac_6/u_mul_62/n308
                             16.0000        16.1684        -0.1684  (VIOLATED)
   u_NV_NVDLA_cmac/u_core/u_mac_2/u_mul_18/n315
                             16.0000        16.1669        -0.1669  (VIOLATED)
   mac2accu_data6[143]       16.0000        16.1669        -0.1669  (VIOLATED)
   u_NV_NVDLA_cmac/u_core/u_mac_2/pp_out_l0n03_1[24]
                             16.0000        16.1668        -0.1668  (VIOLATED)
   u_NV_NVDLA_cmac/u_core/u_active/n14239
                              8.0000         8.1666        -0.1666  (VIOLATED)
   u_NV_NVDLA_cmac/u_core/dat3_actv_data[941]
                             16.0000        16.1664        -0.1664  (VIOLATED)
   u_NV_NVDLA_cmac/u_core/u_mac_1/u_tree_l0n05/n192
                              8.0000         8.1653        -0.1653  (VIOLATED)
   u_NV_NVDLA_cmac/u_core/u_mac_3/pp_out_l0n04_0[9]
                             16.0000        16.1649        -0.1649  (VIOLATED)
   u_NV_NVDLA_cmac/u_core/u_mac_7/pp_out_l2n1_1_d2[14]
                             16.0000        16.1634        -0.1634  (VIOLATED)
   u_NV_NVDLA_cmac/u_core/u_mac_6/pp_out_l2n1_0[37]
                             16.0000        16.1629        -0.1629  (VIOLATED)
   u_NV_NVDLA_cmac/u_core/u_active/n7483
                             16.0000        16.1623        -0.1623  (VIOLATED)
   u_NV_NVDLA_cmac/u_core/u_mac_3/n8203
                              8.0000         8.1620        -0.1620  (VIOLATED)
   u_NV_NVDLA_cmac/u_core/u_mac_1/res_tag_44[7]
                             32.0000        32.1607        -0.1607  (VIOLATED)
   u_NV_NVDLA_cmac/u_core/u_mac_1/ps_n1b3[3]
                              8.0000         8.1597        -0.1597  (VIOLATED)
   u_NV_NVDLA_cmac/u_core/u_active/n7433
                             16.0000        16.1596        -0.1596  (VIOLATED)
   mac2accu_data7[137]       16.0000        16.1590        -0.1590  (VIOLATED)
   u_NV_NVDLA_cmac/u_core/u_mac_7/u_nan/n1283
                             16.0000        16.1577        -0.1577  (VIOLATED)
   u_NV_NVDLA_cmac/u_core/u_mac_5/pp_out_l0n03_0[10]
                             16.0000        16.1576        -0.1576  (VIOLATED)
   u_NV_NVDLA_cmac/u_core/u_mac_3/n3311
                             32.0000        32.1573        -0.1573  (VIOLATED)
   u_NV_NVDLA_cmac/u_core/u_mac_5/u_mul_46/n316
                             16.0000        16.1566        -0.1566  (VIOLATED)
   u_NV_NVDLA_cmac/u_core/u_mac_2/pp_out_l0n06_1[9]
                             16.0000        16.1560        -0.1560  (VIOLATED)
   u_NV_NVDLA_cmac/u_core/u_mac_7/pp_out_l2n0_0[16]
                             16.0000        16.1523        -0.1523  (VIOLATED)
   u_NV_NVDLA_cmac/u_core/u_mac_1/u_nan/n1504
                             16.0000        16.1519        -0.1519  (VIOLATED)
   u_NV_NVDLA_cmac/u_core/u_mac_2/pp_out_l0n11_0[0]
                              8.0000         8.1516        -0.1516  (VIOLATED)
   u_NV_NVDLA_cmac/u_core/u_mac_5/n6495
                             16.0000        16.1509        -0.1509  (VIOLATED)
   u_NV_NVDLA_cmac/u_core/u_mac_6/sub_x_917/n211
                              8.0000         8.1495        -0.1495  (VIOLATED)
   u_NV_NVDLA_cmac/u_core/u_mac_2/pp_out_l0n09_0[33]
                             16.0000        16.1493        -0.1493  (VIOLATED)
   u_NV_NVDLA_cmac/u_core/u_mac_5/u_tree_l0n11/n62
                              8.0000         8.1490        -0.1490  (VIOLATED)
   u_NV_NVDLA_cmac/u_core/u_mac_3/pp_out_l0n11_1[17]
                              8.0000         8.1489        -0.1489  (VIOLATED)
   u_NV_NVDLA_cmac/u_core/u_mac_0/pp_out_l4n3_1[31]
                              8.0000         8.1473        -0.1473  (VIOLATED)
   u_NV_NVDLA_cmac/u_core/u_mac_2/pp_out_l0n13_1[10]
                              8.0000         8.1472        -0.1472  (VIOLATED)
   u_NV_NVDLA_cmac/u_core/u_mac_6/n6196
                             16.0000        16.1466        -0.1466  (VIOLATED)
   u_NV_NVDLA_cmac/u_core/u_mac_5/n9247
                             16.0000        16.1450        -0.1450  (VIOLATED)
   u_NV_NVDLA_cmac/u_core/u_mac_4/n8712
                              8.0000         8.1447        -0.1447  (VIOLATED)
   u_NV_NVDLA_cmac/u_core/out_data6[78]
                             16.0000        16.1444        -0.1444  (VIOLATED)
   u_NV_NVDLA_cmac/u_core/u_mac_4/u_tree_l0n01/n258
                             16.0000        16.1444        -0.1444  (VIOLATED)
   mac2accu_data7[131]       16.0000        16.1436        -0.1436  (VIOLATED)
   u_NV_NVDLA_cmac/u_core/wt3_actv_data[865]
                             16.0000        16.1423        -0.1423  (VIOLATED)
   u_NV_NVDLA_cmac/u_core/u_mac_7/u_tree_l0n03/n342
                             16.0000        16.1420        -0.1420  (VIOLATED)
   u_NV_NVDLA_cmac/u_core/u_mac_4/u_tree_l4n3/n223
                             16.0000        16.1411        -0.1411  (VIOLATED)
   u_NV_NVDLA_cmac/u_core/u_mac_3/res_tag_31[0]
                             16.0000        16.1410        -0.1410  (VIOLATED)
   u_NV_NVDLA_cmac/u_core/wt0_actv_data[16]
                             16.0000        16.1407        -0.1407  (VIOLATED)
   u_NV_NVDLA_cmac/u_core/wt1_actv_data[208]
                             16.0000        16.1406        -0.1406  (VIOLATED)
   u_NV_NVDLA_cmac/u_core/u_mac_7/n7891
                              8.0000         8.1401        -0.1401  (VIOLATED)
   u_NV_NVDLA_cmac/u_core/u_mac_3/pp_out_l0n00_0[7]
                             82.0000        82.1398        -0.1398  (VIOLATED)
   u_NV_NVDLA_cmac/u_core/u_active/dat_pre_data[836]
                             16.0000        16.1395        -0.1395  (VIOLATED)
   u_NV_NVDLA_cmac/u_core/wt3_actv_data[942]
                             16.0000        16.1379        -0.1379  (VIOLATED)
   u_NV_NVDLA_cmac/u_core/u_active/n20748
                             16.0000        16.1373        -0.1373  (VIOLATED)
   mac2accu_data7[42]        16.0000        16.1367        -0.1367  (VIOLATED)
   u_NV_NVDLA_cmac/u_core/u_active/n8606
                             16.0000        16.1367        -0.1367  (VIOLATED)
   u_NV_NVDLA_cmac/u_core/u_mac_1/u_tree_l0n06/n262
                              8.0000         8.1364        -0.1364  (VIOLATED)
   u_NV_NVDLA_cmac/u_core/u_mac_2/n1327
                              8.0000         8.1349        -0.1349  (VIOLATED)
   u_NV_NVDLA_cmac/u_core/wt6_actv_data[872]
                             16.0000        16.1348        -0.1348  (VIOLATED)
   u_NV_NVDLA_cmac/u_core/u_mac_2/pp_out_l0n03_0[31]
                             16.0000        16.1348        -0.1348  (VIOLATED)
   u_NV_NVDLA_cmac/u_core/u_mac_0/u_nan/n1708
                             16.0000        16.1344        -0.1344  (VIOLATED)
   u_NV_NVDLA_cmac/u_core/wt6_actv_data[518]
                             16.0000        16.1326        -0.1326  (VIOLATED)
   u_NV_NVDLA_cmac/u_core/u_active/n37804
                              8.0000         8.1325        -0.1325  (VIOLATED)
   u_NV_NVDLA_cmac/u_core/u_active/wt_pre_data[104]
                             16.0000        16.1325        -0.1325  (VIOLATED)
   u_NV_NVDLA_cmac/u_core/u_mac_1/n6428
                             16.0000        16.1322        -0.1322  (VIOLATED)
   u_NV_NVDLA_cmac/u_core/u_mac_2/pp_out_l0n03_0[10]
                             16.0000        16.1320        -0.1320  (VIOLATED)
   u_NV_NVDLA_cmac/u_core/wt6_actv_data[504]
                             16.0000        16.1291        -0.1291  (VIOLATED)
   u_NV_NVDLA_cmac/u_core/u_mac_5/u_tree_l4n3/n233
                              8.0000         8.1290        -0.1290  (VIOLATED)
   u_NV_NVDLA_cmac/u_core/u_mac_0/u_tree_l0n00/n192
                              8.0000         8.1285        -0.1285  (VIOLATED)
   mac2accu_data6[56]        16.0000        16.1279        -0.1279  (VIOLATED)
   u_NV_NVDLA_cmac/u_core/u_mac_3/pp_out_l0n00_0[6]
                             82.0000        82.1272        -0.1272  (VIOLATED)
   u_NV_NVDLA_cmac/u_core/u_mac_4/pp_out_l3n1_1[40]
                              8.0000         8.1269        -0.1269  (VIOLATED)
   u_NV_NVDLA_cmac/u_core/u_mac_0/pp_out_l0n11_0[18]
                             16.0000        16.1261        -0.1261  (VIOLATED)
   u_NV_NVDLA_cmac/u_core/u_active/n20127
                             16.0000        16.1258        -0.1258  (VIOLATED)
   u_NV_NVDLA_cmac/u_core/u_mac_3/u_tree_l0n14/n246
                              8.0000         8.1255        -0.1255  (VIOLATED)
   u_NV_NVDLA_cmac/u_core/u_mac_6/exp_sft_43[2]
                             16.0000        16.1232        -0.1232  (VIOLATED)
   u_NV_NVDLA_cmac/u_core/dat6_actv_data[937]
                             16.0000        16.1213        -0.1213  (VIOLATED)
   u_NV_NVDLA_cmac/u_core/u_active/dat_pre_data[642]
                             16.0000        16.1204        -0.1204  (VIOLATED)
   u_NV_NVDLA_cmac/u_core/u_mac_3/pp_out_l0n05_1[24]
                             16.0000        16.1193        -0.1193  (VIOLATED)
   u_NV_NVDLA_cmac/u_core/u_mac_5/n6451
                             16.0000        16.1178        -0.1178  (VIOLATED)
   u_NV_NVDLA_cmac/u_core/u_mac_1/pp_out_l0n12_0[0]
                              8.0000         8.1172        -0.1172  (VIOLATED)
   u_NV_NVDLA_cmac/u_core/u_mac_4/n9247
                             16.0000        16.1168        -0.1168  (VIOLATED)
   u_NV_NVDLA_cmac/u_core/wt0_actv_data[413]
                             16.0000        16.1165        -0.1165  (VIOLATED)
   u_NV_NVDLA_cmac/u_core/u_mac_5/n6483
                             16.0000        16.1165        -0.1165  (VIOLATED)
   u_NV_NVDLA_cmac/u_core/u_active/n20752
                             16.0000        16.1155        -0.1155  (VIOLATED)
   u_NV_NVDLA_cmac/u_core/u_mac_2/u_mul_47/n307
                             16.0000        16.1155        -0.1155  (VIOLATED)
   u_NV_NVDLA_cmac/u_core/u_mac_0/pp_out_l0n00_1[13]
                             16.0000        16.1139        -0.1139  (VIOLATED)
   u_NV_NVDLA_cmac/u_core/dat3_pre_mask[55]
                             16.0000        16.1138        -0.1138  (VIOLATED)
   u_NV_NVDLA_cmac/u_core/u_mac_6/pp_out_l0n11_0[22]
                             16.0000        16.1135        -0.1135  (VIOLATED)
   u_NV_NVDLA_cmac/u_core/u_active/n31714
                             16.0000        16.1127        -0.1127  (VIOLATED)
   u_NV_NVDLA_cmac/u_core/u_mac_2/pp_out_l0n01_0[32]
                             16.0000        16.1116        -0.1116  (VIOLATED)
   u_NV_NVDLA_cmac/u_core/u_mac_3/pp_out_l0n05_1[13]
                             16.0000        16.1096        -0.1096  (VIOLATED)
   u_NV_NVDLA_cmac/u_core/u_mac_6/u_mul_37/n307
                             16.0000        16.1094        -0.1094  (VIOLATED)
   u_NV_NVDLA_cmac/u_core/u_mac_6/u_tree_l4n2/n278
                              8.0000         8.1077        -0.1077  (VIOLATED)
   u_NV_NVDLA_cmac/u_core/u_mac_6/u_tree_l4n2/n282
                              8.0000         8.1073        -0.1073  (VIOLATED)
   u_NV_NVDLA_cmac/u_core/wt4_actv_data[166]
                             16.0000        16.1066        -0.1066  (VIOLATED)
   u_NV_NVDLA_cmac/u_core/dat5_actv_data[109]
                             16.0000        16.1060        -0.1060  (VIOLATED)
   u_NV_NVDLA_cmac/u_core/u_mac_7/res_tag_46[2]
                             16.0000        16.1055        -0.1055  (VIOLATED)
   u_NV_NVDLA_cmac/u_core/u_mac_5/res_tag_29[2]
                             82.0000        82.1045        -0.1045  (VIOLATED)
   u_NV_NVDLA_cmac/u_core/u_active/n18447
                             16.0000        16.1039        -0.1039  (VIOLATED)
   u_NV_NVDLA_cmac/u_core/u_mac_7/pp_out_l0n07_0[2]
                             16.0000        16.1037        -0.1037  (VIOLATED)
   u_NV_NVDLA_cmac/u_core/dat6_actv_data[105]
                             16.0000        16.1032        -0.1032  (VIOLATED)
   u_NV_NVDLA_cmac/u_core/u_mac_1/u_mul_23/n311
                             16.0000        16.1002        -0.1002  (VIOLATED)
   u_NV_NVDLA_cmac/u_core/wt3_actv_data[186]
                             16.0000        16.1001        -0.1001  (VIOLATED)
   u_NV_NVDLA_cmac/u_core/u_mac_3/u_nan/n130
                              8.0000         8.0973        -0.0973  (VIOLATED)
   u_NV_NVDLA_cmac/u_core/wt6_actv_data[599]
                             16.0000        16.0972        -0.0972  (VIOLATED)
   u_NV_NVDLA_cmac/u_core/in_dat_mask[60]
                             16.0000        16.0966        -0.0966  (VIOLATED)
   u_NV_NVDLA_cmac/u_core/u_mac_3/pp_out_l0n03_1[20]
                             16.0000        16.0966        -0.0966  (VIOLATED)
   u_NV_NVDLA_cmac/u_core/u_mac_2/n9651
                              8.0000         8.0964        -0.0964  (VIOLATED)
   u_NV_NVDLA_cmac/u_core/u_mac_6/pp_out_l2n1_1[8]
                             16.0000        16.0952        -0.0952  (VIOLATED)
   u_NV_NVDLA_cmac/u_core/wt0_actv_data[958]
                             16.0000        16.0949        -0.0949  (VIOLATED)
   u_NV_NVDLA_cmac/u_core/u_active/n6225
                             16.0000        16.0948        -0.0948  (VIOLATED)
   u_NV_NVDLA_cmac/u_core/u_active/n35658
                             16.0000        16.0943        -0.0943  (VIOLATED)
   u_NV_NVDLA_cmac/u_core/u_mac_1/pp_out_l0n13_1[3]
                             16.0000        16.0933        -0.0933  (VIOLATED)
   u_NV_NVDLA_cmac/u_core/u_mac_6/pp_out_l0n04_1[13]
                             16.0000        16.0931        -0.0931  (VIOLATED)
   u_NV_NVDLA_cmac/u_core/wt3_actv_data[754]
                             16.0000        16.0926        -0.0926  (VIOLATED)
   u_NV_NVDLA_cmac/u_core/dat4_actv_data[9]
                             16.0000        16.0918        -0.0918  (VIOLATED)
   u_NV_NVDLA_cmac/u_core/u_mac_5/u_tree_l2n7/n81
                             16.0000        16.0913        -0.0913  (VIOLATED)
   u_NV_NVDLA_cmac/u_core/out_data6[161]
                             16.0000        16.0910        -0.0910  (VIOLATED)
   u_NV_NVDLA_cmac/u_core/u_active/n18466
                             16.0000        16.0909        -0.0909  (VIOLATED)
   u_NV_NVDLA_cmac/u_core/u_mac_4/u_tree_l4n0/n289
                              8.0000         8.0909        -0.0909  (VIOLATED)
   u_NV_NVDLA_cmac/u_core/u_active/n14238
                              8.0000         8.0907        -0.0907  (VIOLATED)
   u_NV_NVDLA_cmac/u_core/u_mac_2/pp_out_l1n0_1[24]
                              8.0000         8.0906        -0.0906  (VIOLATED)
   u_NV_NVDLA_cmac/u_core/u_mac_2/pp_out_l0n03_0[32]
                             16.0000        16.0905        -0.0905  (VIOLATED)
   u_NV_NVDLA_cmac/u_core/u_mac_7/pp_out_l0n11_1_d1[6]
                             16.0000        16.0905        -0.0905  (VIOLATED)
   u_NV_NVDLA_cmac/u_core/u_active/n7486
                             16.0000        16.0898        -0.0898  (VIOLATED)
   u_NV_NVDLA_cmac/u_core/u_mac_4/u_nan/n2328
                             16.0000        16.0891        -0.0891  (VIOLATED)
   u_NV_NVDLA_cmac/u_core/u_mac_6/pp_out_l0n07_1[25]
                              8.0000         8.0890        -0.0890  (VIOLATED)
   u_NV_NVDLA_cmac/u_core/u_mac_4/n9906
                              8.0000         8.0888        -0.0888  (VIOLATED)
   u_NV_NVDLA_cmac/u_core/u_mac_4/res_tag_44[2]
                             82.0000        82.0879        -0.0879  (VIOLATED)
   u_NV_NVDLA_cmac/u_core/u_active/n18819
                             16.0000        16.0875        -0.0875  (VIOLATED)
   u_NV_NVDLA_cmac/u_core/u_mac_0/exp_sft_53[1]
                             16.0000        16.0873        -0.0873  (VIOLATED)
   u_NV_NVDLA_cmac/u_core/u_mac_3/u_nan/n9
                              8.0000         8.0870        -0.0870  (VIOLATED)
   u_NV_NVDLA_cmac/u_core/u_mac_5/n6523
                             16.0000        16.0860        -0.0860  (VIOLATED)
   u_NV_NVDLA_cmac/u_core/wt3_actv_data[700]
                             16.0000        16.0857        -0.0857  (VIOLATED)
   u_NV_NVDLA_cmac/u_core/u_mac_0/n9672
                              8.0000         8.0854        -0.0854  (VIOLATED)
   u_NV_NVDLA_cmac/u_core/u_active/n26381
                             16.0000        16.0847        -0.0847  (VIOLATED)
   u_NV_NVDLA_cmac/u_core/u_mac_6/pp_out_l2n1_0[0]
                             16.0000        16.0846        -0.0846  (VIOLATED)
   u_NV_NVDLA_cmac/u_core/wt3_actv_data[631]
                             16.0000        16.0843        -0.0843  (VIOLATED)
   u_NV_NVDLA_cmac/u_core/u_mac_2/res_tag_56[2]
                             16.0000        16.0839        -0.0839  (VIOLATED)
   u_NV_NVDLA_cmac/u_core/u_mac_1/u_mul_17/n315
                             16.0000        16.0839        -0.0839  (VIOLATED)
   u_NV_NVDLA_cmac/u_core/u_mac_3/u_tree_l0n15/n272
                              8.0000         8.0831        -0.0831  (VIOLATED)
   u_NV_NVDLA_cmac/u_core/u_mac_3/n8664
                              8.0000         8.0830        -0.0830  (VIOLATED)
   u_NV_NVDLA_cmac/u_core/u_active/n30578
                              8.0000         8.0825        -0.0825  (VIOLATED)
   u_NV_NVDLA_cmac/u_core/u_mac_4/u_tree_l4n3/n290
                              8.0000         8.0810        -0.0810  (VIOLATED)
   u_NV_NVDLA_cmac/u_core/wt0_actv_data[162]
                             16.0000        16.0803        -0.0803  (VIOLATED)
   u_NV_NVDLA_cmac/u_core/u_mac_2/ps_n0b7_dc[1]
                              8.0000         8.0799        -0.0799  (VIOLATED)
   u_NV_NVDLA_cmac/u_core/u_mac_0/res_tag_6[3]
                             16.0000        16.0799        -0.0799  (VIOLATED)
   u_NV_NVDLA_cmac/u_core/u_mac_6/sop_1[2]
                              8.0000         8.0797        -0.0797  (VIOLATED)
   u_NV_NVDLA_cmac/u_core/dat5_actv_data[187]
                             16.0000        16.0795        -0.0795  (VIOLATED)
   u_NV_NVDLA_cmac/u_core/u_mac_2/u_nan/n756
                             16.0000        16.0794        -0.0794  (VIOLATED)
   u_NV_NVDLA_cmac/u_core/u_mac_3/u_tree_l4n3/n191
                             16.0000        16.0792        -0.0792  (VIOLATED)
   u_NV_NVDLA_cmac/u_core/u_active/n32320
                              8.0000         8.0789        -0.0789  (VIOLATED)
   u_NV_NVDLA_cmac/u_core/out_data6[160]
                             16.0000        16.0785        -0.0785  (VIOLATED)
   u_NV_NVDLA_cmac/u_core/u_mac_4/n9685
                              8.0000         8.0783        -0.0783  (VIOLATED)
   u_NV_NVDLA_cmac/u_core/u_mac_3/n9680
                              8.0000         8.0782        -0.0782  (VIOLATED)
   u_NV_NVDLA_cmac/u_core/u_mac_4/pp_out_l0n14_1[33]
                             16.0000        16.0772        -0.0772  (VIOLATED)
   u_NV_NVDLA_cmac/u_core/wt3_actv_data[77]
                             16.0000        16.0760        -0.0760  (VIOLATED)
   u_NV_NVDLA_cmac/u_core/u_active/n37479
                             16.0000        16.0759        -0.0759  (VIOLATED)
   u_NV_NVDLA_cmac/u_core/u_mac_3/res_tag_8[3]
                             16.0000        16.0747        -0.0747  (VIOLATED)
   u_NV_NVDLA_cmac/u_core/u_active/n14106
                             32.0000        32.0747        -0.0747  (VIOLATED)
   u_NV_NVDLA_cmac/u_core/wt4_actv_data[952]
                             16.0000        16.0744        -0.0744  (VIOLATED)
   u_NV_NVDLA_cmac/u_core/u_mac_7/u_nan/n658
                             16.0000        16.0743        -0.0743  (VIOLATED)
   u_NV_NVDLA_cmac/u_core/u_mac_4/u_nan/n1116
                             16.0000        16.0736        -0.0736  (VIOLATED)
   u_NV_NVDLA_cmac/u_core/u_mac_6/pp_out_l0n04_1[33]
                             16.0000        16.0735        -0.0735  (VIOLATED)
   u_NV_NVDLA_cmac/u_core/u_mac_4/u_tree_l0n01/n268
                             16.0000        16.0733        -0.0733  (VIOLATED)
   u_NV_NVDLA_cmac/u_core/u_active/wt_pre_data[106]
                             16.0000        16.0729        -0.0729  (VIOLATED)
   u_NV_NVDLA_cmac/u_core/u_active/dat_pre_data[834]
                             16.0000        16.0726        -0.0726  (VIOLATED)
   u_NV_NVDLA_cmac/u_core/u_mac_7/u_nan/n783
                             16.0000        16.0724        -0.0724  (VIOLATED)
   u_NV_NVDLA_cmac/u_core/u_mac_7/pp_out_l1n0_0[13]
                             16.0000        16.0717        -0.0717  (VIOLATED)
   u_NV_NVDLA_cmac/u_core/wt0_actv_data[445]
                             16.0000        16.0716        -0.0716  (VIOLATED)
   u_NV_NVDLA_cmac/u_core/wt3_actv_data[290]
                             16.0000        16.0715        -0.0715  (VIOLATED)
   u_NV_NVDLA_cmac/u_core/u_active/wt_pre_data[407]
                             16.0000        16.0714        -0.0714  (VIOLATED)
   u_NV_NVDLA_cmac/u_core/u_active/wt3_sd_nan[10]
                             16.0000        16.0692        -0.0692  (VIOLATED)
   u_NV_NVDLA_cmac/u_core/u_mac_7/u_mul_43/n298
                             32.0000        32.0691        -0.0691  (VIOLATED)
   u_NV_NVDLA_cmac/u_core/u_active/n18614
                             16.0000        16.0690        -0.0690  (VIOLATED)
   u_NV_NVDLA_cmac/u_core/u_active/dat_pre_data[887]
                             16.0000        16.0689        -0.0689  (VIOLATED)
   u_NV_NVDLA_cmac/u_core/u_mac_6/u_tree_l0n11/n42
                              8.0000         8.0679        -0.0679  (VIOLATED)
   u_NV_NVDLA_cmac/u_core/u_mac_4/pp_out_l0n09_1[14]
                              8.0000         8.0674        -0.0674  (VIOLATED)
   u_NV_NVDLA_cmac/u_core/u_mac_2/u_tree_l4n2/n65
                              8.0000         8.0674        -0.0674  (VIOLATED)
   u_NV_NVDLA_cmac/u_core/u_active/wt_pre_data[99]
                             16.0000        16.0669        -0.0669  (VIOLATED)
   u_NV_NVDLA_cmac/u_core/u_mac_1/ps_n0b7_dc[2]
                              8.0000         8.0668        -0.0668  (VIOLATED)
   mac2accu_data6[54]        16.0000        16.0665        -0.0665  (VIOLATED)
   u_NV_NVDLA_cmac/u_core/u_mac_3/pp_out_l0n15_0[31]
                             16.0000        16.0655        -0.0655  (VIOLATED)
   u_NV_NVDLA_cmac/u_core/u_mac_6/exp_sft_11[1]
                             16.0000        16.0643        -0.0643  (VIOLATED)
   u_NV_NVDLA_cmac/u_core/u_mac_0/res_a_12[26]
                             16.0000        16.0638        -0.0638  (VIOLATED)
   u_NV_NVDLA_cmac/u_core/u_mac_2/pp_out_l0n13_1[14]
                              8.0000         8.0636        -0.0636  (VIOLATED)
   u_NV_NVDLA_cmac/u_core/wt0_actv_data[135]
                             16.0000        16.0629        -0.0629  (VIOLATED)
   u_NV_NVDLA_cmac/u_core/u_mac_7/pp_out_l2n0_1[40]
                             16.0000        16.0625        -0.0625  (VIOLATED)
   u_NV_NVDLA_cmac/u_core/u_mac_5/pp_out_l0n03_1[32]
                             16.0000        16.0618        -0.0618  (VIOLATED)
   u_NV_NVDLA_cmac/u_core/u_mac_2/u_mul_16/n97
                              8.0000         8.0609        -0.0609  (VIOLATED)
   u_NV_NVDLA_cmac/u_core/u_mac_6/res_tag_24[0]
                             16.0000        16.0603        -0.0603  (VIOLATED)
   u_NV_NVDLA_cmac/u_core/u_mac_6/n6492
                             16.0000        16.0601        -0.0601  (VIOLATED)
   u_NV_NVDLA_cmac/u_core/dat4_actv_data[650]
                             16.0000        16.0601        -0.0601  (VIOLATED)
   u_NV_NVDLA_cmac/u_core/u_active/n20244
                             16.0000        16.0594        -0.0594  (VIOLATED)
   u_NV_NVDLA_cmac/u_core/wt2_actv_data[680]
                             16.0000        16.0590        -0.0590  (VIOLATED)
   u_NV_NVDLA_cmac/u_core/wt2_actv_data[657]
                             16.0000        16.0583        -0.0583  (VIOLATED)
   u_NV_NVDLA_cmac/u_core/wt3_actv_data[692]
                             16.0000        16.0582        -0.0582  (VIOLATED)
   u_NV_NVDLA_cmac/u_core/u_mac_4/u_tree_l4n3/n185
                             16.0000        16.0571        -0.0571  (VIOLATED)
   u_NV_NVDLA_cmac/u_core/out_data3[19]
                             16.0000        16.0570        -0.0570  (VIOLATED)
   u_NV_NVDLA_cmac/u_core/u_mac_4/pp_out_l0n12_0[35]
                              8.0000         8.0569        -0.0569  (VIOLATED)
   u_NV_NVDLA_cmac/u_core/u_mac_4/u_tree_l0n03/n189
                              8.0000         8.0567        -0.0567  (VIOLATED)
   u_NV_NVDLA_cmac/u_core/wt6_actv_data[308]
                             16.0000        16.0565        -0.0565  (VIOLATED)
   u_NV_NVDLA_cmac/u_core/dat2_actv_data[814]
                             16.0000        16.0559        -0.0559  (VIOLATED)
   u_NV_NVDLA_cmac/u_core/dat3_actv_data[683]
                             16.0000        16.0539        -0.0539  (VIOLATED)
   u_NV_NVDLA_cmac/u_core/wt0_actv_data[896]
                             16.0000        16.0522        -0.0522  (VIOLATED)
   u_NV_NVDLA_cmac/u_core/u_active/n37489
                             16.0000        16.0521        -0.0521  (VIOLATED)
   u_NV_NVDLA_cmac/u_core/u_mac_4/u_tree_l4n2/n218
                             16.0000        16.0517        -0.0517  (VIOLATED)
   u_NV_NVDLA_cmac/u_core/u_mac_1/pp_out_l1n6_1[10]
                              8.0000         8.0512        -0.0512  (VIOLATED)
   u_NV_NVDLA_cmac/u_core/u_mac_5/u_mul_4/n297
                              8.0000         8.0511        -0.0511  (VIOLATED)
   u_NV_NVDLA_cmac/u_core/u_active/n7478
                             16.0000        16.0509        -0.0509  (VIOLATED)
   u_NV_NVDLA_cmac/u_core/u_active/n7493
                             16.0000        16.0496        -0.0496  (VIOLATED)
   u_NV_NVDLA_cmac/u_core/u_active/n37481
                             16.0000        16.0496        -0.0496  (VIOLATED)
   u_NV_NVDLA_cmac/u_core/u_mac_0/u_mul_40/n302
                             32.0000        32.0491        -0.0491  (VIOLATED)
   u_NV_NVDLA_cmac/u_core/u_mac_1/n6520
                             16.0000        16.0488        -0.0488  (VIOLATED)
   u_NV_NVDLA_cmac/u_core/u_mac_4/pp_out_l0n09_1[30]
                             16.0000        16.0485        -0.0485  (VIOLATED)
   u_NV_NVDLA_cmac/u_core/u_mac_2/pp_out_l0n06_1[11]
                             16.0000        16.0479        -0.0479  (VIOLATED)
   u_NV_NVDLA_cmac/u_core/u_mac_0/u_nan/n98
                             16.0000        16.0478        -0.0478  (VIOLATED)
   u_NV_NVDLA_cmac/u_core/u_mac_1/pp_out_l0n14_1[17]
                             16.0000        16.0466        -0.0466  (VIOLATED)
   u_NV_NVDLA_cmac/u_core/u_mac_5/pp_out_l3n3_1[20]
                              8.0000         8.0463        -0.0463  (VIOLATED)
   u_NV_NVDLA_cmac/u_core/u_mac_1/res_tag_14[7]
                             32.0000        32.0455        -0.0455  (VIOLATED)
   u_NV_NVDLA_cmac/u_core/u_mac_7/pp_out_l0n14_1[7]
                             16.0000        16.0452        -0.0452  (VIOLATED)
   u_NV_NVDLA_cmac/u_core/dat0_actv_data[956]
                             16.0000        16.0446        -0.0446  (VIOLATED)
   u_NV_NVDLA_cmac/u_core/u_mac_5/pp_out_l0n04_1[16]
                             16.0000        16.0444        -0.0444  (VIOLATED)
   u_NV_NVDLA_cmac/u_core/wt3_actv_data[235]
                             16.0000        16.0443        -0.0443  (VIOLATED)
   u_NV_NVDLA_cmac/u_core/u_mac_1/pp_out_l0n01_1_d1[3]
                             16.0000        16.0440        -0.0440  (VIOLATED)
   u_NV_NVDLA_cmac/u_core/u_mac_2/n9693
                              8.0000         8.0434        -0.0434  (VIOLATED)
   u_NV_NVDLA_cmac/u_core/wt6_actv_data[607]
                             16.0000        16.0431        -0.0431  (VIOLATED)
   u_NV_NVDLA_cmac/u_core/u_mac_2/sop_3[6]
                              8.0000         8.0418        -0.0418  (VIOLATED)
   u_NV_NVDLA_cmac/u_core/u_mac_1/pp_out_l0n01_1_d1[2]
                             16.0000        16.0412        -0.0412  (VIOLATED)
   u_NV_NVDLA_cmac/u_core/u_mac_4/pp_in_l4n2_3[17]
                             16.0000        16.0401        -0.0401  (VIOLATED)
   u_NV_NVDLA_cmac/u_core/u_mac_6/pp_out_l2n1_0[31]
                             16.0000        16.0399        -0.0399  (VIOLATED)
   u_NV_NVDLA_cmac/u_core/wt2_actv_data[460]
                             16.0000        16.0395        -0.0395  (VIOLATED)
   u_NV_NVDLA_cmac/u_core/u_mac_7/pp_out_l0n14_1[6]
                             16.0000        16.0394        -0.0394  (VIOLATED)
   u_NV_NVDLA_cmac/u_core/wt3_actv_data[589]
                             16.0000        16.0376        -0.0376  (VIOLATED)
   u_NV_NVDLA_cmac/u_core/dat1_actv_data[635]
                             16.0000        16.0375        -0.0375  (VIOLATED)
   u_NV_NVDLA_cmac/u_core/u_mac_4/u_tree_l0n00/n192
                              8.0000         8.0368        -0.0368  (VIOLATED)
   u_NV_NVDLA_cmac/u_core/wt4_actv_data[366]
                             16.0000        16.0366        -0.0366  (VIOLATED)
   u_NV_NVDLA_cmac/u_core/u_active/wt_pre_nan[48]
                             16.0000        16.0365        -0.0365  (VIOLATED)
   u_NV_NVDLA_cmac/u_core/u_mac_7/pp_out_l0n06_1[32]
                              8.0000         8.0363        -0.0363  (VIOLATED)
   u_NV_NVDLA_cmac/u_core/u_mac_7/pp_out_l0n05_1[35]
                              8.0000         8.0363        -0.0363  (VIOLATED)
   u_NV_NVDLA_cmac/u_core/u_mac_1/u_mul_18/n227
                             32.0000        32.0351        -0.0351  (VIOLATED)
   u_NV_NVDLA_cmac/u_core/u_active/n17829
                              8.0000         8.0350        -0.0350  (VIOLATED)
   u_NV_NVDLA_cmac/u_core/u_active/n11457
                              8.0000         8.0348        -0.0348  (VIOLATED)
   u_NV_NVDLA_cmac/u_core/u_mac_1/pp_out_l0n03_0[16]
                             16.0000        16.0347        -0.0347  (VIOLATED)
   u_NV_NVDLA_cmac/u_core/u_mac_1/res_tag_13[7]
                             32.0000        32.0343        -0.0343  (VIOLATED)
   u_NV_NVDLA_cmac/u_core/u_mac_3/n4008
                             64.0000        64.0343        -0.0343  (VIOLATED)
   u_NV_NVDLA_cmac/u_core/u_active/wt_pre_data[221]
                            168.0000       168.0342        -0.0342  (VIOLATED)
   u_NV_NVDLA_cmac/u_core/dat3_actv_data[730]
                             16.0000        16.0339        -0.0339  (VIOLATED)
   u_NV_NVDLA_cmac/u_core/u_active/n20767
                             16.0000        16.0328        -0.0328  (VIOLATED)
   u_NV_NVDLA_cmac/u_core/u_mac_1/res_tag_56[7]
                             32.0000        32.0324        -0.0324  (VIOLATED)
   u_NV_NVDLA_cmac/u_core/u_mac_0/res_tag_6[2]
                             16.0000        16.0320        -0.0320  (VIOLATED)
   u_NV_NVDLA_cmac/u_core/u_mac_3/pp_out_l0n13_1[16]
                             16.0000        16.0317        -0.0317  (VIOLATED)
   u_NV_NVDLA_cmac/u_core/dat2_actv_data[168]
                             16.0000        16.0316        -0.0316  (VIOLATED)
   u_NV_NVDLA_cmac/u_core/u_mac_0/ps_n1b4[1]
                              8.0000         8.0313        -0.0313  (VIOLATED)
   u_NV_NVDLA_cmac/u_core/u_mac_3/n8290
                              8.0000         8.0306        -0.0306  (VIOLATED)
   u_NV_NVDLA_cmac/u_core/u_mac_7/u_nan/n838
                             16.0000        16.0306        -0.0306  (VIOLATED)
   u_NV_NVDLA_cmac/u_core/wt7_actv_data[824]
                             16.0000        16.0301        -0.0301  (VIOLATED)
   u_NV_NVDLA_cmac/u_core/u_mac_7/res_a_55[18]
                             16.0000        16.0295        -0.0295  (VIOLATED)
   u_NV_NVDLA_cmac/u_core/u_mac_4/res_tag_0[2]
                             16.0000        16.0293        -0.0293  (VIOLATED)
   u_NV_NVDLA_cmac/u_core/in_wt_data80[2]
                             16.0000        16.0293        -0.0293  (VIOLATED)
   u_NV_NVDLA_cmac/u_core/u_mac_6/res_tag_23[2]
                             16.0000        16.0292        -0.0292  (VIOLATED)
   u_NV_NVDLA_cmac/u_core/u_active/n18574
                             16.0000        16.0290        -0.0290  (VIOLATED)
   u_NV_NVDLA_cmac/u_core/u_mac_3/pp_out_l0n11_1[20]
                              8.0000         8.0284        -0.0284  (VIOLATED)
   u_NV_NVDLA_cmac/u_core/u_active/n7459
                             16.0000        16.0284        -0.0284  (VIOLATED)
   u_NV_NVDLA_cmac/u_core/u_mac_2/ps_n0b6_wg[1]
                              8.0000         8.0280        -0.0280  (VIOLATED)
   u_NV_NVDLA_cmac/u_core/out_data6[115]
                             16.0000        16.0278        -0.0278  (VIOLATED)
   u_NV_NVDLA_cmac/u_core/u_mac_1/n8401
                              8.0000         8.0276        -0.0276  (VIOLATED)
   u_NV_NVDLA_cmac/u_core/u_mac_5/pp_out_l0n04_1[14]
                             16.0000        16.0272        -0.0272  (VIOLATED)
   u_NV_NVDLA_cmac/u_core/u_mac_0/pp_out_l0n07_1[18]
                             16.0000        16.0267        -0.0267  (VIOLATED)
   u_NV_NVDLA_cmac/u_core/wt7_actv_nan[18]
                             16.0000        16.0261        -0.0261  (VIOLATED)
   u_NV_NVDLA_cmac/u_core/u_mac_4/u_mul_56/n306
                             16.0000        16.0258        -0.0258  (VIOLATED)
   u_NV_NVDLA_cmac/u_core/u_mac_6/pp_out_l0n11_0[5]
                             16.0000        16.0233        -0.0233  (VIOLATED)
   u_NV_NVDLA_cmac/u_core/u_mac_7/u_tree_l2n2/n2
                             16.0000        16.0230        -0.0230  (VIOLATED)
   u_NV_NVDLA_cmac/u_core/u_mac_1/u_tree_l4n3/n285
                              8.0000         8.0226        -0.0226  (VIOLATED)
   u_NV_NVDLA_cmac/u_core/u_mac_0/n9632
                              8.0000         8.0220        -0.0220  (VIOLATED)
   u_NV_NVDLA_cmac/u_core/u_mac_2/u_nan/n576
                             16.0000        16.0214        -0.0214  (VIOLATED)
   u_NV_NVDLA_cmac/u_core/u_active/wt_pre_data[958]
                              8.0000         8.0212        -0.0212  (VIOLATED)
   u_NV_NVDLA_cmac/u_core/wt6_actv_nan[20]
                             16.0000        16.0212        -0.0212  (VIOLATED)
   u_NV_NVDLA_cmac/u_core/dat2_actv_data[589]
                             16.0000        16.0207        -0.0207  (VIOLATED)
   u_NV_NVDLA_cmac/u_core/u_mac_6/pp_out_l0n14_1_d1[35]
                             16.0000        16.0199        -0.0199  (VIOLATED)
   u_NV_NVDLA_cmac/u_core/u_mac_4/n6483
                             16.0000        16.0188        -0.0188  (VIOLATED)
   u_NV_NVDLA_cmac/u_core/u_mac_2/pp_out_l0n13_1[31]
                              8.0000         8.0187        -0.0187  (VIOLATED)
   u_NV_NVDLA_cmac/u_core/u_mac_2/res_tag_53[0]
                             16.0000        16.0187        -0.0187  (VIOLATED)
   u_NV_NVDLA_cmac/u_core/wt3_actv_data[893]
                             16.0000        16.0185        -0.0185  (VIOLATED)
   u_NV_NVDLA_cmac/u_core/u_mac_3/u_tree_l0n14/n292
                              8.0000         8.0184        -0.0184  (VIOLATED)
   u_NV_NVDLA_cmac/u_core/u_mac_3/pp_out_l0n03_1[23]
                             16.0000        16.0173        -0.0173  (VIOLATED)
   u_NV_NVDLA_cmac/u_core/u_mac_6/u_nan/n1607
                              8.0000         8.0171        -0.0171  (VIOLATED)
   u_NV_NVDLA_cmac/u_core/out_data6[102]
                             16.0000        16.0169        -0.0169  (VIOLATED)
   u_NV_NVDLA_cmac/u_core/u_mac_0/pp_out_l0n11_0[17]
                             16.0000        16.0168        -0.0168  (VIOLATED)
   u_NV_NVDLA_cmac/u_core/u_mac_1/sop_0[4]
                              8.0000         8.0165        -0.0165  (VIOLATED)
   u_NV_NVDLA_cmac/u_core/wt7_actv_data[142]
                             16.0000        16.0160        -0.0160  (VIOLATED)
   u_NV_NVDLA_cmac/u_core/in_dat_mask[52]
                             16.0000        16.0155        -0.0155  (VIOLATED)
   u_NV_NVDLA_cmac/u_core/u_mac_3/exp_sft_26[0]
                             32.0000        32.0154        -0.0154  (VIOLATED)
   u_NV_NVDLA_cmac/u_core/u_mac_7/pp_out_l0n11_1_d1[7]
                             16.0000        16.0150        -0.0150  (VIOLATED)
   u_NV_NVDLA_cmac/u_core/u_mac_0/ps_n0b4_dc[6]
                              8.0000         8.0148        -0.0148  (VIOLATED)
   u_NV_NVDLA_cmac/u_core/wt3_actv_data[267]
                             16.0000        16.0148        -0.0148  (VIOLATED)
   u_NV_NVDLA_cmac/u_core/u_mac_6/pp_out_l0n07_0[26]
                              8.0000         8.0146        -0.0146  (VIOLATED)
   u_NV_NVDLA_cmac/u_core/u_mac_1/u_mul_10/n97
                              8.0000         8.0145        -0.0145  (VIOLATED)
   u_NV_NVDLA_cmac/u_core/wt0_actv_data[521]
                              8.0000         8.0145        -0.0145  (VIOLATED)
   u_NV_NVDLA_cmac/u_core/u_mac_1/n6495
                             16.0000        16.0144        -0.0144  (VIOLATED)
   u_NV_NVDLA_cmac/u_core/u_mac_1/u_tree_l0n06/n302
                              8.0000         8.0142        -0.0142  (VIOLATED)
   u_NV_NVDLA_cmac/u_core/u_active/n6859
                             16.0000        16.0139        -0.0139  (VIOLATED)
   u_NV_NVDLA_cmac/u_core/u_mac_2/pp_out_l0n03_1[9]
                             16.0000        16.0134        -0.0134  (VIOLATED)
   u_NV_NVDLA_cmac/u_core/wt3_actv_data[261]
                             16.0000        16.0121        -0.0121  (VIOLATED)
   u_NV_NVDLA_cmac/u_core/u_mac_7/pp_out_l0n15_0[8]
                             16.0000        16.0119        -0.0119  (VIOLATED)
   u_NV_NVDLA_cmac/u_core/u_mac_4/u_tree_l0n01/n278
                             16.0000        16.0110        -0.0110  (VIOLATED)
   u_NV_NVDLA_cmac/u_core/u_mac_6/pp_out_l0n11_1[32]
                             16.0000        16.0108        -0.0108  (VIOLATED)
   u_NV_NVDLA_cmac/u_core/u_mac_0/u_exp/exp_sum_22[1]
                             16.0000        16.0106        -0.0106  (VIOLATED)
   u_NV_NVDLA_cmac/u_core/wt7_actv_data[808]
                              8.0000         8.0103        -0.0103  (VIOLATED)
   u_NV_NVDLA_cmac/u_core/wt5_actv_data[661]
                             16.0000        16.0101        -0.0101  (VIOLATED)
   u_NV_NVDLA_cmac/u_core/u_active/n20231
                             16.0000        16.0100        -0.0100  (VIOLATED)
   u_NV_NVDLA_cmac/u_core/u_mac_3/u_tree_l0n10/n330
                              8.0000         8.0096        -0.0096  (VIOLATED)
   u_NV_NVDLA_cmac/u_core/u_mac_1/pp_out_l0n06_0[22]
                              8.0000         8.0096        -0.0096  (VIOLATED)
   u_NV_NVDLA_cmac/u_core/u_mac_6/pp_out_l0n11_0[8]
                             16.0000        16.0095        -0.0095  (VIOLATED)
   u_NV_NVDLA_cmac/u_core/u_mac_6/pp_nan_pvld_d1_0_
                              8.0000         8.0093        -0.0093  (VIOLATED)
   u_NV_NVDLA_cmac/u_core/dat1_actv_nan[2]
                             16.0000        16.0078        -0.0078  (VIOLATED)
   u_NV_NVDLA_cmac/u_core/u_mac_2/pp_out_l0n03_1[18]
                             16.0000        16.0074        -0.0074  (VIOLATED)
   u_NV_NVDLA_cmac/u_core/u_mac_4/u_tree_l0n01/n296
                             16.0000        16.0071        -0.0071  (VIOLATED)
   u_NV_NVDLA_cmac/u_core/u_mac_1/res_tag_b4_d1[35]
                              8.0000         8.0067        -0.0067  (VIOLATED)
   u_NV_NVDLA_cmac/u_core/u_mac_5/n8146
                              8.0000         8.0066        -0.0066  (VIOLATED)
   u_NV_NVDLA_cmac/u_core/u_mac_3/u_tree_l0n10/n262
                              8.0000         8.0065        -0.0065  (VIOLATED)
   u_NV_NVDLA_cmac/u_core/u_active/wt_pre_data[406]
                             16.0000        16.0050        -0.0050  (VIOLATED)
   u_NV_NVDLA_cmac/u_core/u_mac_7/n8936
                              8.0000         8.0044        -0.0044  (VIOLATED)
   u_NV_NVDLA_cmac/u_core/dat2_actv_data[697]
                              8.0000         8.0040        -0.0040  (VIOLATED)
   u_NV_NVDLA_cmac/u_core/u_mac_7/u_nan/n1560
                             16.0000        16.0035        -0.0035  (VIOLATED)
   u_NV_NVDLA_cmac/u_core/u_mac_7/cfg_is_fp16_d0_0_
                              8.0000         8.0035        -0.0035  (VIOLATED)
   u_NV_NVDLA_cmac/u_core/u_active/n20170
                             16.0000        16.0032        -0.0032  (VIOLATED)
   u_NV_NVDLA_cmac/u_core/u_mac_0/pp_out_l0n07_1[14]
                             16.0000        16.0028        -0.0028  (VIOLATED)
   u_NV_NVDLA_cmac/u_core/u_mac_4/pp_out_l3n2_1[9]
                              8.0000         8.0019        -0.0019  (VIOLATED)
   u_NV_NVDLA_cmac/u_core/u_mac_5/res_a_04[12]
                              8.0000         8.0013        -0.0013  (VIOLATED)
   u_NV_NVDLA_cmac/u_core/u_mac_7/pp_out_l0n09_1[20]
                              8.0000         8.0010        -0.0010  (VIOLATED)
   u_NV_NVDLA_cmac/u_core/u_mac_2/ps_n1b1_d2[1]
                              8.0000         8.0010        -0.0010  (VIOLATED)
   u_NV_NVDLA_cmac/u_core/u_mac_7/pp_out_l0n08_1_d1[15]
                              8.0000         8.0009        -0.0009  (VIOLATED)
   u_NV_NVDLA_cmac/u_core/u_active/n31668
                             16.0000        16.0008        -0.0008  (VIOLATED)
   u_NV_NVDLA_cmac/u_core/u_active/n6008
                             16.0000        16.0006        -0.0006  (VIOLATED)
   u_NV_NVDLA_cmac/u_core/u_mac_7/pp_out_l0n11_1_d1[8]
                             16.0000        16.0004        -0.0004  (VIOLATED)
   u_NV_NVDLA_cmac/u_core/n1487
                             32.0000        32.0004        -0.0004  (VIOLATED)
   u_NV_NVDLA_cmac/u_core/u_mac_2/pp_out_l0n13_1[16]
                              8.0000         8.0002        -0.0002  (VIOLATED)
   u_NV_NVDLA_cmac/u_core/u_mac_3/u_tree_l4n1/n63
                              8.0000         8.0001        -0.0001  (VIOLATED)

   -----------------------------------------------------------------
   Total                      2351            -2884.7612

   max_area

                             Required        Actual
   Design                      Area           Area           Slack
   -----------------------------------------------------------------
   NV_NVDLA_partition_m       0.0000       3156128.5000   -3156128.5000
                                                                    (VIOLATED)


   multiport_net

                             Required        Actual
   Net                          Cost           Cost          Violation
   -----------------------------------------------------------------
   u_partition_m_reset/sync_reset_synced_rstn/UJ_inreset_x_clamp/A1
                              0.0000         1.0000        -1.0000  (VIOLATED)


1
