 
****************************************
Report : constraint
        -all_violators
Design : NV_NVDLA_partition_m
Version: W-2024.09-SP5-5
Date   : Fri May  8 18:12:46 2026
****************************************


   max_delay/setup ('nvdla_core_clk' group)

                             Required        Actual
   Endpoint                 Path Delay     Path Delay        Slack
   -----------------------------------------------------------------
   u_NV_NVDLA_cmac/u_core/u_mac_7/u_exp/exp_sft_63_reg_2_/D
                              3.8885         6.3597 r      -2.4712  (VIOLATED)
   u_NV_NVDLA_cmac/u_core/u_mac_7/u_exp/exp_sft_46_reg_3_/D
                              3.8888         6.3598 r      -2.4710  (VIOLATED)
   u_NV_NVDLA_cmac/u_core/u_mac_7/u_exp/exp_sft_29_reg_3_/D
                              3.8889         6.3595 r      -2.4706  (VIOLATED)
   u_NV_NVDLA_cmac/u_core/u_mac_7/u_exp/exp_sft_04_reg_2_/D
                              3.8906         6.3610 r      -2.4704  (VIOLATED)
   u_NV_NVDLA_cmac/u_core/u_mac_7/u_exp/exp_sft_12_reg_2_/D
                              3.8889         6.3582 r      -2.4693  (VIOLATED)
   u_NV_NVDLA_cmac/u_core/u_mac_7/u_exp/exp_sft_10_reg_2_/D
                              3.8887         6.3580 r      -2.4692  (VIOLATED)
   u_NV_NVDLA_cmac/u_core/u_mac_7/u_exp/exp_sft_10_reg_3_/D
                              3.8889         6.3582 r      -2.4692  (VIOLATED)
   u_NV_NVDLA_cmac/u_core/u_mac_7/u_exp/exp_sft_62_reg_2_/D
                              3.8788         6.3473 r      -2.4685  (VIOLATED)
   u_NV_NVDLA_cmac/u_core/u_mac_7/u_exp/exp_sft_04_reg_3_/D
                              3.8906         6.3590 r      -2.4684  (VIOLATED)
   u_NV_NVDLA_cmac/u_core/u_mac_7/u_exp/exp_sft_56_reg_2_/D
                              3.8912         6.3594 r      -2.4682  (VIOLATED)
   u_NV_NVDLA_cmac/u_core/u_mac_7/u_exp/exp_sft_26_reg_2_/D
                              3.8902         6.3578 r      -2.4676  (VIOLATED)
   u_NV_NVDLA_cmac/u_core/u_mac_7/u_exp/exp_sft_14_reg_2_/D
                              3.8889         6.3564 r      -2.4675  (VIOLATED)
   u_NV_NVDLA_cmac/u_core/u_mac_7/u_exp/exp_sft_14_reg_3_/D
                              3.8889         6.3559 r      -2.4669  (VIOLATED)
   u_NV_NVDLA_cmac/u_core/u_mac_7/u_exp/exp_sft_00_reg_2_/D
                              3.8888         6.3553 r      -2.4665  (VIOLATED)
   u_NV_NVDLA_cmac/u_core/u_mac_7/u_exp/exp_sft_30_reg_3_/D
                              3.8880         6.3541 r      -2.4661  (VIOLATED)
   u_NV_NVDLA_cmac/u_core/u_mac_7/u_exp/exp_sft_00_reg_3_/D
                              3.8907         6.3567 r      -2.4660  (VIOLATED)
   u_NV_NVDLA_cmac/u_core/u_mac_7/u_exp/exp_sft_53_reg_3_/D
                              3.8887         6.3545 r      -2.4658  (VIOLATED)
   u_NV_NVDLA_cmac/u_core/u_mac_7/u_exp/exp_sft_50_reg_3_/D
                              3.8885         6.3542 r      -2.4657  (VIOLATED)
   u_NV_NVDLA_cmac/u_core/u_mac_7/u_exp/exp_sft_51_reg_3_/D
                              3.8811         6.3465 r      -2.4655  (VIOLATED)
   u_NV_NVDLA_cmac/u_core/u_mac_7/u_exp/exp_sft_46_reg_2_/D
                              3.8906         6.3558 r      -2.4652  (VIOLATED)
   u_NV_NVDLA_cmac/u_core/u_mac_7/u_exp/exp_sft_12_reg_3_/D
                              3.8890         6.3533 r      -2.4644  (VIOLATED)
   u_NV_NVDLA_cmac/u_core/u_mac_7/u_exp/exp_sft_08_reg_3_/D
                              3.8889         6.3529 r      -2.4641  (VIOLATED)
   u_NV_NVDLA_cmac/u_core/u_mac_7/u_exp/exp_sft_25_reg_3_/D
                              3.8999         6.3639 f      -2.4640  (VIOLATED)
   u_NV_NVDLA_cmac/u_core/u_mac_7/u_exp/exp_sft_16_reg_3_/D
                              3.8891         6.3529 r      -2.4638  (VIOLATED)
   u_NV_NVDLA_cmac/u_core/u_mac_7/u_exp/exp_sft_24_reg_2_/D
                              3.8809         6.3440 r      -2.4630  (VIOLATED)
   u_NV_NVDLA_cmac/u_core/u_mac_7/u_exp/exp_sft_08_reg_2_/D
                              3.8887         6.3517 r      -2.4630  (VIOLATED)
   u_NV_NVDLA_cmac/u_core/u_mac_7/u_exp/exp_sft_35_reg_3_/D
                              3.8882         6.3511 r      -2.4630  (VIOLATED)
   u_NV_NVDLA_cmac/u_core/u_mac_7/u_exp/exp_sft_16_reg_2_/D
                              3.8883         6.3513 r      -2.4630  (VIOLATED)
   u_NV_NVDLA_cmac/u_core/u_mac_7/u_exp/exp_sft_34_reg_2_/D
                              3.8903         6.3531 r      -2.4629  (VIOLATED)
   u_NV_NVDLA_cmac/u_core/u_mac_7/u_exp/exp_sft_28_reg_3_/D
                              3.8889         6.3513 r      -2.4624  (VIOLATED)
   u_NV_NVDLA_cmac/u_core/u_mac_7/u_exp/exp_sft_27_reg_3_/D
                              3.8890         6.3512 r      -2.4622  (VIOLATED)
   u_NV_NVDLA_cmac/u_core/u_mac_7/u_exp/exp_sft_26_reg_3_/D
                              3.8889         6.3508 r      -2.4619  (VIOLATED)
   u_NV_NVDLA_cmac/u_core/u_mac_7/u_exp/exp_sft_50_reg_2_/D
                              3.8812         6.3424 r      -2.4612  (VIOLATED)
   u_NV_NVDLA_cmac/u_core/u_mac_7/u_exp/exp_sft_35_reg_2_/D
                              3.8810         6.3416 r      -2.4606  (VIOLATED)
   u_NV_NVDLA_cmac/u_core/u_mac_7/u_exp/exp_sft_13_reg_1_/D
                              3.8885         6.3489 r      -2.4604  (VIOLATED)
   u_NV_NVDLA_cmac/u_core/u_mac_7/u_exp/exp_sft_24_reg_3_/D
                              3.9000         6.3603 f      -2.4603  (VIOLATED)
   u_NV_NVDLA_cmac/u_core/u_mac_7/u_exp/exp_sft_13_reg_2_/D
                              3.8888         6.3490 r      -2.4602  (VIOLATED)
   u_NV_NVDLA_cmac/u_core/u_mac_7/u_exp/exp_sft_01_reg_3_/D
                              3.8888         6.3489 r      -2.4601  (VIOLATED)
   u_NV_NVDLA_cmac/u_core/u_mac_7/u_exp/exp_sft_34_reg_1_/D
                              3.8887         6.3487 r      -2.4600  (VIOLATED)
   u_NV_NVDLA_cmac/u_core/u_mac_7/u_exp/exp_sft_63_reg_3_/D
                              3.8909         6.3507 f      -2.4599  (VIOLATED)
   u_NV_NVDLA_cmac/u_core/u_mac_7/u_exp/exp_sft_29_reg_2_/D
                              3.8889         6.3479 r      -2.4590  (VIOLATED)
   u_NV_NVDLA_cmac/u_core/u_mac_7/u_exp/exp_sft_19_reg_3_/D
                              3.8891         6.3475 r      -2.4584  (VIOLATED)
   u_NV_NVDLA_cmac/u_core/u_mac_7/u_exp/exp_sft_13_reg_3_/D
                              3.8888         6.3467 r      -2.4579  (VIOLATED)
   u_NV_NVDLA_cmac/u_core/u_mac_7/u_exp/exp_sft_59_reg_3_/D
                              3.8887         6.3466 r      -2.4579  (VIOLATED)
   u_NV_NVDLA_cmac/u_core/u_mac_7/u_exp/exp_sft_51_reg_2_/D
                              3.8889         6.3464 r      -2.4576  (VIOLATED)
   u_NV_NVDLA_cmac/u_core/u_mac_7/u_exp/exp_sft_30_reg_1_/D
                              3.8889         6.3463 r      -2.4574  (VIOLATED)
   u_NV_NVDLA_cmac/u_core/u_mac_7/u_exp/exp_sft_04_reg_1_/D
                              3.8906         6.3480 r      -2.4574  (VIOLATED)
   u_NV_NVDLA_cmac/u_core/u_mac_7/u_exp/exp_sft_09_reg_2_/D
                              3.8988         6.3561 f      -2.4573  (VIOLATED)
   u_NV_NVDLA_cmac/u_core/u_mac_7/u_exp/exp_sft_05_reg_3_/D
                              3.8810         6.3382 r      -2.4572  (VIOLATED)
   u_NV_NVDLA_cmac/u_core/u_mac_7/u_exp/exp_sft_19_reg_2_/D
                              3.8891         6.3461 r      -2.4570  (VIOLATED)
   u_NV_NVDLA_cmac/u_core/u_mac_7/u_exp/exp_sft_20_reg_1_/D
                              3.8885         6.3453 r      -2.4568  (VIOLATED)
   u_NV_NVDLA_cmac/u_core/u_mac_7/u_exp/exp_sft_31_reg_3_/D
                              3.8999         6.3565 f      -2.4566  (VIOLATED)
   u_NV_NVDLA_cmac/u_core/u_mac_7/u_exp/exp_sft_02_reg_3_/D
                              3.8890         6.3450 r      -2.4560  (VIOLATED)
   u_NV_NVDLA_cmac/u_core/u_mac_7/u_exp/exp_sft_43_reg_2_/D
                              3.8886         6.3439 r      -2.4553  (VIOLATED)
   u_NV_NVDLA_cmac/u_core/u_mac_7/u_exp/exp_sft_43_reg_3_/D
                              3.8886         6.3438 r      -2.4552  (VIOLATED)
   u_NV_NVDLA_cmac/u_core/u_mac_7/u_exp/exp_sft_59_reg_2_/D
                              3.8759         6.3312 f      -2.4552  (VIOLATED)
   u_NV_NVDLA_cmac/u_core/u_mac_7/u_exp/exp_sft_03_reg_3_/D
                              3.8890         6.3441 r      -2.4551  (VIOLATED)
   u_NV_NVDLA_cmac/u_core/u_mac_7/u_exp/exp_sft_22_reg_2_/D
                              3.8888         6.3439 r      -2.4551  (VIOLATED)
   u_NV_NVDLA_cmac/u_core/u_mac_7/u_exp/exp_sft_02_reg_2_/D
                              3.8888         6.3438 r      -2.4551  (VIOLATED)
   u_NV_NVDLA_cmac/u_core/u_mac_7/u_exp/exp_sft_03_reg_2_/D
                              3.8890         6.3439 r      -2.4549  (VIOLATED)
   u_NV_NVDLA_cmac/u_core/u_mac_7/u_exp/exp_sft_31_reg_2_/D
                              3.8886         6.3433 r      -2.4548  (VIOLATED)
   u_NV_NVDLA_cmac/u_core/u_mac_7/u_exp/exp_sft_14_reg_1_/D
                              3.8883         6.3428 r      -2.4545  (VIOLATED)
   u_NV_NVDLA_cmac/u_core/u_mac_7/u_exp/exp_sft_54_reg_2_/D
                              3.8810         6.3352 r      -2.4542  (VIOLATED)
   u_NV_NVDLA_cmac/u_core/u_mac_7/u_exp/exp_sft_30_reg_2_/D
                              3.8889         6.3429 r      -2.4541  (VIOLATED)
   u_NV_NVDLA_cmac/u_core/u_mac_7/u_exp/exp_sft_47_reg_3_/D
                              3.8886         6.3419 r      -2.4532  (VIOLATED)
   u_NV_NVDLA_cmac/u_core/u_mac_7/u_exp/exp_sft_27_reg_2_/D
                              3.8888         6.3418 r      -2.4530  (VIOLATED)
   u_NV_NVDLA_cmac/u_core/u_mac_7/u_exp/exp_sft_47_reg_2_/D
                              3.8888         6.3417 r      -2.4529  (VIOLATED)
   u_NV_NVDLA_cmac/u_core/u_mac_7/u_exp/exp_sft_18_reg_3_/D
                              3.8880         6.3408 r      -2.4528  (VIOLATED)
   u_NV_NVDLA_cmac/u_core/u_mac_7/u_exp/exp_sft_15_reg_2_/D
                              3.8890         6.3418 r      -2.4528  (VIOLATED)
   u_NV_NVDLA_cmac/u_core/u_mac_7/u_exp/exp_sft_58_reg_3_/D
                              3.8996         6.3522 f      -2.4526  (VIOLATED)
   u_NV_NVDLA_cmac/u_core/u_mac_7/u_exp/exp_sft_15_reg_3_/D
                              3.8891         6.3415 r      -2.4525  (VIOLATED)
   u_NV_NVDLA_cmac/u_core/u_mac_7/u_exp/exp_sft_34_reg_3_/D
                              3.8998         6.3522 f      -2.4523  (VIOLATED)
   u_NV_NVDLA_cmac/u_core/u_mac_7/u_exp/exp_sft_62_reg_3_/D
                              3.8888         6.3406 r      -2.4517  (VIOLATED)
   u_NV_NVDLA_cmac/u_core/u_mac_7/u_exp/exp_sft_00_reg_1_/D
                              3.8887         6.3397 r      -2.4510  (VIOLATED)
   u_NV_NVDLA_cmac/u_core/u_mac_7/u_exp/exp_sft_24_reg_1_/D
                              3.8889         6.3399 r      -2.4510  (VIOLATED)
   u_NV_NVDLA_cmac/u_core/u_mac_7/u_exp/exp_sft_61_reg_2_/D
                              3.8759         6.3267 f      -2.4508  (VIOLATED)
   u_NV_NVDLA_cmac/u_core/u_mac_7/u_exp/exp_sft_06_reg_3_/D
                              3.8880         6.3385 r      -2.4505  (VIOLATED)
   u_NV_NVDLA_cmac/u_core/u_mac_7/u_exp/exp_sft_18_reg_2_/D
                              3.8886         6.3390 r      -2.4504  (VIOLATED)
   u_NV_NVDLA_cmac/u_core/u_mac_7/u_exp/exp_sft_52_reg_2_/D
                              3.8881         6.3385 r      -2.4504  (VIOLATED)
   u_NV_NVDLA_cmac/u_core/u_mac_7/u_exp/exp_sft_11_reg_2_/D
                              3.8886         6.3389 r      -2.4503  (VIOLATED)
   u_NV_NVDLA_cmac/u_core/u_mac_7/u_exp/exp_sft_53_reg_2_/D
                              3.8888         6.3388 r      -2.4500  (VIOLATED)
   u_NV_NVDLA_cmac/u_core/u_mac_7/u_exp/exp_sft_48_reg_1_/D
                              3.8890         6.3390 r      -2.4499  (VIOLATED)
   u_NV_NVDLA_cmac/u_core/u_mac_7/u_exp/exp_sft_11_reg_3_/D
                              3.8890         6.3387 r      -2.4497  (VIOLATED)
   u_NV_NVDLA_cmac/u_core/u_mac_7/u_exp/exp_sft_01_reg_2_/D
                              3.8862         6.3357 f      -2.4494  (VIOLATED)
   u_NV_NVDLA_cmac/u_core/u_mac_7/u_exp/exp_sft_60_reg_3_/D
                              3.8890         6.3380 r      -2.4491  (VIOLATED)
   u_NV_NVDLA_cmac/u_core/u_mac_7/u_exp/exp_sft_12_reg_1_/D
                              3.8890         6.3381 r      -2.4491  (VIOLATED)
   u_NV_NVDLA_cmac/u_core/u_mac_7/u_exp/exp_sft_58_reg_2_/D
                              3.8956         6.3445 f      -2.4489  (VIOLATED)
   u_NV_NVDLA_cmac/u_core/u_mac_0/u_exp/exp_sft_58_reg_2_/D
                              3.8892         6.3380 r      -2.4488  (VIOLATED)
   u_NV_NVDLA_cmac/u_core/u_mac_7/u_exp/exp_sft_20_reg_2_/D
                              3.8885         6.3371 r      -2.4486  (VIOLATED)
   u_NV_NVDLA_cmac/u_core/u_mac_7/u_exp/exp_sft_54_reg_3_/D
                              3.8947         6.3432 f      -2.4485  (VIOLATED)
   u_NV_NVDLA_cmac/u_core/u_mac_7/u_exp/exp_sft_57_reg_3_/D
                              3.8890         6.3374 r      -2.4485  (VIOLATED)
   u_NV_NVDLA_cmac/u_core/u_mac_7/u_exp/exp_sft_49_reg_1_/D
                              3.8891         6.3374 r      -2.4484  (VIOLATED)
   u_NV_NVDLA_cmac/u_core/u_mac_7/u_exp/exp_sft_17_reg_2_/D
                              3.8888         6.3370 r      -2.4482  (VIOLATED)
   u_NV_NVDLA_cmac/u_core/u_mac_2/u_exp/exp_sft_03_reg_3_/D
                              3.8901         6.3382 r      -2.4481  (VIOLATED)
   u_NV_NVDLA_cmac/u_core/u_mac_7/u_exp/exp_sft_52_reg_1_/D
                              3.8887         6.3366 r      -2.4479  (VIOLATED)
   u_NV_NVDLA_cmac/u_core/u_mac_7/u_exp/exp_sft_54_reg_1_/D
                              3.8806         6.3285 r      -2.4479  (VIOLATED)
   u_NV_NVDLA_cmac/u_core/u_mac_3/u_exp/exp_sft_03_reg_3_/D
                              3.8899         6.3375 r      -2.4476  (VIOLATED)
   u_NV_NVDLA_cmac/u_core/u_mac_2/u_exp/exp_sft_08_reg_3_/D
                              3.8827         6.3302 r      -2.4475  (VIOLATED)
   u_NV_NVDLA_cmac/u_core/u_mac_2/u_exp/exp_sft_06_reg_3_/D
                              3.8827         6.3300 r      -2.4473  (VIOLATED)
   u_NV_NVDLA_cmac/u_core/u_mac_7/u_exp/exp_sft_19_reg_1_/D
                              3.8887         6.3360 r      -2.4473  (VIOLATED)
   u_NV_NVDLA_cmac/u_core/u_mac_7/u_exp/exp_sft_17_reg_3_/D
                              3.8889         6.3357 r      -2.4468  (VIOLATED)
   u_NV_NVDLA_cmac/u_core/u_mac_7/u_exp/exp_sft_20_reg_3_/D
                              3.8888         6.3355 r      -2.4467  (VIOLATED)
   u_NV_NVDLA_cmac/u_core/u_mac_7/u_exp/exp_sft_22_reg_3_/D
                              3.8887         6.3353 r      -2.4466  (VIOLATED)
   u_NV_NVDLA_cmac/u_core/u_mac_7/u_exp/exp_sft_26_reg_1_/D
                              3.8889         6.3355 r      -2.4466  (VIOLATED)
   u_NV_NVDLA_cmac/u_core/u_mac_7/u_exp/exp_sft_41_reg_1_/D
                              3.8889         6.3351 r      -2.4462  (VIOLATED)
   u_NV_NVDLA_cmac/u_core/u_mac_7/u_exp/exp_sft_38_reg_2_/D
                              3.8904         6.3365 r      -2.4462  (VIOLATED)
   u_NV_NVDLA_cmac/u_core/u_mac_7/u_exp/exp_sft_22_reg_1_/D
                              3.8890         6.3349 r      -2.4460  (VIOLATED)
   u_NV_NVDLA_cmac/u_core/u_mac_7/u_exp/exp_sft_07_reg_3_/D
                              3.8887         6.3347 r      -2.4460  (VIOLATED)
   u_NV_NVDLA_cmac/u_core/u_mac_7/u_exp/exp_sft_28_reg_2_/D
                              3.8887         6.3346 r      -2.4459  (VIOLATED)
   u_NV_NVDLA_cmac/u_core/u_mac_7/u_exp/exp_sft_25_reg_2_/D
                              3.8904         6.3361 r      -2.4457  (VIOLATED)
   u_NV_NVDLA_cmac/u_core/u_mac_7/u_exp/exp_sft_35_reg_1_/D
                              3.8890         6.3347 r      -2.4457  (VIOLATED)
   u_NV_NVDLA_cmac/u_core/u_mac_7/u_exp/exp_sft_05_reg_2_/D
                              3.8888         6.3343 r      -2.4455  (VIOLATED)
   u_NV_NVDLA_cmac/u_core/u_mac_2/u_exp/exp_sft_53_reg_3_/D
                              3.8906         6.3359 r      -2.4454  (VIOLATED)
   u_NV_NVDLA_cmac/u_core/u_mac_7/u_exp/exp_sft_45_reg_1_/D
                              3.8889         6.3342 r      -2.4454  (VIOLATED)
   u_NV_NVDLA_cmac/u_core/u_mac_7/u_exp/exp_sft_15_reg_1_/D
                              3.8889         6.3342 r      -2.4453  (VIOLATED)
   u_NV_NVDLA_cmac/u_core/u_mac_7/u_exp/exp_sft_41_reg_2_/D
                              3.8903         6.3354 r      -2.4451  (VIOLATED)
   u_NV_NVDLA_cmac/u_core/u_mac_7/u_exp/exp_sft_31_reg_1_/D
                              3.8888         6.3334 r      -2.4446  (VIOLATED)
   u_NV_NVDLA_cmac/u_core/u_mac_0/u_exp/exp_sft_57_reg_2_/D
                              3.8891         6.3337 r      -2.4446  (VIOLATED)
   u_NV_NVDLA_cmac/u_core/u_mac_7/u_exp/exp_sft_61_reg_3_/D
                              3.9000         6.3445 f      -2.4445  (VIOLATED)
   u_NV_NVDLA_cmac/u_core/u_mac_7/u_exp/exp_sft_10_reg_1_/D
                              3.8891         6.3336 r      -2.4445  (VIOLATED)
   u_NV_NVDLA_cmac/u_core/u_mac_7/u_exp/exp_sft_39_reg_2_/D
                              3.8901         6.3345 r      -2.4444  (VIOLATED)
   u_NV_NVDLA_cmac/u_core/u_mac_7/u_exp/exp_sft_45_reg_2_/D
                              3.8903         6.3346 r      -2.4443  (VIOLATED)
   u_NV_NVDLA_cmac/u_core/u_mac_0/u_exp/exp_sft_62_reg_2_/D
                              3.8909         6.3345 r      -2.4436  (VIOLATED)
   u_NV_NVDLA_cmac/u_core/u_mac_2/u_exp/exp_sft_50_reg_3_/D
                              3.8906         6.3340 r      -2.4434  (VIOLATED)
   u_NV_NVDLA_cmac/u_core/u_mac_0/u_exp/exp_sft_59_reg_2_/D
                              3.8908         6.3339 r      -2.4431  (VIOLATED)
   u_NV_NVDLA_cmac/u_core/u_mac_7/u_exp/exp_sft_49_reg_2_/D
                              3.8901         6.3332 r      -2.4431  (VIOLATED)
   u_NV_NVDLA_cmac/u_core/u_mac_5/u_exp/exp_sft_07_reg_2_/D
                              3.8896         6.3326 r      -2.4430  (VIOLATED)
   u_NV_NVDLA_cmac/u_core/u_mac_3/u_exp/exp_sft_04_reg_1_/D
                              3.8889         6.3319 r      -2.4430  (VIOLATED)
   u_NV_NVDLA_cmac/u_core/u_mac_7/u_exp/exp_sft_42_reg_2_/D
                              3.8903         6.3327 r      -2.4424  (VIOLATED)
   u_NV_NVDLA_cmac/u_core/u_mac_7/u_exp/exp_sft_52_reg_3_/D
                              3.8823         6.3246 r      -2.4423  (VIOLATED)
   u_NV_NVDLA_cmac/u_core/u_mac_4/u_exp/exp_sft_55_reg_3_/D
                              3.8888         6.3309 r      -2.4422  (VIOLATED)
   u_NV_NVDLA_cmac/u_core/u_mac_7/u_exp/exp_sft_63_reg_1_/D
                              3.8905         6.3325 r      -2.4420  (VIOLATED)
   u_NV_NVDLA_cmac/u_core/u_mac_2/u_exp/exp_sft_62_reg_2_/D
                              3.8890         6.3308 r      -2.4418  (VIOLATED)
   u_NV_NVDLA_cmac/u_core/u_mac_4/u_exp/exp_sft_50_reg_3_/D
                              3.8906         6.3324 r      -2.4418  (VIOLATED)
   u_NV_NVDLA_cmac/u_core/u_mac_7/u_exp/exp_sft_09_reg_3_/D
                              3.8879         6.3295 r      -2.4415  (VIOLATED)
   u_NV_NVDLA_cmac/u_core/u_mac_4/u_exp/exp_sft_01_reg_2_/D
                              3.8907         6.3320 r      -2.4414  (VIOLATED)
   u_NV_NVDLA_cmac/u_core/u_mac_3/u_exp/exp_sft_08_reg_3_/D
                              3.8905         6.3319 r      -2.4414  (VIOLATED)
   u_NV_NVDLA_cmac/u_core/u_mac_7/u_exp/exp_sft_53_reg_1_/D
                              3.8886         6.3298 r      -2.4412  (VIOLATED)
   u_NV_NVDLA_cmac/u_core/u_mac_7/u_exp/exp_sft_48_reg_2_/D
                              3.8904         6.3316 r      -2.4412  (VIOLATED)
   u_NV_NVDLA_cmac/u_core/u_mac_3/u_exp/exp_sft_06_reg_3_/D
                              3.8902         6.3313 r      -2.4411  (VIOLATED)
   u_NV_NVDLA_cmac/u_core/u_mac_2/u_exp/exp_sft_09_reg_3_/D
                              3.8901         6.3311 r      -2.4411  (VIOLATED)
   u_NV_NVDLA_cmac/u_core/u_mac_4/u_exp/exp_sft_46_reg_3_/D
                              3.8904         6.3313 r      -2.4408  (VIOLATED)
   u_NV_NVDLA_cmac/u_core/u_mac_4/u_exp/exp_sft_18_reg_3_/D
                              3.8907         6.3314 r      -2.4407  (VIOLATED)
   u_NV_NVDLA_cmac/u_core/u_mac_7/u_exp/exp_sft_21_reg_3_/D
                              3.8800         6.3207 r      -2.4407  (VIOLATED)
   u_NV_NVDLA_cmac/u_core/u_mac_7/u_exp/exp_sft_40_reg_2_/D
                              3.8823         6.3230 r      -2.4407  (VIOLATED)
   u_NV_NVDLA_cmac/u_core/u_mac_7/u_exp/exp_sft_25_reg_1_/D
                              3.8886         6.3291 r      -2.4405  (VIOLATED)
   u_NV_NVDLA_cmac/u_core/u_mac_4/u_exp/exp_sft_47_reg_3_/D
                              3.8904         6.3308 r      -2.4404  (VIOLATED)
   u_NV_NVDLA_cmac/u_core/u_mac_7/u_exp/exp_sft_27_reg_1_/D
                              3.8888         6.3292 r      -2.4403  (VIOLATED)
   u_NV_NVDLA_cmac/u_core/u_mac_7/u_exp/exp_sft_41_reg_3_/D
                              3.8888         6.3290 r      -2.4402  (VIOLATED)
   u_NV_NVDLA_cmac/u_core/u_mac_7/u_exp/exp_sft_07_reg_2_/D
                              3.8887         6.3288 r      -2.4401  (VIOLATED)
   u_NV_NVDLA_cmac/u_core/u_mac_0/u_exp/exp_sft_56_reg_2_/D
                              3.8911         6.3311 r      -2.4401  (VIOLATED)
   u_NV_NVDLA_cmac/u_core/u_mac_7/u_exp/exp_sft_03_reg_0_/D
                              3.8822         6.3223 r      -2.4400  (VIOLATED)
   u_NV_NVDLA_cmac/u_core/u_mac_7/u_exp/exp_sft_21_reg_2_/D
                              3.8884         6.3284 r      -2.4400  (VIOLATED)
   u_NV_NVDLA_cmac/u_core/u_mac_7/u_exp/exp_sft_60_reg_2_/D
                              3.8956         6.3356 f      -2.4400  (VIOLATED)
   u_NV_NVDLA_cmac/u_core/u_mac_7/u_exp/exp_sft_29_reg_1_/D
                              3.8889         6.3289 r      -2.4399  (VIOLATED)
   u_NV_NVDLA_cmac/u_core/u_mac_3/u_exp/exp_sft_50_reg_3_/D
                              3.8906         6.3305 r      -2.4399  (VIOLATED)
   u_NV_NVDLA_cmac/u_core/u_mac_7/u_exp/exp_sft_55_reg_2_/D
                              3.8809         6.3208 r      -2.4399  (VIOLATED)
   u_NV_NVDLA_cmac/u_core/u_mac_7/u_exp/exp_sft_57_reg_2_/D
                              3.8959         6.3358 f      -2.4399  (VIOLATED)
   u_NV_NVDLA_cmac/u_core/u_mac_2/u_exp/exp_sft_02_reg_2_/D
                              3.8825         6.3223 r      -2.4398  (VIOLATED)
   u_NV_NVDLA_cmac/u_core/u_mac_4/u_exp/exp_sft_45_reg_3_/D
                              3.8903         6.3300 r      -2.4397  (VIOLATED)
   u_NV_NVDLA_cmac/u_core/u_mac_7/u_exp/exp_sft_21_reg_0_/D
                              3.8824         6.3221 r      -2.4397  (VIOLATED)
   u_NV_NVDLA_cmac/u_core/u_mac_4/u_exp/exp_sft_44_reg_3_/D
                              3.8906         6.3302 r      -2.4396  (VIOLATED)
   u_NV_NVDLA_cmac/u_core/u_mac_3/u_exp/exp_sft_03_reg_2_/D
                              3.8819         6.3214 r      -2.4396  (VIOLATED)
   u_NV_NVDLA_cmac/u_core/u_mac_7/u_exp/exp_sft_22_reg_0_/D
                              3.8825         6.3219 r      -2.4394  (VIOLATED)
   u_NV_NVDLA_cmac/u_core/u_mac_6/u_exp/exp_sft_51_reg_3_/D
                              3.8904         6.3296 r      -2.4392  (VIOLATED)
   u_NV_NVDLA_cmac/u_core/u_mac_7/u_exp/exp_sft_28_reg_1_/D
                              3.8890         6.3280 r      -2.4390  (VIOLATED)
   u_NV_NVDLA_cmac/u_core/u_mac_4/u_exp/exp_sft_55_reg_2_/D
                              3.8907         6.3297 r      -2.4390  (VIOLATED)
   u_NV_NVDLA_cmac/u_core/u_mac_7/u_exp/exp_sft_55_reg_3_/D
                              3.8826         6.3215 r      -2.4389  (VIOLATED)
   u_NV_NVDLA_cmac/u_core/u_mac_2/u_exp/exp_sft_07_reg_3_/D
                              3.8905         6.3293 r      -2.4388  (VIOLATED)
   u_NV_NVDLA_cmac/u_core/u_mac_3/u_exp/exp_sft_02_reg_3_/D
                              3.8905         6.3292 r      -2.4387  (VIOLATED)
   u_NV_NVDLA_cmac/u_core/u_mac_2/u_exp/exp_sft_63_reg_3_/D
                              3.8888         6.3274 r      -2.4386  (VIOLATED)
   u_NV_NVDLA_cmac/u_core/u_mac_4/u_exp/exp_sft_53_reg_3_/D
                              3.8906         6.3292 r      -2.4386  (VIOLATED)
   u_NV_NVDLA_cmac/u_core/u_mac_5/u_exp/exp_sft_17_reg_2_/D
                              3.8895         6.3280 r      -2.4385  (VIOLATED)
   u_NV_NVDLA_cmac/u_core/u_mac_4/u_exp/exp_sft_36_reg_3_/D
                              3.8904         6.3288 r      -2.4384  (VIOLATED)
   u_NV_NVDLA_cmac/u_core/u_mac_5/u_exp/exp_sft_09_reg_3_/D
                              3.8881         6.3264 r      -2.4383  (VIOLATED)
   u_NV_NVDLA_cmac/u_core/u_mac_3/u_exp/exp_sft_06_reg_2_/D
                              3.8825         6.3208 r      -2.4383  (VIOLATED)
   u_NV_NVDLA_cmac/u_core/u_mac_4/u_exp/exp_sft_62_reg_2_/D
                              3.9010         6.3393 f      -2.4383  (VIOLATED)
   u_NV_NVDLA_cmac/u_core/u_mac_2/u_exp/exp_sft_14_reg_3_/D
                              3.8904         6.3286 r      -2.4382  (VIOLATED)
   u_NV_NVDLA_cmac/u_core/u_mac_2/u_exp/exp_sft_49_reg_3_/D
                              3.8904         6.3285 r      -2.4381  (VIOLATED)
   u_NV_NVDLA_cmac/u_core/u_mac_7/u_exp/exp_sft_44_reg_2_/D
                              3.8904         6.3285 r      -2.4381  (VIOLATED)
   u_NV_NVDLA_cmac/u_core/u_mac_0/u_exp/exp_sft_60_reg_2_/D
                              3.8911         6.3291 r      -2.4380  (VIOLATED)
   u_NV_NVDLA_cmac/u_core/u_mac_7/u_exp/exp_sft_42_reg_1_/D
                              3.8888         6.3268 r      -2.4379  (VIOLATED)
   u_NV_NVDLA_cmac/u_core/u_mac_3/u_exp/exp_sft_02_reg_2_/D
                              3.8827         6.3205 r      -2.4379  (VIOLATED)
   u_NV_NVDLA_cmac/u_core/u_mac_7/u_exp/exp_sft_44_reg_0_/D
                              3.8825         6.3203 r      -2.4378  (VIOLATED)
   u_NV_NVDLA_cmac/u_core/u_mac_3/u_exp/exp_sft_10_reg_3_/D
                              3.8907         6.3284 r      -2.4378  (VIOLATED)
   u_NV_NVDLA_cmac/u_core/u_mac_7/u_exp/exp_sft_11_reg_0_/D
                              3.8825         6.3202 r      -2.4377  (VIOLATED)
   u_NV_NVDLA_cmac/u_core/u_mac_5/u_exp/exp_sft_12_reg_3_/D
                              3.8906         6.3282 r      -2.4376  (VIOLATED)
   u_NV_NVDLA_cmac/u_core/u_mac_7/u_exp/exp_sft_42_reg_0_/D
                              3.8824         6.3200 r      -2.4376  (VIOLATED)
   u_NV_NVDLA_cmac/u_core/u_mac_4/u_exp/exp_sft_39_reg_3_/D
                              3.8905         6.3281 r      -2.4376  (VIOLATED)
   u_NV_NVDLA_cmac/u_core/u_mac_6/u_exp/exp_sft_43_reg_3_/D
                              3.8905         6.3280 r      -2.4375  (VIOLATED)
   u_NV_NVDLA_cmac/u_core/u_mac_4/u_exp/exp_sft_52_reg_3_/D
                              3.8906         6.3280 r      -2.4375  (VIOLATED)
   u_NV_NVDLA_cmac/u_core/u_mac_7/u_exp/exp_sft_47_reg_1_/D
                              3.8890         6.3264 r      -2.4374  (VIOLATED)
   u_NV_NVDLA_cmac/u_core/u_mac_4/u_exp/exp_sft_50_reg_2_/D
                              3.8906         6.3278 r      -2.4373  (VIOLATED)
   u_NV_NVDLA_cmac/u_core/u_mac_6/u_exp/exp_sft_52_reg_3_/D
                              3.8887         6.3260 r      -2.4373  (VIOLATED)
   u_NV_NVDLA_cmac/u_core/u_mac_3/u_exp/exp_sft_09_reg_3_/D
                              3.8906         6.3278 r      -2.4372  (VIOLATED)
   u_NV_NVDLA_cmac/u_core/u_mac_5/u_exp/exp_sft_10_reg_3_/D
                              3.8904         6.3276 r      -2.4372  (VIOLATED)
   u_NV_NVDLA_cmac/u_core/u_mac_4/u_exp/exp_sft_43_reg_3_/D
                              3.8907         6.3278 r      -2.4371  (VIOLATED)
   u_NV_NVDLA_cmac/u_core/u_mac_0/u_exp/exp_sft_25_reg_2_/D
                              3.8905         6.3275 r      -2.4371  (VIOLATED)
   u_NV_NVDLA_cmac/u_core/u_mac_7/u_exp/exp_sft_40_reg_1_/D
                              3.8889         6.3259 r      -2.4370  (VIOLATED)
   u_NV_NVDLA_cmac/u_core/u_mac_4/u_exp/exp_sft_38_reg_3_/D
                              3.8906         6.3276 r      -2.4370  (VIOLATED)
   u_NV_NVDLA_cmac/u_core/u_mac_6/u_exp/exp_sft_63_reg_3_/D
                              3.8898         6.3269 f      -2.4370  (VIOLATED)
   u_NV_NVDLA_cmac/u_core/u_mac_3/u_exp/exp_sft_05_reg_2_/D
                              3.8828         6.3196 r      -2.4368  (VIOLATED)
   u_NV_NVDLA_cmac/u_core/u_mac_7/u_exp/exp_sft_49_reg_3_/D
                              3.8886         6.3253 r      -2.4367  (VIOLATED)
   u_NV_NVDLA_cmac/u_core/u_mac_0/u_exp/exp_sft_26_reg_2_/D
                              3.8907         6.3273 r      -2.4367  (VIOLATED)
   u_NV_NVDLA_cmac/u_core/u_mac_3/u_exp/exp_sft_05_reg_3_/D
                              3.8802         6.3167 r      -2.4365  (VIOLATED)
   u_NV_NVDLA_cmac/u_core/u_mac_4/u_exp/exp_sft_03_reg_3_/D
                              3.8886         6.3250 r      -2.4363  (VIOLATED)
   u_NV_NVDLA_cmac/u_core/u_mac_0/u_exp/exp_sft_24_reg_2_/D
                              3.8906         6.3269 r      -2.4363  (VIOLATED)
   u_NV_NVDLA_cmac/u_core/u_mac_7/u_exp/exp_sft_09_reg_1_/D
                              3.8890         6.3251 r      -2.4362  (VIOLATED)
   u_NV_NVDLA_cmac/u_core/u_mac_7/u_exp/exp_sft_11_reg_1_/D
                              3.8888         6.3249 r      -2.4362  (VIOLATED)
   u_NV_NVDLA_cmac/u_core/u_mac_2/u_exp/exp_sft_11_reg_3_/D
                              3.8905         6.3265 r      -2.4360  (VIOLATED)
   u_NV_NVDLA_cmac/u_core/u_mac_3/u_exp/exp_sft_11_reg_3_/D
                              3.8907         6.3266 r      -2.4359  (VIOLATED)
   u_NV_NVDLA_cmac/u_core/u_mac_7/u_exp/exp_sft_38_reg_1_/D
                              3.8890         6.3249 r      -2.4359  (VIOLATED)
   u_NV_NVDLA_cmac/u_core/u_mac_7/u_exp/exp_sft_23_reg_3_/D
                              3.8888         6.3247 r      -2.4358  (VIOLATED)
   u_NV_NVDLA_cmac/u_core/u_mac_3/u_exp/exp_sft_62_reg_2_/D
                              3.9012         6.3370 f      -2.4358  (VIOLATED)
   u_NV_NVDLA_cmac/u_core/u_mac_6/u_exp/exp_sft_50_reg_3_/D
                              3.8905         6.3263 r      -2.4358  (VIOLATED)
   u_NV_NVDLA_cmac/u_core/u_mac_7/u_exp/exp_sft_44_reg_1_/D
                              3.8889         6.3247 r      -2.4358  (VIOLATED)
   u_NV_NVDLA_cmac/u_core/u_mac_6/u_exp/exp_sft_52_reg_2_/D
                              3.8886         6.3244 r      -2.4358  (VIOLATED)
   u_NV_NVDLA_cmac/u_core/u_mac_7/u_exp/exp_sft_14_reg_0_/D
                              3.8827         6.3185 r      -2.4358  (VIOLATED)
   u_NV_NVDLA_cmac/u_core/u_mac_0/u_exp/exp_sft_35_reg_2_/D
                              3.8902         6.3260 r      -2.4358  (VIOLATED)
   u_NV_NVDLA_cmac/u_core/u_mac_3/u_exp/exp_sft_04_reg_2_/D
                              3.8827         6.3184 r      -2.4357  (VIOLATED)
   u_NV_NVDLA_cmac/u_core/u_mac_6/u_exp/exp_sft_06_reg_2_/D
                              3.8887         6.3243 r      -2.4356  (VIOLATED)
   u_NV_NVDLA_cmac/u_core/u_mac_7/u_exp/exp_sft_56_reg_3_/D
                              3.9001         6.3357 f      -2.4356  (VIOLATED)
   u_NV_NVDLA_cmac/u_core/u_mac_4/u_exp/exp_sft_44_reg_2_/D
                              3.8906         6.3261 r      -2.4355  (VIOLATED)
   u_NV_NVDLA_cmac/u_core/u_mac_0/u_exp/exp_sft_45_reg_2_/D
                              3.8828         6.3182 r      -2.4355  (VIOLATED)
   u_NV_NVDLA_cmac/u_core/u_mac_5/u_exp/exp_sft_18_reg_2_/D
                              3.8825         6.3179 r      -2.4354  (VIOLATED)
   u_NV_NVDLA_cmac/u_core/u_mac_2/u_exp/exp_sft_12_reg_3_/D
                              3.8906         6.3260 r      -2.4354  (VIOLATED)
   u_NV_NVDLA_cmac/u_core/u_mac_0/u_exp/exp_sft_20_reg_2_/D
                              3.8905         6.3258 r      -2.4353  (VIOLATED)
   u_NV_NVDLA_cmac/u_core/u_mac_7/u_exp/exp_sft_43_reg_1_/D
                              3.8891         6.3242 r      -2.4351  (VIOLATED)
   u_NV_NVDLA_cmac/u_core/u_mac_5/u_exp/exp_sft_49_reg_3_/D
                              3.8905         6.3256 r      -2.4351  (VIOLATED)
   u_NV_NVDLA_cmac/u_core/u_mac_3/u_exp/exp_sft_59_reg_2_/D
                              3.8892         6.3243 r      -2.4351  (VIOLATED)
   u_NV_NVDLA_cmac/u_core/u_mac_4/u_exp/exp_sft_31_reg_3_/D
                              3.8905         6.3255 r      -2.4350  (VIOLATED)
   u_NV_NVDLA_cmac/u_core/u_mac_7/u_exp/exp_sft_39_reg_1_/D
                              3.8890         6.3240 r      -2.4350  (VIOLATED)
   u_NV_NVDLA_cmac/u_core/u_mac_0/u_exp/exp_sft_17_reg_2_/D
                              3.8907         6.3257 r      -2.4350  (VIOLATED)
   u_NV_NVDLA_cmac/u_core/u_mac_4/u_exp/exp_sft_47_reg_2_/D
                              3.8907         6.3255 r      -2.4348  (VIOLATED)
   u_NV_NVDLA_cmac/u_core/u_mac_7/u_exp/exp_sft_08_reg_1_/D
                              3.8889         6.3236 r      -2.4347  (VIOLATED)
   u_NV_NVDLA_cmac/u_core/u_mac_7/u_exp/exp_sft_15_reg_0_/D
                              3.8825         6.3171 r      -2.4346  (VIOLATED)
   u_NV_NVDLA_cmac/u_core/u_mac_7/u_exp/exp_sft_23_reg_2_/D
                              3.8905         6.3251 r      -2.4346  (VIOLATED)
   u_NV_NVDLA_cmac/u_core/u_mac_6/u_exp/exp_sft_47_reg_3_/D
                              3.8906         6.3249 r      -2.4344  (VIOLATED)
   u_NV_NVDLA_cmac/u_core/u_mac_0/u_exp/exp_sft_18_reg_2_/D
                              3.8905         6.3249 r      -2.4343  (VIOLATED)
   u_NV_NVDLA_cmac/u_core/u_mac_6/u_exp/exp_sft_55_reg_3_/D
                              3.8906         6.3250 r      -2.4343  (VIOLATED)
   u_NV_NVDLA_cmac/u_core/u_mac_7/u_exp/exp_sft_46_reg_1_/D
                              3.8904         6.3248 r      -2.4343  (VIOLATED)
   u_NV_NVDLA_cmac/u_core/u_mac_0/u_exp/exp_sft_61_reg_2_/D
                              3.8913         6.3256 r      -2.4343  (VIOLATED)
   u_NV_NVDLA_cmac/u_core/u_mac_0/u_exp/exp_sft_22_reg_2_/D
                              3.8907         6.3248 r      -2.4341  (VIOLATED)
   u_NV_NVDLA_cmac/u_core/u_mac_5/u_exp/exp_sft_35_reg_2_/D
                              3.8894         6.3235 r      -2.4341  (VIOLATED)
   u_NV_NVDLA_cmac/u_core/u_mac_6/u_exp/exp_sft_43_reg_2_/D
                              3.8904         6.3245 r      -2.4341  (VIOLATED)
   u_NV_NVDLA_cmac/u_core/u_mac_0/u_exp/exp_sft_21_reg_2_/D
                              3.8907         6.3248 r      -2.4341  (VIOLATED)
   u_NV_NVDLA_cmac/u_core/u_mac_7/u_exp/exp_sft_37_reg_0_/D
                              3.8903         6.3243 r      -2.4340  (VIOLATED)
   u_NV_NVDLA_cmac/u_core/u_mac_4/u_exp/exp_sft_41_reg_3_/D
                              3.8907         6.3247 r      -2.4340  (VIOLATED)
   u_NV_NVDLA_cmac/u_core/u_mac_5/u_exp/exp_sft_22_reg_2_/D
                              3.8826         6.3166 r      -2.4340  (VIOLATED)
   u_NV_NVDLA_cmac/u_core/u_mac_0/u_exp/exp_sft_27_reg_2_/D
                              3.8903         6.3243 r      -2.4339  (VIOLATED)
   u_NV_NVDLA_cmac/u_core/u_mac_3/u_exp/exp_sft_50_reg_2_/D
                              3.8905         6.3244 r      -2.4339  (VIOLATED)
   u_NV_NVDLA_cmac/u_core/u_mac_4/u_exp/exp_sft_46_reg_2_/D
                              3.8907         6.3246 r      -2.4339  (VIOLATED)
   u_NV_NVDLA_cmac/u_core/u_mac_5/u_exp/exp_sft_09_reg_2_/D
                              3.8896         6.3235 r      -2.4338  (VIOLATED)
   u_NV_NVDLA_cmac/u_core/u_mac_4/u_exp/exp_sft_36_reg_2_/D
                              3.8904         6.3242 r      -2.4337  (VIOLATED)
   u_NV_NVDLA_cmac/u_core/u_mac_5/u_exp/exp_sft_59_reg_3_/D
                              3.8890         6.3227 r      -2.4337  (VIOLATED)
   u_NV_NVDLA_cmac/u_core/u_mac_4/u_exp/exp_sft_52_reg_2_/D
                              3.8905         6.3242 r      -2.4336  (VIOLATED)
   u_NV_NVDLA_cmac/u_core/u_mac_5/u_exp/exp_sft_49_reg_2_/D
                              3.8896         6.3233 r      -2.4336  (VIOLATED)
   u_NV_NVDLA_cmac/u_core/u_mac_0/u_exp/exp_sft_29_reg_2_/D
                              3.8907         6.3242 r      -2.4335  (VIOLATED)
   u_NV_NVDLA_cmac/u_core/u_mac_4/u_exp/exp_sft_37_reg_3_/D
                              3.8905         6.3240 r      -2.4335  (VIOLATED)
   u_NV_NVDLA_cmac/u_core/u_mac_4/u_exp/exp_sft_06_reg_3_/D
                              3.8888         6.3222 r      -2.4335  (VIOLATED)
   u_NV_NVDLA_cmac/u_core/u_mac_7/u_exp/exp_sft_20_reg_0_/D
                              3.8901         6.3235 r      -2.4334  (VIOLATED)
   u_NV_NVDLA_cmac/u_core/u_mac_2/u_exp/exp_sft_51_reg_3_/D
                              3.8828         6.3161 r      -2.4333  (VIOLATED)
   u_NV_NVDLA_cmac/u_core/u_mac_4/u_exp/exp_sft_28_reg_3_/D
                              3.8903         6.3235 r      -2.4332  (VIOLATED)
   u_NV_NVDLA_cmac/u_core/u_mac_7/u_exp/exp_sft_18_reg_0_/D
                              3.8901         6.3233 r      -2.4331  (VIOLATED)
   u_NV_NVDLA_cmac/u_core/u_mac_2/u_exp/exp_sft_48_reg_3_/D
                              3.8906         6.3238 r      -2.4331  (VIOLATED)
   u_NV_NVDLA_cmac/u_core/u_mac_4/u_exp/exp_sft_30_reg_3_/D
                              3.8905         6.3236 r      -2.4331  (VIOLATED)
   u_NV_NVDLA_cmac/u_core/u_mac_0/u_exp/exp_sft_30_reg_2_/D
                              3.8904         6.3235 r      -2.4331  (VIOLATED)
   u_NV_NVDLA_cmac/u_core/u_mac_0/u_exp/exp_sft_31_reg_2_/D
                              3.8906         6.3235 r      -2.4329  (VIOLATED)
   u_NV_NVDLA_cmac/u_core/u_mac_6/u_exp/exp_sft_51_reg_2_/D
                              3.8906         6.3235 r      -2.4329  (VIOLATED)
   u_NV_NVDLA_cmac/u_core/u_mac_4/u_exp/exp_sft_48_reg_2_/D
                              3.8825         6.3153 r      -2.4328  (VIOLATED)
   u_NV_NVDLA_cmac/u_core/u_mac_0/u_exp/exp_sft_23_reg_2_/D
                              3.8907         6.3235 r      -2.4328  (VIOLATED)
   u_NV_NVDLA_cmac/u_core/u_mac_5/u_exp/exp_sft_21_reg_2_/D
                              3.8827         6.3154 r      -2.4327  (VIOLATED)
   u_NV_NVDLA_cmac/u_core/u_mac_0/u_exp/exp_sft_02_reg_2_/D
                              3.8905         6.3231 r      -2.4326  (VIOLATED)
   u_NV_NVDLA_cmac/u_core/u_mac_7/u_exp/exp_sft_48_reg_3_/D
                              3.8889         6.3214 r      -2.4325  (VIOLATED)
   u_NV_NVDLA_cmac/u_core/u_mac_5/u_exp/exp_sft_01_reg_2_/D
                              3.8900         6.3225 r      -2.4325  (VIOLATED)
   u_NV_NVDLA_cmac/u_core/u_mac_4/u_exp/exp_sft_01_reg_3_/D
                              3.8889         6.3213 r      -2.4324  (VIOLATED)
   u_NV_NVDLA_cmac/u_core/u_mac_3/u_exp/exp_sft_31_reg_3_/D
                              3.8827         6.3150 r      -2.4323  (VIOLATED)
   u_NV_NVDLA_cmac/u_core/u_mac_2/u_exp/exp_sft_30_reg_3_/D
                              3.8905         6.3228 r      -2.4323  (VIOLATED)
   u_NV_NVDLA_cmac/u_core/u_mac_4/u_exp/exp_sft_35_reg_3_/D
                              3.8903         6.3225 r      -2.4322  (VIOLATED)
   u_NV_NVDLA_cmac/u_core/u_mac_4/u_exp/exp_sft_33_reg_3_/D
                              3.8907         6.3229 r      -2.4322  (VIOLATED)
   u_NV_NVDLA_cmac/u_core/u_mac_4/u_exp/exp_sft_06_reg_2_/D
                              3.8904         6.3226 r      -2.4321  (VIOLATED)
   u_NV_NVDLA_cmac/u_core/u_mac_4/u_exp/exp_sft_45_reg_2_/D
                              3.8906         6.3227 r      -2.4321  (VIOLATED)
   u_NV_NVDLA_cmac/u_core/u_mac_4/u_exp/exp_sft_38_reg_2_/D
                              3.8905         6.3225 r      -2.4321  (VIOLATED)
   u_NV_NVDLA_cmac/u_core/u_mac_5/u_exp/exp_sft_39_reg_2_/D
                              3.9005         6.3326 f      -2.4320  (VIOLATED)
   u_NV_NVDLA_cmac/u_core/u_mac_4/u_exp/exp_sft_40_reg_3_/D
                              3.8902         6.3222 r      -2.4320  (VIOLATED)
   u_NV_NVDLA_cmac/u_core/u_mac_7/u_exp/exp_sft_38_reg_0_/D
                              3.8901         6.3219 r      -2.4318  (VIOLATED)
   u_NV_NVDLA_cmac/u_core/u_mac_3/u_exp/exp_sft_29_reg_3_/D
                              3.8827         6.3144 r      -2.4317  (VIOLATED)
   u_NV_NVDLA_cmac/u_core/u_mac_7/u_exp/exp_sft_43_reg_0_/D
                              3.8828         6.3145 r      -2.4317  (VIOLATED)
   u_NV_NVDLA_cmac/u_core/u_mac_3/u_exp/exp_sft_56_reg_2_/D
                              3.8893         6.3210 r      -2.4317  (VIOLATED)
   u_NV_NVDLA_cmac/u_core/u_mac_6/u_exp/exp_sft_54_reg_3_/D
                              3.8885         6.3201 r      -2.4316  (VIOLATED)
   u_NV_NVDLA_cmac/u_core/u_mac_3/u_exp/exp_sft_54_reg_3_/D
                              3.8827         6.3143 r      -2.4316  (VIOLATED)
   u_NV_NVDLA_cmac/u_core/u_mac_5/u_exp/exp_sft_07_reg_3_/D
                              3.8888         6.3203 r      -2.4315  (VIOLATED)
   u_NV_NVDLA_cmac/u_core/u_mac_2/u_exp/exp_sft_04_reg_3_/D
                              3.8811         6.3125 r      -2.4315  (VIOLATED)
   u_NV_NVDLA_cmac/u_core/u_mac_5/u_exp/exp_sft_12_reg_2_/D
                              3.8905         6.3219 r      -2.4314  (VIOLATED)
   u_NV_NVDLA_cmac/u_core/u_mac_2/u_exp/exp_sft_55_reg_3_/D
                              3.8902         6.3215 r      -2.4313  (VIOLATED)
   u_NV_NVDLA_cmac/u_core/u_mac_5/u_exp/exp_sft_10_reg_2_/D
                              3.8903         6.3216 r      -2.4313  (VIOLATED)
   u_NV_NVDLA_cmac/u_core/u_mac_3/u_exp/exp_sft_60_reg_2_/D
                              3.8894         6.3206 r      -2.4312  (VIOLATED)
   u_NV_NVDLA_cmac/u_core/u_mac_0/u_exp/exp_sft_46_reg_2_/D
                              3.8905         6.3217 r      -2.4312  (VIOLATED)
   u_NV_NVDLA_cmac/u_core/u_mac_2/u_exp/exp_sft_61_reg_2_/D
                              3.8907         6.3218 r      -2.4311  (VIOLATED)
   u_NV_NVDLA_cmac/u_core/u_mac_7/u_exp/exp_sft_23_reg_1_/D
                              3.8889         6.3200 r      -2.4311  (VIOLATED)
   u_NV_NVDLA_cmac/u_core/u_mac_7/u_exp/exp_sft_16_reg_0_/D
                              3.8904         6.3214 r      -2.4311  (VIOLATED)
   u_NV_NVDLA_cmac/u_core/u_mac_2/u_exp/exp_sft_52_reg_3_/D
                              3.8905         6.3215 r      -2.4310  (VIOLATED)
   u_NV_NVDLA_cmac/u_core/u_mac_4/u_exp/exp_sft_29_reg_3_/D
                              3.8903         6.3213 r      -2.4310  (VIOLATED)
   u_NV_NVDLA_cmac/u_core/u_mac_3/u_exp/exp_sft_07_reg_2_/D
                              3.8907         6.3216 r      -2.4309  (VIOLATED)
   u_NV_NVDLA_cmac/u_core/u_mac_7/u_exp/exp_sft_36_reg_0_/D
                              3.8903         6.3212 r      -2.4309  (VIOLATED)
   u_NV_NVDLA_cmac/u_core/u_mac_5/u_exp/exp_sft_17_reg_3_/D
                              3.8889         6.3198 r      -2.4309  (VIOLATED)
   u_NV_NVDLA_cmac/u_core/u_mac_4/u_exp/exp_sft_05_reg_3_/D
                              3.8889         6.3197 r      -2.4308  (VIOLATED)
   u_NV_NVDLA_cmac/u_core/u_mac_5/u_exp/exp_sft_57_reg_3_/D
                              3.8890         6.3197 r      -2.4308  (VIOLATED)
   u_NV_NVDLA_cmac/u_core/u_mac_5/u_exp/exp_sft_23_reg_2_/D
                              3.8826         6.3133 r      -2.4308  (VIOLATED)
   u_NV_NVDLA_cmac/u_core/u_mac_7/u_exp/exp_sft_52_reg_0_/D
                              3.8899         6.3207 r      -2.4307  (VIOLATED)
   u_NV_NVDLA_cmac/u_core/u_mac_7/u_exp/exp_sft_02_reg_0_/D
                              3.8905         6.3212 r      -2.4307  (VIOLATED)
   u_NV_NVDLA_cmac/u_core/u_mac_4/u_exp/exp_sft_61_reg_2_/D
                              3.8912         6.3219 r      -2.4307  (VIOLATED)
   u_NV_NVDLA_cmac/u_core/u_mac_7/u_exp/exp_sft_30_reg_0_/D
                              3.8902         6.3208 r      -2.4306  (VIOLATED)
   u_NV_NVDLA_cmac/u_core/u_mac_0/u_exp/exp_sft_46_reg_3_/D
                              3.8888         6.3194 r      -2.4306  (VIOLATED)
   u_NV_NVDLA_cmac/u_core/u_mac_7/u_exp/exp_sft_13_reg_0_/D
                              3.8905         6.3210 r      -2.4306  (VIOLATED)
   u_NV_NVDLA_cmac/u_core/u_mac_4/u_exp/exp_sft_04_reg_2_/D
                              3.8890         6.3194 r      -2.4305  (VIOLATED)
   u_NV_NVDLA_cmac/u_core/u_mac_4/u_exp/exp_sft_24_reg_3_/D
                              3.8905         6.3209 r      -2.4304  (VIOLATED)
   u_NV_NVDLA_cmac/u_core/u_mac_3/u_exp/exp_sft_18_reg_2_/D
                              3.8906         6.3210 r      -2.4304  (VIOLATED)
   u_NV_NVDLA_cmac/u_core/u_mac_2/u_exp/exp_sft_50_reg_2_/D
                              3.8904         6.3208 r      -2.4304  (VIOLATED)
   u_NV_NVDLA_cmac/u_core/u_mac_4/u_exp/exp_sft_39_reg_2_/D
                              3.8907         6.3211 r      -2.4304  (VIOLATED)
   u_NV_NVDLA_cmac/u_core/u_mac_6/u_exp/exp_sft_53_reg_3_/D
                              3.8886         6.3190 r      -2.4304  (VIOLATED)
   u_NV_NVDLA_cmac/u_core/u_mac_4/u_exp/exp_sft_53_reg_2_/D
                              3.8907         6.3210 r      -2.4304  (VIOLATED)
   u_NV_NVDLA_cmac/u_core/u_mac_3/u_exp/exp_sft_23_reg_2_/D
                              3.8905         6.3208 r      -2.4303  (VIOLATED)
   u_NV_NVDLA_cmac/u_core/u_mac_7/u_exp/exp_sft_08_reg_0_/D
                              3.8904         6.3206 r      -2.4302  (VIOLATED)
   u_NV_NVDLA_cmac/u_core/u_mac_7/u_exp/exp_sft_06_reg_0_/D
                              3.8906         6.3208 r      -2.4302  (VIOLATED)
   u_NV_NVDLA_cmac/u_core/u_mac_7/u_exp/exp_sft_05_reg_0_/D
                              3.8903         6.3204 r      -2.4301  (VIOLATED)
   u_NV_NVDLA_cmac/u_core/u_mac_5/u_exp/exp_sft_20_reg_3_/D
                              3.8812         6.3113 r      -2.4301  (VIOLATED)
   u_NV_NVDLA_cmac/u_core/u_mac_5/u_exp/exp_sft_08_reg_3_/D
                              3.8889         6.3189 r      -2.4300  (VIOLATED)
   u_NV_NVDLA_cmac/u_core/u_mac_0/u_exp/exp_sft_03_reg_2_/D
                              3.8904         6.3203 r      -2.4300  (VIOLATED)
   u_NV_NVDLA_cmac/u_core/u_mac_7/u_exp/exp_sft_42_reg_3_/D
                              3.8888         6.3187 r      -2.4299  (VIOLATED)
   u_NV_NVDLA_cmac/u_core/u_mac_7/u_exp/exp_sft_00_reg_0_/D
                              3.8904         6.3204 r      -2.4299  (VIOLATED)
   u_NV_NVDLA_cmac/u_core/u_mac_2/u_exp/exp_sft_04_reg_2_/D
                              3.8826         6.3125 r      -2.4299  (VIOLATED)
   u_NV_NVDLA_cmac/u_core/u_mac_6/u_exp/exp_sft_50_reg_2_/D
                              3.8907         6.3206 r      -2.4299  (VIOLATED)
   u_NV_NVDLA_cmac/u_core/u_mac_6/u_exp/exp_sft_15_reg_2_/D
                              3.8823         6.3121 r      -2.4298  (VIOLATED)
   u_NV_NVDLA_cmac/u_core/u_mac_7/u_exp/exp_sft_36_reg_3_/D
                              3.8899         6.3197 r      -2.4298  (VIOLATED)
   u_NV_NVDLA_cmac/u_core/u_mac_2/u_exp/exp_sft_53_reg_2_/D
                              3.8906         6.3204 r      -2.4298  (VIOLATED)
   u_NV_NVDLA_cmac/u_core/u_mac_3/u_exp/exp_sft_33_reg_3_/D
                              3.8907         6.3204 r      -2.4298  (VIOLATED)
   u_NV_NVDLA_cmac/u_core/u_mac_4/u_exp/exp_sft_21_reg_3_/D
                              3.8888         6.3185 r      -2.4297  (VIOLATED)
   u_NV_NVDLA_cmac/u_core/u_mac_4/u_exp/exp_sft_43_reg_2_/D
                              3.8905         6.3202 r      -2.4297  (VIOLATED)
   u_NV_NVDLA_cmac/u_core/u_mac_7/u_exp/exp_sft_23_reg_0_/D
                              3.8903         6.3199 r      -2.4297  (VIOLATED)
   u_NV_NVDLA_cmac/u_core/u_mac_4/u_exp/exp_sft_59_reg_2_/D
                              3.9009         6.3305 f      -2.4296  (VIOLATED)
   u_NV_NVDLA_cmac/u_core/u_mac_0/u_exp/exp_sft_42_reg_2_/D
                              3.8903         6.3199 r      -2.4296  (VIOLATED)
   u_NV_NVDLA_cmac/u_core/u_mac_4/u_exp/exp_sft_31_reg_2_/D
                              3.8906         6.3202 r      -2.4296  (VIOLATED)
   u_NV_NVDLA_cmac/u_core/u_mac_4/u_exp/exp_sft_18_reg_2_/D
                              3.8906         6.3202 r      -2.4295  (VIOLATED)
   u_NV_NVDLA_cmac/u_core/u_mac_7/u_exp/exp_sft_26_reg_0_/D
                              3.8904         6.3199 r      -2.4295  (VIOLATED)
   u_NV_NVDLA_cmac/u_core/u_mac_5/u_exp/exp_sft_36_reg_2_/D
                              3.9012         6.3307 f      -2.4295  (VIOLATED)
   u_NV_NVDLA_cmac/u_core/u_mac_4/u_exp/exp_sft_37_reg_2_/D
                              3.8905         6.3199 r      -2.4294  (VIOLATED)
   u_NV_NVDLA_cmac/u_core/u_mac_5/u_exp/exp_sft_11_reg_3_/D
                              3.8891         6.3186 r      -2.4294  (VIOLATED)
   u_NV_NVDLA_cmac/u_core/u_mac_7/u_exp/exp_sft_16_reg_1_/D
                              3.8889         6.3183 r      -2.4294  (VIOLATED)
   u_NV_NVDLA_cmac/u_core/u_mac_7/u_exp/exp_sft_33_reg_0_/D
                              3.8904         6.3198 r      -2.4294  (VIOLATED)
   u_NV_NVDLA_cmac/u_core/u_mac_7/u_exp/exp_sft_56_reg_1_/D
                              3.8904         6.3198 r      -2.4294  (VIOLATED)
   u_NV_NVDLA_cmac/u_core/u_mac_7/u_exp/exp_sft_34_reg_0_/D
                              3.8903         6.3196 r      -2.4293  (VIOLATED)
   u_NV_NVDLA_cmac/u_core/u_mac_5/u_exp/exp_sft_06_reg_3_/D
                              3.8890         6.3183 r      -2.4293  (VIOLATED)
   u_NV_NVDLA_cmac/u_core/u_mac_7/u_exp/exp_sft_47_reg_0_/D
                              3.8904         6.3197 r      -2.4293  (VIOLATED)
   u_NV_NVDLA_cmac/u_core/u_mac_7/u_exp/exp_sft_07_reg_0_/D
                              3.8905         6.3198 r      -2.4293  (VIOLATED)
   u_NV_NVDLA_cmac/u_core/u_mac_7/u_exp/exp_sft_24_reg_0_/D
                              3.8905         6.3198 r      -2.4293  (VIOLATED)
   u_NV_NVDLA_cmac/u_core/u_mac_5/u_exp/exp_sft_14_reg_3_/D
                              3.8888         6.3179 r      -2.4291  (VIOLATED)
   u_NV_NVDLA_cmac/u_core/u_mac_6/u_exp/exp_sft_53_reg_2_/D
                              3.8888         6.3179 r      -2.4290  (VIOLATED)
   u_NV_NVDLA_cmac/u_core/u_mac_7/u_exp/exp_sft_45_reg_0_/D
                              3.8905         6.3195 r      -2.4290  (VIOLATED)
   u_NV_NVDLA_cmac/u_core/u_mac_5/u_exp/exp_sft_05_reg_3_/D
                              3.8812         6.3102 r      -2.4290  (VIOLATED)
   u_NV_NVDLA_cmac/u_core/u_mac_4/u_exp/exp_sft_48_reg_3_/D
                              3.8906         6.3196 r      -2.4290  (VIOLATED)
   u_NV_NVDLA_cmac/u_core/u_mac_4/u_exp/exp_sft_25_reg_3_/D
                              3.8907         6.3196 r      -2.4289  (VIOLATED)
   u_NV_NVDLA_cmac/u_core/u_mac_4/u_exp/exp_sft_14_reg_3_/D
                              3.8906         6.3195 r      -2.4289  (VIOLATED)
   u_NV_NVDLA_cmac/u_core/u_mac_4/u_exp/exp_sft_60_reg_3_/D
                              3.8888         6.3177 r      -2.4289  (VIOLATED)
   u_NV_NVDLA_cmac/u_core/u_mac_4/u_exp/exp_sft_17_reg_3_/D
                              3.8900         6.3188 r      -2.4289  (VIOLATED)
   u_NV_NVDLA_cmac/u_core/u_mac_7/u_exp/exp_sft_35_reg_0_/D
                              3.8907         6.3195 r      -2.4289  (VIOLATED)
   u_NV_NVDLA_cmac/u_core/u_mac_7/u_exp/exp_sft_10_reg_0_/D
                              3.8904         6.3193 r      -2.4288  (VIOLATED)
   u_NV_NVDLA_cmac/u_core/u_mac_6/u_exp/exp_sft_58_reg_3_/D
                              3.8906         6.3194 r      -2.4288  (VIOLATED)
   u_NV_NVDLA_cmac/u_core/u_mac_7/u_exp/exp_sft_45_reg_3_/D
                              3.8887         6.3175 r      -2.4288  (VIOLATED)
   u_NV_NVDLA_cmac/u_core/u_mac_4/u_exp/exp_sft_42_reg_3_/D
                              3.8905         6.3193 r      -2.4287  (VIOLATED)
   u_NV_NVDLA_cmac/u_core/u_mac_7/u_exp/exp_sft_41_reg_0_/D
                              3.8905         6.3193 r      -2.4287  (VIOLATED)
   u_NV_NVDLA_cmac/u_core/u_mac_7/u_exp/exp_sft_29_reg_0_/D
                              3.8904         6.3191 r      -2.4287  (VIOLATED)
   u_NV_NVDLA_cmac/u_core/u_mac_7/u_exp/exp_sft_50_reg_0_/D
                              3.8906         6.3193 r      -2.4287  (VIOLATED)
   u_NV_NVDLA_cmac/u_core/u_mac_2/u_exp/exp_sft_29_reg_3_/D
                              3.8905         6.3192 r      -2.4286  (VIOLATED)
   u_NV_NVDLA_cmac/u_core/u_mac_7/u_exp/exp_sft_19_reg_0_/D
                              3.8904         6.3189 r      -2.4285  (VIOLATED)
   u_NV_NVDLA_cmac/u_core/u_mac_2/u_exp/exp_sft_58_reg_2_/D
                              3.8911         6.3195 r      -2.4284  (VIOLATED)
   u_NV_NVDLA_cmac/u_core/u_mac_4/u_exp/exp_sft_09_reg_3_/D
                              3.8889         6.3173 r      -2.4284  (VIOLATED)
   u_NV_NVDLA_cmac/u_core/u_mac_6/u_exp/exp_sft_59_reg_3_/D
                              3.8903         6.3187 r      -2.4284  (VIOLATED)
   u_NV_NVDLA_cmac/u_core/u_mac_3/u_exp/exp_sft_10_reg_2_/D
                              3.8906         6.3190 r      -2.4284  (VIOLATED)
   u_NV_NVDLA_cmac/u_core/u_mac_4/u_exp/exp_sft_34_reg_3_/D
                              3.8906         6.3189 r      -2.4284  (VIOLATED)
   u_NV_NVDLA_cmac/u_core/u_mac_7/u_exp/exp_sft_32_reg_0_/D
                              3.8906         6.3188 r      -2.4282  (VIOLATED)
   u_NV_NVDLA_cmac/u_core/u_mac_0/u_exp/exp_sft_40_reg_2_/D
                              3.8907         6.3189 r      -2.4282  (VIOLATED)
   u_NV_NVDLA_cmac/u_core/u_mac_4/u_exp/exp_sft_00_reg_3_/D
                              3.8889         6.3169 r      -2.4281  (VIOLATED)
   u_NV_NVDLA_cmac/u_core/u_mac_7/u_exp/exp_sft_61_reg_0_/D
                              3.8898         6.3178 r      -2.4280  (VIOLATED)
   u_NV_NVDLA_cmac/u_core/u_mac_7/u_exp/exp_sft_12_reg_0_/D
                              3.8905         6.3186 r      -2.4280  (VIOLATED)
   u_NV_NVDLA_cmac/u_core/u_mac_2/u_exp/exp_sft_57_reg_3_/D
                              3.8890         6.3170 r      -2.4280  (VIOLATED)
   u_NV_NVDLA_cmac/u_core/u_mac_7/u_exp/exp_sft_25_reg_0_/D
                              3.8906         6.3186 r      -2.4280  (VIOLATED)
   u_NV_NVDLA_cmac/u_core/u_mac_7/u_exp/exp_sft_27_reg_0_/D
                              3.8905         6.3185 r      -2.4280  (VIOLATED)
   u_NV_NVDLA_cmac/u_core/u_mac_3/u_exp/exp_sft_00_reg_3_/D
                              3.8813         6.3092 r      -2.4279  (VIOLATED)
   u_NV_NVDLA_cmac/u_core/u_mac_2/u_exp/exp_sft_03_reg_2_/D
                              3.8827         6.3106 r      -2.4279  (VIOLATED)
   u_NV_NVDLA_cmac/u_core/u_mac_6/u_exp/exp_sft_18_reg_3_/D
                              3.8827         6.3106 r      -2.4279  (VIOLATED)
   u_NV_NVDLA_cmac/u_core/u_mac_5/u_exp/exp_sft_22_reg_3_/D
                              3.8888         6.3166 r      -2.4278  (VIOLATED)
   u_NV_NVDLA_cmac/u_core/u_mac_0/u_exp/exp_sft_44_reg_2_/D
                              3.8827         6.3105 r      -2.4278  (VIOLATED)
   u_NV_NVDLA_cmac/u_core/u_mac_5/u_exp/exp_sft_19_reg_3_/D
                              3.8811         6.3088 r      -2.4277  (VIOLATED)
   u_NV_NVDLA_cmac/u_core/u_mac_5/u_exp/exp_sft_21_reg_3_/D
                              3.8887         6.3163 r      -2.4276  (VIOLATED)
   u_NV_NVDLA_cmac/u_core/u_mac_4/u_exp/exp_sft_26_reg_3_/D
                              3.8896         6.3172 r      -2.4276  (VIOLATED)
   u_NV_NVDLA_cmac/u_core/u_mac_7/u_exp/exp_sft_39_reg_0_/D
                              3.8906         6.3182 r      -2.4276  (VIOLATED)
   u_NV_NVDLA_cmac/u_core/u_mac_7/u_exp/exp_sft_40_reg_0_/D
                              3.8906         6.3182 r      -2.4276  (VIOLATED)
   u_NV_NVDLA_cmac/u_core/u_mac_4/u_exp/exp_sft_32_reg_3_/D
                              3.8906         6.3182 r      -2.4276  (VIOLATED)
   u_NV_NVDLA_cmac/u_core/u_mac_5/u_exp/exp_sft_08_reg_2_/D
                              3.8905         6.3181 r      -2.4275  (VIOLATED)
   u_NV_NVDLA_cmac/u_core/u_mac_3/u_exp/exp_sft_32_reg_3_/D
                              3.8905         6.3180 r      -2.4275  (VIOLATED)
   u_NV_NVDLA_cmac/u_core/u_mac_5/u_exp/exp_sft_14_reg_2_/D
                              3.8904         6.3179 r      -2.4275  (VIOLATED)
   u_NV_NVDLA_cmac/u_core/u_mac_2/u_exp/exp_sft_55_reg_2_/D
                              3.8903         6.3178 r      -2.4275  (VIOLATED)
   u_NV_NVDLA_cmac/u_core/u_mac_6/u_exp/exp_sft_55_reg_2_/D
                              3.8887         6.3161 r      -2.4275  (VIOLATED)
   u_NV_NVDLA_cmac/u_core/u_mac_6/u_exp/exp_sft_14_reg_2_/D
                              3.8825         6.3099 r      -2.4274  (VIOLATED)
   u_NV_NVDLA_cmac/u_core/u_mac_6/u_exp/exp_sft_21_reg_3_/D
                              3.8827         6.3101 r      -2.4274  (VIOLATED)
   u_NV_NVDLA_cmac/u_core/u_mac_4/u_exp/exp_sft_09_reg_2_/D
                              3.8906         6.3180 r      -2.4274  (VIOLATED)
   u_NV_NVDLA_cmac/u_core/u_mac_7/u_exp/exp_sft_28_reg_0_/D
                              3.8906         6.3179 r      -2.4273  (VIOLATED)
   u_NV_NVDLA_cmac/u_core/u_mac_4/u_exp/exp_sft_59_reg_3_/D
                              3.8887         6.3159 r      -2.4273  (VIOLATED)
   u_NV_NVDLA_cmac/u_core/u_mac_2/u_exp/exp_sft_01_reg_2_/D
                              3.8907         6.3179 r      -2.4272  (VIOLATED)
   u_NV_NVDLA_cmac/u_core/u_mac_5/u_exp/exp_sft_13_reg_3_/D
                              3.8888         6.3160 r      -2.4272  (VIOLATED)
   u_NV_NVDLA_cmac/u_core/u_mac_6/u_exp/exp_sft_12_reg_2_/D
                              3.8826         6.3097 r      -2.4271  (VIOLATED)
   u_NV_NVDLA_cmac/u_core/u_mac_2/u_exp/exp_sft_61_reg_3_/D
                              3.8999         6.3269 f      -2.4270  (VIOLATED)
   u_NV_NVDLA_cmac/u_core/u_mac_5/u_exp/exp_sft_23_reg_3_/D
                              3.8890         6.3159 r      -2.4270  (VIOLATED)
   u_NV_NVDLA_cmac/u_core/u_mac_3/u_exp/exp_sft_34_reg_3_/D
                              3.8906         6.3176 r      -2.4270  (VIOLATED)
   u_NV_NVDLA_cmac/u_core/u_mac_5/u_exp/exp_sft_11_reg_2_/D
                              3.8906         6.3174 r      -2.4269  (VIOLATED)
   u_NV_NVDLA_cmac/u_core/u_mac_0/u_exp/exp_sft_63_reg_3_/D
                              3.8889         6.3157 r      -2.4268  (VIOLATED)
   u_NV_NVDLA_cmac/u_core/u_mac_6/u_exp/exp_sft_60_reg_3_/D
                              3.8906         6.3174 r      -2.4268  (VIOLATED)
   u_NV_NVDLA_cmac/u_core/u_mac_7/u_exp/exp_sft_39_reg_3_/D
                              3.8884         6.3152 r      -2.4268  (VIOLATED)
   u_NV_NVDLA_cmac/u_core/u_mac_2/u_exp/exp_sft_57_reg_2_/D
                              3.8913         6.3180 r      -2.4268  (VIOLATED)
   u_NV_NVDLA_cmac/u_core/u_mac_4/u_exp/exp_sft_12_reg_3_/D
                              3.8905         6.3172 r      -2.4268  (VIOLATED)
   u_NV_NVDLA_cmac/u_core/u_mac_7/u_exp/exp_sft_31_reg_0_/D
                              3.8907         6.3174 r      -2.4267  (VIOLATED)
   u_NV_NVDLA_cmac/u_core/u_mac_2/u_exp/exp_sft_54_reg_3_/D
                              3.8904         6.3170 r      -2.4266  (VIOLATED)
   u_NV_NVDLA_cmac/u_core/u_mac_4/u_exp/exp_sft_21_reg_2_/D
                              3.8906         6.3172 r      -2.4266  (VIOLATED)
   u_NV_NVDLA_cmac/u_core/u_mac_7/u_exp/exp_sft_09_reg_0_/D
                              3.8906         6.3171 r      -2.4265  (VIOLATED)
   u_NV_NVDLA_cmac/u_core/u_mac_6/u_exp/exp_sft_06_reg_3_/D
                              3.8810         6.3075 r      -2.4265  (VIOLATED)
   u_NV_NVDLA_cmac/u_core/u_mac_4/u_exp/exp_sft_05_reg_2_/D
                              3.8906         6.3171 r      -2.4265  (VIOLATED)
   u_NV_NVDLA_cmac/u_core/u_mac_6/u_exp/exp_sft_30_reg_3_/D
                              3.8904         6.3168 r      -2.4265  (VIOLATED)
   u_NV_NVDLA_cmac/u_core/u_mac_6/u_exp/exp_sft_13_reg_2_/D
                              3.8826         6.3090 r      -2.4264  (VIOLATED)
   u_NV_NVDLA_cmac/u_core/u_mac_2/u_exp/exp_sft_01_reg_3_/D
                              3.8887         6.3151 r      -2.4264  (VIOLATED)
   u_NV_NVDLA_cmac/u_core/u_mac_4/u_exp/exp_sft_49_reg_3_/D
                              3.8905         6.3167 r      -2.4262  (VIOLATED)
   u_NV_NVDLA_cmac/u_core/u_mac_7/u_exp/exp_sft_62_reg_0_/D
                              3.8906         6.3168 r      -2.4262  (VIOLATED)
   u_NV_NVDLA_cmac/u_core/u_mac_7/u_exp/exp_sft_53_reg_0_/D
                              3.8904         6.3166 r      -2.4262  (VIOLATED)
   u_NV_NVDLA_cmac/u_core/u_mac_5/u_exp/exp_sft_18_reg_3_/D
                              3.8890         6.3152 r      -2.4262  (VIOLATED)
   u_NV_NVDLA_cmac/u_core/u_mac_0/u_exp/exp_sft_53_reg_3_/D
                              3.8905         6.3167 r      -2.4261  (VIOLATED)
   u_NV_NVDLA_cmac/u_core/u_mac_6/u_exp/exp_sft_16_reg_3_/D
                              3.8905         6.3166 r      -2.4261  (VIOLATED)
   u_NV_NVDLA_cmac/u_core/u_mac_6/u_exp/exp_sft_46_reg_2_/D
                              3.8890         6.3152 r      -2.4261  (VIOLATED)
   u_NV_NVDLA_cmac/u_core/u_mac_4/u_exp/exp_sft_56_reg_3_/D
                              3.8889         6.3150 r      -2.4261  (VIOLATED)
   u_NV_NVDLA_cmac/u_core/u_mac_6/u_exp/exp_sft_17_reg_3_/D
                              3.8906         6.3166 r      -2.4261  (VIOLATED)
   u_NV_NVDLA_cmac/u_core/u_mac_2/u_exp/exp_sft_58_reg_3_/D
                              3.8888         6.3148 r      -2.4261  (VIOLATED)
   u_NV_NVDLA_cmac/u_core/u_mac_2/u_exp/exp_sft_06_reg_2_/D
                              3.8827         6.3087 r      -2.4260  (VIOLATED)
   u_NV_NVDLA_cmac/u_core/u_mac_4/u_exp/exp_sft_41_reg_2_/D
                              3.8905         6.3165 r      -2.4260  (VIOLATED)
   u_NV_NVDLA_cmac/u_core/u_mac_7/u_exp/exp_sft_17_reg_0_/D
                              3.8905         6.3165 r      -2.4260  (VIOLATED)
   u_NV_NVDLA_cmac/u_core/u_mac_7/u_exp/exp_sft_60_reg_0_/D
                              3.8904         6.3164 r      -2.4260  (VIOLATED)
   u_NV_NVDLA_cmac/u_core/u_mac_6/u_exp/exp_sft_20_reg_3_/D
                              3.8829         6.3088 r      -2.4260  (VIOLATED)
   u_NV_NVDLA_cmac/u_core/u_mac_2/u_exp/exp_sft_28_reg_3_/D
                              3.8905         6.3163 r      -2.4258  (VIOLATED)
   u_NV_NVDLA_cmac/u_core/u_mac_3/u_exp/exp_sft_09_reg_2_/D
                              3.8906         6.3163 r      -2.4258  (VIOLATED)
   u_NV_NVDLA_cmac/u_core/u_mac_4/u_exp/exp_sft_07_reg_3_/D
                              3.8905         6.3162 r      -2.4257  (VIOLATED)
   u_NV_NVDLA_cmac/u_core/u_mac_4/u_exp/exp_sft_08_reg_3_/D
                              3.8887         6.3143 r      -2.4256  (VIOLATED)
   u_NV_NVDLA_cmac/u_core/u_mac_6/u_exp/exp_sft_46_reg_3_/D
                              3.8910         6.3165 f      -2.4256  (VIOLATED)
   u_NV_NVDLA_cmac/u_core/u_mac_4/u_exp/exp_sft_35_reg_2_/D
                              3.8907         6.3163 r      -2.4256  (VIOLATED)
   u_NV_NVDLA_cmac/u_core/u_mac_7/u_exp/exp_sft_37_reg_3_/D
                              3.8888         6.3143 r      -2.4255  (VIOLATED)
   u_NV_NVDLA_cmac/u_core/u_mac_3/u_exp/exp_sft_01_reg_2_/D
                              3.8827         6.3081 r      -2.4254  (VIOLATED)
   u_NV_NVDLA_cmac/u_core/u_mac_7/u_exp/exp_sft_55_reg_0_/D
                              3.8904         6.3158 r      -2.4254  (VIOLATED)
   u_NV_NVDLA_cmac/u_core/u_mac_6/u_exp/exp_sft_62_reg_3_/D
                              3.9009         6.3262 f      -2.4253  (VIOLATED)
   u_NV_NVDLA_cmac/u_core/u_mac_7/u_exp/exp_sft_38_reg_3_/D
                              3.8889         6.3141 r      -2.4252  (VIOLATED)
   u_NV_NVDLA_cmac/u_core/u_mac_4/u_exp/exp_sft_27_reg_3_/D
                              3.8887         6.3139 r      -2.4252  (VIOLATED)
   u_NV_NVDLA_cmac/u_core/u_mac_4/u_exp/exp_sft_30_reg_2_/D
                              3.8906         6.3157 r      -2.4252  (VIOLATED)
   u_NV_NVDLA_cmac/u_core/u_mac_0/u_exp/exp_sft_08_reg_2_/D
                              3.8906         6.3157 r      -2.4251  (VIOLATED)
   u_NV_NVDLA_cmac/u_core/u_mac_7/u_exp/exp_sft_57_reg_0_/D
                              3.8902         6.3153 r      -2.4251  (VIOLATED)
   u_NV_NVDLA_cmac/u_core/u_mac_7/u_exp/exp_sft_54_reg_0_/D
                              3.8907         6.3157 r      -2.4250  (VIOLATED)
   u_NV_NVDLA_cmac/u_core/u_mac_6/u_exp/exp_sft_01_reg_3_/D
                              3.8890         6.3139 r      -2.4249  (VIOLATED)
   u_NV_NVDLA_cmac/u_core/u_mac_2/u_exp/exp_sft_39_reg_3_/D
                              3.8907         6.3156 r      -2.4249  (VIOLATED)
   u_NV_NVDLA_cmac/u_core/u_mac_7/u_exp/exp_sft_48_reg_0_/D
                              3.8905         6.3154 r      -2.4248  (VIOLATED)
   u_NV_NVDLA_cmac/u_core/u_mac_3/u_exp/exp_sft_37_reg_3_/D
                              3.8902         6.3151 r      -2.4248  (VIOLATED)
   u_NV_NVDLA_cmac/u_core/u_mac_7/u_exp/exp_sft_01_reg_0_/D
                              3.8907         6.3155 r      -2.4248  (VIOLATED)
   u_NV_NVDLA_cmac/u_core/u_mac_7/u_exp/exp_sft_40_reg_3_/D
                              3.8888         6.3135 r      -2.4247  (VIOLATED)
   u_NV_NVDLA_cmac/u_core/u_mac_7/u_exp/exp_sft_58_reg_0_/D
                              3.8903         6.3150 r      -2.4247  (VIOLATED)
   u_NV_NVDLA_cmac/u_core/u_mac_3/u_exp/exp_sft_26_reg_2_/D
                              3.8906         6.3152 r      -2.4246  (VIOLATED)
   u_NV_NVDLA_cmac/u_core/u_mac_7/u_exp/exp_sft_51_reg_0_/D
                              3.8907         6.3151 r      -2.4244  (VIOLATED)
   u_NV_NVDLA_cmac/u_core/u_mac_3/u_exp/exp_sft_55_reg_3_/D
                              3.8906         6.3150 r      -2.4244  (VIOLATED)
   u_NV_NVDLA_cmac/u_core/u_mac_5/u_exp/exp_sft_41_reg_2_/D
                              3.8906         6.3150 r      -2.4243  (VIOLATED)
   u_NV_NVDLA_cmac/u_core/u_mac_4/u_exp/exp_sft_60_reg_2_/D
                              3.8911         6.3155 r      -2.4243  (VIOLATED)
   u_NV_NVDLA_cmac/u_core/u_mac_7/u_exp/exp_sft_46_reg_0_/D
                              3.8906         6.3149 r      -2.4243  (VIOLATED)
   u_NV_NVDLA_cmac/u_core/u_mac_5/u_exp/exp_sft_20_reg_2_/D
                              3.8905         6.3147 r      -2.4242  (VIOLATED)
   u_NV_NVDLA_cmac/u_core/u_mac_4/u_exp/exp_sft_28_reg_2_/D
                              3.8902         6.3145 r      -2.4242  (VIOLATED)
   u_NV_NVDLA_cmac/u_core/u_mac_6/u_exp/exp_sft_18_reg_2_/D
                              3.8827         6.3069 r      -2.4242  (VIOLATED)
   u_NV_NVDLA_cmac/u_core/u_mac_6/u_exp/exp_sft_19_reg_2_/D
                              3.8827         6.3069 r      -2.4242  (VIOLATED)
   u_NV_NVDLA_cmac/u_core/u_mac_3/u_exp/exp_sft_30_reg_3_/D
                              3.8825         6.3067 r      -2.4242  (VIOLATED)
   u_NV_NVDLA_cmac/u_core/u_mac_4/u_exp/exp_sft_16_reg_2_/D
                              3.8906         6.3147 r      -2.4242  (VIOLATED)
   u_NV_NVDLA_cmac/u_core/u_mac_6/u_exp/exp_sft_41_reg_3_/D
                              3.8826         6.3067 r      -2.4241  (VIOLATED)
   u_NV_NVDLA_cmac/u_core/u_mac_2/u_exp/exp_sft_60_reg_3_/D
                              3.8888         6.3130 r      -2.4241  (VIOLATED)
   u_NV_NVDLA_cmac/u_core/u_mac_7/u_exp/exp_sft_59_reg_0_/D
                              3.8903         6.3144 r      -2.4241  (VIOLATED)
   u_NV_NVDLA_cmac/u_core/u_mac_6/u_exp/exp_sft_49_reg_3_/D
                              3.8906         6.3147 r      -2.4241  (VIOLATED)
   u_NV_NVDLA_cmac/u_core/u_mac_3/u_exp/exp_sft_36_reg_3_/D
                              3.8905         6.3145 r      -2.4240  (VIOLATED)
   u_NV_NVDLA_cmac/u_core/u_mac_5/u_exp/exp_sft_13_reg_2_/D
                              3.8904         6.3142 r      -2.4238  (VIOLATED)
   u_NV_NVDLA_cmac/u_core/u_mac_4/u_exp/exp_sft_57_reg_2_/D
                              3.8913         6.3151 r      -2.4238  (VIOLATED)
   u_NV_NVDLA_cmac/u_core/u_mac_4/u_exp/exp_sft_29_reg_2_/D
                              3.8906         6.3144 r      -2.4238  (VIOLATED)
   u_NV_NVDLA_cmac/u_core/u_mac_7/u_exp/exp_sft_56_reg_0_/D
                              3.8904         6.3141 r      -2.4237  (VIOLATED)
   u_NV_NVDLA_cmac/u_core/u_mac_3/u_exp/exp_sft_59_reg_3_/D
                              3.8906         6.3143 r      -2.4236  (VIOLATED)
   u_NV_NVDLA_cmac/u_core/u_mac_7/u_exp/exp_sft_61_reg_1_/D
                              3.8905         6.3142 r      -2.4236  (VIOLATED)
   u_NV_NVDLA_cmac/u_core/u_mac_7/u_exp/exp_sft_32_reg_3_/D
                              3.9000         6.3235 f      -2.4236  (VIOLATED)
   u_NV_NVDLA_cmac/u_core/u_mac_3/u_exp/exp_sft_58_reg_2_/D
                              3.8911         6.3146 r      -2.4235  (VIOLATED)
   u_NV_NVDLA_cmac/u_core/u_mac_7/u_exp/exp_sft_49_reg_0_/D
                              3.8907         6.3142 r      -2.4235  (VIOLATED)
   u_NV_NVDLA_cmac/u_core/u_mac_2/u_exp/exp_sft_07_reg_2_/D
                              3.8828         6.3062 r      -2.4234  (VIOLATED)
   u_NV_NVDLA_cmac/u_core/u_mac_5/u_exp/exp_sft_56_reg_3_/D
                              3.8888         6.3122 r      -2.4234  (VIOLATED)
   u_NV_NVDLA_cmac/u_core/u_mac_2/u_exp/exp_sft_44_reg_3_/D
                              3.8907         6.3141 r      -2.4234  (VIOLATED)
   u_NV_NVDLA_cmac/u_core/u_mac_3/u_exp/exp_sft_08_reg_2_/D
                              3.8905         6.3139 r      -2.4234  (VIOLATED)
   u_NV_NVDLA_cmac/u_core/u_mac_3/u_exp/exp_sft_22_reg_2_/D
                              3.8905         6.3139 r      -2.4234  (VIOLATED)
   u_NV_NVDLA_cmac/u_core/u_mac_6/u_exp/exp_sft_31_reg_3_/D
                              3.8904         6.3138 r      -2.4234  (VIOLATED)
   u_NV_NVDLA_cmac/u_core/u_mac_4/u_exp/exp_sft_42_reg_2_/D
                              3.8901         6.3134 r      -2.4234  (VIOLATED)
   u_NV_NVDLA_cmac/u_core/u_mac_4/u_exp/exp_sft_11_reg_3_/D
                              3.8905         6.3139 r      -2.4234  (VIOLATED)
   u_NV_NVDLA_cmac/u_core/u_mac_6/u_exp/exp_sft_40_reg_3_/D
                              3.8826         6.3059 r      -2.4233  (VIOLATED)
   u_NV_NVDLA_cmac/u_core/u_mac_2/u_exp/exp_sft_60_reg_2_/D
                              3.8911         6.3144 r      -2.4232  (VIOLATED)
   u_NV_NVDLA_cmac/u_core/u_mac_4/u_exp/exp_sft_13_reg_3_/D
                              3.8901         6.3132 r      -2.4232  (VIOLATED)
   u_NV_NVDLA_cmac/u_core/u_mac_3/u_exp/exp_sft_11_reg_2_/D
                              3.8906         6.3138 r      -2.4232  (VIOLATED)
   u_NV_NVDLA_cmac/u_core/u_mac_7/u_exp/exp_sft_04_reg_0_/D
                              3.8868         6.3099 r      -2.4231  (VIOLATED)
   u_NV_NVDLA_cmac/u_core/u_mac_4/u_exp/exp_sft_49_reg_2_/D
                              3.8902         6.3132 r      -2.4230  (VIOLATED)
   u_NV_NVDLA_cmac/u_core/u_mac_4/u_exp/exp_sft_56_reg_2_/D
                              3.8911         6.3139 r      -2.4228  (VIOLATED)
   u_NV_NVDLA_cmac/u_core/u_mac_4/u_exp/exp_sft_26_reg_2_/D
                              3.8818         6.3045 r      -2.4227  (VIOLATED)
   u_NV_NVDLA_cmac/u_core/u_mac_2/u_exp/exp_sft_02_reg_3_/D
                              3.8886         6.3114 r      -2.4227  (VIOLATED)
   u_NV_NVDLA_cmac/u_core/u_mac_6/u_exp/exp_sft_21_reg_2_/D
                              3.8826         6.3052 r      -2.4226  (VIOLATED)
   u_NV_NVDLA_cmac/u_core/u_mac_2/u_exp/exp_sft_49_reg_2_/D
                              3.8905         6.3130 r      -2.4225  (VIOLATED)
   u_NV_NVDLA_cmac/u_core/u_mac_4/u_exp/exp_sft_33_reg_2_/D
                              3.8907         6.3132 r      -2.4225  (VIOLATED)
   u_NV_NVDLA_cmac/u_core/u_mac_6/u_exp/exp_sft_14_reg_3_/D
                              3.8904         6.3129 r      -2.4225  (VIOLATED)
   u_NV_NVDLA_cmac/u_core/u_mac_0/u_exp/exp_sft_34_reg_2_/D
                              3.8906         6.3131 r      -2.4225  (VIOLATED)
   u_NV_NVDLA_cmac/u_core/u_mac_4/u_exp/exp_sft_27_reg_2_/D
                              3.8906         6.3130 r      -2.4224  (VIOLATED)
   u_NV_NVDLA_cmac/u_core/u_mac_2/u_exp/exp_sft_30_reg_2_/D
                              3.8904         6.3127 r      -2.4223  (VIOLATED)
   u_NV_NVDLA_cmac/u_core/u_mac_6/u_exp/exp_sft_15_reg_3_/D
                              3.8905         6.3127 r      -2.4223  (VIOLATED)
   u_NV_NVDLA_cmac/u_core/u_mac_7/u_exp/exp_sft_44_reg_3_/D
                              3.8889         6.3112 r      -2.4223  (VIOLATED)
   u_NV_NVDLA_cmac/u_core/u_mac_4/u_exp/exp_sft_34_reg_2_/D
                              3.8904         6.3126 r      -2.4222  (VIOLATED)
   u_NV_NVDLA_cmac/u_core/u_mac_6/u_exp/exp_sft_20_reg_2_/D
                              3.8827         6.3048 r      -2.4221  (VIOLATED)
   u_NV_NVDLA_cmac/u_core/u_mac_2/u_exp/exp_sft_54_reg_2_/D
                              3.8906         6.3126 r      -2.4221  (VIOLATED)
   u_NV_NVDLA_cmac/u_core/u_mac_4/u_exp/exp_sft_14_reg_2_/D
                              3.8905         6.3125 r      -2.4220  (VIOLATED)
   u_NV_NVDLA_cmac/u_core/u_mac_0/u_exp/exp_sft_52_reg_3_/D
                              3.8906         6.3126 r      -2.4220  (VIOLATED)
   u_NV_NVDLA_cmac/u_core/u_mac_4/u_exp/exp_sft_08_reg_2_/D
                              3.8906         6.3126 r      -2.4220  (VIOLATED)
   u_NV_NVDLA_cmac/u_core/u_mac_0/u_exp/exp_sft_53_reg_2_/D
                              3.8906         6.3126 r      -2.4219  (VIOLATED)
   u_NV_NVDLA_cmac/u_core/u_mac_3/u_exp/exp_sft_61_reg_2_/D
                              3.8911         6.3129 r      -2.4218  (VIOLATED)
   u_NV_NVDLA_cmac/u_core/u_mac_5/u_exp/exp_sft_51_reg_3_/D
                              3.8889         6.3107 r      -2.4218  (VIOLATED)
   u_NV_NVDLA_cmac/u_core/u_mac_6/u_exp/exp_sft_00_reg_3_/D
                              3.8887         6.3104 r      -2.4217  (VIOLATED)
   u_NV_NVDLA_cmac/u_core/u_mac_6/u_exp/exp_sft_30_reg_2_/D
                              3.8904         6.3121 r      -2.4217  (VIOLATED)
   u_NV_NVDLA_cmac/u_core/u_mac_6/u_exp/exp_sft_34_reg_3_/D
                              3.8905         6.3121 r      -2.4217  (VIOLATED)
   u_NV_NVDLA_cmac/u_core/u_mac_3/u_exp/exp_sft_35_reg_3_/D
                              3.8904         6.3120 r      -2.4216  (VIOLATED)
   u_NV_NVDLA_cmac/u_core/u_mac_4/u_exp/exp_sft_02_reg_3_/D
                              3.8888         6.3104 r      -2.4216  (VIOLATED)
   u_NV_NVDLA_cmac/u_core/u_mac_3/u_exp/exp_sft_21_reg_2_/D
                              3.8907         6.3122 r      -2.4215  (VIOLATED)
   u_NV_NVDLA_cmac/u_core/u_mac_6/u_exp/exp_sft_35_reg_3_/D
                              3.8905         6.3118 r      -2.4214  (VIOLATED)
   u_NV_NVDLA_cmac/u_core/u_mac_6/u_exp/exp_sft_45_reg_3_/D
                              3.8902         6.3116 r      -2.4213  (VIOLATED)
   u_NV_NVDLA_cmac/u_core/u_mac_4/u_exp/exp_sft_23_reg_2_/D
                              3.8906         6.3119 r      -2.4213  (VIOLATED)
   u_NV_NVDLA_cmac/u_core/u_mac_2/u_exp/exp_sft_56_reg_2_/D
                              3.8912         6.3124 r      -2.4212  (VIOLATED)
   u_NV_NVDLA_cmac/u_core/u_mac_4/u_exp/exp_sft_02_reg_2_/D
                              3.8902         6.3112 r      -2.4210  (VIOLATED)
   u_NV_NVDLA_cmac/u_core/u_mac_6/u_exp/exp_sft_27_reg_3_/D
                              3.8906         6.3116 r      -2.4210  (VIOLATED)
   u_NV_NVDLA_cmac/u_core/u_mac_6/u_exp/exp_sft_48_reg_3_/D
                              3.8906         6.3116 r      -2.4210  (VIOLATED)
   u_NV_NVDLA_cmac/u_core/u_mac_1/u_exp/exp_sft_63_reg_3_/D
                              3.8904         6.3113 r      -2.4210  (VIOLATED)
   u_NV_NVDLA_cmac/u_core/u_mac_0/u_exp/exp_sft_50_reg_3_/D
                              3.8907         6.3116 r      -2.4209  (VIOLATED)
   u_NV_NVDLA_cmac/u_core/u_mac_3/u_exp/exp_sft_17_reg_2_/D
                              3.8907         6.3115 r      -2.4208  (VIOLATED)
   u_NV_NVDLA_cmac/u_core/u_mac_2/u_exp/exp_sft_45_reg_2_/D
                              3.8905         6.3112 r      -2.4207  (VIOLATED)
   u_NV_NVDLA_cmac/u_core/u_mac_4/u_exp/exp_sft_58_reg_2_/D
                              3.8911         6.3118 r      -2.4207  (VIOLATED)
   u_NV_NVDLA_cmac/u_core/u_mac_4/u_exp/exp_sft_40_reg_2_/D
                              3.8906         6.3113 r      -2.4207  (VIOLATED)
   u_NV_NVDLA_cmac/u_core/u_mac_5/u_exp/exp_sft_37_reg_2_/D
                              3.8903         6.3110 r      -2.4207  (VIOLATED)
   u_NV_NVDLA_cmac/u_core/u_mac_6/u_exp/exp_sft_17_reg_2_/D
                              3.8903         6.3109 r      -2.4206  (VIOLATED)
   u_NV_NVDLA_cmac/u_core/u_mac_4/u_exp/exp_sft_32_reg_2_/D
                              3.8906         6.3112 r      -2.4206  (VIOLATED)
   u_NV_NVDLA_cmac/u_core/u_mac_6/u_exp/exp_sft_29_reg_3_/D
                              3.8906         6.3112 r      -2.4206  (VIOLATED)
   u_NV_NVDLA_cmac/u_core/u_mac_7/u_exp/exp_sft_18_reg_1_/D
                              3.8889         6.3095 r      -2.4206  (VIOLATED)
   u_NV_NVDLA_cmac/u_core/u_mac_3/u_exp/exp_sft_40_reg_3_/D
                              3.8904         6.3109 r      -2.4205  (VIOLATED)
   u_NV_NVDLA_cmac/u_core/u_mac_6/u_exp/exp_sft_19_reg_3_/D
                              3.8905         6.3110 r      -2.4205  (VIOLATED)
   u_NV_NVDLA_cmac/u_core/u_mac_6/u_exp/exp_sft_33_reg_3_/D
                              3.8904         6.3109 r      -2.4205  (VIOLATED)
   u_NV_NVDLA_cmac/u_core/u_mac_0/u_exp/exp_sft_07_reg_2_/D
                              3.8906         6.3110 r      -2.4204  (VIOLATED)
   u_NV_NVDLA_cmac/u_core/u_mac_6/u_exp/exp_sft_54_reg_2_/D
                              3.8888         6.3092 r      -2.4204  (VIOLATED)
   u_NV_NVDLA_cmac/u_core/u_mac_6/u_exp/exp_sft_61_reg_2_/D
                              3.8912         6.3115 r      -2.4203  (VIOLATED)
   u_NV_NVDLA_cmac/u_core/u_mac_6/u_exp/exp_sft_49_reg_2_/D
                              3.8904         6.3107 r      -2.4203  (VIOLATED)
   u_NV_NVDLA_cmac/u_core/u_mac_7/u_exp/exp_sft_37_reg_1_/D
                              3.8989         6.3192 f      -2.4203  (VIOLATED)
   u_NV_NVDLA_cmac/u_core/u_mac_5/u_exp/exp_sft_52_reg_3_/D
                              3.8804         6.3006 r      -2.4202  (VIOLATED)
   u_NV_NVDLA_cmac/u_core/u_mac_7/u_exp/exp_sft_50_reg_1_/D
                              3.8889         6.3091 r      -2.4202  (VIOLATED)
   u_NV_NVDLA_cmac/u_core/u_mac_2/u_exp/exp_sft_51_reg_2_/D
                              3.8906         6.3107 r      -2.4202  (VIOLATED)
   u_NV_NVDLA_cmac/u_core/u_mac_4/u_exp/exp_sft_51_reg_2_/D
                              3.8905         6.3107 r      -2.4201  (VIOLATED)
   u_NV_NVDLA_cmac/u_core/u_mac_3/u_exp/exp_sft_27_reg_1_/D
                              3.8811         6.3012 r      -2.4201  (VIOLATED)
   u_NV_NVDLA_cmac/u_core/u_mac_0/u_exp/exp_sft_49_reg_2_/D
                              3.8901         6.3102 r      -2.4201  (VIOLATED)
   u_NV_NVDLA_cmac/u_core/u_mac_6/u_exp/exp_sft_13_reg_3_/D
                              3.8905         6.3105 r      -2.4201  (VIOLATED)
   u_NV_NVDLA_cmac/u_core/u_mac_7/u_exp/exp_sft_55_reg_1_/D
                              3.8809         6.3009 r      -2.4200  (VIOLATED)
   u_NV_NVDLA_cmac/u_core/u_mac_6/u_exp/exp_sft_16_reg_2_/D
                              3.8905         6.3105 r      -2.4200  (VIOLATED)
   u_NV_NVDLA_cmac/u_core/u_mac_6/u_exp/exp_sft_04_reg_3_/D
                              3.8913         6.3113 f      -2.4200  (VIOLATED)
   u_NV_NVDLA_cmac/u_core/u_mac_3/u_exp/exp_sft_07_reg_3_/D
                              3.8886         6.3085 r      -2.4199  (VIOLATED)
   u_NV_NVDLA_cmac/u_core/u_mac_2/u_exp/exp_sft_56_reg_3_/D
                              3.8888         6.3087 r      -2.4199  (VIOLATED)
   u_NV_NVDLA_cmac/u_core/u_mac_6/u_exp/exp_sft_25_reg_3_/D
                              3.8827         6.3025 r      -2.4199  (VIOLATED)
   u_NV_NVDLA_cmac/u_core/u_mac_6/u_exp/exp_sft_26_reg_3_/D
                              3.8906         6.3105 r      -2.4198  (VIOLATED)
   u_NV_NVDLA_cmac/u_core/u_mac_7/u_exp/exp_sft_21_reg_1_/D
                              3.8890         6.3088 r      -2.4198  (VIOLATED)
   u_NV_NVDLA_cmac/u_core/u_mac_6/u_exp/exp_sft_32_reg_3_/D
                              3.8907         6.3105 r      -2.4198  (VIOLATED)
   u_NV_NVDLA_cmac/u_core/u_mac_6/u_exp/exp_sft_29_reg_2_/D
                              3.8899         6.3096 r      -2.4198  (VIOLATED)
   u_NV_NVDLA_cmac/u_core/u_mac_4/u_exp/exp_sft_16_reg_3_/D
                              3.8902         6.3099 r      -2.4197  (VIOLATED)
   u_NV_NVDLA_cmac/u_core/u_mac_3/u_exp/exp_sft_01_reg_3_/D
                              3.8812         6.3009 r      -2.4196  (VIOLATED)
   u_NV_NVDLA_cmac/u_core/u_mac_2/u_exp/exp_sft_45_reg_3_/D
                              3.8905         6.3101 r      -2.4196  (VIOLATED)
   u_NV_NVDLA_cmac/u_core/u_mac_4/u_exp/exp_sft_25_reg_2_/D
                              3.8899         6.3095 r      -2.4196  (VIOLATED)
   u_NV_NVDLA_cmac/u_core/u_mac_3/u_exp/exp_sft_15_reg_3_/D
                              3.8906         6.3101 r      -2.4195  (VIOLATED)
   u_NV_NVDLA_cmac/u_core/u_mac_6/u_exp/exp_sft_57_reg_2_/D
                              3.8912         6.3107 r      -2.4195  (VIOLATED)
   u_NV_NVDLA_cmac/u_core/u_mac_3/u_exp/exp_sft_28_reg_3_/D
                              3.8828         6.3023 r      -2.4195  (VIOLATED)
   u_NV_NVDLA_cmac/u_core/u_mac_6/u_exp/exp_sft_28_reg_3_/D
                              3.8906         6.3100 r      -2.4194  (VIOLATED)
   u_NV_NVDLA_cmac/u_core/u_mac_6/u_exp/exp_sft_40_reg_2_/D
                              3.8826         6.3020 r      -2.4194  (VIOLATED)
   u_NV_NVDLA_cmac/u_core/u_mac_0/u_exp/exp_sft_06_reg_2_/D
                              3.8897         6.3090 r      -2.4193  (VIOLATED)
   u_NV_NVDLA_cmac/u_core/u_mac_6/u_exp/exp_sft_36_reg_3_/D
                              3.8905         6.3097 r      -2.4192  (VIOLATED)
   u_NV_NVDLA_cmac/u_core/u_mac_2/u_exp/exp_sft_46_reg_3_/D
                              3.8906         6.3098 r      -2.4192  (VIOLATED)
   u_NV_NVDLA_cmac/u_core/u_mac_5/u_exp/exp_sft_57_reg_2_/D
                              3.8832         6.3024 r      -2.4192  (VIOLATED)
   u_NV_NVDLA_cmac/u_core/u_mac_7/u_exp/exp_sft_62_reg_1_/D
                              3.8890         6.3081 r      -2.4192  (VIOLATED)
   u_NV_NVDLA_cmac/u_core/u_mac_0/u_exp/exp_sft_12_reg_2_/D
                              3.8906         6.3098 r      -2.4192  (VIOLATED)
   u_NV_NVDLA_cmac/u_core/u_mac_4/u_exp/exp_sft_20_reg_2_/D
                              3.8905         6.3097 r      -2.4192  (VIOLATED)
   u_NV_NVDLA_cmac/u_core/u_mac_6/u_exp/exp_sft_12_reg_3_/D
                              3.8907         6.3098 r      -2.4191  (VIOLATED)
   u_NV_NVDLA_cmac/u_core/u_mac_2/u_exp/exp_sft_08_reg_2_/D
                              3.8905         6.3095 r      -2.4191  (VIOLATED)
   u_NV_NVDLA_cmac/u_core/u_mac_6/u_exp/exp_sft_03_reg_3_/D
                              3.8906         6.3094 r      -2.4189  (VIOLATED)
   u_NV_NVDLA_cmac/u_core/u_mac_6/u_exp/exp_sft_00_reg_2_/D
                              3.8890         6.3078 r      -2.4188  (VIOLATED)
   u_NV_NVDLA_cmac/u_core/u_mac_4/u_exp/exp_sft_63_reg_2_/D
                              3.8886         6.3074 r      -2.4188  (VIOLATED)
   u_NV_NVDLA_cmac/u_core/u_mac_3/u_exp/exp_sft_31_reg_2_/D
                              3.8907         6.3094 r      -2.4187  (VIOLATED)
   u_NV_NVDLA_cmac/u_core/u_mac_6/u_exp/exp_sft_01_reg_2_/D
                              3.8907         6.3093 r      -2.4187  (VIOLATED)
   u_NV_NVDLA_cmac/u_core/u_mac_6/u_exp/exp_sft_59_reg_2_/D
                              3.8913         6.3099 r      -2.4187  (VIOLATED)
   u_NV_NVDLA_cmac/u_core/u_mac_4/u_exp/exp_sft_24_reg_2_/D
                              3.8903         6.3088 r      -2.4185  (VIOLATED)
   u_NV_NVDLA_cmac/u_core/u_mac_6/u_exp/exp_sft_44_reg_3_/D
                              3.8903         6.3088 r      -2.4185  (VIOLATED)
   u_NV_NVDLA_cmac/u_core/u_mac_6/u_exp/exp_sft_32_reg_2_/D
                              3.8898         6.3082 r      -2.4184  (VIOLATED)
   u_NV_NVDLA_cmac/u_core/u_mac_1/u_exp/exp_sft_61_reg_2_/D
                              3.8893         6.3076 r      -2.4184  (VIOLATED)
   u_NV_NVDLA_cmac/u_core/u_mac_2/u_exp/exp_sft_40_reg_3_/D
                              3.8827         6.3011 r      -2.4184  (VIOLATED)
   u_NV_NVDLA_cmac/u_core/u_mac_0/u_exp/exp_sft_50_reg_2_/D
                              3.8904         6.3087 r      -2.4183  (VIOLATED)
   u_NV_NVDLA_cmac/u_core/u_mac_6/u_exp/exp_sft_02_reg_3_/D
                              3.8903         6.3086 r      -2.4183  (VIOLATED)
   u_NV_NVDLA_cmac/u_core/u_mac_6/u_exp/exp_sft_31_reg_2_/D
                              3.8899         6.3083 r      -2.4183  (VIOLATED)
   u_NV_NVDLA_cmac/u_core/u_mac_7/u_exp/exp_sft_32_reg_1_/D
                              3.8887         6.3070 r      -2.4183  (VIOLATED)
   u_NV_NVDLA_cmac/u_core/u_mac_6/u_exp/exp_sft_60_reg_2_/D
                              3.8909         6.3092 r      -2.4183  (VIOLATED)
   u_NV_NVDLA_cmac/u_core/u_mac_3/u_exp/exp_sft_04_reg_3_/D
                              3.8906         6.3089 r      -2.4182  (VIOLATED)
   u_NV_NVDLA_cmac/u_core/u_mac_5/u_exp/exp_sft_56_reg_2_/D
                              3.8833         6.3015 r      -2.4182  (VIOLATED)
   u_NV_NVDLA_cmac/u_core/u_mac_0/u_exp/exp_sft_09_reg_2_/D
                              3.8904         6.3086 r      -2.4182  (VIOLATED)
   u_NV_NVDLA_cmac/u_core/u_mac_3/u_exp/exp_sft_54_reg_2_/D
                              3.9011         6.3193 f      -2.4182  (VIOLATED)
   u_NV_NVDLA_cmac/u_core/u_mac_7/u_exp/exp_sft_33_reg_3_/D
                              3.9001         6.3182 f      -2.4181  (VIOLATED)
   u_NV_NVDLA_cmac/u_core/u_mac_6/u_exp/exp_sft_26_reg_2_/D
                              3.8903         6.3083 r      -2.4180  (VIOLATED)
   u_NV_NVDLA_cmac/u_core/u_mac_2/u_exp/exp_sft_46_reg_2_/D
                              3.8905         6.3084 r      -2.4179  (VIOLATED)
   u_NV_NVDLA_cmac/u_core/u_mac_3/u_exp/exp_sft_38_reg_3_/D
                              3.8907         6.3086 r      -2.4179  (VIOLATED)
   u_NV_NVDLA_cmac/u_core/u_mac_4/u_exp/exp_sft_10_reg_3_/D
                              3.8888         6.3066 r      -2.4179  (VIOLATED)
   u_NV_NVDLA_cmac/u_core/u_mac_6/u_exp/exp_sft_27_reg_2_/D
                              3.8904         6.3083 r      -2.4179  (VIOLATED)
   u_NV_NVDLA_cmac/u_core/u_mac_3/u_exp/exp_sft_27_reg_2_/D
                              3.8906         6.3084 r      -2.4178  (VIOLATED)
   u_NV_NVDLA_cmac/u_core/u_mac_7/u_exp/exp_sft_01_reg_1_/D
                              3.8887         6.3065 r      -2.4178  (VIOLATED)
   u_NV_NVDLA_cmac/u_core/u_mac_3/u_exp/exp_sft_41_reg_2_/D
                              3.9012         6.3189 f      -2.4177  (VIOLATED)
   u_NV_NVDLA_cmac/u_core/u_mac_0/u_exp/exp_sft_52_reg_2_/D
                              3.8907         6.3084 r      -2.4177  (VIOLATED)
   u_NV_NVDLA_cmac/u_core/u_mac_2/u_exp/exp_sft_43_reg_3_/D
                              3.8902         6.3079 r      -2.4177  (VIOLATED)
   u_NV_NVDLA_cmac/u_core/u_mac_3/u_exp/exp_sft_61_reg_3_/D
                              3.8906         6.3083 r      -2.4177  (VIOLATED)
   u_NV_NVDLA_cmac/u_core/u_mac_2/u_exp/exp_sft_39_reg_2_/D
                              3.8906         6.3082 r      -2.4176  (VIOLATED)
   u_NV_NVDLA_cmac/u_core/u_mac_5/u_exp/exp_sft_50_reg_2_/D
                              3.8811         6.2986 r      -2.4175  (VIOLATED)
   u_NV_NVDLA_cmac/u_core/u_mac_3/u_exp/exp_sft_39_reg_3_/D
                              3.8905         6.3080 r      -2.4175  (VIOLATED)
   u_NV_NVDLA_cmac/u_core/u_mac_3/u_exp/exp_sft_58_reg_3_/D
                              3.8902         6.3076 r      -2.4174  (VIOLATED)
   u_NV_NVDLA_cmac/u_core/u_mac_5/u_exp/exp_sft_51_reg_2_/D
                              3.8890         6.3063 r      -2.4173  (VIOLATED)
   u_NV_NVDLA_cmac/u_core/u_mac_2/u_exp/exp_sft_48_reg_2_/D
                              3.8907         6.3078 r      -2.4171  (VIOLATED)
   u_NV_NVDLA_cmac/u_core/u_mac_3/u_exp/exp_sft_39_reg_2_/D
                              3.8906         6.3076 r      -2.4170  (VIOLATED)
   u_NV_NVDLA_cmac/u_core/u_mac_6/u_exp/exp_sft_58_reg_2_/D
                              3.8909         6.3079 r      -2.4170  (VIOLATED)
   u_NV_NVDLA_cmac/u_core/u_mac_2/u_exp/exp_sft_32_reg_2_/D
                              3.8893         6.3063 r      -2.4170  (VIOLATED)
   u_NV_NVDLA_cmac/u_core/u_mac_6/u_exp/exp_sft_04_reg_1_/D
                              3.8827         6.2997 r      -2.4169  (VIOLATED)
   u_NV_NVDLA_cmac/u_core/u_mac_2/u_exp/exp_sft_36_reg_2_/D
                              3.8902         6.3071 r      -2.4169  (VIOLATED)
   u_NV_NVDLA_cmac/u_core/u_mac_3/u_exp/exp_sft_24_reg_1_/D
                              3.8810         6.2978 r      -2.4168  (VIOLATED)
   u_NV_NVDLA_cmac/u_core/u_mac_2/u_exp/exp_sft_31_reg_3_/D
                              3.8905         6.3072 r      -2.4168  (VIOLATED)
   u_NV_NVDLA_cmac/u_core/u_mac_3/u_exp/exp_sft_33_reg_2_/D
                              3.9011         6.3179 f      -2.4168  (VIOLATED)
   u_NV_NVDLA_cmac/u_core/u_mac_3/u_exp/exp_sft_15_reg_2_/D
                              3.8907         6.3073 r      -2.4167  (VIOLATED)
   u_NV_NVDLA_cmac/u_core/u_mac_6/u_exp/exp_sft_08_reg_3_/D
                              3.8901         6.3068 r      -2.4167  (VIOLATED)
   u_NV_NVDLA_cmac/u_core/u_mac_0/u_exp/exp_sft_05_reg_3_/D
                              3.8811         6.2977 r      -2.4166  (VIOLATED)
   u_NV_NVDLA_cmac/u_core/u_mac_6/u_exp/exp_sft_37_reg_3_/D
                              3.8904         6.3070 r      -2.4166  (VIOLATED)
   u_NV_NVDLA_cmac/u_core/u_mac_3/u_exp/exp_sft_51_reg_2_/D
                              3.9012         6.3178 f      -2.4166  (VIOLATED)
   u_NV_NVDLA_cmac/u_core/u_mac_2/u_exp/exp_sft_14_reg_2_/D
                              3.8903         6.3069 r      -2.4166  (VIOLATED)
   u_NV_NVDLA_cmac/u_core/u_mac_2/u_exp/exp_sft_31_reg_2_/D
                              3.8906         6.3072 r      -2.4166  (VIOLATED)
   u_NV_NVDLA_cmac/u_core/u_mac_3/u_exp/exp_sft_14_reg_2_/D
                              3.8905         6.3071 r      -2.4166  (VIOLATED)
   u_NV_NVDLA_cmac/u_core/u_mac_6/u_exp/exp_sft_35_reg_2_/D
                              3.8904         6.3069 r      -2.4165  (VIOLATED)
   u_NV_NVDLA_cmac/u_core/u_mac_3/u_exp/exp_sft_42_reg_2_/D
                              3.9013         6.3178 f      -2.4165  (VIOLATED)
   u_NV_NVDLA_cmac/u_core/u_mac_2/u_exp/exp_sft_44_reg_2_/D
                              3.8906         6.3072 r      -2.4165  (VIOLATED)
   u_NV_NVDLA_cmac/u_core/u_mac_3/u_exp/exp_sft_18_reg_3_/D
                              3.8826         6.2991 r      -2.4165  (VIOLATED)
   u_NV_NVDLA_cmac/u_core/u_mac_6/u_exp/exp_sft_05_reg_2_/D
                              3.8906         6.3070 r      -2.4164  (VIOLATED)
   u_NV_NVDLA_cmac/u_core/u_mac_7/u_exp/exp_sft_58_reg_1_/D
                              3.8903         6.3067 r      -2.4164  (VIOLATED)
   u_NV_NVDLA_cmac/u_core/u_mac_6/u_exp/exp_sft_10_reg_3_/D
                              3.8907         6.3071 r      -2.4164  (VIOLATED)
   u_NV_NVDLA_cmac/u_core/u_mac_0/u_exp/exp_sft_04_reg_3_/D
                              3.8826         6.2989 r      -2.4163  (VIOLATED)
   u_NV_NVDLA_cmac/u_core/u_mac_6/u_exp/exp_sft_48_reg_2_/D
                              3.8906         6.3070 r      -2.4163  (VIOLATED)
   u_NV_NVDLA_cmac/u_core/u_mac_2/u_exp/exp_sft_11_reg_2_/D
                              3.8901         6.3064 r      -2.4163  (VIOLATED)
   u_NV_NVDLA_cmac/u_core/u_mac_3/u_exp/exp_sft_56_reg_3_/D
                              3.8907         6.3069 r      -2.4163  (VIOLATED)
   u_NV_NVDLA_cmac/u_core/u_mac_0/u_exp/exp_sft_32_reg_2_/D
                              3.8906         6.3069 r      -2.4162  (VIOLATED)
   u_NV_NVDLA_cmac/u_core/u_mac_2/u_exp/exp_sft_00_reg_1_/D
                              3.8811         6.2972 r      -2.4161  (VIOLATED)
   u_NV_NVDLA_cmac/u_core/u_mac_4/u_exp/exp_sft_15_reg_2_/D
                              3.8906         6.3067 r      -2.4161  (VIOLATED)
   u_NV_NVDLA_cmac/u_core/u_mac_4/u_exp/exp_sft_07_reg_2_/D
                              3.8904         6.3065 r      -2.4161  (VIOLATED)
   u_NV_NVDLA_cmac/u_core/u_mac_6/u_exp/exp_sft_38_reg_3_/D
                              3.8901         6.3061 r      -2.4160  (VIOLATED)
   u_NV_NVDLA_cmac/u_core/u_mac_3/u_exp/exp_sft_26_reg_3_/D
                              3.8906         6.3066 r      -2.4160  (VIOLATED)
   u_NV_NVDLA_cmac/u_core/u_mac_0/u_exp/exp_sft_56_reg_3_/D
                              3.8824         6.2983 r      -2.4159  (VIOLATED)
   u_NV_NVDLA_cmac/u_core/u_mac_0/u_exp/exp_sft_48_reg_2_/D
                              3.8899         6.3058 r      -2.4159  (VIOLATED)
   u_NV_NVDLA_cmac/u_core/u_mac_6/u_exp/exp_sft_34_reg_2_/D
                              3.8907         6.3065 r      -2.4158  (VIOLATED)
   u_NV_NVDLA_cmac/u_core/u_mac_6/u_exp/exp_sft_33_reg_2_/D
                              3.8905         6.3063 r      -2.4158  (VIOLATED)
   u_NV_NVDLA_cmac/u_core/u_mac_1/u_exp/exp_sft_00_reg_3_/D
                              3.8889         6.3047 r      -2.4158  (VIOLATED)
   u_NV_NVDLA_cmac/u_core/u_mac_3/u_exp/exp_sft_47_reg_2_/D
                              3.8907         6.3066 r      -2.4158  (VIOLATED)
   u_NV_NVDLA_cmac/u_core/u_mac_3/u_exp/exp_sft_43_reg_2_/D
                              3.9012         6.3170 f      -2.4158  (VIOLATED)
   u_NV_NVDLA_cmac/u_core/u_mac_0/u_exp/exp_sft_15_reg_2_/D
                              3.8907         6.3064 r      -2.4157  (VIOLATED)
   u_NV_NVDLA_cmac/u_core/u_mac_6/u_exp/exp_sft_56_reg_2_/D
                              3.8912         6.3068 r      -2.4156  (VIOLATED)
   u_NV_NVDLA_cmac/u_core/u_mac_3/u_exp/exp_sft_62_reg_3_/D
                              3.8836         6.2992 f      -2.4155  (VIOLATED)
   u_NV_NVDLA_cmac/u_core/u_mac_2/u_exp/exp_sft_28_reg_2_/D
                              3.8903         6.3057 r      -2.4154  (VIOLATED)
   u_NV_NVDLA_cmac/u_core/u_mac_4/u_exp/exp_sft_12_reg_2_/D
                              3.8906         6.3061 r      -2.4154  (VIOLATED)
   u_NV_NVDLA_cmac/u_core/u_mac_4/u_exp/exp_sft_19_reg_2_/D
                              3.8889         6.3043 r      -2.4154  (VIOLATED)
   u_NV_NVDLA_cmac/u_core/u_mac_5/u_exp/exp_sft_58_reg_2_/D
                              3.8832         6.2986 r      -2.4154  (VIOLATED)
   u_NV_NVDLA_cmac/u_core/u_mac_2/u_exp/exp_sft_01_reg_1_/D
                              3.8812         6.2965 r      -2.4153  (VIOLATED)
   u_NV_NVDLA_cmac/u_core/u_mac_6/u_exp/exp_sft_07_reg_3_/D
                              3.8828         6.2980 r      -2.4152  (VIOLATED)
   u_NV_NVDLA_cmac/u_core/u_mac_4/u_exp/exp_sft_10_reg_2_/D
                              3.8906         6.3058 r      -2.4152  (VIOLATED)
   u_NV_NVDLA_cmac/u_core/u_mac_2/u_exp/exp_sft_59_reg_2_/D
                              3.9008         6.3160 f      -2.4152  (VIOLATED)
   u_NV_NVDLA_cmac/u_core/u_mac_3/u_exp/exp_sft_39_reg_1_/D
                              3.8888         6.3039 r      -2.4151  (VIOLATED)
   u_NV_NVDLA_cmac/u_core/u_mac_2/u_exp/exp_sft_05_reg_3_/D
                              3.8889         6.3039 r      -2.4151  (VIOLATED)
   u_NV_NVDLA_cmac/u_core/u_mac_7/u_exp/exp_sft_36_reg_2_/D
                              3.8901         6.3051 r      -2.4150  (VIOLATED)
   u_NV_NVDLA_cmac/u_core/u_mac_3/u_exp/exp_sft_25_reg_1_/D
                              3.8805         6.2955 r      -2.4150  (VIOLATED)
   u_NV_NVDLA_cmac/u_core/u_mac_6/u_exp/exp_sft_28_reg_2_/D
                              3.8905         6.3054 r      -2.4149  (VIOLATED)
   u_NV_NVDLA_cmac/u_core/u_mac_6/u_exp/exp_sft_03_reg_2_/D
                              3.8904         6.3052 r      -2.4148  (VIOLATED)
   u_NV_NVDLA_cmac/u_core/u_mac_2/u_exp/exp_sft_59_reg_3_/D
                              3.8889         6.3037 r      -2.4148  (VIOLATED)
   u_NV_NVDLA_cmac/u_core/u_mac_4/u_exp/exp_sft_63_reg_3_/D
                              3.8888         6.3036 r      -2.4148  (VIOLATED)
   u_NV_NVDLA_cmac/u_core/u_mac_5/u_exp/exp_sft_15_reg_2_/D
                              3.8888         6.3035 r      -2.4147  (VIOLATED)
   u_NV_NVDLA_cmac/u_core/u_mac_6/u_exp/exp_sft_45_reg_2_/D
                              3.8906         6.3052 r      -2.4146  (VIOLATED)
   u_NV_NVDLA_cmac/u_core/u_mac_6/u_exp/exp_sft_42_reg_3_/D
                              3.8907         6.3051 r      -2.4145  (VIOLATED)
   u_NV_NVDLA_cmac/u_core/u_mac_0/u_exp/exp_sft_63_reg_2_/D
                              3.8810         6.2954 r      -2.4144  (VIOLATED)
   u_NV_NVDLA_cmac/u_core/u_mac_3/u_exp/exp_sft_24_reg_3_/D
                              3.8907         6.3050 r      -2.4144  (VIOLATED)
   u_NV_NVDLA_cmac/u_core/u_mac_2/u_exp/exp_sft_42_reg_3_/D
                              3.8907         6.3050 r      -2.4144  (VIOLATED)
   u_NV_NVDLA_cmac/u_core/u_mac_2/u_exp/exp_sft_02_reg_1_/D
                              3.8809         6.2952 r      -2.4143  (VIOLATED)
   u_NV_NVDLA_cmac/u_core/u_mac_6/u_exp/exp_sft_07_reg_2_/D
                              3.8827         6.2970 r      -2.4143  (VIOLATED)
   u_NV_NVDLA_cmac/u_core/u_mac_2/u_exp/exp_sft_00_reg_2_/D
                              3.8828         6.2971 r      -2.4143  (VIOLATED)
   u_NV_NVDLA_cmac/u_core/u_mac_5/u_exp/exp_sft_61_reg_3_/D
                              3.8888         6.3031 r      -2.4142  (VIOLATED)
   u_NV_NVDLA_cmac/u_core/u_mac_2/u_exp/exp_sft_06_reg_1_/D
                              3.8811         6.2953 r      -2.4142  (VIOLATED)
   u_NV_NVDLA_cmac/u_core/u_mac_7/u_exp/exp_sft_33_reg_1_/D
                              3.8886         6.3028 r      -2.4142  (VIOLATED)
   u_NV_NVDLA_cmac/u_core/u_mac_2/u_exp/exp_sft_52_reg_2_/D
                              3.8905         6.3045 r      -2.4140  (VIOLATED)
   u_NV_NVDLA_cmac/u_core/u_mac_6/u_exp/exp_sft_36_reg_2_/D
                              3.8902         6.3042 r      -2.4140  (VIOLATED)
   u_NV_NVDLA_cmac/u_core/u_mac_6/u_exp/exp_sft_39_reg_3_/D
                              3.8906         6.3046 r      -2.4140  (VIOLATED)
   u_NV_NVDLA_cmac/u_core/u_mac_2/u_exp/exp_sft_29_reg_2_/D
                              3.8905         6.3044 r      -2.4140  (VIOLATED)
   u_NV_NVDLA_cmac/u_core/u_mac_2/u_exp/exp_sft_09_reg_2_/D
                              3.8905         6.3044 r      -2.4139  (VIOLATED)
   u_NV_NVDLA_cmac/u_core/u_mac_3/u_exp/exp_sft_57_reg_2_/D
                              3.8911         6.3050 r      -2.4139  (VIOLATED)
   u_NV_NVDLA_cmac/u_core/u_mac_1/u_exp/exp_sft_62_reg_3_/D
                              3.8887         6.3026 r      -2.4139  (VIOLATED)
   u_NV_NVDLA_cmac/u_core/u_mac_7/u_exp/exp_sft_17_reg_1_/D
                              3.8887         6.3025 r      -2.4138  (VIOLATED)
   u_NV_NVDLA_cmac/u_core/u_mac_6/u_exp/exp_sft_02_reg_2_/D
                              3.8903         6.3039 r      -2.4136  (VIOLATED)
   u_NV_NVDLA_cmac/u_core/u_mac_5/u_exp/exp_sft_15_reg_3_/D
                              3.8890         6.3025 r      -2.4135  (VIOLATED)
   u_NV_NVDLA_cmac/u_core/u_mac_5/u_exp/exp_sft_16_reg_2_/D
                              3.8822         6.2957 r      -2.4135  (VIOLATED)
   u_NV_NVDLA_cmac/u_core/u_mac_3/u_exp/exp_sft_20_reg_2_/D
                              3.8899         6.3034 r      -2.4135  (VIOLATED)
   u_NV_NVDLA_cmac/u_core/u_mac_3/u_exp/exp_sft_32_reg_2_/D
                              3.9011         6.3145 f      -2.4135  (VIOLATED)
   u_NV_NVDLA_cmac/u_core/u_mac_5/u_exp/exp_sft_05_reg_2_/D
                              3.8890         6.3024 r      -2.4134  (VIOLATED)
   u_NV_NVDLA_cmac/u_core/u_mac_7/u_exp/exp_sft_03_reg_1_/D
                              3.8887         6.3019 r      -2.4132  (VIOLATED)
   u_NV_NVDLA_cmac/u_core/u_mac_3/u_exp/exp_sft_17_reg_3_/D
                              3.8828         6.2960 r      -2.4132  (VIOLATED)
   u_NV_NVDLA_cmac/u_core/u_mac_6/u_exp/exp_sft_61_reg_1_/D
                              3.8905         6.3037 r      -2.4132  (VIOLATED)
   u_NV_NVDLA_cmac/u_core/u_mac_4/u_exp/exp_sft_11_reg_2_/D
                              3.8905         6.3037 r      -2.4132  (VIOLATED)
   u_NV_NVDLA_cmac/u_core/u_mac_6/u_exp/exp_sft_44_reg_2_/D
                              3.8905         6.3037 r      -2.4132  (VIOLATED)
   u_NV_NVDLA_cmac/u_core/u_mac_3/u_exp/exp_sft_34_reg_2_/D
                              3.9012         6.3143 f      -2.4131  (VIOLATED)
   u_NV_NVDLA_cmac/u_core/u_mac_5/u_exp/exp_sft_59_reg_2_/D
                              3.8910         6.3041 r      -2.4131  (VIOLATED)
   u_NV_NVDLA_cmac/u_core/u_mac_6/u_exp/exp_sft_24_reg_2_/D
                              3.8827         6.2958 r      -2.4131  (VIOLATED)
   u_NV_NVDLA_cmac/u_core/u_mac_6/u_exp/exp_sft_10_reg_2_/D
                              3.8905         6.3034 r      -2.4130  (VIOLATED)
   u_NV_NVDLA_cmac/u_core/u_mac_0/u_exp/exp_sft_28_reg_2_/D
                              3.8979         6.3108 f      -2.4129  (VIOLATED)
   u_NV_NVDLA_cmac/u_core/u_mac_5/u_exp/exp_sft_52_reg_2_/D
                              3.8886         6.3015 r      -2.4129  (VIOLATED)
   u_NV_NVDLA_cmac/u_core/u_mac_5/u_exp/exp_sft_01_reg_3_/D
                              3.8883         6.3012 r      -2.4129  (VIOLATED)
   u_NV_NVDLA_cmac/u_core/u_mac_2/u_exp/exp_sft_36_reg_3_/D
                              3.8904         6.3032 r      -2.4128  (VIOLATED)
   u_NV_NVDLA_cmac/u_core/u_mac_2/u_exp/exp_sft_16_reg_3_/D
                              3.8907         6.3035 r      -2.4128  (VIOLATED)
   u_NV_NVDLA_cmac/u_core/u_mac_2/u_exp/exp_sft_12_reg_2_/D
                              3.8906         6.3034 r      -2.4128  (VIOLATED)
   u_NV_NVDLA_cmac/u_core/u_mac_2/u_exp/exp_sft_03_reg_1_/D
                              3.8811         6.2938 r      -2.4127  (VIOLATED)
   u_NV_NVDLA_cmac/u_core/u_mac_3/u_exp/exp_sft_09_reg_1_/D
                              3.8887         6.3013 r      -2.4126  (VIOLATED)
   u_NV_NVDLA_cmac/u_core/u_mac_4/u_exp/exp_sft_03_reg_2_/D
                              3.8886         6.3012 r      -2.4126  (VIOLATED)
   u_NV_NVDLA_cmac/u_core/u_mac_1/u_exp/exp_sft_63_reg_2_/D
                              3.8906         6.3032 r      -2.4126  (VIOLATED)
   u_NV_NVDLA_cmac/u_core/u_mac_3/u_exp/exp_sft_25_reg_3_/D
                              3.8907         6.3033 r      -2.4126  (VIOLATED)
   u_NV_NVDLA_cmac/u_core/u_mac_3/u_exp/exp_sft_41_reg_1_/D
                              3.8811         6.2937 r      -2.4126  (VIOLATED)
   u_NV_NVDLA_cmac/u_core/u_mac_2/u_exp/exp_sft_33_reg_2_/D
                              3.8906         6.3032 r      -2.4126  (VIOLATED)
   u_NV_NVDLA_cmac/u_core/u_mac_0/u_exp/exp_sft_00_reg_2_/D
                              3.8810         6.2935 r      -2.4125  (VIOLATED)
   u_NV_NVDLA_cmac/u_core/u_mac_2/u_exp/exp_sft_07_reg_1_/D
                              3.8811         6.2936 r      -2.4125  (VIOLATED)
   u_NV_NVDLA_cmac/u_core/u_mac_3/u_exp/exp_sft_12_reg_2_/D
                              3.9012         6.3136 f      -2.4124  (VIOLATED)
   u_NV_NVDLA_cmac/u_core/u_mac_3/u_exp/exp_sft_37_reg_2_/D
                              3.9011         6.3134 f      -2.4124  (VIOLATED)
   u_NV_NVDLA_cmac/u_core/u_mac_3/u_exp/exp_sft_47_reg_1_/D
                              3.8810         6.2934 r      -2.4124  (VIOLATED)
   u_NV_NVDLA_cmac/u_core/u_mac_6/u_exp/exp_sft_57_reg_1_/D
                              3.8905         6.3029 r      -2.4123  (VIOLATED)
   u_NV_NVDLA_cmac/u_core/u_mac_5/u_exp/exp_sft_34_reg_2_/D
                              3.8900         6.3024 r      -2.4123  (VIOLATED)
   u_NV_NVDLA_cmac/u_core/u_mac_6/u_exp/exp_sft_23_reg_3_/D
                              3.8903         6.3024 r      -2.4122  (VIOLATED)
   u_NV_NVDLA_cmac/u_core/u_mac_3/u_exp/exp_sft_06_reg_1_/D
                              3.8812         6.2934 r      -2.4122  (VIOLATED)
   u_NV_NVDLA_cmac/u_core/u_mac_0/u_exp/exp_sft_41_reg_2_/D
                              3.8906         6.3027 r      -2.4121  (VIOLATED)
   u_NV_NVDLA_cmac/u_core/u_mac_2/u_exp/exp_sft_32_reg_3_/D
                              3.8902         6.3023 r      -2.4121  (VIOLATED)
   u_NV_NVDLA_cmac/u_core/u_mac_2/u_exp/exp_sft_27_reg_3_/D
                              3.8904         6.3024 r      -2.4120  (VIOLATED)
   u_NV_NVDLA_cmac/u_core/u_mac_4/u_exp/exp_sft_00_reg_2_/D
                              3.8887         6.3006 r      -2.4120  (VIOLATED)
   u_NV_NVDLA_cmac/u_core/u_mac_6/u_exp/exp_sft_09_reg_3_/D
                              3.8902         6.3021 r      -2.4119  (VIOLATED)
   u_NV_NVDLA_cmac/u_core/u_mac_0/u_exp/exp_sft_14_reg_2_/D
                              3.8906         6.3025 r      -2.4118  (VIOLATED)
   u_NV_NVDLA_cmac/u_core/u_mac_7/u_exp/exp_sft_05_reg_1_/D
                              3.8887         6.3005 r      -2.4118  (VIOLATED)
   u_NV_NVDLA_cmac/u_core/u_mac_6/u_exp/exp_sft_37_reg_2_/D
                              3.8904         6.3022 r      -2.4118  (VIOLATED)
   u_NV_NVDLA_cmac/u_core/u_mac_4/u_exp/exp_sft_62_reg_3_/D
                              3.8828         6.2945 f      -2.4117  (VIOLATED)
   u_NV_NVDLA_cmac/u_core/u_mac_0/u_exp/exp_sft_62_reg_3_/D
                              3.8881         6.2997 r      -2.4116  (VIOLATED)
   u_NV_NVDLA_cmac/u_core/u_mac_2/u_exp/exp_sft_38_reg_3_/D
                              3.8903         6.3018 r      -2.4115  (VIOLATED)
   u_NV_NVDLA_cmac/u_core/u_mac_3/u_exp/exp_sft_57_reg_3_/D
                              3.8906         6.3020 r      -2.4114  (VIOLATED)
   u_NV_NVDLA_cmac/u_core/u_mac_2/u_exp/exp_sft_41_reg_3_/D
                              3.8907         6.3019 r      -2.4113  (VIOLATED)
   u_NV_NVDLA_cmac/u_core/u_mac_2/u_exp/exp_sft_42_reg_2_/D
                              3.8903         6.3015 r      -2.4111  (VIOLATED)
   u_NV_NVDLA_cmac/u_core/u_mac_7/u_exp/exp_sft_36_reg_1_/D
                              3.8887         6.2997 r      -2.4110  (VIOLATED)
   u_NV_NVDLA_cmac/u_core/u_mac_5/u_exp/exp_sft_47_reg_2_/D
                              3.8890         6.2999 r      -2.4109  (VIOLATED)
   u_NV_NVDLA_cmac/u_core/u_mac_3/u_exp/exp_sft_29_reg_2_/D
                              3.9010         6.3119 f      -2.4109  (VIOLATED)
   u_NV_NVDLA_cmac/u_core/u_mac_3/u_exp/exp_sft_13_reg_2_/D
                              3.9012         6.3120 f      -2.4108  (VIOLATED)
   u_NV_NVDLA_cmac/u_core/u_mac_0/u_exp/exp_sft_00_reg_3_/D
                              3.8902         6.3010 r      -2.4108  (VIOLATED)
   u_NV_NVDLA_cmac/u_core/u_mac_3/u_exp/exp_sft_36_reg_2_/D
                              3.9012         6.3120 f      -2.4108  (VIOLATED)
   u_NV_NVDLA_cmac/u_core/u_mac_5/u_exp/exp_sft_60_reg_2_/D
                              3.8910         6.3018 r      -2.4108  (VIOLATED)
   u_NV_NVDLA_cmac/u_core/u_mac_0/u_exp/exp_sft_43_reg_2_/D
                              3.8872         6.2979 r      -2.4107  (VIOLATED)
   u_NV_NVDLA_cmac/u_core/u_mac_6/u_exp/exp_sft_39_reg_2_/D
                              3.8903         6.3009 r      -2.4106  (VIOLATED)
   u_NV_NVDLA_cmac/u_core/u_mac_2/u_exp/exp_sft_25_reg_3_/D
                              3.8906         6.3011 r      -2.4105  (VIOLATED)
   u_NV_NVDLA_cmac/u_core/u_mac_2/u_exp/exp_sft_37_reg_1_/D
                              3.8884         6.2989 r      -2.4105  (VIOLATED)
   u_NV_NVDLA_cmac/u_core/u_mac_7/u_exp/exp_sft_59_reg_1_/D
                              3.8904         6.3009 r      -2.4105  (VIOLATED)
   u_NV_NVDLA_cmac/u_core/u_mac_2/u_exp/exp_sft_16_reg_2_/D
                              3.8904         6.3009 r      -2.4105  (VIOLATED)
   u_NV_NVDLA_cmac/u_core/u_mac_6/u_exp/exp_sft_42_reg_2_/D
                              3.8906         6.3011 r      -2.4105  (VIOLATED)
   u_NV_NVDLA_cmac/u_core/u_mac_2/u_exp/exp_sft_60_reg_1_/D
                              3.8810         6.2915 r      -2.4104  (VIOLATED)
   u_NV_NVDLA_cmac/u_core/u_mac_7/u_exp/exp_sft_06_reg_2_/D
                              3.8887         6.2991 r      -2.4104  (VIOLATED)
   u_NV_NVDLA_cmac/u_core/u_mac_6/u_exp/exp_sft_11_reg_3_/D
                              3.8905         6.3009 r      -2.4104  (VIOLATED)
   u_NV_NVDLA_cmac/u_core/u_mac_0/u_exp/exp_sft_10_reg_2_/D
                              3.8904         6.3007 r      -2.4103  (VIOLATED)
   u_NV_NVDLA_cmac/u_core/u_mac_6/u_exp/exp_sft_41_reg_2_/D
                              3.8904         6.3007 r      -2.4103  (VIOLATED)
   u_NV_NVDLA_cmac/u_core/u_mac_2/u_exp/exp_sft_23_reg_3_/D
                              3.8905         6.3007 r      -2.4103  (VIOLATED)
   u_NV_NVDLA_cmac/u_core/u_mac_2/u_exp/exp_sft_34_reg_1_/D
                              3.8886         6.2988 r      -2.4102  (VIOLATED)
   u_NV_NVDLA_cmac/u_core/u_mac_3/u_exp/exp_sft_60_reg_3_/D
                              3.8906         6.3006 r      -2.4100  (VIOLATED)
   u_NV_NVDLA_cmac/u_core/u_mac_2/u_exp/exp_sft_35_reg_3_/D
                              3.8905         6.3004 r      -2.4099  (VIOLATED)
   u_NV_NVDLA_cmac/u_core/u_mac_2/u_exp/exp_sft_34_reg_2_/D
                              3.8902         6.3000 r      -2.4098  (VIOLATED)
   u_NV_NVDLA_cmac/u_core/u_mac_5/u_exp/exp_sft_47_reg_3_/D
                              3.8889         6.2987 r      -2.4097  (VIOLATED)
   u_NV_NVDLA_cmac/u_core/u_mac_4/u_exp/exp_sft_23_reg_3_/D
                              3.8905         6.3002 f      -2.4097  (VIOLATED)
   u_NV_NVDLA_cmac/u_core/u_mac_6/u_exp/exp_sft_38_reg_2_/D
                              3.8907         6.3003 r      -2.4096  (VIOLATED)
   u_NV_NVDLA_cmac/u_core/u_mac_5/u_exp/exp_sft_32_reg_3_/D
                              3.8904         6.3000 r      -2.4096  (VIOLATED)
   u_NV_NVDLA_cmac/u_core/u_mac_2/u_exp/exp_sft_40_reg_2_/D
                              3.8906         6.3002 r      -2.4095  (VIOLATED)
   u_NV_NVDLA_cmac/u_core/u_mac_4/u_exp/exp_sft_17_reg_2_/D
                              3.8906         6.3002 r      -2.4095  (VIOLATED)
   u_NV_NVDLA_cmac/u_core/u_mac_2/u_exp/exp_sft_63_reg_1_/D
                              3.8905         6.3000 r      -2.4095  (VIOLATED)
   u_NV_NVDLA_cmac/u_core/u_mac_2/u_exp/exp_sft_35_reg_2_/D
                              3.8906         6.3001 r      -2.4095  (VIOLATED)
   u_NV_NVDLA_cmac/u_core/u_mac_3/u_exp/exp_sft_48_reg_2_/D
                              3.9011         6.3105 f      -2.4094  (VIOLATED)
   u_NV_NVDLA_cmac/u_core/u_mac_3/u_exp/exp_sft_41_reg_3_/D
                              3.8883         6.2975 f      -2.4093  (VIOLATED)
   u_NV_NVDLA_cmac/u_core/u_mac_2/u_exp/exp_sft_43_reg_2_/D
                              3.8906         6.2997 r      -2.4092  (VIOLATED)
   u_NV_NVDLA_cmac/u_core/u_mac_6/u_exp/exp_sft_08_reg_2_/D
                              3.8905         6.2996 r      -2.4091  (VIOLATED)
   u_NV_NVDLA_cmac/u_core/u_mac_6/u_exp/exp_sft_24_reg_3_/D
                              3.8906         6.2995 r      -2.4088  (VIOLATED)
   u_NV_NVDLA_cmac/u_core/u_mac_3/u_exp/exp_sft_35_reg_2_/D
                              3.9012         6.3100 f      -2.4088  (VIOLATED)
   u_NV_NVDLA_cmac/u_core/u_mac_5/u_exp/exp_sft_04_reg_1_/D
                              3.8904         6.2992 r      -2.4088  (VIOLATED)
   u_NV_NVDLA_cmac/u_core/u_mac_3/u_exp/exp_sft_53_reg_2_/D
                              3.9011         6.3098 f      -2.4088  (VIOLATED)
   u_NV_NVDLA_cmac/u_core/u_mac_3/u_exp/exp_sft_45_reg_2_/D
                              3.9010         6.3097 f      -2.4087  (VIOLATED)
   u_NV_NVDLA_cmac/u_core/u_mac_6/u_exp/exp_sft_05_reg_1_/D
                              3.8889         6.2976 r      -2.4087  (VIOLATED)
   u_NV_NVDLA_cmac/u_core/u_mac_0/u_exp/exp_sft_61_reg_3_/D
                              3.9008         6.3094 f      -2.4087  (VIOLATED)
   u_NV_NVDLA_cmac/u_core/u_mac_4/u_exp/exp_sft_20_reg_3_/D
                              3.8899         6.2985 r      -2.4086  (VIOLATED)
   u_NV_NVDLA_cmac/u_core/u_mac_3/u_exp/exp_sft_28_reg_2_/D
                              3.9011         6.3098 f      -2.4086  (VIOLATED)
   u_NV_NVDLA_cmac/u_core/u_mac_0/u_exp/exp_sft_16_reg_1_/D
                              3.8888         6.2974 r      -2.4086  (VIOLATED)
   u_NV_NVDLA_cmac/u_core/u_mac_2/u_exp/exp_sft_41_reg_2_/D
                              3.8907         6.2992 r      -2.4085  (VIOLATED)
   u_NV_NVDLA_cmac/u_core/u_mac_2/u_exp/exp_sft_18_reg_2_/D
                              3.8826         6.2911 r      -2.4085  (VIOLATED)
   u_NV_NVDLA_cmac/u_core/u_mac_5/u_exp/exp_sft_63_reg_2_/D
                              3.8906         6.2991 r      -2.4084  (VIOLATED)
   u_NV_NVDLA_cmac/u_core/u_mac_2/u_exp/exp_sft_12_reg_1_/D
                              3.8888         6.2972 r      -2.4084  (VIOLATED)
   u_NV_NVDLA_cmac/u_core/u_mac_2/u_exp/exp_sft_40_reg_1_/D
                              3.8889         6.2972 r      -2.4083  (VIOLATED)
   u_NV_NVDLA_cmac/u_core/u_mac_2/u_exp/exp_sft_36_reg_1_/D
                              3.8886         6.2969 r      -2.4083  (VIOLATED)
   u_NV_NVDLA_cmac/u_core/u_mac_2/u_exp/exp_sft_37_reg_2_/D
                              3.8907         6.2989 r      -2.4082  (VIOLATED)
   u_NV_NVDLA_cmac/u_core/u_mac_2/u_exp/exp_sft_33_reg_1_/D
                              3.8889         6.2971 r      -2.4082  (VIOLATED)
   u_NV_NVDLA_cmac/u_core/u_mac_2/u_exp/exp_sft_41_reg_1_/D
                              3.8887         6.2969 r      -2.4082  (VIOLATED)
   u_NV_NVDLA_cmac/u_core/u_mac_2/u_exp/exp_sft_34_reg_3_/D
                              3.8903         6.2985 r      -2.4082  (VIOLATED)
   u_NV_NVDLA_cmac/u_core/u_mac_0/u_exp/exp_sft_38_reg_2_/D
                              3.8906         6.2987 r      -2.4081  (VIOLATED)
   u_NV_NVDLA_cmac/u_core/u_mac_3/u_exp/exp_sft_30_reg_2_/D
                              3.8968         6.3049 f      -2.4081  (VIOLATED)
   u_NV_NVDLA_cmac/u_core/u_mac_2/u_exp/exp_sft_35_reg_1_/D
                              3.8888         6.2967 r      -2.4079  (VIOLATED)
   u_NV_NVDLA_cmac/u_core/u_mac_5/u_exp/exp_sft_60_reg_3_/D
                              3.8887         6.2965 r      -2.4078  (VIOLATED)
   u_NV_NVDLA_cmac/u_core/u_mac_6/u_exp/exp_sft_25_reg_2_/D
                              3.8905         6.2982 r      -2.4077  (VIOLATED)
   u_NV_NVDLA_cmac/u_core/u_mac_7/u_exp/exp_sft_57_reg_1_/D
                              3.8906         6.2983 r      -2.4077  (VIOLATED)
   u_NV_NVDLA_cmac/u_core/u_mac_6/u_exp/exp_sft_22_reg_3_/D
                              3.8904         6.2981 r      -2.4077  (VIOLATED)
   u_NV_NVDLA_cmac/u_core/u_mac_2/u_exp/exp_sft_63_reg_2_/D
                              3.8887         6.2962 r      -2.4075  (VIOLATED)
   u_NV_NVDLA_cmac/u_core/u_mac_6/u_exp/exp_sft_47_reg_2_/D
                              3.8889         6.2964 r      -2.4075  (VIOLATED)
   u_NV_NVDLA_cmac/u_core/u_mac_0/u_exp/exp_sft_55_reg_3_/D
                              3.8824         6.2899 r      -2.4075  (VIOLATED)
   u_NV_NVDLA_cmac/u_core/u_mac_3/u_exp/exp_sft_40_reg_2_/D
                              3.9012         6.3087 f      -2.4074  (VIOLATED)
   u_NV_NVDLA_cmac/u_core/u_mac_3/u_exp/exp_sft_43_reg_3_/D
                              3.8877         6.2951 f      -2.4074  (VIOLATED)
   u_NV_NVDLA_cmac/u_core/u_mac_5/u_exp/exp_sft_43_reg_3_/D
                              3.8889         6.2963 r      -2.4074  (VIOLATED)
   u_NV_NVDLA_cmac/u_core/u_mac_3/u_exp/exp_sft_38_reg_2_/D
                              3.9011         6.3084 f      -2.4073  (VIOLATED)
   u_NV_NVDLA_cmac/u_core/u_mac_2/u_exp/exp_sft_37_reg_3_/D
                              3.8903         6.2976 r      -2.4073  (VIOLATED)
   u_NV_NVDLA_cmac/u_core/u_mac_1/u_exp/exp_sft_01_reg_3_/D
                              3.8886         6.2958 r      -2.4072  (VIOLATED)
   u_NV_NVDLA_cmac/u_core/u_mac_7/u_exp/exp_sft_37_reg_2_/D
                              3.8902         6.2974 r      -2.4072  (VIOLATED)
   u_NV_NVDLA_cmac/u_core/u_mac_3/u_exp/exp_sft_22_reg_3_/D
                              3.8904         6.2976 r      -2.4072  (VIOLATED)
   u_NV_NVDLA_cmac/u_core/u_mac_3/u_exp/exp_sft_44_reg_2_/D
                              3.9012         6.3083 f      -2.4072  (VIOLATED)
   u_NV_NVDLA_cmac/u_core/u_mac_6/u_exp/exp_sft_23_reg_2_/D
                              3.8905         6.2976 r      -2.4071  (VIOLATED)
   u_NV_NVDLA_cmac/u_core/u_mac_0/u_exp/exp_sft_36_reg_3_/D
                              3.8811         6.2882 r      -2.4071  (VIOLATED)
   u_NV_NVDLA_cmac/u_core/u_mac_3/u_exp/exp_sft_24_reg_2_/D
                              3.8907         6.2977 r      -2.4071  (VIOLATED)
   u_NV_NVDLA_cmac/u_core/u_mac_7/u_exp/exp_sft_51_reg_1_/D
                              3.8890         6.2960 r      -2.4070  (VIOLATED)
   u_NV_NVDLA_cmac/u_core/u_mac_0/u_exp/exp_sft_26_reg_3_/D
                              3.8811         6.2881 r      -2.4069  (VIOLATED)
   u_NV_NVDLA_cmac/u_core/u_mac_3/u_exp/exp_sft_52_reg_2_/D
                              3.9011         6.3079 f      -2.4068  (VIOLATED)
   u_NV_NVDLA_cmac/u_core/u_mac_3/u_exp/exp_sft_13_reg_1_/D
                              3.8887         6.2955 r      -2.4068  (VIOLATED)
   u_NV_NVDLA_cmac/u_core/u_mac_5/u_exp/exp_sft_48_reg_2_/D
                              3.9007         6.3072 f      -2.4065  (VIOLATED)
   u_NV_NVDLA_cmac/u_core/u_mac_0/u_exp/exp_sft_36_reg_2_/D
                              3.8906         6.2971 r      -2.4065  (VIOLATED)
   u_NV_NVDLA_cmac/u_core/u_mac_3/u_exp/exp_sft_25_reg_2_/D
                              3.8907         6.2972 r      -2.4064  (VIOLATED)
   u_NV_NVDLA_cmac/u_core/u_mac_3/u_exp/exp_sft_08_reg_1_/D
                              3.8887         6.2951 r      -2.4064  (VIOLATED)
   u_NV_NVDLA_cmac/u_core/u_mac_3/u_exp/exp_sft_07_reg_1_/D
                              3.8888         6.2952 r      -2.4064  (VIOLATED)
   u_NV_NVDLA_cmac/u_core/u_mac_6/u_exp/exp_sft_01_reg_1_/D
                              3.8887         6.2951 r      -2.4064  (VIOLATED)
   u_NV_NVDLA_cmac/u_core/u_mac_3/u_exp/exp_sft_12_reg_1_/D
                              3.8887         6.2951 r      -2.4064  (VIOLATED)
   u_NV_NVDLA_cmac/u_core/u_mac_5/u_exp/exp_sft_50_reg_3_/D
                              3.8889         6.2951 r      -2.4061  (VIOLATED)
   u_NV_NVDLA_cmac/u_core/u_mac_0/u_exp/exp_sft_11_reg_2_/D
                              3.8905         6.2966 r      -2.4061  (VIOLATED)
   u_NV_NVDLA_cmac/u_core/u_mac_3/u_exp/exp_sft_16_reg_2_/D
                              3.8904         6.2965 r      -2.4061  (VIOLATED)
   u_NV_NVDLA_cmac/u_core/u_mac_6/u_exp/exp_sft_11_reg_2_/D
                              3.8905         6.2965 r      -2.4061  (VIOLATED)
   u_NV_NVDLA_cmac/u_core/u_mac_2/u_exp/exp_sft_38_reg_2_/D
                              3.8906         6.2966 r      -2.4060  (VIOLATED)
   u_NV_NVDLA_cmac/u_core/u_mac_3/u_exp/exp_sft_42_reg_3_/D
                              3.8897         6.2957 f      -2.4060  (VIOLATED)
   u_NV_NVDLA_cmac/u_core/u_mac_3/u_exp/exp_sft_44_reg_1_/D
                              3.8887         6.2947 r      -2.4060  (VIOLATED)
   u_NV_NVDLA_cmac/u_core/u_mac_3/u_exp/exp_sft_28_reg_1_/D
                              3.8887         6.2946 r      -2.4059  (VIOLATED)
   u_NV_NVDLA_cmac/u_core/u_mac_4/u_exp/exp_sft_51_reg_3_/D
                              3.8884         6.2943 r      -2.4059  (VIOLATED)
   u_NV_NVDLA_cmac/u_core/u_mac_4/u_exp/exp_sft_13_reg_0_/D
                              3.8825         6.2883 r      -2.4058  (VIOLATED)
   u_NV_NVDLA_cmac/u_core/u_mac_3/u_exp/exp_sft_26_reg_1_/D
                              3.8889         6.2945 r      -2.4057  (VIOLATED)
   u_NV_NVDLA_cmac/u_core/u_mac_4/u_exp/exp_sft_54_reg_3_/D
                              3.8812         6.2868 r      -2.4057  (VIOLATED)
   u_NV_NVDLA_cmac/u_core/u_mac_2/u_exp/exp_sft_62_reg_1_/D
                              3.8887         6.2943 r      -2.4056  (VIOLATED)
   u_NV_NVDLA_cmac/u_core/u_mac_2/u_exp/exp_sft_26_reg_3_/D
                              3.8906         6.2960 r      -2.4054  (VIOLATED)
   u_NV_NVDLA_cmac/u_core/u_mac_6/u_exp/exp_sft_12_reg_1_/D
                              3.8879         6.2933 r      -2.4054  (VIOLATED)
   u_NV_NVDLA_cmac/u_core/u_mac_2/u_exp/exp_sft_55_reg_1_/D
                              3.8888         6.2942 r      -2.4054  (VIOLATED)
   u_NV_NVDLA_cmac/u_core/u_mac_3/u_exp/exp_sft_19_reg_2_/D
                              3.8907         6.2960 r      -2.4053  (VIOLATED)
   u_NV_NVDLA_cmac/u_core/u_mac_3/u_exp/exp_sft_10_reg_1_/D
                              3.8888         6.2941 r      -2.4053  (VIOLATED)
   u_NV_NVDLA_cmac/u_core/u_mac_1/u_exp/exp_sft_60_reg_3_/D
                              3.8890         6.2943 r      -2.4053  (VIOLATED)
   u_NV_NVDLA_cmac/u_core/u_mac_3/u_exp/exp_sft_31_reg_1_/D
                              3.8889         6.2942 r      -2.4053  (VIOLATED)
   u_NV_NVDLA_cmac/u_core/u_mac_6/u_exp/exp_sft_61_reg_3_/D
                              3.8890         6.2940 r      -2.4051  (VIOLATED)
   u_NV_NVDLA_cmac/u_core/u_mac_3/u_exp/exp_sft_42_reg_1_/D
                              3.8887         6.2937 r      -2.4050  (VIOLATED)
   u_NV_NVDLA_cmac/u_core/u_mac_6/u_exp/exp_sft_09_reg_2_/D
                              3.8906         6.2956 r      -2.4050  (VIOLATED)
   u_NV_NVDLA_cmac/u_core/u_mac_6/u_exp/exp_sft_57_reg_3_/D
                              3.8890         6.2940 r      -2.4050  (VIOLATED)
   u_NV_NVDLA_cmac/u_core/u_mac_3/u_exp/exp_sft_23_reg_3_/D
                              3.8906         6.2955 r      -2.4050  (VIOLATED)
   u_NV_NVDLA_cmac/u_core/u_mac_7/u_exp/exp_sft_07_reg_1_/D
                              3.8889         6.2937 r      -2.4049  (VIOLATED)
   u_NV_NVDLA_cmac/u_core/u_mac_7/u_exp/exp_sft_06_reg_1_/D
                              3.8889         6.2938 r      -2.4049  (VIOLATED)
   u_NV_NVDLA_cmac/u_core/u_mac_3/u_exp/exp_sft_46_reg_1_/D
                              3.8889         6.2937 r      -2.4049  (VIOLATED)
   u_NV_NVDLA_cmac/u_core/u_mac_3/u_exp/exp_sft_49_reg_2_/D
                              3.9011         6.3059 f      -2.4049  (VIOLATED)
   u_NV_NVDLA_cmac/u_core/u_mac_3/u_exp/exp_sft_35_reg_1_/D
                              3.8887         6.2935 r      -2.4048  (VIOLATED)
   u_NV_NVDLA_cmac/u_core/u_mac_3/u_exp/exp_sft_40_reg_1_/D
                              3.8888         6.2936 r      -2.4048  (VIOLATED)
   u_NV_NVDLA_cmac/u_core/u_mac_2/u_exp/exp_sft_24_reg_2_/D
                              3.8906         6.2953 r      -2.4047  (VIOLATED)
   u_NV_NVDLA_cmac/u_core/u_mac_4/u_exp/exp_sft_44_reg_0_/D
                              3.8826         6.2872 r      -2.4046  (VIOLATED)
   u_NV_NVDLA_cmac/u_core/u_mac_5/u_exp/exp_sft_25_reg_3_/D
                              3.8826         6.2872 r      -2.4046  (VIOLATED)
   u_NV_NVDLA_cmac/u_core/u_mac_4/u_exp/exp_sft_12_reg_0_/D
                              3.8827         6.2871 r      -2.4044  (VIOLATED)
   u_NV_NVDLA_cmac/u_core/u_mac_3/u_exp/exp_sft_21_reg_3_/D
                              3.8905         6.2949 r      -2.4044  (VIOLATED)
   u_NV_NVDLA_cmac/u_core/u_mac_1/u_exp/exp_sft_60_reg_2_/D
                              3.8913         6.2956 r      -2.4043  (VIOLATED)
   u_NV_NVDLA_cmac/u_core/u_mac_0/u_exp/exp_sft_59_reg_3_/D
                              3.9013         6.3056 f      -2.4043  (VIOLATED)
   u_NV_NVDLA_cmac/u_core/u_mac_5/u_exp/exp_sft_02_reg_2_/D
                              3.8899         6.2943 r      -2.4043  (VIOLATED)
   u_NV_NVDLA_cmac/u_core/u_mac_3/u_exp/exp_sft_50_reg_1_/D
                              3.8889         6.2930 r      -2.4042  (VIOLATED)
   u_NV_NVDLA_cmac/u_core/u_mac_0/u_exp/exp_sft_23_reg_1_/D
                              3.8805         6.2847 r      -2.4041  (VIOLATED)
   u_NV_NVDLA_cmac/u_core/u_mac_4/u_exp/exp_sft_14_reg_0_/D
                              3.8828         6.2869 r      -2.4041  (VIOLATED)
   u_NV_NVDLA_cmac/u_core/u_mac_0/u_exp/exp_sft_04_reg_2_/D
                              3.8906         6.2947 r      -2.4041  (VIOLATED)
   u_NV_NVDLA_cmac/u_core/u_mac_2/u_exp/exp_sft_19_reg_3_/D
                              3.8906         6.2947 r      -2.4041  (VIOLATED)
   u_NV_NVDLA_cmac/u_core/u_mac_1/u_exp/exp_sft_04_reg_3_/D
                              3.8813         6.2854 r      -2.4040  (VIOLATED)
   u_NV_NVDLA_cmac/u_core/u_mac_0/u_exp/exp_sft_19_reg_2_/D
                              3.8881         6.2920 r      -2.4039  (VIOLATED)
   u_NV_NVDLA_cmac/u_core/u_mac_2/u_exp/exp_sft_33_reg_3_/D
                              3.8886         6.2925 r      -2.4038  (VIOLATED)
   u_NV_NVDLA_cmac/u_core/u_mac_7/u_exp/exp_sft_02_reg_1_/D
                              3.8889         6.2926 r      -2.4037  (VIOLATED)
   u_NV_NVDLA_cmac/u_core/u_mac_0/u_exp/exp_sft_20_reg_3_/D
                              3.8811         6.2848 r      -2.4037  (VIOLATED)
   u_NV_NVDLA_cmac/u_core/u_mac_3/u_exp/exp_sft_46_reg_2_/D
                              3.9011         6.3047 f      -2.4036  (VIOLATED)
   u_NV_NVDLA_cmac/u_core/u_mac_0/u_exp/exp_sft_13_reg_2_/D
                              3.8906         6.2941 r      -2.4035  (VIOLATED)
   u_NV_NVDLA_cmac/u_core/u_mac_4/u_exp/exp_sft_50_reg_0_/D
                              3.8826         6.2861 r      -2.4035  (VIOLATED)
   u_NV_NVDLA_cmac/u_core/u_mac_2/u_exp/exp_sft_21_reg_3_/D
                              3.8905         6.2940 r      -2.4034  (VIOLATED)
   u_NV_NVDLA_cmac/u_core/u_mac_6/u_exp/exp_sft_22_reg_2_/D
                              3.8905         6.2940 r      -2.4034  (VIOLATED)
   u_NV_NVDLA_cmac/u_core/u_mac_5/u_exp/exp_sft_55_reg_2_/D
                              3.8882         6.2915 r      -2.4033  (VIOLATED)
   u_NV_NVDLA_cmac/u_core/u_mac_5/u_exp/exp_sft_30_reg_2_/D
                              3.8904         6.2935 r      -2.4031  (VIOLATED)
   u_NV_NVDLA_cmac/u_core/u_mac_0/u_exp/exp_sft_58_reg_3_/D
                              3.8961         6.2992 f      -2.4031  (VIOLATED)
   u_NV_NVDLA_cmac/u_core/u_mac_6/u_exp/exp_sft_05_reg_3_/D
                              3.8801         6.2832 r      -2.4031  (VIOLATED)
   u_NV_NVDLA_cmac/u_core/u_mac_4/u_exp/exp_sft_49_reg_0_/D
                              3.8827         6.2857 r      -2.4030  (VIOLATED)
   u_NV_NVDLA_cmac/u_core/u_mac_2/u_exp/exp_sft_22_reg_3_/D
                              3.8904         6.2932 r      -2.4028  (VIOLATED)
   u_NV_NVDLA_cmac/u_core/u_mac_6/u_exp/exp_sft_13_reg_1_/D
                              3.8881         6.2907 r      -2.4026  (VIOLATED)
   u_NV_NVDLA_cmac/u_core/u_mac_0/u_exp/exp_sft_39_reg_2_/D
                              3.8906         6.2932 r      -2.4026  (VIOLATED)
   u_NV_NVDLA_cmac/u_core/u_mac_5/u_exp/exp_sft_03_reg_3_/D
                              3.8826         6.2852 r      -2.4026  (VIOLATED)
   u_NV_NVDLA_cmac/u_core/u_mac_2/u_exp/exp_sft_13_reg_2_/D
                              3.8904         6.2928 r      -2.4024  (VIOLATED)
   u_NV_NVDLA_cmac/u_core/u_mac_5/u_exp/exp_sft_30_reg_3_/D
                              3.8906         6.2928 r      -2.4023  (VIOLATED)
   u_NV_NVDLA_cmac/u_core/u_mac_2/u_exp/exp_sft_54_reg_1_/D
                              3.8887         6.2910 r      -2.4023  (VIOLATED)
   u_NV_NVDLA_cmac/u_core/u_mac_1/u_exp/exp_sft_25_reg_3_/D
                              3.8888         6.2911 r      -2.4023  (VIOLATED)
   u_NV_NVDLA_cmac/u_core/u_mac_5/u_exp/exp_sft_03_reg_2_/D
                              3.9008         6.3031 f      -2.4022  (VIOLATED)
   u_NV_NVDLA_cmac/u_core/u_mac_5/u_exp/exp_sft_32_reg_2_/D
                              3.8900         6.2922 r      -2.4022  (VIOLATED)
   u_NV_NVDLA_cmac/u_core/u_mac_3/u_exp/exp_sft_47_reg_3_/D
                              3.8884         6.2906 r      -2.4022  (VIOLATED)
   u_NV_NVDLA_cmac/u_core/u_mac_0/u_exp/exp_sft_21_reg_3_/D
                              3.8812         6.2833 r      -2.4021  (VIOLATED)
   u_NV_NVDLA_cmac/u_core/u_mac_0/u_exp/exp_sft_25_reg_3_/D
                              3.8812         6.2832 r      -2.4020  (VIOLATED)
   u_NV_NVDLA_cmac/u_core/u_mac_5/u_exp/exp_sft_40_reg_2_/D
                              3.9006         6.3026 f      -2.4020  (VIOLATED)
   u_NV_NVDLA_cmac/u_core/u_mac_5/u_exp/exp_sft_28_reg_3_/D
                              3.8827         6.2847 r      -2.4020  (VIOLATED)
   u_NV_NVDLA_cmac/u_core/u_mac_2/u_exp/exp_sft_20_reg_3_/D
                              3.8905         6.2925 r      -2.4019  (VIOLATED)
   u_NV_NVDLA_cmac/u_core/u_mac_4/u_exp/exp_sft_57_reg_3_/D
                              3.8888         6.2906 r      -2.4018  (VIOLATED)
   u_NV_NVDLA_cmac/u_core/u_mac_2/u_exp/exp_sft_25_reg_0_/D
                              3.8825         6.2841 r      -2.4016  (VIOLATED)
   u_NV_NVDLA_cmac/u_core/u_mac_5/u_exp/exp_sft_37_reg_3_/D
                              3.8857         6.2873 r      -2.4016  (VIOLATED)
   u_NV_NVDLA_cmac/u_core/u_mac_6/u_exp/exp_sft_04_reg_2_/D
                              3.8885         6.2900 r      -2.4015  (VIOLATED)
   u_NV_NVDLA_cmac/u_core/u_mac_1/u_exp/exp_sft_18_reg_3_/D
                              3.8888         6.2903 r      -2.4015  (VIOLATED)
   u_NV_NVDLA_cmac/u_core/u_mac_0/u_exp/exp_sft_37_reg_2_/D
                              3.8907         6.2921 r      -2.4015  (VIOLATED)
   u_NV_NVDLA_cmac/u_core/u_mac_5/u_exp/exp_sft_24_reg_2_/D
                              3.8827         6.2841 r      -2.4014  (VIOLATED)
   u_NV_NVDLA_cmac/u_core/u_mac_2/u_exp/exp_sft_62_reg_3_/D
                              3.8892         6.2905 f      -2.4014  (VIOLATED)
   u_NV_NVDLA_cmac/u_core/u_mac_6/u_exp/exp_sft_14_reg_1_/D
                              3.8889         6.2902 r      -2.4013  (VIOLATED)
   u_NV_NVDLA_cmac/u_core/u_mac_2/u_exp/exp_sft_24_reg_0_/D
                              3.8826         6.2836 r      -2.4010  (VIOLATED)
   u_NV_NVDLA_cmac/u_core/u_mac_6/u_exp/exp_sft_56_reg_3_/D
                              3.8890         6.2900 r      -2.4010  (VIOLATED)
   u_NV_NVDLA_cmac/u_core/u_mac_0/u_exp/exp_sft_01_reg_3_/D
                              3.8810         6.2819 r      -2.4009  (VIOLATED)
   u_NV_NVDLA_cmac/u_core/u_mac_5/u_exp/exp_sft_36_reg_3_/D
                              3.8854         6.2862 r      -2.4008  (VIOLATED)
   u_NV_NVDLA_cmac/u_core/u_mac_2/u_exp/exp_sft_02_reg_0_/D
                              3.8827         6.2834 r      -2.4007  (VIOLATED)
   u_NV_NVDLA_cmac/u_core/u_mac_4/u_exp/exp_sft_24_reg_0_/D
                              3.8906         6.2912 r      -2.4006  (VIOLATED)
   u_NV_NVDLA_cmac/u_core/u_mac_0/u_exp/exp_sft_55_reg_2_/D
                              3.8901         6.2907 r      -2.4006  (VIOLATED)
   u_NV_NVDLA_cmac/u_core/u_mac_0/u_exp/exp_sft_47_reg_2_/D
                              3.8881         6.2887 r      -2.4006  (VIOLATED)
   u_NV_NVDLA_cmac/u_core/u_mac_2/u_exp/exp_sft_47_reg_3_/D
                              3.8888         6.2894 r      -2.4005  (VIOLATED)
   u_NV_NVDLA_cmac/u_core/u_mac_5/u_exp/exp_sft_38_reg_2_/D
                              3.8905         6.2910 r      -2.4005  (VIOLATED)
   u_NV_NVDLA_cmac/u_core/u_mac_5/u_exp/exp_sft_02_reg_3_/D
                              3.8905         6.2909 r      -2.4004  (VIOLATED)
   u_NV_NVDLA_cmac/u_core/u_mac_6/u_exp/exp_sft_51_reg_1_/D
                              3.8812         6.2815 r      -2.4004  (VIOLATED)
   u_NV_NVDLA_cmac/u_core/u_mac_0/u_exp/exp_sft_45_reg_1_/D
                              3.8811         6.2815 r      -2.4003  (VIOLATED)
   u_NV_NVDLA_cmac/u_core/u_mac_0/u_exp/exp_sft_60_reg_3_/D
                              3.9011         6.3014 f      -2.4003  (VIOLATED)
   u_NV_NVDLA_cmac/u_core/u_mac_1/u_exp/exp_sft_61_reg_3_/D
                              3.8890         6.2892 r      -2.4003  (VIOLATED)
   u_NV_NVDLA_cmac/u_core/u_mac_4/u_exp/exp_sft_25_reg_0_/D
                              3.8905         6.2908 r      -2.4002  (VIOLATED)
   u_NV_NVDLA_cmac/u_core/u_mac_5/u_exp/exp_sft_45_reg_3_/D
                              3.8906         6.2908 r      -2.4002  (VIOLATED)
   u_NV_NVDLA_cmac/u_core/u_mac_4/u_exp/exp_sft_02_reg_0_/D
                              3.8897         6.2897 r      -2.4000  (VIOLATED)
   u_NV_NVDLA_cmac/u_core/u_mac_2/u_exp/exp_sft_47_reg_2_/D
                              3.8882         6.2882 r      -2.4000  (VIOLATED)
   u_NV_NVDLA_cmac/u_core/u_mac_2/u_exp/exp_sft_13_reg_3_/D
                              3.8906         6.2906 r      -2.4000  (VIOLATED)
   u_NV_NVDLA_cmac/u_core/u_mac_5/u_exp/exp_sft_46_reg_3_/D
                              3.8891         6.2890 f      -2.3999  (VIOLATED)
   u_NV_NVDLA_cmac/u_core/u_mac_0/u_exp/exp_sft_18_reg_3_/D
                              3.8812         6.2811 r      -2.3999  (VIOLATED)
   u_NV_NVDLA_cmac/u_core/u_mac_6/u_exp/exp_sft_15_reg_1_/D
                              3.8887         6.2885 r      -2.3998  (VIOLATED)
   u_NV_NVDLA_cmac/u_core/u_mac_4/u_exp/exp_sft_58_reg_3_/D
                              3.8887         6.2885 r      -2.3998  (VIOLATED)
   u_NV_NVDLA_cmac/u_core/u_mac_5/u_exp/exp_sft_38_reg_3_/D
                              3.8906         6.2904 r      -2.3997  (VIOLATED)
   u_NV_NVDLA_cmac/u_core/u_mac_5/u_exp/exp_sft_42_reg_2_/D
                              3.8905         6.2902 r      -2.3997  (VIOLATED)
   u_NV_NVDLA_cmac/u_core/u_mac_7/u_exp/exp_sft_32_reg_2_/D
                              3.8887         6.2884 r      -2.3997  (VIOLATED)
   u_NV_NVDLA_cmac/u_core/u_mac_5/u_exp/exp_sft_45_reg_2_/D
                              3.8905         6.2901 r      -2.3996  (VIOLATED)
   u_NV_NVDLA_cmac/u_core/u_mac_6/u_exp/exp_sft_56_reg_1_/D
                              3.8905         6.2901 r      -2.3996  (VIOLATED)
   u_NV_NVDLA_cmac/u_core/u_mac_5/u_exp/exp_sft_06_reg_2_/D
                              3.8905         6.2900 r      -2.3995  (VIOLATED)
   u_NV_NVDLA_cmac/u_core/u_mac_0/u_exp/exp_sft_28_reg_3_/D
                              3.8890         6.2884 r      -2.3994  (VIOLATED)
   u_NV_NVDLA_cmac/u_core/u_mac_4/u_exp/exp_sft_03_reg_0_/D
                              3.8903         6.2896 r      -2.3993  (VIOLATED)
   u_NV_NVDLA_cmac/u_core/u_mac_0/u_exp/exp_sft_22_reg_1_/D
                              3.8887         6.2879 r      -2.3992  (VIOLATED)
   u_NV_NVDLA_cmac/u_core/u_mac_0/u_exp/exp_sft_21_reg_1_/D
                              3.8885         6.2877 r      -2.3992  (VIOLATED)
   u_NV_NVDLA_cmac/u_core/u_mac_5/u_exp/exp_sft_62_reg_3_/D
                              3.8828         6.2820 r      -2.3992  (VIOLATED)
   u_NV_NVDLA_cmac/u_core/u_mac_2/u_exp/exp_sft_05_reg_2_/D
                              3.8828         6.2820 r      -2.3992  (VIOLATED)
   u_NV_NVDLA_cmac/u_core/u_mac_3/u_exp/exp_sft_63_reg_2_/D
                              3.8887         6.2879 r      -2.3992  (VIOLATED)
   u_NV_NVDLA_cmac/u_core/u_mac_4/u_exp/exp_sft_40_reg_0_/D
                              3.8906         6.2897 r      -2.3991  (VIOLATED)
   u_NV_NVDLA_cmac/u_core/u_mac_4/u_exp/exp_sft_58_reg_0_/D
                              3.8906         6.2896 r      -2.3990  (VIOLATED)
   u_NV_NVDLA_cmac/u_core/u_mac_6/u_exp/exp_sft_18_reg_1_/D
                              3.8811         6.2801 r      -2.3990  (VIOLATED)
   u_NV_NVDLA_cmac/u_core/u_mac_4/u_exp/exp_sft_23_reg_0_/D
                              3.8904         6.2894 r      -2.3990  (VIOLATED)
   u_NV_NVDLA_cmac/u_core/u_mac_2/u_exp/exp_sft_58_reg_1_/D
                              3.8887         6.2876 r      -2.3989  (VIOLATED)
   u_NV_NVDLA_cmac/u_core/u_mac_0/u_exp/exp_sft_47_reg_3_/D
                              3.8812         6.2801 r      -2.3989  (VIOLATED)
   u_NV_NVDLA_cmac/u_core/u_mac_4/u_exp/exp_sft_55_reg_0_/D
                              3.8900         6.2889 r      -2.3989  (VIOLATED)
   u_NV_NVDLA_cmac/u_core/u_mac_5/u_exp/exp_sft_29_reg_3_/D
                              3.8906         6.2895 r      -2.3989  (VIOLATED)
   u_NV_NVDLA_cmac/u_core/u_mac_4/u_exp/exp_sft_22_reg_2_/D
                              3.9013         6.3001 f      -2.3989  (VIOLATED)
   u_NV_NVDLA_cmac/u_core/u_mac_4/u_exp/exp_sft_27_reg_0_/D
                              3.8904         6.2893 r      -2.3989  (VIOLATED)
   u_NV_NVDLA_cmac/u_core/u_mac_5/u_exp/exp_sft_54_reg_2_/D
                              3.8883         6.2871 r      -2.3988  (VIOLATED)
   u_NV_NVDLA_cmac/u_core/u_mac_4/u_exp/exp_sft_20_reg_0_/D
                              3.8905         6.2891 r      -2.3986  (VIOLATED)
   u_NV_NVDLA_cmac/u_core/u_mac_5/u_exp/exp_sft_31_reg_3_/D
                              3.8904         6.2890 r      -2.3986  (VIOLATED)
   u_NV_NVDLA_cmac/u_core/u_mac_3/u_exp/exp_sft_14_reg_3_/D
                              3.8906         6.2891 r      -2.3985  (VIOLATED)
   u_NV_NVDLA_cmac/u_core/u_mac_4/u_exp/exp_sft_26_reg_0_/D
                              3.8906         6.2891 r      -2.3985  (VIOLATED)
   u_NV_NVDLA_cmac/u_core/u_mac_4/u_exp/exp_sft_19_reg_0_/D
                              3.8905         6.2890 r      -2.3985  (VIOLATED)
   u_NV_NVDLA_cmac/u_core/u_mac_6/u_exp/exp_sft_19_reg_1_/D
                              3.8808         6.2793 r      -2.3985  (VIOLATED)
   u_NV_NVDLA_cmac/u_core/u_mac_6/u_exp/exp_sft_35_reg_1_/D
                              3.8889         6.2874 r      -2.3985  (VIOLATED)
   u_NV_NVDLA_cmac/u_core/u_mac_4/u_exp/exp_sft_01_reg_0_/D
                              3.8905         6.2889 r      -2.3984  (VIOLATED)
   u_NV_NVDLA_cmac/u_core/u_mac_4/u_exp/exp_sft_22_reg_0_/D
                              3.8905         6.2889 r      -2.3984  (VIOLATED)
   u_NV_NVDLA_cmac/u_core/u_mac_3/u_exp/exp_sft_53_reg_3_/D
                              3.8804         6.2788 r      -2.3984  (VIOLATED)
   u_NV_NVDLA_cmac/u_core/u_mac_3/u_exp/exp_sft_48_reg_3_/D
                              3.8887         6.2870 f      -2.3984  (VIOLATED)
   u_NV_NVDLA_cmac/u_core/u_mac_5/u_exp/exp_sft_61_reg_2_/D
                              3.8833         6.2816 r      -2.3983  (VIOLATED)
   u_NV_NVDLA_cmac/u_core/u_mac_2/u_exp/exp_sft_04_reg_0_/D
                              3.8827         6.2810 r      -2.3983  (VIOLATED)
   u_NV_NVDLA_cmac/u_core/u_mac_5/u_exp/exp_sft_53_reg_3_/D
                              3.8887         6.2870 r      -2.3982  (VIOLATED)
   u_NV_NVDLA_cmac/u_core/u_mac_4/u_exp/exp_sft_35_reg_0_/D
                              3.8906         6.2888 r      -2.3982  (VIOLATED)
   u_NV_NVDLA_cmac/u_core/u_mac_4/u_exp/exp_sft_45_reg_0_/D
                              3.8904         6.2886 r      -2.3982  (VIOLATED)
   u_NV_NVDLA_cmac/u_core/u_mac_2/u_exp/exp_sft_60_reg_0_/D
                              3.8824         6.2806 r      -2.3982  (VIOLATED)
   u_NV_NVDLA_cmac/u_core/u_mac_2/u_exp/exp_sft_56_reg_1_/D
                              3.8883         6.2865 r      -2.3982  (VIOLATED)
   u_NV_NVDLA_cmac/u_core/u_mac_3/u_exp/exp_sft_27_reg_3_/D
                              3.8906         6.2887 r      -2.3982  (VIOLATED)
   u_NV_NVDLA_cmac/u_core/u_mac_2/u_exp/exp_sft_03_reg_0_/D
                              3.8826         6.2808 r      -2.3982  (VIOLATED)
   u_NV_NVDLA_cmac/u_core/u_mac_5/u_exp/exp_sft_35_reg_3_/D
                              3.8862         6.2843 r      -2.3981  (VIOLATED)
   u_NV_NVDLA_cmac/u_core/u_mac_2/u_exp/exp_sft_00_reg_0_/D
                              3.8828         6.2808 r      -2.3980  (VIOLATED)
   u_NV_NVDLA_cmac/u_core/u_mac_4/u_exp/exp_sft_33_reg_0_/D
                              3.8906         6.2886 r      -2.3980  (VIOLATED)
   u_NV_NVDLA_cmac/u_core/u_mac_4/u_exp/exp_sft_43_reg_0_/D
                              3.8904         6.2884 r      -2.3980  (VIOLATED)
   u_NV_NVDLA_cmac/u_core/u_mac_1/u_exp/exp_sft_59_reg_3_/D
                              3.8999         6.2979 f      -2.3979  (VIOLATED)
   u_NV_NVDLA_cmac/u_core/u_mac_2/u_exp/exp_sft_59_reg_1_/D
                              3.8887         6.2866 r      -2.3979  (VIOLATED)
   u_NV_NVDLA_cmac/u_core/u_mac_5/u_exp/exp_sft_54_reg_3_/D
                              3.8887         6.2866 r      -2.3979  (VIOLATED)
   u_NV_NVDLA_cmac/u_core/u_mac_7/u_exp/exp_sft_33_reg_2_/D
                              3.8887         6.2866 r      -2.3979  (VIOLATED)
   u_NV_NVDLA_cmac/u_core/u_mac_4/u_exp/exp_sft_10_reg_0_/D
                              3.8904         6.2882 r      -2.3978  (VIOLATED)
   u_NV_NVDLA_cmac/u_core/u_mac_6/u_exp/exp_sft_60_reg_1_/D
                              3.8888         6.2866 r      -2.3978  (VIOLATED)
   u_NV_NVDLA_cmac/u_core/u_mac_2/u_exp/exp_sft_17_reg_3_/D
                              3.8905         6.2882 r      -2.3977  (VIOLATED)
   u_NV_NVDLA_cmac/u_core/u_mac_5/u_exp/exp_sft_33_reg_3_/D
                              3.8906         6.2883 r      -2.3977  (VIOLATED)
   u_NV_NVDLA_cmac/u_core/u_mac_0/u_exp/exp_sft_06_reg_3_/D
                              3.8881         6.2857 r      -2.3976  (VIOLATED)
   u_NV_NVDLA_cmac/u_core/u_mac_4/u_exp/exp_sft_21_reg_0_/D
                              3.8907         6.2883 r      -2.3976  (VIOLATED)
   u_NV_NVDLA_cmac/u_core/u_mac_4/u_exp/exp_sft_34_reg_0_/D
                              3.8906         6.2882 r      -2.3976  (VIOLATED)
   u_NV_NVDLA_cmac/u_core/u_mac_4/u_exp/exp_sft_61_reg_0_/D
                              3.8904         6.2880 r      -2.3976  (VIOLATED)
   u_NV_NVDLA_cmac/u_core/u_mac_2/u_exp/exp_sft_06_reg_0_/D
                              3.8826         6.2801 r      -2.3974  (VIOLATED)
   u_NV_NVDLA_cmac/u_core/u_mac_4/u_exp/exp_sft_31_reg_0_/D
                              3.8903         6.2877 r      -2.3973  (VIOLATED)
   u_NV_NVDLA_cmac/u_core/u_mac_0/u_exp/exp_sft_41_reg_1_/D
                              3.8875         6.2849 r      -2.3973  (VIOLATED)
   u_NV_NVDLA_cmac/u_core/u_mac_2/u_exp/exp_sft_00_reg_3_/D
                              3.8812         6.2785 r      -2.3973  (VIOLATED)
   u_NV_NVDLA_cmac/u_core/u_mac_4/u_exp/exp_sft_62_reg_0_/D
                              3.8905         6.2877 r      -2.3973  (VIOLATED)
   u_NV_NVDLA_cmac/u_core/u_mac_5/u_exp/exp_sft_26_reg_3_/D
                              3.8904         6.2877 r      -2.3972  (VIOLATED)
   u_NV_NVDLA_cmac/u_core/u_mac_4/u_exp/exp_sft_29_reg_0_/D
                              3.8904         6.2876 r      -2.3972  (VIOLATED)
   u_NV_NVDLA_cmac/u_core/u_mac_4/u_exp/exp_sft_42_reg_0_/D
                              3.8906         6.2877 r      -2.3971  (VIOLATED)
   u_NV_NVDLA_cmac/u_core/u_mac_5/u_exp/exp_sft_31_reg_2_/D
                              3.8895         6.2866 r      -2.3971  (VIOLATED)
   u_NV_NVDLA_cmac/u_core/u_mac_4/u_exp/exp_sft_18_reg_0_/D
                              3.8905         6.2876 r      -2.3971  (VIOLATED)
   u_NV_NVDLA_cmac/u_core/u_mac_2/u_exp/exp_sft_05_reg_0_/D
                              3.8826         6.2797 r      -2.3970  (VIOLATED)
   u_NV_NVDLA_cmac/u_core/u_mac_3/u_exp/exp_sft_00_reg_2_/D
                              3.9011         6.2982 f      -2.3970  (VIOLATED)
   u_NV_NVDLA_cmac/u_core/u_mac_0/u_exp/exp_sft_20_reg_1_/D
                              3.8888         6.2858 r      -2.3970  (VIOLATED)
   u_NV_NVDLA_cmac/u_core/u_mac_4/u_exp/exp_sft_32_reg_0_/D
                              3.8905         6.2874 r      -2.3970  (VIOLATED)
   u_NV_NVDLA_cmac/u_core/u_mac_4/u_exp/exp_sft_09_reg_0_/D
                              3.8905         6.2874 r      -2.3970  (VIOLATED)
   u_NV_NVDLA_cmac/u_core/u_mac_2/u_exp/exp_sft_61_reg_1_/D
                              3.8887         6.2856 r      -2.3969  (VIOLATED)
   u_NV_NVDLA_cmac/u_core/u_mac_4/u_exp/exp_sft_30_reg_0_/D
                              3.8906         6.2875 r      -2.3969  (VIOLATED)
   u_NV_NVDLA_cmac/u_core/u_mac_4/u_exp/exp_sft_11_reg_0_/D
                              3.8905         6.2874 r      -2.3969  (VIOLATED)
   u_NV_NVDLA_cmac/u_core/u_mac_0/u_exp/exp_sft_54_reg_3_/D
                              3.8903         6.2872 r      -2.3969  (VIOLATED)
   u_NV_NVDLA_cmac/u_core/u_mac_4/u_exp/exp_sft_15_reg_0_/D
                              3.8905         6.2873 r      -2.3969  (VIOLATED)
   u_NV_NVDLA_cmac/u_core/u_mac_5/u_exp/exp_sft_16_reg_3_/D
                              3.8828         6.2796 r      -2.3967  (VIOLATED)
   u_NV_NVDLA_cmac/u_core/u_mac_0/u_exp/exp_sft_06_reg_1_/D
                              3.8881         6.2848 r      -2.3967  (VIOLATED)
   u_NV_NVDLA_cmac/u_core/u_mac_6/u_exp/exp_sft_04_reg_0_/D
                              3.8840         6.2806 f      -2.3966  (VIOLATED)
   u_NV_NVDLA_cmac/u_core/u_mac_4/u_exp/exp_sft_60_reg_0_/D
                              3.8905         6.2872 r      -2.3966  (VIOLATED)
   u_NV_NVDLA_cmac/u_core/u_mac_5/u_exp/exp_sft_34_reg_3_/D
                              3.8906         6.2872 r      -2.3966  (VIOLATED)
   u_NV_NVDLA_cmac/u_core/u_mac_4/u_exp/exp_sft_54_reg_0_/D
                              3.8904         6.2870 r      -2.3966  (VIOLATED)
   u_NV_NVDLA_cmac/u_core/u_mac_5/u_exp/exp_sft_41_reg_3_/D
                              3.8861         6.2826 r      -2.3965  (VIOLATED)
   u_NV_NVDLA_cmac/u_core/u_mac_3/u_exp/exp_sft_52_reg_3_/D
                              3.8803         6.2768 r      -2.3965  (VIOLATED)
   u_NV_NVDLA_cmac/u_core/u_mac_4/u_exp/exp_sft_17_reg_0_/D
                              3.8906         6.2871 r      -2.3965  (VIOLATED)
   u_NV_NVDLA_cmac/u_core/u_mac_0/u_exp/exp_sft_17_reg_1_/D
                              3.8886         6.2850 r      -2.3964  (VIOLATED)
   u_NV_NVDLA_cmac/u_core/u_mac_4/u_exp/exp_sft_39_reg_0_/D
                              3.8905         6.2869 r      -2.3964  (VIOLATED)
   u_NV_NVDLA_cmac/u_core/u_mac_0/u_exp/exp_sft_04_reg_1_/D
                              3.8880         6.2844 r      -2.3964  (VIOLATED)
   u_NV_NVDLA_cmac/u_core/u_mac_1/u_exp/exp_sft_21_reg_3_/D
                              3.8889         6.2853 r      -2.3964  (VIOLATED)
   u_NV_NVDLA_cmac/u_core/u_mac_0/u_exp/exp_sft_26_reg_1_/D
                              3.8888         6.2852 r      -2.3964  (VIOLATED)
   u_NV_NVDLA_cmac/u_core/u_mac_4/u_exp/exp_sft_53_reg_0_/D
                              3.8904         6.2868 r      -2.3963  (VIOLATED)
   u_NV_NVDLA_cmac/u_core/u_mac_4/u_exp/exp_sft_41_reg_0_/D
                              3.8907         6.2870 r      -2.3963  (VIOLATED)
   u_NV_NVDLA_cmac/u_core/u_mac_4/u_exp/exp_sft_56_reg_0_/D
                              3.8906         6.2868 r      -2.3963  (VIOLATED)
   u_NV_NVDLA_cmac/u_core/u_mac_4/u_exp/exp_sft_59_reg_0_/D
                              3.8906         6.2868 r      -2.3963  (VIOLATED)
   u_NV_NVDLA_cmac/u_core/u_mac_4/u_exp/exp_sft_16_reg_0_/D
                              3.8906         6.2869 r      -2.3962  (VIOLATED)
   u_NV_NVDLA_cmac/u_core/u_mac_6/u_exp/exp_sft_03_reg_1_/D
                              3.8890         6.2852 r      -2.3962  (VIOLATED)
   u_NV_NVDLA_cmac/u_core/u_mac_1/u_exp/exp_sft_62_reg_2_/D
                              3.8889         6.2850 r      -2.3962  (VIOLATED)
   u_NV_NVDLA_cmac/u_core/u_mac_4/u_exp/exp_sft_06_reg_0_/D
                              3.8905         6.2866 r      -2.3962  (VIOLATED)
   u_NV_NVDLA_cmac/u_core/u_mac_4/u_exp/exp_sft_08_reg_0_/D
                              3.8906         6.2867 r      -2.3961  (VIOLATED)
   u_NV_NVDLA_cmac/u_core/u_mac_4/u_exp/exp_sft_36_reg_0_/D
                              3.8905         6.2866 r      -2.3961  (VIOLATED)
   u_NV_NVDLA_cmac/u_core/u_mac_4/u_exp/exp_sft_04_reg_0_/D
                              3.8906         6.2867 r      -2.3961  (VIOLATED)
   u_NV_NVDLA_cmac/u_core/u_mac_4/u_exp/exp_sft_38_reg_0_/D
                              3.8906         6.2866 r      -2.3961  (VIOLATED)
   u_NV_NVDLA_cmac/u_core/u_mac_4/u_exp/exp_sft_46_reg_0_/D
                              3.8906         6.2867 r      -2.3960  (VIOLATED)
   u_NV_NVDLA_cmac/u_core/u_mac_5/u_exp/exp_sft_53_reg_2_/D
                              3.8890         6.2850 r      -2.3960  (VIOLATED)
   u_NV_NVDLA_cmac/u_core/u_mac_4/u_exp/exp_sft_63_reg_0_/D
                              3.8906         6.2866 r      -2.3960  (VIOLATED)
   u_NV_NVDLA_cmac/u_core/u_mac_4/u_exp/exp_sft_07_reg_0_/D
                              3.8905         6.2865 r      -2.3960  (VIOLATED)
   u_NV_NVDLA_cmac/u_core/u_mac_4/u_exp/exp_sft_37_reg_0_/D
                              3.8907         6.2866 r      -2.3960  (VIOLATED)
   u_NV_NVDLA_cmac/u_core/u_mac_4/u_exp/exp_sft_47_reg_0_/D
                              3.8904         6.2864 r      -2.3959  (VIOLATED)
   u_NV_NVDLA_cmac/u_core/u_mac_5/u_exp/exp_sft_44_reg_2_/D
                              3.8905         6.2864 r      -2.3959  (VIOLATED)
   u_NV_NVDLA_cmac/u_core/u_mac_5/u_exp/exp_sft_26_reg_2_/D
                              3.8900         6.2857 r      -2.3958  (VIOLATED)
   u_NV_NVDLA_cmac/u_core/u_mac_0/u_exp/exp_sft_16_reg_2_/D
                              3.8874         6.2831 r      -2.3957  (VIOLATED)
   u_NV_NVDLA_cmac/u_core/u_mac_0/u_exp/exp_sft_30_reg_1_/D
                              3.8889         6.2845 r      -2.3957  (VIOLATED)
   u_NV_NVDLA_cmac/u_core/u_mac_4/u_exp/exp_sft_48_reg_0_/D
                              3.8905         6.2861 r      -2.3956  (VIOLATED)
   u_NV_NVDLA_cmac/u_core/u_mac_5/u_exp/exp_sft_29_reg_2_/D
                              3.8905         6.2861 r      -2.3956  (VIOLATED)
   u_NV_NVDLA_cmac/u_core/u_mac_4/u_exp/exp_sft_28_reg_0_/D
                              3.8906         6.2862 r      -2.3956  (VIOLATED)
   u_NV_NVDLA_cmac/u_core/u_mac_4/u_exp/exp_sft_57_reg_0_/D
                              3.8905         6.2861 r      -2.3955  (VIOLATED)
   u_NV_NVDLA_cmac/u_core/u_mac_4/u_exp/exp_sft_05_reg_0_/D
                              3.8906         6.2861 r      -2.3955  (VIOLATED)
   u_NV_NVDLA_cmac/u_core/u_mac_4/u_exp/exp_sft_52_reg_0_/D
                              3.8906         6.2861 r      -2.3955  (VIOLATED)
   u_NV_NVDLA_cmac/u_core/u_mac_0/u_exp/exp_sft_25_reg_1_/D
                              3.8888         6.2842 r      -2.3954  (VIOLATED)
   u_NV_NVDLA_cmac/u_core/u_mac_0/u_exp/exp_sft_27_reg_1_/D
                              3.8888         6.2843 r      -2.3954  (VIOLATED)
   u_NV_NVDLA_cmac/u_core/u_mac_1/u_exp/exp_sft_05_reg_3_/D
                              3.8891         6.2845 r      -2.3954  (VIOLATED)
   u_NV_NVDLA_cmac/u_core/u_mac_2/u_exp/exp_sft_46_reg_0_/D
                              3.8823         6.2776 r      -2.3953  (VIOLATED)
   u_NV_NVDLA_cmac/u_core/u_mac_4/u_exp/exp_sft_00_reg_0_/D
                              3.8906         6.2858 r      -2.3951  (VIOLATED)
   u_NV_NVDLA_cmac/u_core/u_mac_4/u_exp/exp_sft_51_reg_0_/D
                              3.8906         6.2857 r      -2.3951  (VIOLATED)
   u_NV_NVDLA_cmac/u_core/u_mac_4/u_exp/exp_sft_04_reg_1_/D
                              3.8885         6.2836 r      -2.3951  (VIOLATED)
   u_NV_NVDLA_cmac/u_core/u_mac_5/u_exp/exp_sft_00_reg_2_/D
                              3.8870         6.2820 r      -2.3950  (VIOLATED)
   u_NV_NVDLA_cmac/u_core/u_mac_2/u_exp/exp_sft_39_reg_0_/D
                              3.8828         6.2778 r      -2.3949  (VIOLATED)
   u_NV_NVDLA_cmac/u_core/u_mac_5/u_exp/exp_sft_28_reg_2_/D
                              3.8905         6.2854 r      -2.3949  (VIOLATED)
   u_NV_NVDLA_cmac/u_core/u_mac_0/u_exp/exp_sft_19_reg_3_/D
                              3.8889         6.2838 r      -2.3949  (VIOLATED)
   u_NV_NVDLA_cmac/u_core/u_mac_2/u_exp/exp_sft_27_reg_2_/D
                              3.8906         6.2854 r      -2.3949  (VIOLATED)
   u_NV_NVDLA_cmac/u_core/u_mac_0/u_exp/exp_sft_42_reg_1_/D
                              3.8885         6.2833 r      -2.3948  (VIOLATED)
   u_NV_NVDLA_cmac/u_core/u_mac_0/u_exp/exp_sft_07_reg_1_/D
                              3.8888         6.2836 r      -2.3948  (VIOLATED)
   u_NV_NVDLA_cmac/u_core/u_mac_0/u_exp/exp_sft_43_reg_1_/D
                              3.8887         6.2834 r      -2.3947  (VIOLATED)
   u_NV_NVDLA_cmac/u_core/u_mac_0/u_exp/exp_sft_17_reg_3_/D
                              3.8889         6.2835 r      -2.3946  (VIOLATED)
   u_NV_NVDLA_cmac/u_core/u_mac_3/u_exp/exp_sft_13_reg_3_/D
                              3.8887         6.2833 r      -2.3946  (VIOLATED)
   u_NV_NVDLA_cmac/u_core/u_mac_3/u_exp/exp_sft_49_reg_3_/D
                              3.8805         6.2751 r      -2.3946  (VIOLATED)
   u_NV_NVDLA_cmac/u_core/u_mac_3/u_exp/exp_sft_12_reg_3_/D
                              3.8885         6.2830 r      -2.3945  (VIOLATED)
   u_NV_NVDLA_cmac/u_core/u_mac_5/u_exp/exp_sft_44_reg_3_/D
                              3.8906         6.2851 r      -2.3945  (VIOLATED)
   u_NV_NVDLA_cmac/u_core/u_mac_0/u_exp/exp_sft_24_reg_3_/D
                              3.8890         6.2835 r      -2.3944  (VIOLATED)
   u_NV_NVDLA_cmac/u_core/u_mac_0/u_exp/exp_sft_22_reg_3_/D
                              3.8889         6.2833 r      -2.3944  (VIOLATED)
   u_NV_NVDLA_cmac/u_core/u_mac_0/u_exp/exp_sft_46_reg_1_/D
                              3.8812         6.2756 r      -2.3944  (VIOLATED)
   u_NV_NVDLA_cmac/u_core/u_mac_2/u_exp/exp_sft_21_reg_1_/D
                              3.8889         6.2831 r      -2.3942  (VIOLATED)
   u_NV_NVDLA_cmac/u_core/u_mac_5/u_exp/exp_sft_39_reg_3_/D
                              3.8857         6.2799 r      -2.3942  (VIOLATED)
   u_NV_NVDLA_cmac/u_core/u_mac_2/u_exp/exp_sft_31_reg_0_/D
                              3.8825         6.2766 r      -2.3941  (VIOLATED)
   u_NV_NVDLA_cmac/u_core/u_mac_5/u_exp/exp_sft_25_reg_2_/D
                              3.8906         6.2847 r      -2.3941  (VIOLATED)
   u_NV_NVDLA_cmac/u_core/u_mac_5/u_exp/exp_sft_24_reg_3_/D
                              3.8907         6.2847 r      -2.3940  (VIOLATED)
   u_NV_NVDLA_cmac/u_core/u_mac_6/u_exp/exp_sft_05_reg_0_/D
                              3.8825         6.2766 r      -2.3940  (VIOLATED)
   u_NV_NVDLA_cmac/u_core/u_mac_3/u_exp/exp_sft_45_reg_3_/D
                              3.8898         6.2838 f      -2.3939  (VIOLATED)
   u_NV_NVDLA_cmac/u_core/u_mac_0/u_exp/exp_sft_28_reg_1_/D
                              3.8888         6.2827 r      -2.3939  (VIOLATED)
   u_NV_NVDLA_cmac/u_core/u_mac_0/u_exp/exp_sft_29_reg_3_/D
                              3.8890         6.2828 r      -2.3938  (VIOLATED)
   u_NV_NVDLA_cmac/u_core/u_mac_1/u_exp/exp_sft_01_reg_2_/D
                              3.8907         6.2845 r      -2.3938  (VIOLATED)
   u_NV_NVDLA_cmac/u_core/u_mac_0/u_exp/exp_sft_24_reg_1_/D
                              3.8888         6.2825 r      -2.3937  (VIOLATED)
   u_NV_NVDLA_cmac/u_core/u_mac_2/u_exp/exp_sft_28_reg_0_/D
                              3.8825         6.2761 r      -2.3936  (VIOLATED)
   u_NV_NVDLA_cmac/u_core/u_mac_2/u_exp/exp_sft_18_reg_3_/D
                              3.8913         6.2849 r      -2.3936  (VIOLATED)
   u_NV_NVDLA_cmac/u_core/u_mac_0/u_exp/exp_sft_18_reg_1_/D
                              3.8887         6.2823 r      -2.3936  (VIOLATED)
   u_NV_NVDLA_cmac/u_core/u_mac_0/u_exp/exp_sft_29_reg_1_/D
                              3.8889         6.2824 r      -2.3935  (VIOLATED)
   u_NV_NVDLA_cmac/u_core/u_mac_2/u_exp/exp_sft_55_reg_0_/D
                              3.8827         6.2761 r      -2.3935  (VIOLATED)
   u_NV_NVDLA_cmac/u_core/u_mac_3/u_exp/exp_sft_18_reg_1_/D
                              3.8887         6.2821 r      -2.3934  (VIOLATED)
   u_NV_NVDLA_cmac/u_core/u_mac_6/u_exp/exp_sft_17_reg_1_/D
                              3.8887         6.2822 r      -2.3934  (VIOLATED)
   u_NV_NVDLA_cmac/u_core/u_mac_2/u_exp/exp_sft_54_reg_0_/D
                              3.8824         6.2758 r      -2.3934  (VIOLATED)
   u_NV_NVDLA_cmac/u_core/u_mac_2/u_exp/exp_sft_45_reg_0_/D
                              3.8825         6.2759 r      -2.3934  (VIOLATED)
   u_NV_NVDLA_cmac/u_core/u_mac_2/u_exp/exp_sft_63_reg_0_/D
                              3.8827         6.2760 r      -2.3933  (VIOLATED)
   u_NV_NVDLA_cmac/u_core/u_mac_2/u_exp/exp_sft_38_reg_0_/D
                              3.8826         6.2760 r      -2.3933  (VIOLATED)
   u_NV_NVDLA_cmac/u_core/u_mac_1/u_exp/exp_sft_25_reg_2_/D
                              3.8902         6.2832 r      -2.3930  (VIOLATED)
   u_NV_NVDLA_cmac/u_core/u_mac_0/u_exp/exp_sft_40_reg_1_/D
                              3.8886         6.2816 r      -2.3930  (VIOLATED)
   u_NV_NVDLA_cmac/u_core/u_mac_2/u_exp/exp_sft_59_reg_0_/D
                              3.8902         6.2830 r      -2.3928  (VIOLATED)
   u_NV_NVDLA_cmac/u_core/u_mac_2/u_exp/exp_sft_19_reg_2_/D
                              3.8902         6.2830 r      -2.3927  (VIOLATED)
   u_NV_NVDLA_cmac/u_core/u_mac_0/u_exp/exp_sft_57_reg_3_/D
                              3.8969         6.2896 f      -2.3927  (VIOLATED)
   u_NV_NVDLA_cmac/u_core/u_mac_0/u_exp/exp_sft_30_reg_3_/D
                              3.8886         6.2813 r      -2.3927  (VIOLATED)
   u_NV_NVDLA_cmac/u_core/u_mac_6/u_exp/exp_sft_06_reg_0_/D
                              3.8827         6.2753 r      -2.3926  (VIOLATED)
   u_NV_NVDLA_cmac/u_core/u_mac_0/u_exp/exp_sft_23_reg_3_/D
                              3.8888         6.2814 r      -2.3926  (VIOLATED)
   u_NV_NVDLA_cmac/u_core/u_mac_3/u_exp/exp_sft_20_reg_1_/D
                              3.8885         6.2811 r      -2.3925  (VIOLATED)
   u_NV_NVDLA_cmac/u_core/u_mac_6/u_exp/exp_sft_11_reg_0_/D
                              3.8828         6.2752 r      -2.3924  (VIOLATED)
   u_NV_NVDLA_cmac/u_core/u_mac_3/u_exp/exp_sft_22_reg_1_/D
                              3.8889         6.2813 r      -2.3924  (VIOLATED)
   u_NV_NVDLA_cmac/u_core/u_mac_3/u_exp/exp_sft_17_reg_1_/D
                              3.8889         6.2814 r      -2.3924  (VIOLATED)
   u_NV_NVDLA_cmac/u_core/u_mac_3/u_exp/exp_sft_21_reg_1_/D
                              3.8888         6.2812 r      -2.3924  (VIOLATED)
   u_NV_NVDLA_cmac/u_core/u_mac_1/u_exp/exp_sft_55_reg_3_/D
                              3.8811         6.2735 r      -2.3924  (VIOLATED)
   u_NV_NVDLA_cmac/u_core/u_mac_6/u_exp/exp_sft_43_reg_1_/D
                              3.8889         6.2813 r      -2.3923  (VIOLATED)
   u_NV_NVDLA_cmac/u_core/u_mac_6/u_exp/exp_sft_16_reg_1_/D
                              3.8888         6.2810 r      -2.3923  (VIOLATED)
   u_NV_NVDLA_cmac/u_core/u_mac_4/u_exp/exp_sft_54_reg_2_/D
                              3.8889         6.2811 r      -2.3922  (VIOLATED)
   u_NV_NVDLA_cmac/u_core/u_mac_5/u_exp/exp_sft_27_reg_3_/D
                              3.8907         6.2829 r      -2.3922  (VIOLATED)
   u_NV_NVDLA_cmac/u_core/u_mac_5/u_exp/exp_sft_27_reg_2_/D
                              3.8903         6.2824 r      -2.3922  (VIOLATED)
   u_NV_NVDLA_cmac/u_core/u_mac_5/u_exp/exp_sft_04_reg_3_/D
                              3.8813         6.2735 r      -2.3922  (VIOLATED)
   u_NV_NVDLA_cmac/u_core/u_mac_2/u_exp/exp_sft_26_reg_0_/D
                              3.8905         6.2826 r      -2.3921  (VIOLATED)
   u_NV_NVDLA_cmac/u_core/u_mac_6/u_exp/exp_sft_54_reg_1_/D
                              3.8888         6.2810 r      -2.3921  (VIOLATED)
   u_NV_NVDLA_cmac/u_core/u_mac_6/u_exp/exp_sft_61_reg_0_/D
                              3.8826         6.2747 r      -2.3921  (VIOLATED)
   u_NV_NVDLA_cmac/u_core/u_mac_1/u_exp/exp_sft_27_reg_3_/D
                              3.8827         6.2748 r      -2.3921  (VIOLATED)
   u_NV_NVDLA_cmac/u_core/u_mac_3/u_exp/exp_sft_19_reg_1_/D
                              3.8887         6.2808 r      -2.3920  (VIOLATED)
   u_NV_NVDLA_cmac/u_core/u_mac_7/u_exp/exp_max_l1_0_d1_reg_1_/D
                              3.8719         6.2639 r      -2.3920  (VIOLATED)
   u_NV_NVDLA_cmac/u_core/u_mac_1/u_exp/exp_sft_00_reg_2_/D
                              3.8907         6.2827 r      -2.3920  (VIOLATED)
   u_NV_NVDLA_cmac/u_core/u_mac_5/u_exp/exp_sft_46_reg_2_/D
                              3.8905         6.2824 r      -2.3919  (VIOLATED)
   u_NV_NVDLA_cmac/u_core/u_mac_3/u_exp/exp_sft_02_reg_1_/D
                              3.8812         6.2730 r      -2.3918  (VIOLATED)
   u_NV_NVDLA_cmac/u_core/u_mac_2/u_exp/exp_sft_48_reg_0_/D
                              3.8826         6.2744 r      -2.3918  (VIOLATED)
   u_NV_NVDLA_cmac/u_core/u_mac_0/u_exp/exp_sft_19_reg_1_/D
                              3.8888         6.2806 r      -2.3918  (VIOLATED)
   u_NV_NVDLA_cmac/u_core/u_mac_3/u_exp/exp_sft_63_reg_3_/D
                              3.9003         6.2920 f      -2.3917  (VIOLATED)
   u_NV_NVDLA_cmac/u_core/u_mac_3/u_exp/exp_sft_16_reg_1_/D
                              3.8888         6.2805 r      -2.3917  (VIOLATED)
   u_NV_NVDLA_cmac/u_core/u_mac_2/u_exp/exp_sft_01_reg_0_/D
                              3.8906         6.2821 r      -2.3915  (VIOLATED)
   u_NV_NVDLA_cmac/u_core/u_mac_1/u_exp/exp_sft_24_reg_2_/D
                              3.8902         6.2818 r      -2.3915  (VIOLATED)
   u_NV_NVDLA_cmac/u_core/u_mac_3/u_exp/exp_sft_52_reg_1_/D
                              3.8888         6.2803 r      -2.3914  (VIOLATED)
   u_NV_NVDLA_cmac/u_core/u_mac_2/u_exp/exp_sft_13_reg_0_/D
                              3.8904         6.2818 r      -2.3914  (VIOLATED)
   u_NV_NVDLA_cmac/u_core/u_mac_2/u_exp/exp_sft_22_reg_0_/D
                              3.8904         6.2815 r      -2.3912  (VIOLATED)
   u_NV_NVDLA_cmac/u_core/u_mac_5/u_exp/exp_sft_42_reg_3_/D
                              3.8855         6.2766 r      -2.3911  (VIOLATED)
   u_NV_NVDLA_cmac/u_core/u_mac_2/u_exp/exp_sft_58_reg_0_/D
                              3.8905         6.2816 r      -2.3911  (VIOLATED)
   u_NV_NVDLA_cmac/u_core/u_mac_0/u_exp/exp_sft_31_reg_3_/D
                              3.8887         6.2798 r      -2.3910  (VIOLATED)
   u_NV_NVDLA_cmac/u_core/u_mac_3/u_exp/exp_sft_23_reg_1_/D
                              3.8888         6.2798 r      -2.3909  (VIOLATED)
   u_NV_NVDLA_cmac/u_core/u_mac_2/u_exp/exp_sft_09_reg_0_/D
                              3.8905         6.2814 r      -2.3909  (VIOLATED)
   u_NV_NVDLA_cmac/u_core/u_mac_0/u_exp/exp_sft_33_reg_2_/D
                              3.8903         6.2812 r      -2.3909  (VIOLATED)
   u_NV_NVDLA_cmac/u_core/u_mac_6/u_exp/exp_sft_63_reg_2_/D
                              3.8888         6.2797 r      -2.3909  (VIOLATED)
   u_NV_NVDLA_cmac/u_core/u_mac_1/u_exp/exp_sft_20_reg_3_/D
                              3.8889         6.2799 r      -2.3909  (VIOLATED)
   u_NV_NVDLA_cmac/u_core/u_mac_2/u_exp/exp_sft_27_reg_0_/D
                              3.8905         6.2814 r      -2.3909  (VIOLATED)
   u_NV_NVDLA_cmac/u_core/u_mac_0/u_exp/exp_sft_35_reg_3_/D
                              3.8889         6.2798 r      -2.3909  (VIOLATED)
   u_NV_NVDLA_cmac/u_core/u_mac_7/u_exp/exp_sft_60_reg_1_/D
                              3.8906         6.2814 r      -2.3908  (VIOLATED)
   u_NV_NVDLA_cmac/u_core/u_mac_2/u_exp/exp_sft_11_reg_0_/D
                              3.8905         6.2813 r      -2.3908  (VIOLATED)
   u_NV_NVDLA_cmac/u_core/u_mac_2/u_exp/exp_sft_15_reg_0_/D
                              3.8905         6.2812 r      -2.3907  (VIOLATED)
   u_NV_NVDLA_cmac/u_core/u_mac_2/u_exp/exp_sft_14_reg_0_/D
                              3.8905         6.2812 r      -2.3907  (VIOLATED)
   u_NV_NVDLA_cmac/u_core/u_mac_2/u_exp/exp_sft_56_reg_0_/D
                              3.8904         6.2808 r      -2.3905  (VIOLATED)
   u_NV_NVDLA_cmac/u_core/u_mac_5/u_exp/exp_sft_48_reg_3_/D
                              3.8857         6.2761 r      -2.3904  (VIOLATED)
   u_NV_NVDLA_cmac/u_core/u_mac_1/u_exp/exp_sft_18_reg_2_/D
                              3.8905         6.2808 r      -2.3903  (VIOLATED)
   u_NV_NVDLA_cmac/u_core/u_mac_6/u_exp/exp_sft_34_reg_1_/D
                              3.8890         6.2793 r      -2.3903  (VIOLATED)
   u_NV_NVDLA_cmac/u_core/u_mac_2/u_exp/exp_sft_07_reg_0_/D
                              3.8904         6.2807 r      -2.3903  (VIOLATED)
   u_NV_NVDLA_cmac/u_core/u_mac_2/u_exp/exp_sft_23_reg_0_/D
                              3.8904         6.2806 r      -2.3902  (VIOLATED)
   u_NV_NVDLA_cmac/u_core/u_mac_2/u_exp/exp_sft_20_reg_0_/D
                              3.8905         6.2807 r      -2.3902  (VIOLATED)
   u_NV_NVDLA_cmac/u_core/u_mac_1/u_exp/exp_sft_59_reg_2_/D
                              3.8894         6.2795 r      -2.3902  (VIOLATED)
   u_NV_NVDLA_cmac/u_core/u_mac_2/u_exp/exp_sft_12_reg_0_/D
                              3.8906         6.2807 r      -2.3902  (VIOLATED)
   u_NV_NVDLA_cmac/u_core/u_mac_6/u_exp/exp_sft_06_reg_1_/D
                              3.8812         6.2713 r      -2.3901  (VIOLATED)
   u_NV_NVDLA_cmac/u_core/u_mac_2/u_exp/exp_sft_29_reg_0_/D
                              3.8900         6.2799 r      -2.3899  (VIOLATED)
   u_NV_NVDLA_cmac/u_core/u_mac_1/u_exp/exp_sft_49_reg_3_/D
                              3.8828         6.2726 r      -2.3898  (VIOLATED)
   u_NV_NVDLA_cmac/u_core/u_mac_3/u_exp/exp_sft_24_reg_0_/D
                              3.8827         6.2724 r      -2.3898  (VIOLATED)
   u_NV_NVDLA_cmac/u_core/u_mac_2/u_exp/exp_sft_21_reg_0_/D
                              3.8906         6.2804 r      -2.3898  (VIOLATED)
   u_NV_NVDLA_cmac/u_core/u_mac_2/u_exp/exp_sft_17_reg_0_/D
                              3.8903         6.2799 r      -2.3897  (VIOLATED)
   u_NV_NVDLA_cmac/u_core/u_mac_1/u_exp/exp_sft_21_reg_2_/D
                              3.8903         6.2799 r      -2.3896  (VIOLATED)
   u_NV_NVDLA_cmac/u_core/u_mac_6/u_exp/exp_sft_27_reg_1_/D
                              3.8887         6.2783 r      -2.3896  (VIOLATED)
   u_NV_NVDLA_cmac/u_core/u_mac_5/u_exp/exp_sft_33_reg_2_/D
                              3.8901         6.2797 r      -2.3896  (VIOLATED)
   u_NV_NVDLA_cmac/u_core/u_mac_3/u_exp/exp_sft_53_reg_1_/D
                              3.8886         6.2781 r      -2.3895  (VIOLATED)
   u_NV_NVDLA_cmac/u_core/u_mac_1/u_exp/exp_sft_02_reg_2_/D
                              3.8903         6.2798 r      -2.3895  (VIOLATED)
   u_NV_NVDLA_cmac/u_core/u_mac_3/u_exp/exp_sft_40_reg_0_/D
                              3.8823         6.2718 r      -2.3894  (VIOLATED)
   u_NV_NVDLA_cmac/u_core/u_mac_2/u_exp/exp_sft_61_reg_0_/D
                              3.8905         6.2799 r      -2.3894  (VIOLATED)
   u_NV_NVDLA_cmac/u_core/u_mac_6/u_exp/exp_sft_55_reg_1_/D
                              3.8813         6.2707 r      -2.3894  (VIOLATED)
   u_NV_NVDLA_cmac/u_core/u_mac_2/u_exp/exp_sft_33_reg_0_/D
                              3.8906         6.2799 r      -2.3893  (VIOLATED)
   u_NV_NVDLA_cmac/u_core/u_mac_0/u_exp/exp_sft_37_reg_3_/D
                              3.8889         6.2783 r      -2.3893  (VIOLATED)
   u_NV_NVDLA_cmac/u_core/u_mac_1/u_exp/exp_sft_50_reg_3_/D
                              3.8828         6.2721 r      -2.3893  (VIOLATED)
   u_NV_NVDLA_cmac/u_core/u_mac_2/u_exp/exp_sft_24_reg_3_/D
                              3.8905         6.2797 r      -2.3893  (VIOLATED)
   u_NV_NVDLA_cmac/u_core/u_mac_2/u_exp/exp_sft_10_reg_0_/D
                              3.8905         6.2797 r      -2.3892  (VIOLATED)
   u_NV_NVDLA_cmac/u_core/u_mac_2/u_exp/exp_sft_19_reg_0_/D
                              3.8906         6.2798 r      -2.3892  (VIOLATED)
   u_NV_NVDLA_cmac/u_core/u_mac_2/u_exp/exp_sft_18_reg_0_/D
                              3.8905         6.2796 r      -2.3891  (VIOLATED)
   u_NV_NVDLA_cmac/u_core/u_mac_3/u_exp/exp_sft_43_reg_0_/D
                              3.8828         6.2717 r      -2.3890  (VIOLATED)
   u_NV_NVDLA_cmac/u_core/u_mac_2/u_exp/exp_sft_30_reg_0_/D
                              3.8903         6.2792 r      -2.3889  (VIOLATED)
   u_NV_NVDLA_cmac/u_core/u_mac_5/u_exp/exp_sft_57_reg_1_/D
                              3.8827         6.2716 r      -2.3889  (VIOLATED)
   u_NV_NVDLA_cmac/u_core/u_mac_2/u_exp/exp_sft_16_reg_0_/D
                              3.8905         6.2792 r      -2.3888  (VIOLATED)
   u_NV_NVDLA_cmac/u_core/u_mac_5/u_exp/exp_sft_58_reg_1_/D
                              3.8826         6.2713 r      -2.3887  (VIOLATED)
   u_NV_NVDLA_cmac/u_core/u_mac_2/u_exp/exp_sft_36_reg_0_/D
                              3.8905         6.2791 r      -2.3886  (VIOLATED)
   u_NV_NVDLA_cmac/u_core/u_mac_2/u_exp/exp_sft_08_reg_0_/D
                              3.8906         6.2793 r      -2.3886  (VIOLATED)
   u_NV_NVDLA_cmac/u_core/u_mac_2/u_exp/exp_sft_57_reg_0_/D
                              3.8907         6.2793 r      -2.3886  (VIOLATED)
   u_NV_NVDLA_cmac/u_core/u_mac_3/u_exp/exp_sft_46_reg_3_/D
                              3.8905         6.2791 f      -2.3886  (VIOLATED)
   u_NV_NVDLA_cmac/u_core/u_mac_1/u_exp/exp_sft_52_reg_3_/D
                              3.8826         6.2712 r      -2.3885  (VIOLATED)
   u_NV_NVDLA_cmac/u_core/u_mac_3/u_exp/exp_sft_25_reg_0_/D
                              3.8826         6.2711 r      -2.3885  (VIOLATED)
   u_NV_NVDLA_cmac/u_core/u_mac_2/u_exp/exp_sft_52_reg_1_/D
                              3.8883         6.2767 r      -2.3884  (VIOLATED)
   u_NV_NVDLA_cmac/u_core/u_mac_1/u_exp/exp_sft_38_reg_3_/D
                              3.8827         6.2711 r      -2.3884  (VIOLATED)
   u_NV_NVDLA_cmac/u_core/u_mac_5/u_exp/exp_sft_19_reg_2_/D
                              3.8802         6.2686 r      -2.3884  (VIOLATED)
   u_NV_NVDLA_cmac/u_core/u_mac_4/u_exp/exp_sft_22_reg_3_/D
                              3.8904         6.2787 f      -2.3883  (VIOLATED)
   u_NV_NVDLA_cmac/u_core/u_mac_6/u_exp/exp_sft_32_reg_1_/D
                              3.8889         6.2771 r      -2.3882  (VIOLATED)
   u_NV_NVDLA_cmac/u_core/u_mac_6/u_exp/exp_sft_08_reg_1_/D
                              3.8889         6.2771 r      -2.3882  (VIOLATED)
   u_NV_NVDLA_cmac/u_core/u_mac_6/u_exp/exp_sft_10_reg_1_/D
                              3.8889         6.2771 r      -2.3882  (VIOLATED)
   u_NV_NVDLA_cmac/u_core/u_mac_1/u_exp/exp_sft_33_reg_3_/D
                              3.8890         6.2771 r      -2.3881  (VIOLATED)
   u_NV_NVDLA_cmac/u_core/u_mac_1/u_exp/exp_sft_47_reg_2_/D
                              3.8904         6.2785 r      -2.3881  (VIOLATED)
   u_NV_NVDLA_cmac/u_core/u_mac_3/u_exp/exp_sft_27_reg_0_/D
                              3.8826         6.2705 r      -2.3880  (VIOLATED)
   u_NV_NVDLA_cmac/u_core/u_mac_6/u_exp/exp_sft_28_reg_1_/D
                              3.8889         6.2768 r      -2.3878  (VIOLATED)
   u_NV_NVDLA_cmac/u_core/u_mac_1/u_exp/exp_sft_56_reg_3_/D
                              3.9001         6.2879 f      -2.3878  (VIOLATED)
   u_NV_NVDLA_cmac/u_core/u_mac_2/u_exp/exp_sft_47_reg_0_/D
                              3.8904         6.2782 r      -2.3878  (VIOLATED)
   u_NV_NVDLA_cmac/u_core/u_mac_6/u_exp/exp_sft_02_reg_1_/D
                              3.8888         6.2766 r      -2.3878  (VIOLATED)
   u_NV_NVDLA_cmac/u_core/u_mac_6/u_exp/exp_sft_60_reg_0_/D
                              3.8904         6.2781 r      -2.3877  (VIOLATED)
   u_NV_NVDLA_cmac/u_core/u_mac_2/u_exp/exp_sft_46_reg_1_/D
                              3.8888         6.2764 r      -2.3876  (VIOLATED)
   u_NV_NVDLA_cmac/u_core/u_mac_2/u_exp/exp_sft_43_reg_0_/D
                              3.8902         6.2778 r      -2.3876  (VIOLATED)
   u_NV_NVDLA_cmac/u_core/u_mac_3/u_exp/exp_sft_41_reg_0_/D
                              3.8827         6.2702 r      -2.3875  (VIOLATED)
   u_NV_NVDLA_cmac/u_core/u_mac_6/u_exp/exp_sft_10_reg_0_/D
                              3.8906         6.2780 r      -2.3874  (VIOLATED)
   u_NV_NVDLA_cmac/u_core/u_mac_2/u_exp/exp_sft_37_reg_0_/D
                              3.8905         6.2778 r      -2.3873  (VIOLATED)
   u_NV_NVDLA_cmac/u_core/u_mac_0/u_exp/exp_sft_39_reg_1_/D
                              3.8887         6.2759 r      -2.3872  (VIOLATED)
   u_NV_NVDLA_cmac/u_core/u_mac_5/u_exp/exp_sft_56_reg_1_/D
                              3.8828         6.2700 r      -2.3872  (VIOLATED)
   u_NV_NVDLA_cmac/u_core/u_mac_2/u_exp/exp_sft_35_reg_0_/D
                              3.8903         6.2775 r      -2.3872  (VIOLATED)
   u_NV_NVDLA_cmac/u_core/u_mac_3/u_exp/exp_sft_44_reg_3_/D
                              3.8909         6.2780 f      -2.3871  (VIOLATED)
   u_NV_NVDLA_cmac/u_core/u_mac_1/u_exp/exp_sft_28_reg_3_/D
                              3.8907         6.2778 r      -2.3871  (VIOLATED)
   u_NV_NVDLA_cmac/u_core/u_mac_6/u_exp/exp_sft_26_reg_1_/D
                              3.8888         6.2759 r      -2.3871  (VIOLATED)
   u_NV_NVDLA_cmac/u_core/u_mac_2/u_exp/exp_sft_44_reg_0_/D
                              3.8906         6.2775 r      -2.3869  (VIOLATED)
   u_NV_NVDLA_cmac/u_core/u_mac_5/u_exp/exp_sft_40_reg_3_/D
                              3.8856         6.2725 r      -2.3869  (VIOLATED)
   u_NV_NVDLA_cmac/u_core/u_mac_6/u_exp/exp_sft_09_reg_0_/D
                              3.8906         6.2775 r      -2.3868  (VIOLATED)
   u_NV_NVDLA_cmac/u_core/u_mac_1/u_exp/exp_sft_53_reg_3_/D
                              3.8828         6.2694 r      -2.3866  (VIOLATED)
   u_NV_NVDLA_cmac/u_core/u_mac_3/u_exp/exp_sft_51_reg_3_/D
                              3.8888         6.2754 r      -2.3866  (VIOLATED)
   u_NV_NVDLA_cmac/u_core/u_mac_2/u_exp/exp_sft_47_reg_1_/D
                              3.8887         6.2752 r      -2.3865  (VIOLATED)
   u_NV_NVDLA_cmac/u_core/u_mac_1/u_exp/exp_sft_26_reg_3_/D
                              3.8904         6.2768 r      -2.3864  (VIOLATED)
   u_NV_NVDLA_cmac/u_core/u_mac_4/u_exp/exp_sft_61_reg_3_/D
                              3.8887         6.2751 r      -2.3864  (VIOLATED)
   u_NV_NVDLA_cmac/u_core/u_mac_2/u_exp/exp_sft_32_reg_0_/D
                              3.8904         6.2767 r      -2.3863  (VIOLATED)
   u_NV_NVDLA_cmac/u_core/u_mac_6/u_exp/exp_sft_58_reg_1_/D
                              3.8903         6.2766 r      -2.3863  (VIOLATED)
   u_NV_NVDLA_cmac/u_core/u_mac_3/u_exp/exp_sft_47_reg_0_/D
                              3.8827         6.2690 r      -2.3863  (VIOLATED)
   u_NV_NVDLA_cmac/u_core/u_mac_2/u_exp/exp_sft_23_reg_2_/D
                              3.8905         6.2768 r      -2.3863  (VIOLATED)
   u_NV_NVDLA_cmac/u_core/u_mac_6/u_exp/exp_sft_54_reg_0_/D
                              3.8906         6.2769 r      -2.3863  (VIOLATED)
   u_NV_NVDLA_cmac/u_core/u_mac_0/u_exp/exp_sft_05_reg_2_/D
                              3.8887         6.2749 r      -2.3862  (VIOLATED)
   u_NV_NVDLA_cmac/u_core/u_mac_6/u_exp/exp_sft_55_reg_0_/D
                              3.8904         6.2766 r      -2.3862  (VIOLATED)
   u_NV_NVDLA_cmac/u_core/u_mac_2/u_exp/exp_sft_41_reg_0_/D
                              3.8906         6.2767 r      -2.3861  (VIOLATED)
   u_NV_NVDLA_cmac/u_core/u_mac_3/u_exp/exp_sft_48_reg_1_/D
                              3.8888         6.2749 r      -2.3861  (VIOLATED)
   u_NV_NVDLA_cmac/u_core/u_mac_2/u_exp/exp_sft_44_reg_1_/D
                              3.8889         6.2750 r      -2.3861  (VIOLATED)
   u_NV_NVDLA_cmac/u_core/u_mac_2/u_exp/exp_sft_38_reg_1_/D
                              3.8888         6.2748 r      -2.3860  (VIOLATED)
   u_NV_NVDLA_cmac/u_core/u_mac_2/u_exp/exp_sft_43_reg_1_/D
                              3.8888         6.2747 r      -2.3859  (VIOLATED)
   u_NV_NVDLA_cmac/u_core/u_mac_2/u_exp/exp_sft_30_reg_1_/D
                              3.8888         6.2747 r      -2.3859  (VIOLATED)
   u_NV_NVDLA_cmac/u_core/u_mac_2/u_exp/exp_sft_34_reg_0_/D
                              3.8906         6.2765 r      -2.3859  (VIOLATED)
   u_NV_NVDLA_cmac/u_core/u_mac_6/u_exp/exp_sft_59_reg_1_/D
                              3.8907         6.2765 r      -2.3859  (VIOLATED)
   u_NV_NVDLA_cmac/u_core/u_mac_2/u_exp/exp_sft_62_reg_0_/D
                              3.8904         6.2763 r      -2.3858  (VIOLATED)
   u_NV_NVDLA_cmac/u_core/u_mac_2/u_exp/exp_sft_40_reg_0_/D
                              3.8905         6.2763 r      -2.3858  (VIOLATED)
   u_NV_NVDLA_cmac/u_core/u_mac_6/u_exp/exp_sft_52_reg_0_/D
                              3.8905         6.2763 r      -2.3858  (VIOLATED)
   u_NV_NVDLA_cmac/u_core/u_mac_2/u_exp/exp_sft_49_reg_0_/D
                              3.8904         6.2762 r      -2.3858  (VIOLATED)
   u_NV_NVDLA_cmac/u_core/u_mac_1/u_exp/exp_sft_37_reg_3_/D
                              3.8826         6.2684 r      -2.3857  (VIOLATED)
   u_NV_NVDLA_cmac/u_core/u_mac_6/u_exp/exp_sft_08_reg_0_/D
                              3.8905         6.2762 r      -2.3857  (VIOLATED)
   u_NV_NVDLA_cmac/u_core/u_mac_6/u_exp/exp_sft_33_reg_1_/D
                              3.8889         6.2745 r      -2.3856  (VIOLATED)
   u_NV_NVDLA_cmac/u_core/u_mac_3/u_exp/exp_sft_49_reg_1_/D
                              3.8889         6.2744 r      -2.3855  (VIOLATED)
   u_NV_NVDLA_cmac/u_core/u_mac_6/u_exp/exp_sft_53_reg_0_/D
                              3.8906         6.2761 r      -2.3855  (VIOLATED)
   u_NV_NVDLA_cmac/u_core/u_mac_2/u_exp/exp_sft_29_reg_1_/D
                              3.8886         6.2741 r      -2.3854  (VIOLATED)
   u_NV_NVDLA_cmac/u_core/u_mac_1/u_exp/exp_sft_58_reg_3_/D
                              3.8998         6.2853 f      -2.3854  (VIOLATED)
   u_NV_NVDLA_cmac/u_core/u_mac_5/u_exp/exp_sft_61_reg_1_/D
                              3.8826         6.2681 r      -2.3854  (VIOLATED)
   u_NV_NVDLA_cmac/u_core/u_mac_2/u_exp/exp_sft_25_reg_2_/D
                              3.8906         6.2759 r      -2.3854  (VIOLATED)
   u_NV_NVDLA_cmac/u_core/u_mac_6/u_exp/exp_sft_31_reg_1_/D
                              3.8890         6.2743 r      -2.3853  (VIOLATED)
   u_NV_NVDLA_cmac/u_core/u_mac_2/u_exp/exp_sft_39_reg_1_/D
                              3.8889         6.2742 r      -2.3853  (VIOLATED)
   u_NV_NVDLA_cmac/u_core/u_mac_6/u_exp/exp_sft_11_reg_1_/D
                              3.8890         6.2742 r      -2.3852  (VIOLATED)
   u_NV_NVDLA_cmac/u_core/u_mac_2/u_exp/exp_sft_50_reg_0_/D
                              3.8904         6.2756 r      -2.3852  (VIOLATED)
   u_NV_NVDLA_cmac/u_core/u_mac_6/u_exp/exp_sft_07_reg_0_/D
                              3.8906         6.2757 r      -2.3851  (VIOLATED)
   u_NV_NVDLA_cmac/u_core/u_mac_1/u_exp/exp_sft_29_reg_3_/D
                              3.8903         6.2754 r      -2.3851  (VIOLATED)
   u_NV_NVDLA_cmac/u_core/u_mac_3/u_exp/exp_sft_15_reg_1_/D
                              3.8888         6.2739 r      -2.3851  (VIOLATED)
   u_NV_NVDLA_cmac/u_core/u_mac_0/u_exp/exp_sft_47_reg_1_/D
                              3.8889         6.2739 r      -2.3851  (VIOLATED)
   u_NV_NVDLA_cmac/u_core/u_mac_1/u_exp/exp_sft_56_reg_2_/D
                              3.8894         6.2744 r      -2.3850  (VIOLATED)
   u_NV_NVDLA_cmac/u_core/u_mac_5/u_exp/exp_sft_62_reg_2_/D
                              3.9006         6.2856 f      -2.3850  (VIOLATED)
   u_NV_NVDLA_cmac/u_core/u_mac_2/u_exp/exp_sft_42_reg_1_/D
                              3.8889         6.2739 r      -2.3850  (VIOLATED)
   u_NV_NVDLA_cmac/u_core/u_mac_6/u_exp/exp_sft_30_reg_1_/D
                              3.8890         6.2739 r      -2.3849  (VIOLATED)
   u_NV_NVDLA_cmac/u_core/u_mac_6/u_exp/exp_sft_57_reg_0_/D
                              3.8904         6.2754 r      -2.3849  (VIOLATED)
   u_NV_NVDLA_cmac/u_core/u_mac_4/u_exp/exp_sft_13_reg_2_/D
                              3.8886         6.2736 r      -2.3849  (VIOLATED)
   u_NV_NVDLA_cmac/u_core/u_mac_6/u_exp/exp_sft_03_reg_0_/D
                              3.8905         6.2753 r      -2.3849  (VIOLATED)
   u_NV_NVDLA_cmac/u_core/u_mac_3/u_exp/exp_sft_29_reg_1_/D
                              3.8886         6.2735 r      -2.3848  (VIOLATED)
   u_NV_NVDLA_cmac/u_core/u_mac_3/u_exp/exp_sft_14_reg_1_/D
                              3.8888         6.2736 r      -2.3848  (VIOLATED)
   u_NV_NVDLA_cmac/u_core/u_mac_3/u_exp/exp_sft_37_reg_1_/D
                              3.8886         6.2734 r      -2.3848  (VIOLATED)
   u_NV_NVDLA_cmac/u_core/u_mac_6/u_exp/exp_sft_63_reg_0_/D
                              3.8879         6.2727 r      -2.3848  (VIOLATED)
   u_NV_NVDLA_cmac/u_core/u_mac_5/u_exp/exp_sft_04_reg_2_/D
                              3.8907         6.2754 r      -2.3848  (VIOLATED)
   u_NV_NVDLA_cmac/u_core/u_mac_2/u_exp/exp_sft_22_reg_2_/D
                              3.8906         6.2754 r      -2.3847  (VIOLATED)
   u_NV_NVDLA_cmac/u_core/u_mac_2/u_exp/exp_sft_45_reg_1_/D
                              3.8889         6.2735 r      -2.3847  (VIOLATED)
   u_NV_NVDLA_cmac/u_core/u_mac_6/u_exp/exp_sft_40_reg_1_/D
                              3.8887         6.2733 r      -2.3846  (VIOLATED)
   u_NV_NVDLA_cmac/u_core/u_mac_6/u_exp/exp_sft_01_reg_0_/D
                              3.8906         6.2752 r      -2.3845  (VIOLATED)
   u_NV_NVDLA_cmac/u_core/u_mac_2/u_exp/exp_sft_52_reg_0_/D
                              3.8904         6.2750 r      -2.3845  (VIOLATED)
   u_NV_NVDLA_cmac/u_core/u_mac_6/u_exp/exp_sft_42_reg_1_/D
                              3.8889         6.2734 r      -2.3845  (VIOLATED)
   u_NV_NVDLA_cmac/u_core/u_mac_6/u_exp/exp_sft_00_reg_0_/D
                              3.8905         6.2750 r      -2.3845  (VIOLATED)
   u_NV_NVDLA_cmac/u_core/u_mac_6/u_exp/exp_sft_47_reg_0_/D
                              3.8906         6.2750 r      -2.3845  (VIOLATED)
   u_NV_NVDLA_cmac/u_core/u_mac_2/u_exp/exp_sft_42_reg_0_/D
                              3.8906         6.2751 r      -2.3844  (VIOLATED)
   u_NV_NVDLA_cmac/u_core/u_mac_6/u_exp/exp_sft_37_reg_1_/D
                              3.8887         6.2732 r      -2.3844  (VIOLATED)
   u_NV_NVDLA_cmac/u_core/u_mac_1/u_exp/exp_sft_17_reg_3_/D
                              3.8826         6.2670 r      -2.3844  (VIOLATED)
   u_NV_NVDLA_cmac/u_core/u_mac_6/u_exp/exp_sft_46_reg_0_/D
                              3.8906         6.2750 r      -2.3844  (VIOLATED)
   u_NV_NVDLA_cmac/u_core/u_mac_4/u_exp/exp_sft_63_reg_1_/D
                              3.8887         6.2731 r      -2.3844  (VIOLATED)
   u_NV_NVDLA_cmac/u_core/u_mac_3/u_exp/exp_sft_03_reg_1_/D
                              3.8889         6.2733 r      -2.3844  (VIOLATED)
   u_NV_NVDLA_cmac/u_core/u_mac_6/u_exp/exp_sft_59_reg_0_/D
                              3.8905         6.2749 r      -2.3844  (VIOLATED)
   u_NV_NVDLA_cmac/u_core/u_mac_1/u_exp/exp_sft_05_reg_2_/D
                              3.8907         6.2749 r      -2.3842  (VIOLATED)
   u_NV_NVDLA_cmac/u_core/u_mac_6/u_exp/exp_sft_58_reg_0_/D
                              3.8906         6.2746 r      -2.3840  (VIOLATED)
   u_NV_NVDLA_cmac/u_core/u_mac_4/u_exp/exp_sft_01_reg_1_/D
                              3.8802         6.2642 r      -2.3840  (VIOLATED)
   u_NV_NVDLA_cmac/u_core/u_mac_6/u_exp/exp_sft_50_reg_0_/D
                              3.8906         6.2746 r      -2.3839  (VIOLATED)
   u_NV_NVDLA_cmac/u_core/u_mac_6/u_exp/exp_sft_02_reg_0_/D
                              3.8906         6.2746 r      -2.3839  (VIOLATED)
   u_NV_NVDLA_cmac/u_core/u_mac_2/u_exp/exp_sft_51_reg_0_/D
                              3.8906         6.2745 r      -2.3839  (VIOLATED)
   u_NV_NVDLA_cmac/u_core/u_mac_5/u_exp/exp_sft_35_reg_0_/D
                              3.8822         6.2659 r      -2.3838  (VIOLATED)
   u_NV_NVDLA_cmac/u_core/u_mac_2/u_exp/exp_sft_17_reg_2_/D
                              3.8825         6.2662 r      -2.3837  (VIOLATED)
   u_NV_NVDLA_cmac/u_core/u_mac_2/u_exp/exp_sft_53_reg_0_/D
                              3.8907         6.2743 r      -2.3837  (VIOLATED)
   u_NV_NVDLA_cmac/u_core/u_mac_6/u_exp/exp_sft_41_reg_1_/D
                              3.8888         6.2725 r      -2.3837  (VIOLATED)
   u_NV_NVDLA_cmac/u_core/u_mac_2/u_exp/exp_sft_26_reg_2_/D
                              3.8903         6.2739 r      -2.3836  (VIOLATED)
   u_NV_NVDLA_cmac/u_core/u_mac_6/u_exp/exp_sft_53_reg_1_/D
                              3.8888         6.2724 r      -2.3835  (VIOLATED)
   u_NV_NVDLA_cmac/u_core/u_mac_4/u_exp/exp_sft_04_reg_3_/D
                              3.8888         6.2723 r      -2.3835  (VIOLATED)
   u_NV_NVDLA_cmac/u_core/u_mac_5/u_exp/exp_sft_63_reg_3_/D
                              3.8886         6.2721 f      -2.3835  (VIOLATED)
   u_NV_NVDLA_cmac/u_core/u_mac_6/u_exp/exp_sft_56_reg_0_/D
                              3.8905         6.2740 r      -2.3835  (VIOLATED)
   u_NV_NVDLA_cmac/u_core/u_mac_3/u_exp/exp_sft_33_reg_1_/D
                              3.8890         6.2724 r      -2.3834  (VIOLATED)
   u_NV_NVDLA_cmac/u_core/u_mac_0/u_exp/exp_sft_42_reg_3_/D
                              3.8810         6.2645 r      -2.3834  (VIOLATED)
   u_NV_NVDLA_cmac/u_core/u_mac_3/u_exp/exp_sft_29_reg_0_/D
                              3.8906         6.2740 r      -2.3834  (VIOLATED)
   u_NV_NVDLA_cmac/u_core/u_mac_2/u_exp/exp_sft_20_reg_2_/D
                              3.8905         6.2739 r      -2.3834  (VIOLATED)
   u_NV_NVDLA_cmac/u_core/u_mac_3/u_exp/exp_sft_38_reg_1_/D
                              3.8888         6.2721 r      -2.3833  (VIOLATED)
   u_NV_NVDLA_cmac/u_core/u_mac_7/u_exp/exp_sft_63_reg_0_/D
                              3.8888         6.2720 r      -2.3832  (VIOLATED)
   u_NV_NVDLA_cmac/u_core/u_mac_2/u_exp/exp_sft_16_reg_1_/D
                              3.8888         6.2720 r      -2.3832  (VIOLATED)
   u_NV_NVDLA_cmac/u_core/u_mac_1/u_exp/exp_sft_48_reg_3_/D
                              3.8822         6.2654 r      -2.3832  (VIOLATED)
   u_NV_NVDLA_cmac/u_core/u_mac_6/u_exp/exp_sft_49_reg_0_/D
                              3.8905         6.2735 r      -2.3830  (VIOLATED)
   u_NV_NVDLA_cmac/u_core/u_mac_3/u_exp/exp_sft_42_reg_0_/D
                              3.8901         6.2731 r      -2.3830  (VIOLATED)
   u_NV_NVDLA_cmac/u_core/u_mac_6/u_exp/exp_sft_36_reg_1_/D
                              3.8889         6.2719 r      -2.3830  (VIOLATED)
   u_NV_NVDLA_cmac/u_core/u_mac_5/u_exp/exp_sft_48_reg_0_/D
                              3.8823         6.2652 r      -2.3829  (VIOLATED)
   u_NV_NVDLA_cmac/u_core/u_mac_3/u_exp/exp_sft_30_reg_1_/D
                              3.8889         6.2718 r      -2.3829  (VIOLATED)
   u_NV_NVDLA_cmac/u_core/u_mac_6/u_exp/exp_sft_36_reg_0_/D
                              3.8824         6.2651 r      -2.3828  (VIOLATED)
   u_NV_NVDLA_cmac/u_core/u_mac_0/u_exp/exp_sft_49_reg_3_/D
                              3.8811         6.2638 r      -2.3827  (VIOLATED)
   u_NV_NVDLA_cmac/u_core/u_mac_3/u_exp/exp_sft_36_reg_0_/D
                              3.8905         6.2732 r      -2.3826  (VIOLATED)
   u_NV_NVDLA_cmac/u_core/u_mac_3/u_exp/exp_sft_55_reg_1_/D
                              3.8889         6.2715 r      -2.3826  (VIOLATED)
   u_NV_NVDLA_cmac/u_core/u_mac_5/u_exp/exp_sft_49_reg_0_/D
                              3.8823         6.2648 r      -2.3825  (VIOLATED)
   u_NV_NVDLA_cmac/u_core/u_mac_6/u_exp/exp_sft_62_reg_0_/D
                              3.8906         6.2731 r      -2.3824  (VIOLATED)
   u_NV_NVDLA_cmac/u_core/u_mac_6/u_exp/exp_sft_51_reg_0_/D
                              3.8906         6.2730 r      -2.3824  (VIOLATED)
   u_NV_NVDLA_cmac/u_core/u_mac_3/u_exp/exp_sft_56_reg_0_/D
                              3.8826         6.2650 r      -2.3824  (VIOLATED)
   u_NV_NVDLA_cmac/u_core/u_mac_1/u_exp/exp_sft_53_reg_1_/D
                              3.8808         6.2632 r      -2.3824  (VIOLATED)
   u_NV_NVDLA_cmac/u_core/u_mac_3/u_exp/exp_sft_45_reg_1_/D
                              3.8879         6.2702 r      -2.3823  (VIOLATED)
   u_NV_NVDLA_cmac/u_core/u_mac_3/u_exp/exp_sft_36_reg_1_/D
                              3.8888         6.2711 r      -2.3823  (VIOLATED)
   u_NV_NVDLA_cmac/u_core/u_mac_6/u_exp/exp_sft_48_reg_0_/D
                              3.8906         6.2728 r      -2.3822  (VIOLATED)
   u_NV_NVDLA_cmac/u_core/u_mac_6/u_exp/exp_sft_44_reg_1_/D
                              3.8889         6.2711 r      -2.3822  (VIOLATED)
   u_NV_NVDLA_cmac/u_core/u_mac_1/u_exp/exp_sft_22_reg_3_/D
                              3.8906         6.2727 r      -2.3821  (VIOLATED)
   u_NV_NVDLA_cmac/u_core/u_mac_0/u_exp/exp_sft_10_reg_3_/D
                              3.8888         6.2709 r      -2.3821  (VIOLATED)
   u_NV_NVDLA_cmac/u_core/u_mac_3/u_exp/exp_sft_34_reg_1_/D
                              3.8889         6.2710 r      -2.3821  (VIOLATED)
   u_NV_NVDLA_cmac/u_core/u_mac_6/u_exp/exp_sft_38_reg_1_/D
                              3.8889         6.2710 r      -2.3820  (VIOLATED)
   u_NV_NVDLA_cmac/u_core/u_mac_3/u_exp/exp_sft_32_reg_1_/D
                              3.8889         6.2708 r      -2.3819  (VIOLATED)
   u_NV_NVDLA_cmac/u_core/u_mac_1/u_exp/exp_sft_34_reg_3_/D
                              3.8906         6.2724 r      -2.3818  (VIOLATED)
   u_NV_NVDLA_cmac/u_core/u_mac_6/u_exp/exp_sft_52_reg_1_/D
                              3.8889         6.2707 r      -2.3817  (VIOLATED)
   u_NV_NVDLA_cmac/u_core/u_mac_6/u_exp/exp_sft_45_reg_1_/D
                              3.8889         6.2706 r      -2.3817  (VIOLATED)
   u_NV_NVDLA_cmac/u_core/u_mac_0/u_exp/exp_sft_32_reg_3_/D
                              3.8812         6.2629 r      -2.3817  (VIOLATED)
   u_NV_NVDLA_cmac/u_core/u_mac_2/u_exp/exp_sft_32_reg_1_/D
                              3.8887         6.2703 r      -2.3817  (VIOLATED)
   u_NV_NVDLA_cmac/u_core/u_mac_1/u_exp/exp_sft_57_reg_3_/D
                              3.9000         6.2816 f      -2.3816  (VIOLATED)
   u_NV_NVDLA_cmac/u_core/u_mac_3/u_exp/exp_sft_44_reg_0_/D
                              3.8901         6.2716 r      -2.3815  (VIOLATED)
   u_NV_NVDLA_cmac/u_core/u_mac_1/u_exp/exp_sft_02_reg_3_/D
                              3.8797         6.2612 r      -2.3815  (VIOLATED)
   u_NV_NVDLA_cmac/u_core/u_mac_6/u_exp/exp_sft_37_reg_0_/D
                              3.8824         6.2639 r      -2.3814  (VIOLATED)
   u_NV_NVDLA_cmac/u_core/u_mac_1/u_exp/exp_sft_54_reg_1_/D
                              3.8803         6.2617 r      -2.3814  (VIOLATED)
   u_NV_NVDLA_cmac/u_core/u_mac_5/u_exp/exp_sft_59_reg_1_/D
                              3.8904         6.2717 r      -2.3813  (VIOLATED)
   u_NV_NVDLA_cmac/u_core/u_mac_1/u_exp/exp_sft_62_reg_1_/D
                              3.8804         6.2616 r      -2.3812  (VIOLATED)
   u_NV_NVDLA_cmac/u_core/u_mac_3/u_exp/exp_sft_34_reg_0_/D
                              3.8902         6.2714 r      -2.3812  (VIOLATED)
   u_NV_NVDLA_cmac/u_core/u_mac_2/u_exp/exp_sft_15_reg_3_/D
                              3.8905         6.2717 r      -2.3812  (VIOLATED)
   u_NV_NVDLA_cmac/u_core/u_mac_3/u_exp/exp_sft_43_reg_1_/D
                              3.8885         6.2697 r      -2.3812  (VIOLATED)
   u_NV_NVDLA_cmac/u_core/u_mac_2/u_exp/exp_sft_21_reg_2_/D
                              3.8904         6.2715 r      -2.3811  (VIOLATED)
   u_NV_NVDLA_cmac/u_core/u_mac_3/u_exp/exp_sft_21_reg_0_/D
                              3.8827         6.2636 r      -2.3809  (VIOLATED)
   u_NV_NVDLA_cmac/u_core/u_mac_6/u_exp/exp_sft_38_reg_0_/D
                              3.8826         6.2635 r      -2.3809  (VIOLATED)
   u_NV_NVDLA_cmac/u_core/u_mac_6/u_exp/exp_sft_39_reg_1_/D
                              3.8890         6.2699 r      -2.3809  (VIOLATED)
   u_NV_NVDLA_cmac/u_core/u_mac_3/u_exp/exp_sft_35_reg_0_/D
                              3.8905         6.2712 r      -2.3808  (VIOLATED)
   u_NV_NVDLA_cmac/u_core/u_mac_5/u_exp/exp_sft_43_reg_2_/D
                              3.8888         6.2696 r      -2.3807  (VIOLATED)
   u_NV_NVDLA_cmac/u_core/u_mac_3/u_exp/exp_sft_19_reg_3_/D
                              3.8824         6.2631 r      -2.3807  (VIOLATED)
   u_NV_NVDLA_cmac/u_core/u_mac_6/u_exp/exp_sft_07_reg_1_/D
                              3.8889         6.2696 r      -2.3807  (VIOLATED)
   u_NV_NVDLA_cmac/u_core/u_mac_6/u_exp/exp_sft_29_reg_1_/D
                              3.8890         6.2697 r      -2.3807  (VIOLATED)
   u_NV_NVDLA_cmac/u_core/u_mac_3/u_exp/exp_sft_38_reg_0_/D
                              3.8903         6.2709 r      -2.3805  (VIOLATED)
   u_NV_NVDLA_cmac/u_core/u_mac_3/u_exp/exp_sft_37_reg_0_/D
                              3.8906         6.2711 r      -2.3805  (VIOLATED)
   u_NV_NVDLA_cmac/u_core/u_mac_0/u_exp/exp_sft_33_reg_3_/D
                              3.8812         6.2617 r      -2.3804  (VIOLATED)
   u_NV_NVDLA_cmac/u_core/u_mac_1/u_exp/exp_sft_54_reg_2_/D
                              3.8905         6.2708 r      -2.3803  (VIOLATED)
   u_NV_NVDLA_cmac/u_core/u_mac_3/u_exp/exp_sft_05_reg_0_/D
                              3.8826         6.2628 r      -2.3802  (VIOLATED)
   u_NV_NVDLA_cmac/u_core/u_mac_2/u_exp/exp_sft_10_reg_3_/D
                              3.8906         6.2708 r      -2.3802  (VIOLATED)
   u_NV_NVDLA_cmac/u_core/u_mac_1/u_exp/exp_sft_23_reg_3_/D
                              3.8906         6.2707 r      -2.3801  (VIOLATED)
   u_NV_NVDLA_cmac/u_core/u_mac_1/u_exp/exp_sft_19_reg_2_/D
                              3.8905         6.2707 r      -2.3801  (VIOLATED)
   u_NV_NVDLA_cmac/u_core/u_mac_6/u_exp/exp_sft_48_reg_1_/D
                              3.8890         6.2691 r      -2.3801  (VIOLATED)
   u_NV_NVDLA_cmac/u_core/u_mac_3/u_exp/exp_sft_11_reg_1_/D
                              3.8889         6.2689 r      -2.3801  (VIOLATED)
   u_NV_NVDLA_cmac/u_core/u_mac_3/u_exp/exp_sft_59_reg_0_/D
                              3.8826         6.2625 r      -2.3799  (VIOLATED)
   u_NV_NVDLA_cmac/u_core/u_mac_3/u_exp/exp_sft_32_reg_0_/D
                              3.8906         6.2705 r      -2.3799  (VIOLATED)
   u_NV_NVDLA_cmac/u_core/u_mac_1/u_exp/exp_sft_45_reg_3_/D
                              3.8906         6.2704 r      -2.3799  (VIOLATED)
   u_NV_NVDLA_cmac/u_core/u_mac_3/u_exp/exp_sft_20_reg_0_/D
                              3.8827         6.2626 r      -2.3799  (VIOLATED)
   u_NV_NVDLA_cmac/u_core/u_mac_5/u_exp/exp_sft_60_reg_1_/D
                              3.8906         6.2704 r      -2.3798  (VIOLATED)
   u_NV_NVDLA_cmac/u_core/u_mac_6/u_exp/exp_sft_50_reg_1_/D
                              3.8889         6.2687 r      -2.3798  (VIOLATED)
   u_NV_NVDLA_cmac/u_core/u_mac_4/u_exp/exp_sft_15_reg_3_/D
                              3.8905         6.2703 r      -2.3798  (VIOLATED)
   u_NV_NVDLA_cmac/u_core/u_mac_3/u_exp/exp_sft_28_reg_0_/D
                              3.8904         6.2701 r      -2.3797  (VIOLATED)
   u_NV_NVDLA_cmac/u_core/u_mac_1/u_exp/exp_sft_24_reg_1_/D
                              3.8811         6.2608 r      -2.3797  (VIOLATED)
   u_NV_NVDLA_cmac/u_core/u_mac_6/u_exp/exp_sft_49_reg_1_/D
                              3.8890         6.2686 r      -2.3796  (VIOLATED)
   u_NV_NVDLA_cmac/u_core/u_mac_3/u_exp/exp_sft_26_reg_0_/D
                              3.8906         6.2701 r      -2.3795  (VIOLATED)
   u_NV_NVDLA_cmac/u_core/u_mac_1/u_exp/exp_sft_51_reg_2_/D
                              3.8904         6.2697 r      -2.3794  (VIOLATED)
   u_NV_NVDLA_cmac/u_core/u_mac_3/u_exp/exp_sft_45_reg_0_/D
                              3.8906         6.2698 r      -2.3792  (VIOLATED)
   u_NV_NVDLA_cmac/u_core/u_mac_1/u_exp/exp_sft_61_reg_1_/D
                              3.8807         6.2599 r      -2.3792  (VIOLATED)
   u_NV_NVDLA_cmac/u_core/u_mac_3/u_exp/exp_sft_55_reg_2_/D
                              3.8888         6.2679 r      -2.3791  (VIOLATED)
   u_NV_NVDLA_cmac/u_core/u_mac_3/u_exp/exp_sft_39_reg_0_/D
                              3.8907         6.2698 r      -2.3791  (VIOLATED)
   u_NV_NVDLA_cmac/u_core/u_mac_1/u_exp/exp_sft_58_reg_2_/D
                              3.8893         6.2685 r      -2.3791  (VIOLATED)
   u_NV_NVDLA_cmac/u_core/u_mac_1/u_exp/exp_sft_46_reg_3_/D
                              3.8907         6.2698 r      -2.3791  (VIOLATED)
   u_NV_NVDLA_cmac/u_core/u_mac_3/u_exp/exp_sft_46_reg_0_/D
                              3.8904         6.2695 r      -2.3791  (VIOLATED)
   u_NV_NVDLA_cmac/u_core/u_mac_1/u_exp/exp_sft_35_reg_3_/D
                              3.8826         6.2617 r      -2.3791  (VIOLATED)
   u_NV_NVDLA_cmac/u_core/u_mac_3/u_exp/exp_sft_31_reg_0_/D
                              3.8906         6.2696 r      -2.3790  (VIOLATED)
   u_NV_NVDLA_cmac/u_core/u_mac_5/u_exp/exp_sft_54_reg_0_/D
                              3.8899         6.2687 r      -2.3788  (VIOLATED)
   u_NV_NVDLA_cmac/u_core/u_mac_3/u_exp/exp_sft_51_reg_0_/D
                              3.8906         6.2695 r      -2.3788  (VIOLATED)
   u_NV_NVDLA_cmac/u_core/u_mac_3/u_exp/exp_sft_33_reg_0_/D
                              3.8907         6.2695 r      -2.3788  (VIOLATED)
   u_NV_NVDLA_cmac/u_core/u_mac_1/u_exp/exp_sft_57_reg_2_/D
                              3.8893         6.2680 r      -2.3787  (VIOLATED)
   u_NV_NVDLA_cmac/u_core/u_mac_3/u_exp/exp_sft_30_reg_0_/D
                              3.8907         6.2692 r      -2.3785  (VIOLATED)
   u_NV_NVDLA_cmac/u_core/u_mac_5/u_exp/exp_sft_00_reg_3_/D
                              3.8905         6.2690 r      -2.3785  (VIOLATED)
   u_NV_NVDLA_cmac/u_core/u_mac_1/u_exp/exp_sft_14_reg_3_/D
                              3.8826         6.2611 r      -2.3784  (VIOLATED)
   u_NV_NVDLA_cmac/u_core/u_mac_1/u_exp/exp_sft_27_reg_2_/D
                              3.8827         6.2609 r      -2.3783  (VIOLATED)
   u_NV_NVDLA_cmac/u_core/u_mac_5/u_exp/exp_sft_34_reg_0_/D
                              3.8896         6.2679 r      -2.3783  (VIOLATED)
   u_NV_NVDLA_cmac/u_core/u_mac_2/u_exp/exp_sft_27_reg_1_/D
                              3.8887         6.2669 r      -2.3782  (VIOLATED)
   u_NV_NVDLA_cmac/u_core/u_mac_1/u_exp/exp_sft_55_reg_2_/D
                              3.8907         6.2688 r      -2.3780  (VIOLATED)
   u_NV_NVDLA_cmac/u_core/u_mac_5/u_exp/exp_sft_32_reg_0_/D
                              3.8896         6.2675 r      -2.3779  (VIOLATED)
   u_NV_NVDLA_cmac/u_core/u_mac_5/u_exp/exp_sft_50_reg_0_/D
                              3.8896         6.2674 r      -2.3778  (VIOLATED)
   u_NV_NVDLA_cmac/u_core/u_mac_1/u_exp/exp_sft_42_reg_3_/D
                              3.8907         6.2684 r      -2.3777  (VIOLATED)
   u_NV_NVDLA_cmac/u_core/u_mac_5/u_exp/exp_sft_55_reg_1_/D
                              3.8871         6.2648 r      -2.3777  (VIOLATED)
   u_NV_NVDLA_cmac/u_core/u_mac_5/u_exp/exp_sft_39_reg_0_/D
                              3.8899         6.2675 r      -2.3776  (VIOLATED)
   u_NV_NVDLA_cmac/u_core/u_mac_6/u_exp/exp_sft_18_reg_0_/D
                              3.8826         6.2600 r      -2.3774  (VIOLATED)
   u_NV_NVDLA_cmac/u_core/u_mac_0/u_exp/exp_sft_63_reg_1_/D
                              3.8907         6.2681 r      -2.3774  (VIOLATED)
   u_NV_NVDLA_cmac/u_core/u_mac_1/u_exp/exp_sft_43_reg_3_/D
                              3.8906         6.2680 r      -2.3774  (VIOLATED)
   u_NV_NVDLA_cmac/u_core/u_mac_5/u_exp/exp_sft_00_reg_1_/D
                              3.8900         6.2673 r      -2.3773  (VIOLATED)
   u_NV_NVDLA_cmac/u_core/u_mac_3/u_exp/exp_sft_16_reg_3_/D
                              3.8825         6.2597 r      -2.3772  (VIOLATED)
   u_NV_NVDLA_cmac/u_core/u_mac_6/u_exp/exp_sft_09_reg_1_/D
                              3.8891         6.2661 r      -2.3771  (VIOLATED)
   u_NV_NVDLA_cmac/u_core/u_mac_6/u_exp/exp_sft_44_reg_0_/D
                              3.8901         6.2671 r      -2.3770  (VIOLATED)
   u_NV_NVDLA_cmac/u_core/u_mac_1/u_exp/exp_sft_41_reg_3_/D
                              3.8906         6.2674 r      -2.3769  (VIOLATED)
   u_NV_NVDLA_cmac/u_core/u_mac_6/u_exp/exp_sft_46_reg_1_/D
                              3.8887         6.2655 r      -2.3768  (VIOLATED)
   u_NV_NVDLA_cmac/u_core/u_mac_1/u_exp/exp_sft_36_reg_3_/D
                              3.8828         6.2596 r      -2.3768  (VIOLATED)
   u_NV_NVDLA_cmac/u_core/u_mac_1/u_exp/exp_sft_30_reg_3_/D
                              3.8906         6.2674 r      -2.3768  (VIOLATED)
   u_NV_NVDLA_cmac/u_core/u_mac_5/u_exp/exp_sft_43_reg_0_/D
                              3.8899         6.2664 r      -2.3766  (VIOLATED)
   u_NV_NVDLA_cmac/u_core/u_mac_4/u_exp/exp_sft_36_reg_1_/D
                              3.8888         6.2653 r      -2.3765  (VIOLATED)
   u_NV_NVDLA_cmac/u_core/u_mac_6/u_exp/exp_sft_45_reg_0_/D
                              3.8900         6.2665 r      -2.3765  (VIOLATED)
   u_NV_NVDLA_cmac/u_core/u_mac_1/u_exp/exp_sft_02_reg_1_/D
                              3.8878         6.2640 r      -2.3762  (VIOLATED)
   u_NV_NVDLA_cmac/u_core/u_mac_5/u_exp/exp_sft_36_reg_0_/D
                              3.8900         6.2662 r      -2.3762  (VIOLATED)
   u_NV_NVDLA_cmac/u_core/u_mac_5/u_exp/exp_sft_55_reg_0_/D
                              3.8899         6.2661 r      -2.3762  (VIOLATED)
   u_NV_NVDLA_cmac/u_core/u_mac_5/u_exp/exp_sft_53_reg_0_/D
                              3.8900         6.2660 r      -2.3761  (VIOLATED)
   u_NV_NVDLA_cmac/u_core/u_mac_5/u_exp/exp_sft_33_reg_0_/D
                              3.8901         6.2661 r      -2.3760  (VIOLATED)
   u_NV_NVDLA_cmac/u_core/u_mac_1/u_exp/exp_sft_06_reg_1_/D
                              3.8881         6.2641 r      -2.3760  (VIOLATED)
   u_NV_NVDLA_cmac/u_core/u_mac_1/u_exp/exp_sft_51_reg_1_/D
                              3.8880         6.2638 r      -2.3758  (VIOLATED)
   u_NV_NVDLA_cmac/u_core/u_mac_2/u_exp/exp_sft_48_reg_1_/D
                              3.8883         6.2641 r      -2.3758  (VIOLATED)
   u_NV_NVDLA_cmac/u_core/u_mac_1/u_exp/exp_sft_26_reg_1_/D
                              3.8889         6.2647 r      -2.3758  (VIOLATED)
   u_NV_NVDLA_cmac/u_core/u_mac_5/u_exp/exp_sft_52_reg_0_/D
                              3.8900         6.2657 r      -2.3757  (VIOLATED)
   u_NV_NVDLA_cmac/u_core/u_mac_0/u_exp/exp_sft_27_reg_3_/D
                              3.8886         6.2642 r      -2.3756  (VIOLATED)
   u_NV_NVDLA_cmac/u_core/u_mac_1/u_exp/exp_sft_25_reg_1_/D
                              3.8880         6.2634 r      -2.3755  (VIOLATED)
   u_NV_NVDLA_cmac/u_core/u_mac_5/u_exp/exp_sft_51_reg_0_/D
                              3.8900         6.2654 r      -2.3755  (VIOLATED)
   u_NV_NVDLA_cmac/u_core/u_mac_0/u_exp/exp_sft_15_reg_3_/D
                              3.8884         6.2638 r      -2.3754  (VIOLATED)
   u_NV_NVDLA_cmac/u_core/u_mac_6/u_exp/exp_sft_47_reg_1_/D
                              3.8890         6.2644 r      -2.3754  (VIOLATED)
   u_NV_NVDLA_cmac/u_core/u_mac_1/u_exp/exp_sft_07_reg_1_/D
                              3.8879         6.2633 r      -2.3753  (VIOLATED)
   u_NV_NVDLA_cmac/u_core/u_mac_0/u_exp/exp_sft_11_reg_3_/D
                              3.8811         6.2564 r      -2.3753  (VIOLATED)
   u_NV_NVDLA_cmac/u_core/u_mac_5/u_exp/exp_sft_48_reg_1_/D
                              3.8813         6.2566 r      -2.3753  (VIOLATED)
   u_NV_NVDLA_cmac/u_core/u_mac_1/u_exp/exp_sft_20_reg_1_/D
                              3.8883         6.2634 r      -2.3751  (VIOLATED)
   u_NV_NVDLA_cmac/u_core/u_mac_1/u_exp/exp_sft_06_reg_3_/D
                              3.8826         6.2577 r      -2.3751  (VIOLATED)
   u_NV_NVDLA_cmac/u_core/u_mac_1/u_exp/exp_sft_03_reg_1_/D
                              3.8882         6.2632 r      -2.3750  (VIOLATED)
   u_NV_NVDLA_cmac/u_core/u_mac_1/u_exp/exp_sft_50_reg_2_/D
                              3.8899         6.2649 r      -2.3750  (VIOLATED)
   u_NV_NVDLA_cmac/u_core/u_mac_1/u_exp/exp_sft_21_reg_1_/D
                              3.8886         6.2636 r      -2.3749  (VIOLATED)
   u_NV_NVDLA_cmac/u_core/u_mac_6/u_exp/exp_sft_33_reg_0_/D
                              3.8906         6.2653 r      -2.3747  (VIOLATED)
   u_NV_NVDLA_cmac/u_core/u_mac_5/u_exp/exp_sft_40_reg_0_/D
                              3.8900         6.2647 r      -2.3747  (VIOLATED)
   u_NV_NVDLA_cmac/u_core/u_mac_5/u_exp/exp_sft_23_reg_0_/D
                              3.8827         6.2573 r      -2.3746  (VIOLATED)
   u_NV_NVDLA_cmac/u_core/u_mac_3/u_exp/exp_sft_08_reg_0_/D
                              3.8906         6.2651 r      -2.3745  (VIOLATED)
   u_NV_NVDLA_cmac/u_core/u_mac_1/u_exp/exp_sft_48_reg_2_/D
                              3.8898         6.2643 r      -2.3745  (VIOLATED)
   u_NV_NVDLA_cmac/u_core/u_mac_1/u_exp/exp_sft_33_reg_2_/D
                              3.8827         6.2572 r      -2.3745  (VIOLATED)
   u_NV_NVDLA_cmac/u_core/u_mac_0/u_exp/exp_sft_23_reg_0_/D
                              3.8822         6.2566 r      -2.3745  (VIOLATED)
   u_NV_NVDLA_cmac/u_core/u_mac_2/u_exp/exp_sft_23_reg_1_/D
                              3.8888         6.2632 r      -2.3744  (VIOLATED)
   u_NV_NVDLA_cmac/u_core/u_mac_1/u_exp/exp_sft_07_reg_3_/D
                              3.8828         6.2572 r      -2.3744  (VIOLATED)
   u_NV_NVDLA_cmac/u_core/u_mac_2/u_exp/exp_sft_18_reg_1_/D
                              3.8887         6.2631 r      -2.3743  (VIOLATED)
   u_NV_NVDLA_cmac/u_core/u_mac_0/u_exp/exp_sft_60_reg_0_/D
                              3.8824         6.2567 r      -2.3743  (VIOLATED)
   u_NV_NVDLA_cmac/u_core/u_mac_1/u_exp/exp_sft_22_reg_1_/D
                              3.8887         6.2630 r      -2.3742  (VIOLATED)
   u_NV_NVDLA_cmac/u_core/u_mac_3/u_exp/exp_sft_09_reg_0_/D
                              3.8903         6.2644 r      -2.3741  (VIOLATED)
   u_NV_NVDLA_cmac/u_core/u_mac_5/u_exp/exp_sft_44_reg_0_/D
                              3.8900         6.2641 r      -2.3740  (VIOLATED)
   u_NV_NVDLA_cmac/u_core/u_mac_2/u_exp/exp_sft_28_reg_1_/D
                              3.8811         6.2551 r      -2.3740  (VIOLATED)
   u_NV_NVDLA_cmac/u_core/u_mac_6/u_exp/exp_sft_21_reg_1_/D
                              3.8813         6.2552 r      -2.3739  (VIOLATED)
   u_NV_NVDLA_cmac/u_core/u_mac_6/u_exp/exp_sft_41_reg_0_/D
                              3.8903         6.2642 r      -2.3739  (VIOLATED)
   u_NV_NVDLA_cmac/u_core/u_mac_6/u_exp/exp_sft_35_reg_0_/D
                              3.8904         6.2642 r      -2.3738  (VIOLATED)
   u_NV_NVDLA_cmac/u_core/u_mac_5/u_exp/exp_sft_02_reg_0_/D
                              3.8901         6.2639 r      -2.3737  (VIOLATED)
   u_NV_NVDLA_cmac/u_core/u_mac_1/u_exp/exp_sft_20_reg_2_/D
                              3.8905         6.2642 r      -2.3737  (VIOLATED)
   u_NV_NVDLA_cmac/u_core/u_mac_2/u_exp/exp_sft_50_reg_1_/D
                              3.8882         6.2619 r      -2.3737  (VIOLATED)
   u_NV_NVDLA_cmac/u_core/u_mac_6/u_exp/exp_sft_29_reg_0_/D
                              3.8907         6.2643 r      -2.3736  (VIOLATED)
   u_NV_NVDLA_cmac/u_core/u_mac_1/u_exp/exp_sft_28_reg_1_/D
                              3.8887         6.2623 r      -2.3736  (VIOLATED)
   u_NV_NVDLA_cmac/u_core/u_mac_6/u_exp/exp_sft_32_reg_0_/D
                              3.8905         6.2640 r      -2.3736  (VIOLATED)
   u_NV_NVDLA_cmac/u_core/u_mac_3/u_exp/exp_sft_12_reg_0_/D
                              3.8903         6.2639 r      -2.3736  (VIOLATED)
   u_NV_NVDLA_cmac/u_core/u_mac_0/u_exp/exp_sft_07_reg_3_/D
                              3.8812         6.2547 r      -2.3735  (VIOLATED)
   u_NV_NVDLA_cmac/u_core/u_mac_5/u_exp/exp_sft_01_reg_0_/D
                              3.8901         6.2636 r      -2.3735  (VIOLATED)
   u_NV_NVDLA_cmac/u_core/u_mac_5/u_exp/exp_sft_03_reg_0_/D
                              3.8901         6.2636 r      -2.3735  (VIOLATED)
   u_NV_NVDLA_cmac/u_core/u_mac_6/u_exp/exp_sft_30_reg_0_/D
                              3.8905         6.2640 r      -2.3735  (VIOLATED)
   u_NV_NVDLA_cmac/u_core/u_mac_1/u_exp/exp_sft_29_reg_1_/D
                              3.8888         6.2621 r      -2.3733  (VIOLATED)
   u_NV_NVDLA_cmac/u_core/u_mac_6/u_exp/exp_sft_34_reg_0_/D
                              3.8905         6.2638 r      -2.3733  (VIOLATED)
   u_NV_NVDLA_cmac/u_core/u_mac_1/u_exp/exp_sft_49_reg_1_/D
                              3.8886         6.2619 r      -2.3733  (VIOLATED)
   u_NV_NVDLA_cmac/u_core/u_mac_1/u_exp/exp_sft_04_reg_2_/D
                              3.8907         6.2639 r      -2.3732  (VIOLATED)
   u_NV_NVDLA_cmac/u_core/u_mac_1/u_exp/exp_sft_31_reg_1_/D
                              3.8883         6.2615 r      -2.3732  (VIOLATED)
   u_NV_NVDLA_cmac/u_core/u_mac_1/u_exp/exp_sft_03_reg_3_/D
                              3.8826         6.2558 r      -2.3732  (VIOLATED)
   u_NV_NVDLA_cmac/u_core/u_mac_6/u_exp/exp_sft_31_reg_0_/D
                              3.8907         6.2638 r      -2.3732  (VIOLATED)
   u_NV_NVDLA_cmac/u_core/u_mac_1/u_exp/exp_sft_16_reg_3_/D
                              3.8905         6.2636 r      -2.3731  (VIOLATED)
   u_NV_NVDLA_cmac/u_core/u_mac_1/u_exp/exp_sft_10_reg_1_/D
                              3.8887         6.2618 r      -2.3731  (VIOLATED)
   u_NV_NVDLA_cmac/u_core/u_mac_6/u_exp/exp_sft_40_reg_0_/D
                              3.8904         6.2635 r      -2.3731  (VIOLATED)
   u_NV_NVDLA_cmac/u_core/u_mac_1/u_exp/exp_sft_04_reg_1_/D
                              3.8887         6.2618 r      -2.3731  (VIOLATED)
   u_NV_NVDLA_cmac/u_core/u_mac_3/u_exp/exp_sft_20_reg_3_/D
                              3.8899         6.2629 r      -2.3730  (VIOLATED)
   u_NV_NVDLA_cmac/u_core/u_mac_3/u_exp/exp_sft_13_reg_0_/D
                              3.8906         6.2635 r      -2.3729  (VIOLATED)
   u_NV_NVDLA_cmac/u_core/u_mac_1/u_exp/exp_sft_23_reg_1_/D
                              3.8888         6.2617 r      -2.3729  (VIOLATED)
   u_NV_NVDLA_cmac/u_core/u_mac_5/u_exp/exp_sft_17_reg_0_/D
                              3.8825         6.2553 r      -2.3728  (VIOLATED)
   u_NV_NVDLA_cmac/u_core/u_mac_1/u_exp/exp_sft_26_reg_2_/D
                              3.8906         6.2634 r      -2.3727  (VIOLATED)
   u_NV_NVDLA_cmac/u_core/u_mac_0/u_exp/exp_sft_01_reg_2_/D
                              3.8887         6.2614 r      -2.3727  (VIOLATED)
   u_NV_NVDLA_cmac/u_core/u_mac_6/u_exp/exp_sft_63_reg_1_/D
                              3.8906         6.2633 r      -2.3727  (VIOLATED)
   u_NV_NVDLA_cmac/u_core/u_mac_3/u_exp/exp_sft_04_reg_0_/D
                              3.8906         6.2633 r      -2.3727  (VIOLATED)
   u_NV_NVDLA_cmac/u_core/u_mac_6/u_exp/exp_sft_43_reg_0_/D
                              3.8907         6.2633 r      -2.3727  (VIOLATED)
   u_NV_NVDLA_cmac/u_core/u_mac_1/u_exp/exp_sft_32_reg_3_/D
                              3.8906         6.2632 r      -2.3726  (VIOLATED)
   u_NV_NVDLA_cmac/u_core/u_mac_5/u_exp/exp_sft_19_reg_0_/D
                              3.8825         6.2550 r      -2.3725  (VIOLATED)
   u_NV_NVDLA_cmac/u_core/u_mac_3/u_exp/exp_sft_07_reg_0_/D
                              3.8905         6.2629 r      -2.3724  (VIOLATED)
   u_NV_NVDLA_cmac/u_core/u_mac_3/u_exp/exp_sft_10_reg_0_/D
                              3.8906         6.2630 r      -2.3724  (VIOLATED)
   u_NV_NVDLA_cmac/u_core/u_mac_1/u_exp/exp_sft_47_reg_1_/D
                              3.8882         6.2606 r      -2.3724  (VIOLATED)
   u_NV_NVDLA_cmac/u_core/u_mac_1/u_exp/exp_sft_54_reg_3_/D
                              3.8822         6.2546 r      -2.3724  (VIOLATED)
   u_NV_NVDLA_cmac/u_core/u_mac_1/u_exp/exp_sft_15_reg_3_/D
                              3.8901         6.2624 r      -2.3723  (VIOLATED)
   u_NV_NVDLA_cmac/u_core/u_mac_0/u_exp/exp_sft_59_reg_0_/D
                              3.8828         6.2551 r      -2.3723  (VIOLATED)
   u_NV_NVDLA_cmac/u_core/u_mac_5/u_exp/exp_sft_55_reg_3_/D
                              3.8813         6.2536 r      -2.3723  (VIOLATED)
   u_NV_NVDLA_cmac/u_core/u_mac_0/u_exp/exp_sft_51_reg_3_/D
                              3.8826         6.2549 r      -2.3723  (VIOLATED)
   u_NV_NVDLA_cmac/u_core/u_mac_3/u_exp/exp_sft_06_reg_0_/D
                              3.8905         6.2628 r      -2.3723  (VIOLATED)
   u_NV_NVDLA_cmac/u_core/u_mac_1/u_exp/exp_sft_44_reg_3_/D
                              3.8906         6.2628 r      -2.3722  (VIOLATED)
   u_NV_NVDLA_cmac/u_core/u_mac_3/u_exp/exp_sft_02_reg_0_/D
                              3.8904         6.2626 r      -2.3722  (VIOLATED)
   u_NV_NVDLA_cmac/u_core/u_mac_3/u_exp/exp_sft_60_reg_0_/D
                              3.8905         6.2627 r      -2.3722  (VIOLATED)
   u_NV_NVDLA_cmac/u_core/u_mac_1/u_exp/exp_sft_51_reg_3_/D
                              3.8824         6.2546 r      -2.3722  (VIOLATED)
   u_NV_NVDLA_cmac/u_core/u_mac_0/u_exp/exp_sft_45_reg_3_/D
                              3.8810         6.2532 r      -2.3722  (VIOLATED)
   u_NV_NVDLA_cmac/u_core/u_mac_4/u_exp/exp_sft_05_reg_1_/D
                              3.8890         6.2611 r      -2.3721  (VIOLATED)
   u_NV_NVDLA_cmac/u_core/u_mac_3/u_exp/exp_sft_22_reg_0_/D
                              3.8905         6.2626 r      -2.3721  (VIOLATED)
   u_NV_NVDLA_cmac/u_core/u_mac_1/u_exp/exp_sft_22_reg_2_/D
                              3.8906         6.2627 r      -2.3721  (VIOLATED)
   u_NV_NVDLA_cmac/u_core/u_mac_6/u_exp/exp_sft_14_reg_0_/D
                              3.8905         6.2625 r      -2.3720  (VIOLATED)
   u_NV_NVDLA_cmac/u_core/u_mac_3/u_exp/exp_sft_11_reg_0_/D
                              3.8906         6.2626 r      -2.3720  (VIOLATED)
   u_NV_NVDLA_cmac/u_core/u_mac_3/u_exp/exp_sft_62_reg_0_/D
                              3.8906         6.2626 r      -2.3720  (VIOLATED)
   u_NV_NVDLA_cmac/u_core/u_mac_6/u_exp/exp_sft_25_reg_0_/D
                              3.8902         6.2621 r      -2.3720  (VIOLATED)
   u_NV_NVDLA_cmac/u_core/u_mac_6/u_exp/exp_sft_20_reg_0_/D
                              3.8906         6.2625 r      -2.3719  (VIOLATED)
   u_NV_NVDLA_cmac/u_core/u_mac_6/u_exp/exp_sft_12_reg_0_/D
                              3.8905         6.2625 r      -2.3719  (VIOLATED)
   u_NV_NVDLA_cmac/u_core/u_mac_0/u_exp/exp_sft_41_reg_3_/D
                              3.8811         6.2530 r      -2.3719  (VIOLATED)
   u_NV_NVDLA_cmac/u_core/u_mac_1/u_exp/exp_sft_27_reg_1_/D
                              3.8888         6.2607 r      -2.3719  (VIOLATED)
   u_NV_NVDLA_cmac/u_core/u_mac_6/u_exp/exp_sft_39_reg_0_/D
                              3.8906         6.2625 r      -2.3719  (VIOLATED)
   u_NV_NVDLA_cmac/u_core/u_mac_3/u_exp/exp_sft_57_reg_0_/D
                              3.8906         6.2624 r      -2.3719  (VIOLATED)
   u_NV_NVDLA_cmac/u_core/u_mac_6/u_exp/exp_sft_42_reg_0_/D
                              3.8906         6.2625 r      -2.3719  (VIOLATED)
   u_NV_NVDLA_cmac/u_core/u_mac_3/u_exp/exp_sft_58_reg_0_/D
                              3.8905         6.2624 r      -2.3719  (VIOLATED)
   u_NV_NVDLA_cmac/u_core/u_mac_5/u_exp/exp_sft_63_reg_1_/D
                              3.8906         6.2624 r      -2.3718  (VIOLATED)
   u_NV_NVDLA_cmac/u_core/u_mac_0/u_exp/exp_sft_48_reg_3_/D
                              3.8886         6.2603 r      -2.3718  (VIOLATED)
   u_NV_NVDLA_cmac/u_core/u_mac_3/u_exp/exp_sft_61_reg_0_/D
                              3.8906         6.2623 r      -2.3718  (VIOLATED)
   u_NV_NVDLA_cmac/u_core/u_mac_1/u_exp/exp_sft_29_reg_2_/D
                              3.8905         6.2623 r      -2.3718  (VIOLATED)
   u_NV_NVDLA_cmac/u_core/u_mac_0/u_exp/exp_sft_08_reg_0_/D
                              3.8827         6.2544 r      -2.3717  (VIOLATED)
   u_NV_NVDLA_cmac/u_core/u_mac_3/u_exp/exp_sft_17_reg_0_/D
                              3.8906         6.2623 r      -2.3717  (VIOLATED)
   u_NV_NVDLA_cmac/u_core/u_mac_5/u_exp/exp_sft_13_reg_0_/D
                              3.8827         6.2543 r      -2.3716  (VIOLATED)
   u_NV_NVDLA_cmac/u_core/u_mac_3/u_exp/exp_sft_23_reg_0_/D
                              3.8906         6.2622 r      -2.3716  (VIOLATED)
   u_NV_NVDLA_cmac/u_core/u_mac_5/u_exp/exp_sft_56_reg_0_/D
                              3.8827         6.2543 r      -2.3716  (VIOLATED)
   u_NV_NVDLA_cmac/u_core/u_mac_3/u_exp/exp_sft_18_reg_0_/D
                              3.8905         6.2621 r      -2.3715  (VIOLATED)
   u_NV_NVDLA_cmac/u_core/u_mac_3/u_exp/exp_sft_54_reg_0_/D
                              3.8905         6.2620 r      -2.3715  (VIOLATED)
   u_NV_NVDLA_cmac/u_core/u_mac_0/u_exp/exp_sft_40_reg_3_/D
                              3.8812         6.2527 r      -2.3715  (VIOLATED)
   u_NV_NVDLA_cmac/u_core/u_mac_6/u_exp/exp_sft_13_reg_0_/D
                              3.8904         6.2619 r      -2.3715  (VIOLATED)
   u_NV_NVDLA_cmac/u_core/u_mac_6/u_exp/exp_sft_15_reg_0_/D
                              3.8905         6.2619 r      -2.3714  (VIOLATED)
   u_NV_NVDLA_cmac/u_core/u_mac_5/u_exp/exp_sft_57_reg_0_/D
                              3.8826         6.2541 r      -2.3714  (VIOLATED)
   u_NV_NVDLA_cmac/u_core/u_mac_3/u_exp/exp_sft_53_reg_0_/D
                              3.8906         6.2620 r      -2.3714  (VIOLATED)
   u_NV_NVDLA_cmac/u_core/u_mac_3/u_exp/exp_sft_14_reg_0_/D
                              3.8906         6.2620 r      -2.3714  (VIOLATED)
   u_NV_NVDLA_cmac/u_core/u_mac_2/u_exp/exp_sft_20_reg_1_/D
                              3.8889         6.2602 r      -2.3713  (VIOLATED)
   u_NV_NVDLA_cmac/u_core/u_mac_3/u_exp/exp_sft_55_reg_0_/D
                              3.8906         6.2619 r      -2.3713  (VIOLATED)
   u_NV_NVDLA_cmac/u_core/u_mac_3/u_exp/exp_sft_15_reg_0_/D
                              3.8906         6.2619 r      -2.3713  (VIOLATED)
   u_NV_NVDLA_cmac/u_core/u_mac_0/u_exp/exp_sft_46_reg_0_/D
                              3.8825         6.2538 r      -2.3713  (VIOLATED)
   u_NV_NVDLA_cmac/u_core/u_mac_1/u_exp/exp_sft_52_reg_1_/D
                              3.8888         6.2600 r      -2.3713  (VIOLATED)
   u_NV_NVDLA_cmac/u_core/u_mac_6/u_exp/exp_sft_28_reg_0_/D
                              3.8905         6.2617 r      -2.3712  (VIOLATED)
   u_NV_NVDLA_cmac/u_core/u_mac_3/u_exp/exp_sft_03_reg_0_/D
                              3.8906         6.2618 r      -2.3712  (VIOLATED)
   u_NV_NVDLA_cmac/u_core/u_mac_5/u_exp/exp_sft_39_reg_1_/D
                              3.8885         6.2597 r      -2.3712  (VIOLATED)
   u_NV_NVDLA_cmac/u_core/u_mac_1/u_exp/exp_sft_12_reg_1_/D
                              3.8812         6.2523 r      -2.3712  (VIOLATED)
   u_NV_NVDLA_cmac/u_core/u_mac_3/u_exp/exp_sft_19_reg_0_/D
                              3.8907         6.2618 r      -2.3712  (VIOLATED)
   u_NV_NVDLA_cmac/u_core/u_mac_4/u_exp/exp_sft_19_reg_3_/D
                              3.8886         6.2597 r      -2.3711  (VIOLATED)
   u_NV_NVDLA_cmac/u_core/u_mac_3/u_exp/exp_sft_00_reg_0_/D
                              3.8907         6.2618 r      -2.3711  (VIOLATED)
   u_NV_NVDLA_cmac/u_core/u_mac_1/u_exp/exp_sft_48_reg_1_/D
                              3.8888         6.2599 r      -2.3711  (VIOLATED)
   u_NV_NVDLA_cmac/u_core/u_mac_5/u_exp/exp_sft_53_reg_1_/D
                              3.8878         6.2589 r      -2.3711  (VIOLATED)
   u_NV_NVDLA_cmac/u_core/u_mac_6/u_exp/exp_sft_21_reg_0_/D
                              3.8904         6.2613 r      -2.3710  (VIOLATED)
   u_NV_NVDLA_cmac/u_core/u_mac_0/u_exp/exp_sft_14_reg_0_/D
                              3.8823         6.2533 r      -2.3710  (VIOLATED)
   u_NV_NVDLA_cmac/u_core/u_mac_3/u_exp/exp_sft_16_reg_0_/D
                              3.8907         6.2617 r      -2.3710  (VIOLATED)
   u_NV_NVDLA_cmac/u_core/u_mac_1/u_exp/exp_sft_46_reg_1_/D
                              3.8885         6.2594 r      -2.3709  (VIOLATED)
   u_NV_NVDLA_cmac/u_core/u_mac_2/u_exp/exp_sft_31_reg_1_/D
                              3.8812         6.2521 r      -2.3709  (VIOLATED)
   u_NV_NVDLA_cmac/u_core/u_mac_1/u_exp/exp_sft_47_reg_3_/D
                              3.8904         6.2613 r      -2.3709  (VIOLATED)
   u_NV_NVDLA_cmac/u_core/u_mac_1/u_exp/exp_sft_38_reg_2_/D
                              3.8826         6.2534 r      -2.3709  (VIOLATED)
   u_NV_NVDLA_cmac/u_core/u_mac_3/u_exp/exp_sft_48_reg_0_/D
                              3.8906         6.2614 r      -2.3708  (VIOLATED)
   u_NV_NVDLA_cmac/u_core/u_mac_0/u_exp/exp_sft_45_reg_0_/D
                              3.8827         6.2535 r      -2.3708  (VIOLATED)
   u_NV_NVDLA_cmac/u_core/u_mac_1/u_exp/exp_sft_09_reg_1_/D
                              3.8887         6.2595 r      -2.3707  (VIOLATED)
   u_NV_NVDLA_cmac/u_core/u_mac_3/u_exp/exp_sft_50_reg_0_/D
                              3.8904         6.2611 r      -2.3707  (VIOLATED)
   u_NV_NVDLA_cmac/u_core/u_mac_3/u_exp/exp_sft_49_reg_0_/D
                              3.8906         6.2612 r      -2.3706  (VIOLATED)
   u_NV_NVDLA_cmac/u_core/u_mac_1/u_exp/exp_sft_50_reg_1_/D
                              3.8888         6.2594 r      -2.3706  (VIOLATED)
   u_NV_NVDLA_cmac/u_core/u_mac_1/u_exp/exp_sft_55_reg_1_/D
                              3.8886         6.2592 r      -2.3705  (VIOLATED)
   u_NV_NVDLA_cmac/u_core/u_mac_1/u_exp/exp_sft_44_reg_1_/D
                              3.8888         6.2593 r      -2.3705  (VIOLATED)
   u_NV_NVDLA_cmac/u_core/u_mac_1/u_exp/exp_sft_60_reg_1_/D
                              3.8887         6.2592 r      -2.3705  (VIOLATED)
   u_NV_NVDLA_cmac/u_core/u_mac_3/u_exp/exp_sft_52_reg_0_/D
                              3.8907         6.2611 r      -2.3704  (VIOLATED)
   u_NV_NVDLA_cmac/u_core/u_mac_1/u_exp/exp_sft_45_reg_1_/D
                              3.8884         6.2588 r      -2.3704  (VIOLATED)
   u_NV_NVDLA_cmac/u_core/u_mac_3/u_exp/exp_sft_01_reg_0_/D
                              3.8906         6.2610 r      -2.3704  (VIOLATED)
   u_NV_NVDLA_cmac/u_core/u_mac_6/u_exp/exp_sft_23_reg_0_/D
                              3.8906         6.2609 r      -2.3703  (VIOLATED)
   u_NV_NVDLA_cmac/u_core/u_mac_6/u_exp/exp_sft_24_reg_0_/D
                              3.8905         6.2608 r      -2.3703  (VIOLATED)
   u_NV_NVDLA_cmac/u_core/u_mac_6/u_exp/exp_sft_26_reg_0_/D
                              3.8906         6.2609 r      -2.3703  (VIOLATED)
   u_NV_NVDLA_cmac/u_core/u_mac_1/u_exp/exp_sft_03_reg_2_/D
                              3.8902         6.2605 r      -2.3702  (VIOLATED)
   u_NV_NVDLA_cmac/u_core/u_mac_0/u_exp/exp_sft_44_reg_0_/D
                              3.8827         6.2529 r      -2.3702  (VIOLATED)
   u_NV_NVDLA_cmac/u_core/u_mac_1/u_exp/exp_sft_23_reg_2_/D
                              3.8905         6.2606 r      -2.3701  (VIOLATED)
   u_NV_NVDLA_cmac/u_core/u_mac_1/u_exp/exp_sft_17_reg_1_/D
                              3.8887         6.2588 r      -2.3701  (VIOLATED)
   u_NV_NVDLA_cmac/u_core/u_mac_6/u_exp/exp_sft_27_reg_0_/D
                              3.8906         6.2606 r      -2.3701  (VIOLATED)
   u_NV_NVDLA_cmac/u_core/u_mac_1/u_exp/exp_sft_18_reg_1_/D
                              3.8889         6.2590 r      -2.3700  (VIOLATED)
   u_NV_NVDLA_cmac/u_core/u_mac_5/u_exp/exp_sft_20_reg_0_/D
                              3.8901         6.2601 r      -2.3700  (VIOLATED)
   u_NV_NVDLA_cmac/u_core/u_mac_1/u_exp/exp_sft_11_reg_1_/D
                              3.8889         6.2589 r      -2.3700  (VIOLATED)
   u_NV_NVDLA_cmac/u_core/u_mac_5/u_exp/exp_sft_32_reg_1_/D
                              3.8890         6.2589 r      -2.3699  (VIOLATED)
   u_NV_NVDLA_cmac/u_core/u_mac_5/u_exp/exp_sft_51_reg_1_/D
                              3.8813         6.2512 r      -2.3699  (VIOLATED)
   u_NV_NVDLA_cmac/u_core/u_mac_1/u_exp/exp_sft_52_reg_2_/D
                              3.8905         6.2604 r      -2.3699  (VIOLATED)
   u_NV_NVDLA_cmac/u_core/u_mac_6/u_exp/exp_sft_17_reg_0_/D
                              3.8905         6.2603 r      -2.3698  (VIOLATED)
   u_NV_NVDLA_cmac/u_core/u_mac_1/u_exp/exp_sft_37_reg_2_/D
                              3.8825         6.2523 r      -2.3698  (VIOLATED)
   u_NV_NVDLA_cmac/u_core/u_mac_1/u_exp/exp_sft_40_reg_3_/D
                              3.8905         6.2603 r      -2.3698  (VIOLATED)
   u_NV_NVDLA_cmac/u_core/u_mac_1/u_exp/exp_sft_13_reg_1_/D
                              3.8809         6.2506 r      -2.3697  (VIOLATED)
   u_NV_NVDLA_cmac/u_core/u_mac_1/u_exp/exp_sft_42_reg_1_/D
                              3.8887         6.2584 r      -2.3697  (VIOLATED)
   u_NV_NVDLA_cmac/u_core/u_mac_1/u_exp/exp_sft_28_reg_2_/D
                              3.8907         6.2602 r      -2.3696  (VIOLATED)
   u_NV_NVDLA_cmac/u_core/u_mac_6/u_exp/exp_sft_22_reg_0_/D
                              3.8906         6.2601 r      -2.3694  (VIOLATED)
   u_NV_NVDLA_cmac/u_core/u_mac_1/u_exp/exp_sft_00_reg_1_/D
                              3.8889         6.2583 r      -2.3694  (VIOLATED)
   u_NV_NVDLA_cmac/u_core/u_mac_0/u_exp/exp_sft_13_reg_0_/D
                              3.8826         6.2520 r      -2.3694  (VIOLATED)
   u_NV_NVDLA_cmac/u_core/u_mac_0/u_exp/exp_sft_06_reg_0_/D
                              3.8901         6.2594 r      -2.3693  (VIOLATED)
   u_NV_NVDLA_cmac/u_core/u_mac_6/u_exp/exp_sft_19_reg_0_/D
                              3.8905         6.2598 r      -2.3693  (VIOLATED)
   u_NV_NVDLA_cmac/u_core/u_mac_0/u_exp/exp_sft_09_reg_1_/D
                              3.8886         6.2579 r      -2.3693  (VIOLATED)
   u_NV_NVDLA_cmac/u_core/u_mac_5/u_exp/exp_sft_41_reg_0_/D
                              3.8906         6.2598 r      -2.3692  (VIOLATED)
   u_NV_NVDLA_cmac/u_core/u_mac_1/u_exp/exp_sft_34_reg_2_/D
                              3.8906         6.2598 r      -2.3692  (VIOLATED)
   u_NV_NVDLA_cmac/u_core/u_mac_4/u_exp/exp_sft_00_reg_1_/D
                              3.8890         6.2581 r      -2.3692  (VIOLATED)
   u_NV_NVDLA_cmac/u_core/u_mac_1/u_exp/exp_sft_31_reg_3_/D
                              3.8828         6.2518 r      -2.3690  (VIOLATED)
   u_NV_NVDLA_cmac/u_core/u_mac_6/u_exp/exp_sft_16_reg_0_/D
                              3.8905         6.2595 r      -2.3689  (VIOLATED)
   u_NV_NVDLA_cmac/u_core/u_mac_1/u_exp/exp_sft_45_reg_2_/D
                              3.8906         6.2594 r      -2.3688  (VIOLATED)
   u_NV_NVDLA_cmac/u_core/u_mac_5/u_exp/exp_sft_14_reg_0_/D
                              3.8907         6.2594 r      -2.3687  (VIOLATED)
   u_NV_NVDLA_cmac/u_core/u_mac_5/u_exp/exp_sft_35_reg_1_/D
                              3.8883         6.2571 r      -2.3687  (VIOLATED)
   u_NV_NVDLA_cmac/u_core/u_mac_5/u_exp/exp_sft_36_reg_1_/D
                              3.8889         6.2575 r      -2.3687  (VIOLATED)
   u_NV_NVDLA_cmac/u_core/u_mac_5/u_exp/exp_sft_30_reg_1_/D
                              3.8890         6.2576 r      -2.3686  (VIOLATED)
   u_NV_NVDLA_cmac/u_core/u_mac_1/u_exp/exp_sft_41_reg_1_/D
                              3.8889         6.2575 r      -2.3686  (VIOLATED)
   u_NV_NVDLA_cmac/u_core/u_mac_0/u_exp/exp_sft_14_reg_3_/D
                              3.8886         6.2572 r      -2.3686  (VIOLATED)
   u_NV_NVDLA_cmac/u_core/u_mac_1/u_exp/exp_sft_43_reg_2_/D
                              3.8903         6.2588 r      -2.3685  (VIOLATED)
   u_NV_NVDLA_cmac/u_core/u_mac_2/u_exp/exp_sft_49_reg_1_/D
                              3.8887         6.2571 r      -2.3684  (VIOLATED)
   u_NV_NVDLA_cmac/u_core/u_mac_0/u_exp/exp_sft_02_reg_3_/D
                              3.8813         6.2495 r      -2.3682  (VIOLATED)
   u_NV_NVDLA_cmac/u_core/u_mac_1/u_exp/exp_sft_42_reg_2_/D
                              3.8904         6.2586 r      -2.3682  (VIOLATED)
   u_NV_NVDLA_cmac/u_core/u_mac_1/u_exp/exp_sft_49_reg_2_/D
                              3.8906         6.2587 r      -2.3681  (VIOLATED)
   u_NV_NVDLA_cmac/u_core/u_mac_0/u_exp/exp_sft_49_reg_0_/D
                              3.8906         6.2587 r      -2.3681  (VIOLATED)
   u_NV_NVDLA_cmac/u_core/u_mac_5/u_exp/exp_sft_33_reg_1_/D
                              3.8890         6.2570 r      -2.3680  (VIOLATED)
   u_NV_NVDLA_cmac/u_core/u_mac_1/u_exp/exp_sft_53_reg_2_/D
                              3.8905         6.2586 r      -2.3680  (VIOLATED)
   u_NV_NVDLA_cmac/u_core/u_mac_3/u_exp/exp_sft_58_reg_1_/D
                              3.8810         6.2489 r      -2.3679  (VIOLATED)
   u_NV_NVDLA_cmac/u_core/u_mac_0/u_exp/exp_sft_43_reg_3_/D
                              3.8883         6.2560 r      -2.3677  (VIOLATED)
   u_NV_NVDLA_cmac/u_core/u_mac_0/u_exp/exp_sft_33_reg_0_/D
                              3.8906         6.2583 r      -2.3677  (VIOLATED)
   u_NV_NVDLA_cmac/u_core/u_mac_5/u_exp/exp_sft_00_reg_0_/D
                              3.8901         6.2578 r      -2.3677  (VIOLATED)
   u_NV_NVDLA_cmac/u_core/u_mac_3/u_exp/exp_sft_59_reg_1_/D
                              3.8810         6.2485 r      -2.3675  (VIOLATED)
   u_NV_NVDLA_cmac/u_core/u_mac_0/u_exp/exp_sft_22_reg_0_/D
                              3.8901         6.2575 r      -2.3674  (VIOLATED)
   u_NV_NVDLA_cmac/u_core/u_mac_0/u_exp/exp_sft_05_reg_0_/D
                              3.8906         6.2579 r      -2.3673  (VIOLATED)
   u_NV_NVDLA_cmac/u_core/u_mac_5/u_exp/exp_sft_16_reg_1_/D
                              3.8813         6.2486 r      -2.3673  (VIOLATED)
   u_NV_NVDLA_cmac/u_core/u_mac_0/u_exp/exp_sft_02_reg_0_/D
                              3.8900         6.2573 r      -2.3673  (VIOLATED)
   u_NV_NVDLA_cmac/u_core/u_mac_0/u_exp/exp_sft_20_reg_0_/D
                              3.8902         6.2575 r      -2.3673  (VIOLATED)
   u_NV_NVDLA_cmac/u_core/u_mac_5/u_exp/exp_sft_58_reg_3_/D
                              3.8886         6.2559 r      -2.3673  (VIOLATED)
   u_NV_NVDLA_cmac/u_core/u_mac_0/u_exp/exp_sft_03_reg_3_/D
                              3.8812         6.2484 r      -2.3672  (VIOLATED)
   u_NV_NVDLA_cmac/u_core/u_mac_1/u_exp/exp_sft_32_reg_1_/D
                              3.8888         6.2559 r      -2.3672  (VIOLATED)
   u_NV_NVDLA_cmac/u_core/u_mac_0/u_exp/exp_sft_04_reg_0_/D
                              3.8901         6.2572 r      -2.3671  (VIOLATED)
   u_NV_NVDLA_cmac/u_core/u_mac_1/u_exp/exp_sft_43_reg_1_/D
                              3.8888         6.2559 r      -2.3671  (VIOLATED)
   u_NV_NVDLA_cmac/u_core/u_mac_1/u_exp/exp_sft_11_reg_2_/D
                              3.8906         6.2575 r      -2.3670  (VIOLATED)
   u_NV_NVDLA_cmac/u_core/u_mac_0/u_exp/exp_sft_48_reg_0_/D
                              3.8903         6.2572 r      -2.3669  (VIOLATED)
   u_NV_NVDLA_cmac/u_core/u_mac_5/u_exp/exp_sft_38_reg_0_/D
                              3.8904         6.2573 r      -2.3669  (VIOLATED)
   u_NV_NVDLA_cmac/u_core/u_mac_5/u_exp/exp_sft_37_reg_0_/D
                              3.8903         6.2572 r      -2.3669  (VIOLATED)
   u_NV_NVDLA_cmac/u_core/u_mac_0/u_exp/exp_sft_38_reg_0_/D
                              3.8901         6.2570 r      -2.3669  (VIOLATED)
   u_NV_NVDLA_cmac/u_core/u_mac_1/u_exp/exp_sft_46_reg_2_/D
                              3.8906         6.2574 r      -2.3668  (VIOLATED)
   u_NV_NVDLA_cmac/u_core/u_mac_6/u_exp/exp_sft_62_reg_2_/D
                              3.8908         6.2577 r      -2.3668  (VIOLATED)
   u_NV_NVDLA_cmac/u_core/u_mac_0/u_exp/exp_sft_28_reg_0_/D
                              3.8901         6.2568 r      -2.3666  (VIOLATED)
   u_NV_NVDLA_cmac/u_core/u_mac_1/u_exp/exp_sft_41_reg_2_/D
                              3.8907         6.2572 r      -2.3666  (VIOLATED)
   u_NV_NVDLA_cmac/u_core/u_mac_0/u_exp/exp_sft_39_reg_3_/D
                              3.8812         6.2478 r      -2.3666  (VIOLATED)
   u_NV_NVDLA_cmac/u_core/u_mac_0/u_exp/exp_sft_08_reg_3_/D
                              3.8886         6.2550 r      -2.3664  (VIOLATED)
   u_NV_NVDLA_cmac/u_core/u_mac_1/u_exp/exp_sft_59_reg_1_/D
                              3.8886         6.2550 r      -2.3664  (VIOLATED)
   u_NV_NVDLA_cmac/u_core/u_mac_0/u_exp/exp_sft_21_reg_0_/D
                              3.8900         6.2563 r      -2.3663  (VIOLATED)
   u_NV_NVDLA_cmac/u_core/u_mac_0/u_exp/exp_sft_12_reg_3_/D
                              3.8810         6.2472 r      -2.3662  (VIOLATED)
   u_NV_NVDLA_cmac/u_core/u_mac_5/u_exp/exp_sft_21_reg_0_/D
                              3.8904         6.2566 r      -2.3662  (VIOLATED)
   u_NV_NVDLA_cmac/u_core/u_mac_5/u_exp/exp_sft_26_reg_0_/D
                              3.8906         6.2566 r      -2.3659  (VIOLATED)
   u_NV_NVDLA_cmac/u_core/u_mac_0/u_exp/exp_sft_42_reg_0_/D
                              3.8905         6.2562 r      -2.3658  (VIOLATED)
   u_NV_NVDLA_cmac/u_core/u_mac_1/u_exp/exp_sft_16_reg_1_/D
                              3.8889         6.2546 r      -2.3657  (VIOLATED)
   u_NV_NVDLA_cmac/u_core/u_mac_3/u_exp/exp_sft_63_reg_1_/D
                              3.8888         6.2545 r      -2.3657  (VIOLATED)
   u_NV_NVDLA_cmac/u_core/u_mac_5/u_exp/exp_sft_50_reg_1_/D
                              3.8889         6.2545 r      -2.3657  (VIOLATED)
   u_NV_NVDLA_cmac/u_core/u_mac_5/u_exp/exp_sft_29_reg_0_/D
                              3.8905         6.2561 r      -2.3656  (VIOLATED)
   u_NV_NVDLA_cmac/u_core/u_mac_5/u_exp/exp_sft_24_reg_0_/D
                              3.8906         6.2561 r      -2.3656  (VIOLATED)
   u_NV_NVDLA_cmac/u_core/u_mac_0/u_exp/exp_sft_50_reg_0_/D
                              3.8906         6.2561 r      -2.3655  (VIOLATED)
   u_NV_NVDLA_cmac/u_core/u_mac_5/u_exp/exp_sft_42_reg_0_/D
                              3.8904         6.2559 r      -2.3655  (VIOLATED)
   u_NV_NVDLA_cmac/u_core/u_mac_5/u_exp/exp_sft_25_reg_0_/D
                              3.8906         6.2561 r      -2.3655  (VIOLATED)
   u_NV_NVDLA_cmac/u_core/u_mac_0/u_exp/exp_sft_27_reg_0_/D
                              3.8906         6.2560 r      -2.3654  (VIOLATED)
   u_NV_NVDLA_cmac/u_core/u_mac_0/u_exp/exp_sft_07_reg_0_/D
                              3.8906         6.2560 r      -2.3654  (VIOLATED)
   u_NV_NVDLA_cmac/u_core/u_mac_0/u_exp/exp_sft_26_reg_0_/D
                              3.8906         6.2560 r      -2.3654  (VIOLATED)
   u_NV_NVDLA_cmac/u_core/u_mac_0/u_exp/exp_sft_52_reg_0_/D
                              3.8904         6.2558 r      -2.3653  (VIOLATED)
   u_NV_NVDLA_cmac/u_core/u_mac_0/u_exp/exp_sft_51_reg_0_/D
                              3.8904         6.2557 r      -2.3653  (VIOLATED)
   u_NV_NVDLA_cmac/u_core/u_mac_5/u_exp/exp_sft_22_reg_0_/D
                              3.8905         6.2557 r      -2.3652  (VIOLATED)
   u_NV_NVDLA_cmac/u_core/u_mac_0/u_exp/exp_sft_16_reg_0_/D
                              3.8906         6.2558 r      -2.3652  (VIOLATED)
   u_NV_NVDLA_cmac/u_core/u_mac_5/u_exp/exp_sft_09_reg_0_/D
                              3.8902         6.2554 r      -2.3652  (VIOLATED)
   u_NV_NVDLA_cmac/u_core/u_mac_5/u_exp/exp_sft_47_reg_0_/D
                              3.8905         6.2557 r      -2.3652  (VIOLATED)
   u_NV_NVDLA_cmac/u_core/u_mac_5/u_exp/exp_sft_34_reg_1_/D
                              3.8889         6.2540 r      -2.3652  (VIOLATED)
   u_NV_NVDLA_cmac/u_core/u_mac_5/u_exp/exp_sft_46_reg_0_/D
                              3.8906         6.2558 r      -2.3652  (VIOLATED)
   u_NV_NVDLA_cmac/u_core/u_mac_0/u_exp/exp_sft_53_reg_0_/D
                              3.8904         6.2556 r      -2.3651  (VIOLATED)
   u_NV_NVDLA_cmac/u_core/u_mac_5/u_exp/exp_sft_45_reg_0_/D
                              3.8904         6.2556 r      -2.3651  (VIOLATED)
   u_NV_NVDLA_cmac/u_core/u_mac_0/u_exp/exp_sft_25_reg_0_/D
                              3.8904         6.2555 r      -2.3651  (VIOLATED)
   u_NV_NVDLA_cmac/u_core/u_mac_5/u_exp/exp_sft_30_reg_0_/D
                              3.8906         6.2557 r      -2.3650  (VIOLATED)
   u_NV_NVDLA_cmac/u_core/u_mac_5/u_exp/exp_sft_52_reg_1_/D
                              3.8887         6.2537 r      -2.3650  (VIOLATED)
   u_NV_NVDLA_cmac/u_core/u_mac_1/u_exp/exp_sft_08_reg_3_/D
                              3.8906         6.2556 r      -2.3650  (VIOLATED)
   u_NV_NVDLA_cmac/u_core/u_mac_0/u_exp/exp_sft_29_reg_0_/D
                              3.8904         6.2554 r      -2.3650  (VIOLATED)
   u_NV_NVDLA_cmac/u_core/u_mac_0/u_exp/exp_sft_03_reg_0_/D
                              3.8907         6.2557 r      -2.3649  (VIOLATED)
   u_NV_NVDLA_cmac/u_core/u_mac_5/u_exp/exp_sft_27_reg_0_/D
                              3.8907         6.2555 r      -2.3648  (VIOLATED)
   u_NV_NVDLA_cmac/u_core/u_mac_5/u_exp/exp_sft_06_reg_0_/D
                              3.8905         6.2552 r      -2.3647  (VIOLATED)
   u_NV_NVDLA_cmac/u_core/u_mac_1/u_exp/exp_sft_15_reg_1_/D
                              3.8888         6.2536 r      -2.3647  (VIOLATED)
   u_NV_NVDLA_cmac/u_core/u_mac_0/u_exp/exp_sft_34_reg_0_/D
                              3.8904         6.2551 r      -2.3647  (VIOLATED)
   u_NV_NVDLA_cmac/u_core/u_mac_0/u_exp/exp_sft_58_reg_0_/D
                              3.8902         6.2549 r      -2.3647  (VIOLATED)
   u_NV_NVDLA_cmac/u_core/u_mac_0/u_exp/exp_sft_24_reg_0_/D
                              3.8905         6.2551 r      -2.3646  (VIOLATED)
   u_NV_NVDLA_cmac/u_core/u_mac_0/u_exp/exp_sft_62_reg_0_/D
                              3.8906         6.2551 r      -2.3646  (VIOLATED)
   u_NV_NVDLA_cmac/u_core/u_mac_0/u_exp/exp_sft_01_reg_0_/D
                              3.8907         6.2552 r      -2.3645  (VIOLATED)
   u_NV_NVDLA_cmac/u_core/u_mac_0/u_exp/exp_sft_10_reg_0_/D
                              3.8904         6.2549 r      -2.3645  (VIOLATED)
   u_NV_NVDLA_cmac/u_core/u_mac_5/u_exp/exp_sft_05_reg_0_/D
                              3.8906         6.2551 r      -2.3645  (VIOLATED)
   u_NV_NVDLA_cmac/u_core/u_mac_0/u_exp/exp_sft_43_reg_0_/D
                              3.8903         6.2547 r      -2.3644  (VIOLATED)
   u_NV_NVDLA_cmac/u_core/u_mac_1/u_exp/exp_sft_39_reg_3_/D
                              3.8905         6.2549 r      -2.3644  (VIOLATED)
   u_NV_NVDLA_cmac/u_core/u_mac_5/u_exp/exp_sft_62_reg_0_/D
                              3.8905         6.2549 r      -2.3644  (VIOLATED)
   u_NV_NVDLA_cmac/u_core/u_mac_1/u_exp/exp_sft_17_reg_2_/D
                              3.8905         6.2549 r      -2.3644  (VIOLATED)
   u_NV_NVDLA_cmac/u_core/u_mac_0/u_exp/exp_sft_54_reg_0_/D
                              3.8905         6.2549 r      -2.3644  (VIOLATED)
   u_NV_NVDLA_cmac/u_core/u_mac_5/u_exp/exp_sft_10_reg_0_/D
                              3.8905         6.2549 r      -2.3644  (VIOLATED)
   u_NV_NVDLA_cmac/u_core/u_mac_0/u_exp/exp_sft_00_reg_0_/D
                              3.8905         6.2548 r      -2.3643  (VIOLATED)
   u_NV_NVDLA_cmac/u_core/u_mac_0/u_exp/exp_sft_18_reg_0_/D
                              3.8905         6.2548 r      -2.3642  (VIOLATED)
   u_NV_NVDLA_cmac/u_core/u_mac_5/u_exp/exp_sft_15_reg_0_/D
                              3.8906         6.2548 r      -2.3642  (VIOLATED)
   u_NV_NVDLA_cmac/u_core/u_mac_0/u_exp/exp_sft_61_reg_0_/D
                              3.8902         6.2544 r      -2.3642  (VIOLATED)
   u_NV_NVDLA_cmac/u_core/u_mac_0/u_exp/exp_sft_55_reg_0_/D
                              3.8905         6.2546 r      -2.3642  (VIOLATED)
   u_NV_NVDLA_cmac/u_core/u_mac_1/u_exp/exp_sft_13_reg_3_/D
                              3.8907         6.2548 r      -2.3642  (VIOLATED)
   u_NV_NVDLA_cmac/u_core/u_mac_0/u_exp/exp_sft_13_reg_3_/D
                              3.8888         6.2529 r      -2.3641  (VIOLATED)
   u_NV_NVDLA_cmac/u_core/u_mac_5/u_exp/exp_sft_31_reg_1_/D
                              3.8886         6.2527 r      -2.3641  (VIOLATED)
   u_NV_NVDLA_cmac/u_core/u_mac_5/u_exp/exp_sft_59_reg_0_/D
                              3.8905         6.2546 r      -2.3641  (VIOLATED)
   u_NV_NVDLA_cmac/u_core/u_mac_5/u_exp/exp_sft_16_reg_0_/D
                              3.8904         6.2545 r      -2.3641  (VIOLATED)
   u_NV_NVDLA_cmac/u_core/u_mac_0/u_exp/exp_sft_17_reg_0_/D
                              3.8905         6.2545 r      -2.3641  (VIOLATED)
   u_NV_NVDLA_cmac/u_core/u_mac_5/u_exp/exp_sft_03_reg_1_/D
                              3.8888         6.2529 r      -2.3641  (VIOLATED)
   u_NV_NVDLA_cmac/u_core/u_mac_5/u_exp/exp_sft_08_reg_0_/D
                              3.8904         6.2545 r      -2.3641  (VIOLATED)
   u_NV_NVDLA_cmac/u_core/u_mac_0/u_exp/exp_sft_56_reg_0_/D
                              3.8904         6.2545 r      -2.3640  (VIOLATED)
   u_NV_NVDLA_cmac/u_core/u_mac_4/u_exp/exp_sft_11_reg_1_/D
                              3.8889         6.2529 r      -2.3640  (VIOLATED)
   u_NV_NVDLA_cmac/u_core/u_mac_5/u_exp/exp_sft_58_reg_0_/D
                              3.8904         6.2544 r      -2.3640  (VIOLATED)
   u_NV_NVDLA_cmac/u_core/u_mac_5/u_exp/exp_sft_07_reg_0_/D
                              3.8906         6.2546 r      -2.3640  (VIOLATED)
   u_NV_NVDLA_cmac/u_core/u_mac_5/u_exp/exp_sft_18_reg_0_/D
                              3.8907         6.2546 r      -2.3639  (VIOLATED)
   u_NV_NVDLA_cmac/u_core/u_mac_5/u_exp/exp_sft_11_reg_0_/D
                              3.8906         6.2545 r      -2.3639  (VIOLATED)
   u_NV_NVDLA_cmac/u_core/u_mac_1/u_exp/exp_sft_14_reg_1_/D
                              3.8887         6.2526 r      -2.3639  (VIOLATED)
   u_NV_NVDLA_cmac/u_core/u_mac_1/u_exp/exp_sft_58_reg_1_/D
                              3.8886         6.2525 r      -2.3639  (VIOLATED)
   u_NV_NVDLA_cmac/u_core/u_mac_0/u_exp/exp_sft_63_reg_0_/D
                              3.8904         6.2543 r      -2.3638  (VIOLATED)
   u_NV_NVDLA_cmac/u_core/u_mac_1/u_exp/exp_sft_09_reg_3_/D
                              3.8906         6.2544 r      -2.3638  (VIOLATED)
   u_NV_NVDLA_cmac/u_core/u_mac_0/u_exp/exp_sft_34_reg_3_/D
                              3.8888         6.2526 r      -2.3638  (VIOLATED)
   u_NV_NVDLA_cmac/u_core/u_mac_0/u_exp/exp_sft_30_reg_0_/D
                              3.8905         6.2542 r      -2.3637  (VIOLATED)
   u_NV_NVDLA_cmac/u_core/u_mac_0/u_exp/exp_sft_39_reg_0_/D
                              3.8904         6.2541 r      -2.3637  (VIOLATED)
   u_NV_NVDLA_cmac/u_core/u_mac_0/u_exp/exp_sft_11_reg_0_/D
                              3.8904         6.2541 r      -2.3637  (VIOLATED)
   u_NV_NVDLA_cmac/u_core/u_mac_0/u_exp/exp_sft_40_reg_0_/D
                              3.8905         6.2542 r      -2.3637  (VIOLATED)
   u_NV_NVDLA_cmac/u_core/u_mac_5/u_exp/exp_sft_20_reg_1_/D
                              3.8889         6.2526 r      -2.3637  (VIOLATED)
   u_NV_NVDLA_cmac/u_core/u_mac_5/u_exp/exp_sft_46_reg_1_/D
                              3.8889         6.2525 r      -2.3636  (VIOLATED)
   u_NV_NVDLA_cmac/u_core/u_mac_5/u_exp/exp_sft_61_reg_0_/D
                              3.8905         6.2541 r      -2.3636  (VIOLATED)
   u_NV_NVDLA_cmac/u_core/u_mac_0/u_exp/exp_sft_11_reg_1_/D
                              3.8887         6.2523 r      -2.3636  (VIOLATED)
   u_NV_NVDLA_cmac/u_core/u_mac_5/u_exp/exp_sft_28_reg_0_/D
                              3.8907         6.2542 r      -2.3636  (VIOLATED)
   u_NV_NVDLA_cmac/u_core/u_mac_0/u_exp/exp_sft_09_reg_0_/D
                              3.8905         6.2540 r      -2.3636  (VIOLATED)
   u_NV_NVDLA_cmac/u_core/u_mac_5/u_exp/exp_sft_24_reg_1_/D
                              3.8890         6.2525 r      -2.3635  (VIOLATED)
   u_NV_NVDLA_cmac/u_core/u_mac_5/u_exp/exp_sft_60_reg_0_/D
                              3.8905         6.2541 r      -2.3635  (VIOLATED)
   u_NV_NVDLA_cmac/u_core/u_mac_2/u_exp/exp_sft_53_reg_1_/D
                              3.8886         6.2522 r      -2.3635  (VIOLATED)
   u_NV_NVDLA_cmac/u_core/u_mac_1/u_exp/exp_sft_57_reg_1_/D
                              3.8889         6.2523 r      -2.3635  (VIOLATED)
   u_NV_NVDLA_cmac/u_core/u_mac_5/u_exp/exp_sft_63_reg_0_/D
                              3.8881         6.2514 r      -2.3633  (VIOLATED)
   u_NV_NVDLA_cmac/u_core/u_mac_6/u_exp/exp_sft_22_reg_1_/D
                              3.8889         6.2522 r      -2.3633  (VIOLATED)
   u_NV_NVDLA_cmac/u_core/u_mac_5/u_exp/exp_sft_12_reg_0_/D
                              3.8906         6.2537 r      -2.3632  (VIOLATED)
   u_NV_NVDLA_cmac/u_core/u_mac_5/u_exp/exp_sft_41_reg_1_/D
                              3.8999         6.2630 f      -2.3631  (VIOLATED)
   u_NV_NVDLA_cmac/u_core/u_mac_0/u_exp/exp_sft_19_reg_0_/D
                              3.8906         6.2537 r      -2.3631  (VIOLATED)
   u_NV_NVDLA_cmac/u_core/u_mac_3/u_exp/exp_sft_56_reg_1_/D
                              3.8810         6.2441 r      -2.3631  (VIOLATED)
   u_NV_NVDLA_cmac/u_core/u_mac_0/u_exp/exp_sft_15_reg_0_/D
                              3.8906         6.2536 r      -2.3631  (VIOLATED)
   u_NV_NVDLA_cmac/u_core/u_mac_0/u_exp/exp_sft_31_reg_0_/D
                              3.8905         6.2536 r      -2.3631  (VIOLATED)
   u_NV_NVDLA_cmac/u_core/u_mac_1/u_exp/exp_sft_56_reg_1_/D
                              3.8888         6.2519 r      -2.3630  (VIOLATED)
   u_NV_NVDLA_cmac/u_core/u_mac_0/u_exp/exp_sft_37_reg_0_/D
                              3.8902         6.2532 r      -2.3629  (VIOLATED)
   u_NV_NVDLA_cmac/u_core/u_mac_1/u_exp/exp_sft_11_reg_3_/D
                              3.8907         6.2535 r      -2.3628  (VIOLATED)
   u_NV_NVDLA_cmac/u_core/u_mac_7/u_exp/exp_max_l1_0_d1_reg_0_/D
                              3.8856         6.2483 r      -2.3628  (VIOLATED)
   u_NV_NVDLA_cmac/u_core/u_mac_4/u_exp/exp_sft_35_reg_1_/D
                              3.8889         6.2517 r      -2.3627  (VIOLATED)
   u_NV_NVDLA_cmac/u_core/u_mac_0/u_exp/exp_sft_57_reg_0_/D
                              3.8905         6.2533 r      -2.3627  (VIOLATED)
   u_NV_NVDLA_cmac/u_core/u_mac_5/u_exp/exp_sft_26_reg_1_/D
                              3.8889         6.2516 r      -2.3627  (VIOLATED)
   u_NV_NVDLA_cmac/u_core/u_mac_1/u_exp/exp_sft_32_reg_2_/D
                              3.8906         6.2533 r      -2.3627  (VIOLATED)
   u_NV_NVDLA_cmac/u_core/u_mac_5/u_exp/exp_sft_04_reg_0_/D
                              3.8881         6.2507 r      -2.3626  (VIOLATED)
   u_NV_NVDLA_cmac/u_core/u_mac_0/u_exp/exp_sft_41_reg_0_/D
                              3.8906         6.2530 r      -2.3625  (VIOLATED)
   u_NV_NVDLA_cmac/u_core/u_mac_1/u_exp/exp_sft_08_reg_1_/D
                              3.8888         6.2512 r      -2.3624  (VIOLATED)
   u_NV_NVDLA_cmac/u_core/u_mac_0/u_exp/exp_sft_47_reg_0_/D
                              3.8907         6.2530 r      -2.3624  (VIOLATED)
   u_NV_NVDLA_cmac/u_core/u_mac_3/u_exp/exp_sft_05_reg_1_/D
                              3.8811         6.2435 r      -2.3623  (VIOLATED)
   u_NV_NVDLA_cmac/u_core/u_mac_2/u_exp/exp_sft_09_reg_1_/D
                              3.8882         6.2505 r      -2.3623  (VIOLATED)
   u_NV_NVDLA_cmac/u_core/u_mac_5/u_exp/exp_sft_40_reg_1_/D
                              3.8890         6.2512 r      -2.3622  (VIOLATED)
   u_NV_NVDLA_cmac/u_core/u_mac_5/u_exp/exp_sft_25_reg_1_/D
                              3.8888         6.2507 r      -2.3619  (VIOLATED)
   u_NV_NVDLA_cmac/u_core/u_mac_1/u_exp/exp_sft_16_reg_2_/D
                              3.8905         6.2524 r      -2.3618  (VIOLATED)
   u_NV_NVDLA_cmac/u_core/u_mac_6/u_exp/exp_sft_62_reg_1_/D
                              3.8890         6.2508 r      -2.3617  (VIOLATED)
   u_NV_NVDLA_cmac/u_core/u_mac_2/u_exp/exp_sft_25_reg_1_/D
                              3.8819         6.2435 r      -2.3616  (VIOLATED)
   u_NV_NVDLA_cmac/u_core/u_mac_6/u_exp/exp_sft_20_reg_1_/D
                              3.8890         6.2505 r      -2.3616  (VIOLATED)
   u_NV_NVDLA_cmac/u_core/u_mac_0/u_exp/exp_sft_51_reg_2_/D
                              3.8905         6.2520 r      -2.3615  (VIOLATED)
   u_NV_NVDLA_cmac/u_core/u_mac_0/u_exp/exp_sft_35_reg_0_/D
                              3.8906         6.2520 r      -2.3614  (VIOLATED)
   u_NV_NVDLA_cmac/u_core/u_mac_1/u_exp/exp_sft_30_reg_2_/D
                              3.8907         6.2519 r      -2.3612  (VIOLATED)
   u_NV_NVDLA_cmac/u_core/u_mac_0/u_exp/exp_sft_09_reg_3_/D
                              3.8887         6.2499 r      -2.3612  (VIOLATED)
   u_NV_NVDLA_cmac/u_core/u_mac_0/u_exp/exp_sft_32_reg_0_/D
                              3.8906         6.2517 r      -2.3611  (VIOLATED)
   u_NV_NVDLA_cmac/u_core/u_mac_1/u_exp/exp_sft_35_reg_2_/D
                              3.8904         6.2515 r      -2.3610  (VIOLATED)
   u_NV_NVDLA_cmac/u_core/u_mac_0/u_exp/exp_sft_36_reg_0_/D
                              3.8905         6.2514 r      -2.3609  (VIOLATED)
   u_NV_NVDLA_cmac/u_core/u_mac_0/u_exp/exp_sft_08_reg_1_/D
                              3.8889         6.2498 r      -2.3609  (VIOLATED)
   u_NV_NVDLA_cmac/u_core/u_mac_3/u_exp/exp_sft_62_reg_1_/D
                              3.8887         6.2492 r      -2.3605  (VIOLATED)
   u_NV_NVDLA_cmac/u_core/u_mac_2/u_exp/exp_sft_57_reg_1_/D
                              3.8889         6.2494 r      -2.3604  (VIOLATED)
   u_NV_NVDLA_cmac/u_core/u_mac_0/u_exp/exp_sft_12_reg_0_/D
                              3.8905         6.2509 r      -2.3604  (VIOLATED)
   u_NV_NVDLA_cmac/u_core/u_mac_2/u_exp/exp_sft_08_reg_1_/D
                              3.8887         6.2491 r      -2.3604  (VIOLATED)
   u_NV_NVDLA_cmac/u_core/u_mac_2/u_exp/exp_sft_51_reg_1_/D
                              3.8890         6.2493 r      -2.3603  (VIOLATED)
   u_NV_NVDLA_cmac/u_core/u_mac_1/u_exp/exp_sft_14_reg_2_/D
                              3.8905         6.2507 r      -2.3602  (VIOLATED)
   u_NV_NVDLA_cmac/u_core/u_mac_6/u_exp/exp_sft_25_reg_1_/D
                              3.8877         6.2480 r      -2.3602  (VIOLATED)
   u_NV_NVDLA_cmac/u_core/u_mac_0/u_exp/exp_sft_53_reg_1_/D
                              3.8885         6.2485 r      -2.3601  (VIOLATED)
   u_NV_NVDLA_cmac/u_core/u_mac_2/u_exp/exp_sft_14_reg_1_/D
                              3.8885         6.2485 r      -2.3600  (VIOLATED)
   u_NV_NVDLA_cmac/u_core/u_mac_4/u_exp/exp_sft_12_reg_1_/D
                              3.8811         6.2411 r      -2.3599  (VIOLATED)
   u_NV_NVDLA_cmac/u_core/u_mac_1/u_exp/exp_sft_40_reg_2_/D
                              3.8904         6.2503 r      -2.3599  (VIOLATED)
   u_NV_NVDLA_cmac/u_core/u_mac_1/u_exp/exp_sft_44_reg_2_/D
                              3.8907         6.2505 r      -2.3598  (VIOLATED)
   u_NV_NVDLA_cmac/u_core/u_mac_4/u_exp/exp_sft_34_reg_1_/D
                              3.8887         6.2484 r      -2.3597  (VIOLATED)
   u_NV_NVDLA_cmac/u_core/u_mac_2/u_exp/exp_sft_11_reg_1_/D
                              3.8887         6.2483 r      -2.3595  (VIOLATED)
   u_NV_NVDLA_cmac/u_core/u_mac_0/u_exp/exp_sft_54_reg_2_/D
                              3.8885         6.2479 r      -2.3594  (VIOLATED)
   u_NV_NVDLA_cmac/u_core/u_mac_4/u_exp/exp_sft_49_reg_1_/D
                              3.8888         6.2479 r      -2.3592  (VIOLATED)
   u_NV_NVDLA_cmac/u_core/u_mac_2/u_exp/exp_sft_17_reg_1_/D
                              3.8889         6.2480 r      -2.3591  (VIOLATED)
   u_NV_NVDLA_cmac/u_core/u_mac_0/u_exp/exp_sft_48_reg_1_/D
                              3.8884         6.2474 r      -2.3590  (VIOLATED)
   u_NV_NVDLA_cmac/u_core/u_mac_3/u_exp/exp_sft_57_reg_1_/D
                              3.8888         6.2478 r      -2.3590  (VIOLATED)
   u_NV_NVDLA_cmac/u_core/u_mac_1/u_exp/exp_sft_15_reg_2_/D
                              3.8907         6.2496 r      -2.3589  (VIOLATED)
   u_NV_NVDLA_cmac/u_core/u_mac_5/u_exp/exp_sft_08_reg_1_/D
                              3.8889         6.2476 r      -2.3588  (VIOLATED)
   u_NV_NVDLA_cmac/u_core/u_mac_4/u_exp/exp_sft_42_reg_1_/D
                              3.8888         6.2476 r      -2.3587  (VIOLATED)
   u_NV_NVDLA_cmac/u_core/u_mac_4/u_exp/exp_sft_10_reg_1_/D
                              3.8887         6.2473 r      -2.3586  (VIOLATED)
   u_NV_NVDLA_cmac/u_core/u_mac_2/u_exp/exp_sft_15_reg_2_/D
                              3.8906         6.2492 r      -2.3586  (VIOLATED)
   u_NV_NVDLA_cmac/u_core/u_mac_3/u_exp/exp_sft_01_reg_1_/D
                              3.8950         6.2535 f      -2.3586  (VIOLATED)
   u_NV_NVDLA_cmac/u_core/u_mac_2/u_exp/exp_sft_10_reg_2_/D
                              3.8906         6.2491 r      -2.3585  (VIOLATED)
   u_NV_NVDLA_cmac/u_core/u_mac_2/u_exp/exp_sft_04_reg_1_/D
                              3.8889         6.2472 r      -2.3583  (VIOLATED)
   u_NV_NVDLA_cmac/u_core/u_mac_0/u_exp/exp_sft_16_reg_3_/D
                              3.8888         6.2470 r      -2.3583  (VIOLATED)
   u_NV_NVDLA_cmac/u_core/u_mac_1/u_exp/exp_sft_09_reg_2_/D
                              3.8906         6.2489 r      -2.3583  (VIOLATED)
   u_NV_NVDLA_cmac/u_core/u_mac_0/u_exp/exp_sft_13_reg_1_/D
                              3.8887         6.2468 r      -2.3581  (VIOLATED)
   u_NV_NVDLA_cmac/u_core/u_mac_0/u_exp/exp_sft_12_reg_1_/D
                              3.8887         6.2467 r      -2.3580  (VIOLATED)
   u_NV_NVDLA_cmac/u_core/u_mac_1/u_exp/exp_sft_10_reg_2_/D
                              3.8905         6.2484 r      -2.3579  (VIOLATED)
   u_NV_NVDLA_cmac/u_core/u_mac_0/u_exp/exp_sft_44_reg_1_/D
                              3.8810         6.2386 r      -2.3576  (VIOLATED)
   u_NV_NVDLA_cmac/u_core/u_mac_1/u_exp/exp_sft_10_reg_3_/D
                              3.8907         6.2482 r      -2.3576  (VIOLATED)
   u_NV_NVDLA_cmac/u_core/u_mac_6/u_exp/exp_sft_24_reg_1_/D
                              3.8883         6.2457 r      -2.3575  (VIOLATED)
   u_NV_NVDLA_cmac/u_core/u_mac_5/u_exp/exp_sft_11_reg_1_/D
                              3.8888         6.2462 r      -2.3574  (VIOLATED)
   u_NV_NVDLA_cmac/u_core/u_mac_1/u_exp/exp_sft_63_reg_1_/D
                              3.9012         6.2583 f      -2.3572  (VIOLATED)
   u_NV_NVDLA_cmac/u_core/u_mac_5/u_exp/exp_sft_09_reg_1_/D
                              3.8888         6.2456 r      -2.3568  (VIOLATED)
   u_NV_NVDLA_cmac/u_core/u_mac_0/u_exp/exp_sft_52_reg_1_/D
                              3.8886         6.2453 r      -2.3568  (VIOLATED)
   u_NV_NVDLA_cmac/u_core/u_mac_1/u_exp/exp_sft_12_reg_3_/D
                              3.8905         6.2472 r      -2.3567  (VIOLATED)
   u_NV_NVDLA_cmac/u_core/u_mac_4/u_exp/exp_sft_16_reg_1_/D
                              3.8889         6.2455 r      -2.3566  (VIOLATED)
   u_NV_NVDLA_cmac/u_core/u_mac_5/u_exp/exp_sft_54_reg_1_/D
                              3.8882         6.2447 r      -2.3565  (VIOLATED)
   u_NV_NVDLA_cmac/u_core/u_mac_5/u_exp/exp_sft_06_reg_1_/D
                              3.8988         6.2552 f      -2.3564  (VIOLATED)
   u_NV_NVDLA_cmac/u_core/u_mac_3/u_exp/exp_sft_60_reg_1_/D
                              3.8888         6.2451 r      -2.3563  (VIOLATED)
   u_NV_NVDLA_cmac/u_core/u_mac_0/u_exp/exp_sft_50_reg_1_/D
                              3.8889         6.2451 r      -2.3562  (VIOLATED)
   u_NV_NVDLA_cmac/u_core/u_mac_1/u_exp/exp_sft_12_reg_2_/D
                              3.8906         6.2468 r      -2.3562  (VIOLATED)
   u_NV_NVDLA_cmac/u_core/u_mac_0/u_exp/exp_sft_38_reg_3_/D
                              3.8890         6.2451 r      -2.3561  (VIOLATED)
   u_NV_NVDLA_cmac/u_core/u_mac_0/u_exp/exp_sft_49_reg_1_/D
                              3.8884         6.2442 r      -2.3559  (VIOLATED)
   u_NV_NVDLA_cmac/u_core/u_mac_3/u_exp/exp_sft_00_reg_1_/D
                              3.9000         6.2554 f      -2.3554  (VIOLATED)
   u_NV_NVDLA_cmac/u_core/u_mac_5/u_exp/exp_sft_01_reg_1_/D
                              3.8888         6.2442 r      -2.3554  (VIOLATED)
   u_NV_NVDLA_cmac/u_core/u_mac_0/u_exp/exp_sft_51_reg_1_/D
                              3.8887         6.2441 r      -2.3553  (VIOLATED)
   u_NV_NVDLA_cmac/u_core/u_mac_3/u_exp/exp_sft_61_reg_1_/D
                              3.8887         6.2439 r      -2.3552  (VIOLATED)
   u_NV_NVDLA_cmac/u_core/u_mac_5/u_exp/exp_sft_02_reg_1_/D
                              3.8884         6.2436 r      -2.3551  (VIOLATED)
   u_NV_NVDLA_cmac/u_core/u_mac_1/u_exp/exp_sft_13_reg_2_/D
                              3.8907         6.2458 r      -2.3551  (VIOLATED)
   u_NV_NVDLA_cmac/u_core/u_mac_1/u_exp/exp_sft_24_reg_3_/D
                              3.8886         6.2436 r      -2.3550  (VIOLATED)
   u_NV_NVDLA_cmac/u_core/u_mac_6/u_exp/exp_sft_23_reg_1_/D
                              3.8888         6.2436 r      -2.3548  (VIOLATED)
   u_NV_NVDLA_cmac/u_core/u_mac_6/u_exp/exp_sft_00_reg_1_/D
                              3.8888         6.2436 r      -2.3548  (VIOLATED)
   u_NV_NVDLA_cmac/u_core/u_mac_2/u_exp/exp_sft_24_reg_1_/D
                              3.8897         6.2444 r      -2.3546  (VIOLATED)
   u_NV_NVDLA_cmac/u_core/u_mac_5/u_exp/exp_sft_10_reg_1_/D
                              3.8890         6.2436 r      -2.3546  (VIOLATED)
   u_NV_NVDLA_cmac/u_core/u_mac_0/u_exp/exp_sft_14_reg_1_/D
                              3.8811         6.2357 r      -2.3546  (VIOLATED)
   u_NV_NVDLA_cmac/u_core/u_mac_0/u_exp/exp_sft_05_reg_1_/D
                              3.8889         6.2434 r      -2.3546  (VIOLATED)
   u_NV_NVDLA_cmac/u_core/u_mac_1/u_exp/exp_sft_19_reg_3_/D
                              3.8888         6.2433 r      -2.3546  (VIOLATED)
   u_NV_NVDLA_cmac/u_core/u_mac_3/u_exp/exp_sft_54_reg_1_/D
                              3.8885         6.2420 r      -2.3534  (VIOLATED)
   u_NV_NVDLA_cmac/u_core/u_mac_5/u_exp/exp_sft_07_reg_1_/D
                              3.8891         6.2424 r      -2.3533  (VIOLATED)
   u_NV_NVDLA_cmac/u_core/u_mac_2/u_exp/exp_sft_05_reg_1_/D
                              3.8812         6.2345 r      -2.3532  (VIOLATED)
   u_NV_NVDLA_cmac/u_core/u_mac_5/u_exp/exp_sft_12_reg_1_/D
                              3.8890         6.2422 r      -2.3532  (VIOLATED)
   u_NV_NVDLA_cmac/u_core/u_mac_2/u_exp/exp_sft_19_reg_1_/D
                              3.8897         6.2427 r      -2.3530  (VIOLATED)
   u_NV_NVDLA_cmac/u_core/u_mac_5/u_exp/exp_sft_37_reg_1_/D
                              3.9000         6.2528 f      -2.3528  (VIOLATED)
   u_NV_NVDLA_cmac/u_core/u_mac_5/u_exp/exp_sft_17_reg_1_/D
                              3.8811         6.2337 r      -2.3526  (VIOLATED)
   u_NV_NVDLA_cmac/u_core/u_mac_3/u_exp/exp_sft_51_reg_1_/D
                              3.8886         6.2408 r      -2.3522  (VIOLATED)
   u_NV_NVDLA_cmac/u_core/u_mac_5/u_exp/exp_sft_05_reg_1_/D
                              3.8888         6.2408 r      -2.3520  (VIOLATED)
   u_NV_NVDLA_cmac/u_core/u_mac_0/u_exp/exp_sft_00_reg_1_/D
                              3.8811         6.2330 r      -2.3519  (VIOLATED)
   u_NV_NVDLA_cmac/u_core/u_mac_5/u_exp/exp_sft_38_reg_1_/D
                              3.9000         6.2513 f      -2.3514  (VIOLATED)
   u_NV_NVDLA_cmac/u_core/u_mac_0/u_exp/exp_sft_31_reg_1_/D
                              3.8888         6.2399 r      -2.3511  (VIOLATED)
   u_NV_NVDLA_cmac/u_core/u_mac_1/u_exp/exp_sft_31_reg_2_/D
                              3.8828         6.2339 r      -2.3511  (VIOLATED)
   u_NV_NVDLA_cmac/u_core/u_mac_5/u_exp/exp_sft_18_reg_1_/D
                              3.8808         6.2317 r      -2.3509  (VIOLATED)
   u_NV_NVDLA_cmac/u_core/u_mac_5/u_exp/exp_sft_42_reg_1_/D
                              3.9001         6.2507 f      -2.3506  (VIOLATED)
   u_NV_NVDLA_cmac/u_core/u_mac_1/u_exp/exp_sft_36_reg_2_/D
                              3.8905         6.2408 r      -2.3503  (VIOLATED)
   u_NV_NVDLA_cmac/u_core/u_mac_0/u_exp/exp_sft_33_reg_1_/D
                              3.8887         6.2389 r      -2.3501  (VIOLATED)
   u_NV_NVDLA_cmac/u_core/u_mac_5/u_exp/exp_sft_13_reg_1_/D
                              3.8890         6.2390 r      -2.3500  (VIOLATED)
   u_NV_NVDLA_cmac/u_core/u_mac_0/u_exp/exp_sft_44_reg_3_/D
                              3.8889         6.2388 r      -2.3498  (VIOLATED)
   u_NV_NVDLA_cmac/u_core/u_mac_0/u_exp/exp_sft_56_reg_1_/D
                              3.8886         6.2383 r      -2.3498  (VIOLATED)
   u_NV_NVDLA_cmac/u_core/u_mac_0/u_exp/exp_sft_61_reg_1_/D
                              3.8881         6.2379 r      -2.3498  (VIOLATED)
   u_NV_NVDLA_cmac/u_core/u_mac_5/u_exp/exp_sft_21_reg_1_/D
                              3.8812         6.2309 r      -2.3497  (VIOLATED)
   u_NV_NVDLA_cmac/u_core/u_mac_1/u_exp/exp_sft_06_reg_2_/D
                              3.8902         6.2399 r      -2.3496  (VIOLATED)
   u_NV_NVDLA_cmac/u_core/u_mac_5/u_exp/exp_sft_49_reg_1_/D
                              3.8889         6.2381 r      -2.3492  (VIOLATED)
   u_NV_NVDLA_cmac/u_core/u_mac_0/u_exp/exp_sft_38_reg_1_/D
                              3.8887         6.2377 r      -2.3490  (VIOLATED)
   u_NV_NVDLA_cmac/u_core/u_mac_5/u_exp/exp_sft_29_reg_1_/D
                              3.8999         6.2488 f      -2.3489  (VIOLATED)
   u_NV_NVDLA_cmac/u_core/u_mac_0/u_exp/exp_sft_15_reg_1_/D
                              3.8888         6.2377 r      -2.3488  (VIOLATED)
   u_NV_NVDLA_cmac/u_core/u_mac_5/u_exp/exp_sft_43_reg_1_/D
                              3.8889         6.2376 r      -2.3488  (VIOLATED)
   u_NV_NVDLA_cmac/u_core/u_mac_5/u_exp/exp_sft_22_reg_1_/D
                              3.8813         6.2300 r      -2.3487  (VIOLATED)
   u_NV_NVDLA_cmac/u_core/u_mac_0/u_exp/exp_sft_57_reg_1_/D
                              3.8879         6.2365 r      -2.3487  (VIOLATED)
   u_NV_NVDLA_cmac/u_core/u_mac_5/u_exp/exp_sft_23_reg_1_/D
                              3.8812         6.2297 r      -2.3484  (VIOLATED)
   u_NV_NVDLA_cmac/u_core/u_mac_5/u_exp/exp_sft_19_reg_1_/D
                              3.8813         6.2296 r      -2.3484  (VIOLATED)
   u_NV_NVDLA_cmac/u_core/u_mac_0/u_exp/exp_sft_34_reg_1_/D
                              3.8887         6.2370 r      -2.3483  (VIOLATED)
   u_NV_NVDLA_cmac/u_core/u_mac_1/u_exp/exp_sft_07_reg_2_/D
                              3.8904         6.2387 r      -2.3483  (VIOLATED)
   u_NV_NVDLA_cmac/u_core/u_mac_0/u_exp/exp_sft_37_reg_1_/D
                              3.8888         6.2369 r      -2.3481  (VIOLATED)
   u_NV_NVDLA_cmac/u_core/u_mac_0/u_exp/exp_sft_60_reg_1_/D
                              3.8887         6.2368 r      -2.3481  (VIOLATED)
   u_NV_NVDLA_cmac/u_core/u_mac_0/u_exp/exp_sft_32_reg_1_/D
                              3.8888         6.2367 r      -2.3479  (VIOLATED)
   u_NV_NVDLA_cmac/u_core/u_mac_0/u_exp/exp_sft_35_reg_1_/D
                              3.8888         6.2364 r      -2.3476  (VIOLATED)
   u_NV_NVDLA_cmac/u_core/u_mac_0/u_exp/exp_sft_36_reg_1_/D
                              3.8887         6.2363 r      -2.3476  (VIOLATED)
   u_NV_NVDLA_cmac/u_core/u_mac_0/u_exp/exp_sft_59_reg_1_/D
                              3.8880         6.2354 r      -2.3475  (VIOLATED)
   u_NV_NVDLA_cmac/u_core/u_mac_0/u_exp/exp_sft_58_reg_1_/D
                              3.8885         6.2358 r      -2.3473  (VIOLATED)
   u_NV_NVDLA_cmac/u_core/u_mac_5/u_exp/exp_sft_62_reg_1_/D
                              3.8890         6.2362 r      -2.3472  (VIOLATED)
   u_NV_NVDLA_cmac/u_core/u_mac_1/u_exp/exp_sft_08_reg_2_/D
                              3.8905         6.2370 r      -2.3465  (VIOLATED)
   u_NV_NVDLA_cmac/u_core/u_mac_5/u_exp/exp_sft_28_reg_1_/D
                              3.9000         6.2459 f      -2.3459  (VIOLATED)
   u_NV_NVDLA_cmac/u_core/u_mac_1/u_exp/exp_sft_39_reg_2_/D
                              3.8907         6.2363 r      -2.3456  (VIOLATED)
   u_NV_NVDLA_cmac/u_core/u_mac_2/u_exp/exp_sft_22_reg_1_/D
                              3.8901         6.2353 r      -2.3452  (VIOLATED)
   u_NV_NVDLA_cmac/u_core/u_mac_0/u_exp/exp_sft_02_reg_1_/D
                              3.8890         6.2341 r      -2.3451  (VIOLATED)
   u_NV_NVDLA_cmac/u_core/u_mac_2/u_exp/exp_sft_10_reg_1_/D
                              3.8887         6.2337 r      -2.3449  (VIOLATED)
   u_NV_NVDLA_cmac/u_core/u_mac_5/u_exp/exp_sft_47_reg_1_/D
                              3.8889         6.2338 r      -2.3448  (VIOLATED)
   u_NV_NVDLA_cmac/u_core/u_mac_2/u_exp/exp_sft_26_reg_1_/D
                              3.8901         6.2348 r      -2.3447  (VIOLATED)
   u_NV_NVDLA_cmac/u_core/u_mac_5/u_exp/exp_sft_15_reg_1_/D
                              3.9000         6.2443 f      -2.3443  (VIOLATED)
   u_NV_NVDLA_cmac/u_core/u_mac_0/u_exp/exp_sft_03_reg_1_/D
                              3.8887         6.2325 r      -2.3439  (VIOLATED)
   u_NV_NVDLA_cmac/u_core/u_mac_0/u_exp/exp_sft_62_reg_1_/D
                              3.8888         6.2325 r      -2.3437  (VIOLATED)
   u_NV_NVDLA_cmac/u_core/u_mac_2/u_exp/exp_sft_15_reg_1_/D
                              3.8887         6.2318 r      -2.3430  (VIOLATED)
   u_NV_NVDLA_cmac/u_core/u_mac_4/u_exp/exp_sft_13_reg_1_/D
                              3.8809         6.2233 r      -2.3423  (VIOLATED)
   u_NV_NVDLA_cmac/u_core/u_mac_5/u_exp/exp_sft_27_reg_1_/D
                              3.9000         6.2421 f      -2.3421  (VIOLATED)
   u_NV_NVDLA_cmac/u_core/u_mac_5/u_exp/exp_sft_44_reg_1_/D
                              3.8886         6.2306 r      -2.3420  (VIOLATED)
   u_NV_NVDLA_cmac/u_core/u_mac_4/u_exp/exp_sft_38_reg_1_/D
                              3.8889         6.2308 r      -2.3419  (VIOLATED)
   u_NV_NVDLA_cmac/u_core/u_mac_5/u_exp/exp_sft_31_reg_0_/D
                              3.8880         6.2292 r      -2.3412  (VIOLATED)
   u_NV_NVDLA_cmac/u_core/u_mac_4/u_exp/exp_max_l1_0_d1_reg_0_/D
                              3.8829         6.2223 r      -2.3395  (VIOLATED)
   u_NV_NVDLA_cmac/u_core/u_mac_1/u_exp/exp_sft_33_reg_1_/D
                              3.8810         6.2205 r      -2.3395  (VIOLATED)
   u_NV_NVDLA_cmac/u_core/u_mac_5/u_exp/exp_sft_45_reg_1_/D
                              3.8890         6.2283 r      -2.3392  (VIOLATED)
   u_NV_NVDLA_cmac/u_core/u_mac_5/u_exp/exp_sft_14_reg_1_/D
                              3.8891         6.2264 r      -2.3374  (VIOLATED)
   u_NV_NVDLA_cmac/u_core/u_mac_1/u_exp/exp_sft_01_reg_1_/D
                              3.8889         6.2255 r      -2.3366  (VIOLATED)
   u_NV_NVDLA_cmac/u_core/u_mac_4/u_exp/exp_sft_55_reg_1_/D
                              3.8887         6.2252 r      -2.3365  (VIOLATED)
   u_NV_NVDLA_cmac/u_core/u_mac_1/u_exp/exp_sft_05_reg_1_/D
                              3.8890         6.2252 r      -2.3363  (VIOLATED)
   u_NV_NVDLA_cmac/u_core/u_mac_4/u_exp/exp_sft_37_reg_1_/D
                              3.8889         6.2251 r      -2.3363  (VIOLATED)
   u_NV_NVDLA_cmac/u_core/u_mac_4/u_exp/exp_sft_22_reg_1_/D
                              3.8888         6.2248 r      -2.3360  (VIOLATED)
   u_NV_NVDLA_cmac/u_core/u_mac_4/u_exp/exp_sft_50_reg_1_/D
                              3.8812         6.2171 r      -2.3359  (VIOLATED)
   u_NV_NVDLA_cmac/u_core/u_mac_1/u_exp/exp_sft_30_reg_1_/D
                              3.8888         6.2246 r      -2.3358  (VIOLATED)
   u_NV_NVDLA_cmac/u_core/u_mac_1/u_exp/exp_sft_40_reg_1_/D
                              3.8888         6.2226 r      -2.3338  (VIOLATED)
   u_NV_NVDLA_cmac/u_core/u_mac_1/u_exp/exp_sft_36_reg_1_/D
                              3.8889         6.2226 r      -2.3337  (VIOLATED)
   u_NV_NVDLA_cmac/u_core/u_mac_0/u_exp/exp_sft_01_reg_1_/D
                              3.8889         6.2225 r      -2.3336  (VIOLATED)
   u_NV_NVDLA_cmac/u_core/u_mac_4/u_exp/exp_sft_29_reg_1_/D
                              3.8888         6.2223 r      -2.3335  (VIOLATED)
   u_NV_NVDLA_cmac/u_core/u_mac_0/u_exp/exp_sft_54_reg_1_/D
                              3.8887         6.2219 r      -2.3331  (VIOLATED)
   u_NV_NVDLA_cmac/u_core/u_mac_1/u_exp/exp_sft_39_reg_1_/D
                              3.8888         6.2218 r      -2.3330  (VIOLATED)
   u_NV_NVDLA_cmac/u_core/u_mac_0/u_exp/exp_sft_55_reg_1_/D
                              3.8887         6.2216 r      -2.3329  (VIOLATED)
   u_NV_NVDLA_cmac/u_core/u_mac_1/u_exp/exp_sft_38_reg_1_/D
                              3.8886         6.2213 r      -2.3327  (VIOLATED)
   u_NV_NVDLA_cmac/u_core/u_mac_4/u_exp/exp_sft_47_reg_1_/D
                              3.8888         6.2215 r      -2.3327  (VIOLATED)
   u_NV_NVDLA_cmac/u_core/u_mac_4/u_exp/exp_sft_28_reg_1_/D
                              3.8888         6.2213 r      -2.3325  (VIOLATED)
   u_NV_NVDLA_cmac/u_core/u_mac_4/u_exp/exp_sft_62_reg_1_/D
                              3.8888         6.2211 r      -2.3323  (VIOLATED)
   u_NV_NVDLA_cmac/u_core/u_mac_4/u_exp/exp_sft_30_reg_1_/D
                              3.8888         6.2211 r      -2.3323  (VIOLATED)
   u_NV_NVDLA_cmac/u_core/u_mac_3/u_exp/exp_sft_63_reg_0_/D
                              3.8888         6.2204 r      -2.3316  (VIOLATED)
   u_NV_NVDLA_cmac/u_core/u_mac_1/u_exp/exp_sft_37_reg_1_/D
                              3.8889         6.2205 r      -2.3316  (VIOLATED)
   u_NV_NVDLA_cmac/u_core/u_mac_1/u_exp/exp_sft_34_reg_1_/D
                              3.8888         6.2204 r      -2.3316  (VIOLATED)
   u_NV_NVDLA_cmac/u_core/u_mac_1/u_exp/exp_sft_19_reg_1_/D
                              3.8888         6.2203 r      -2.3315  (VIOLATED)
   u_NV_NVDLA_cmac/u_core/u_mac_4/u_exp/exp_sft_52_reg_1_/D
                              3.8811         6.2123 r      -2.3313  (VIOLATED)
   u_NV_NVDLA_cmac/u_core/u_mac_4/u_exp/exp_sft_02_reg_1_/D
                              3.8807         6.2119 r      -2.3312  (VIOLATED)
   u_NV_NVDLA_cmac/u_core/u_mac_4/u_exp/exp_sft_03_reg_1_/D
                              3.8882         6.2183 r      -2.3301  (VIOLATED)
   u_NV_NVDLA_cmac/u_core/u_mac_4/u_exp/exp_sft_19_reg_1_/D
                              3.8887         6.2174 r      -2.3287  (VIOLATED)
   u_NV_NVDLA_cmac/u_core/u_mac_4/u_exp/exp_sft_51_reg_1_/D
                              3.8886         6.2169 r      -2.3282  (VIOLATED)
   u_NV_NVDLA_cmac/u_core/u_mac_4/u_exp/exp_sft_46_reg_1_/D
                              3.8886         6.2164 r      -2.3278  (VIOLATED)
   u_NV_NVDLA_cmac/u_core/u_mac_4/u_exp/exp_sft_06_reg_1_/D
                              3.8887         6.2165 r      -2.3278  (VIOLATED)
   u_NV_NVDLA_cmac/u_core/u_mac_4/u_exp/exp_sft_58_reg_1_/D
                              3.8879         6.2153 r      -2.3275  (VIOLATED)
   u_NV_NVDLA_cmac/u_core/u_mac_4/u_exp/exp_sft_27_reg_1_/D
                              3.8888         6.2159 r      -2.3271  (VIOLATED)
   u_NV_NVDLA_cmac/u_core/u_mac_4/u_exp/exp_sft_44_reg_1_/D
                              3.8889         6.2160 r      -2.3271  (VIOLATED)
   u_NV_NVDLA_cmac/u_core/u_mac_2/u_exp/exp_max_l1_0_d1_reg_0_/D
                              3.8905         6.2173 r      -2.3268  (VIOLATED)
   u_NV_NVDLA_cmac/u_core/u_mac_4/u_exp/exp_sft_39_reg_1_/D
                              3.8889         6.2155 r      -2.3266  (VIOLATED)
   u_NV_NVDLA_cmac/u_core/u_mac_2/u_exp/exp_sft_13_reg_1_/D
                              3.8887         6.2153 r      -2.3266  (VIOLATED)
   u_NV_NVDLA_cmac/u_core/u_mac_4/u_exp/exp_sft_59_reg_1_/D
                              3.8886         6.2151 r      -2.3266  (VIOLATED)
   u_NV_NVDLA_cmac/u_core/u_mac_4/u_exp/exp_sft_45_reg_1_/D
                              3.8888         6.2153 r      -2.3265  (VIOLATED)
   u_NV_NVDLA_cmac/u_core/u_mac_4/u_exp/exp_sft_24_reg_1_/D
                              3.8881         6.2136 r      -2.3255  (VIOLATED)
   u_NV_NVDLA_cmac/u_core/u_mac_4/u_exp/exp_sft_56_reg_1_/D
                              3.8882         6.2135 r      -2.3253  (VIOLATED)
   u_NV_NVDLA_cmac/u_core/u_mac_4/u_exp/exp_sft_20_reg_1_/D
                              3.8886         6.2134 r      -2.3249  (VIOLATED)
   u_NV_NVDLA_cmac/u_core/u_mac_4/u_exp/exp_sft_26_reg_1_/D
                              3.8884         6.2131 r      -2.3246  (VIOLATED)
   u_NV_NVDLA_cmac/u_core/u_mac_4/u_exp/exp_sft_57_reg_1_/D
                              3.8887         6.2126 r      -2.3239  (VIOLATED)
   u_NV_NVDLA_cmac/u_core/u_mac_4/u_exp/exp_sft_15_reg_1_/D
                              3.8888         6.2127 r      -2.3239  (VIOLATED)
   u_NV_NVDLA_cmac/u_core/u_mac_1/u_exp/exp_sft_32_reg_0_/D
                              3.8824         6.2063 r      -2.3238  (VIOLATED)
   u_NV_NVDLA_cmac/u_core/u_mac_4/u_exp/exp_sft_43_reg_1_/D
                              3.8888         6.2126 r      -2.3238  (VIOLATED)
   u_NV_NVDLA_cmac/u_core/u_mac_4/u_exp/exp_sft_61_reg_1_/D
                              3.8889         6.2124 r      -2.3235  (VIOLATED)
   u_NV_NVDLA_cmac/u_core/u_mac_4/u_exp/exp_sft_53_reg_1_/D
                              3.8889         6.2120 r      -2.3231  (VIOLATED)
   u_NV_NVDLA_cmac/u_core/u_mac_1/u_exp/exp_sft_13_reg_0_/D
                              3.8827         6.2057 r      -2.3230  (VIOLATED)
   u_NV_NVDLA_cmac/u_core/u_mac_1/u_exp/exp_sft_33_reg_0_/D
                              3.8825         6.2054 r      -2.3229  (VIOLATED)
   u_NV_NVDLA_cmac/u_core/u_mac_1/u_exp/exp_sft_34_reg_0_/D
                              3.8826         6.2053 r      -2.3227  (VIOLATED)
   u_NV_NVDLA_cmac/u_core/u_mac_4/u_exp/exp_sft_25_reg_1_/D
                              3.8888         6.2113 r      -2.3225  (VIOLATED)
   u_NV_NVDLA_cmac/u_core/u_mac_4/u_exp/exp_sft_31_reg_1_/D
                              3.8888         6.2110 r      -2.3222  (VIOLATED)
   u_NV_NVDLA_cmac/u_core/u_mac_4/u_exp/exp_sft_17_reg_1_/D
                              3.8886         6.2106 r      -2.3220  (VIOLATED)
   u_NV_NVDLA_cmac/u_core/u_mac_4/u_exp/exp_sft_54_reg_1_/D
                              3.8887         6.2106 r      -2.3218  (VIOLATED)
   u_NV_NVDLA_cmac/u_core/u_mac_4/u_exp/exp_sft_41_reg_1_/D
                              3.8888         6.2107 r      -2.3218  (VIOLATED)
   u_NV_NVDLA_cmac/u_core/u_mac_1/u_exp/exp_sft_62_reg_0_/D
                              3.8827         6.2045 r      -2.3218  (VIOLATED)
   u_NV_NVDLA_cmac/u_core/u_mac_4/u_exp/exp_sft_18_reg_1_/D
                              3.8887         6.2103 r      -2.3216  (VIOLATED)
   u_NV_NVDLA_cmac/u_core/u_mac_4/u_exp/exp_sft_60_reg_1_/D
                              3.8888         6.2101 r      -2.3213  (VIOLATED)
   u_NV_NVDLA_cmac/u_core/u_mac_1/u_exp/exp_sft_60_reg_0_/D
                              3.8827         6.2038 r      -2.3211  (VIOLATED)
   u_NV_NVDLA_cmac/u_core/u_mac_1/u_exp/exp_sft_12_reg_0_/D
                              3.8825         6.2036 r      -2.3210  (VIOLATED)
   u_NV_NVDLA_cmac/u_core/u_mac_4/u_exp/exp_sft_23_reg_1_/D
                              3.8886         6.2095 r      -2.3209  (VIOLATED)
   u_NV_NVDLA_cmac/u_core/u_mac_4/u_exp/exp_sft_14_reg_1_/D
                              3.8810         6.2019 r      -2.3209  (VIOLATED)
   u_NV_NVDLA_cmac/u_core/u_mac_1/u_exp/exp_sft_61_reg_0_/D
                              3.8826         6.2034 r      -2.3208  (VIOLATED)
   u_NV_NVDLA_cmac/u_core/u_mac_4/u_exp/exp_sft_21_reg_1_/D
                              3.8888         6.2089 r      -2.3201  (VIOLATED)
   u_NV_NVDLA_cmac/u_core/u_mac_4/u_exp/exp_sft_09_reg_1_/D
                              3.8889         6.2085 r      -2.3196  (VIOLATED)
   u_NV_NVDLA_cmac/u_core/u_mac_1/u_exp/exp_sft_35_reg_0_/D
                              3.8906         6.2102 r      -2.3196  (VIOLATED)
   u_NV_NVDLA_cmac/u_core/u_mac_1/u_exp/exp_sft_06_reg_0_/D
                              3.8901         6.2097 r      -2.3196  (VIOLATED)
   u_NV_NVDLA_cmac/u_core/u_mac_1/u_exp/exp_sft_27_reg_0_/D
                              3.8903         6.2096 r      -2.3194  (VIOLATED)
   u_NV_NVDLA_cmac/u_core/u_mac_1/u_exp/exp_sft_41_reg_0_/D
                              3.8903         6.2094 r      -2.3191  (VIOLATED)
   u_NV_NVDLA_cmac/u_core/u_mac_1/u_exp/exp_sft_21_reg_0_/D
                              3.8904         6.2094 r      -2.3190  (VIOLATED)
   u_NV_NVDLA_cmac/u_core/u_mac_1/u_exp/exp_sft_28_reg_0_/D
                              3.8904         6.2093 r      -2.3190  (VIOLATED)
   u_NV_NVDLA_cmac/u_core/u_mac_1/u_exp/exp_sft_36_reg_0_/D
                              3.8902         6.2091 r      -2.3189  (VIOLATED)
   u_NV_NVDLA_cmac/u_core/u_mac_1/u_exp/exp_sft_53_reg_0_/D
                              3.8904         6.2092 r      -2.3187  (VIOLATED)
   u_NV_NVDLA_cmac/u_core/u_mac_0/u_exp/exp_sft_10_reg_1_/D
                              3.8888         6.2074 r      -2.3186  (VIOLATED)
   u_NV_NVDLA_cmac/u_core/u_mac_1/u_exp/exp_sft_03_reg_0_/D
                              3.8899         6.2083 r      -2.3184  (VIOLATED)
   u_NV_NVDLA_cmac/u_core/u_mac_1/u_exp/exp_sft_59_reg_0_/D
                              3.8902         6.2080 r      -2.3178  (VIOLATED)
   u_NV_NVDLA_cmac/u_core/u_mac_1/u_exp/exp_sft_57_reg_0_/D
                              3.8903         6.2075 r      -2.3173  (VIOLATED)
   u_NV_NVDLA_cmac/u_core/u_mac_4/u_exp/exp_sft_08_reg_1_/D
                              3.8888         6.2059 r      -2.3171  (VIOLATED)
   u_NV_NVDLA_cmac/u_core/u_mac_1/u_exp/exp_sft_42_reg_0_/D
                              3.8902         6.2073 r      -2.3171  (VIOLATED)
   u_NV_NVDLA_cmac/u_core/u_mac_1/u_exp/exp_sft_16_reg_0_/D
                              3.8901         6.2072 r      -2.3170  (VIOLATED)
   u_NV_NVDLA_cmac/u_core/u_mac_1/u_exp/exp_sft_02_reg_0_/D
                              3.8905         6.2072 r      -2.3167  (VIOLATED)
   u_NV_NVDLA_cmac/u_core/u_mac_1/u_exp/exp_sft_23_reg_0_/D
                              3.8905         6.2071 r      -2.3166  (VIOLATED)
   u_NV_NVDLA_cmac/u_core/u_mac_1/u_exp/exp_sft_48_reg_0_/D
                              3.8906         6.2071 r      -2.3165  (VIOLATED)
   u_NV_NVDLA_cmac/u_core/u_mac_1/u_exp/exp_sft_11_reg_0_/D
                              3.8906         6.2070 r      -2.3164  (VIOLATED)
   u_NV_NVDLA_cmac/u_core/u_mac_1/u_exp/exp_sft_43_reg_0_/D
                              3.8906         6.2070 r      -2.3163  (VIOLATED)
   u_NV_NVDLA_cmac/u_core/u_mac_1/u_exp/exp_sft_09_reg_0_/D
                              3.8904         6.2066 r      -2.3162  (VIOLATED)
   u_NV_NVDLA_cmac/u_core/u_mac_1/u_exp/exp_sft_07_reg_0_/D
                              3.8902         6.2064 r      -2.3162  (VIOLATED)
   u_NV_NVDLA_cmac/u_core/u_mac_1/u_exp/exp_sft_22_reg_0_/D
                              3.8904         6.2067 r      -2.3162  (VIOLATED)
   u_NV_NVDLA_cmac/u_core/u_mac_4/u_exp/exp_sft_33_reg_1_/D
                              3.8888         6.2048 r      -2.3161  (VIOLATED)
   u_NV_NVDLA_cmac/u_core/u_mac_1/u_exp/exp_sft_46_reg_0_/D
                              3.8905         6.2066 r      -2.3161  (VIOLATED)
   u_NV_NVDLA_cmac/u_core/u_mac_1/u_exp/exp_sft_20_reg_0_/D
                              3.8905         6.2065 r      -2.3160  (VIOLATED)
   u_NV_NVDLA_cmac/u_core/u_mac_1/u_exp/exp_sft_24_reg_0_/D
                              3.8904         6.2064 r      -2.3160  (VIOLATED)
   u_NV_NVDLA_cmac/u_core/u_mac_1/u_exp/exp_sft_58_reg_0_/D
                              3.8905         6.2064 r      -2.3159  (VIOLATED)
   u_NV_NVDLA_cmac/u_core/u_mac_4/u_exp/exp_sft_07_reg_1_/D
                              3.8887         6.2045 r      -2.3159  (VIOLATED)
   u_NV_NVDLA_cmac/u_core/u_mac_1/u_exp/exp_sft_18_reg_0_/D
                              3.8903         6.2061 r      -2.3158  (VIOLATED)
   u_NV_NVDLA_cmac/u_core/u_mac_4/u_exp/exp_sft_48_reg_1_/D
                              3.8887         6.2045 r      -2.3158  (VIOLATED)
   u_NV_NVDLA_cmac/u_core/u_mac_1/u_exp/exp_sft_40_reg_0_/D
                              3.8906         6.2062 r      -2.3157  (VIOLATED)
   u_NV_NVDLA_cmac/u_core/u_mac_1/u_exp/exp_sft_50_reg_0_/D
                              3.8905         6.2061 r      -2.3157  (VIOLATED)
   u_NV_NVDLA_cmac/u_core/u_mac_1/u_exp/exp_sft_08_reg_0_/D
                              3.8905         6.2061 r      -2.3156  (VIOLATED)
   u_NV_NVDLA_cmac/u_core/u_mac_1/u_exp/exp_sft_47_reg_0_/D
                              3.8906         6.2061 r      -2.3156  (VIOLATED)
   u_NV_NVDLA_cmac/u_core/u_mac_1/u_exp/exp_sft_25_reg_0_/D
                              3.8906         6.2059 r      -2.3153  (VIOLATED)
   u_NV_NVDLA_cmac/u_core/u_mac_1/u_exp/exp_sft_31_reg_0_/D
                              3.8903         6.2056 r      -2.3153  (VIOLATED)
   u_NV_NVDLA_cmac/u_core/u_mac_1/u_exp/exp_sft_38_reg_0_/D
                              3.8905         6.2058 r      -2.3153  (VIOLATED)
   u_NV_NVDLA_cmac/u_core/u_mac_4/u_exp/exp_sft_40_reg_1_/D
                              3.8889         6.2041 r      -2.3152  (VIOLATED)
   u_NV_NVDLA_cmac/u_core/u_mac_4/u_exp/exp_sft_32_reg_1_/D
                              3.8889         6.2041 r      -2.3152  (VIOLATED)
   u_NV_NVDLA_cmac/u_core/u_mac_1/u_exp/exp_sft_56_reg_0_/D
                              3.8905         6.2057 r      -2.3152  (VIOLATED)
   u_NV_NVDLA_cmac/u_core/u_mac_1/u_exp/exp_sft_45_reg_0_/D
                              3.8905         6.2056 r      -2.3151  (VIOLATED)
   u_NV_NVDLA_cmac/u_core/u_mac_1/u_exp/exp_sft_30_reg_0_/D
                              3.8904         6.2054 r      -2.3150  (VIOLATED)
   u_NV_NVDLA_cmac/u_core/u_mac_1/u_exp/exp_sft_05_reg_0_/D
                              3.8906         6.2056 r      -2.3150  (VIOLATED)
   u_NV_NVDLA_cmac/u_core/u_mac_1/u_exp/exp_sft_10_reg_0_/D
                              3.8905         6.2053 r      -2.3149  (VIOLATED)
   u_NV_NVDLA_cmac/u_core/u_mac_1/u_exp/exp_sft_19_reg_0_/D
                              3.8904         6.2052 r      -2.3148  (VIOLATED)
   u_NV_NVDLA_cmac/u_core/u_mac_1/u_exp/exp_sft_54_reg_0_/D
                              3.8903         6.2051 r      -2.3148  (VIOLATED)
   u_NV_NVDLA_cmac/u_core/u_mac_1/u_exp/exp_sft_17_reg_0_/D
                              3.8906         6.2053 r      -2.3147  (VIOLATED)
   u_NV_NVDLA_cmac/u_core/u_mac_1/u_exp/exp_sft_44_reg_0_/D
                              3.8905         6.2051 r      -2.3146  (VIOLATED)
   u_NV_NVDLA_cmac/u_core/u_mac_1/u_exp/exp_sft_00_reg_0_/D
                              3.8906         6.2051 r      -2.3146  (VIOLATED)
   u_NV_NVDLA_cmac/u_core/u_mac_1/u_exp/exp_sft_39_reg_0_/D
                              3.8905         6.2051 r      -2.3146  (VIOLATED)
   u_NV_NVDLA_cmac/u_core/u_mac_1/u_exp/exp_sft_29_reg_0_/D
                              3.8905         6.2050 r      -2.3145  (VIOLATED)
   u_NV_NVDLA_cmac/u_core/u_mac_1/u_exp/exp_sft_26_reg_0_/D
                              3.8906         6.2051 r      -2.3145  (VIOLATED)
   u_NV_NVDLA_cmac/u_core/u_mac_1/u_exp/exp_sft_51_reg_0_/D
                              3.8903         6.2048 r      -2.3144  (VIOLATED)
   u_NV_NVDLA_cmac/u_core/u_mac_1/u_exp/exp_sft_35_reg_1_/D
                              3.8887         6.2031 r      -2.3144  (VIOLATED)
   u_NV_NVDLA_cmac/u_core/u_mac_1/u_exp/exp_sft_37_reg_0_/D
                              3.8905         6.2049 r      -2.3144  (VIOLATED)
   u_NV_NVDLA_cmac/u_core/u_mac_1/u_exp/exp_sft_01_reg_0_/D
                              3.8905         6.2049 r      -2.3144  (VIOLATED)
   u_NV_NVDLA_cmac/u_core/u_mac_1/u_exp/exp_sft_15_reg_0_/D
                              3.8906         6.2049 r      -2.3144  (VIOLATED)
   u_NV_NVDLA_cmac/u_core/u_mac_1/u_exp/exp_sft_04_reg_0_/D
                              3.8906         6.2047 r      -2.3141  (VIOLATED)
   u_NV_NVDLA_cmac/u_core/u_mac_1/u_exp/exp_sft_49_reg_0_/D
                              3.8906         6.2045 r      -2.3139  (VIOLATED)
   u_NV_NVDLA_cmac/u_core/u_mac_1/u_exp/exp_sft_14_reg_0_/D
                              3.8905         6.2042 r      -2.3137  (VIOLATED)
   u_NV_NVDLA_cmac/u_core/u_mac_6/u_exp/exp_max_l1_0_d1_reg_0_/D
                              3.8989         6.2126 f      -2.3137  (VIOLATED)
   u_NV_NVDLA_cmac/u_core/u_mac_1/u_exp/exp_sft_55_reg_0_/D
                              3.8905         6.2041 r      -2.3136  (VIOLATED)
   u_NV_NVDLA_cmac/u_core/u_mac_1/u_exp/exp_sft_52_reg_0_/D
                              3.8906         6.2041 r      -2.3135  (VIOLATED)
   u_NV_NVDLA_cmac/u_core/u_mac_1/u_exp/exp_sft_63_reg_0_/D
                              3.8904         6.2037 r      -2.3134  (VIOLATED)
   u_NV_NVDLA_cmac/u_core/u_mac_3/u_exp/exp_max_l1_0_d1_reg_0_/D
                              3.8906         6.2016 r      -2.3110  (VIOLATED)
   u_NV_NVDLA_cmac/u_core/u_mac_0/u_exp/exp_max_l1_0_d1_reg_0_/D
                              3.8906         6.1918 r      -2.3012  (VIOLATED)
   u_NV_NVDLA_cmac/u_core/u_mac_5/u_exp/exp_max_l1_0_d1_reg_0_/D
                              3.8878         6.1865 r      -2.2987  (VIOLATED)
   u_NV_NVDLA_cmac/u_core/u_mac_0/u_exp/exp_max_l1_0_d1_reg_1_/D
                              3.8812         6.1417 r      -2.2605  (VIOLATED)
   u_NV_NVDLA_cmac/u_core/u_mac_1/u_exp/exp_max_l1_0_d1_reg_0_/D
                              3.9003         6.1531 f      -2.2528  (VIOLATED)
   u_NV_NVDLA_cmac/u_core/u_mac_2/u_exp/exp_max_l1_0_d1_reg_1_/D
                              3.8877         6.1327 r      -2.2450  (VIOLATED)
   u_NV_NVDLA_cmac/u_core/u_mac_6/u_exp/exp_max_l1_0_d1_reg_1_/D
                              3.8873         6.1281 r      -2.2408  (VIOLATED)
   u_NV_NVDLA_cmac/u_core/u_mac_3/u_exp/exp_max_l1_0_d1_reg_1_/D
                              3.9009         6.1395 f      -2.2386  (VIOLATED)
   u_NV_NVDLA_cmac/u_core/u_mac_5/u_exp/exp_max_l1_0_d1_reg_1_/D
                              3.8872         6.1190 r      -2.2319  (VIOLATED)
   u_NV_NVDLA_cmac/u_core/u_mac_1/u_exp/exp_max_l1_0_d1_reg_1_/D
                              3.8886         6.1131 r      -2.2245  (VIOLATED)
   u_NV_NVDLA_cmac/u_core/u_mac_4/u_exp/exp_max_l1_0_d1_reg_1_/D
                              3.8831         6.0947 r      -2.2117  (VIOLATED)
   u_NV_NVDLA_cmac/u_core/u_mac_4/u_exp/exp_max_l1_0_d1_reg_2_/D
                              3.8824         6.0616 r      -2.1792  (VIOLATED)
   u_NV_NVDLA_cmac/u_core/u_mac_3/u_exp/exp_max_l1_0_d1_reg_2_/D
                              3.9011         6.0524 f      -2.1513  (VIOLATED)
   u_NV_NVDLA_cmac/u_core/u_mac_2/u_exp/exp_max_l1_0_d1_reg_2_/D
                              3.8887         6.0367 r      -2.1480  (VIOLATED)
   u_NV_NVDLA_cmac/u_core/u_mac_7/u_exp/exp_max_l1_0_d1_reg_2_/D
                              3.8771         6.0097 r      -2.1326  (VIOLATED)
   u_NV_NVDLA_cmac/u_core/u_mac_5/u_exp/exp_max_l1_0_d1_reg_2_/D
                              3.8875         6.0198 r      -2.1323  (VIOLATED)
   u_NV_NVDLA_cmac/u_core/u_mac_0/u_exp/exp_max_l1_0_d1_reg_2_/D
                              3.8828         5.9688 r      -2.0860  (VIOLATED)
   u_NV_NVDLA_cmac/u_core/u_mac_1/u_exp/exp_max_l1_0_d1_reg_2_/D
                              3.9002         5.9759 f      -2.0758  (VIOLATED)
   u_NV_NVDLA_cmac/u_core/u_mac_6/u_exp/exp_max_l1_0_d1_reg_2_/D
                              3.8887         5.9506 r      -2.0619  (VIOLATED)
   u_NV_NVDLA_cmac/u_core/u_mac_4/mac_out_data_reg_42_/D
                              3.8888         4.1410 r      -0.2522  (VIOLATED)
   u_NV_NVDLA_cmac/u_core/u_mac_4/mac_out_data_reg_43_/D
                              3.8886         4.1406 r      -0.2520  (VIOLATED)
   u_NV_NVDLA_cmac/u_core/u_mac_0/mac_out_data_reg_42_/D
                              3.8884         4.1368 r      -0.2484  (VIOLATED)
   u_NV_NVDLA_cmac/u_core/u_mac_4/mac_out_data_reg_41_/D
                              3.8888         4.1370 r      -0.2482  (VIOLATED)
   u_NV_NVDLA_cmac/u_core/u_mac_4/mac_out_data_reg_33_/D
                              3.8886         4.1359 r      -0.2473  (VIOLATED)
   u_NV_NVDLA_cmac/u_core/u_mac_0/mac_out_data_reg_43_/D
                              3.8885         4.1316 r      -0.2432  (VIOLATED)
   u_NV_NVDLA_cmac/u_core/u_mac_4/mac_out_data_reg_34_/D
                              3.8885         4.1315 r      -0.2430  (VIOLATED)
   u_NV_NVDLA_cmac/u_core/u_mac_4/mac_out_data_reg_35_/D
                              3.8886         4.1309 r      -0.2423  (VIOLATED)
   u_NV_NVDLA_cmac/u_core/u_mac_0/mac_out_data_reg_41_/D
                              3.8883         4.1263 r      -0.2380  (VIOLATED)
   u_NV_NVDLA_cmac/u_core/u_mac_0/mac_out_data_reg_29_/D
                              3.8881         4.1249 r      -0.2369  (VIOLATED)
   u_NV_NVDLA_cmac/u_core/u_mac_4/mac_out_data_reg_36_/D
                              3.8877         4.1242 r      -0.2365  (VIOLATED)
   u_NV_NVDLA_cmac/u_core/u_mac_0/mac_out_data_reg_34_/D
                              3.8880         4.1220 r      -0.2341  (VIOLATED)
   u_NV_NVDLA_cmac/u_core/u_mac_4/mac_out_data_reg_37_/D
                              3.8882         4.1221 r      -0.2339  (VIOLATED)
   u_NV_NVDLA_cmac/u_core/u_mac_4/mac_out_data_reg_28_/D
                              3.8885         4.1219 r      -0.2334  (VIOLATED)
   u_NV_NVDLA_cmac/u_core/u_mac_0/mac_out_data_reg_30_/D
                              3.8878         4.1206 r      -0.2328  (VIOLATED)
   u_NV_NVDLA_cmac/u_core/u_mac_0/mac_out_data_reg_31_/D
                              3.8880         4.1198 r      -0.2318  (VIOLATED)
   u_NV_NVDLA_cmac/u_core/u_mac_0/mac_out_data_reg_35_/D
                              3.8884         4.1195 r      -0.2311  (VIOLATED)
   u_NV_NVDLA_cmac/u_core/u_mac_4/mac_out_data_reg_27_/D
                              3.8885         4.1181 r      -0.2295  (VIOLATED)
   u_NV_NVDLA_cmac/u_core/u_mac_4/mac_out_data_reg_32_/D
                              3.8884         4.1179 r      -0.2295  (VIOLATED)
   u_NV_NVDLA_cmac/u_core/u_mac_4/mac_out_data_reg_29_/D
                              3.8883         4.1175 r      -0.2293  (VIOLATED)
   u_NV_NVDLA_cmac/u_core/u_mac_4/mac_out_data_reg_30_/D
                              3.8885         4.1170 r      -0.2285  (VIOLATED)
   u_NV_NVDLA_cmac/u_core/u_mac_0/mac_out_data_reg_37_/D
                              3.8885         4.1159 r      -0.2275  (VIOLATED)
   u_NV_NVDLA_cmac/u_core/u_mac_4/mac_out_data_reg_31_/D
                              3.8885         4.1137 r      -0.2252  (VIOLATED)
   u_NV_NVDLA_cmac/u_core/u_mac_5/mac_out_data_reg_43_/D
                              3.8810         4.1057 r      -0.2248  (VIOLATED)
   u_NV_NVDLA_cmac/u_core/u_mac_5/mac_out_data_reg_42_/D
                              3.8811         4.1052 r      -0.2241  (VIOLATED)
   u_NV_NVDLA_cmac/u_core/u_mac_5/mac_out_data_reg_41_/D
                              3.8808         4.1006 r      -0.2198  (VIOLATED)
   u_NV_NVDLA_cmac/u_core/u_mac_0/mac_out_data_reg_36_/D
                              3.8886         4.1083 r      -0.2197  (VIOLATED)
   u_NV_NVDLA_cmac/u_core/u_mac_0/mac_out_data_reg_32_/D
                              3.8879         4.1046 r      -0.2167  (VIOLATED)
   u_NV_NVDLA_cmac/u_core/u_mac_0/mac_out_data_reg_28_/D
                              3.8887         4.1052 r      -0.2164  (VIOLATED)
   u_NV_NVDLA_cmac/u_core/u_mac_0/mac_out_data_reg_33_/D
                              3.8884         4.1037 r      -0.2153  (VIOLATED)
   u_NV_NVDLA_cmac/u_core/u_mac_0/mac_out_data_reg_27_/D
                              3.8885         4.0999 r      -0.2114  (VIOLATED)
   u_NV_NVDLA_cmac/u_core/u_mac_1/mac_out_data_reg_42_/D
                              3.8885         4.0933 r      -0.2048  (VIOLATED)
   u_NV_NVDLA_cmac/u_core/u_mac_1/mac_out_data_reg_43_/D
                              3.8881         4.0918 r      -0.2037  (VIOLATED)
   u_NV_NVDLA_cmac/u_core/u_mac_7/mac_out_data_reg_42_/D
                              3.8887         4.0912 r      -0.2026  (VIOLATED)
   u_NV_NVDLA_cmac/u_core/u_mac_1/mac_out_data_reg_41_/D
                              3.8888         4.0880 r      -0.1992  (VIOLATED)
   u_NV_NVDLA_cmac/u_core/u_mac_7/mac_out_data_reg_43_/D
                              3.8887         4.0878 r      -0.1991  (VIOLATED)
   u_NV_NVDLA_cmac/u_core/u_mac_7/mac_out_data_reg_41_/D
                              3.8887         4.0857 r      -0.1970  (VIOLATED)
   u_NV_NVDLA_cmac/u_core/u_mac_7/mac_out_data_reg_35_/D
                              3.8881         4.0835 r      -0.1954  (VIOLATED)
   u_NV_NVDLA_cmac/u_core/u_mac_1/mac_out_data_reg_36_/D
                              3.8883         4.0832 r      -0.1949  (VIOLATED)
   u_NV_NVDLA_cmac/u_core/u_mac_6/mac_out_data_reg_42_/D
                              3.8882         4.0826 r      -0.1944  (VIOLATED)
   u_NV_NVDLA_cmac/u_core/u_mac_2/mac_out_data_reg_41_/D
                              3.8808         4.0730 r      -0.1922  (VIOLATED)
   u_NV_NVDLA_cmac/u_core/u_mac_1/mac_out_data_reg_37_/D
                              3.8886         4.0791 r      -0.1906  (VIOLATED)
   u_NV_NVDLA_cmac/u_core/u_mac_1/mac_out_data_reg_28_/D
                              3.8878         4.0776 r      -0.1898  (VIOLATED)
   u_NV_NVDLA_cmac/u_core/u_mac_6/mac_out_data_reg_32_/D
                              3.8878         4.0768 r      -0.1889  (VIOLATED)
   u_NV_NVDLA_cmac/u_core/u_mac_6/mac_out_data_reg_43_/D
                              3.8884         4.0772 r      -0.1889  (VIOLATED)
   u_NV_NVDLA_cmac/u_core/u_mac_1/mac_out_data_reg_30_/D
                              3.8879         4.0756 r      -0.1878  (VIOLATED)
   u_NV_NVDLA_cmac/u_core/u_mac_1/mac_out_data_reg_31_/D
                              3.8879         4.0753 r      -0.1874  (VIOLATED)
   u_NV_NVDLA_cmac/u_core/u_mac_1/mac_out_data_reg_35_/D
                              3.8880         4.0750 r      -0.1870  (VIOLATED)
   u_NV_NVDLA_cmac/u_core/u_mac_3/mac_out_data_reg_125_/D
                              3.8880         4.0750 r      -0.1870  (VIOLATED)
   u_NV_NVDLA_cmac/u_core/u_mac_1/mac_out_data_reg_33_/D
                              3.8882         4.0750 r      -0.1868  (VIOLATED)
   u_NV_NVDLA_cmac/u_core/u_mac_6/mac_out_data_reg_34_/D
                              3.8881         4.0741 r      -0.1860  (VIOLATED)
   u_NV_NVDLA_cmac/u_core/u_mac_6/mac_out_data_reg_41_/D
                              3.8883         4.0741 r      -0.1858  (VIOLATED)
   u_NV_NVDLA_cmac/u_core/u_mac_6/mac_out_data_reg_29_/D
                              3.8883         4.0740 r      -0.1857  (VIOLATED)
   u_NV_NVDLA_cmac/u_core/u_mac_4/mac_out_data_reg_26_/D
                              3.8904         4.0757 r      -0.1853  (VIOLATED)
   u_NV_NVDLA_cmac/u_core/u_mac_7/mac_out_data_reg_125_/D
                              3.8886         4.0736 r      -0.1849  (VIOLATED)
   u_NV_NVDLA_cmac/u_core/u_mac_6/mac_out_data_reg_31_/D
                              3.8880         4.0727 r      -0.1848  (VIOLATED)
   u_NV_NVDLA_cmac/u_core/u_mac_6/mac_out_data_reg_30_/D
                              3.8882         4.0726 r      -0.1844  (VIOLATED)
   u_NV_NVDLA_cmac/u_core/u_mac_7/mac_out_data_reg_36_/D
                              3.8883         4.0727 r      -0.1844  (VIOLATED)
   u_NV_NVDLA_cmac/u_core/u_mac_1/mac_out_data_reg_27_/D
                              3.8885         4.0729 r      -0.1844  (VIOLATED)
   u_NV_NVDLA_cmac/u_core/u_mac_1/mac_out_data_reg_34_/D
                              3.8879         4.0722 r      -0.1842  (VIOLATED)
   u_NV_NVDLA_cmac/u_core/u_mac_1/mac_out_data_reg_32_/D
                              3.8886         4.0726 r      -0.1840  (VIOLATED)
   u_NV_NVDLA_cmac/u_core/u_mac_7/mac_out_data_reg_37_/D
                              3.8885         4.0722 r      -0.1836  (VIOLATED)
   u_NV_NVDLA_cmac/u_core/u_mac_7/mac_out_data_reg_28_/D
                              3.8881         4.0706 r      -0.1825  (VIOLATED)
   u_NV_NVDLA_cmac/u_core/u_mac_1/mac_out_data_reg_29_/D
                              3.8885         4.0710 r      -0.1825  (VIOLATED)
   u_NV_NVDLA_cmac/u_core/u_mac_2/mac_out_data_reg_42_/D
                              3.8884         4.0701 r      -0.1817  (VIOLATED)
   u_NV_NVDLA_cmac/u_core/u_mac_7/mac_out_data_reg_27_/D
                              3.8878         4.0694 r      -0.1816  (VIOLATED)
   u_NV_NVDLA_cmac/u_core/u_mac_7/mac_out_data_reg_168_/D
                              3.8882         4.0687 r      -0.1805  (VIOLATED)
   u_NV_NVDLA_cmac/u_core/u_mac_7/mac_out_data_reg_30_/D
                              3.8886         4.0688 r      -0.1803  (VIOLATED)
   u_NV_NVDLA_cmac/u_core/u_mac_7/mac_out_data_reg_29_/D
                              3.8877         4.0666 r      -0.1789  (VIOLATED)
   u_NV_NVDLA_cmac/u_core/u_mac_7/mac_out_data_reg_32_/D
                              3.8884         4.0672 r      -0.1789  (VIOLATED)
   u_NV_NVDLA_cmac/u_core/u_mac_2/mac_out_data_reg_31_/D
                              3.8870         4.0650 r      -0.1780  (VIOLATED)
   u_NV_NVDLA_cmac/u_core/u_mac_2/mac_out_data_reg_43_/D
                              3.8886         4.0665 r      -0.1779  (VIOLATED)
   u_NV_NVDLA_cmac/u_core/u_mac_7/mac_out_data_reg_34_/D
                              3.8882         4.0656 r      -0.1773  (VIOLATED)
   u_NV_NVDLA_cmac/u_core/u_mac_7/mac_out_data_reg_33_/D
                              3.8884         4.0642 r      -0.1758  (VIOLATED)
   u_NV_NVDLA_cmac/u_core/u_mac_7/mac_out_data_reg_31_/D
                              3.8884         4.0635 r      -0.1752  (VIOLATED)
   u_NV_NVDLA_cmac/u_core/u_mac_6/mac_out_data_reg_37_/D
                              3.8885         4.0619 r      -0.1734  (VIOLATED)
   u_NV_NVDLA_cmac/u_core/u_mac_7/mac_out_data_reg_169_/D
                              3.8881         4.0614 r      -0.1733  (VIOLATED)
   u_NV_NVDLA_cmac/u_core/u_mac_6/mac_out_data_reg_33_/D
                              3.8880         4.0610 r      -0.1730  (VIOLATED)
   u_NV_NVDLA_cmac/u_core/u_mac_6/mac_out_data_reg_36_/D
                              3.8883         4.0608 r      -0.1725  (VIOLATED)
   u_NV_NVDLA_cmac/u_core/u_mac_3/mac_out_data_reg_43_/D
                              3.8879         4.0599 r      -0.1720  (VIOLATED)
   u_NV_NVDLA_cmac/u_core/u_mac_5/mac_out_data_reg_37_/D
                              3.8809         4.0525 r      -0.1716  (VIOLATED)
   u_NV_NVDLA_cmac/u_core/u_mac_5/mac_out_data_reg_36_/D
                              3.8809         4.0514 r      -0.1705  (VIOLATED)
   u_NV_NVDLA_cmac/u_core/u_mac_2/mac_out_data_reg_29_/D
                              3.8885         4.0561 r      -0.1676  (VIOLATED)
   u_NV_NVDLA_cmac/u_core/u_mac_6/mac_out_data_reg_27_/D
                              3.8883         4.0556 r      -0.1673  (VIOLATED)
   u_NV_NVDLA_cmac/u_core/u_mac_6/mac_out_data_reg_28_/D
                              3.8886         4.0558 r      -0.1672  (VIOLATED)
   u_NV_NVDLA_cmac/u_core/u_mac_0/mac_out_data_reg_26_/D
                              3.8904         4.0571 r      -0.1667  (VIOLATED)
   u_NV_NVDLA_cmac/u_core/u_mac_3/mac_out_data_reg_41_/D
                              3.8879         4.0546 r      -0.1667  (VIOLATED)
   u_NV_NVDLA_cmac/u_core/u_mac_2/mac_out_data_reg_37_/D
                              3.8884         4.0546 r      -0.1662  (VIOLATED)
   u_NV_NVDLA_cmac/u_core/u_mac_3/mac_out_data_reg_42_/D
                              3.8885         4.0547 r      -0.1662  (VIOLATED)
   u_NV_NVDLA_cmac/u_core/u_mac_5/mac_out_data_reg_33_/D
                              3.8806         4.0458 r      -0.1652  (VIOLATED)
   u_NV_NVDLA_cmac/u_core/u_mac_0/mac_out_data_reg_85_/D
                              3.8898         4.0542 r      -0.1643  (VIOLATED)
   u_NV_NVDLA_cmac/u_core/u_mac_5/mac_out_data_reg_34_/D
                              3.8801         4.0444 r      -0.1643  (VIOLATED)
   u_NV_NVDLA_cmac/u_core/u_mac_0/mac_out_data_reg_84_/D
                              3.8901         4.0539 r      -0.1637  (VIOLATED)
   u_NV_NVDLA_cmac/u_core/u_mac_6/mac_out_data_reg_35_/D
                              3.8885         4.0517 r      -0.1632  (VIOLATED)
   u_NV_NVDLA_cmac/u_core/u_mac_5/mac_out_data_reg_35_/D
                              3.8803         4.0428 r      -0.1625  (VIOLATED)
   u_NV_NVDLA_cmac/u_core/u_mac_5/mac_out_data_reg_27_/D
                              3.8801         4.0404 r      -0.1602  (VIOLATED)
   u_NV_NVDLA_cmac/u_core/u_mac_2/mac_out_data_reg_28_/D
                              3.8883         4.0478 r      -0.1595  (VIOLATED)
   u_NV_NVDLA_cmac/u_core/u_mac_0/mac_out_data_reg_86_/D
                              3.8903         4.0497 r      -0.1594  (VIOLATED)
   u_NV_NVDLA_cmac/u_core/u_mac_5/mac_out_data_reg_28_/D
                              3.8809         4.0400 r      -0.1591  (VIOLATED)
   u_NV_NVDLA_cmac/u_core/u_mac_0/mac_out_data_reg_87_/D
                              3.8903         4.0484 r      -0.1581  (VIOLATED)
   u_NV_NVDLA_cmac/u_core/u_mac_5/mac_out_data_reg_29_/D
                              3.8805         4.0378 r      -0.1573  (VIOLATED)
   u_NV_NVDLA_cmac/u_core/u_mac_2/mac_out_data_reg_32_/D
                              3.8885         4.0457 r      -0.1572  (VIOLATED)
   u_NV_NVDLA_cmac/u_core/u_mac_5/mac_out_data_reg_32_/D
                              3.8809         4.0378 r      -0.1570  (VIOLATED)
   u_NV_NVDLA_cmac/u_core/u_mac_2/mac_out_data_reg_34_/D
                              3.8885         4.0437 r      -0.1552  (VIOLATED)
   u_NV_NVDLA_cmac/u_core/u_mac_2/mac_out_data_reg_33_/D
                              3.8884         4.0425 r      -0.1541  (VIOLATED)
   u_NV_NVDLA_cmac/u_core/u_mac_2/mac_out_data_reg_35_/D
                              3.8885         4.0423 r      -0.1537  (VIOLATED)
   u_NV_NVDLA_cmac/u_core/u_mac_5/mac_out_data_reg_30_/D
                              3.8810         4.0345 r      -0.1535  (VIOLATED)
   u_NV_NVDLA_cmac/u_core/u_mac_5/mac_out_data_reg_31_/D
                              3.8808         4.0334 r      -0.1526  (VIOLATED)
   u_NV_NVDLA_cmac/u_core/u_mac_2/mac_out_data_reg_30_/D
                              3.8886         4.0411 r      -0.1525  (VIOLATED)
   u_NV_NVDLA_cmac/u_core/u_mac_2/mac_out_data_reg_36_/D
                              3.8886         4.0376 r      -0.1490  (VIOLATED)
   u_NV_NVDLA_cmac/u_core/u_mac_7/mac_out_data_reg_173_/D
                              3.8896         4.0346 r      -0.1450  (VIOLATED)
   u_NV_NVDLA_cmac/u_core/u_mac_2/mac_out_data_reg_81_/D
                              3.8886         4.0321 r      -0.1435  (VIOLATED)
   u_NV_NVDLA_cmac/u_core/u_mac_7/mac_out_data_reg_174_/D
                              3.8901         4.0335 r      -0.1434  (VIOLATED)
   u_NV_NVDLA_cmac/u_core/u_mac_7/mac_out_data_reg_175_/D
                              3.8900         4.0330 r      -0.1429  (VIOLATED)
   u_NV_NVDLA_cmac/u_core/u_mac_1/mac_out_data_reg_125_/D
                              3.8796         4.0221 r      -0.1424  (VIOLATED)
   u_NV_NVDLA_cmac/u_core/u_mac_5/mac_out_data_reg_125_/D
                              3.8806         4.0219 r      -0.1413  (VIOLATED)
   u_NV_NVDLA_cmac/u_core/u_mac_1/mac_out_data_reg_26_/D
                              3.8903         4.0309 r      -0.1407  (VIOLATED)
   u_NV_NVDLA_cmac/u_core/u_mac_0/mac_out_data_reg_83_/D
                              3.8901         4.0296 r      -0.1394  (VIOLATED)
   u_NV_NVDLA_cmac/u_core/u_mac_0/mac_out_data_reg_82_/D
                              3.8901         4.0292 r      -0.1391  (VIOLATED)
   u_NV_NVDLA_cmac/u_core/u_mac_0/mac_out_data_reg_25_/D
                              3.8905         4.0287 r      -0.1382  (VIOLATED)
   u_NV_NVDLA_cmac/u_core/u_mac_1/mac_out_data_reg_86_/D
                              3.8904         4.0281 r      -0.1377  (VIOLATED)
   u_NV_NVDLA_cmac/u_core/u_mac_4/mac_out_data_reg_40_/D
                              3.8887         4.0263 r      -0.1376  (VIOLATED)
   u_NV_NVDLA_cmac/u_core/u_mac_7/mac_out_data_reg_87_/D
                              3.8903         4.0271 r      -0.1369  (VIOLATED)
   u_NV_NVDLA_cmac/u_core/u_mac_0/mac_out_data_reg_40_/D
                              3.8984         4.0339 f      -0.1354  (VIOLATED)
   u_NV_NVDLA_cmac/u_core/u_mac_4/mac_out_data_reg_25_/D
                              3.8904         4.0258 r      -0.1354  (VIOLATED)
   u_NV_NVDLA_cmac/u_core/u_mac_7/mac_out_data_reg_84_/D
                              3.8904         4.0246 r      -0.1342  (VIOLATED)
   u_NV_NVDLA_cmac/u_core/u_mac_3/mac_out_data_reg_123_/D
                              3.8873         4.0212 r      -0.1339  (VIOLATED)
   u_NV_NVDLA_cmac/u_core/u_mac_7/mac_out_data_reg_26_/D
                              3.8903         4.0239 r      -0.1336  (VIOLATED)
   u_NV_NVDLA_cmac/u_core/u_mac_3/mac_out_data_reg_121_/D
                              3.8878         4.0205 r      -0.1327  (VIOLATED)
   u_NV_NVDLA_cmac/u_core/u_mac_7/mac_out_data_reg_85_/D
                              3.8903         4.0223 r      -0.1320  (VIOLATED)
   u_NV_NVDLA_cmac/u_core/u_mac_6/mac_out_data_reg_26_/D
                              3.8905         4.0222 r      -0.1317  (VIOLATED)
   u_NV_NVDLA_cmac/u_core/u_mac_1/mac_out_data_reg_84_/D
                              3.8902         4.0218 r      -0.1316  (VIOLATED)
   u_NV_NVDLA_cmac/u_core/u_mac_3/mac_out_data_reg_126_/D
                              3.8899         4.0213 r      -0.1314  (VIOLATED)
   u_NV_NVDLA_cmac/u_core/u_mac_7/mac_out_data_reg_126_/D
                              3.8900         4.0213 r      -0.1313  (VIOLATED)
   u_NV_NVDLA_cmac/u_core/u_mac_1/mac_out_data_reg_85_/D
                              3.8905         4.0215 r      -0.1311  (VIOLATED)
   u_NV_NVDLA_cmac/u_core/u_mac_5/mac_out_data_reg_84_/D
                              3.8823         4.0132 r      -0.1309  (VIOLATED)
   u_NV_NVDLA_cmac/u_core/u_mac_7/mac_out_data_reg_86_/D
                              3.8904         4.0208 r      -0.1304  (VIOLATED)
   u_NV_NVDLA_cmac/u_core/u_mac_0/mac_out_data_reg_125_/D
                              3.8808         4.0110 r      -0.1302  (VIOLATED)
   u_NV_NVDLA_cmac/u_core/u_mac_3/mac_out_data_reg_127_/D
                              3.8899         4.0199 r      -0.1300  (VIOLATED)
   u_NV_NVDLA_cmac/u_core/u_mac_7/mac_out_data_reg_130_/D
                              3.8900         4.0198 r      -0.1297  (VIOLATED)
   u_NV_NVDLA_cmac/u_core/u_mac_7/mac_out_data_reg_129_/D
                              3.8904         4.0195 r      -0.1291  (VIOLATED)
   u_NV_NVDLA_cmac/u_core/u_mac_7/mac_out_data_reg_131_/D
                              3.8903         4.0191 r      -0.1288  (VIOLATED)
   u_NV_NVDLA_cmac/u_core/u_mac_3/mac_out_data_reg_128_/D
                              3.8903         4.0186 r      -0.1283  (VIOLATED)
   u_NV_NVDLA_cmac/u_core/u_mac_7/mac_out_data_reg_127_/D
                              3.8902         4.0183 r      -0.1281  (VIOLATED)
   u_NV_NVDLA_cmac/u_core/u_mac_3/mac_out_data_reg_34_/D
                              3.8878         4.0153 r      -0.1275  (VIOLATED)
   u_NV_NVDLA_cmac/u_core/u_mac_3/mac_out_data_reg_129_/D
                              3.8900         4.0170 r      -0.1270  (VIOLATED)
   u_NV_NVDLA_cmac/u_core/u_mac_4/mac_out_data_reg_168_/D
                              3.8801         4.0066 r      -0.1265  (VIOLATED)
   u_NV_NVDLA_cmac/u_core/u_mac_7/mac_out_data_reg_128_/D
                              3.8903         4.0163 r      -0.1260  (VIOLATED)
   u_NV_NVDLA_cmac/u_core/u_mac_7/mac_out_data_reg_159_/D
                              3.8873         4.0132 r      -0.1259  (VIOLATED)
   u_NV_NVDLA_cmac/u_core/u_mac_7/mac_out_data_reg_163_/D
                              3.8875         4.0132 r      -0.1256  (VIOLATED)
   u_NV_NVDLA_cmac/u_core/u_mac_4/mac_out_data_reg_169_/D
                              3.8796         4.0047 r      -0.1251  (VIOLATED)
   u_NV_NVDLA_cmac/u_core/u_mac_7/mac_out_data_reg_172_/D
                              3.8899         4.0148 r      -0.1249  (VIOLATED)
   u_NV_NVDLA_cmac/u_core/u_mac_1/mac_out_data_reg_87_/D
                              3.8904         4.0152 r      -0.1249  (VIOLATED)
   u_NV_NVDLA_cmac/u_core/u_mac_7/mac_out_data_reg_162_/D
                              3.8875         4.0121 r      -0.1246  (VIOLATED)
   u_NV_NVDLA_cmac/u_core/u_mac_3/mac_out_data_reg_131_/D
                              3.8899         4.0144 r      -0.1246  (VIOLATED)
   u_NV_NVDLA_cmac/u_core/u_mac_3/mac_out_data_reg_168_/D
                              3.8882         4.0121 r      -0.1239  (VIOLATED)
   u_NV_NVDLA_cmac/u_core/u_mac_3/mac_out_data_reg_35_/D
                              3.8880         4.0116 r      -0.1236  (VIOLATED)
   u_NV_NVDLA_cmac/u_core/u_mac_7/mac_out_data_reg_161_/D
                              3.8880         4.0115 r      -0.1235  (VIOLATED)
   u_NV_NVDLA_cmac/u_core/u_mac_3/mac_out_data_reg_29_/D
                              3.8885         4.0112 r      -0.1226  (VIOLATED)
   u_NV_NVDLA_cmac/u_core/u_mac_5/mac_out_data_reg_86_/D
                              3.8826         4.0052 r      -0.1226  (VIOLATED)
   u_NV_NVDLA_cmac/u_core/u_mac_7/mac_out_data_reg_166_/D
                              3.8881         4.0106 r      -0.1224  (VIOLATED)
   u_NV_NVDLA_cmac/u_core/u_mac_3/mac_out_data_reg_87_/D
                              3.8906         4.0130 r      -0.1223  (VIOLATED)
   u_NV_NVDLA_cmac/u_core/u_mac_7/mac_out_data_reg_160_/D
                              3.8882         4.0104 r      -0.1222  (VIOLATED)
   u_NV_NVDLA_cmac/u_core/u_mac_3/mac_out_data_reg_120_/D
                              3.8873         4.0094 r      -0.1221  (VIOLATED)
   u_NV_NVDLA_cmac/u_core/u_mac_3/mac_out_data_reg_84_/D
                              3.8906         4.0125 r      -0.1219  (VIOLATED)
   u_NV_NVDLA_cmac/u_core/u_mac_3/mac_out_data_reg_130_/D
                              3.8900         4.0115 r      -0.1216  (VIOLATED)
   u_NV_NVDLA_cmac/u_core/u_mac_5/mac_out_data_reg_85_/D
                              3.8826         4.0041 r      -0.1215  (VIOLATED)
   u_NV_NVDLA_cmac/u_core/u_mac_7/mac_out_data_reg_164_/D
                              3.8881         4.0092 r      -0.1211  (VIOLATED)
   u_NV_NVDLA_cmac/u_core/u_mac_3/mac_out_data_reg_169_/D
                              3.8883         4.0093 r      -0.1210  (VIOLATED)
   u_NV_NVDLA_cmac/u_core/u_mac_7/mac_out_data_reg_165_/D
                              3.8882         4.0090 r      -0.1208  (VIOLATED)
   u_NV_NVDLA_cmac/u_core/u_mac_3/mac_out_data_reg_31_/D
                              3.8887         4.0086 r      -0.1199  (VIOLATED)
   u_NV_NVDLA_cmac/u_core/u_mac_5/mac_out_data_reg_26_/D
                              3.8826         4.0022 r      -0.1196  (VIOLATED)
   u_NV_NVDLA_cmac/u_core/u_mac_2/mac_out_data_reg_26_/D
                              3.8905         4.0100 r      -0.1195  (VIOLATED)
   u_NV_NVDLA_cmac/u_core/u_mac_5/mac_out_data_reg_87_/D
                              3.8825         4.0019 r      -0.1194  (VIOLATED)
   u_NV_NVDLA_cmac/u_core/u_mac_3/mac_out_data_reg_86_/D
                              3.8907         4.0100 r      -0.1193  (VIOLATED)
   u_NV_NVDLA_cmac/u_core/u_mac_4/mac_out_data_reg_87_/D
                              3.8902         4.0094 r      -0.1192  (VIOLATED)
   u_NV_NVDLA_cmac/u_core/u_mac_7/mac_out_data_reg_171_/D
                              3.8901         4.0092 r      -0.1191  (VIOLATED)
   u_NV_NVDLA_cmac/u_core/u_mac_7/mac_out_data_reg_170_/D
                              3.8900         4.0090 r      -0.1190  (VIOLATED)
   u_NV_NVDLA_cmac/u_core/u_mac_3/mac_out_data_reg_85_/D
                              3.8906         4.0092 r      -0.1186  (VIOLATED)
   u_NV_NVDLA_cmac/u_core/u_mac_1/mac_out_data_reg_83_/D
                              3.8894         4.0073 r      -0.1178  (VIOLATED)
   u_NV_NVDLA_cmac/u_core/u_mac_3/mac_out_data_reg_122_/D
                              3.8874         4.0050 r      -0.1176  (VIOLATED)
   u_NV_NVDLA_cmac/u_core/u_mac_3/mac_out_data_reg_36_/D
                              3.8878         4.0051 r      -0.1172  (VIOLATED)
   u_NV_NVDLA_cmac/u_core/u_mac_2/mac_out_data_reg_27_/D
                              3.8885         4.0051 r      -0.1166  (VIOLATED)
   u_NV_NVDLA_cmac/u_core/u_mac_3/mac_out_data_reg_116_/D
                              3.8880         4.0031 r      -0.1151  (VIOLATED)
   u_NV_NVDLA_cmac/u_core/u_mac_3/mac_out_data_reg_119_/D
                              3.8878         4.0027 r      -0.1150  (VIOLATED)
   u_NV_NVDLA_cmac/u_core/u_mac_3/mac_out_data_reg_118_/D
                              3.8880         4.0029 r      -0.1149  (VIOLATED)
   u_NV_NVDLA_cmac/u_core/u_mac_3/mac_out_data_reg_115_/D
                              3.8879         4.0026 r      -0.1148  (VIOLATED)
   u_NV_NVDLA_cmac/u_core/u_mac_3/mac_out_data_reg_37_/D
                              3.8884         4.0025 r      -0.1141  (VIOLATED)
   u_NV_NVDLA_cmac/u_core/u_mac_4/mac_out_data_reg_38_/D
                              3.8874         4.0009 r      -0.1135  (VIOLATED)
   u_NV_NVDLA_cmac/u_core/u_mac_4/mac_out_data_reg_39_/D
                              3.8871         4.0003 r      -0.1132  (VIOLATED)
   u_NV_NVDLA_cmac/u_core/u_mac_3/mac_out_data_reg_117_/D
                              3.8882         4.0012 r      -0.1131  (VIOLATED)
   u_NV_NVDLA_cmac/u_core/u_mac_5/mac_out_data_reg_40_/D
                              3.8809         3.9938 r      -0.1129  (VIOLATED)
   u_NV_NVDLA_cmac/u_core/u_mac_4/mac_out_data_reg_84_/D
                              3.8905         4.0024 r      -0.1120  (VIOLATED)
   u_NV_NVDLA_cmac/u_core/u_mac_1/mac_out_data_reg_82_/D
                              3.8898         4.0015 r      -0.1116  (VIOLATED)
   u_NV_NVDLA_cmac/u_core/u_mac_7/mac_out_data_reg_76_/D
                              3.8804         3.9919 r      -0.1115  (VIOLATED)
   u_NV_NVDLA_cmac/u_core/u_mac_7/mac_out_data_reg_82_/D
                              3.8899         4.0007 r      -0.1108  (VIOLATED)
   u_NV_NVDLA_cmac/u_core/u_mac_4/mac_out_data_reg_125_/D
                              3.8882         3.9985 r      -0.1103  (VIOLATED)
   u_NV_NVDLA_cmac/u_core/u_mac_4/mac_out_data_reg_85_/D
                              3.8906         3.9988 r      -0.1081  (VIOLATED)
   u_NV_NVDLA_cmac/u_core/u_mac_7/mac_out_data_reg_83_/D
                              3.8900         3.9982 r      -0.1081  (VIOLATED)
   u_NV_NVDLA_cmac/u_core/u_mac_4/mac_out_data_reg_86_/D
                              3.8904         3.9979 r      -0.1074  (VIOLATED)
   u_NV_NVDLA_cmac/u_core/u_mac_0/mac_out_data_reg_72_/D
                              3.8799         3.9869 r      -0.1070  (VIOLATED)
   u_NV_NVDLA_cmac/u_core/u_mac_3/mac_out_data_reg_28_/D
                              3.8881         3.9950 r      -0.1069  (VIOLATED)
   u_NV_NVDLA_cmac/u_core/u_mac_0/mac_out_data_reg_81_/D
                              3.8793         3.9860 r      -0.1067  (VIOLATED)
   u_NV_NVDLA_cmac/u_core/u_mac_3/mac_out_data_reg_32_/D
                              3.8884         3.9951 r      -0.1067  (VIOLATED)
   u_NV_NVDLA_cmac/u_core/u_mac_4/mac_out_data_reg_175_/D
                              3.8905         3.9957 r      -0.1052  (VIOLATED)
   u_NV_NVDLA_cmac/u_core/u_mac_3/mac_out_data_reg_30_/D
                              3.8886         3.9929 r      -0.1043  (VIOLATED)
   u_NV_NVDLA_cmac/u_core/u_mac_0/mac_out_data_reg_71_/D
                              3.8809         3.9852 r      -0.1042  (VIOLATED)
   u_NV_NVDLA_cmac/u_core/u_mac_6/mac_out_data_reg_125_/D
                              3.8883         3.9922 r      -0.1039  (VIOLATED)
   u_NV_NVDLA_cmac/u_core/u_mac_2/mac_out_data_reg_164_/D
                              3.8886         3.9915 r      -0.1029  (VIOLATED)
   u_NV_NVDLA_cmac/u_core/u_mac_7/mac_out_data_reg_75_/D
                              3.8886         3.9914 r      -0.1028  (VIOLATED)
   u_NV_NVDLA_cmac/u_core/u_mac_3/mac_out_data_reg_83_/D
                              3.8898         3.9926 r      -0.1027  (VIOLATED)
   u_NV_NVDLA_cmac/u_core/u_mac_2/mac_out_data_reg_84_/D
                              3.8903         3.9929 r      -0.1026  (VIOLATED)
   u_NV_NVDLA_cmac/u_core/u_mac_3/mac_out_data_reg_33_/D
                              3.8886         3.9910 r      -0.1024  (VIOLATED)
   u_NV_NVDLA_cmac/u_core/u_mac_0/mac_out_data_reg_76_/D
                              3.8880         3.9903 r      -0.1023  (VIOLATED)
   u_NV_NVDLA_cmac/u_core/u_mac_3/mac_out_data_reg_27_/D
                              3.8886         3.9908 r      -0.1022  (VIOLATED)
   u_NV_NVDLA_cmac/u_core/u_mac_2/mac_out_data_reg_166_/D
                              3.8880         3.9900 r      -0.1019  (VIOLATED)
   u_NV_NVDLA_cmac/u_core/u_mac_0/mac_out_data_reg_75_/D
                              3.8886         3.9905 r      -0.1019  (VIOLATED)
   u_NV_NVDLA_cmac/u_core/u_mac_2/mac_out_data_reg_87_/D
                              3.8904         3.9922 r      -0.1017  (VIOLATED)
   u_NV_NVDLA_cmac/u_core/u_mac_6/mac_out_data_reg_84_/D
                              3.8904         3.9921 r      -0.1017  (VIOLATED)
   u_NV_NVDLA_cmac/u_core/u_mac_0/mac_out_data_reg_38_/D
                              3.8880         3.9897 r      -0.1017  (VIOLATED)
   u_NV_NVDLA_cmac/u_core/u_mac_6/mac_out_data_reg_85_/D
                              3.8905         3.9922 r      -0.1017  (VIOLATED)
   u_NV_NVDLA_cmac/u_core/u_mac_0/mac_out_data_reg_39_/D
                              3.8879         3.9893 r      -0.1015  (VIOLATED)
   u_NV_NVDLA_cmac/u_core/u_mac_2/mac_out_data_reg_85_/D
                              3.8905         3.9918 r      -0.1013  (VIOLATED)
   u_NV_NVDLA_cmac/u_core/u_mac_2/mac_out_data_reg_86_/D
                              3.8905         3.9909 r      -0.1004  (VIOLATED)
   u_NV_NVDLA_cmac/u_core/u_mac_3/mac_out_data_reg_82_/D
                              3.8899         3.9899 r      -0.1000  (VIOLATED)
   u_NV_NVDLA_cmac/u_core/u_mac_0/mac_out_data_reg_78_/D
                              3.8877         3.9867 r      -0.0990  (VIOLATED)
   u_NV_NVDLA_cmac/u_core/u_mac_7/mac_out_data_reg_118_/D
                              3.8885         3.9875 r      -0.0990  (VIOLATED)
   u_NV_NVDLA_cmac/u_core/u_mac_7/mac_out_data_reg_115_/D
                              3.8885         3.9874 r      -0.0989  (VIOLATED)
   u_NV_NVDLA_cmac/u_core/u_mac_7/mac_out_data_reg_122_/D
                              3.8882         3.9866 r      -0.0984  (VIOLATED)
   u_NV_NVDLA_cmac/u_core/u_mac_7/mac_out_data_reg_72_/D
                              3.8886         3.9870 r      -0.0984  (VIOLATED)
   u_NV_NVDLA_cmac/u_core/u_mac_6/mac_out_data_reg_86_/D
                              3.8905         3.9888 r      -0.0983  (VIOLATED)
   u_NV_NVDLA_cmac/u_core/u_mac_0/mac_out_data_reg_74_/D
                              3.8876         3.9858 r      -0.0983  (VIOLATED)
   u_NV_NVDLA_cmac/u_core/u_mac_7/mac_out_data_reg_120_/D
                              3.8884         3.9866 r      -0.0981  (VIOLATED)
   u_NV_NVDLA_cmac/u_core/u_mac_2/mac_out_data_reg_162_/D
                              3.8877         3.9854 r      -0.0977  (VIOLATED)
   u_NV_NVDLA_cmac/u_core/u_mac_5/mac_out_data_reg_83_/D
                              3.8820         3.9794 r      -0.0974  (VIOLATED)
   u_NV_NVDLA_cmac/u_core/u_mac_0/mac_out_data_reg_80_/D
                              3.8885         3.9858 r      -0.0974  (VIOLATED)
   u_NV_NVDLA_cmac/u_core/u_mac_2/mac_out_data_reg_161_/D
                              3.8882         3.9854 r      -0.0972  (VIOLATED)
   u_NV_NVDLA_cmac/u_core/u_mac_7/mac_out_data_reg_73_/D
                              3.8886         3.9856 r      -0.0970  (VIOLATED)
   u_NV_NVDLA_cmac/u_core/u_mac_6/mac_out_data_reg_87_/D
                              3.8904         3.9872 r      -0.0969  (VIOLATED)
   u_NV_NVDLA_cmac/u_core/u_mac_7/mac_out_data_reg_116_/D
                              3.8884         3.9850 r      -0.0966  (VIOLATED)
   u_NV_NVDLA_cmac/u_core/u_mac_7/mac_out_data_reg_117_/D
                              3.8886         3.9850 r      -0.0964  (VIOLATED)
   u_NV_NVDLA_cmac/u_core/u_mac_7/mac_out_data_reg_119_/D
                              3.8885         3.9845 r      -0.0960  (VIOLATED)
   u_NV_NVDLA_cmac/u_core/u_mac_7/mac_out_data_reg_79_/D
                              3.8877         3.9837 r      -0.0960  (VIOLATED)
   u_NV_NVDLA_cmac/u_core/u_mac_7/mac_out_data_reg_74_/D
                              3.8877         3.9833 r      -0.0957  (VIOLATED)
   u_NV_NVDLA_cmac/u_core/u_mac_7/mac_out_data_reg_77_/D
                              3.8887         3.9842 r      -0.0956  (VIOLATED)
   u_NV_NVDLA_cmac/u_core/u_mac_0/mac_out_data_reg_73_/D
                              3.8885         3.9839 r      -0.0954  (VIOLATED)
   u_NV_NVDLA_cmac/u_core/u_mac_0/mac_out_data_reg_79_/D
                              3.8883         3.9836 r      -0.0953  (VIOLATED)
   u_NV_NVDLA_cmac/u_core/u_mac_7/mac_out_data_reg_80_/D
                              3.8886         3.9838 r      -0.0951  (VIOLATED)
   u_NV_NVDLA_cmac/u_core/u_mac_7/mac_out_data_reg_78_/D
                              3.8887         3.9838 r      -0.0951  (VIOLATED)
   u_NV_NVDLA_cmac/u_core/u_mac_5/mac_out_data_reg_82_/D
                              3.8820         3.9768 r      -0.0948  (VIOLATED)
   u_NV_NVDLA_cmac/u_core/u_mac_2/mac_out_data_reg_163_/D
                              3.8884         3.9829 r      -0.0945  (VIOLATED)
   u_NV_NVDLA_cmac/u_core/u_mac_0/mac_out_data_reg_77_/D
                              3.8886         3.9829 r      -0.0944  (VIOLATED)
   u_NV_NVDLA_cmac/u_core/u_mac_7/mac_out_data_reg_121_/D
                              3.8886         3.9824 r      -0.0938  (VIOLATED)
   u_NV_NVDLA_cmac/u_core/u_mac_7/mac_out_data_reg_81_/D
                              3.8881         3.9818 r      -0.0938  (VIOLATED)
   u_NV_NVDLA_cmac/u_core/u_mac_7/mac_out_data_reg_123_/D
                              3.8886         3.9815 r      -0.0928  (VIOLATED)
   u_NV_NVDLA_cmac/u_core/u_mac_7/mac_out_data_reg_40_/D
                              3.8988         3.9912 f      -0.0923  (VIOLATED)
   u_NV_NVDLA_cmac/u_core/u_mac_2/mac_out_data_reg_127_/D
                              3.8900         3.9819 r      -0.0918  (VIOLATED)
   u_NV_NVDLA_cmac/u_core/u_mac_2/mac_out_data_reg_126_/D
                              3.8898         3.9817 r      -0.0918  (VIOLATED)
   u_NV_NVDLA_cmac/u_core/u_mac_2/mac_out_data_reg_172_/D
                              3.8905         3.9813 r      -0.0908  (VIOLATED)
   u_NV_NVDLA_cmac/u_core/u_mac_7/mac_out_data_reg_71_/D
                              3.8887         3.9795 r      -0.0908  (VIOLATED)
   u_NV_NVDLA_cmac/u_core/u_mac_3/mac_out_data_reg_160_/D
                              3.8880         3.9780 r      -0.0900  (VIOLATED)
   u_NV_NVDLA_cmac/u_core/u_mac_4/mac_out_data_reg_79_/D
                              3.8884         3.9783 r      -0.0900  (VIOLATED)
   u_NV_NVDLA_cmac/u_core/u_mac_3/mac_out_data_reg_163_/D
                              3.8875         3.9772 r      -0.0897  (VIOLATED)
   u_NV_NVDLA_cmac/u_core/u_mac_2/mac_out_data_reg_173_/D
                              3.8902         3.9799 r      -0.0897  (VIOLATED)
   u_NV_NVDLA_cmac/u_core/u_mac_3/mac_out_data_reg_175_/D
                              3.8901         3.9797 r      -0.0895  (VIOLATED)
   u_NV_NVDLA_cmac/u_core/u_mac_4/mac_out_data_reg_81_/D
                              3.8884         3.9775 r      -0.0891  (VIOLATED)
   u_NV_NVDLA_cmac/u_core/u_mac_2/mac_out_data_reg_174_/D
                              3.8905         3.9793 r      -0.0888  (VIOLATED)
   u_NV_NVDLA_cmac/u_core/u_mac_3/mac_out_data_reg_161_/D
                              3.8877         3.9765 r      -0.0888  (VIOLATED)
   u_NV_NVDLA_cmac/u_core/u_mac_4/mac_out_data_reg_75_/D
                              3.8886         3.9773 r      -0.0887  (VIOLATED)
   u_NV_NVDLA_cmac/u_core/u_mac_2/mac_out_data_reg_25_/D
                              3.8827         3.9707 r      -0.0881  (VIOLATED)
   u_NV_NVDLA_cmac/u_core/u_mac_1/mac_out_data_reg_25_/D
                              3.8903         3.9781 r      -0.0877  (VIOLATED)
   u_NV_NVDLA_cmac/u_core/u_mac_4/mac_out_data_reg_82_/D
                              3.8900         3.9777 r      -0.0877  (VIOLATED)
   u_NV_NVDLA_cmac/u_core/u_mac_2/mac_out_data_reg_83_/D
                              3.8900         3.9777 r      -0.0876  (VIOLATED)
   u_NV_NVDLA_cmac/u_core/u_mac_2/mac_out_data_reg_82_/D
                              3.8900         3.9773 r      -0.0873  (VIOLATED)
   u_NV_NVDLA_cmac/u_core/u_mac_4/mac_out_data_reg_24_/D
                              3.8905         3.9778 r      -0.0872  (VIOLATED)
   u_NV_NVDLA_cmac/u_core/u_mac_1/mac_out_data_reg_40_/D
                              3.8979         3.9844 f      -0.0865  (VIOLATED)
   u_NV_NVDLA_cmac/u_core/u_mac_3/mac_out_data_reg_165_/D
                              3.8877         3.9742 r      -0.0865  (VIOLATED)
   u_NV_NVDLA_cmac/u_core/u_mac_4/mac_out_data_reg_76_/D
                              3.8886         3.9749 r      -0.0863  (VIOLATED)
   u_NV_NVDLA_cmac/u_core/u_mac_1/mac_out_data_reg_121_/D
                              3.8791         3.9653 r      -0.0862  (VIOLATED)
   u_NV_NVDLA_cmac/u_core/u_mac_5/mac_out_data_reg_74_/D
                              3.8781         3.9642 r      -0.0861  (VIOLATED)
   u_NV_NVDLA_cmac/u_core/u_mac_4/mac_out_data_reg_71_/D
                              3.8881         3.9741 r      -0.0861  (VIOLATED)
   u_NV_NVDLA_cmac/u_core/u_mac_5/mac_out_data_reg_76_/D
                              3.8795         3.9654 r      -0.0859  (VIOLATED)
   u_NV_NVDLA_cmac/u_core/u_mac_3/mac_out_data_reg_164_/D
                              3.8869         3.9728 r      -0.0859  (VIOLATED)
   u_NV_NVDLA_cmac/u_core/u_mac_4/mac_out_data_reg_73_/D
                              3.8876         3.9735 r      -0.0859  (VIOLATED)
   u_NV_NVDLA_cmac/u_core/u_mac_3/mac_out_data_reg_174_/D
                              3.8900         3.9756 r      -0.0856  (VIOLATED)
   u_NV_NVDLA_cmac/u_core/u_mac_6/mac_out_data_reg_82_/D
                              3.8901         3.9752 r      -0.0851  (VIOLATED)
   u_NV_NVDLA_cmac/u_core/u_mac_1/mac_out_data_reg_122_/D
                              3.8802         3.9651 r      -0.0849  (VIOLATED)
   u_NV_NVDLA_cmac/u_core/u_mac_6/mac_out_data_reg_83_/D
                              3.8901         3.9748 r      -0.0847  (VIOLATED)
   u_NV_NVDLA_cmac/u_core/u_mac_4/mac_out_data_reg_72_/D
                              3.8883         3.9730 r      -0.0847  (VIOLATED)
   u_NV_NVDLA_cmac/u_core/u_mac_0/mac_out_data_reg_168_/D
                              3.8883         3.9730 r      -0.0847  (VIOLATED)
   u_NV_NVDLA_cmac/u_core/u_mac_1/mac_out_data_reg_71_/D
                              3.8875         3.9722 r      -0.0846  (VIOLATED)
   u_NV_NVDLA_cmac/u_core/u_mac_3/mac_out_data_reg_162_/D
                              3.8880         3.9723 r      -0.0843  (VIOLATED)
   u_NV_NVDLA_cmac/u_core/u_mac_7/mac_out_data_reg_25_/D
                              3.8906         3.9748 r      -0.0843  (VIOLATED)
   u_NV_NVDLA_cmac/u_core/u_mac_3/mac_out_data_reg_172_/D
                              3.8903         3.9743 r      -0.0840  (VIOLATED)
   u_NV_NVDLA_cmac/u_core/u_mac_1/mac_out_data_reg_127_/D
                              3.8899         3.9738 r      -0.0839  (VIOLATED)
   u_NV_NVDLA_cmac/u_core/u_mac_3/mac_out_data_reg_173_/D
                              3.8904         3.9742 r      -0.0838  (VIOLATED)
   u_NV_NVDLA_cmac/u_core/u_mac_2/mac_out_data_reg_128_/D
                              3.8902         3.9740 r      -0.0837  (VIOLATED)
   u_NV_NVDLA_cmac/u_core/u_mac_5/mac_out_data_reg_79_/D
                              3.8805         3.9643 r      -0.0837  (VIOLATED)
   u_NV_NVDLA_cmac/u_core/u_mac_2/mac_out_data_reg_165_/D
                              3.8885         3.9722 r      -0.0837  (VIOLATED)
   u_NV_NVDLA_cmac/u_core/u_mac_2/mac_out_data_reg_175_/D
                              3.8904         3.9740 r      -0.0836  (VIOLATED)
   u_NV_NVDLA_cmac/u_core/u_mac_1/mac_out_data_reg_126_/D
                              3.8895         3.9731 r      -0.0836  (VIOLATED)
   u_NV_NVDLA_cmac/u_core/u_mac_5/mac_out_data_reg_75_/D
                              3.8809         3.9642 r      -0.0833  (VIOLATED)
   u_NV_NVDLA_cmac/u_core/u_mac_6/mac_out_data_reg_25_/D
                              3.8894         3.9727 r      -0.0833  (VIOLATED)
   u_NV_NVDLA_cmac/u_core/u_mac_5/mac_out_data_reg_128_/D
                              3.8823         3.9655 r      -0.0832  (VIOLATED)
   u_NV_NVDLA_cmac/u_core/u_mac_5/mac_out_data_reg_78_/D
                              3.8807         3.9637 r      -0.0829  (VIOLATED)
   u_NV_NVDLA_cmac/u_core/u_mac_0/mac_out_data_reg_169_/D
                              3.8885         3.9712 r      -0.0827  (VIOLATED)
   u_NV_NVDLA_cmac/u_core/u_mac_3/mac_out_data_reg_166_/D
                              3.8878         3.9704 r      -0.0826  (VIOLATED)
   u_NV_NVDLA_cmac/u_core/u_mac_4/mac_out_data_reg_172_/D
                              3.8827         3.9652 r      -0.0825  (VIOLATED)
   u_NV_NVDLA_cmac/u_core/u_mac_5/mac_out_data_reg_80_/D
                              3.8808         3.9630 r      -0.0822  (VIOLATED)
   u_NV_NVDLA_cmac/u_core/u_mac_2/mac_out_data_reg_129_/D
                              3.8903         3.9723 r      -0.0820  (VIOLATED)
   u_NV_NVDLA_cmac/u_core/u_mac_5/mac_out_data_reg_81_/D
                              3.8807         3.9626 r      -0.0819  (VIOLATED)
   u_NV_NVDLA_cmac/u_core/u_mac_1/mac_out_data_reg_123_/D
                              3.8799         3.9615 r      -0.0817  (VIOLATED)
   u_NV_NVDLA_cmac/u_core/u_mac_2/mac_out_data_reg_130_/D
                              3.8902         3.9714 r      -0.0812  (VIOLATED)
   u_NV_NVDLA_cmac/u_core/u_mac_4/mac_out_data_reg_74_/D
                              3.8881         3.9690 r      -0.0809  (VIOLATED)
   u_NV_NVDLA_cmac/u_core/u_mac_6/mac_out_data_reg_40_/D
                              3.8875         3.9680 r      -0.0805  (VIOLATED)
   u_NV_NVDLA_cmac/u_core/u_mac_2/mac_out_data_reg_167_/D
                              3.8883         3.9687 r      -0.0803  (VIOLATED)
   u_NV_NVDLA_cmac/u_core/u_mac_1/mac_out_data_reg_130_/D
                              3.8823         3.9626 r      -0.0803  (VIOLATED)
   u_NV_NVDLA_cmac/u_core/u_mac_2/mac_out_data_reg_40_/D
                              3.8805         3.9606 r      -0.0801  (VIOLATED)
   u_NV_NVDLA_cmac/u_core/u_mac_4/mac_out_data_reg_80_/D
                              3.8882         3.9673 r      -0.0791  (VIOLATED)
   u_NV_NVDLA_cmac/u_core/u_mac_4/mac_out_data_reg_174_/D
                              3.8823         3.9609 r      -0.0786  (VIOLATED)
   u_NV_NVDLA_cmac/u_core/u_mac_1/mac_out_data_reg_75_/D
                              3.8874         3.9659 r      -0.0785  (VIOLATED)
   u_NV_NVDLA_cmac/u_core/u_mac_2/mac_out_data_reg_131_/D
                              3.8904         3.9688 r      -0.0784  (VIOLATED)
   u_NV_NVDLA_cmac/u_core/u_mac_1/mac_out_data_reg_128_/D
                              3.8825         3.9607 r      -0.0782  (VIOLATED)
   u_NV_NVDLA_cmac/u_core/u_mac_5/mac_out_data_reg_168_/D
                              3.8796         3.9573 r      -0.0777  (VIOLATED)
   u_NV_NVDLA_cmac/u_core/u_mac_4/mac_out_data_reg_83_/D
                              3.8900         3.9674 r      -0.0774  (VIOLATED)
   u_NV_NVDLA_cmac/u_core/u_mac_5/mac_out_data_reg_129_/D
                              3.8824         3.9597 r      -0.0774  (VIOLATED)
   u_NV_NVDLA_cmac/u_core/u_mac_5/mac_out_data_reg_169_/D
                              3.8797         3.9566 r      -0.0770  (VIOLATED)
   u_NV_NVDLA_cmac/u_core/u_mac_4/mac_out_data_reg_78_/D
                              3.8883         3.9650 r      -0.0767  (VIOLATED)
   u_NV_NVDLA_cmac/u_core/u_mac_3/mac_out_data_reg_75_/D
                              3.8874         3.9640 r      -0.0766  (VIOLATED)
   u_NV_NVDLA_cmac/u_core/u_mac_2/mac_out_data_reg_160_/D
                              3.8885         3.9642 r      -0.0757  (VIOLATED)
   u_NV_NVDLA_cmac/u_core/u_mac_1/mac_out_data_reg_76_/D
                              3.8880         3.9637 r      -0.0757  (VIOLATED)
   u_NV_NVDLA_cmac/u_core/u_mac_6/mac_out_data_reg_76_/D
                              3.8878         3.9634 r      -0.0756  (VIOLATED)
   u_NV_NVDLA_cmac/u_core/u_mac_5/mac_out_data_reg_77_/D
                              3.8809         3.9564 r      -0.0755  (VIOLATED)
   u_NV_NVDLA_cmac/u_core/u_mac_6/mac_out_data_reg_75_/D
                              3.8875         3.9625 r      -0.0750  (VIOLATED)
   u_NV_NVDLA_cmac/u_core/u_mac_1/mac_out_data_reg_129_/D
                              3.8825         3.9574 r      -0.0749  (VIOLATED)
   u_NV_NVDLA_cmac/u_core/u_mac_5/mac_out_data_reg_126_/D
                              3.8820         3.9567 r      -0.0747  (VIOLATED)
   u_NV_NVDLA_cmac/u_core/u_mac_2/mac_out_data_reg_77_/D
                              3.8868         3.9613 r      -0.0745  (VIOLATED)
   u_NV_NVDLA_cmac/u_core/u_mac_2/mac_out_data_reg_168_/D
                              3.8885         3.9628 r      -0.0743  (VIOLATED)
   u_NV_NVDLA_cmac/u_core/u_mac_4/mac_out_data_reg_173_/D
                              3.8902         3.9643 r      -0.0741  (VIOLATED)
   u_NV_NVDLA_cmac/u_core/u_mac_6/mac_out_data_reg_72_/D
                              3.8872         3.9608 r      -0.0737  (VIOLATED)
   u_NV_NVDLA_cmac/u_core/u_mac_5/mac_out_data_reg_127_/D
                              3.8819         3.9548 r      -0.0729  (VIOLATED)
   u_NV_NVDLA_cmac/u_core/u_mac_3/mac_out_data_reg_124_/D
                              3.8877         3.9606 r      -0.0729  (VIOLATED)
   u_NV_NVDLA_cmac/u_core/u_mac_4/mac_out_data_reg_77_/D
                              3.8884         3.9613 r      -0.0729  (VIOLATED)
   u_NV_NVDLA_cmac/u_core/u_mac_4/mac_out_data_reg_162_/D
                              3.8806         3.9533 r      -0.0728  (VIOLATED)
   u_NV_NVDLA_cmac/u_core/u_mac_6/mac_out_data_reg_74_/D
                              3.8872         3.9599 r      -0.0727  (VIOLATED)
   u_NV_NVDLA_cmac/u_core/u_mac_2/mac_out_data_reg_75_/D
                              3.8883         3.9604 r      -0.0721  (VIOLATED)
   u_NV_NVDLA_cmac/u_core/u_mac_1/mac_out_data_reg_131_/D
                              3.8825         3.9540 r      -0.0715  (VIOLATED)
   u_NV_NVDLA_cmac/u_core/u_mac_5/mac_out_data_reg_72_/D
                              3.8882         3.9596 r      -0.0714  (VIOLATED)
   u_NV_NVDLA_cmac/u_core/u_mac_4/mac_out_data_reg_161_/D
                              3.8809         3.9521 r      -0.0712  (VIOLATED)
   u_NV_NVDLA_cmac/u_core/u_mac_2/mac_out_data_reg_73_/D
                              3.8884         3.9594 r      -0.0710  (VIOLATED)
   u_NV_NVDLA_cmac/u_core/u_mac_1/mac_out_data_reg_38_/D
                              3.8875         3.9584 r      -0.0709  (VIOLATED)
   u_NV_NVDLA_cmac/u_core/u_mac_5/mac_out_data_reg_130_/D
                              3.8822         3.9530 r      -0.0709  (VIOLATED)
   u_NV_NVDLA_cmac/u_core/u_mac_6/mac_out_data_reg_77_/D
                              3.8879         3.9585 r      -0.0706  (VIOLATED)
   u_NV_NVDLA_cmac/u_core/u_mac_0/mac_out_data_reg_24_/D
                              3.8906         3.9612 r      -0.0706  (VIOLATED)
   u_NV_NVDLA_cmac/u_core/u_mac_3/mac_out_data_reg_76_/D
                              3.8886         3.9592 r      -0.0706  (VIOLATED)
   u_NV_NVDLA_cmac/u_core/u_mac_2/mac_out_data_reg_76_/D
                              3.8882         3.9584 r      -0.0702  (VIOLATED)
   u_NV_NVDLA_cmac/u_core/u_mac_1/mac_out_data_reg_116_/D
                              3.8801         3.9502 r      -0.0701  (VIOLATED)
   u_NV_NVDLA_cmac/u_core/u_mac_1/mac_out_data_reg_169_/D
                              3.8800         3.9500 r      -0.0700  (VIOLATED)
   u_NV_NVDLA_cmac/u_core/u_mac_1/mac_out_data_reg_168_/D
                              3.8801         3.9501 r      -0.0699  (VIOLATED)
   u_NV_NVDLA_cmac/u_core/u_mac_6/mac_out_data_reg_78_/D
                              3.8879         3.9576 r      -0.0697  (VIOLATED)
   u_NV_NVDLA_cmac/u_core/u_mac_5/mac_out_data_reg_131_/D
                              3.8823         3.9519 r      -0.0696  (VIOLATED)
   u_NV_NVDLA_cmac/u_core/u_mac_1/mac_out_data_reg_117_/D
                              3.8799         3.9494 r      -0.0695  (VIOLATED)
   u_NV_NVDLA_cmac/u_core/u_mac_6/mac_out_data_reg_81_/D
                              3.8873         3.9567 r      -0.0694  (VIOLATED)
   u_NV_NVDLA_cmac/u_core/u_mac_3/mac_out_data_reg_78_/D
                              3.8874         3.9568 r      -0.0694  (VIOLATED)
   u_NV_NVDLA_cmac/u_core/u_mac_3/mac_out_data_reg_74_/D
                              3.8875         3.9568 r      -0.0693  (VIOLATED)
   u_NV_NVDLA_cmac/u_core/u_mac_1/mac_out_data_reg_78_/D
                              3.8881         3.9573 r      -0.0692  (VIOLATED)
   u_NV_NVDLA_cmac/u_core/u_mac_7/mac_out_data_reg_167_/D
                              3.8878         3.9570 r      -0.0692  (VIOLATED)
   u_NV_NVDLA_cmac/u_core/u_mac_2/mac_out_data_reg_74_/D
                              3.8885         3.9574 r      -0.0690  (VIOLATED)
   u_NV_NVDLA_cmac/u_core/u_mac_4/mac_out_data_reg_163_/D
                              3.8809         3.9498 r      -0.0689  (VIOLATED)
   u_NV_NVDLA_cmac/u_core/u_mac_2/mac_out_data_reg_171_/D
                              3.8902         3.9586 r      -0.0685  (VIOLATED)
   u_NV_NVDLA_cmac/u_core/u_mac_1/mac_out_data_reg_79_/D
                              3.8875         3.9559 r      -0.0684  (VIOLATED)
   u_NV_NVDLA_cmac/u_core/u_mac_1/mac_out_data_reg_120_/D
                              3.8797         3.9481 r      -0.0684  (VIOLATED)
   u_NV_NVDLA_cmac/u_core/u_mac_1/mac_out_data_reg_119_/D
                              3.8796         3.9479 r      -0.0683  (VIOLATED)
   u_NV_NVDLA_cmac/u_core/u_mac_0/mac_out_data_reg_127_/D
                              3.8901         3.9582 r      -0.0681  (VIOLATED)
   u_NV_NVDLA_cmac/u_core/u_mac_2/mac_out_data_reg_170_/D
                              3.8901         3.9580 r      -0.0679  (VIOLATED)
   u_NV_NVDLA_cmac/u_core/u_mac_4/mac_out_data_reg_160_/D
                              3.8880         3.9558 r      -0.0678  (VIOLATED)
   u_NV_NVDLA_cmac/u_core/u_mac_1/mac_out_data_reg_118_/D
                              3.8801         3.9478 r      -0.0677  (VIOLATED)
   u_NV_NVDLA_cmac/u_core/u_mac_5/mac_out_data_reg_71_/D
                              3.8883         3.9560 r      -0.0677  (VIOLATED)
   u_NV_NVDLA_cmac/u_core/u_mac_3/mac_out_data_reg_114_/D
                              3.8842         3.9518 r      -0.0676  (VIOLATED)
   u_NV_NVDLA_cmac/u_core/u_mac_0/mac_out_data_reg_129_/D
                              3.8904         3.9578 r      -0.0675  (VIOLATED)
   u_NV_NVDLA_cmac/u_core/u_mac_1/mac_out_data_reg_39_/D
                              3.8881         3.9554 r      -0.0673  (VIOLATED)
   u_NV_NVDLA_cmac/u_core/u_mac_2/mac_out_data_reg_72_/D
                              3.8885         3.9557 r      -0.0672  (VIOLATED)
   u_NV_NVDLA_cmac/u_core/u_mac_6/mac_out_data_reg_73_/D
                              3.8880         3.9552 r      -0.0672  (VIOLATED)
   u_NV_NVDLA_cmac/u_core/u_mac_1/mac_out_data_reg_80_/D
                              3.8883         3.9554 r      -0.0672  (VIOLATED)
   u_NV_NVDLA_cmac/u_core/u_mac_1/mac_out_data_reg_77_/D
                              3.8882         3.9554 r      -0.0672  (VIOLATED)
   u_NV_NVDLA_cmac/u_core/u_mac_3/mac_out_data_reg_159_/D
                              3.8882         3.9553 r      -0.0672  (VIOLATED)
   u_NV_NVDLA_cmac/u_core/u_mac_1/mac_out_data_reg_81_/D
                              3.8879         3.9550 r      -0.0671  (VIOLATED)
   u_NV_NVDLA_cmac/u_core/u_mac_7/mac_out_data_reg_124_/D
                              3.8887         3.9558 r      -0.0671  (VIOLATED)
   u_NV_NVDLA_cmac/u_core/u_mac_6/mac_out_data_reg_168_/D
                              3.8882         3.9552 r      -0.0671  (VIOLATED)
   u_NV_NVDLA_cmac/u_core/u_mac_3/mac_out_data_reg_73_/D
                              3.8872         3.9542 r      -0.0670  (VIOLATED)
   u_NV_NVDLA_cmac/u_core/u_mac_3/mac_out_data_reg_72_/D
                              3.8875         3.9544 r      -0.0669  (VIOLATED)
   u_NV_NVDLA_cmac/u_core/u_mac_1/mac_out_data_reg_74_/D
                              3.8882         3.9551 r      -0.0668  (VIOLATED)
   u_NV_NVDLA_cmac/u_core/u_mac_4/mac_out_data_reg_164_/D
                              3.8802         3.9468 r      -0.0666  (VIOLATED)
   u_NV_NVDLA_cmac/u_core/u_mac_6/mac_out_data_reg_169_/D
                              3.8878         3.9542 r      -0.0664  (VIOLATED)
   u_NV_NVDLA_cmac/u_core/u_mac_1/mac_out_data_reg_72_/D
                              3.8885         3.9548 r      -0.0663  (VIOLATED)
   u_NV_NVDLA_cmac/u_core/u_mac_0/mac_out_data_reg_126_/D
                              3.8901         3.9564 r      -0.0663  (VIOLATED)
   u_NV_NVDLA_cmac/u_core/u_mac_4/mac_out_data_reg_159_/D
                              3.8886         3.9549 r      -0.0663  (VIOLATED)
   u_NV_NVDLA_cmac/u_core/u_mac_4/mac_out_data_reg_170_/D
                              3.8821         3.9482 r      -0.0662  (VIOLATED)
   u_NV_NVDLA_cmac/u_core/u_mac_6/mac_out_data_reg_80_/D
                              3.8876         3.9534 r      -0.0657  (VIOLATED)
   u_NV_NVDLA_cmac/u_core/u_mac_1/mac_out_data_reg_73_/D
                              3.8880         3.9537 r      -0.0656  (VIOLATED)
   u_NV_NVDLA_cmac/u_core/u_mac_2/mac_out_data_reg_78_/D
                              3.8885         3.9540 r      -0.0655  (VIOLATED)
   u_NV_NVDLA_cmac/u_core/u_mac_2/mac_out_data_reg_71_/D
                              3.8881         3.9536 r      -0.0655  (VIOLATED)
   u_NV_NVDLA_cmac/u_core/u_mac_5/mac_out_data_reg_73_/D
                              3.8884         3.9538 r      -0.0655  (VIOLATED)
   u_NV_NVDLA_cmac/u_core/u_mac_6/mac_out_data_reg_71_/D
                              3.8882         3.9534 r      -0.0652  (VIOLATED)
   u_NV_NVDLA_cmac/u_core/u_mac_3/mac_out_data_reg_77_/D
                              3.8878         3.9527 r      -0.0649  (VIOLATED)
   u_NV_NVDLA_cmac/u_core/u_mac_3/mac_out_data_reg_81_/D
                              3.8882         3.9523 r      -0.0642  (VIOLATED)
   u_NV_NVDLA_cmac/u_core/u_mac_3/mac_out_data_reg_113_/D
                              3.8842         3.9481 r      -0.0638  (VIOLATED)
   u_NV_NVDLA_cmac/u_core/u_mac_6/mac_out_data_reg_79_/D
                              3.8877         3.9513 r      -0.0637  (VIOLATED)
   u_NV_NVDLA_cmac/u_core/u_mac_0/mac_out_data_reg_131_/D
                              3.8903         3.9538 r      -0.0634  (VIOLATED)
   u_NV_NVDLA_cmac/u_core/u_mac_4/mac_out_data_reg_171_/D
                              3.8821         3.9453 r      -0.0632  (VIOLATED)
   u_NV_NVDLA_cmac/u_core/u_mac_4/mac_out_data_reg_165_/D
                              3.8799         3.9431 r      -0.0632  (VIOLATED)
   u_NV_NVDLA_cmac/u_core/u_mac_3/mac_out_data_reg_80_/D
                              3.8883         3.9513 r      -0.0630  (VIOLATED)
   u_NV_NVDLA_cmac/u_core/u_mac_1/mac_out_data_reg_115_/D
                              3.8879         3.9504 r      -0.0625  (VIOLATED)
   u_NV_NVDLA_cmac/u_core/u_mac_2/mac_out_data_reg_79_/D
                              3.8886         3.9508 r      -0.0622  (VIOLATED)
   u_NV_NVDLA_cmac/u_core/u_mac_3/mac_out_data_reg_79_/D
                              3.8884         3.9498 r      -0.0614  (VIOLATED)
   u_NV_NVDLA_cmac/u_core/u_mac_3/mac_out_data_reg_171_/D
                              3.8898         3.9512 r      -0.0614  (VIOLATED)
   u_NV_NVDLA_cmac/u_core/u_mac_3/mac_out_data_reg_26_/D
                              3.8902         3.9516 r      -0.0613  (VIOLATED)
   u_NV_NVDLA_cmac/u_core/u_mac_5/mac_out_data_reg_25_/D
                              3.8826         3.9437 r      -0.0611  (VIOLATED)
   u_NV_NVDLA_cmac/u_core/u_mac_6/mac_out_data_reg_39_/D
                              3.8879         3.9489 r      -0.0610  (VIOLATED)
   u_NV_NVDLA_cmac/u_core/u_mac_7/mac_out_data_reg_38_/D
                              3.8881         3.9490 r      -0.0608  (VIOLATED)
   u_NV_NVDLA_cmac/u_core/u_mac_3/mac_out_data_reg_71_/D
                              3.8883         3.9484 r      -0.0601  (VIOLATED)
   u_NV_NVDLA_cmac/u_core/u_mac_3/mac_out_data_reg_170_/D
                              3.8898         3.9496 r      -0.0598  (VIOLATED)
   u_NV_NVDLA_cmac/u_core/u_mac_7/mac_out_data_reg_39_/D
                              3.8880         3.9478 r      -0.0597  (VIOLATED)
   u_NV_NVDLA_cmac/u_core/u_mac_4/mac_out_data_reg_166_/D
                              3.8804         3.9396 r      -0.0593  (VIOLATED)
   u_NV_NVDLA_cmac/u_core/u_mac_7/mac_out_data_reg_158_/D
                              3.8841         3.9432 r      -0.0592  (VIOLATED)
   u_NV_NVDLA_cmac/u_core/u_mac_2/mac_out_data_reg_120_/D
                              3.8886         3.9469 r      -0.0583  (VIOLATED)
   u_NV_NVDLA_cmac/u_core/u_mac_6/mac_out_data_reg_38_/D
                              3.8880         3.9456 r      -0.0577  (VIOLATED)
   u_NV_NVDLA_cmac/u_core/u_mac_2/mac_out_data_reg_121_/D
                              3.8882         3.9435 r      -0.0553  (VIOLATED)
   u_NV_NVDLA_cmac/u_core/u_mac_2/mac_out_data_reg_124_/D
                              3.8884         3.9425 r      -0.0540  (VIOLATED)
   u_NV_NVDLA_cmac/u_core/u_mac_5/mac_out_data_reg_39_/D
                              3.8798         3.9337 r      -0.0539  (VIOLATED)
   u_NV_NVDLA_cmac/u_core/u_mac_2/mac_out_data_reg_118_/D
                              3.8881         3.9412 r      -0.0531  (VIOLATED)
   u_NV_NVDLA_cmac/u_core/u_mac_3/mac_out_data_reg_40_/D
                              3.8886         3.9417 r      -0.0530  (VIOLATED)
   u_NV_NVDLA_cmac/u_core/u_mac_0/mac_out_data_reg_160_/D
                              3.8880         3.9380 r      -0.0500  (VIOLATED)
   u_NV_NVDLA_cmac/u_core/u_mac_6/mac_out_data_reg_126_/D
                              3.8899         3.9392 r      -0.0492  (VIOLATED)
   u_NV_NVDLA_cmac/u_core/u_mac_0/mac_out_data_reg_130_/D
                              3.8903         3.9386 r      -0.0483  (VIOLATED)
   u_NV_NVDLA_cmac/u_core/u_mac_5/mac_out_data_reg_38_/D
                              3.8808         3.9277 r      -0.0469  (VIOLATED)
   u_NV_NVDLA_cmac/u_core/u_mac_1/mac_out_data_reg_24_/D
                              3.8827         3.9293 r      -0.0466  (VIOLATED)
   u_NV_NVDLA_cmac/u_core/u_mac_5/mac_out_data_reg_172_/D
                              3.8825         3.9290 r      -0.0465  (VIOLATED)
   u_NV_NVDLA_cmac/u_core/u_mac_0/mac_out_data_reg_128_/D
                              3.8902         3.9363 r      -0.0461  (VIOLATED)
   u_NV_NVDLA_cmac/u_core/u_mac_6/mac_out_data_reg_127_/D
                              3.8901         3.9360 r      -0.0459  (VIOLATED)
   u_NV_NVDLA_cmac/u_core/u_mac_2/mac_out_data_reg_125_/D
                              3.8887         3.9342 r      -0.0455  (VIOLATED)
   u_NV_NVDLA_cmac/u_core/u_mac_2/mac_out_data_reg_119_/D
                              3.8877         3.9328 r      -0.0451  (VIOLATED)
   u_NV_NVDLA_cmac/u_core/u_mac_0/mac_out_data_reg_162_/D
                              3.8879         3.9328 r      -0.0449  (VIOLATED)
   u_NV_NVDLA_cmac/u_core/u_mac_6/mac_out_data_reg_128_/D
                              3.8902         3.9336 r      -0.0433  (VIOLATED)
   u_NV_NVDLA_cmac/u_core/u_mac_0/mac_out_data_reg_161_/D
                              3.8882         3.9304 r      -0.0422  (VIOLATED)
   u_NV_NVDLA_cmac/u_core/u_mac_6/mac_out_data_reg_131_/D
                              3.8902         3.9318 r      -0.0415  (VIOLATED)
   u_NV_NVDLA_cmac/u_core/u_mac_5/mac_out_data_reg_175_/D
                              3.8826         3.9239 r      -0.0413  (VIOLATED)
   u_NV_NVDLA_cmac/u_core/u_mac_5/mac_out_data_reg_174_/D
                              3.8826         3.9239 r      -0.0413  (VIOLATED)
   u_NV_NVDLA_cmac/u_core/u_mac_2/mac_out_data_reg_39_/D
                              3.8877         3.9283 r      -0.0406  (VIOLATED)
   u_NV_NVDLA_cmac/u_core/u_mac_2/mac_out_data_reg_38_/D
                              3.8872         3.9277 r      -0.0405  (VIOLATED)
   u_NV_NVDLA_cmac/u_core/u_mac_2/mac_out_data_reg_117_/D
                              3.8885         3.9283 r      -0.0398  (VIOLATED)
   u_NV_NVDLA_cmac/u_core/u_mac_7/mac_out_data_reg_24_/D
                              3.8902         3.9299 r      -0.0397  (VIOLATED)
   u_NV_NVDLA_cmac/u_core/u_mac_4/mac_out_data_reg_131_/D
                              3.8904         3.9295 r      -0.0391  (VIOLATED)
   u_NV_NVDLA_cmac/u_core/u_mac_4/mac_out_data_reg_127_/D
                              3.8898         3.9288 r      -0.0390  (VIOLATED)
   u_NV_NVDLA_cmac/u_core/u_mac_2/mac_out_data_reg_115_/D
                              3.8883         3.9271 r      -0.0389  (VIOLATED)
   u_NV_NVDLA_cmac/u_core/u_mac_0/mac_out_data_reg_175_/D
                              3.8904         3.9292 r      -0.0388  (VIOLATED)
   u_NV_NVDLA_cmac/u_core/u_mac_0/mac_out_data_reg_174_/D
                              3.8904         3.9290 r      -0.0386  (VIOLATED)
   u_NV_NVDLA_cmac/u_core/u_mac_4/mac_out_data_reg_126_/D
                              3.8894         3.9278 r      -0.0384  (VIOLATED)
   u_NV_NVDLA_cmac/u_core/u_mac_0/mac_out_data_reg_173_/D
                              3.8903         3.9282 r      -0.0379  (VIOLATED)
   u_NV_NVDLA_cmac/u_core/u_mac_6/mac_out_data_reg_24_/D
                              3.8897         3.9274 r      -0.0377  (VIOLATED)
   u_NV_NVDLA_cmac/u_core/u_mac_5/mac_out_data_reg_164_/D
                              3.8797         3.9172 r      -0.0375  (VIOLATED)
   u_NV_NVDLA_cmac/u_core/u_mac_5/mac_out_data_reg_120_/D
                              3.8806         3.9178 r      -0.0372  (VIOLATED)
   u_NV_NVDLA_cmac/u_core/u_mac_0/mac_out_data_reg_123_/D
                              3.8808         3.9178 r      -0.0370  (VIOLATED)
   u_NV_NVDLA_cmac/u_core/u_mac_2/mac_out_data_reg_123_/D
                              3.8887         3.9257 r      -0.0370  (VIOLATED)
   u_NV_NVDLA_cmac/u_core/u_mac_3/mac_out_data_reg_25_/D
                              3.8900         3.9267 r      -0.0367  (VIOLATED)
   u_NV_NVDLA_cmac/u_core/u_mac_5/mac_out_data_reg_173_/D
                              3.8826         3.9193 r      -0.0367  (VIOLATED)
   u_NV_NVDLA_cmac/u_core/u_mac_2/mac_out_data_reg_122_/D
                              3.8886         3.9252 r      -0.0366  (VIOLATED)
   u_NV_NVDLA_cmac/u_core/u_mac_5/mac_out_data_reg_166_/D
                              3.8797         3.9163 r      -0.0365  (VIOLATED)
   u_NV_NVDLA_cmac/u_core/u_mac_2/mac_out_data_reg_116_/D
                              3.8885         3.9245 r      -0.0360  (VIOLATED)
   u_NV_NVDLA_cmac/u_core/u_mac_1/mac_out_data_reg_166_/D
                              3.8803         3.9147 r      -0.0344  (VIOLATED)
   u_NV_NVDLA_cmac/u_core/u_mac_5/mac_out_data_reg_118_/D
                              3.8805         3.9146 r      -0.0341  (VIOLATED)
   u_NV_NVDLA_cmac/u_core/u_mac_5/mac_out_data_reg_115_/D
                              3.8799         3.9138 r      -0.0339  (VIOLATED)
   u_NV_NVDLA_cmac/u_core/u_mac_5/mac_out_data_reg_121_/D
                              3.8798         3.9135 r      -0.0337  (VIOLATED)
   u_NV_NVDLA_cmac/u_core/u_mac_5/mac_out_data_reg_117_/D
                              3.8803         3.9136 r      -0.0333  (VIOLATED)
   u_NV_NVDLA_cmac/u_core/u_mac_5/mac_out_data_reg_116_/D
                              3.8803         3.9128 r      -0.0326  (VIOLATED)
   u_NV_NVDLA_cmac/u_core/u_mac_0/mac_out_data_reg_119_/D
                              3.8810         3.9135 r      -0.0325  (VIOLATED)
   u_NV_NVDLA_cmac/u_core/u_mac_5/mac_out_data_reg_122_/D
                              3.8805         3.9126 r      -0.0321  (VIOLATED)
   u_NV_NVDLA_cmac/u_core/u_mac_0/mac_out_data_reg_163_/D
                              3.8877         3.9192 r      -0.0314  (VIOLATED)
   u_NV_NVDLA_cmac/u_core/u_mac_6/mac_out_data_reg_165_/D
                              3.8870         3.9184 r      -0.0314  (VIOLATED)
   u_NV_NVDLA_cmac/u_core/u_mac_1/mac_out_data_reg_172_/D
                              3.8825         3.9129 r      -0.0304  (VIOLATED)
   u_NV_NVDLA_cmac/u_core/u_mac_1/mac_out_data_reg_174_/D
                              3.8824         3.9126 r      -0.0302  (VIOLATED)
   u_NV_NVDLA_cmac/u_core/u_mac_6/mac_out_data_reg_162_/D
                              3.8881         3.9178 r      -0.0298  (VIOLATED)
   u_NV_NVDLA_cmac/u_core/u_mac_0/mac_out_data_reg_159_/D
                              3.8872         3.9166 r      -0.0294  (VIOLATED)
   u_NV_NVDLA_cmac/u_core/u_mac_5/mac_out_data_reg_160_/D
                              3.8795         3.9088 r      -0.0293  (VIOLATED)
   u_NV_NVDLA_cmac/u_core/u_mac_0/mac_out_data_reg_172_/D
                              3.8904         3.9195 r      -0.0291  (VIOLATED)
   u_NV_NVDLA_cmac/u_core/u_mac_5/mac_out_data_reg_119_/D
                              3.8805         3.9095 r      -0.0290  (VIOLATED)
   u_NV_NVDLA_cmac/u_core/u_mac_4/mac_out_data_reg_128_/D
                              3.8903         3.9193 r      -0.0290  (VIOLATED)
   u_NV_NVDLA_cmac/u_core/u_mac_4/mac_out_data_reg_129_/D
                              3.8900         3.9186 r      -0.0286  (VIOLATED)
   u_NV_NVDLA_cmac/u_core/u_mac_1/mac_out_data_reg_175_/D
                              3.8825         3.9110 r      -0.0286  (VIOLATED)
   u_NV_NVDLA_cmac/u_core/u_mac_4/mac_out_data_reg_130_/D
                              3.8901         3.9184 r      -0.0283  (VIOLATED)
   u_NV_NVDLA_cmac/u_core/u_mac_2/mac_out_data_reg_169_/D
                              3.8884         3.9166 r      -0.0282  (VIOLATED)
   u_NV_NVDLA_cmac/u_core/u_mac_0/mac_out_data_reg_121_/D
                              3.8886         3.9165 r      -0.0279  (VIOLATED)
   u_NV_NVDLA_cmac/u_core/u_mac_2/mac_out_data_reg_80_/D
                              3.8880         3.9158 r      -0.0278  (VIOLATED)
   u_NV_NVDLA_cmac/u_core/u_mac_5/mac_out_data_reg_124_/D
                              3.8806         3.9084 r      -0.0277  (VIOLATED)
   u_NV_NVDLA_cmac/u_core/u_mac_0/mac_out_data_reg_115_/D
                              3.8886         3.9162 r      -0.0276  (VIOLATED)
   u_NV_NVDLA_cmac/u_core/u_mac_0/mac_out_data_reg_69_/D
                              3.8843         3.9119 r      -0.0276  (VIOLATED)
   u_NV_NVDLA_cmac/u_core/u_mac_1/mac_out_data_reg_159_/D
                              3.8795         3.9069 r      -0.0274  (VIOLATED)
   u_NV_NVDLA_cmac/u_core/u_mac_0/mac_out_data_reg_165_/D
                              3.8884         3.9158 r      -0.0273  (VIOLATED)
   u_NV_NVDLA_cmac/u_core/u_mac_5/mac_out_data_reg_123_/D
                              3.8805         3.9078 r      -0.0273  (VIOLATED)
   u_NV_NVDLA_cmac/u_core/u_mac_0/mac_out_data_reg_164_/D
                              3.8876         3.9147 r      -0.0271  (VIOLATED)
   u_NV_NVDLA_cmac/u_core/u_mac_7/mac_out_data_reg_114_/D
                              3.8846         3.9116 r      -0.0270  (VIOLATED)
   u_NV_NVDLA_cmac/u_core/u_mac_0/mac_out_data_reg_166_/D
                              3.8880         3.9149 r      -0.0269  (VIOLATED)
   u_NV_NVDLA_cmac/u_core/u_mac_1/mac_out_data_reg_173_/D
                              3.8825         3.9091 r      -0.0266  (VIOLATED)
   u_NV_NVDLA_cmac/u_core/u_mac_6/mac_out_data_reg_166_/D
                              3.8874         3.9138 r      -0.0264  (VIOLATED)
   u_NV_NVDLA_cmac/u_core/u_mac_5/mac_out_data_reg_161_/D
                              3.8797         3.9059 r      -0.0262  (VIOLATED)
   u_NV_NVDLA_cmac/u_core/u_mac_0/mac_out_data_reg_116_/D
                              3.8887         3.9148 r      -0.0261  (VIOLATED)
   u_NV_NVDLA_cmac/u_core/u_mac_0/mac_out_data_reg_118_/D
                              3.8885         3.9140 r      -0.0254  (VIOLATED)
   u_NV_NVDLA_cmac/u_core/u_mac_1/mac_out_data_reg_164_/D
                              3.8802         3.9056 r      -0.0254  (VIOLATED)
   u_NV_NVDLA_cmac/u_core/u_mac_0/mac_out_data_reg_120_/D
                              3.8886         3.9138 r      -0.0252  (VIOLATED)
   u_NV_NVDLA_cmac/u_core/u_mac_1/mac_out_data_reg_160_/D
                              3.8802         3.9050 r      -0.0248  (VIOLATED)
   u_NV_NVDLA_cmac/u_core/u_mac_1/mac_out_data_reg_161_/D
                              3.8795         3.9039 r      -0.0244  (VIOLATED)
   u_NV_NVDLA_cmac/u_core/u_mac_1/mac_out_data_reg_162_/D
                              3.8793         3.9033 r      -0.0241  (VIOLATED)
   u_NV_NVDLA_cmac/u_core/u_mac_6/mac_out_data_reg_164_/D
                              3.8880         3.9118 r      -0.0239  (VIOLATED)
   u_NV_NVDLA_cmac/u_core/u_mac_0/mac_out_data_reg_70_/D
                              3.8843         3.9081 r      -0.0238  (VIOLATED)
   u_NV_NVDLA_cmac/u_core/u_mac_7/mac_out_data_reg_113_/D
                              3.8846         3.9084 r      -0.0238  (VIOLATED)
   u_NV_NVDLA_cmac/u_core/u_mac_5/mac_out_data_reg_159_/D
                              3.8805         3.9041 r      -0.0236  (VIOLATED)
   u_NV_NVDLA_cmac/u_core/u_mac_3/mac_out_data_reg_158_/D
                              3.8844         3.9080 r      -0.0236  (VIOLATED)
   u_NV_NVDLA_cmac/u_core/u_mac_0/mac_out_data_reg_122_/D
                              3.8887         3.9118 r      -0.0231  (VIOLATED)
   u_NV_NVDLA_cmac/u_core/u_mac_2/mac_out_data_reg_24_/D
                              3.8828         3.9057 r      -0.0229  (VIOLATED)
   u_NV_NVDLA_cmac/u_core/u_mac_7/mac_out_data_reg_70_/D
                              3.8844         3.9072 r      -0.0228  (VIOLATED)
   u_NV_NVDLA_cmac/u_core/u_mac_5/mac_out_data_reg_163_/D
                              3.8795         3.9020 r      -0.0224  (VIOLATED)
   u_NV_NVDLA_cmac/u_core/u_mac_7/mac_out_data_reg_69_/D
                              3.8845         3.9064 r      -0.0219  (VIOLATED)
   u_NV_NVDLA_cmac/u_core/u_mac_6/mac_out_data_reg_130_/D
                              3.8903         3.9121 r      -0.0218  (VIOLATED)
   u_NV_NVDLA_cmac/u_core/u_mac_5/mac_out_data_reg_171_/D
                              3.8820         3.9036 r      -0.0217  (VIOLATED)
   u_NV_NVDLA_cmac/u_core/u_mac_6/mac_out_data_reg_129_/D
                              3.8905         3.9121 r      -0.0216  (VIOLATED)
   u_NV_NVDLA_cmac/u_core/u_mac_1/mac_out_data_reg_165_/D
                              3.8801         3.9014 r      -0.0213  (VIOLATED)
   u_NV_NVDLA_cmac/u_core/u_mac_5/mac_out_data_reg_165_/D
                              3.8797         3.9010 r      -0.0213  (VIOLATED)
   u_NV_NVDLA_cmac/u_core/u_mac_5/mac_out_data_reg_162_/D
                              3.8805         3.9010 r      -0.0204  (VIOLATED)
   u_NV_NVDLA_cmac/u_core/u_mac_0/mac_out_data_reg_117_/D
                              3.8886         3.9085 r      -0.0199  (VIOLATED)
   u_NV_NVDLA_cmac/u_core/u_mac_1/mac_out_data_reg_163_/D
                              3.8801         3.8997 r      -0.0196  (VIOLATED)
   u_NV_NVDLA_cmac/u_core/u_mac_0/mac_out_data_reg_170_/D
                              3.8901         3.9097 r      -0.0196  (VIOLATED)
   u_NV_NVDLA_cmac/u_core/u_mac_6/mac_out_data_reg_172_/D
                              3.8901         3.9095 r      -0.0194  (VIOLATED)
   u_NV_NVDLA_cmac/u_core/u_mac_4/mac_out_data_reg_22_/D
                              3.8903         3.9093 r      -0.0189  (VIOLATED)
   u_NV_NVDLA_cmac/u_core/u_mac_1/mac_out_data_reg_124_/D
                              3.8875         3.9053 r      -0.0178  (VIOLATED)
   u_NV_NVDLA_cmac/u_core/u_mac_6/mac_out_data_reg_173_/D
                              3.8902         3.9076 r      -0.0174  (VIOLATED)
   u_NV_NVDLA_cmac/u_core/u_mac_6/mac_out_data_reg_174_/D
                              3.8904         3.9069 r      -0.0166  (VIOLATED)
   u_NV_NVDLA_cmac/u_core/u_mac_4/mac_out_data_reg_23_/D
                              3.8906         3.9070 r      -0.0164  (VIOLATED)
   u_NV_NVDLA_cmac/u_core/u_mac_5/mac_out_data_reg_24_/D
                              3.8825         3.8987 r      -0.0162  (VIOLATED)
   u_NV_NVDLA_cmac/u_core/u_mac_4/mac_out_data_reg_69_/D
                              3.8844         3.8991 r      -0.0146  (VIOLATED)
   u_NV_NVDLA_cmac/u_core/u_mac_1/mac_out_data_reg_69_/D
                              3.8843         3.8987 r      -0.0144  (VIOLATED)
   u_NV_NVDLA_cmac/u_core/u_mac_0/mac_out_data_reg_23_/D
                              3.8903         3.9046 r      -0.0143  (VIOLATED)
   u_NV_NVDLA_cmac/u_core/u_mac_0/mac_out_data_reg_22_/D
                              3.8904         3.9046 r      -0.0142  (VIOLATED)
   u_NV_NVDLA_cmac/u_core/u_mac_4/mac_out_data_reg_70_/D
                              3.8842         3.8980 r      -0.0139  (VIOLATED)
   u_NV_NVDLA_cmac/u_core/u_mac_6/mac_out_data_reg_159_/D
                              3.8881         3.9020 r      -0.0138  (VIOLATED)
   u_NV_NVDLA_cmac/u_core/u_mac_6/mac_out_data_reg_175_/D
                              3.8904         3.9038 r      -0.0134  (VIOLATED)
   u_NV_NVDLA_cmac/u_core/u_mac_3/mac_out_data_reg_167_/D
                              3.8881         3.9014 r      -0.0133  (VIOLATED)
   u_NV_NVDLA_cmac/u_core/u_mac_2/mac_out_data_reg_69_/D
                              3.8843         3.8973 r      -0.0130  (VIOLATED)
   u_NV_NVDLA_cmac/u_core/u_mac_1/mac_out_data_reg_113_/D
                              3.8846         3.8968 r      -0.0122  (VIOLATED)
   u_NV_NVDLA_cmac/u_core/u_mac_6/mac_out_data_reg_160_/D
                              3.8882         3.9001 r      -0.0119  (VIOLATED)
   u_NV_NVDLA_cmac/u_core/u_mac_0/mac_out_data_reg_171_/D
                              3.8902         3.9013 r      -0.0111  (VIOLATED)
   u_NV_NVDLA_cmac/u_core/u_mac_1/mac_out_data_reg_170_/D
                              3.8823         3.8931 r      -0.0108  (VIOLATED)
   u_NV_NVDLA_cmac/u_core/u_mac_6/mac_out_data_reg_163_/D
                              3.8877         3.8973 r      -0.0096  (VIOLATED)
   u_NV_NVDLA_cmac/u_core/u_mac_1/mac_out_data_reg_171_/D
                              3.8820         3.8916 r      -0.0096  (VIOLATED)
   u_NV_NVDLA_cmac/u_core/u_mac_4/mac_out_data_reg_119_/D
                              3.8886         3.8981 r      -0.0094  (VIOLATED)
   u_NV_NVDLA_cmac/u_core/u_mac_6/mac_out_data_reg_161_/D
                              3.8881         3.8967 r      -0.0086  (VIOLATED)
   u_NV_NVDLA_cmac/u_core/u_mac_2/mac_out_data_reg_158_/D
                              3.8845         3.8929 r      -0.0084  (VIOLATED)
   u_NV_NVDLA_cmac/u_core/u_mac_2/mac_out_data_reg_70_/D
                              3.8844         3.8910 r      -0.0066  (VIOLATED)
   u_NV_NVDLA_cmac/u_core/u_mac_5/mac_out_data_reg_170_/D
                              3.8819         3.8877 r      -0.0058  (VIOLATED)
   u_NV_NVDLA_cmac/u_core/u_mac_1/mac_out_data_reg_114_/D
                              3.8756         3.8804 r      -0.0048  (VIOLATED)
   u_NV_NVDLA_cmac/u_core/u_mac_4/mac_out_data_reg_116_/D
                              3.8881         3.8929 r      -0.0048  (VIOLATED)
   u_NV_NVDLA_cmac/u_core/u_mac_4/mac_out_data_reg_167_/D
                              3.8875         3.8921 r      -0.0046  (VIOLATED)
   u_NV_NVDLA_cmac/u_core/u_mac_0/mac_out_data_reg_124_/D
                              3.8885         3.8927 r      -0.0042  (VIOLATED)
   u_NV_NVDLA_cmac/u_core/u_mac_4/mac_out_data_reg_115_/D
                              3.8885         3.8919 r      -0.0034  (VIOLATED)
   u_NV_NVDLA_cmac/u_core/u_mac_4/mac_out_data_reg_158_/D
                              3.8757         3.8786 r      -0.0029  (VIOLATED)
   u_NV_NVDLA_cmac/u_core/u_mac_4/mac_out_data_reg_120_/D
                              3.8887         3.8907 r      -0.0020  (VIOLATED)
   u_NV_NVDLA_cmac/u_core/u_mac_4/mac_out_data_reg_117_/D
                              3.8886         3.8899 r      -0.0013  (VIOLATED)
   u_NV_NVDLA_cmac/u_core/u_mac_4/mac_out_data_reg_122_/D
                              3.8886         3.8898 r      -0.0013  (VIOLATED)
   u_NV_NVDLA_cmac/u_core/u_mac_3/mac_out_data_reg_38_/D
                              3.8860         3.8870 r      -0.0009  (VIOLATED)
   u_NV_NVDLA_cmac/u_core/u_mac_4/mac_out_data_reg_123_/D
                              3.8886         3.8894 r      -0.0008  (VIOLATED)
   u_NV_NVDLA_cmac/u_core/u_mac_6/mac_out_data_reg_69_/D
                              3.8836         3.8840 r      -0.0004  (VIOLATED)


   max_transition

                             Required        Actual
   Net                      Transition     Transition        Slack
   -----------------------------------------------------------------
   u_NV_NVDLA_cmac/u_core/u_mac_7/u_exp/n1703
                              0.1049         0.6475        -0.5426  (VIOLATED)
       PIN :   u_NV_NVDLA_cmac/u_core/u_mac_7/u_exp/U2312/Y
                              0.1049         0.6475        -0.5426  (VIOLATED)
   u_NV_NVDLA_cmac/u_core/u_mac_5/u_exp/n1725
                              0.1979         0.7090        -0.5110  (VIOLATED)
       PIN :   u_NV_NVDLA_cmac/u_core/u_mac_5/u_exp/U3884/Y
                              0.1979         0.7090        -0.5110  (VIOLATED)
   u_NV_NVDLA_cmac/u_core/u_mac_6/u_exp/n1775
                              0.1049         0.4139        -0.3090  (VIOLATED)
       PIN :   u_NV_NVDLA_cmac/u_core/u_mac_6/u_exp/U2138/Y
                              0.1049         0.4139        -0.3090  (VIOLATED)
   u_NV_NVDLA_cmac/u_core/u_mac_4/exp_sft_56[2]
                              0.0856         0.1611        -0.0756  (VIOLATED)
       PIN :   u_NV_NVDLA_cmac/u_core/u_mac_4/u_exp/exp_sft_56_reg_2_/Q
                              0.0856         0.1611        -0.0756  (VIOLATED)
   u_NV_NVDLA_cmac/u_core/u_mac_2/exp_sft_49[3]
                              0.0856         0.1587        -0.0731  (VIOLATED)
       PIN :   u_NV_NVDLA_cmac/u_core/u_mac_2/u_exp/exp_sft_49_reg_3_/Q
                              0.0856         0.1587        -0.0731  (VIOLATED)
   u_NV_NVDLA_cmac/u_core/u_mac_7/exp_sft_46[3]
                              0.0856         0.1585        -0.0730  (VIOLATED)
       PIN :   u_NV_NVDLA_cmac/u_core/u_mac_7/u_exp/exp_sft_46_reg_3_/Q
                              0.0856         0.1585        -0.0730  (VIOLATED)
   u_NV_NVDLA_cmac/u_core/u_mac_7/exp_sft_01[3]
                              0.0856         0.1576        -0.0720  (VIOLATED)
       PIN :   u_NV_NVDLA_cmac/u_core/u_mac_7/u_exp/exp_sft_01_reg_3_/Q
                              0.0856         0.1576        -0.0720  (VIOLATED)
   u_NV_NVDLA_cmac/u_core/u_mac_4/exp_sft_00[3]
                              0.0856         0.1561        -0.0705  (VIOLATED)
       PIN :   u_NV_NVDLA_cmac/u_core/u_mac_4/u_exp/exp_sft_00_reg_3_/Q
                              0.0856         0.1561        -0.0705  (VIOLATED)
   u_NV_NVDLA_cmac/u_core/u_mac_6/exp_sft_31[3]
                              0.0856         0.1527        -0.0672  (VIOLATED)
       PIN :   u_NV_NVDLA_cmac/u_core/u_mac_6/u_exp/exp_sft_31_reg_3_/Q
                              0.0856         0.1527        -0.0672  (VIOLATED)
   u_NV_NVDLA_cmac/u_core/u_mac_5/exp_sft_57[3]
                              0.0856         0.1526        -0.0670  (VIOLATED)
       PIN :   u_NV_NVDLA_cmac/u_core/u_mac_5/u_exp/exp_sft_57_reg_3_/Q
                              0.0856         0.1526        -0.0670  (VIOLATED)
   u_NV_NVDLA_cmac/u_core/u_mac_0/exp_sft_06[3]
                              0.0856         0.1518        -0.0662  (VIOLATED)
       PIN :   u_NV_NVDLA_cmac/u_core/u_mac_0/u_exp/exp_sft_06_reg_3_/Q
                              0.0856         0.1518        -0.0662  (VIOLATED)
   u_NV_NVDLA_cmac/u_core/u_mac_2/exp_sft_20[3]
                              0.0856         0.1517        -0.0661  (VIOLATED)
       PIN :   u_NV_NVDLA_cmac/u_core/u_mac_2/u_exp/exp_sft_20_reg_3_/Q
                              0.0856         0.1517        -0.0661  (VIOLATED)
   u_NV_NVDLA_cmac/u_core/u_mac_2/exp_sft_21[3]
                              0.0856         0.1513        -0.0657  (VIOLATED)
       PIN :   u_NV_NVDLA_cmac/u_core/u_mac_2/u_exp/exp_sft_21_reg_3_/Q
                              0.0856         0.1513        -0.0657  (VIOLATED)
   u_NV_NVDLA_cmac/u_core/u_mac_0/exp_sft_46[2]
                              0.0856         0.1508        -0.0652  (VIOLATED)
       PIN :   u_NV_NVDLA_cmac/u_core/u_mac_0/u_exp/exp_sft_46_reg_2_/Q
                              0.0856         0.1508        -0.0652  (VIOLATED)
   u_NV_NVDLA_cmac/u_core/u_mac_4/exp_sft_58[3]
                              0.0856         0.1507        -0.0651  (VIOLATED)
       PIN :   u_NV_NVDLA_cmac/u_core/u_mac_4/u_exp/exp_sft_58_reg_3_/Q
                              0.0856         0.1507        -0.0651  (VIOLATED)
   u_NV_NVDLA_cmac/u_core/u_mac_4/exp_sft_17[3]
                              0.0856         0.1503        -0.0648  (VIOLATED)
       PIN :   u_NV_NVDLA_cmac/u_core/u_mac_4/u_exp/exp_sft_17_reg_3_/Q
                              0.0856         0.1503        -0.0648  (VIOLATED)
   u_NV_NVDLA_cmac/u_core/u_mac_6/exp_sft_17[1]
                              0.0856         0.1502        -0.0647  (VIOLATED)
       PIN :   u_NV_NVDLA_cmac/u_core/u_mac_6/u_exp/exp_sft_17_reg_1_/Q
                              0.0856         0.1502        -0.0647  (VIOLATED)
   u_NV_NVDLA_cmac/u_core/u_mac_7/exp_sft_29[2]
                              0.0856         0.1501        -0.0646  (VIOLATED)
       PIN :   u_NV_NVDLA_cmac/u_core/u_mac_7/u_exp/exp_sft_29_reg_2_/Q
                              0.0856         0.1501        -0.0646  (VIOLATED)
   u_NV_NVDLA_cmac/u_core/u_mac_2/exp_sft_50[3]
                              0.0856         0.1497        -0.0642  (VIOLATED)
       PIN :   u_NV_NVDLA_cmac/u_core/u_mac_2/u_exp/exp_sft_50_reg_3_/Q
                              0.0856         0.1497        -0.0642  (VIOLATED)
   u_NV_NVDLA_cmac/u_core/u_mac_3/exp_sft_34[3]
                              0.0856         0.1497        -0.0641  (VIOLATED)
       PIN :   u_NV_NVDLA_cmac/u_core/u_mac_3/u_exp/exp_sft_34_reg_3_/Q
                              0.0856         0.1497        -0.0641  (VIOLATED)
   u_NV_NVDLA_cmac/u_core/u_mac_6/exp_sft_51[2]
                              0.0856         0.1488        -0.0633  (VIOLATED)
       PIN :   u_NV_NVDLA_cmac/u_core/u_mac_6/u_exp/exp_sft_51_reg_2_/Q
                              0.0856         0.1488        -0.0633  (VIOLATED)
   u_NV_NVDLA_cmac/u_core/u_mac_5/exp_sft_56[3]
                              0.0856         0.1487        -0.0632  (VIOLATED)
       PIN :   u_NV_NVDLA_cmac/u_core/u_mac_5/u_exp/exp_sft_56_reg_3_/Q
                              0.0856         0.1487        -0.0632  (VIOLATED)
   u_NV_NVDLA_cmac/u_core/u_mac_1/exp_sft_01[3]
                              0.0856         0.1487        -0.0631  (VIOLATED)
       PIN :   u_NV_NVDLA_cmac/u_core/u_mac_1/u_exp/exp_sft_01_reg_3_/Q
                              0.0856         0.1487        -0.0631  (VIOLATED)
   u_NV_NVDLA_cmac/u_core/u_mac_7/exp_sft_25[2]
                              0.0856         0.1487        -0.0631  (VIOLATED)
       PIN :   u_NV_NVDLA_cmac/u_core/u_mac_7/u_exp/exp_sft_25_reg_2_/Q
                              0.0856         0.1487        -0.0631  (VIOLATED)
   u_NV_NVDLA_cmac/u_core/u_mac_6/exp_sft_20[1]
                              0.0856         0.1486        -0.0631  (VIOLATED)
       PIN :   u_NV_NVDLA_cmac/u_core/u_mac_6/u_exp/exp_sft_20_reg_1_/Q
                              0.0856         0.1486        -0.0631  (VIOLATED)
   u_NV_NVDLA_cmac/u_core/u_mac_7/exp_sft_00[3]
                              0.0856         0.1480        -0.0624  (VIOLATED)
       PIN :   u_NV_NVDLA_cmac/u_core/u_mac_7/u_exp/exp_sft_00_reg_3_/Q
                              0.0856         0.1480        -0.0624  (VIOLATED)
   u_NV_NVDLA_cmac/u_core/u_mac_6/exp_sft_52[3]
                              0.0856         0.1476        -0.0621  (VIOLATED)
       PIN :   u_NV_NVDLA_cmac/u_core/u_mac_6/u_exp/exp_sft_52_reg_3_/Q
                              0.0856         0.1476        -0.0621  (VIOLATED)
   u_NV_NVDLA_cmac/u_core/u_mac_4/exp_sft_02[3]
                              0.0856         0.1475        -0.0619  (VIOLATED)
       PIN :   u_NV_NVDLA_cmac/u_core/u_mac_4/u_exp/exp_sft_02_reg_3_/Q
                              0.0856         0.1475        -0.0619  (VIOLATED)
   u_NV_NVDLA_cmac/u_core/u_mac_5/exp_sft_60[3]
                              0.0856         0.1471        -0.0615  (VIOLATED)
       PIN :   u_NV_NVDLA_cmac/u_core/u_mac_5/u_exp/exp_sft_60_reg_3_/Q
                              0.0856         0.1471        -0.0615  (VIOLATED)
   u_NV_NVDLA_cmac/u_core/u_mac_7/exp_sft_38[3]
                              0.0856         0.1464        -0.0608  (VIOLATED)
       PIN :   u_NV_NVDLA_cmac/u_core/u_mac_7/u_exp/exp_sft_38_reg_3_/Q
                              0.0856         0.1464        -0.0608  (VIOLATED)
   u_NV_NVDLA_cmac/u_core/u_mac_6/exp_sft_46[2]
                              0.0856         0.1460        -0.0604  (VIOLATED)
       PIN :   u_NV_NVDLA_cmac/u_core/u_mac_6/u_exp/exp_sft_46_reg_2_/Q
                              0.0856         0.1460        -0.0604  (VIOLATED)
   u_NV_NVDLA_cmac/u_core/u_mac_7/exp_sft_37[3]
                              0.0856         0.1459        -0.0603  (VIOLATED)
       PIN :   u_NV_NVDLA_cmac/u_core/u_mac_7/u_exp/exp_sft_37_reg_3_/Q
                              0.0856         0.1459        -0.0603  (VIOLATED)
   u_NV_NVDLA_cmac/u_core/u_mac_2/u_exp/n2039
                              0.2210         0.2810        -0.0600  (VIOLATED)
       PIN :   u_NV_NVDLA_cmac/u_core/u_mac_2/u_exp/U3666/Y
                              0.2210         0.2810        -0.0600  (VIOLATED)
   u_NV_NVDLA_cmac/u_core/u_mac_0/exp_sft_37[2]
                              0.0856         0.1454        -0.0599  (VIOLATED)
       PIN :   u_NV_NVDLA_cmac/u_core/u_mac_0/u_exp/exp_sft_37_reg_2_/Q
                              0.0856         0.1454        -0.0599  (VIOLATED)
   u_NV_NVDLA_cmac/u_core/u_mac_7/exp_sft_22[2]
                              0.0856         0.1453        -0.0598  (VIOLATED)
       PIN :   u_NV_NVDLA_cmac/u_core/u_mac_7/u_exp/exp_sft_22_reg_2_/Q
                              0.0856         0.1453        -0.0598  (VIOLATED)
   u_NV_NVDLA_cmac/u_core/u_mac_4/exp_sft_39[3]
                              0.0856         0.1450        -0.0594  (VIOLATED)
       PIN :   u_NV_NVDLA_cmac/u_core/u_mac_4/u_exp/exp_sft_39_reg_3_/Q
                              0.0856         0.1450        -0.0594  (VIOLATED)
   u_NV_NVDLA_cmac/u_core/u_mac_4/exp_sft_18[3]
                              0.0856         0.1449        -0.0593  (VIOLATED)
       PIN :   u_NV_NVDLA_cmac/u_core/u_mac_4/u_exp/exp_sft_18_reg_3_/Q
                              0.0856         0.1449        -0.0593  (VIOLATED)
   u_NV_NVDLA_cmac/u_core/u_mac_4/exp_sft_53[3]
                              0.0856         0.1446        -0.0590  (VIOLATED)
       PIN :   u_NV_NVDLA_cmac/u_core/u_mac_4/u_exp/exp_sft_53_reg_3_/Q
                              0.0856         0.1446        -0.0590  (VIOLATED)
   u_NV_NVDLA_cmac/u_core/u_mac_6/exp_sft_48[3]
                              0.0856         0.1445        -0.0589  (VIOLATED)
       PIN :   u_NV_NVDLA_cmac/u_core/u_mac_6/u_exp/exp_sft_48_reg_3_/Q
                              0.0856         0.1445        -0.0589  (VIOLATED)
   u_NV_NVDLA_cmac/u_core/u_mac_3/exp_sft_04[1]
                              0.0856         0.1443        -0.0588  (VIOLATED)
       PIN :   u_NV_NVDLA_cmac/u_core/u_mac_3/u_exp/exp_sft_04_reg_1_/Q
                              0.0856         0.1443        -0.0588  (VIOLATED)
   u_NV_NVDLA_cmac/u_core/u_mac_5/exp_sft_01[3]
                              0.0856         0.1443        -0.0588  (VIOLATED)
       PIN :   u_NV_NVDLA_cmac/u_core/u_mac_5/u_exp/exp_sft_01_reg_3_/Q
                              0.0856         0.1443        -0.0588  (VIOLATED)
   u_NV_NVDLA_cmac/u_core/u_mac_0/exp_sft_24[2]
                              0.0856         0.1419        -0.0563  (VIOLATED)
       PIN :   u_NV_NVDLA_cmac/u_core/u_mac_0/u_exp/exp_sft_24_reg_2_/Q
                              0.0856         0.1419        -0.0563  (VIOLATED)
   u_NV_NVDLA_cmac/u_core/u_mac_2/exp_sft_02[3]
                              0.0856         0.1417        -0.0561  (VIOLATED)
       PIN :   u_NV_NVDLA_cmac/u_core/u_mac_2/u_exp/exp_sft_02_reg_3_/Q
                              0.0856         0.1417        -0.0561  (VIOLATED)
   u_NV_NVDLA_cmac/u_core/u_mac_0/exp_sft_48[3]
                              0.0856         0.1410        -0.0554  (VIOLATED)
       PIN :   u_NV_NVDLA_cmac/u_core/u_mac_0/u_exp/exp_sft_48_reg_3_/Q
                              0.0856         0.1410        -0.0554  (VIOLATED)
   u_NV_NVDLA_cmac/u_core/u_mac_5/exp_sft_00[3]
                              0.0856         0.1410        -0.0554  (VIOLATED)
       PIN :   u_NV_NVDLA_cmac/u_core/u_mac_5/u_exp/exp_sft_00_reg_3_/Q
                              0.0856         0.1410        -0.0554  (VIOLATED)
   u_NV_NVDLA_cmac/u_core/u_mac_3/exp_sft_51[3]
                              0.0856         0.1409        -0.0553  (VIOLATED)
       PIN :   u_NV_NVDLA_cmac/u_core/u_mac_3/u_exp/exp_sft_51_reg_3_/Q
                              0.0856         0.1409        -0.0553  (VIOLATED)
   u_NV_NVDLA_cmac/u_core/u_mac_4/exp_sft_26[3]
                              0.0856         0.1409        -0.0553  (VIOLATED)
       PIN :   u_NV_NVDLA_cmac/u_core/u_mac_4/u_exp/exp_sft_26_reg_3_/Q
                              0.0856         0.1409        -0.0553  (VIOLATED)
   u_NV_NVDLA_cmac/u_core/u_mac_3/exp_sft_28[2]
                              0.0856         0.1407        -0.0552  (VIOLATED)
       PIN :   u_NV_NVDLA_cmac/u_core/u_mac_3/u_exp/exp_sft_28_reg_2_/Q
                              0.0856         0.1407        -0.0552  (VIOLATED)
   u_NV_NVDLA_cmac/u_core/u_mac_4/exp_sft_39[2]
                              0.0856         0.1400        -0.0545  (VIOLATED)
       PIN :   u_NV_NVDLA_cmac/u_core/u_mac_4/u_exp/exp_sft_39_reg_2_/Q
                              0.0856         0.1400        -0.0545  (VIOLATED)
   u_NV_NVDLA_cmac/u_core/u_mac_4/exp_sft_04[3]
                              0.0856         0.1400        -0.0544  (VIOLATED)
       PIN :   u_NV_NVDLA_cmac/u_core/u_mac_4/u_exp/exp_sft_04_reg_3_/Q
                              0.0856         0.1400        -0.0544  (VIOLATED)
   u_NV_NVDLA_cmac/u_core/u_mac_3/exp_sft_06[3]
                              0.0856         0.1399        -0.0543  (VIOLATED)
       PIN :   u_NV_NVDLA_cmac/u_core/u_mac_3/u_exp/exp_sft_06_reg_3_/Q
                              0.0856         0.1399        -0.0543  (VIOLATED)
   u_NV_NVDLA_cmac/u_core/u_mac_5/exp_sft_17[3]
                              0.0856         0.1397        -0.0541  (VIOLATED)
       PIN :   u_NV_NVDLA_cmac/u_core/u_mac_5/u_exp/exp_sft_17_reg_3_/Q
                              0.0856         0.1397        -0.0541  (VIOLATED)
   u_NV_NVDLA_cmac/u_core/u_mac_6/exp_sft_17[3]
                              0.0856         0.1392        -0.0537  (VIOLATED)
       PIN :   u_NV_NVDLA_cmac/u_core/u_mac_6/u_exp/exp_sft_17_reg_3_/Q
                              0.0856         0.1392        -0.0537  (VIOLATED)
   u_NV_NVDLA_cmac/u_core/u_mac_0/exp_sft_38[3]
                              0.0856         0.1392        -0.0536  (VIOLATED)
       PIN :   u_NV_NVDLA_cmac/u_core/u_mac_0/u_exp/exp_sft_38_reg_3_/Q
                              0.0856         0.1392        -0.0536  (VIOLATED)
   u_NV_NVDLA_cmac/u_core/u_mac_7/exp_sft_22[1]
                              0.0856         0.1386        -0.0530  (VIOLATED)
       PIN :   u_NV_NVDLA_cmac/u_core/u_mac_7/u_exp/exp_sft_22_reg_1_/Q
                              0.0856         0.1386        -0.0530  (VIOLATED)
   u_NV_NVDLA_cmac/u_core/u_mac_7/exp_sft_22[3]
                              0.0856         0.1376        -0.0520  (VIOLATED)
       PIN :   u_NV_NVDLA_cmac/u_core/u_mac_7/u_exp/exp_sft_22_reg_3_/Q
                              0.0856         0.1376        -0.0520  (VIOLATED)
   u_NV_NVDLA_cmac/u_core/u_mac_7/exp_sft_30[3]
                              0.0856         0.1366        -0.0510  (VIOLATED)
       PIN :   u_NV_NVDLA_cmac/u_core/u_mac_7/u_exp/exp_sft_30_reg_3_/Q
                              0.0856         0.1366        -0.0510  (VIOLATED)
   u_NV_NVDLA_cmac/u_core/u_mac_0/exp_sft_10[2]
                              0.0856         0.1365        -0.0509  (VIOLATED)
       PIN :   u_NV_NVDLA_cmac/u_core/u_mac_0/u_exp/exp_sft_10_reg_2_/Q
                              0.0856         0.1365        -0.0509  (VIOLATED)
   u_NV_NVDLA_cmac/u_core/u_mac_5/exp_sft_08[3]
                              0.0856         0.1362        -0.0507  (VIOLATED)
       PIN :   u_NV_NVDLA_cmac/u_core/u_mac_5/u_exp/exp_sft_08_reg_3_/Q
                              0.0856         0.1362        -0.0507  (VIOLATED)
   u_NV_NVDLA_cmac/u_core/u_mac_6/exp_sft_05[2]
                              0.0856         0.1348        -0.0492  (VIOLATED)
       PIN :   u_NV_NVDLA_cmac/u_core/u_mac_6/u_exp/exp_sft_05_reg_2_/Q
                              0.0856         0.1348        -0.0492  (VIOLATED)
   u_NV_NVDLA_cmac/u_core/u_mac_6/exp_sft_45[3]
                              0.0856         0.1348        -0.0492  (VIOLATED)
       PIN :   u_NV_NVDLA_cmac/u_core/u_mac_6/u_exp/exp_sft_45_reg_3_/Q
                              0.0856         0.1348        -0.0492  (VIOLATED)
   u_NV_NVDLA_cmac/u_core/u_mac_4/exp_sft_51[2]
                              0.0856         0.1338        -0.0483  (VIOLATED)
       PIN :   u_NV_NVDLA_cmac/u_core/u_mac_4/u_exp/exp_sft_51_reg_2_/Q
                              0.0856         0.1338        -0.0483  (VIOLATED)
   u_NV_NVDLA_cmac/u_core/u_mac_4/exp_sft_52[3]
                              0.0856         0.1337        -0.0481  (VIOLATED)
       PIN :   u_NV_NVDLA_cmac/u_core/u_mac_4/u_exp/exp_sft_52_reg_3_/Q
                              0.0856         0.1337        -0.0481  (VIOLATED)
   u_NV_NVDLA_cmac/u_core/u_mac_7/exp_sft_33[2]
                              0.0856         0.1332        -0.0476  (VIOLATED)
       PIN :   u_NV_NVDLA_cmac/u_core/u_mac_7/u_exp/exp_sft_33_reg_2_/Q
                              0.0856         0.1332        -0.0476  (VIOLATED)
   u_NV_NVDLA_cmac/u_core/u_mac_4/exp_sft_01[3]
                              0.0856         0.1329        -0.0473  (VIOLATED)
       PIN :   u_NV_NVDLA_cmac/u_core/u_mac_4/u_exp/exp_sft_01_reg_3_/Q
                              0.0856         0.1329        -0.0473  (VIOLATED)
   u_NV_NVDLA_cmac/u_core/u_mac_6/exp_sft_19[3]
                              0.0856         0.1317        -0.0461  (VIOLATED)
       PIN :   u_NV_NVDLA_cmac/u_core/u_mac_6/u_exp/exp_sft_19_reg_3_/Q
                              0.0856         0.1317        -0.0461  (VIOLATED)
   u_NV_NVDLA_cmac/u_core/u_mac_5/exp_sft_17[2]
                              0.0856         0.1314        -0.0458  (VIOLATED)
       PIN :   u_NV_NVDLA_cmac/u_core/u_mac_5/u_exp/exp_sft_17_reg_2_/Q
                              0.0856         0.1314        -0.0458  (VIOLATED)
   u_NV_NVDLA_cmac/u_core/u_mac_4/exp_sft_38[2]
                              0.0856         0.1308        -0.0452  (VIOLATED)
       PIN :   u_NV_NVDLA_cmac/u_core/u_mac_4/u_exp/exp_sft_38_reg_2_/Q
                              0.0856         0.1308        -0.0452  (VIOLATED)
   u_NV_NVDLA_cmac/u_core/u_mac_2/exp_sft_39[1]
                              0.0856         0.1307        -0.0451  (VIOLATED)
       PIN :   u_NV_NVDLA_cmac/u_core/u_mac_2/u_exp/exp_sft_39_reg_1_/Q
                              0.0856         0.1307        -0.0451  (VIOLATED)
   u_NV_NVDLA_cmac/u_core/u_mac_4/exp_sft_38[3]
                              0.0856         0.1291        -0.0435  (VIOLATED)
       PIN :   u_NV_NVDLA_cmac/u_core/u_mac_4/u_exp/exp_sft_38_reg_3_/Q
                              0.0856         0.1291        -0.0435  (VIOLATED)
   u_NV_NVDLA_cmac/u_core/u_mac_0/exp_sft_43[3]
                              0.0856         0.1291        -0.0435  (VIOLATED)
       PIN :   u_NV_NVDLA_cmac/u_core/u_mac_0/u_exp/exp_sft_43_reg_3_/Q
                              0.0856         0.1291        -0.0435  (VIOLATED)
   u_NV_NVDLA_cmac/u_core/u_mac_6/exp_sft_00[3]
                              0.0856         0.1286        -0.0430  (VIOLATED)
       PIN :   u_NV_NVDLA_cmac/u_core/u_mac_6/u_exp/exp_sft_00_reg_3_/Q
                              0.0856         0.1286        -0.0430  (VIOLATED)
   u_NV_NVDLA_cmac/u_core/u_mac_2/exp_sft_46[1]
                              0.0856         0.1285        -0.0430  (VIOLATED)
       PIN :   u_NV_NVDLA_cmac/u_core/u_mac_2/u_exp/exp_sft_46_reg_1_/Q
                              0.0856         0.1285        -0.0430  (VIOLATED)
   u_NV_NVDLA_cmac/u_core/u_mac_6/exp_sft_50[3]
                              0.0856         0.1282        -0.0427  (VIOLATED)
       PIN :   u_NV_NVDLA_cmac/u_core/u_mac_6/u_exp/exp_sft_50_reg_3_/Q
                              0.0856         0.1282        -0.0427  (VIOLATED)
   u_NV_NVDLA_cmac/u_core/u_mac_4/exp_sft_16[3]
                              0.0856         0.1277        -0.0422  (VIOLATED)
       PIN :   u_NV_NVDLA_cmac/u_core/u_mac_4/u_exp/exp_sft_16_reg_3_/Q
                              0.0856         0.1277        -0.0422  (VIOLATED)
   u_NV_NVDLA_cmac/u_core/u_mac_7/exp_sft_21[1]
                              0.0856         0.1277        -0.0421  (VIOLATED)
       PIN :   u_NV_NVDLA_cmac/u_core/u_mac_7/u_exp/exp_sft_21_reg_1_/Q
                              0.0856         0.1277        -0.0421  (VIOLATED)
   u_NV_NVDLA_cmac/u_core/u_mac_4/exp_sft_36[3]
                              0.0856         0.1273        -0.0417  (VIOLATED)
       PIN :   u_NV_NVDLA_cmac/u_core/u_mac_4/u_exp/exp_sft_36_reg_3_/Q
                              0.0856         0.1273        -0.0417  (VIOLATED)
   u_NV_NVDLA_cmac/u_core/u_mac_0/exp_sft_62[2]
                              0.0856         0.1273        -0.0417  (VIOLATED)
       PIN :   u_NV_NVDLA_cmac/u_core/u_mac_0/u_exp/exp_sft_62_reg_2_/Q
                              0.0856         0.1273        -0.0417  (VIOLATED)
   u_NV_NVDLA_cmac/u_core/u_mac_5/exp_sft_58[3]
                              0.0856         0.1257        -0.0402  (VIOLATED)
       PIN :   u_NV_NVDLA_cmac/u_core/u_mac_5/u_exp/exp_sft_58_reg_3_/Q
                              0.0856         0.1257        -0.0402  (VIOLATED)
   u_NV_NVDLA_cmac/u_core/u_mac_4/exp_sft_55[3]
                              0.0856         0.1254        -0.0399  (VIOLATED)
       PIN :   u_NV_NVDLA_cmac/u_core/u_mac_4/u_exp/exp_sft_55_reg_3_/Q
                              0.0856         0.1254        -0.0399  (VIOLATED)
   u_NV_NVDLA_cmac/u_core/u_mac_7/exp_sft_53[3]
                              0.0856         0.1254        -0.0398  (VIOLATED)
       PIN :   u_NV_NVDLA_cmac/u_core/u_mac_7/u_exp/exp_sft_53_reg_3_/Q
                              0.0856         0.1254        -0.0398  (VIOLATED)
   u_NV_NVDLA_cmac/u_core/u_mac_2/exp_sft_09[3]
                              0.0856         0.1253        -0.0397  (VIOLATED)
       PIN :   u_NV_NVDLA_cmac/u_core/u_mac_2/u_exp/exp_sft_09_reg_3_/Q
                              0.0856         0.1253        -0.0397  (VIOLATED)
   u_NV_NVDLA_cmac/u_core/u_mac_4/exp_sft_25[3]
                              0.0856         0.1251        -0.0395  (VIOLATED)
       PIN :   u_NV_NVDLA_cmac/u_core/u_mac_4/u_exp/exp_sft_25_reg_3_/Q
                              0.0856         0.1251        -0.0395  (VIOLATED)
   u_NV_NVDLA_cmac/u_core/u_mac_3/exp_sft_50[3]
                              0.0856         0.1242        -0.0387  (VIOLATED)
       PIN :   u_NV_NVDLA_cmac/u_core/u_mac_3/u_exp/exp_sft_50_reg_3_/Q
                              0.0856         0.1242        -0.0387  (VIOLATED)
   u_NV_NVDLA_cmac/u_core/u_mac_2/exp_sft_41[3]
                              0.0856         0.1236        -0.0380  (VIOLATED)
       PIN :   u_NV_NVDLA_cmac/u_core/u_mac_2/u_exp/exp_sft_41_reg_3_/Q
                              0.0856         0.1236        -0.0380  (VIOLATED)
   u_NV_NVDLA_cmac/u_core/u_mac_0/exp_sft_52[3]
                              0.0856         0.1233        -0.0377  (VIOLATED)
       PIN :   u_NV_NVDLA_cmac/u_core/u_mac_0/u_exp/exp_sft_52_reg_3_/Q
                              0.0856         0.1233        -0.0377  (VIOLATED)
   u_NV_NVDLA_cmac/u_core/u_mac_5/exp_sft_21[3]
                              0.0856         0.1224        -0.0368  (VIOLATED)
       PIN :   u_NV_NVDLA_cmac/u_core/u_mac_5/u_exp/exp_sft_21_reg_3_/Q
                              0.0856         0.1224        -0.0368  (VIOLATED)
   u_NV_NVDLA_cmac/u_core/u_mac_2/exp_sft_07[3]
                              0.0856         0.1224        -0.0368  (VIOLATED)
       PIN :   u_NV_NVDLA_cmac/u_core/u_mac_2/u_exp/exp_sft_07_reg_3_/Q
                              0.0856         0.1224        -0.0368  (VIOLATED)
   u_NV_NVDLA_cmac/u_core/u_mac_4/exp_sft_02[2]
                              0.0856         0.1222        -0.0367  (VIOLATED)
       PIN :   u_NV_NVDLA_cmac/u_core/u_mac_4/u_exp/exp_sft_02_reg_2_/Q
                              0.0856         0.1222        -0.0367  (VIOLATED)
   u_NV_NVDLA_cmac/u_core/u_mac_6/exp_sft_06[2]
                              0.0856         0.1222        -0.0367  (VIOLATED)
       PIN :   u_NV_NVDLA_cmac/u_core/u_mac_6/u_exp/exp_sft_06_reg_2_/Q
                              0.0856         0.1222        -0.0367  (VIOLATED)
   u_NV_NVDLA_cmac/u_core/u_mac_7/exp_sft_36[3]
                              0.0856         0.1220        -0.0365  (VIOLATED)
       PIN :   u_NV_NVDLA_cmac/u_core/u_mac_7/u_exp/exp_sft_36_reg_3_/Q
                              0.0856         0.1220        -0.0365  (VIOLATED)
   u_NV_NVDLA_cmac/u_core/u_mac_5/exp_sft_61[3]
                              0.0856         0.1219        -0.0363  (VIOLATED)
       PIN :   u_NV_NVDLA_cmac/u_core/u_mac_5/u_exp/exp_sft_61_reg_3_/Q
                              0.0856         0.1219        -0.0363  (VIOLATED)
   u_NV_NVDLA_cmac/u_core/u_mac_4/exp_sft_37[3]
                              0.0856         0.1217        -0.0361  (VIOLATED)
       PIN :   u_NV_NVDLA_cmac/u_core/u_mac_4/u_exp/exp_sft_37_reg_3_/Q
                              0.0856         0.1217        -0.0361  (VIOLATED)
   u_NV_NVDLA_cmac/u_core/wt7_sd_exp[1]
                              0.0856         0.1216        -0.0361  (VIOLATED)
       PIN :   u_NV_NVDLA_cmac/u_core/u_active/wt7_sd_exp_reg_1_/Q
                              0.0856         0.1216        -0.0361  (VIOLATED)
   u_NV_NVDLA_cmac/u_core/u_mac_0/exp_sft_46[3]
                              0.0856         0.1202        -0.0347  (VIOLATED)
       PIN :   u_NV_NVDLA_cmac/u_core/u_mac_0/u_exp/exp_sft_46_reg_3_/Q
                              0.0856         0.1202        -0.0347  (VIOLATED)
   u_NV_NVDLA_cmac/u_core/u_mac_7/exp_sft_21[2]
                              0.0856         0.1199        -0.0344  (VIOLATED)
       PIN :   u_NV_NVDLA_cmac/u_core/u_mac_7/u_exp/exp_sft_21_reg_2_/Q
                              0.0856         0.1199        -0.0344  (VIOLATED)
   u_NV_NVDLA_cmac/u_core/u_mac_6/exp_sft_55[2]
                              0.0856         0.1194        -0.0338  (VIOLATED)
       PIN :   u_NV_NVDLA_cmac/u_core/u_mac_6/u_exp/exp_sft_55_reg_2_/Q
                              0.0856         0.1194        -0.0338  (VIOLATED)
   u_NV_NVDLA_cmac/u_core/u_mac_6/exp_sft_51[3]
                              0.0856         0.1194        -0.0338  (VIOLATED)
       PIN :   u_NV_NVDLA_cmac/u_core/u_mac_6/u_exp/exp_sft_51_reg_3_/Q
                              0.0856         0.1194        -0.0338  (VIOLATED)
   u_NV_NVDLA_cmac/u_core/u_mac_5/exp_sft_22[3]
                              0.0856         0.1194        -0.0338  (VIOLATED)
       PIN :   u_NV_NVDLA_cmac/u_core/u_mac_5/u_exp/exp_sft_22_reg_3_/Q
                              0.0856         0.1194        -0.0338  (VIOLATED)
   u_NV_NVDLA_cmac/u_core/u_mac_7/exp_sft_50[3]
                              0.0856         0.1190        -0.0335  (VIOLATED)
       PIN :   u_NV_NVDLA_cmac/u_core/u_mac_7/u_exp/exp_sft_50_reg_3_/Q
                              0.0856         0.1190        -0.0335  (VIOLATED)
   u_NV_NVDLA_cmac/u_core/u_mac_5/exp_sft_18[3]
                              0.0856         0.1182        -0.0326  (VIOLATED)
       PIN :   u_NV_NVDLA_cmac/u_core/u_mac_5/u_exp/exp_sft_18_reg_3_/Q
                              0.0856         0.1182        -0.0326  (VIOLATED)
   u_NV_NVDLA_cmac/u_core/u_mac_0/exp_sft_00[3]
                              0.0856         0.1172        -0.0316  (VIOLATED)
       PIN :   u_NV_NVDLA_cmac/u_core/u_mac_0/u_exp/exp_sft_00_reg_3_/Q
                              0.0856         0.1172        -0.0316  (VIOLATED)
   u_NV_NVDLA_cmac/u_core/u_mac_6/exp_sft_27[2]
                              0.0856         0.1169        -0.0314  (VIOLATED)
       PIN :   u_NV_NVDLA_cmac/u_core/u_mac_6/u_exp/exp_sft_27_reg_2_/Q
                              0.0856         0.1169        -0.0314  (VIOLATED)
   u_NV_NVDLA_cmac/u_core/u_mac_5/exp_sft_23[3]
                              0.0856         0.1166        -0.0310  (VIOLATED)
       PIN :   u_NV_NVDLA_cmac/u_core/u_mac_5/u_exp/exp_sft_23_reg_3_/Q
                              0.0856         0.1166        -0.0310  (VIOLATED)
   u_NV_NVDLA_cmac/u_core/u_mac_3/exp_sft_03[3]
                              0.0856         0.1165        -0.0309  (VIOLATED)
       PIN :   u_NV_NVDLA_cmac/u_core/u_mac_3/u_exp/exp_sft_03_reg_3_/Q
                              0.0856         0.1165        -0.0309  (VIOLATED)
   u_NV_NVDLA_cmac/u_core/u_mac_7/exp_sft_03[2]
                              0.0856         0.1164        -0.0308  (VIOLATED)
       PIN :   u_NV_NVDLA_cmac/u_core/u_mac_7/u_exp/exp_sft_03_reg_2_/Q
                              0.0856         0.1164        -0.0308  (VIOLATED)
   u_NV_NVDLA_cmac/u_core/u_mac_6/exp_sft_04[2]
                              0.0856         0.1161        -0.0305  (VIOLATED)
       PIN :   u_NV_NVDLA_cmac/u_core/u_mac_6/u_exp/exp_sft_04_reg_2_/Q
                              0.0856         0.1161        -0.0305  (VIOLATED)
   u_NV_NVDLA_cmac/u_core/u_mac_0/exp_sft_37[3]
                              0.0856         0.1159        -0.0303  (VIOLATED)
       PIN :   u_NV_NVDLA_cmac/u_core/u_mac_0/u_exp/exp_sft_37_reg_3_/Q
                              0.0856         0.1159        -0.0303  (VIOLATED)
   u_NV_NVDLA_cmac/u_core/u_mac_3/exp_sft_02[3]
                              0.0856         0.1157        -0.0301  (VIOLATED)
       PIN :   u_NV_NVDLA_cmac/u_core/u_mac_3/u_exp/exp_sft_02_reg_3_/Q
                              0.0856         0.1157        -0.0301  (VIOLATED)
   u_NV_NVDLA_cmac/u_core/u_mac_2/exp_sft_16[3]
                              0.0856         0.1145        -0.0290  (VIOLATED)
       PIN :   u_NV_NVDLA_cmac/u_core/u_mac_2/u_exp/exp_sft_16_reg_3_/Q
                              0.0856         0.1145        -0.0290  (VIOLATED)
   u_NV_NVDLA_cmac/u_core/u_mac_2/exp_sft_63[1]
                              0.0856         0.1144        -0.0288  (VIOLATED)
       PIN :   u_NV_NVDLA_cmac/u_core/u_mac_2/u_exp/exp_sft_63_reg_1_/Q
                              0.0856         0.1144        -0.0288  (VIOLATED)
   u_NV_NVDLA_cmac/u_core/u_mac_4/exp_sft_27[3]
                              0.0856         0.1135        -0.0280  (VIOLATED)
       PIN :   u_NV_NVDLA_cmac/u_core/u_mac_4/u_exp/exp_sft_27_reg_3_/Q
                              0.0856         0.1135        -0.0280  (VIOLATED)
   u_NV_NVDLA_cmac/u_core/u_mac_6/exp_sft_26[2]
                              0.0856         0.1132        -0.0276  (VIOLATED)
       PIN :   u_NV_NVDLA_cmac/u_core/u_mac_6/u_exp/exp_sft_26_reg_2_/Q
                              0.0856         0.1132        -0.0276  (VIOLATED)
   u_NV_NVDLA_cmac/u_core/u_mac_2/exp_sft_05[3]
                              0.0856         0.1121        -0.0266  (VIOLATED)
       PIN :   u_NV_NVDLA_cmac/u_core/u_mac_2/u_exp/exp_sft_05_reg_3_/Q
                              0.0856         0.1121        -0.0266  (VIOLATED)
   u_NV_NVDLA_cmac/u_core/u_mac_6/exp_sft_05[1]
                              0.0856         0.1118        -0.0262  (VIOLATED)
       PIN :   u_NV_NVDLA_cmac/u_core/u_mac_6/u_exp/exp_sft_05_reg_1_/Q
                              0.0856         0.1118        -0.0262  (VIOLATED)
   u_NV_NVDLA_cmac/u_core/u_mac_3/exp_sft_04[3]
                              0.0856         0.1115        -0.0259  (VIOLATED)
       PIN :   u_NV_NVDLA_cmac/u_core/u_mac_3/u_exp/exp_sft_04_reg_3_/Q
                              0.0856         0.1115        -0.0259  (VIOLATED)
   u_NV_NVDLA_cmac/u_core/u_mac_4/exp_sft_56[3]
                              0.0856         0.1110        -0.0254  (VIOLATED)
       PIN :   u_NV_NVDLA_cmac/u_core/u_mac_4/u_exp/exp_sft_56_reg_3_/Q
                              0.0856         0.1110        -0.0254  (VIOLATED)
   u_NV_NVDLA_cmac/u_core/u_mac_3/exp_sft_32[3]
                              0.0856         0.1108        -0.0253  (VIOLATED)
       PIN :   u_NV_NVDLA_cmac/u_core/u_mac_3/u_exp/exp_sft_32_reg_3_/Q
                              0.0856         0.1108        -0.0253  (VIOLATED)
   u_NV_NVDLA_cmac/u_core/u_mac_2/exp_sft_01[2]
                              0.0856         0.1104        -0.0249  (VIOLATED)
       PIN :   u_NV_NVDLA_cmac/u_core/u_mac_2/u_exp/exp_sft_01_reg_2_/Q
                              0.0856         0.1104        -0.0249  (VIOLATED)
   u_NV_NVDLA_cmac/u_core/u_mac_6/exp_sft_54[3]
                              0.0856         0.1099        -0.0243  (VIOLATED)
       PIN :   u_NV_NVDLA_cmac/u_core/u_mac_6/u_exp/exp_sft_54_reg_3_/Q
                              0.0856         0.1099        -0.0243  (VIOLATED)
   u_NV_NVDLA_cmac/u_core/u_mac_4/exp_sft_48[3]
                              0.0856         0.1087        -0.0232  (VIOLATED)
       PIN :   u_NV_NVDLA_cmac/u_core/u_mac_4/u_exp/exp_sft_48_reg_3_/Q
                              0.0856         0.1087        -0.0232  (VIOLATED)
   u_NV_NVDLA_cmac/u_core/u_mac_7/exp_sft_32[3]
                              0.0856         0.1048        -0.0192  (VIOLATED)
       PIN :   u_NV_NVDLA_cmac/u_core/u_mac_7/u_exp/exp_sft_32_reg_3_/Q
                              0.0856         0.1048        -0.0192  (VIOLATED)
   u_NV_NVDLA_cmac/u_core/u_mac_3/exp_sft_43[1]
                              0.0856         0.1014        -0.0158  (VIOLATED)
       PIN :   u_NV_NVDLA_cmac/u_core/u_mac_3/u_exp/exp_sft_43_reg_1_/Q
                              0.0856         0.1014        -0.0158  (VIOLATED)
   u_NV_NVDLA_cmac/u_core/u_mac_3/exp_sft_23[2]
                              0.0856         0.1008        -0.0152  (VIOLATED)
       PIN :   u_NV_NVDLA_cmac/u_core/u_mac_3/u_exp/exp_sft_23_reg_2_/Q
                              0.0856         0.1008        -0.0152  (VIOLATED)
   u_NV_NVDLA_cmac/u_core/u_mac_0/exp_sft_44[3]
                              0.0856         0.0995        -0.0140  (VIOLATED)
       PIN :   u_NV_NVDLA_cmac/u_core/u_mac_0/u_exp/exp_sft_44_reg_3_/Q
                              0.0856         0.0995        -0.0140  (VIOLATED)
   u_NV_NVDLA_cmac/u_core/u_mac_7/exp_sft_29[3]
                              0.0856         0.0980        -0.0124  (VIOLATED)
       PIN :   u_NV_NVDLA_cmac/u_core/u_mac_7/u_exp/exp_sft_29_reg_3_/Q
                              0.0856         0.0980        -0.0124  (VIOLATED)
   u_NV_NVDLA_cmac/u_core/u_mac_0/exp_sft_63[3]
                              0.0856         0.0979        -0.0124  (VIOLATED)
       PIN :   u_NV_NVDLA_cmac/u_core/u_mac_0/u_exp/exp_sft_63_reg_3_/Q
                              0.0856         0.0979        -0.0124  (VIOLATED)
   u_NV_NVDLA_cmac/u_core/u_mac_6/exp_sft_55[3]
                              0.0856         0.0978        -0.0122  (VIOLATED)
       PIN :   u_NV_NVDLA_cmac/u_core/u_mac_6/u_exp/exp_sft_55_reg_3_/Q
                              0.0856         0.0978        -0.0122  (VIOLATED)
   u_NV_NVDLA_cmac/u_core/u_mac_7/exp_sft_41[2]
                              0.0856         0.0963        -0.0108  (VIOLATED)
       PIN :   u_NV_NVDLA_cmac/u_core/u_mac_7/u_exp/exp_sft_41_reg_2_/Q
                              0.0856         0.0963        -0.0108  (VIOLATED)
   u_NV_NVDLA_cmac/u_core/u_mac_2/exp_sft_03[3]
                              0.0856         0.0961        -0.0106  (VIOLATED)
       PIN :   u_NV_NVDLA_cmac/u_core/u_mac_2/u_exp/exp_sft_03_reg_3_/Q
                              0.0856         0.0961        -0.0106  (VIOLATED)
   u_NV_NVDLA_cmac/u_core/u_mac_7/exp_sft_39[2]
                              0.0856         0.0958        -0.0103  (VIOLATED)
       PIN :   u_NV_NVDLA_cmac/u_core/u_mac_7/u_exp/exp_sft_39_reg_2_/Q
                              0.0856         0.0958        -0.0103  (VIOLATED)
   u_NV_NVDLA_cmac/u_core/u_mac_5/pp_out_l0n13_0[0]
                              0.1940         0.2026        -0.0086  (VIOLATED)
       PIN :   u_NV_NVDLA_cmac/u_core/u_mac_5/u_tree_l0n13/U208/S
                              0.1940         0.2026        -0.0086  (VIOLATED)
   u_NV_NVDLA_cmac/u_core/u_mac_6/exp_sft_46[3]
                              0.0856         0.0940        -0.0084  (VIOLATED)
       PIN :   u_NV_NVDLA_cmac/u_core/u_mac_6/u_exp/exp_sft_46_reg_3_/Q
                              0.0856         0.0940        -0.0084  (VIOLATED)
   u_NV_NVDLA_cmac/u_core/u_mac_4/exp_sft_01[1]
                              0.0861         0.0914        -0.0054  (VIOLATED)
       PIN :   u_NV_NVDLA_cmac/u_core/u_mac_4/u_exp/exp_sft_01_reg_1_/Q
                              0.0861         0.0914        -0.0054  (VIOLATED)
   u_NV_NVDLA_cmac/u_core/u_active/wt_pre_exp[93]
                              0.0861         0.0913        -0.0053  (VIOLATED)
       PIN :   u_NV_NVDLA_cmac/u_core/u_active/wt_pre_exp_reg_93_/Q
                              0.0861         0.0913        -0.0053  (VIOLATED)
   u_NV_NVDLA_cmac/u_core/u_mac_5/n4831
                              0.0861         0.0913        -0.0052  (VIOLATED)
       PIN :   u_NV_NVDLA_cmac/u_core/u_mac_5/mac_out_data_reg_154_/Q
                              0.0861         0.0913        -0.0052  (VIOLATED)
   u_NV_NVDLA_cmac/u_core/u_active/wt_pre_exp[32]
                              0.0861         0.0912        -0.0052  (VIOLATED)
       PIN :   u_NV_NVDLA_cmac/u_core/u_active/wt_pre_exp_reg_32_/Q
                              0.0861         0.0912        -0.0052  (VIOLATED)
   u_NV_NVDLA_cmac/u_core/u_active/wt_pre_exp[11]
                              0.0861         0.0912        -0.0052  (VIOLATED)
       PIN :   u_NV_NVDLA_cmac/u_core/u_active/wt_pre_exp_reg_11_/Q
                              0.0861         0.0912        -0.0052  (VIOLATED)
   u_NV_NVDLA_cmac/u_core/u_active/wt_pre_exp[53]
                              0.0861         0.0912        -0.0051  (VIOLATED)
       PIN :   u_NV_NVDLA_cmac/u_core/u_active/wt_pre_exp_reg_53_/Q
                              0.0861         0.0912        -0.0051  (VIOLATED)
   u_NV_NVDLA_cmac/u_core/u_active/wt_pre_data[713]
                              0.0861         0.0912        -0.0051  (VIOLATED)
       PIN :   u_NV_NVDLA_cmac/u_core/u_active/wt_pre_data_reg_713_/Q
                              0.0861         0.0912        -0.0051  (VIOLATED)
   u_NV_NVDLA_cmac/u_core/u_mac_3/exp_sft_01[1]
                              0.0861         0.0912        -0.0051  (VIOLATED)
       PIN :   u_NV_NVDLA_cmac/u_core/u_mac_3/u_exp/exp_sft_01_reg_1_/Q
                              0.0861         0.0912        -0.0051  (VIOLATED)
   u_NV_NVDLA_cmac/u_core/u_rt_out/n542
                              0.0861         0.0911        -0.0051  (VIOLATED)
       PIN :   u_NV_NVDLA_cmac/u_core/u_rt_out/out_rt_data0_d1_reg_149_/Q
                              0.0861         0.0911        -0.0051  (VIOLATED)
   u_NV_NVDLA_cmac/u_core/u_mac_6/pp_out_l0n00_0_d1[35]
                              0.0861         0.0911        -0.0051  (VIOLATED)
       PIN :   u_NV_NVDLA_cmac/u_core/u_mac_6/pp_out_l0n00_0_d1_reg_35_/Q
                              0.0861         0.0911        -0.0051  (VIOLATED)
   u_NV_NVDLA_cmac/u_core/u_mac_5/n4872
                              0.0861         0.0911        -0.0051  (VIOLATED)
       PIN :   u_NV_NVDLA_cmac/u_core/u_mac_5/mac_out_data_reg_112_/Q
                              0.0861         0.0911        -0.0051  (VIOLATED)
   u_NV_NVDLA_cmac/u_core/u_active/dat_pre_data[970]
                              0.0861         0.0911        -0.0051  (VIOLATED)
       PIN :   u_NV_NVDLA_cmac/u_core/u_active/dat_pre_data_reg_970_/Q
                              0.0861         0.0911        -0.0051  (VIOLATED)
   u_NV_NVDLA_cmac/u_core/u_active/wt0_sd_data[583]
                              0.0861         0.0911        -0.0050  (VIOLATED)
       PIN :   u_NV_NVDLA_cmac/u_core/u_active/wt0_sd_data_reg_583_/Q
                              0.0861         0.0911        -0.0050  (VIOLATED)
   u_NV_NVDLA_cmac/u_core/u_active/wt_pre_exp[54]
                              0.0861         0.0911        -0.0050  (VIOLATED)
       PIN :   u_NV_NVDLA_cmac/u_core/u_active/wt_pre_exp_reg_54_/Q
                              0.0861         0.0911        -0.0050  (VIOLATED)
   u_NV_NVDLA_cmac/u_core/u_active/wt0_sd_data[521]
                              0.0861         0.0911        -0.0050  (VIOLATED)
       PIN :   u_NV_NVDLA_cmac/u_core/u_active/wt0_sd_data_reg_521_/Q
                              0.0861         0.0911        -0.0050  (VIOLATED)
   u_NV_NVDLA_cmac/u_core/u_active/wt0_sd_data[576]
                              0.0861         0.0910        -0.0050  (VIOLATED)
       PIN :   u_NV_NVDLA_cmac/u_core/u_active/wt0_sd_data_reg_576_/Q
                              0.0861         0.0910        -0.0050  (VIOLATED)
   u_NV_NVDLA_cmac/u_core/u_active/wt_pre_exp[52]
                              0.0861         0.0910        -0.0050  (VIOLATED)
       PIN :   u_NV_NVDLA_cmac/u_core/u_active/wt_pre_exp_reg_52_/Q
                              0.0861         0.0910        -0.0050  (VIOLATED)
   u_NV_NVDLA_cmac/u_core/u_mac_6/exp_sft_51[1]
                              0.0861         0.0910        -0.0049  (VIOLATED)
       PIN :   u_NV_NVDLA_cmac/u_core/u_mac_6/u_exp/exp_sft_51_reg_1_/Q
                              0.0861         0.0910        -0.0049  (VIOLATED)
   u_NV_NVDLA_cmac/u_core/u_active/wt2_sd_data[778]
                              0.0861         0.0910        -0.0049  (VIOLATED)
       PIN :   u_NV_NVDLA_cmac/u_core/u_active/wt2_sd_data_reg_778_/Q
                              0.0861         0.0910        -0.0049  (VIOLATED)
   u_NV_NVDLA_cmac/u_core/u_mac_5/n4871
                              0.0861         0.0909        -0.0048  (VIOLATED)
       PIN :   u_NV_NVDLA_cmac/u_core/u_mac_5/mac_out_data_reg_113_/Q
                              0.0861         0.0909        -0.0048  (VIOLATED)
   u_NV_NVDLA_cmac/u_core/u_active/wt0_sd_data[257]
                              0.0861         0.0909        -0.0048  (VIOLATED)
       PIN :   u_NV_NVDLA_cmac/u_core/u_active/wt0_sd_data_reg_257_/Q
                              0.0861         0.0909        -0.0048  (VIOLATED)
   u_NV_NVDLA_cmac/u_core/u_active/wt0_sd_data[635]
                              0.0861         0.0909        -0.0048  (VIOLATED)
       PIN :   u_NV_NVDLA_cmac/u_core/u_active/wt0_sd_data_reg_635_/Q
                              0.0861         0.0909        -0.0048  (VIOLATED)
   u_NV_NVDLA_cmac/u_core/u_active/wt7_sd_data[817]
                              0.0861         0.0909        -0.0048  (VIOLATED)
       PIN :   u_NV_NVDLA_cmac/u_core/u_active/wt7_sd_data_reg_817_/Q
                              0.0861         0.0909        -0.0048  (VIOLATED)
   u_NV_NVDLA_cmac/u_core/u_mac_5/n4836
                              0.0861         0.0909        -0.0048  (VIOLATED)
       PIN :   u_NV_NVDLA_cmac/u_core/u_mac_5/mac_out_data_reg_148_/Q
                              0.0861         0.0909        -0.0048  (VIOLATED)
   u_NV_NVDLA_cmac/u_core/u_active/wt_pre_exp[49]
                              0.0861         0.0909        -0.0048  (VIOLATED)
       PIN :   u_NV_NVDLA_cmac/u_core/u_active/wt_pre_exp_reg_49_/Q
                              0.0861         0.0909        -0.0048  (VIOLATED)
   u_NV_NVDLA_cmac/u_core/u_active/wt_pre_exp[84]
                              0.0861         0.0909        -0.0048  (VIOLATED)
       PIN :   u_NV_NVDLA_cmac/u_core/u_active/wt_pre_exp_reg_84_/Q
                              0.0861         0.0909        -0.0048  (VIOLATED)
   u_NV_NVDLA_cmac/u_core/u_active/wt2_sd_data[777]
                              0.0861         0.0908        -0.0048  (VIOLATED)
       PIN :   u_NV_NVDLA_cmac/u_core/u_active/wt2_sd_data_reg_777_/Q
                              0.0861         0.0908        -0.0048  (VIOLATED)
   u_NV_NVDLA_cmac/u_core/u_active/wt2_sd_data[806]
                              0.0861         0.0908        -0.0048  (VIOLATED)
       PIN :   u_NV_NVDLA_cmac/u_core/u_active/wt2_sd_data_reg_806_/Q
                              0.0861         0.0908        -0.0048  (VIOLATED)
   u_NV_NVDLA_cmac/u_core/u_active/wt0_sd_data[517]
                              0.0861         0.0907        -0.0047  (VIOLATED)
       PIN :   u_NV_NVDLA_cmac/u_core/u_active/wt0_sd_data_reg_517_/Q
                              0.0861         0.0907        -0.0047  (VIOLATED)
   u_NV_NVDLA_cmac/u_core/wt2_actv_data[961]
                              0.0861         0.0907        -0.0046  (VIOLATED)
       PIN :   u_NV_NVDLA_cmac/u_core/u_active/wt2_actv_data_reg_961_/Q
                              0.0861         0.0907        -0.0046  (VIOLATED)
   u_NV_NVDLA_cmac/u_core/u_active/wt0_sd_data[525]
                              0.0861         0.0907        -0.0046  (VIOLATED)
       PIN :   u_NV_NVDLA_cmac/u_core/u_active/wt0_sd_data_reg_525_/Q
                              0.0861         0.0907        -0.0046  (VIOLATED)
   u_NV_NVDLA_cmac/u_core/wt2_actv_data[960]
                              0.0861         0.0907        -0.0046  (VIOLATED)
       PIN :   u_NV_NVDLA_cmac/u_core/u_active/wt2_actv_data_reg_960_/Q
                              0.0861         0.0907        -0.0046  (VIOLATED)
   u_NV_NVDLA_cmac/u_core/u_active/wt0_sd_data[639]
                              0.0861         0.0906        -0.0046  (VIOLATED)
       PIN :   u_NV_NVDLA_cmac/u_core/u_active/wt0_sd_data_reg_639_/Q
                              0.0861         0.0906        -0.0046  (VIOLATED)
   u_NV_NVDLA_cmac/u_core/u_active/dat_pre_data[340]
                              0.0861         0.0906        -0.0046  (VIOLATED)
       PIN :   u_NV_NVDLA_cmac/u_core/u_active/dat_pre_data_reg_340_/Q
                              0.0861         0.0906        -0.0046  (VIOLATED)
   u_NV_NVDLA_cmac/u_core/u_active/wt_pre_mask[46]
                              0.0861         0.0906        -0.0046  (VIOLATED)
       PIN :   u_NV_NVDLA_cmac/u_core/u_active/wt_pre_mask_reg_46_/Q
                              0.0861         0.0906        -0.0046  (VIOLATED)
   u_NV_NVDLA_cmac/u_core/dat0_pre_exp[168]
                              0.0861         0.0906        -0.0046  (VIOLATED)
       PIN :   u_NV_NVDLA_cmac/u_core/u_active/dat_pre_exp_reg0_reg_168_/Q
                              0.0861         0.0906        -0.0046  (VIOLATED)
   u_NV_NVDLA_cmac/u_core/u_active/wt_pre_nz[54]
                              0.0861         0.0906        -0.0045  (VIOLATED)
       PIN :   u_NV_NVDLA_cmac/u_core/u_active/wt_pre_nz_reg_54_/Q
                              0.0861         0.0906        -0.0045  (VIOLATED)
   u_NV_NVDLA_cmac/u_core/u_active/wt0_sd_data[523]
                              0.0861         0.0906        -0.0045  (VIOLATED)
       PIN :   u_NV_NVDLA_cmac/u_core/u_active/wt0_sd_data_reg_523_/Q
                              0.0861         0.0906        -0.0045  (VIOLATED)
   u_NV_NVDLA_cmac/u_core/u_mac_1/exp_sft_54[1]
                              0.0861         0.0905        -0.0045  (VIOLATED)
       PIN :   u_NV_NVDLA_cmac/u_core/u_mac_1/u_exp/exp_sft_54_reg_1_/Q
                              0.0861         0.0905        -0.0045  (VIOLATED)
   u_NV_NVDLA_cmac/u_core/u_active/wt_pre_exp[61]
                              0.0861         0.0905        -0.0045  (VIOLATED)
       PIN :   u_NV_NVDLA_cmac/u_core/u_active/wt_pre_exp_reg_61_/Q
                              0.0861         0.0905        -0.0045  (VIOLATED)
   u_NV_NVDLA_cmac/u_core/u_active/wt_pre_data[52]
                              0.0861         0.0905        -0.0045  (VIOLATED)
       PIN :   u_NV_NVDLA_cmac/u_core/u_active/wt_pre_data_reg_52_/Q
                              0.0861         0.0905        -0.0045  (VIOLATED)
   u_NV_NVDLA_cmac/u_core/u_mac_6/exp_sft_21[1]
                              0.0861         0.0905        -0.0045  (VIOLATED)
       PIN :   u_NV_NVDLA_cmac/u_core/u_mac_6/u_exp/exp_sft_21_reg_1_/Q
                              0.0861         0.0905        -0.0045  (VIOLATED)
   u_NV_NVDLA_cmac/u_core/u_active/wt_pre_data[217]
                              0.0861         0.0905        -0.0044  (VIOLATED)
       PIN :   u_NV_NVDLA_cmac/u_core/u_active/wt_pre_data_reg_217_/Q
                              0.0861         0.0905        -0.0044  (VIOLATED)
   u_NV_NVDLA_cmac/u_core/u_mac_6/pp_out_l0n02_0_d1[35]
                              0.0861         0.0905        -0.0044  (VIOLATED)
       PIN :   u_NV_NVDLA_cmac/u_core/u_mac_6/pp_out_l0n02_0_d1_reg_35_/Q
                              0.0861         0.0905        -0.0044  (VIOLATED)
   u_NV_NVDLA_cmac/u_core/u_active/wt_pre_exp[51]
                              0.0861         0.0905        -0.0044  (VIOLATED)
       PIN :   u_NV_NVDLA_cmac/u_core/u_active/wt_pre_exp_reg_51_/Q
                              0.0861         0.0905        -0.0044  (VIOLATED)
   u_NV_NVDLA_cmac/u_core/u_active/wt_pre_exp[154]
                              0.0861         0.0905        -0.0044  (VIOLATED)
       PIN :   u_NV_NVDLA_cmac/u_core/u_active/wt_pre_exp_reg_154_/Q
                              0.0861         0.0905        -0.0044  (VIOLATED)
   u_NV_NVDLA_cmac/u_core/u_active/dat_pre_data[343]
                              0.0861         0.0904        -0.0044  (VIOLATED)
       PIN :   u_NV_NVDLA_cmac/u_core/u_active/dat_pre_data_reg_343_/Q
                              0.0861         0.0904        -0.0044  (VIOLATED)
   u_NV_NVDLA_cmac/u_core/u_active/wt0_sd_data[577]
                              0.0861         0.0904        -0.0044  (VIOLATED)
       PIN :   u_NV_NVDLA_cmac/u_core/u_active/wt0_sd_data_reg_577_/Q
                              0.0861         0.0904        -0.0044  (VIOLATED)
   u_NV_NVDLA_cmac/u_core/u_active/wt0_sd_data[570]
                              0.0861         0.0904        -0.0043  (VIOLATED)
       PIN :   u_NV_NVDLA_cmac/u_core/u_active/wt0_sd_data_reg_570_/Q
                              0.0861         0.0904        -0.0043  (VIOLATED)
   u_NV_NVDLA_cmac/u_core/u_active/wt0_sd_data[524]
                              0.0861         0.0904        -0.0043  (VIOLATED)
       PIN :   u_NV_NVDLA_cmac/u_core/u_active/wt0_sd_data_reg_524_/Q
                              0.0861         0.0904        -0.0043  (VIOLATED)
   u_NV_NVDLA_cmac/u_core/u_active/wt0_sd_data[555]
                              0.0861         0.0904        -0.0043  (VIOLATED)
       PIN :   u_NV_NVDLA_cmac/u_core/u_active/wt0_sd_data_reg_555_/Q
                              0.0861         0.0904        -0.0043  (VIOLATED)
   u_NV_NVDLA_cmac/u_core/u_active/wt_pre_nan[62]
                              0.0861         0.0903        -0.0043  (VIOLATED)
       PIN :   u_NV_NVDLA_cmac/u_core/u_active/wt_pre_nan_reg_62_/Q
                              0.0861         0.0903        -0.0043  (VIOLATED)
   u_NV_NVDLA_cmac/u_core/u_active/wt_pre_data[48]
                              0.0861         0.0903        -0.0043  (VIOLATED)
       PIN :   u_NV_NVDLA_cmac/u_core/u_active/wt_pre_data_reg_48_/Q
                              0.0861         0.0903        -0.0043  (VIOLATED)
   u_NV_NVDLA_cmac/u_core/u_active/wt0_sd_data[638]
                              0.0861         0.0903        -0.0042  (VIOLATED)
       PIN :   u_NV_NVDLA_cmac/u_core/u_active/wt0_sd_data_reg_638_/Q
                              0.0861         0.0903        -0.0042  (VIOLATED)
   u_NV_NVDLA_cmac/u_core/u_mac_7/res_tag_b3_d1[16]
                              0.0856         0.0898        -0.0042  (VIOLATED)
       PIN :   u_NV_NVDLA_cmac/u_core/u_mac_7/res_tag_b3_d1_reg_16_/Q
                              0.0856         0.0898        -0.0042  (VIOLATED)
   u_NV_NVDLA_cmac/u_core/dat5_actv_data[1007]
                              0.0856         0.0898        -0.0042  (VIOLATED)
       PIN :   u_NV_NVDLA_cmac/u_core/u_active/dat_actv_data_reg5_reg_1007_/Q
                              0.0856         0.0898        -0.0042  (VIOLATED)
   u_NV_NVDLA_cmac/u_core/u_mac_5/n4839
                              0.0861         0.0902        -0.0042  (VIOLATED)
       PIN :   u_NV_NVDLA_cmac/u_core/u_mac_5/mac_out_data_reg_145_/Q
                              0.0861         0.0902        -0.0042  (VIOLATED)
   u_NV_NVDLA_cmac/u_core/wt7_actv_data[592]
                              0.0861         0.0902        -0.0042  (VIOLATED)
       PIN :   u_NV_NVDLA_cmac/u_core/u_active/wt7_actv_data_reg_592_/Q
                              0.0861         0.0902        -0.0042  (VIOLATED)
   u_NV_NVDLA_cmac/u_core/u_mac_4/exp_sft_48[2]
                              0.0861         0.0902        -0.0042  (VIOLATED)
       PIN :   u_NV_NVDLA_cmac/u_core/u_mac_4/u_exp/exp_sft_48_reg_2_/Q
                              0.0861         0.0902        -0.0042  (VIOLATED)
   u_NV_NVDLA_cmac/u_core/u_mac_0/exp_sft_21[3]
                              0.0861         0.0902        -0.0041  (VIOLATED)
       PIN :   u_NV_NVDLA_cmac/u_core/u_mac_0/u_exp/exp_sft_21_reg_3_/Q
                              0.0861         0.0902        -0.0041  (VIOLATED)
   u_NV_NVDLA_cmac/u_core/u_active/wt2_sd_data[878]
                              0.0861         0.0902        -0.0041  (VIOLATED)
       PIN :   u_NV_NVDLA_cmac/u_core/u_active/wt2_sd_data_reg_878_/Q
                              0.0861         0.0902        -0.0041  (VIOLATED)
   u_NV_NVDLA_cmac/u_core/wt2_actv_data[991]
                              0.0861         0.0902        -0.0041  (VIOLATED)
       PIN :   u_NV_NVDLA_cmac/u_core/u_active/wt2_actv_data_reg_991_/Q
                              0.0861         0.0902        -0.0041  (VIOLATED)
   u_NV_NVDLA_cmac/u_core/u_active/wt2_sd_data[776]
                              0.0861         0.0902        -0.0041  (VIOLATED)
       PIN :   u_NV_NVDLA_cmac/u_core/u_active/wt2_sd_data_reg_776_/Q
                              0.0861         0.0902        -0.0041  (VIOLATED)
   u_NV_NVDLA_cmac/u_core/u_mac_5/pp_out_l2n4_0_d2[27]
                              0.0861         0.0901        -0.0041  (VIOLATED)
       PIN :   u_NV_NVDLA_cmac/u_core/u_mac_5/pp_out_l2n4_0_d2_reg_27_/Q
                              0.0861         0.0901        -0.0041  (VIOLATED)
   u_NV_NVDLA_cmac/u_core/u_active/wt0_sd_data[634]
                              0.0861         0.0901        -0.0041  (VIOLATED)
       PIN :   u_NV_NVDLA_cmac/u_core/u_active/wt0_sd_data_reg_634_/Q
                              0.0861         0.0901        -0.0041  (VIOLATED)
   u_NV_NVDLA_cmac/u_core/u_active/wt7_sd_data[811]
                              0.0861         0.0901        -0.0040  (VIOLATED)
       PIN :   u_NV_NVDLA_cmac/u_core/u_active/wt7_sd_data_reg_811_/Q
                              0.0861         0.0901        -0.0040  (VIOLATED)
   u_NV_NVDLA_cmac/u_core/u_mac_7/res_tag_b7_d1[26]
                              0.0856         0.0896        -0.0040  (VIOLATED)
       PIN :   u_NV_NVDLA_cmac/u_core/u_mac_7/res_tag_b7_d1_reg_26_/Q
                              0.0856         0.0896        -0.0040  (VIOLATED)
   u_NV_NVDLA_cmac/u_core/u_mac_0/exp_sft_05[3]
                              0.0861         0.0901        -0.0040  (VIOLATED)
       PIN :   u_NV_NVDLA_cmac/u_core/u_mac_0/u_exp/exp_sft_05_reg_3_/Q
                              0.0861         0.0901        -0.0040  (VIOLATED)
   u_NV_NVDLA_cmac/u_core/wt7_actv_data[593]
                              0.0861         0.0900        -0.0040  (VIOLATED)
       PIN :   u_NV_NVDLA_cmac/u_core/u_active/wt7_actv_data_reg_593_/Q
                              0.0861         0.0900        -0.0040  (VIOLATED)
   u_NV_NVDLA_cmac/u_core/u_mac_5/n4833
                              0.0861         0.0900        -0.0040  (VIOLATED)
       PIN :   u_NV_NVDLA_cmac/u_core/u_mac_5/mac_out_data_reg_151_/Q
                              0.0861         0.0900        -0.0040  (VIOLATED)
   u_NV_NVDLA_cmac/u_core/u_active/wt_pre_data[205]
                              0.0861         0.0900        -0.0040  (VIOLATED)
       PIN :   u_NV_NVDLA_cmac/u_core/u_active/wt_pre_data_reg_205_/Q
                              0.0861         0.0900        -0.0040  (VIOLATED)
   u_NV_NVDLA_cmac/u_core/u_mac_5/pp_out_l2n4_0_d2[29]
                              0.0861         0.0900        -0.0040  (VIOLATED)
       PIN :   u_NV_NVDLA_cmac/u_core/u_mac_5/pp_out_l2n4_0_d2_reg_29_/Q
                              0.0861         0.0900        -0.0040  (VIOLATED)
   u_NV_NVDLA_cmac/u_core/u_active/wt_pre_exp[45]
                              0.0861         0.0900        -0.0040  (VIOLATED)
       PIN :   u_NV_NVDLA_cmac/u_core/u_active/wt_pre_exp_reg_45_/Q
                              0.0861         0.0900        -0.0040  (VIOLATED)
   u_NV_NVDLA_cmac/u_core/u_active/wt2_sd_data[877]
                              0.0861         0.0900        -0.0039  (VIOLATED)
       PIN :   u_NV_NVDLA_cmac/u_core/u_active/wt2_sd_data_reg_877_/Q
                              0.0861         0.0900        -0.0039  (VIOLATED)
   u_NV_NVDLA_cmac/u_core/u_active/dat_pre_data[579]
                              0.0861         0.0899        -0.0039  (VIOLATED)
       PIN :   u_NV_NVDLA_cmac/u_core/u_active/dat_pre_data_reg_579_/Q
                              0.0861         0.0899        -0.0039  (VIOLATED)
   u_NV_NVDLA_cmac/u_core/wt2_actv_data[736]
                              0.0861         0.0899        -0.0039  (VIOLATED)
       PIN :   u_NV_NVDLA_cmac/u_core/u_active/wt2_actv_data_reg_736_/Q
                              0.0861         0.0899        -0.0039  (VIOLATED)
   u_NV_NVDLA_cmac/u_core/u_mac_1/res_tag_b1_d1[14]
                              0.0856         0.0894        -0.0039  (VIOLATED)
       PIN :   u_NV_NVDLA_cmac/u_core/u_mac_1/res_tag_b1_d1_reg_14_/Q
                              0.0856         0.0894        -0.0039  (VIOLATED)
   u_NV_NVDLA_cmac/u_core/u_mac_6/res_tag_b7_d1[14]
                              0.0856         0.0894        -0.0039  (VIOLATED)
       PIN :   u_NV_NVDLA_cmac/u_core/u_mac_6/res_tag_b7_d1_reg_14_/Q
                              0.0856         0.0894        -0.0039  (VIOLATED)
   u_NV_NVDLA_cmac/u_core/dat5_actv_data[175]
                              0.0856         0.0894        -0.0038  (VIOLATED)
       PIN :   u_NV_NVDLA_cmac/u_core/u_active/dat_actv_data_reg5_reg_175_/Q
                              0.0856         0.0894        -0.0038  (VIOLATED)
   u_NV_NVDLA_cmac/u_core/u_mac_5/n4835
                              0.0861         0.0899        -0.0038  (VIOLATED)
       PIN :   u_NV_NVDLA_cmac/u_core/u_mac_5/mac_out_data_reg_149_/Q
                              0.0861         0.0899        -0.0038  (VIOLATED)
   u_NV_NVDLA_cmac/u_core/u_mac_6/pp_out_l0n03_0_d1[35]
                              0.0861         0.0899        -0.0038  (VIOLATED)
       PIN :   u_NV_NVDLA_cmac/u_core/u_mac_6/pp_out_l0n03_0_d1_reg_35_/Q
                              0.0861         0.0899        -0.0038  (VIOLATED)
   u_NV_NVDLA_cmac/u_core/u_active/wt_pre_data[91]
                              0.0861         0.0899        -0.0038  (VIOLATED)
       PIN :   u_NV_NVDLA_cmac/u_core/u_active/wt_pre_data_reg_91_/Q
                              0.0861         0.0899        -0.0038  (VIOLATED)
   u_NV_NVDLA_cmac/u_core/u_active/wt0_sd_data[566]
                              0.0861         0.0898        -0.0038  (VIOLATED)
       PIN :   u_NV_NVDLA_cmac/u_core/u_active/wt0_sd_data_reg_566_/Q
                              0.0861         0.0898        -0.0038  (VIOLATED)
   u_NV_NVDLA_cmac/u_core/u_mac_5/pp_out_l2n2_0_d2[15]
                              0.0856         0.0893        -0.0038  (VIOLATED)
       PIN :   u_NV_NVDLA_cmac/u_core/u_mac_5/pp_out_l2n2_0_d2_reg_15_/Q
                              0.0856         0.0893        -0.0038  (VIOLATED)
   u_NV_NVDLA_cmac/u_core/u_active/wt1_sd_data[281]
                              0.0861         0.0898        -0.0038  (VIOLATED)
       PIN :   u_NV_NVDLA_cmac/u_core/u_active/wt1_sd_data_reg_281_/Q
                              0.0861         0.0898        -0.0038  (VIOLATED)
   u_NV_NVDLA_cmac/u_core/u_active/wt4_sd_nz[3]
                              0.0861         0.0898        -0.0038  (VIOLATED)
       PIN :   u_NV_NVDLA_cmac/u_core/u_active/wt4_sd_nz_reg_3_/Q
                              0.0861         0.0898        -0.0038  (VIOLATED)
   u_NV_NVDLA_cmac/u_core/u_active/wt0_sd_data[565]
                              0.0861         0.0898        -0.0037  (VIOLATED)
       PIN :   u_NV_NVDLA_cmac/u_core/u_active/wt0_sd_data_reg_565_/Q
                              0.0861         0.0898        -0.0037  (VIOLATED)
   u_NV_NVDLA_cmac/u_core/wt2_actv_data[737]
                              0.0861         0.0898        -0.0037  (VIOLATED)
       PIN :   u_NV_NVDLA_cmac/u_core/u_active/wt2_actv_data_reg_737_/Q
                              0.0861         0.0898        -0.0037  (VIOLATED)
   u_NV_NVDLA_cmac/u_core/u_active/wt_pre_exp[46]
                              0.0861         0.0897        -0.0037  (VIOLATED)
       PIN :   u_NV_NVDLA_cmac/u_core/u_active/wt_pre_exp_reg_46_/Q
                              0.0861         0.0897        -0.0037  (VIOLATED)
   u_NV_NVDLA_cmac/u_core/u_mac_5/n4870
                              0.0861         0.0897        -0.0036  (VIOLATED)
       PIN :   u_NV_NVDLA_cmac/u_core/u_mac_5/mac_out_data_reg_114_/Q
                              0.0861         0.0897        -0.0036  (VIOLATED)
   u_NV_NVDLA_cmac/u_core/u_active/wt_pre_exp[31]
                              0.0861         0.0897        -0.0036  (VIOLATED)
       PIN :   u_NV_NVDLA_cmac/u_core/u_active/wt_pre_exp_reg_31_/Q
                              0.0861         0.0897        -0.0036  (VIOLATED)
   u_NV_NVDLA_cmac/u_core/u_mac_0/pp_out_l0n14_0_d1[0]
                              0.0856         0.0892        -0.0036  (VIOLATED)
       PIN :   u_NV_NVDLA_cmac/u_core/u_mac_0/pp_out_l0n14_0_d1_reg_0_/Q
                              0.0856         0.0892        -0.0036  (VIOLATED)
   u_NV_NVDLA_cmac/u_core/u_mac_4/exp_sft_49[0]
                              0.0861         0.0897        -0.0036  (VIOLATED)
       PIN :   u_NV_NVDLA_cmac/u_core/u_mac_4/u_exp/exp_sft_49_reg_0_/Q
                              0.0861         0.0897        -0.0036  (VIOLATED)
   u_NV_NVDLA_cmac/u_core/u_active/wt2_sd_data[875]
                              0.0861         0.0896        -0.0036  (VIOLATED)
       PIN :   u_NV_NVDLA_cmac/u_core/u_active/wt2_sd_data_reg_875_/Q
                              0.0861         0.0896        -0.0036  (VIOLATED)
   u_NV_NVDLA_cmac/u_core/dat1_actv_data[79]
                              0.0856         0.0891        -0.0036  (VIOLATED)
       PIN :   u_NV_NVDLA_cmac/u_core/u_active/dat_actv_data_reg1_reg_79_/Q
                              0.0856         0.0891        -0.0036  (VIOLATED)
   u_NV_NVDLA_cmac/u_core/u_active/dat_pre_nan[4]
                              0.0861         0.0896        -0.0036  (VIOLATED)
       PIN :   u_NV_NVDLA_cmac/u_core/u_active/dat_pre_nan_reg_4_/Q
                              0.0861         0.0896        -0.0036  (VIOLATED)
   u_NV_NVDLA_cmac/u_core/u_active/dat_pre_data[972]
                              0.0861         0.0896        -0.0035  (VIOLATED)
       PIN :   u_NV_NVDLA_cmac/u_core/u_active/dat_pre_data_reg_972_/Q
                              0.0861         0.0896        -0.0035  (VIOLATED)
   u_NV_NVDLA_cmac/u_core/u_active/wt_pre_exp[60]
                              0.0861         0.0896        -0.0035  (VIOLATED)
       PIN :   u_NV_NVDLA_cmac/u_core/u_active/wt_pre_exp_reg_60_/Q
                              0.0861         0.0896        -0.0035  (VIOLATED)
   u_NV_NVDLA_cmac/u_core/u_active/wt1_sd_data[282]
                              0.0861         0.0895        -0.0035  (VIOLATED)
       PIN :   u_NV_NVDLA_cmac/u_core/u_active/wt1_sd_data_reg_282_/Q
                              0.0861         0.0895        -0.0035  (VIOLATED)
   u_NV_NVDLA_cmac/u_core/u_active/wt7_sd_data[814]
                              0.0861         0.0895        -0.0035  (VIOLATED)
       PIN :   u_NV_NVDLA_cmac/u_core/u_active/wt7_sd_data_reg_814_/Q
                              0.0861         0.0895        -0.0035  (VIOLATED)
   u_NV_NVDLA_cmac/u_core/u_mac_6/pp_out_l2n2_0_d2[8]
                              0.0856         0.0890        -0.0034  (VIOLATED)
       PIN :   u_NV_NVDLA_cmac/u_core/u_mac_6/pp_out_l2n2_0_d2_reg_8_/Q
                              0.0856         0.0890        -0.0034  (VIOLATED)
   u_NV_NVDLA_cmac/u_core/u_active/wt0_sd_data[27]
                              0.0861         0.0895        -0.0034  (VIOLATED)
       PIN :   u_NV_NVDLA_cmac/u_core/u_active/wt0_sd_data_reg_27_/Q
                              0.0861         0.0895        -0.0034  (VIOLATED)
   u_NV_NVDLA_cmac/u_core/u_active/wt1_sd_data[287]
                              0.0861         0.0894        -0.0034  (VIOLATED)
       PIN :   u_NV_NVDLA_cmac/u_core/u_active/wt1_sd_data_reg_287_/Q
                              0.0861         0.0894        -0.0034  (VIOLATED)
   u_NV_NVDLA_cmac/u_core/u_active/wt_pre_nan[63]
                              0.0861         0.0894        -0.0034  (VIOLATED)
       PIN :   u_NV_NVDLA_cmac/u_core/u_active/wt_pre_nan_reg_63_/Q
                              0.0861         0.0894        -0.0034  (VIOLATED)
   u_NV_NVDLA_cmac/u_core/u_active/wt1_sd_data[263]
                              0.0861         0.0894        -0.0034  (VIOLATED)
       PIN :   u_NV_NVDLA_cmac/u_core/u_active/wt1_sd_data_reg_263_/Q
                              0.0861         0.0894        -0.0034  (VIOLATED)
   u_NV_NVDLA_cmac/u_core/u_active/wt_pre_exp[56]
                              0.0861         0.0894        -0.0034  (VIOLATED)
       PIN :   u_NV_NVDLA_cmac/u_core/u_active/wt_pre_exp_reg_56_/Q
                              0.0861         0.0894        -0.0034  (VIOLATED)
   u_NV_NVDLA_cmac/u_core/u_active/wt1_sd_data[262]
                              0.0861         0.0894        -0.0033  (VIOLATED)
       PIN :   u_NV_NVDLA_cmac/u_core/u_active/wt1_sd_data_reg_262_/Q
                              0.0861         0.0894        -0.0033  (VIOLATED)
   u_NV_NVDLA_cmac/u_core/u_active/wt0_sd_data[526]
                              0.0861         0.0894        -0.0033  (VIOLATED)
       PIN :   u_NV_NVDLA_cmac/u_core/u_active/wt0_sd_data_reg_526_/Q
                              0.0861         0.0894        -0.0033  (VIOLATED)
   u_NV_NVDLA_cmac/u_core/u_active/wt4_sd_data[535]
                              0.0861         0.0894        -0.0033  (VIOLATED)
       PIN :   u_NV_NVDLA_cmac/u_core/u_active/wt4_sd_data_reg_535_/Q
                              0.0861         0.0894        -0.0033  (VIOLATED)
   u_NV_NVDLA_cmac/u_core/u_mac_7/pp_out_l0n09_1_d1[34]
                              0.0861         0.0894        -0.0033  (VIOLATED)
       PIN :   u_NV_NVDLA_cmac/u_core/u_mac_7/pp_out_l0n09_1_d1_reg_34_/Q
                              0.0861         0.0894        -0.0033  (VIOLATED)
   u_NV_NVDLA_cmac/u_core/u_mac_0/exp_sft_04[3]
                              0.0861         0.0894        -0.0033  (VIOLATED)
       PIN :   u_NV_NVDLA_cmac/u_core/u_mac_0/u_exp/exp_sft_04_reg_3_/Q
                              0.0861         0.0894        -0.0033  (VIOLATED)
   u_NV_NVDLA_cmac/u_core/u_active/wt_pre_exp[190]
                              0.0856         0.0889        -0.0033  (VIOLATED)
       PIN :   u_NV_NVDLA_cmac/u_core/u_active/wt_pre_exp_reg_190_/Q
                              0.0856         0.0889        -0.0033  (VIOLATED)
   u_NV_NVDLA_cmac/u_core/u_mac_0/exp_sft_15[1]
                              0.0856         0.0888        -0.0033  (VIOLATED)
       PIN :   u_NV_NVDLA_cmac/u_core/u_mac_0/u_exp/exp_sft_15_reg_1_/Q
                              0.0856         0.0888        -0.0033  (VIOLATED)
   u_NV_NVDLA_cmac/u_core/u_mac_4/res_tag_b3_d1[35]
                              0.0856         0.0888        -0.0033  (VIOLATED)
       PIN :   u_NV_NVDLA_cmac/u_core/u_mac_4/res_tag_b3_d1_reg_35_/Q
                              0.0856         0.0888        -0.0033  (VIOLATED)
   u_NV_NVDLA_cmac/u_core/wt6_actv_data[465]
                              0.0856         0.0888        -0.0033  (VIOLATED)
       PIN :   u_NV_NVDLA_cmac/u_core/u_active/wt6_actv_data_reg_465_/Q
                              0.0856         0.0888        -0.0033  (VIOLATED)
   u_NV_NVDLA_cmac/u_core/wt7_actv_data[513]
                              0.0861         0.0893        -0.0033  (VIOLATED)
       PIN :   u_NV_NVDLA_cmac/u_core/u_active/wt7_actv_data_reg_513_/Q
                              0.0861         0.0893        -0.0033  (VIOLATED)
   u_NV_NVDLA_cmac/u_core/u_active/dat_pre_data[310]
                              0.0856         0.0888        -0.0033  (VIOLATED)
       PIN :   u_NV_NVDLA_cmac/u_core/u_active/dat_pre_data_reg_310_/Q
                              0.0856         0.0888        -0.0033  (VIOLATED)
   u_NV_NVDLA_cmac/u_core/u_mac_5/pp_out_l2n7_1_d2[27]
                              0.0861         0.0893        -0.0032  (VIOLATED)
       PIN :   u_NV_NVDLA_cmac/u_core/u_mac_5/pp_out_l2n7_1_d2_reg_27_/Q
                              0.0861         0.0893        -0.0032  (VIOLATED)
   u_NV_NVDLA_cmac/u_core/u_active/wt0_sd_data[319]
                              0.0861         0.0893        -0.0032  (VIOLATED)
       PIN :   u_NV_NVDLA_cmac/u_core/u_active/wt0_sd_data_reg_319_/Q
                              0.0861         0.0893        -0.0032  (VIOLATED)
   u_NV_NVDLA_cmac/u_core/wt1_actv_data[105]
                              0.0856         0.0888        -0.0032  (VIOLATED)
       PIN :   u_NV_NVDLA_cmac/u_core/u_active/wt1_actv_data_reg_105_/Q
                              0.0856         0.0888        -0.0032  (VIOLATED)
   u_NV_NVDLA_cmac/u_core/u_mac_3/exp_sft_54[3]
                              0.0861         0.0892        -0.0031  (VIOLATED)
       PIN :   u_NV_NVDLA_cmac/u_core/u_mac_3/u_exp/exp_sft_54_reg_3_/Q
                              0.0861         0.0892        -0.0031  (VIOLATED)
   u_NV_NVDLA_cmac/u_core/u_mac_7/pp_out_l0n09_1_d1[35]
                              0.0861         0.0892        -0.0031  (VIOLATED)
       PIN :   u_NV_NVDLA_cmac/u_core/u_mac_7/pp_out_l0n09_1_d1_reg_35_/Q
                              0.0861         0.0892        -0.0031  (VIOLATED)
   u_NV_NVDLA_cmac/u_core/u_active/wt0_sd_data[558]
                              0.0861         0.0892        -0.0031  (VIOLATED)
       PIN :   u_NV_NVDLA_cmac/u_core/u_active/wt0_sd_data_reg_558_/Q
                              0.0861         0.0892        -0.0031  (VIOLATED)
   u_NV_NVDLA_cmac/u_core/u_active/dat_pre_data[691]
                              0.0861         0.0891        -0.0031  (VIOLATED)
       PIN :   u_NV_NVDLA_cmac/u_core/u_active/dat_pre_data_reg_691_/Q
                              0.0861         0.0891        -0.0031  (VIOLATED)
   u_NV_NVDLA_cmac/u_core/u_mac_5/pp_out_l0n05_1_d1[35]
                              0.0861         0.0891        -0.0031  (VIOLATED)
       PIN :   u_NV_NVDLA_cmac/u_core/u_mac_5/pp_out_l0n05_1_d1_reg_35_/Q
                              0.0861         0.0891        -0.0031  (VIOLATED)
   u_NV_NVDLA_cmac/u_core/u_active/wt0_sd_data[636]
                              0.0861         0.0891        -0.0030  (VIOLATED)
       PIN :   u_NV_NVDLA_cmac/u_core/u_active/wt0_sd_data_reg_636_/Q
                              0.0861         0.0891        -0.0030  (VIOLATED)
   u_NV_NVDLA_cmac/u_core/u_active/wt_pre_exp[89]
                              0.0861         0.0891        -0.0030  (VIOLATED)
       PIN :   u_NV_NVDLA_cmac/u_core/u_active/wt_pre_exp_reg_89_/Q
                              0.0861         0.0891        -0.0030  (VIOLATED)
   u_NV_NVDLA_cmac/u_core/u_mac_0/pp_out_l2n4_0_d2[11]
                              0.0856         0.0886        -0.0030  (VIOLATED)
       PIN :   u_NV_NVDLA_cmac/u_core/u_mac_0/pp_out_l2n4_0_d2_reg_11_/Q
                              0.0856         0.0886        -0.0030  (VIOLATED)
   u_NV_NVDLA_cmac/u_core/u_active/wt2_sd_data[851]
                              0.0861         0.0891        -0.0030  (VIOLATED)
       PIN :   u_NV_NVDLA_cmac/u_core/u_active/wt2_sd_data_reg_851_/Q
                              0.0861         0.0891        -0.0030  (VIOLATED)
   u_NV_NVDLA_cmac/u_core/u_active/wt7_sd_data[830]
                              0.0861         0.0890        -0.0030  (VIOLATED)
       PIN :   u_NV_NVDLA_cmac/u_core/u_active/wt7_sd_data_reg_830_/Q
                              0.0861         0.0890        -0.0030  (VIOLATED)
   u_NV_NVDLA_cmac/u_core/u_mac_4/pp_out_l2n2_0_d2[6]
                              0.0856         0.0885        -0.0030  (VIOLATED)
       PIN :   u_NV_NVDLA_cmac/u_core/u_mac_4/pp_out_l2n2_0_d2_reg_6_/Q
                              0.0856         0.0885        -0.0030  (VIOLATED)
   u_NV_NVDLA_cmac/u_core/u_mac_0/exp_sft_00[1]
                              0.0861         0.0890        -0.0030  (VIOLATED)
       PIN :   u_NV_NVDLA_cmac/u_core/u_mac_0/u_exp/exp_sft_00_reg_1_/Q
                              0.0861         0.0890        -0.0030  (VIOLATED)
   u_NV_NVDLA_cmac/u_core/u_active/dat_pre_data[289]
                              0.0856         0.0885        -0.0029  (VIOLATED)
       PIN :   u_NV_NVDLA_cmac/u_core/u_active/dat_pre_data_reg_289_/Q
                              0.0856         0.0885        -0.0029  (VIOLATED)
   u_NV_NVDLA_cmac/u_core/u_mac_2/pp_out_l0n10_0_d1[0]
                              0.0856         0.0885        -0.0029  (VIOLATED)
       PIN :   u_NV_NVDLA_cmac/u_core/u_mac_2/pp_out_l0n10_0_d1_reg_0_/Q
                              0.0856         0.0885        -0.0029  (VIOLATED)
   u_NV_NVDLA_cmac/u_core/u_mac_3/pp_out_l2n4_0_d2[20]
                              0.0856         0.0885        -0.0029  (VIOLATED)
       PIN :   u_NV_NVDLA_cmac/u_core/u_mac_3/pp_out_l2n4_0_d2_reg_20_/Q
                              0.0856         0.0885        -0.0029  (VIOLATED)
   u_NV_NVDLA_cmac/u_core/u_mac_6/pp_out_l2n6_0_d2[7]
                              0.0856         0.0885        -0.0029  (VIOLATED)
       PIN :   u_NV_NVDLA_cmac/u_core/u_mac_6/pp_out_l2n6_0_d2_reg_7_/Q
                              0.0856         0.0885        -0.0029  (VIOLATED)
   u_NV_NVDLA_cmac/u_core/wt3_actv_data[505]
                              0.0856         0.0885        -0.0029  (VIOLATED)
       PIN :   u_NV_NVDLA_cmac/u_core/u_active/wt3_actv_data_reg_505_/Q
                              0.0856         0.0885        -0.0029  (VIOLATED)
   u_NV_NVDLA_cmac/u_core/u_active/dat_pre_data[148]
                              0.0861         0.0889        -0.0029  (VIOLATED)
       PIN :   u_NV_NVDLA_cmac/u_core/u_active/dat_pre_data_reg_148_/Q
                              0.0861         0.0889        -0.0029  (VIOLATED)
   u_NV_NVDLA_cmac/u_core/wt5_actv_data[343]
                              0.0856         0.0884        -0.0029  (VIOLATED)
       PIN :   u_NV_NVDLA_cmac/u_core/u_active/wt5_actv_data_reg_343_/Q
                              0.0856         0.0884        -0.0029  (VIOLATED)
   u_NV_NVDLA_cmac/u_core/u_active/wt4_sd_data[817]
                              0.0861         0.0889        -0.0029  (VIOLATED)
       PIN :   u_NV_NVDLA_cmac/u_core/u_active/wt4_sd_data_reg_817_/Q
                              0.0861         0.0889        -0.0029  (VIOLATED)
   u_NV_NVDLA_cmac/u_core/u_active/wt0_sd_data[564]
                              0.0861         0.0889        -0.0028  (VIOLATED)
       PIN :   u_NV_NVDLA_cmac/u_core/u_active/wt0_sd_data_reg_564_/Q
                              0.0861         0.0889        -0.0028  (VIOLATED)
   u_NV_NVDLA_cmac/u_core/u_mac_5/pp_out_l0n05_1_d1[34]
                              0.0861         0.0889        -0.0028  (VIOLATED)
       PIN :   u_NV_NVDLA_cmac/u_core/u_mac_5/pp_out_l0n05_1_d1_reg_34_/Q
                              0.0861         0.0889        -0.0028  (VIOLATED)
   u_NV_NVDLA_cmac/u_core/wt5_actv_data[49]
                              0.0856         0.0884        -0.0028  (VIOLATED)
       PIN :   u_NV_NVDLA_cmac/u_core/u_active/wt5_actv_data_reg_49_/Q
                              0.0856         0.0884        -0.0028  (VIOLATED)
   u_NV_NVDLA_cmac/u_core/wt3_actv_data[839]
                              0.0856         0.0884        -0.0028  (VIOLATED)
       PIN :   u_NV_NVDLA_cmac/u_core/u_active/wt3_actv_data_reg_839_/Q
                              0.0856         0.0884        -0.0028  (VIOLATED)
   u_NV_NVDLA_cmac/u_core/u_mac_3/pp_out_l2n6_0_d2[15]
                              0.0856         0.0884        -0.0028  (VIOLATED)
       PIN :   u_NV_NVDLA_cmac/u_core/u_mac_3/pp_out_l2n6_0_d2_reg_15_/Q
                              0.0856         0.0884        -0.0028  (VIOLATED)
   u_NV_NVDLA_cmac/u_core/u_active/wt0_sd_data[548]
                              0.0861         0.0889        -0.0028  (VIOLATED)
       PIN :   u_NV_NVDLA_cmac/u_core/u_active/wt0_sd_data_reg_548_/Q
                              0.0861         0.0889        -0.0028  (VIOLATED)
   u_NV_NVDLA_cmac/u_core/u_mac_7/pp_out_l0n00_0_d1[34]
                              0.0861         0.0889        -0.0028  (VIOLATED)
       PIN :   u_NV_NVDLA_cmac/u_core/u_mac_7/pp_out_l0n00_0_d1_reg_34_/Q
                              0.0861         0.0889        -0.0028  (VIOLATED)
   u_NV_NVDLA_cmac/u_core/u_active/wt1_sd_data[285]
                              0.0861         0.0889        -0.0028  (VIOLATED)
       PIN :   u_NV_NVDLA_cmac/u_core/u_active/wt1_sd_data_reg_285_/Q
                              0.0861         0.0889        -0.0028  (VIOLATED)
   u_NV_NVDLA_cmac/u_core/dat2_actv_nan[17]
                              0.0856         0.0883        -0.0028  (VIOLATED)
       PIN :   u_NV_NVDLA_cmac/u_core/u_active/dat_actv_nan_reg2_reg_17_/Q
                              0.0856         0.0883        -0.0028  (VIOLATED)
   u_NV_NVDLA_cmac/u_core/u_mac_7/pp_out_l2n2_0_d2[18]
                              0.0856         0.0883        -0.0028  (VIOLATED)
       PIN :   u_NV_NVDLA_cmac/u_core/u_mac_7/pp_out_l2n2_0_d2_reg_18_/Q
                              0.0856         0.0883        -0.0028  (VIOLATED)
   u_NV_NVDLA_cmac/u_core/dat1_actv_data[874]
                              0.0856         0.0883        -0.0028  (VIOLATED)
       PIN :   u_NV_NVDLA_cmac/u_core/u_active/dat_actv_data_reg1_reg_874_/Q
                              0.0856         0.0883        -0.0028  (VIOLATED)
   u_NV_NVDLA_cmac/u_core/wt6_actv_data[823]
                              0.0856         0.0883        -0.0028  (VIOLATED)
       PIN :   u_NV_NVDLA_cmac/u_core/u_active/wt6_actv_data_reg_823_/Q
                              0.0856         0.0883        -0.0028  (VIOLATED)
   u_NV_NVDLA_cmac/u_core/wt0_actv_data[160]
                              0.0856         0.0883        -0.0027  (VIOLATED)
       PIN :   u_NV_NVDLA_cmac/u_core/u_active/wt0_actv_data_reg_160_/Q
                              0.0856         0.0883        -0.0027  (VIOLATED)
   u_NV_NVDLA_cmac/u_core/u_active/wt_pre_exp[58]
                              0.0861         0.0888        -0.0027  (VIOLATED)
       PIN :   u_NV_NVDLA_cmac/u_core/u_active/wt_pre_exp_reg_58_/Q
                              0.0861         0.0888        -0.0027  (VIOLATED)
   u_NV_NVDLA_cmac/u_core/u_active/wt0_sd_data[79]
                              0.0861         0.0888        -0.0027  (VIOLATED)
       PIN :   u_NV_NVDLA_cmac/u_core/u_active/wt0_sd_data_reg_79_/Q
                              0.0861         0.0888        -0.0027  (VIOLATED)
   u_NV_NVDLA_cmac/u_core/dat5_actv_data[168]
                              0.0856         0.0883        -0.0027  (VIOLATED)
       PIN :   u_NV_NVDLA_cmac/u_core/u_active/dat_actv_data_reg5_reg_168_/Q
                              0.0856         0.0883        -0.0027  (VIOLATED)
   u_NV_NVDLA_cmac/u_core/wt4_actv_data[320]
                              0.0856         0.0883        -0.0027  (VIOLATED)
       PIN :   u_NV_NVDLA_cmac/u_core/u_active/wt4_actv_data_reg_320_/Q
                              0.0856         0.0883        -0.0027  (VIOLATED)
   u_NV_NVDLA_cmac/u_core/u_active/wt0_sd_data[46]
                              0.0861         0.0887        -0.0027  (VIOLATED)
       PIN :   u_NV_NVDLA_cmac/u_core/u_active/wt0_sd_data_reg_46_/Q
                              0.0861         0.0887        -0.0027  (VIOLATED)
   u_NV_NVDLA_cmac/u_core/u_mac_1/exp_sft_53[1]
                              0.0861         0.0887        -0.0027  (VIOLATED)
       PIN :   u_NV_NVDLA_cmac/u_core/u_mac_1/u_exp/exp_sft_53_reg_1_/Q
                              0.0861         0.0887        -0.0027  (VIOLATED)
   u_NV_NVDLA_cmac/u_core/wt3_actv_data[609]
                              0.0856         0.0882        -0.0027  (VIOLATED)
       PIN :   u_NV_NVDLA_cmac/u_core/u_active/wt3_actv_data_reg_609_/Q
                              0.0856         0.0882        -0.0027  (VIOLATED)
   u_NV_NVDLA_cmac/u_core/u_active/dat_pre_data[625]
                              0.0856         0.0882        -0.0027  (VIOLATED)
       PIN :   u_NV_NVDLA_cmac/u_core/u_active/dat_pre_data_reg_625_/Q
                              0.0856         0.0882        -0.0027  (VIOLATED)
   u_NV_NVDLA_cmac/u_core/wt4_actv_nan[9]
                              0.0856         0.0882        -0.0026  (VIOLATED)
       PIN :   u_NV_NVDLA_cmac/u_core/u_active/wt4_actv_nan_reg_9_/Q
                              0.0856         0.0882        -0.0026  (VIOLATED)
   u_NV_NVDLA_cmac/u_core/wt4_actv_data[281]
                              0.0856         0.0882        -0.0026  (VIOLATED)
       PIN :   u_NV_NVDLA_cmac/u_core/u_active/wt4_actv_data_reg_281_/Q
                              0.0856         0.0882        -0.0026  (VIOLATED)
   u_NV_NVDLA_cmac/u_core/u_mac_6/pp_out_l2n4_0_d2[14]
                              0.0856         0.0882        -0.0026  (VIOLATED)
       PIN :   u_NV_NVDLA_cmac/u_core/u_mac_6/pp_out_l2n4_0_d2_reg_14_/Q
                              0.0856         0.0882        -0.0026  (VIOLATED)
   u_NV_NVDLA_cmac/u_core/u_active/dat_pre_data[295]
                              0.0856         0.0882        -0.0026  (VIOLATED)
       PIN :   u_NV_NVDLA_cmac/u_core/u_active/dat_pre_data_reg_295_/Q
                              0.0856         0.0882        -0.0026  (VIOLATED)
   u_NV_NVDLA_cmac/u_core/u_active/wt0_sd_data[318]
                              0.0861         0.0887        -0.0026  (VIOLATED)
       PIN :   u_NV_NVDLA_cmac/u_core/u_active/wt0_sd_data_reg_318_/Q
                              0.0861         0.0887        -0.0026  (VIOLATED)
   u_NV_NVDLA_cmac/u_core/u_mac_4/pp_out_l2n0_0_d2[11]
                              0.0856         0.0882        -0.0026  (VIOLATED)
       PIN :   u_NV_NVDLA_cmac/u_core/u_mac_4/pp_out_l2n0_0_d2_reg_11_/Q
                              0.0856         0.0882        -0.0026  (VIOLATED)
   u_NV_NVDLA_cmac/u_core/dat2_actv_nan[34]
                              0.0856         0.0882        -0.0026  (VIOLATED)
       PIN :   u_NV_NVDLA_cmac/u_core/u_active/dat_actv_nan_reg2_reg_34_/Q
                              0.0856         0.0882        -0.0026  (VIOLATED)
   u_NV_NVDLA_cmac/u_core/u_mac_0/pp_out_l2n6_0_d2[4]
                              0.0856         0.0881        -0.0026  (VIOLATED)
       PIN :   u_NV_NVDLA_cmac/u_core/u_mac_0/pp_out_l2n6_0_d2_reg_4_/Q
                              0.0856         0.0881        -0.0026  (VIOLATED)
   u_NV_NVDLA_cmac/u_core/u_active/wt7_sd_data[815]
                              0.0861         0.0886        -0.0026  (VIOLATED)
       PIN :   u_NV_NVDLA_cmac/u_core/u_active/wt7_sd_data_reg_815_/Q
                              0.0861         0.0886        -0.0026  (VIOLATED)
   u_NV_NVDLA_cmac/u_core/wt4_actv_data[128]
                              0.0861         0.0886        -0.0026  (VIOLATED)
       PIN :   u_NV_NVDLA_cmac/u_core/u_active/wt4_actv_data_reg_128_/Q
                              0.0861         0.0886        -0.0026  (VIOLATED)
   u_NV_NVDLA_cmac/u_core/dat4_actv_data[412]
                              0.0856         0.0881        -0.0025  (VIOLATED)
       PIN :   u_NV_NVDLA_cmac/u_core/u_active/dat_actv_data_reg4_reg_412_/Q
                              0.0856         0.0881        -0.0025  (VIOLATED)
   u_NV_NVDLA_cmac/u_core/u_mac_5/pp_out_l2n2_0_d2[12]
                              0.0856         0.0881        -0.0025  (VIOLATED)
       PIN :   u_NV_NVDLA_cmac/u_core/u_mac_5/pp_out_l2n2_0_d2_reg_12_/Q
                              0.0856         0.0881        -0.0025  (VIOLATED)
   u_NV_NVDLA_cmac/u_core/dat3_actv_data[59]
                              0.0856         0.0881        -0.0025  (VIOLATED)
       PIN :   u_NV_NVDLA_cmac/u_core/u_active/dat_actv_data_reg3_reg_59_/Q
                              0.0856         0.0881        -0.0025  (VIOLATED)
   u_NV_NVDLA_cmac/u_core/u_active/dat_pre_nan[25]
                              0.0861         0.0886        -0.0025  (VIOLATED)
       PIN :   u_NV_NVDLA_cmac/u_core/u_active/dat_pre_nan_reg_25_/Q
                              0.0861         0.0886        -0.0025  (VIOLATED)
   u_NV_NVDLA_cmac/u_core/u_active/wt0_sd_data[44]
                              0.0861         0.0886        -0.0025  (VIOLATED)
       PIN :   u_NV_NVDLA_cmac/u_core/u_active/wt0_sd_data_reg_44_/Q
                              0.0861         0.0886        -0.0025  (VIOLATED)
   u_NV_NVDLA_cmac/u_core/dat0_actv_data[488]
                              0.0856         0.0881        -0.0025  (VIOLATED)
       PIN :   u_NV_NVDLA_cmac/u_core/u_active/dat_actv_data_reg0_reg_488_/Q
                              0.0856         0.0881        -0.0025  (VIOLATED)
   u_NV_NVDLA_cmac/u_core/u_mac_5/pp_out_l2n7_1_d2[37]
                              0.0861         0.0886        -0.0025  (VIOLATED)
       PIN :   u_NV_NVDLA_cmac/u_core/u_mac_5/pp_out_l2n7_1_d2_reg_37_/Q
                              0.0861         0.0886        -0.0025  (VIOLATED)
   u_NV_NVDLA_cmac/u_core/u_mac_1/exp_sft_33[1]
                              0.0861         0.0885        -0.0025  (VIOLATED)
       PIN :   u_NV_NVDLA_cmac/u_core/u_mac_1/u_exp/exp_sft_33_reg_1_/Q
                              0.0861         0.0885        -0.0025  (VIOLATED)
   u_NV_NVDLA_cmac/u_core/u_mac_2/pp_out_l2n4_0_d2[13]
                              0.0856         0.0880        -0.0025  (VIOLATED)
       PIN :   u_NV_NVDLA_cmac/u_core/u_mac_2/pp_out_l2n4_0_d2_reg_13_/Q
                              0.0856         0.0880        -0.0025  (VIOLATED)
   u_NV_NVDLA_cmac/u_core/wt2_actv_data[929]
                              0.0861         0.0885        -0.0025  (VIOLATED)
       PIN :   u_NV_NVDLA_cmac/u_core/u_active/wt2_actv_data_reg_929_/Q
                              0.0861         0.0885        -0.0025  (VIOLATED)
   u_NV_NVDLA_cmac/u_core/u_active/wt_pre_mask[43]
                              0.0861         0.0885        -0.0025  (VIOLATED)
       PIN :   u_NV_NVDLA_cmac/u_core/u_active/wt_pre_mask_reg_43_/Q
                              0.0861         0.0885        -0.0025  (VIOLATED)
   u_NV_NVDLA_cmac/u_core/wt4_actv_data[831]
                              0.0861         0.0885        -0.0025  (VIOLATED)
       PIN :   u_NV_NVDLA_cmac/u_core/u_active/wt4_actv_data_reg_831_/Q
                              0.0861         0.0885        -0.0025  (VIOLATED)
   u_NV_NVDLA_cmac/u_core/dat3_actv_data[60]
                              0.0856         0.0880        -0.0025  (VIOLATED)
       PIN :   u_NV_NVDLA_cmac/u_core/u_active/dat_actv_data_reg3_reg_60_/Q
                              0.0856         0.0880        -0.0025  (VIOLATED)
   u_NV_NVDLA_cmac/u_core/dat5_actv_data[891]
                              0.0856         0.0880        -0.0025  (VIOLATED)
       PIN :   u_NV_NVDLA_cmac/u_core/u_active/dat_actv_data_reg5_reg_891_/Q
                              0.0856         0.0880        -0.0025  (VIOLATED)
   u_NV_NVDLA_cmac/u_core/u_mac_7/res_tag_b4_d1[59]
                              0.0856         0.0880        -0.0025  (VIOLATED)
       PIN :   u_NV_NVDLA_cmac/u_core/u_mac_7/res_tag_b4_d1_reg_59_/Q
                              0.0856         0.0880        -0.0025  (VIOLATED)
   u_NV_NVDLA_cmac/u_core/u_mac_2/res_tag_b3_d1[12]
                              0.0856         0.0880        -0.0025  (VIOLATED)
       PIN :   u_NV_NVDLA_cmac/u_core/u_mac_2/res_tag_b3_d1_reg_12_/Q
                              0.0856         0.0880        -0.0025  (VIOLATED)
   u_NV_NVDLA_cmac/u_core/u_mac_5/pp_out_l2n7_1_d2[26]
                              0.0861         0.0885        -0.0024  (VIOLATED)
       PIN :   u_NV_NVDLA_cmac/u_core/u_mac_5/pp_out_l2n7_1_d2_reg_26_/Q
                              0.0861         0.0885        -0.0024  (VIOLATED)
   u_NV_NVDLA_cmac/u_core/dat1_actv_data[649]
                              0.0856         0.0880        -0.0024  (VIOLATED)
       PIN :   u_NV_NVDLA_cmac/u_core/u_active/dat_actv_data_reg1_reg_649_/Q
                              0.0856         0.0880        -0.0024  (VIOLATED)
   u_NV_NVDLA_cmac/u_core/u_mac_0/pp_out_l2n4_0_d2[17]
                              0.0856         0.0880        -0.0024  (VIOLATED)
       PIN :   u_NV_NVDLA_cmac/u_core/u_mac_0/pp_out_l2n4_0_d2_reg_17_/Q
                              0.0856         0.0880        -0.0024  (VIOLATED)
   u_NV_NVDLA_cmac/u_core/wt5_actv_data[217]
                              0.0856         0.0880        -0.0024  (VIOLATED)
       PIN :   u_NV_NVDLA_cmac/u_core/u_active/wt5_actv_data_reg_217_/Q
                              0.0856         0.0880        -0.0024  (VIOLATED)
   u_NV_NVDLA_cmac/u_core/u_mac_3/exp_sft_19[3]
                              0.0861         0.0885        -0.0024  (VIOLATED)
       PIN :   u_NV_NVDLA_cmac/u_core/u_mac_3/u_exp/exp_sft_19_reg_3_/Q
                              0.0861         0.0885        -0.0024  (VIOLATED)
   u_NV_NVDLA_cmac/u_core/u_active/wt_pre_nz[52]
                              0.0856         0.0880        -0.0024  (VIOLATED)
       PIN :   u_NV_NVDLA_cmac/u_core/u_active/wt_pre_nz_reg_52_/Q
                              0.0856         0.0880        -0.0024  (VIOLATED)
   u_NV_NVDLA_cmac/u_core/u_mac_0/exp_sft_20[3]
                              0.0861         0.0885        -0.0024  (VIOLATED)
       PIN :   u_NV_NVDLA_cmac/u_core/u_mac_0/u_exp/exp_sft_20_reg_3_/Q
                              0.0861         0.0885        -0.0024  (VIOLATED)
   u_NV_NVDLA_cmac/u_core/wt5_actv_data[311]
                              0.0856         0.0880        -0.0024  (VIOLATED)
       PIN :   u_NV_NVDLA_cmac/u_core/u_active/wt5_actv_data_reg_311_/Q
                              0.0856         0.0880        -0.0024  (VIOLATED)
   u_NV_NVDLA_cmac/u_core/u_active/wt7_sd_data[813]
                              0.0861         0.0884        -0.0024  (VIOLATED)
       PIN :   u_NV_NVDLA_cmac/u_core/u_active/wt7_sd_data_reg_813_/Q
                              0.0861         0.0884        -0.0024  (VIOLATED)
   u_NV_NVDLA_cmac/u_core/dat6_actv_data[223]
                              0.0856         0.0880        -0.0024  (VIOLATED)
       PIN :   u_NV_NVDLA_cmac/u_core/u_active/dat_actv_data_reg6_reg_223_/Q
                              0.0856         0.0880        -0.0024  (VIOLATED)
   u_NV_NVDLA_cmac/u_core/u_mac_6/pp_out_l2n4_0_d2[10]
                              0.0856         0.0880        -0.0024  (VIOLATED)
       PIN :   u_NV_NVDLA_cmac/u_core/u_mac_6/pp_out_l2n4_0_d2_reg_10_/Q
                              0.0856         0.0880        -0.0024  (VIOLATED)
   u_NV_NVDLA_cmac/u_core/dat7_actv_data[760]
                              0.0856         0.0879        -0.0024  (VIOLATED)
       PIN :   u_NV_NVDLA_cmac/u_core/u_active/dat_actv_data_reg7_reg_760_/Q
                              0.0856         0.0879        -0.0024  (VIOLATED)
   u_NV_NVDLA_cmac/u_core/u_active/wt0_sd_data[522]
                              0.0861         0.0884        -0.0024  (VIOLATED)
       PIN :   u_NV_NVDLA_cmac/u_core/u_active/wt0_sd_data_reg_522_/Q
                              0.0861         0.0884        -0.0024  (VIOLATED)
   u_NV_NVDLA_cmac/u_core/u_mac_6/pp_out_l2n6_0_d2[20]
                              0.0856         0.0879        -0.0024  (VIOLATED)
       PIN :   u_NV_NVDLA_cmac/u_core/u_mac_6/pp_out_l2n6_0_d2_reg_20_/Q
                              0.0856         0.0879        -0.0024  (VIOLATED)
   u_NV_NVDLA_cmac/u_core/wt2_actv_data[141]
                              0.0856         0.0879        -0.0024  (VIOLATED)
       PIN :   u_NV_NVDLA_cmac/u_core/u_active/wt2_actv_data_reg_141_/Q
                              0.0856         0.0879        -0.0024  (VIOLATED)
   u_NV_NVDLA_cmac/u_core/u_mac_3/pp_out_l2n2_1_d2[10]
                              0.0856         0.0879        -0.0023  (VIOLATED)
       PIN :   u_NV_NVDLA_cmac/u_core/u_mac_3/pp_out_l2n2_1_d2_reg_10_/Q
                              0.0856         0.0879        -0.0023  (VIOLATED)
   u_NV_NVDLA_cmac/u_core/wt6_actv_data[939]
                              0.0856         0.0879        -0.0023  (VIOLATED)
       PIN :   u_NV_NVDLA_cmac/u_core/u_active/wt6_actv_data_reg_939_/Q
                              0.0856         0.0879        -0.0023  (VIOLATED)
   u_NV_NVDLA_cmac/u_core/u_active/dat_pre_data[698]
                              0.0856         0.0879        -0.0023  (VIOLATED)
       PIN :   u_NV_NVDLA_cmac/u_core/u_active/dat_pre_data_reg_698_/Q
                              0.0856         0.0879        -0.0023  (VIOLATED)
   u_NV_NVDLA_cmac/u_core/u_active/wt4_sd_nz[2]
                              0.0861         0.0884        -0.0023  (VIOLATED)
       PIN :   u_NV_NVDLA_cmac/u_core/u_active/wt4_sd_nz_reg_2_/Q
                              0.0861         0.0884        -0.0023  (VIOLATED)
   u_NV_NVDLA_cmac/u_core/dat4_actv_data[392]
                              0.0856         0.0879        -0.0023  (VIOLATED)
       PIN :   u_NV_NVDLA_cmac/u_core/u_active/dat_actv_data_reg4_reg_392_/Q
                              0.0856         0.0879        -0.0023  (VIOLATED)
   u_NV_NVDLA_cmac/u_core/wt1_actv_data[669]
                              0.0856         0.0879        -0.0023  (VIOLATED)
       PIN :   u_NV_NVDLA_cmac/u_core/u_active/wt1_actv_data_reg_669_/Q
                              0.0856         0.0879        -0.0023  (VIOLATED)
   u_NV_NVDLA_cmac/u_core/u_mac_3/pp_out_l2n0_0_d2[11]
                              0.0856         0.0879        -0.0023  (VIOLATED)
       PIN :   u_NV_NVDLA_cmac/u_core/u_mac_3/pp_out_l2n0_0_d2_reg_11_/Q
                              0.0856         0.0879        -0.0023  (VIOLATED)
   u_NV_NVDLA_cmac/u_core/u_active/wt_pre_exp[30]
                              0.0861         0.0884        -0.0023  (VIOLATED)
       PIN :   u_NV_NVDLA_cmac/u_core/u_active/wt_pre_exp_reg_30_/Q
                              0.0861         0.0884        -0.0023  (VIOLATED)
   u_NV_NVDLA_cmac/u_core/u_mac_3/pp_out_l2n2_0_d2[15]
                              0.0856         0.0879        -0.0023  (VIOLATED)
       PIN :   u_NV_NVDLA_cmac/u_core/u_mac_3/pp_out_l2n2_0_d2_reg_15_/Q
                              0.0856         0.0879        -0.0023  (VIOLATED)
   u_NV_NVDLA_cmac/u_core/u_active/wt2_sd_data[876]
                              0.0861         0.0884        -0.0023  (VIOLATED)
       PIN :   u_NV_NVDLA_cmac/u_core/u_active/wt2_sd_data_reg_876_/Q
                              0.0861         0.0884        -0.0023  (VIOLATED)
   u_NV_NVDLA_cmac/u_core/dat7_actv_data[682]
                              0.0856         0.0879        -0.0023  (VIOLATED)
       PIN :   u_NV_NVDLA_cmac/u_core/u_active/dat_actv_data_reg7_reg_682_/Q
                              0.0856         0.0879        -0.0023  (VIOLATED)
   u_NV_NVDLA_cmac/u_core/u_active/wt0_sd_data[632]
                              0.0861         0.0884        -0.0023  (VIOLATED)
       PIN :   u_NV_NVDLA_cmac/u_core/u_active/wt0_sd_data_reg_632_/Q
                              0.0861         0.0884        -0.0023  (VIOLATED)
   u_NV_NVDLA_cmac/u_core/wt2_actv_data[111]
                              0.0856         0.0879        -0.0023  (VIOLATED)
       PIN :   u_NV_NVDLA_cmac/u_core/u_active/wt2_actv_data_reg_111_/Q
                              0.0856         0.0879        -0.0023  (VIOLATED)
   u_NV_NVDLA_cmac/u_core/dat7_actv_data[763]
                              0.0856         0.0879        -0.0023  (VIOLATED)
       PIN :   u_NV_NVDLA_cmac/u_core/u_active/dat_actv_data_reg7_reg_763_/Q
                              0.0856         0.0879        -0.0023  (VIOLATED)
   u_NV_NVDLA_cmac/u_core/u_active/wt_pre_exp[155]
                              0.0861         0.0883        -0.0023  (VIOLATED)
       PIN :   u_NV_NVDLA_cmac/u_core/u_active/wt_pre_exp_reg_155_/Q
                              0.0861         0.0883        -0.0023  (VIOLATED)
   u_NV_NVDLA_cmac/u_core/dat5_actv_data[1018]
                              0.0856         0.0879        -0.0023  (VIOLATED)
       PIN :   u_NV_NVDLA_cmac/u_core/u_active/dat_actv_data_reg5_reg_1018_/Q
                              0.0856         0.0879        -0.0023  (VIOLATED)
   u_NV_NVDLA_cmac/u_core/wt7_actv_data[375]
                              0.0856         0.0879        -0.0023  (VIOLATED)
       PIN :   u_NV_NVDLA_cmac/u_core/u_active/wt7_actv_data_reg_375_/Q
                              0.0856         0.0879        -0.0023  (VIOLATED)
   u_NV_NVDLA_cmac/u_core/dat1_actv_data[539]
                              0.0856         0.0878        -0.0023  (VIOLATED)
       PIN :   u_NV_NVDLA_cmac/u_core/u_active/dat_actv_data_reg1_reg_539_/Q
                              0.0856         0.0878        -0.0023  (VIOLATED)
   u_NV_NVDLA_cmac/u_core/u_mac_3/pp_out_l2n6_0_d2[9]
                              0.0856         0.0878        -0.0023  (VIOLATED)
       PIN :   u_NV_NVDLA_cmac/u_core/u_mac_3/pp_out_l2n6_0_d2_reg_9_/Q
                              0.0856         0.0878        -0.0023  (VIOLATED)
   u_NV_NVDLA_cmac/u_core/u_mac_1/pp_out_l2n2_1_d2[17]
                              0.0856         0.0878        -0.0023  (VIOLATED)
       PIN :   u_NV_NVDLA_cmac/u_core/u_mac_1/pp_out_l2n2_1_d2_reg_17_/Q
                              0.0856         0.0878        -0.0023  (VIOLATED)
   u_NV_NVDLA_cmac/u_core/dat6_actv_data[123]
                              0.0856         0.0878        -0.0023  (VIOLATED)
       PIN :   u_NV_NVDLA_cmac/u_core/u_active/dat_actv_data_reg6_reg_123_/Q
                              0.0856         0.0878        -0.0023  (VIOLATED)
   u_NV_NVDLA_cmac/u_core/u_active/dat_pre_data[577]
                              0.0861         0.0883        -0.0022  (VIOLATED)
       PIN :   u_NV_NVDLA_cmac/u_core/u_active/dat_pre_data_reg_577_/Q
                              0.0861         0.0883        -0.0022  (VIOLATED)
   u_NV_NVDLA_cmac/u_core/dat3_actv_data[26]
                              0.0856         0.0878        -0.0022  (VIOLATED)
       PIN :   u_NV_NVDLA_cmac/u_core/u_active/dat_actv_data_reg3_reg_26_/Q
                              0.0856         0.0878        -0.0022  (VIOLATED)
   u_NV_NVDLA_cmac/u_core/dat2_pre_exp[176]
                              0.0856         0.0878        -0.0022  (VIOLATED)
       PIN :   u_NV_NVDLA_cmac/u_core/u_active/dat_pre_exp_reg2_reg_176_/Q
                              0.0856         0.0878        -0.0022  (VIOLATED)
   u_NV_NVDLA_cmac/u_core/u_active/wt0_sd_data[573]
                              0.0861         0.0883        -0.0022  (VIOLATED)
       PIN :   u_NV_NVDLA_cmac/u_core/u_active/wt0_sd_data_reg_573_/Q
                              0.0861         0.0883        -0.0022  (VIOLATED)
   u_NV_NVDLA_cmac/u_core/wt6_actv_data[533]
                              0.0856         0.0878        -0.0022  (VIOLATED)
       PIN :   u_NV_NVDLA_cmac/u_core/u_active/wt6_actv_data_reg_533_/Q
                              0.0856         0.0878        -0.0022  (VIOLATED)
   u_NV_NVDLA_cmac/u_core/u_active/wt0_sd_data[24]
                              0.0861         0.0883        -0.0022  (VIOLATED)
       PIN :   u_NV_NVDLA_cmac/u_core/u_active/wt0_sd_data_reg_24_/Q
                              0.0861         0.0883        -0.0022  (VIOLATED)
   u_NV_NVDLA_cmac/u_core/u_mac_7/pp_out_l2n2_1_d2[16]
                              0.0856         0.0878        -0.0022  (VIOLATED)
       PIN :   u_NV_NVDLA_cmac/u_core/u_mac_7/pp_out_l2n2_1_d2_reg_16_/Q
                              0.0856         0.0878        -0.0022  (VIOLATED)
   u_NV_NVDLA_cmac/u_core/u_mac_5/res_tag_b1_d1[14]
                              0.0856         0.0878        -0.0022  (VIOLATED)
       PIN :   u_NV_NVDLA_cmac/u_core/u_mac_5/res_tag_b1_d1_reg_14_/Q
                              0.0856         0.0878        -0.0022  (VIOLATED)
   u_NV_NVDLA_cmac/u_core/wt7_actv_data[377]
                              0.0856         0.0878        -0.0022  (VIOLATED)
       PIN :   u_NV_NVDLA_cmac/u_core/u_active/wt7_actv_data_reg_377_/Q
                              0.0856         0.0878        -0.0022  (VIOLATED)
   u_NV_NVDLA_cmac/u_core/wt6_actv_data[245]
                              0.0856         0.0877        -0.0022  (VIOLATED)
       PIN :   u_NV_NVDLA_cmac/u_core/u_active/wt6_actv_data_reg_245_/Q
                              0.0856         0.0877        -0.0022  (VIOLATED)
   u_NV_NVDLA_cmac/u_core/dat4_actv_data[393]
                              0.0856         0.0877        -0.0022  (VIOLATED)
       PIN :   u_NV_NVDLA_cmac/u_core/u_active/dat_actv_data_reg4_reg_393_/Q
                              0.0856         0.0877        -0.0022  (VIOLATED)
   u_NV_NVDLA_cmac/u_core/dat3_actv_data[991]
                              0.0856         0.0877        -0.0022  (VIOLATED)
       PIN :   u_NV_NVDLA_cmac/u_core/u_active/dat_actv_data_reg3_reg_991_/Q
                              0.0856         0.0877        -0.0022  (VIOLATED)
   u_NV_NVDLA_cmac/u_core/u_active/dat_pre_data[339]
                              0.0861         0.0882        -0.0022  (VIOLATED)
       PIN :   u_NV_NVDLA_cmac/u_core/u_active/dat_pre_data_reg_339_/Q
                              0.0861         0.0882        -0.0022  (VIOLATED)
   u_NV_NVDLA_cmac/u_core/dat3_actv_data[1000]
                              0.0856         0.0877        -0.0022  (VIOLATED)
       PIN :   u_NV_NVDLA_cmac/u_core/u_active/dat_actv_data_reg3_reg_1000_/Q
                              0.0856         0.0877        -0.0022  (VIOLATED)
   u_NV_NVDLA_cmac/u_core/u_mac_5/pp_out_l2n4_0_d2[25]
                              0.0861         0.0882        -0.0021  (VIOLATED)
       PIN :   u_NV_NVDLA_cmac/u_core/u_mac_5/pp_out_l2n4_0_d2_reg_25_/Q
                              0.0861         0.0882        -0.0021  (VIOLATED)
   u_NV_NVDLA_cmac/u_core/u_mac_4/pp_out_l2n4_1_d2[17]
                              0.0856         0.0877        -0.0021  (VIOLATED)
       PIN :   u_NV_NVDLA_cmac/u_core/u_mac_4/pp_out_l2n4_1_d2_reg_17_/Q
                              0.0856         0.0877        -0.0021  (VIOLATED)
   u_NV_NVDLA_cmac/u_core/u_mac_5/pp_out_l2n4_1_d2[9]
                              0.0856         0.0877        -0.0021  (VIOLATED)
       PIN :   u_NV_NVDLA_cmac/u_core/u_mac_5/pp_out_l2n4_1_d2_reg_9_/Q
                              0.0856         0.0877        -0.0021  (VIOLATED)
   u_NV_NVDLA_cmac/u_core/u_mac_4/pp_out_l2n0_0_d2[16]
                              0.0856         0.0877        -0.0021  (VIOLATED)
       PIN :   u_NV_NVDLA_cmac/u_core/u_mac_4/pp_out_l2n0_0_d2_reg_16_/Q
                              0.0856         0.0877        -0.0021  (VIOLATED)
   u_NV_NVDLA_cmac/u_core/u_mac_6/pp_out_l2n1_0_d2[0]
                              0.0856         0.0877        -0.0021  (VIOLATED)
       PIN :   u_NV_NVDLA_cmac/u_core/u_mac_6/pp_out_l2n1_0_d2_reg_0_/Q
                              0.0856         0.0877        -0.0021  (VIOLATED)
   u_NV_NVDLA_cmac/u_core/wt4_actv_data[43]
                              0.0856         0.0877        -0.0021  (VIOLATED)
       PIN :   u_NV_NVDLA_cmac/u_core/u_active/wt4_actv_data_reg_43_/Q
                              0.0856         0.0877        -0.0021  (VIOLATED)
   u_NV_NVDLA_cmac/u_core/wt6_actv_data[375]
                              0.0856         0.0877        -0.0021  (VIOLATED)
       PIN :   u_NV_NVDLA_cmac/u_core/u_active/wt6_actv_data_reg_375_/Q
                              0.0856         0.0877        -0.0021  (VIOLATED)
   u_NV_NVDLA_cmac/u_core/u_active/wt1_sd_data[286]
                              0.0861         0.0882        -0.0021  (VIOLATED)
       PIN :   u_NV_NVDLA_cmac/u_core/u_active/wt1_sd_data_reg_286_/Q
                              0.0861         0.0882        -0.0021  (VIOLATED)
   u_NV_NVDLA_cmac/u_core/u_mac_3/pp_out_l2n6_0_d2[16]
                              0.0856         0.0877        -0.0021  (VIOLATED)
       PIN :   u_NV_NVDLA_cmac/u_core/u_mac_3/pp_out_l2n6_0_d2_reg_16_/Q
                              0.0856         0.0877        -0.0021  (VIOLATED)
   u_NV_NVDLA_cmac/u_core/dat1_actv_data[346]
                              0.0856         0.0877        -0.0021  (VIOLATED)
       PIN :   u_NV_NVDLA_cmac/u_core/u_active/dat_actv_data_reg1_reg_346_/Q
                              0.0856         0.0877        -0.0021  (VIOLATED)
   u_NV_NVDLA_cmac/u_core/u_mac_4/exp_sft_54[3]
                              0.0861         0.0881        -0.0021  (VIOLATED)
       PIN :   u_NV_NVDLA_cmac/u_core/u_mac_4/u_exp/exp_sft_54_reg_3_/Q
                              0.0861         0.0881        -0.0021  (VIOLATED)
   u_NV_NVDLA_cmac/u_core/u_mac_4/pp_out_l2n2_1_d2[4]
                              0.0856         0.0877        -0.0021  (VIOLATED)
       PIN :   u_NV_NVDLA_cmac/u_core/u_mac_4/pp_out_l2n2_1_d2_reg_4_/Q
                              0.0856         0.0877        -0.0021  (VIOLATED)
   u_NV_NVDLA_cmac/u_core/u_mac_5/pp_out_l2n7_0_d2[36]
                              0.0861         0.0881        -0.0021  (VIOLATED)
       PIN :   u_NV_NVDLA_cmac/u_core/u_mac_5/pp_out_l2n7_0_d2_reg_36_/Q
                              0.0861         0.0881        -0.0021  (VIOLATED)
   u_NV_NVDLA_cmac/u_core/dat6_actv_data[799]
                              0.0856         0.0877        -0.0021  (VIOLATED)
       PIN :   u_NV_NVDLA_cmac/u_core/u_active/dat_actv_data_reg6_reg_799_/Q
                              0.0856         0.0877        -0.0021  (VIOLATED)
   u_NV_NVDLA_cmac/u_core/u_active/wt0_sd_data[317]
                              0.0861         0.0881        -0.0021  (VIOLATED)
       PIN :   u_NV_NVDLA_cmac/u_core/u_active/wt0_sd_data_reg_317_/Q
                              0.0861         0.0881        -0.0021  (VIOLATED)
   u_NV_NVDLA_cmac/u_core/u_mac_1/pp_out_l2n2_1_d2[16]
                              0.0856         0.0876        -0.0021  (VIOLATED)
       PIN :   u_NV_NVDLA_cmac/u_core/u_mac_1/pp_out_l2n2_1_d2_reg_16_/Q
                              0.0856         0.0876        -0.0021  (VIOLATED)
   u_NV_NVDLA_cmac/u_core/dat3_actv_data[491]
                              0.0856         0.0876        -0.0021  (VIOLATED)
       PIN :   u_NV_NVDLA_cmac/u_core/u_active/dat_actv_data_reg3_reg_491_/Q
                              0.0856         0.0876        -0.0021  (VIOLATED)
   u_NV_NVDLA_cmac/u_core/u_active/wt1_sd_data[261]
                              0.0861         0.0881        -0.0021  (VIOLATED)
       PIN :   u_NV_NVDLA_cmac/u_core/u_active/wt1_sd_data_reg_261_/Q
                              0.0861         0.0881        -0.0021  (VIOLATED)
   u_NV_NVDLA_cmac/u_core/u_active/wt7_sd_data[416]
                              0.0861         0.0881        -0.0021  (VIOLATED)
       PIN :   u_NV_NVDLA_cmac/u_core/u_active/wt7_sd_data_reg_416_/Q
                              0.0861         0.0881        -0.0021  (VIOLATED)
   u_NV_NVDLA_cmac/u_core/u_mac_1/pp_out_l2n1_0_d2[13]
                              0.0856         0.0876        -0.0021  (VIOLATED)
       PIN :   u_NV_NVDLA_cmac/u_core/u_mac_1/pp_out_l2n1_0_d2_reg_13_/Q
                              0.0856         0.0876        -0.0021  (VIOLATED)
   u_NV_NVDLA_cmac/u_core/u_active/dat_pre_nz[10]
                              0.0856         0.0876        -0.0020  (VIOLATED)
       PIN :   u_NV_NVDLA_cmac/u_core/u_active/dat_pre_nz_reg_10_/Q
                              0.0856         0.0876        -0.0020  (VIOLATED)
   u_NV_NVDLA_cmac/u_core/u_active/wt7_sd_data[449]
                              0.0861         0.0881        -0.0020  (VIOLATED)
       PIN :   u_NV_NVDLA_cmac/u_core/u_active/wt7_sd_data_reg_449_/Q
                              0.0861         0.0881        -0.0020  (VIOLATED)
   u_NV_NVDLA_cmac/u_core/u_active/wt4_sd_data[529]
                              0.0861         0.0881        -0.0020  (VIOLATED)
       PIN :   u_NV_NVDLA_cmac/u_core/u_active/wt4_sd_data_reg_529_/Q
                              0.0861         0.0881        -0.0020  (VIOLATED)
   u_NV_NVDLA_cmac/u_core/u_mac_7/res_tag_b1_d1[42]
                              0.0856         0.0876        -0.0020  (VIOLATED)
       PIN :   u_NV_NVDLA_cmac/u_core/u_mac_7/res_tag_b1_d1_reg_42_/Q
                              0.0856         0.0876        -0.0020  (VIOLATED)
   u_NV_NVDLA_cmac/u_core/u_active/wt1_sd_data[280]
                              0.0861         0.0881        -0.0020  (VIOLATED)
       PIN :   u_NV_NVDLA_cmac/u_core/u_active/wt1_sd_data_reg_280_/Q
                              0.0861         0.0881        -0.0020  (VIOLATED)
   u_NV_NVDLA_cmac/u_core/wt2_actv_data[797]
                              0.0856         0.0876        -0.0020  (VIOLATED)
       PIN :   u_NV_NVDLA_cmac/u_core/u_active/wt2_actv_data_reg_797_/Q
                              0.0856         0.0876        -0.0020  (VIOLATED)
   u_NV_NVDLA_cmac/u_core/u_mac_4/res_tag_b5_d1[17]
                              0.0856         0.0876        -0.0020  (VIOLATED)
       PIN :   u_NV_NVDLA_cmac/u_core/u_mac_4/res_tag_b5_d1_reg_17_/Q
                              0.0856         0.0876        -0.0020  (VIOLATED)
   u_NV_NVDLA_cmac/u_core/u_mac_0/pp_out_l2n5_0_d2[9]
                              0.0856         0.0876        -0.0020  (VIOLATED)
       PIN :   u_NV_NVDLA_cmac/u_core/u_mac_0/pp_out_l2n5_0_d2_reg_9_/Q
                              0.0856         0.0876        -0.0020  (VIOLATED)
   u_NV_NVDLA_cmac/u_core/u_active/wt_pre_mask[47]
                              0.0861         0.0881        -0.0020  (VIOLATED)
       PIN :   u_NV_NVDLA_cmac/u_core/u_active/wt_pre_mask_reg_47_/Q
                              0.0861         0.0881        -0.0020  (VIOLATED)
   u_NV_NVDLA_cmac/u_core/u_mac_0/pp_out_l2n6_1_d2[3]
                              0.0856         0.0876        -0.0020  (VIOLATED)
       PIN :   u_NV_NVDLA_cmac/u_core/u_mac_0/pp_out_l2n6_1_d2_reg_3_/Q
                              0.0856         0.0876        -0.0020  (VIOLATED)
   u_NV_NVDLA_cmac/u_core/wt0_actv_data[383]
                              0.0861         0.0880        -0.0020  (VIOLATED)
       PIN :   u_NV_NVDLA_cmac/u_core/u_active/wt0_actv_data_reg_383_/Q
                              0.0861         0.0880        -0.0020  (VIOLATED)
   u_NV_NVDLA_cmac/u_core/u_active/dat_pre_data[661]
                              0.0856         0.0876        -0.0020  (VIOLATED)
       PIN :   u_NV_NVDLA_cmac/u_core/u_active/dat_pre_data_reg_661_/Q
                              0.0856         0.0876        -0.0020  (VIOLATED)
   u_NV_NVDLA_cmac/u_core/u_mac_3/pp_out_l2n2_1_d2[18]
                              0.0856         0.0876        -0.0020  (VIOLATED)
       PIN :   u_NV_NVDLA_cmac/u_core/u_mac_3/pp_out_l2n2_1_d2_reg_18_/Q
                              0.0856         0.0876        -0.0020  (VIOLATED)
   u_NV_NVDLA_cmac/u_core/u_mac_0/pp_out_l2n5_1_d2[18]
                              0.0856         0.0875        -0.0020  (VIOLATED)
       PIN :   u_NV_NVDLA_cmac/u_core/u_mac_0/pp_out_l2n5_1_d2_reg_18_/Q
                              0.0856         0.0875        -0.0020  (VIOLATED)
   u_NV_NVDLA_cmac/u_core/u_active/dat_pre_data[679]
                              0.0861         0.0880        -0.0020  (VIOLATED)
       PIN :   u_NV_NVDLA_cmac/u_core/u_active/dat_pre_data_reg_679_/Q
                              0.0861         0.0880        -0.0020  (VIOLATED)
   u_NV_NVDLA_cmac/u_core/u_active/dat_pre_data[480]
                              0.0861         0.0880        -0.0020  (VIOLATED)
       PIN :   u_NV_NVDLA_cmac/u_core/u_active/dat_pre_data_reg_480_/Q
                              0.0861         0.0880        -0.0020  (VIOLATED)
   u_NV_NVDLA_cmac/u_core/u_mac_1/pp_out_l2n2_0_d2[8]
                              0.0856         0.0875        -0.0020  (VIOLATED)
       PIN :   u_NV_NVDLA_cmac/u_core/u_mac_1/pp_out_l2n2_0_d2_reg_8_/Q
                              0.0856         0.0875        -0.0020  (VIOLATED)
   u_NV_NVDLA_cmac/u_core/u_mac_4/pp_out_l2n1_0_d2[19]
                              0.0856         0.0875        -0.0020  (VIOLATED)
       PIN :   u_NV_NVDLA_cmac/u_core/u_mac_4/pp_out_l2n1_0_d2_reg_19_/Q
                              0.0856         0.0875        -0.0020  (VIOLATED)
   u_NV_NVDLA_cmac/u_core/u_mac_6/pp_out_l2n4_0_d2[12]
                              0.0856         0.0875        -0.0020  (VIOLATED)
       PIN :   u_NV_NVDLA_cmac/u_core/u_mac_6/pp_out_l2n4_0_d2_reg_12_/Q
                              0.0856         0.0875        -0.0020  (VIOLATED)
   u_NV_NVDLA_cmac/u_core/wt6_actv_data[477]
                              0.0856         0.0875        -0.0020  (VIOLATED)
       PIN :   u_NV_NVDLA_cmac/u_core/u_active/wt6_actv_data_reg_477_/Q
                              0.0856         0.0875        -0.0020  (VIOLATED)
   u_NV_NVDLA_cmac/u_core/u_mac_1/pp_out_l2n3_0_d2[15]
                              0.0856         0.0875        -0.0020  (VIOLATED)
       PIN :   u_NV_NVDLA_cmac/u_core/u_mac_1/pp_out_l2n3_0_d2_reg_15_/Q
                              0.0856         0.0875        -0.0020  (VIOLATED)
   u_NV_NVDLA_cmac/u_core/wt7_actv_data[725]
                              0.0856         0.0875        -0.0020  (VIOLATED)
       PIN :   u_NV_NVDLA_cmac/u_core/u_active/wt7_actv_data_reg_725_/Q
                              0.0856         0.0875        -0.0020  (VIOLATED)
   u_NV_NVDLA_cmac/u_core/u_mac_4/pp_out_l0n09_0_d1[14]
                              0.0856         0.0875        -0.0020  (VIOLATED)
       PIN :   u_NV_NVDLA_cmac/u_core/u_mac_4/pp_out_l0n09_0_d1_reg_14_/Q
                              0.0856         0.0875        -0.0020  (VIOLATED)
   u_NV_NVDLA_cmac/u_core/wt6_actv_data[311]
                              0.0856         0.0875        -0.0019  (VIOLATED)
       PIN :   u_NV_NVDLA_cmac/u_core/u_active/wt6_actv_data_reg_311_/Q
                              0.0856         0.0875        -0.0019  (VIOLATED)
   u_NV_NVDLA_cmac/u_core/wt7_actv_data[902]
                              0.0856         0.0875        -0.0019  (VIOLATED)
       PIN :   u_NV_NVDLA_cmac/u_core/u_active/wt7_actv_data_reg_902_/Q
                              0.0856         0.0875        -0.0019  (VIOLATED)
   u_NV_NVDLA_cmac/u_core/wt3_actv_data[313]
                              0.0856         0.0875        -0.0019  (VIOLATED)
       PIN :   u_NV_NVDLA_cmac/u_core/u_active/wt3_actv_data_reg_313_/Q
                              0.0856         0.0875        -0.0019  (VIOLATED)
   u_NV_NVDLA_cmac/u_core/wt6_actv_data[727]
                              0.0856         0.0875        -0.0019  (VIOLATED)
       PIN :   u_NV_NVDLA_cmac/u_core/u_active/wt6_actv_data_reg_727_/Q
                              0.0856         0.0875        -0.0019  (VIOLATED)
   u_NV_NVDLA_cmac/u_core/wt1_actv_data[9]
                              0.0856         0.0875        -0.0019  (VIOLATED)
       PIN :   u_NV_NVDLA_cmac/u_core/u_active/wt1_actv_data_reg_9_/Q
                              0.0856         0.0875        -0.0019  (VIOLATED)
   u_NV_NVDLA_cmac/u_core/wt4_actv_data[129]
                              0.0861         0.0880        -0.0019  (VIOLATED)
       PIN :   u_NV_NVDLA_cmac/u_core/u_active/wt4_actv_data_reg_129_/Q
                              0.0861         0.0880        -0.0019  (VIOLATED)
   u_NV_NVDLA_cmac/u_core/dat6_actv_data[427]
                              0.0856         0.0875        -0.0019  (VIOLATED)
       PIN :   u_NV_NVDLA_cmac/u_core/u_active/dat_actv_data_reg6_reg_427_/Q
                              0.0856         0.0875        -0.0019  (VIOLATED)
   u_NV_NVDLA_cmac/u_core/u_mac_4/pp_out_l2n5_1_d2[19]
                              0.0856         0.0875        -0.0019  (VIOLATED)
       PIN :   u_NV_NVDLA_cmac/u_core/u_mac_4/pp_out_l2n5_1_d2_reg_19_/Q
                              0.0856         0.0875        -0.0019  (VIOLATED)
   u_NV_NVDLA_cmac/u_core/dat1_actv_nan[8]
                              0.0856         0.0875        -0.0019  (VIOLATED)
       PIN :   u_NV_NVDLA_cmac/u_core/u_active/dat_actv_nan_reg1_reg_8_/Q
                              0.0856         0.0875        -0.0019  (VIOLATED)
   u_NV_NVDLA_cmac/u_core/u_active/wt4_sd_data[816]
                              0.0861         0.0880        -0.0019  (VIOLATED)
       PIN :   u_NV_NVDLA_cmac/u_core/u_active/wt4_sd_data_reg_816_/Q
                              0.0861         0.0880        -0.0019  (VIOLATED)
   u_NV_NVDLA_cmac/u_core/u_active/wt1_sd_data[897]
                              0.0861         0.0880        -0.0019  (VIOLATED)
       PIN :   u_NV_NVDLA_cmac/u_core/u_active/wt1_sd_data_reg_897_/Q
                              0.0861         0.0880        -0.0019  (VIOLATED)
   u_NV_NVDLA_cmac/u_core/u_mac_7/pp_out_l2n1_1_d2[20]
                              0.0856         0.0875        -0.0019  (VIOLATED)
       PIN :   u_NV_NVDLA_cmac/u_core/u_mac_7/pp_out_l2n1_1_d2_reg_20_/Q
                              0.0856         0.0875        -0.0019  (VIOLATED)
   u_NV_NVDLA_cmac/u_core/u_mac_1/pp_out_l0n14_0_d1[1]
                              0.0856         0.0875        -0.0019  (VIOLATED)
       PIN :   u_NV_NVDLA_cmac/u_core/u_mac_1/pp_out_l0n14_0_d1_reg_1_/Q
                              0.0856         0.0875        -0.0019  (VIOLATED)
   u_NV_NVDLA_cmac/u_core/u_active/wt4_sd_data[771]
                              0.0861         0.0880        -0.0019  (VIOLATED)
       PIN :   u_NV_NVDLA_cmac/u_core/u_active/wt4_sd_data_reg_771_/Q
                              0.0861         0.0880        -0.0019  (VIOLATED)
   u_NV_NVDLA_cmac/u_core/u_mac_2/pp_out_l2n1_1_d2[7]
                              0.0856         0.0875        -0.0019  (VIOLATED)
       PIN :   u_NV_NVDLA_cmac/u_core/u_mac_2/pp_out_l2n1_1_d2_reg_7_/Q
                              0.0856         0.0875        -0.0019  (VIOLATED)
   u_NV_NVDLA_cmac/u_core/u_mac_0/pp_out_l0n10_1_d1[10]
                              0.0856         0.0875        -0.0019  (VIOLATED)
       PIN :   u_NV_NVDLA_cmac/u_core/u_mac_0/pp_out_l0n10_1_d1_reg_10_/Q
                              0.0856         0.0875        -0.0019  (VIOLATED)
   u_NV_NVDLA_cmac/u_core/dat2_actv_data[173]
                              0.0856         0.0874        -0.0019  (VIOLATED)
       PIN :   u_NV_NVDLA_cmac/u_core/u_active/dat_actv_data_reg2_reg_173_/Q
                              0.0856         0.0874        -0.0019  (VIOLATED)
   u_NV_NVDLA_cmac/u_core/u_mac_3/pp_out_l2n1_1_d2[20]
                              0.0856         0.0874        -0.0019  (VIOLATED)
       PIN :   u_NV_NVDLA_cmac/u_core/u_mac_3/pp_out_l2n1_1_d2_reg_20_/Q
                              0.0856         0.0874        -0.0019  (VIOLATED)
   u_NV_NVDLA_cmac/u_core/dat3_actv_nan[58]
                              0.0856         0.0874        -0.0019  (VIOLATED)
       PIN :   u_NV_NVDLA_cmac/u_core/u_active/dat_actv_nan_reg3_reg_58_/Q
                              0.0856         0.0874        -0.0019  (VIOLATED)
   u_NV_NVDLA_cmac/u_core/u_mac_4/pp_out_l2n1_1_d2[4]
                              0.0856         0.0874        -0.0019  (VIOLATED)
       PIN :   u_NV_NVDLA_cmac/u_core/u_mac_4/pp_out_l2n1_1_d2_reg_4_/Q
                              0.0856         0.0874        -0.0019  (VIOLATED)
   u_NV_NVDLA_cmac/u_core/u_mac_4/pp_out_l0n09_0_d1[15]
                              0.0856         0.0874        -0.0019  (VIOLATED)
       PIN :   u_NV_NVDLA_cmac/u_core/u_mac_4/pp_out_l0n09_0_d1_reg_15_/Q
                              0.0856         0.0874        -0.0019  (VIOLATED)
   u_NV_NVDLA_cmac/u_core/u_active/wt0_sd_data[544]
                              0.0861         0.0879        -0.0019  (VIOLATED)
       PIN :   u_NV_NVDLA_cmac/u_core/u_active/wt0_sd_data_reg_544_/Q
                              0.0861         0.0879        -0.0019  (VIOLATED)
   u_NV_NVDLA_cmac/u_core/dat6_actv_data[122]
                              0.0856         0.0874        -0.0019  (VIOLATED)
       PIN :   u_NV_NVDLA_cmac/u_core/u_active/dat_actv_data_reg6_reg_122_/Q
                              0.0856         0.0874        -0.0019  (VIOLATED)
   u_NV_NVDLA_cmac/u_core/u_mac_1/exp_sft_02[3]
                              0.0861         0.0879        -0.0019  (VIOLATED)
       PIN :   u_NV_NVDLA_cmac/u_core/u_mac_1/u_exp/exp_sft_02_reg_3_/Q
                              0.0861         0.0879        -0.0019  (VIOLATED)
   u_NV_NVDLA_cmac/u_core/wt2_actv_data[298]
                              0.0856         0.0874        -0.0019  (VIOLATED)
       PIN :   u_NV_NVDLA_cmac/u_core/u_active/wt2_actv_data_reg_298_/Q
                              0.0856         0.0874        -0.0019  (VIOLATED)
   u_NV_NVDLA_cmac/u_core/dat1_actv_data[651]
                              0.0856         0.0874        -0.0018  (VIOLATED)
       PIN :   u_NV_NVDLA_cmac/u_core/u_active/dat_actv_data_reg1_reg_651_/Q
                              0.0856         0.0874        -0.0018  (VIOLATED)
   u_NV_NVDLA_cmac/u_core/u_mac_1/pp_out_l2n7_0_d2[3]
                              0.0856         0.0874        -0.0018  (VIOLATED)
       PIN :   u_NV_NVDLA_cmac/u_core/u_mac_1/pp_out_l2n7_0_d2_reg_3_/Q
                              0.0856         0.0874        -0.0018  (VIOLATED)
   u_NV_NVDLA_cmac/u_core/u_mac_1/pp_out_l0n01_1_d1[4]
                              0.0856         0.0874        -0.0018  (VIOLATED)
       PIN :   u_NV_NVDLA_cmac/u_core/u_mac_1/pp_out_l0n01_1_d1_reg_4_/Q
                              0.0856         0.0874        -0.0018  (VIOLATED)
   u_NV_NVDLA_cmac/u_core/u_mac_3/pp_out_l2n2_1_d2[19]
                              0.0856         0.0874        -0.0018  (VIOLATED)
       PIN :   u_NV_NVDLA_cmac/u_core/u_mac_3/pp_out_l2n2_1_d2_reg_19_/Q
                              0.0856         0.0874        -0.0018  (VIOLATED)
   u_NV_NVDLA_cmac/u_core/dat1_actv_data[283]
                              0.0856         0.0874        -0.0018  (VIOLATED)
       PIN :   u_NV_NVDLA_cmac/u_core/u_active/dat_actv_data_reg1_reg_283_/Q
                              0.0856         0.0874        -0.0018  (VIOLATED)
   u_NV_NVDLA_cmac/u_core/dat1_actv_data[379]
                              0.0856         0.0874        -0.0018  (VIOLATED)
       PIN :   u_NV_NVDLA_cmac/u_core/u_active/dat_actv_data_reg1_reg_379_/Q
                              0.0856         0.0874        -0.0018  (VIOLATED)
   u_NV_NVDLA_cmac/u_core/u_active/wt0_sd_data[263]
                              0.0861         0.0879        -0.0018  (VIOLATED)
       PIN :   u_NV_NVDLA_cmac/u_core/u_active/wt0_sd_data_reg_263_/Q
                              0.0861         0.0879        -0.0018  (VIOLATED)
   u_NV_NVDLA_cmac/u_core/u_mac_5/n4908
                              0.0861         0.0879        -0.0018  (VIOLATED)
       PIN :   u_NV_NVDLA_cmac/u_core/u_mac_5/mac_out_data_reg_75_/Q
                              0.0861         0.0879        -0.0018  (VIOLATED)
   u_NV_NVDLA_cmac/u_core/dat5_actv_data[169]
                              0.0856         0.0874        -0.0018  (VIOLATED)
       PIN :   u_NV_NVDLA_cmac/u_core/u_active/dat_actv_data_reg5_reg_169_/Q
                              0.0856         0.0874        -0.0018  (VIOLATED)
   u_NV_NVDLA_cmac/u_core/u_mac_3/pp_out_l0n02_0_d1[15]
                              0.0856         0.0874        -0.0018  (VIOLATED)
       PIN :   u_NV_NVDLA_cmac/u_core/u_mac_3/pp_out_l0n02_0_d1_reg_15_/Q
                              0.0856         0.0874        -0.0018  (VIOLATED)
   u_NV_NVDLA_cmac/u_core/u_active/wt_pre_exp[33]
                              0.0861         0.0879        -0.0018  (VIOLATED)
       PIN :   u_NV_NVDLA_cmac/u_core/u_active/wt_pre_exp_reg_33_/Q
                              0.0861         0.0879        -0.0018  (VIOLATED)
   u_NV_NVDLA_cmac/u_core/u_mac_2/pp_out_l2n2_1_d2[5]
                              0.0856         0.0874        -0.0018  (VIOLATED)
       PIN :   u_NV_NVDLA_cmac/u_core/u_mac_2/pp_out_l2n2_1_d2_reg_5_/Q
                              0.0856         0.0874        -0.0018  (VIOLATED)
   u_NV_NVDLA_cmac/u_core/u_mac_6/pp_out_l2n5_0_d2[12]
                              0.0856         0.0874        -0.0018  (VIOLATED)
       PIN :   u_NV_NVDLA_cmac/u_core/u_mac_6/pp_out_l2n5_0_d2_reg_12_/Q
                              0.0856         0.0874        -0.0018  (VIOLATED)
   u_NV_NVDLA_cmac/u_core/u_active/wt0_sd_data[617]
                              0.0861         0.0879        -0.0018  (VIOLATED)
       PIN :   u_NV_NVDLA_cmac/u_core/u_active/wt0_sd_data_reg_617_/Q
                              0.0861         0.0879        -0.0018  (VIOLATED)
   u_NV_NVDLA_cmac/u_core/u_mac_3/pp_out_l2n7_0_d2[4]
                              0.0856         0.0874        -0.0018  (VIOLATED)
       PIN :   u_NV_NVDLA_cmac/u_core/u_mac_3/pp_out_l2n7_0_d2_reg_4_/Q
                              0.0856         0.0874        -0.0018  (VIOLATED)
   u_NV_NVDLA_cmac/u_core/u_mac_1/pp_out_l2n4_0_d2[4]
                              0.0856         0.0874        -0.0018  (VIOLATED)
       PIN :   u_NV_NVDLA_cmac/u_core/u_mac_1/pp_out_l2n4_0_d2_reg_4_/Q
                              0.0856         0.0874        -0.0018  (VIOLATED)
   u_NV_NVDLA_cmac/u_core/dat6_actv_data[284]
                              0.0856         0.0874        -0.0018  (VIOLATED)
       PIN :   u_NV_NVDLA_cmac/u_core/u_active/dat_actv_data_reg6_reg_284_/Q
                              0.0856         0.0874        -0.0018  (VIOLATED)
   u_NV_NVDLA_cmac/u_core/wt1_actv_data[419]
                              0.0856         0.0874        -0.0018  (VIOLATED)
       PIN :   u_NV_NVDLA_cmac/u_core/u_active/wt1_actv_data_reg_419_/Q
                              0.0856         0.0874        -0.0018  (VIOLATED)
   u_NV_NVDLA_cmac/u_core/u_active/wt_pre_exp[55]
                              0.0861         0.0878        -0.0018  (VIOLATED)
       PIN :   u_NV_NVDLA_cmac/u_core/u_active/wt_pre_exp_reg_55_/Q
                              0.0861         0.0878        -0.0018  (VIOLATED)
   u_NV_NVDLA_cmac/u_core/wt5_actv_data[67]
                              0.0856         0.0873        -0.0018  (VIOLATED)
       PIN :   u_NV_NVDLA_cmac/u_core/u_active/wt5_actv_data_reg_67_/Q
                              0.0856         0.0873        -0.0018  (VIOLATED)
   u_NV_NVDLA_cmac/u_core/dat5_actv_data[940]
                              0.0856         0.0873        -0.0018  (VIOLATED)
       PIN :   u_NV_NVDLA_cmac/u_core/u_active/dat_actv_data_reg5_reg_940_/Q
                              0.0856         0.0873        -0.0018  (VIOLATED)
   u_NV_NVDLA_cmac/u_core/wt0_actv_data[216]
                              0.0856         0.0873        -0.0018  (VIOLATED)
       PIN :   u_NV_NVDLA_cmac/u_core/u_active/wt0_actv_data_reg_216_/Q
                              0.0856         0.0873        -0.0018  (VIOLATED)
   u_NV_NVDLA_cmac/u_core/u_active/wt0_sd_data[581]
                              0.0861         0.0878        -0.0018  (VIOLATED)
       PIN :   u_NV_NVDLA_cmac/u_core/u_active/wt0_sd_data_reg_581_/Q
                              0.0861         0.0878        -0.0018  (VIOLATED)
   u_NV_NVDLA_cmac/u_core/wt5_actv_data[463]
                              0.0856         0.0873        -0.0018  (VIOLATED)
       PIN :   u_NV_NVDLA_cmac/u_core/u_active/wt5_actv_data_reg_463_/Q
                              0.0856         0.0873        -0.0018  (VIOLATED)
   u_NV_NVDLA_cmac/u_core/u_active/wt0_sd_data[41]
                              0.0861         0.0878        -0.0018  (VIOLATED)
       PIN :   u_NV_NVDLA_cmac/u_core/u_active/wt0_sd_data_reg_41_/Q
                              0.0861         0.0878        -0.0018  (VIOLATED)
   u_NV_NVDLA_cmac/u_core/u_mac_4/pp_out_l2n6_1_d2[2]
                              0.0856         0.0873        -0.0018  (VIOLATED)
       PIN :   u_NV_NVDLA_cmac/u_core/u_mac_4/pp_out_l2n6_1_d2_reg_2_/Q
                              0.0856         0.0873        -0.0018  (VIOLATED)
   u_NV_NVDLA_cmac/u_core/wt5_actv_data[825]
                              0.0856         0.0873        -0.0018  (VIOLATED)
       PIN :   u_NV_NVDLA_cmac/u_core/u_active/wt5_actv_data_reg_825_/Q
                              0.0856         0.0873        -0.0018  (VIOLATED)
   u_NV_NVDLA_cmac/u_core/u_mac_4/pp_out_l2n5_0_d2[32]
                              0.0856         0.0873        -0.0018  (VIOLATED)
       PIN :   u_NV_NVDLA_cmac/u_core/u_mac_4/pp_out_l2n5_0_d2_reg_32_/Q
                              0.0856         0.0873        -0.0018  (VIOLATED)
   u_NV_NVDLA_cmac/u_core/wt1_actv_nan[39]
                              0.0856         0.0873        -0.0018  (VIOLATED)
       PIN :   u_NV_NVDLA_cmac/u_core/u_active/wt1_actv_nan_reg_39_/Q
                              0.0856         0.0873        -0.0018  (VIOLATED)
   u_NV_NVDLA_cmac/u_core/u_mac_0/exp_sft_56[3]
                              0.0861         0.0878        -0.0017  (VIOLATED)
       PIN :   u_NV_NVDLA_cmac/u_core/u_mac_0/u_exp/exp_sft_56_reg_3_/Q
                              0.0861         0.0878        -0.0017  (VIOLATED)
   u_NV_NVDLA_cmac/u_core/u_mac_0/pp_out_l0n10_1_d1[23]
                              0.0856         0.0873        -0.0017  (VIOLATED)
       PIN :   u_NV_NVDLA_cmac/u_core/u_mac_0/pp_out_l0n10_1_d1_reg_23_/Q
                              0.0856         0.0873        -0.0017  (VIOLATED)
   u_NV_NVDLA_cmac/u_core/wt7_actv_data[907]
                              0.0856         0.0873        -0.0017  (VIOLATED)
       PIN :   u_NV_NVDLA_cmac/u_core/u_active/wt7_actv_data_reg_907_/Q
                              0.0856         0.0873        -0.0017  (VIOLATED)
   u_NV_NVDLA_cmac/u_core/wt2_actv_nan[1]
                              0.0856         0.0873        -0.0017  (VIOLATED)
       PIN :   u_NV_NVDLA_cmac/u_core/u_active/wt2_actv_nan_reg_1_/Q
                              0.0856         0.0873        -0.0017  (VIOLATED)
   u_NV_NVDLA_cmac/u_core/wt4_actv_data[449]
                              0.0861         0.0878        -0.0017  (VIOLATED)
       PIN :   u_NV_NVDLA_cmac/u_core/u_active/wt4_actv_data_reg_449_/Q
                              0.0861         0.0878        -0.0017  (VIOLATED)
   u_NV_NVDLA_cmac/u_core/u_mac_4/pp_out_l2n6_0_d2[19]
                              0.0856         0.0873        -0.0017  (VIOLATED)
       PIN :   u_NV_NVDLA_cmac/u_core/u_mac_4/pp_out_l2n6_0_d2_reg_19_/Q
                              0.0856         0.0873        -0.0017  (VIOLATED)
   u_NV_NVDLA_cmac/u_core/wt7_actv_data[817]
                              0.0856         0.0873        -0.0017  (VIOLATED)
       PIN :   u_NV_NVDLA_cmac/u_core/u_active/wt7_actv_data_reg_817_/Q
                              0.0856         0.0873        -0.0017  (VIOLATED)
   u_NV_NVDLA_cmac/u_core/dat4_actv_data[869]
                              0.0861         0.0878        -0.0017  (VIOLATED)
       PIN :   u_NV_NVDLA_cmac/u_core/u_active/dat_actv_data_reg4_reg_869_/Q
                              0.0861         0.0878        -0.0017  (VIOLATED)
   u_NV_NVDLA_cmac/u_core/u_active/dat_pre_data[368]
                              0.0861         0.0878        -0.0017  (VIOLATED)
       PIN :   u_NV_NVDLA_cmac/u_core/u_active/dat_pre_data_reg_368_/Q
                              0.0861         0.0878        -0.0017  (VIOLATED)
   u_NV_NVDLA_cmac/u_core/u_mac_0/pp_out_l0n13_1_d1[21]
                              0.0856         0.0873        -0.0017  (VIOLATED)
       PIN :   u_NV_NVDLA_cmac/u_core/u_mac_0/pp_out_l0n13_1_d1_reg_21_/Q
                              0.0856         0.0873        -0.0017  (VIOLATED)
   u_NV_NVDLA_cmac/u_core/wt2_actv_data[52]
                              0.0856         0.0873        -0.0017  (VIOLATED)
       PIN :   u_NV_NVDLA_cmac/u_core/u_active/wt2_actv_data_reg_52_/Q
                              0.0856         0.0873        -0.0017  (VIOLATED)
   u_NV_NVDLA_cmac/u_core/u_active/wt2_sd_data[852]
                              0.0861         0.0878        -0.0017  (VIOLATED)
       PIN :   u_NV_NVDLA_cmac/u_core/u_active/wt2_sd_data_reg_852_/Q
                              0.0861         0.0878        -0.0017  (VIOLATED)
   u_NV_NVDLA_cmac/u_core/u_mac_4/pp_out_l0n09_0_d1[20]
                              0.0856         0.0873        -0.0017  (VIOLATED)
       PIN :   u_NV_NVDLA_cmac/u_core/u_mac_4/pp_out_l0n09_0_d1_reg_20_/Q
                              0.0856         0.0873        -0.0017  (VIOLATED)
   u_NV_NVDLA_cmac/u_core/u_mac_7/pp_out_l0n01_0_d1[13]
                              0.0856         0.0873        -0.0017  (VIOLATED)
       PIN :   u_NV_NVDLA_cmac/u_core/u_mac_7/pp_out_l0n01_0_d1_reg_13_/Q
                              0.0856         0.0873        -0.0017  (VIOLATED)
   u_NV_NVDLA_cmac/u_core/u_mac_1/pp_out_l0n02_0_d1[5]
                              0.0856         0.0873        -0.0017  (VIOLATED)
       PIN :   u_NV_NVDLA_cmac/u_core/u_mac_1/pp_out_l0n02_0_d1_reg_5_/Q
                              0.0856         0.0873        -0.0017  (VIOLATED)
   u_NV_NVDLA_cmac/u_core/dat1_actv_nan[13]
                              0.0856         0.0873        -0.0017  (VIOLATED)
       PIN :   u_NV_NVDLA_cmac/u_core/u_active/dat_actv_nan_reg1_reg_13_/Q
                              0.0856         0.0873        -0.0017  (VIOLATED)
   u_NV_NVDLA_cmac/u_core/u_active/wt4_sd_data[818]
                              0.0861         0.0877        -0.0017  (VIOLATED)
       PIN :   u_NV_NVDLA_cmac/u_core/u_active/wt4_sd_data_reg_818_/Q
                              0.0861         0.0877        -0.0017  (VIOLATED)
   u_NV_NVDLA_cmac/u_core/wt5_actv_data[246]
                              0.0856         0.0872        -0.0017  (VIOLATED)
       PIN :   u_NV_NVDLA_cmac/u_core/u_active/wt5_actv_data_reg_246_/Q
                              0.0856         0.0872        -0.0017  (VIOLATED)
   u_NV_NVDLA_cmac/u_core/wt0_actv_data[273]
                              0.0861         0.0877        -0.0017  (VIOLATED)
       PIN :   u_NV_NVDLA_cmac/u_core/u_active/wt0_actv_data_reg_273_/Q
                              0.0861         0.0877        -0.0017  (VIOLATED)
   u_NV_NVDLA_cmac/u_core/u_mac_2/pp_out_l0n06_0_d1[8]
                              0.0856         0.0872        -0.0017  (VIOLATED)
       PIN :   u_NV_NVDLA_cmac/u_core/u_mac_2/pp_out_l0n06_0_d1_reg_8_/Q
                              0.0856         0.0872        -0.0017  (VIOLATED)
   u_NV_NVDLA_cmac/u_core/u_mac_1/pp_out_l0n05_0_d1[31]
                              0.0856         0.0872        -0.0017  (VIOLATED)
       PIN :   u_NV_NVDLA_cmac/u_core/u_mac_1/pp_out_l0n05_0_d1_reg_31_/Q
                              0.0856         0.0872        -0.0017  (VIOLATED)
   u_NV_NVDLA_cmac/u_core/u_active/wt_pre_data[671]
                              0.0856         0.0872        -0.0017  (VIOLATED)
       PIN :   u_NV_NVDLA_cmac/u_core/u_active/wt_pre_data_reg_671_/Q
                              0.0856         0.0872        -0.0017  (VIOLATED)
   u_NV_NVDLA_cmac/u_core/dat2_actv_data[394]
                              0.0856         0.0872        -0.0017  (VIOLATED)
       PIN :   u_NV_NVDLA_cmac/u_core/u_active/dat_actv_data_reg2_reg_394_/Q
                              0.0856         0.0872        -0.0017  (VIOLATED)
   u_NV_NVDLA_cmac/u_core/u_mac_4/pp_out_l0n04_1_d1[33]
                              0.0856         0.0872        -0.0016  (VIOLATED)
       PIN :   u_NV_NVDLA_cmac/u_core/u_mac_4/pp_out_l0n04_1_d1_reg_33_/Q
                              0.0856         0.0872        -0.0016  (VIOLATED)
   u_NV_NVDLA_cmac/u_core/dat1_actv_data[349]
                              0.0856         0.0872        -0.0016  (VIOLATED)
       PIN :   u_NV_NVDLA_cmac/u_core/u_active/dat_actv_data_reg1_reg_349_/Q
                              0.0856         0.0872        -0.0016  (VIOLATED)
   u_NV_NVDLA_cmac/u_core/wt6_actv_data[473]
                              0.0861         0.0877        -0.0016  (VIOLATED)
       PIN :   u_NV_NVDLA_cmac/u_core/u_active/wt6_actv_data_reg_473_/Q
                              0.0861         0.0877        -0.0016  (VIOLATED)
   u_NV_NVDLA_cmac/u_core/dat0_actv_data[449]
                              0.0861         0.0877        -0.0016  (VIOLATED)
       PIN :   u_NV_NVDLA_cmac/u_core/u_active/dat_actv_data_reg0_reg_449_/Q
                              0.0861         0.0877        -0.0016  (VIOLATED)
   u_NV_NVDLA_cmac/u_core/dat4_actv_data[395]
                              0.0856         0.0872        -0.0016  (VIOLATED)
       PIN :   u_NV_NVDLA_cmac/u_core/u_active/dat_actv_data_reg4_reg_395_/Q
                              0.0856         0.0872        -0.0016  (VIOLATED)
   u_NV_NVDLA_cmac/u_core/u_active/wt4_sd_data[95]
                              0.0861         0.0877        -0.0016  (VIOLATED)
       PIN :   u_NV_NVDLA_cmac/u_core/u_active/wt4_sd_data_reg_95_/Q
                              0.0861         0.0877        -0.0016  (VIOLATED)
   u_NV_NVDLA_cmac/u_core/u_mac_4/pp_out_l2n0_0_d2[18]
                              0.0856         0.0872        -0.0016  (VIOLATED)
       PIN :   u_NV_NVDLA_cmac/u_core/u_mac_4/pp_out_l2n0_0_d2_reg_18_/Q
                              0.0856         0.0872        -0.0016  (VIOLATED)
   u_NV_NVDLA_cmac/u_core/u_mac_7/pp_out_l0n01_0_d1[30]
                              0.0856         0.0872        -0.0016  (VIOLATED)
       PIN :   u_NV_NVDLA_cmac/u_core/u_mac_7/pp_out_l0n01_0_d1_reg_30_/Q
                              0.0856         0.0872        -0.0016  (VIOLATED)
   u_NV_NVDLA_cmac/u_core/u_mac_5/pp_out_l2n4_0_d2[15]
                              0.0856         0.0872        -0.0016  (VIOLATED)
       PIN :   u_NV_NVDLA_cmac/u_core/u_mac_5/pp_out_l2n4_0_d2_reg_15_/Q
                              0.0856         0.0872        -0.0016  (VIOLATED)
   u_NV_NVDLA_cmac/u_core/wt4_actv_data[784]
                              0.0861         0.0877        -0.0016  (VIOLATED)
       PIN :   u_NV_NVDLA_cmac/u_core/u_active/wt4_actv_data_reg_784_/Q
                              0.0861         0.0877        -0.0016  (VIOLATED)
   u_NV_NVDLA_cmac/u_core/wt1_actv_data[744]
                              0.0861         0.0877        -0.0016  (VIOLATED)
       PIN :   u_NV_NVDLA_cmac/u_core/u_active/wt1_actv_data_reg_744_/Q
                              0.0861         0.0877        -0.0016  (VIOLATED)
   u_NV_NVDLA_cmac/u_core/wt6_actv_data[935]
                              0.0856         0.0872        -0.0016  (VIOLATED)
       PIN :   u_NV_NVDLA_cmac/u_core/u_active/wt6_actv_data_reg_935_/Q
                              0.0856         0.0872        -0.0016  (VIOLATED)
   u_NV_NVDLA_cmac/u_core/u_mac_3/pp_out_l2n1_1_d2[3]
                              0.0856         0.0872        -0.0016  (VIOLATED)
       PIN :   u_NV_NVDLA_cmac/u_core/u_mac_3/pp_out_l2n1_1_d2_reg_3_/Q
                              0.0856         0.0872        -0.0016  (VIOLATED)
   u_NV_NVDLA_cmac/u_core/u_mac_7/exp_sft_55[1]
                              0.0861         0.0877        -0.0016  (VIOLATED)
       PIN :   u_NV_NVDLA_cmac/u_core/u_mac_7/u_exp/exp_sft_55_reg_1_/Q
                              0.0861         0.0877        -0.0016  (VIOLATED)
   u_NV_NVDLA_cmac/u_core/u_mac_0/pp_out_l2n5_0_d2[16]
                              0.0856         0.0872        -0.0016  (VIOLATED)
       PIN :   u_NV_NVDLA_cmac/u_core/u_mac_0/pp_out_l2n5_0_d2_reg_16_/Q
                              0.0856         0.0872        -0.0016  (VIOLATED)
   u_NV_NVDLA_cmac/u_core/wt7_actv_data[128]
                              0.0856         0.0872        -0.0016  (VIOLATED)
       PIN :   u_NV_NVDLA_cmac/u_core/u_active/wt7_actv_data_reg_128_/Q
                              0.0856         0.0872        -0.0016  (VIOLATED)
   u_NV_NVDLA_cmac/u_core/wt0_actv_data[770]
                              0.0861         0.0877        -0.0016  (VIOLATED)
       PIN :   u_NV_NVDLA_cmac/u_core/u_active/wt0_actv_data_reg_770_/Q
                              0.0861         0.0877        -0.0016  (VIOLATED)
   u_NV_NVDLA_cmac/u_core/dat5_actv_data[1017]
                              0.0856         0.0872        -0.0016  (VIOLATED)
       PIN :   u_NV_NVDLA_cmac/u_core/u_active/dat_actv_data_reg5_reg_1017_/Q
                              0.0856         0.0872        -0.0016  (VIOLATED)
   u_NV_NVDLA_cmac/u_core/in_wt_data13[7]
                              0.0861         0.0876        -0.0016  (VIOLATED)
       PIN :   u_NV_NVDLA_cmac/u_core/u_rt_in/in_rt_wt_data_d1_reg_111_/Q
                              0.0861         0.0876        -0.0016  (VIOLATED)
   u_NV_NVDLA_cmac/u_core/dat0_actv_data[441]
                              0.0861         0.0876        -0.0016  (VIOLATED)
       PIN :   u_NV_NVDLA_cmac/u_core/u_active/dat_actv_data_reg0_reg_441_/Q
                              0.0861         0.0876        -0.0016  (VIOLATED)
   u_NV_NVDLA_cmac/u_core/dat1_actv_data[60]
                              0.0861         0.0876        -0.0016  (VIOLATED)
       PIN :   u_NV_NVDLA_cmac/u_core/u_active/dat_actv_data_reg1_reg_60_/Q
                              0.0861         0.0876        -0.0016  (VIOLATED)
   u_NV_NVDLA_cmac/u_core/u_mac_5/pp_out_l2n2_1_d2[19]
                              0.0856         0.0872        -0.0016  (VIOLATED)
       PIN :   u_NV_NVDLA_cmac/u_core/u_mac_5/pp_out_l2n2_1_d2_reg_19_/Q
                              0.0856         0.0872        -0.0016  (VIOLATED)
   u_NV_NVDLA_cmac/u_core/u_mac_4/pp_out_l2n7_0_d2[3]
                              0.0856         0.0871        -0.0016  (VIOLATED)
       PIN :   u_NV_NVDLA_cmac/u_core/u_mac_4/pp_out_l2n7_0_d2_reg_3_/Q
                              0.0856         0.0871        -0.0016  (VIOLATED)
   u_NV_NVDLA_cmac/u_core/u_active/dat_pre_data[675]
                              0.0861         0.0876        -0.0016  (VIOLATED)
       PIN :   u_NV_NVDLA_cmac/u_core/u_active/dat_pre_data_reg_675_/Q
                              0.0861         0.0876        -0.0016  (VIOLATED)
   u_NV_NVDLA_cmac/u_core/u_active/dat_pre_data[684]
                              0.0856         0.0871        -0.0016  (VIOLATED)
       PIN :   u_NV_NVDLA_cmac/u_core/u_active/dat_pre_data_reg_684_/Q
                              0.0856         0.0871        -0.0016  (VIOLATED)
   u_NV_NVDLA_cmac/u_core/wt5_actv_data[827]
                              0.0856         0.0871        -0.0016  (VIOLATED)
       PIN :   u_NV_NVDLA_cmac/u_core/u_active/wt5_actv_data_reg_827_/Q
                              0.0856         0.0871        -0.0016  (VIOLATED)
   u_NV_NVDLA_cmac/u_core/wt4_actv_data[470]
                              0.0861         0.0876        -0.0016  (VIOLATED)
       PIN :   u_NV_NVDLA_cmac/u_core/u_active/wt4_actv_data_reg_470_/Q
                              0.0861         0.0876        -0.0016  (VIOLATED)
   u_NV_NVDLA_cmac/u_core/dat2_actv_data[604]
                              0.0861         0.0876        -0.0016  (VIOLATED)
       PIN :   u_NV_NVDLA_cmac/u_core/u_active/dat_actv_data_reg2_reg_604_/Q
                              0.0861         0.0876        -0.0016  (VIOLATED)
   u_NV_NVDLA_cmac/u_core/u_mac_2/pp_out_l0n06_0_d1[3]
                              0.0856         0.0871        -0.0016  (VIOLATED)
       PIN :   u_NV_NVDLA_cmac/u_core/u_mac_2/pp_out_l0n06_0_d1_reg_3_/Q
                              0.0856         0.0871        -0.0016  (VIOLATED)
   u_NV_NVDLA_cmac/u_core/wt1_actv_data[684]
                              0.0856         0.0871        -0.0016  (VIOLATED)
       PIN :   u_NV_NVDLA_cmac/u_core/u_active/wt1_actv_data_reg_684_/Q
                              0.0856         0.0871        -0.0016  (VIOLATED)
   u_NV_NVDLA_cmac/u_core/u_mac_4/pp_out_l0n14_0_d1[1]
                              0.0856         0.0871        -0.0016  (VIOLATED)
       PIN :   u_NV_NVDLA_cmac/u_core/u_mac_4/pp_out_l0n14_0_d1_reg_1_/Q
                              0.0856         0.0871        -0.0016  (VIOLATED)
   u_NV_NVDLA_cmac/u_core/dat1_actv_data[409]
                              0.0856         0.0871        -0.0016  (VIOLATED)
       PIN :   u_NV_NVDLA_cmac/u_core/u_active/dat_actv_data_reg1_reg_409_/Q
                              0.0856         0.0871        -0.0016  (VIOLATED)
   u_NV_NVDLA_cmac/u_core/u_mac_7/pp_out_l2n1_0_d2[10]
                              0.0856         0.0871        -0.0015  (VIOLATED)
       PIN :   u_NV_NVDLA_cmac/u_core/u_mac_7/pp_out_l2n1_0_d2_reg_10_/Q
                              0.0856         0.0871        -0.0015  (VIOLATED)
   u_NV_NVDLA_cmac/u_core/dat6_actv_data[299]
                              0.0856         0.0871        -0.0015  (VIOLATED)
       PIN :   u_NV_NVDLA_cmac/u_core/u_active/dat_actv_data_reg6_reg_299_/Q
                              0.0856         0.0871        -0.0015  (VIOLATED)
   u_NV_NVDLA_cmac/u_core/u_mac_0/res_tag_b6_d1[38]
                              0.0856         0.0871        -0.0015  (VIOLATED)
       PIN :   u_NV_NVDLA_cmac/u_core/u_mac_0/res_tag_b6_d1_reg_38_/Q
                              0.0856         0.0871        -0.0015  (VIOLATED)
   u_NV_NVDLA_cmac/u_core/wt5_actv_data[481]
                              0.0856         0.0871        -0.0015  (VIOLATED)
       PIN :   u_NV_NVDLA_cmac/u_core/u_active/wt5_actv_data_reg_481_/Q
                              0.0856         0.0871        -0.0015  (VIOLATED)
   u_NV_NVDLA_cmac/u_core/u_mac_1/pp_out_l0n00_1_d1[12]
                              0.0861         0.0876        -0.0015  (VIOLATED)
       PIN :   u_NV_NVDLA_cmac/u_core/u_mac_1/pp_out_l0n00_1_d1_reg_12_/Q
                              0.0861         0.0876        -0.0015  (VIOLATED)
   u_NV_NVDLA_cmac/u_core/u_mac_4/pp_out_l2n0_0_d2[10]
                              0.0856         0.0871        -0.0015  (VIOLATED)
       PIN :   u_NV_NVDLA_cmac/u_core/u_mac_4/pp_out_l2n0_0_d2_reg_10_/Q
                              0.0856         0.0871        -0.0015  (VIOLATED)
   u_NV_NVDLA_cmac/u_core/u_mac_4/res_tag_b5_d1[13]
                              0.0856         0.0871        -0.0015  (VIOLATED)
       PIN :   u_NV_NVDLA_cmac/u_core/u_mac_4/res_tag_b5_d1_reg_13_/Q
                              0.0856         0.0871        -0.0015  (VIOLATED)
   u_NV_NVDLA_cmac/u_core/u_mac_5/pp_out_l2n6_1_d2[7]
                              0.0856         0.0871        -0.0015  (VIOLATED)
       PIN :   u_NV_NVDLA_cmac/u_core/u_mac_5/pp_out_l2n6_1_d2_reg_7_/Q
                              0.0856         0.0871        -0.0015  (VIOLATED)
   u_NV_NVDLA_cmac/u_core/u_active/dat_pre_data[126]
                              0.0861         0.0876        -0.0015  (VIOLATED)
       PIN :   u_NV_NVDLA_cmac/u_core/u_active/dat_pre_data_reg_126_/Q
                              0.0861         0.0876        -0.0015  (VIOLATED)
   u_NV_NVDLA_cmac/u_core/dat1_actv_data[708]
                              0.0861         0.0876        -0.0015  (VIOLATED)
       PIN :   u_NV_NVDLA_cmac/u_core/u_active/dat_actv_data_reg1_reg_708_/Q
                              0.0861         0.0876        -0.0015  (VIOLATED)
   u_NV_NVDLA_cmac/u_core/wt1_actv_nan[29]
                              0.0856         0.0871        -0.0015  (VIOLATED)
       PIN :   u_NV_NVDLA_cmac/u_core/u_active/wt1_actv_nan_reg_29_/Q
                              0.0856         0.0871        -0.0015  (VIOLATED)
   u_NV_NVDLA_cmac/u_core/wt7_actv_data[371]
                              0.0856         0.0871        -0.0015  (VIOLATED)
       PIN :   u_NV_NVDLA_cmac/u_core/u_active/wt7_actv_data_reg_371_/Q
                              0.0856         0.0871        -0.0015  (VIOLATED)
   u_NV_NVDLA_cmac/u_core/wt4_actv_data[448]
                              0.0861         0.0876        -0.0015  (VIOLATED)
       PIN :   u_NV_NVDLA_cmac/u_core/u_active/wt4_actv_data_reg_448_/Q
                              0.0861         0.0876        -0.0015  (VIOLATED)
   u_NV_NVDLA_cmac/u_core/u_mac_6/pp_out_l0n14_1_d1[27]
                              0.0856         0.0871        -0.0015  (VIOLATED)
       PIN :   u_NV_NVDLA_cmac/u_core/u_mac_6/pp_out_l0n14_1_d1_reg_27_/Q
                              0.0856         0.0871        -0.0015  (VIOLATED)
   u_NV_NVDLA_cmac/u_core/wt7_actv_data[424]
                              0.0861         0.0876        -0.0015  (VIOLATED)
       PIN :   u_NV_NVDLA_cmac/u_core/u_active/wt7_actv_data_reg_424_/Q
                              0.0861         0.0876        -0.0015  (VIOLATED)
   u_NV_NVDLA_cmac/u_core/dat2_actv_data[135]
                              0.0861         0.0876        -0.0015  (VIOLATED)
       PIN :   u_NV_NVDLA_cmac/u_core/u_active/dat_actv_data_reg2_reg_135_/Q
                              0.0861         0.0876        -0.0015  (VIOLATED)
   u_NV_NVDLA_cmac/u_core/wt4_actv_data[464]
                              0.0856         0.0871        -0.0015  (VIOLATED)
       PIN :   u_NV_NVDLA_cmac/u_core/u_active/wt4_actv_data_reg_464_/Q
                              0.0856         0.0871        -0.0015  (VIOLATED)
   u_NV_NVDLA_cmac/u_core/u_mac_4/pp_out_l2n5_0_d2[10]
                              0.0856         0.0871        -0.0015  (VIOLATED)
       PIN :   u_NV_NVDLA_cmac/u_core/u_mac_4/pp_out_l2n5_0_d2_reg_10_/Q
                              0.0856         0.0871        -0.0015  (VIOLATED)
   u_NV_NVDLA_cmac/u_core/u_mac_2/pp_out_l0n04_0_d1[18]
                              0.0856         0.0871        -0.0015  (VIOLATED)
       PIN :   u_NV_NVDLA_cmac/u_core/u_mac_2/pp_out_l0n04_0_d1_reg_18_/Q
                              0.0856         0.0871        -0.0015  (VIOLATED)
   u_NV_NVDLA_cmac/u_core/wt6_actv_data[85]
                              0.0856         0.0871        -0.0015  (VIOLATED)
       PIN :   u_NV_NVDLA_cmac/u_core/u_active/wt6_actv_data_reg_85_/Q
                              0.0856         0.0871        -0.0015  (VIOLATED)
   u_NV_NVDLA_cmac/u_core/u_mac_3/pp_out_l2n2_1_d2[15]
                              0.0856         0.0871        -0.0015  (VIOLATED)
       PIN :   u_NV_NVDLA_cmac/u_core/u_mac_3/pp_out_l2n2_1_d2_reg_15_/Q
                              0.0856         0.0871        -0.0015  (VIOLATED)
   u_NV_NVDLA_cmac/u_core/u_mac_3/pp_out_l0n11_0_d1[33]
                              0.0856         0.0870        -0.0015  (VIOLATED)
       PIN :   u_NV_NVDLA_cmac/u_core/u_mac_3/pp_out_l0n11_0_d1_reg_33_/Q
                              0.0856         0.0870        -0.0015  (VIOLATED)
   u_NV_NVDLA_cmac/u_core/wt1_actv_data[160]
                              0.0856         0.0870        -0.0015  (VIOLATED)
       PIN :   u_NV_NVDLA_cmac/u_core/u_active/wt1_actv_data_reg_160_/Q
                              0.0856         0.0870        -0.0015  (VIOLATED)
   u_NV_NVDLA_cmac/u_core/dat6_actv_data[645]
                              0.0861         0.0875        -0.0015  (VIOLATED)
       PIN :   u_NV_NVDLA_cmac/u_core/u_active/dat_actv_data_reg6_reg_645_/Q
                              0.0861         0.0875        -0.0015  (VIOLATED)
   u_NV_NVDLA_cmac/u_core/u_mac_1/exp_sft_04[3]
                              0.0861         0.0875        -0.0015  (VIOLATED)
       PIN :   u_NV_NVDLA_cmac/u_core/u_mac_1/u_exp/exp_sft_04_reg_3_/Q
                              0.0861         0.0875        -0.0015  (VIOLATED)
   u_NV_NVDLA_cmac/u_core/u_mac_2/pp_out_l2n6_1_d2[19]
                              0.0856         0.0870        -0.0015  (VIOLATED)
       PIN :   u_NV_NVDLA_cmac/u_core/u_mac_2/pp_out_l2n6_1_d2_reg_19_/Q
                              0.0856         0.0870        -0.0015  (VIOLATED)
   u_NV_NVDLA_cmac/u_core/dat5_actv_data[875]
                              0.0856         0.0870        -0.0015  (VIOLATED)
       PIN :   u_NV_NVDLA_cmac/u_core/u_active/dat_actv_data_reg5_reg_875_/Q
                              0.0856         0.0870        -0.0015  (VIOLATED)
   u_NV_NVDLA_cmac/u_core/dat1_actv_data[460]
                              0.0861         0.0875        -0.0015  (VIOLATED)
       PIN :   u_NV_NVDLA_cmac/u_core/u_active/dat_actv_data_reg1_reg_460_/Q
                              0.0861         0.0875        -0.0015  (VIOLATED)
   u_NV_NVDLA_cmac/u_core/u_mac_3/pp_out_l2n1_1_d2[11]
                              0.0856         0.0870        -0.0015  (VIOLATED)
       PIN :   u_NV_NVDLA_cmac/u_core/u_mac_3/pp_out_l2n1_1_d2_reg_11_/Q
                              0.0856         0.0870        -0.0015  (VIOLATED)
   u_NV_NVDLA_cmac/u_core/u_mac_5/pp_out_l0n06_1_d1[17]
                              0.0856         0.0870        -0.0015  (VIOLATED)
       PIN :   u_NV_NVDLA_cmac/u_core/u_mac_5/pp_out_l0n06_1_d1_reg_17_/Q
                              0.0856         0.0870        -0.0015  (VIOLATED)
   u_NV_NVDLA_cmac/u_core/u_mac_7/pp_out_l0n06_0_d1[19]
                              0.0856         0.0870        -0.0015  (VIOLATED)
       PIN :   u_NV_NVDLA_cmac/u_core/u_mac_7/pp_out_l0n06_0_d1_reg_19_/Q
                              0.0856         0.0870        -0.0015  (VIOLATED)
   u_NV_NVDLA_cmac/u_core/u_mac_3/pp_out_l0n10_0_d1[18]
                              0.0856         0.0870        -0.0015  (VIOLATED)
       PIN :   u_NV_NVDLA_cmac/u_core/u_mac_3/pp_out_l0n10_0_d1_reg_18_/Q
                              0.0856         0.0870        -0.0015  (VIOLATED)
   u_NV_NVDLA_cmac/u_core/wt4_actv_data[785]
                              0.0861         0.0875        -0.0014  (VIOLATED)
       PIN :   u_NV_NVDLA_cmac/u_core/u_active/wt4_actv_data_reg_785_/Q
                              0.0861         0.0875        -0.0014  (VIOLATED)
   u_NV_NVDLA_cmac/u_core/dat1_actv_data[278]
                              0.0861         0.0875        -0.0014  (VIOLATED)
       PIN :   u_NV_NVDLA_cmac/u_core/u_active/dat_actv_data_reg1_reg_278_/Q
                              0.0861         0.0875        -0.0014  (VIOLATED)
   u_NV_NVDLA_cmac/u_core/in_dat_data79[1]
                              0.0861         0.0875        -0.0014  (VIOLATED)
       PIN :   u_NV_NVDLA_cmac/u_core/u_rt_in/in_rt_dat_data_d1_reg_633_/Q
                              0.0861         0.0875        -0.0014  (VIOLATED)
   u_NV_NVDLA_cmac/u_core/wt4_actv_data[145]
                              0.0861         0.0875        -0.0014  (VIOLATED)
       PIN :   u_NV_NVDLA_cmac/u_core/u_active/wt4_actv_data_reg_145_/Q
                              0.0861         0.0875        -0.0014  (VIOLATED)
   u_NV_NVDLA_cmac/u_core/wt5_actv_data[805]
                              0.0861         0.0875        -0.0014  (VIOLATED)
       PIN :   u_NV_NVDLA_cmac/u_core/u_active/wt5_actv_data_reg_805_/Q
                              0.0861         0.0875        -0.0014  (VIOLATED)
   u_NV_NVDLA_cmac/u_core/dat2_actv_nan[50]
                              0.0856         0.0870        -0.0014  (VIOLATED)
       PIN :   u_NV_NVDLA_cmac/u_core/u_active/dat_actv_nan_reg2_reg_50_/Q
                              0.0856         0.0870        -0.0014  (VIOLATED)
   u_NV_NVDLA_cmac/u_core/wt6_actv_data[137]
                              0.0856         0.0870        -0.0014  (VIOLATED)
       PIN :   u_NV_NVDLA_cmac/u_core/u_active/wt6_actv_data_reg_137_/Q
                              0.0856         0.0870        -0.0014  (VIOLATED)
   u_NV_NVDLA_cmac/u_core/dat0_actv_data[424]
                              0.0856         0.0870        -0.0014  (VIOLATED)
       PIN :   u_NV_NVDLA_cmac/u_core/u_active/dat_actv_data_reg0_reg_424_/Q
                              0.0856         0.0870        -0.0014  (VIOLATED)
   u_NV_NVDLA_cmac/u_core/u_mac_5/pp_out_l2n1_0_d2[3]
                              0.0856         0.0870        -0.0014  (VIOLATED)
       PIN :   u_NV_NVDLA_cmac/u_core/u_mac_5/pp_out_l2n1_0_d2_reg_3_/Q
                              0.0856         0.0870        -0.0014  (VIOLATED)
   u_NV_NVDLA_cmac/u_core/u_mac_5/pp_out_l0n15_0_d1[29]
                              0.0856         0.0870        -0.0014  (VIOLATED)
       PIN :   u_NV_NVDLA_cmac/u_core/u_mac_5/pp_out_l0n15_0_d1_reg_29_/Q
                              0.0856         0.0870        -0.0014  (VIOLATED)
   u_NV_NVDLA_cmac/u_core/u_mac_0/pp_out_l0n09_0_d1[7]
                              0.0856         0.0870        -0.0014  (VIOLATED)
       PIN :   u_NV_NVDLA_cmac/u_core/u_mac_0/pp_out_l0n09_0_d1_reg_7_/Q
                              0.0856         0.0870        -0.0014  (VIOLATED)
   u_NV_NVDLA_cmac/u_core/u_mac_2/pp_out_l0n00_1_d1[11]
                              0.0856         0.0870        -0.0014  (VIOLATED)
       PIN :   u_NV_NVDLA_cmac/u_core/u_mac_2/pp_out_l0n00_1_d1_reg_11_/Q
                              0.0856         0.0870        -0.0014  (VIOLATED)
   u_NV_NVDLA_cmac/u_core/u_mac_6/pp_out_l2n3_1_d2[19]
                              0.0856         0.0870        -0.0014  (VIOLATED)
       PIN :   u_NV_NVDLA_cmac/u_core/u_mac_6/pp_out_l2n3_1_d2_reg_19_/Q
                              0.0856         0.0870        -0.0014  (VIOLATED)
   u_NV_NVDLA_cmac/u_core/dat4_pre_mask[56]
                              0.0861         0.0875        -0.0014  (VIOLATED)
       PIN :   u_NV_NVDLA_cmac/u_core/u_active/dat_pre_mask4_reg_56_/Q
                              0.0861         0.0875        -0.0014  (VIOLATED)
   u_NV_NVDLA_cmac/u_core/dat5_actv_data[566]
                              0.0861         0.0875        -0.0014  (VIOLATED)
       PIN :   u_NV_NVDLA_cmac/u_core/u_active/dat_actv_data_reg5_reg_566_/Q
                              0.0861         0.0875        -0.0014  (VIOLATED)
   u_NV_NVDLA_cmac/u_core/u_mac_1/pp_out_l0n05_0_d1[25]
                              0.0856         0.0870        -0.0014  (VIOLATED)
       PIN :   u_NV_NVDLA_cmac/u_core/u_mac_1/pp_out_l0n05_0_d1_reg_25_/Q
                              0.0856         0.0870        -0.0014  (VIOLATED)
   u_NV_NVDLA_cmac/u_core/dat4_actv_data[858]
                              0.0856         0.0870        -0.0014  (VIOLATED)
       PIN :   u_NV_NVDLA_cmac/u_core/u_active/dat_actv_data_reg4_reg_858_/Q
                              0.0856         0.0870        -0.0014  (VIOLATED)
   u_NV_NVDLA_cmac/u_core/wt6_actv_data[872]
                              0.0856         0.0870        -0.0014  (VIOLATED)
       PIN :   u_NV_NVDLA_cmac/u_core/u_active/wt6_actv_data_reg_872_/Q
                              0.0856         0.0870        -0.0014  (VIOLATED)
   u_NV_NVDLA_cmac/u_core/u_active/wt0_sd_data[299]
                              0.0861         0.0874        -0.0014  (VIOLATED)
       PIN :   u_NV_NVDLA_cmac/u_core/u_active/wt0_sd_data_reg_299_/Q
                              0.0861         0.0874        -0.0014  (VIOLATED)
   u_NV_NVDLA_cmac/u_core/u_active/wt4_sd_data[530]
                              0.0861         0.0874        -0.0014  (VIOLATED)
       PIN :   u_NV_NVDLA_cmac/u_core/u_active/wt4_sd_data_reg_530_/Q
                              0.0861         0.0874        -0.0014  (VIOLATED)
   u_NV_NVDLA_cmac/u_core/u_active/wt7_sd_data[816]
                              0.0861         0.0874        -0.0014  (VIOLATED)
       PIN :   u_NV_NVDLA_cmac/u_core/u_active/wt7_sd_data_reg_816_/Q
                              0.0861         0.0874        -0.0014  (VIOLATED)
   u_NV_NVDLA_cmac/u_core/wt6_actv_data[403]
                              0.0856         0.0869        -0.0014  (VIOLATED)
       PIN :   u_NV_NVDLA_cmac/u_core/u_active/wt6_actv_data_reg_403_/Q
                              0.0856         0.0869        -0.0014  (VIOLATED)
   u_NV_NVDLA_cmac/u_core/u_mac_2/res_tag_b2_d1[25]
                              0.0856         0.0869        -0.0014  (VIOLATED)
       PIN :   u_NV_NVDLA_cmac/u_core/u_mac_2/res_tag_b2_d1_reg_25_/Q
                              0.0856         0.0869        -0.0014  (VIOLATED)
   u_NV_NVDLA_cmac/u_core/dat7_actv_data[207]
                              0.0856         0.0869        -0.0014  (VIOLATED)
       PIN :   u_NV_NVDLA_cmac/u_core/u_active/dat_actv_data_reg7_reg_207_/Q
                              0.0856         0.0869        -0.0014  (VIOLATED)
   u_NV_NVDLA_cmac/u_core/wt5_actv_data[645]
                              0.0861         0.0874        -0.0014  (VIOLATED)
       PIN :   u_NV_NVDLA_cmac/u_core/u_active/wt5_actv_data_reg_645_/Q
                              0.0861         0.0874        -0.0014  (VIOLATED)
   u_NV_NVDLA_cmac/u_core/u_mac_5/pp_out_l2n5_1_d2[11]
                              0.0856         0.0869        -0.0014  (VIOLATED)
       PIN :   u_NV_NVDLA_cmac/u_core/u_mac_5/pp_out_l2n5_1_d2_reg_11_/Q
                              0.0856         0.0869        -0.0014  (VIOLATED)
   u_NV_NVDLA_cmac/u_core/u_mac_7/pp_out_l0n13_1_d1[15]
                              0.0856         0.0869        -0.0014  (VIOLATED)
       PIN :   u_NV_NVDLA_cmac/u_core/u_mac_7/pp_out_l0n13_1_d1_reg_15_/Q
                              0.0856         0.0869        -0.0014  (VIOLATED)
   u_NV_NVDLA_cmac/u_core/dat7_actv_data[868]
                              0.0861         0.0874        -0.0014  (VIOLATED)
       PIN :   u_NV_NVDLA_cmac/u_core/u_active/dat_actv_data_reg7_reg_868_/Q
                              0.0861         0.0874        -0.0014  (VIOLATED)
   u_NV_NVDLA_cmac/u_core/u_mac_7/res_tag_b7_d1[17]
                              0.0856         0.0869        -0.0014  (VIOLATED)
       PIN :   u_NV_NVDLA_cmac/u_core/u_mac_7/res_tag_b7_d1_reg_17_/Q
                              0.0856         0.0869        -0.0014  (VIOLATED)
   u_NV_NVDLA_cmac/u_core/u_mac_5/pp_out_l2n5_0_d2[17]
                              0.0856         0.0869        -0.0014  (VIOLATED)
       PIN :   u_NV_NVDLA_cmac/u_core/u_mac_5/pp_out_l2n5_0_d2_reg_17_/Q
                              0.0856         0.0869        -0.0014  (VIOLATED)
   u_NV_NVDLA_cmac/u_core/wt7_actv_data[627]
                              0.0861         0.0874        -0.0013  (VIOLATED)
       PIN :   u_NV_NVDLA_cmac/u_core/u_active/wt7_actv_data_reg_627_/Q
                              0.0861         0.0874        -0.0013  (VIOLATED)
   u_NV_NVDLA_cmac/u_core/dat3_actv_nan[23]
                              0.0856         0.0869        -0.0013  (VIOLATED)
       PIN :   u_NV_NVDLA_cmac/u_core/u_active/dat_actv_nan_reg3_reg_23_/Q
                              0.0856         0.0869        -0.0013  (VIOLATED)
   u_NV_NVDLA_cmac/u_core/wt6_actv_data[729]
                              0.0856         0.0869        -0.0013  (VIOLATED)
       PIN :   u_NV_NVDLA_cmac/u_core/u_active/wt6_actv_data_reg_729_/Q
                              0.0856         0.0869        -0.0013  (VIOLATED)
   u_NV_NVDLA_cmac/u_core/u_active/wt_pre_nan[7]
                              0.0861         0.0874        -0.0013  (VIOLATED)
       PIN :   u_NV_NVDLA_cmac/u_core/u_active/wt_pre_nan_reg_7_/Q
                              0.0861         0.0874        -0.0013  (VIOLATED)
   u_NV_NVDLA_cmac/u_core/dat6_actv_data[879]
                              0.0856         0.0869        -0.0013  (VIOLATED)
       PIN :   u_NV_NVDLA_cmac/u_core/u_active/dat_actv_data_reg6_reg_879_/Q
                              0.0856         0.0869        -0.0013  (VIOLATED)
   u_NV_NVDLA_cmac/u_core/u_mac_6/pp_out_l0n05_0_d1[25]
                              0.0856         0.0869        -0.0013  (VIOLATED)
       PIN :   u_NV_NVDLA_cmac/u_core/u_mac_6/pp_out_l0n05_0_d1_reg_25_/Q
                              0.0856         0.0869        -0.0013  (VIOLATED)
   u_NV_NVDLA_cmac/u_core/dat3_actv_data[906]
                              0.0856         0.0869        -0.0013  (VIOLATED)
       PIN :   u_NV_NVDLA_cmac/u_core/u_active/dat_actv_data_reg3_reg_906_/Q
                              0.0856         0.0869        -0.0013  (VIOLATED)
   u_NV_NVDLA_cmac/u_core/u_mac_5/pp_out_l0n14_0_d1[26]
                              0.0856         0.0869        -0.0013  (VIOLATED)
       PIN :   u_NV_NVDLA_cmac/u_core/u_mac_5/pp_out_l0n14_0_d1_reg_26_/Q
                              0.0856         0.0869        -0.0013  (VIOLATED)
   u_NV_NVDLA_cmac/u_core/dat7_actv_data[872]
                              0.0861         0.0874        -0.0013  (VIOLATED)
       PIN :   u_NV_NVDLA_cmac/u_core/u_active/dat_actv_data_reg7_reg_872_/Q
                              0.0861         0.0874        -0.0013  (VIOLATED)
   u_NV_NVDLA_cmac/u_core/u_mac_6/pp_out_l0n13_1_d1[11]
                              0.0856         0.0869        -0.0013  (VIOLATED)
       PIN :   u_NV_NVDLA_cmac/u_core/u_mac_6/pp_out_l0n13_1_d1_reg_11_/Q
                              0.0856         0.0869        -0.0013  (VIOLATED)
   u_NV_NVDLA_cmac/u_core/u_active/wt_pre_data[44]
                              0.0856         0.0869        -0.0013  (VIOLATED)
       PIN :   u_NV_NVDLA_cmac/u_core/u_active/wt_pre_data_reg_44_/Q
                              0.0856         0.0869        -0.0013  (VIOLATED)
   u_NV_NVDLA_cmac/u_core/wt0_actv_data[725]
                              0.0856         0.0869        -0.0013  (VIOLATED)
       PIN :   u_NV_NVDLA_cmac/u_core/u_active/wt0_actv_data_reg_725_/Q
                              0.0856         0.0869        -0.0013  (VIOLATED)
   u_NV_NVDLA_cmac/u_core/u_mac_4/pp_out_l0n09_0_d1[16]
                              0.0856         0.0869        -0.0013  (VIOLATED)
       PIN :   u_NV_NVDLA_cmac/u_core/u_mac_4/pp_out_l0n09_0_d1_reg_16_/Q
                              0.0856         0.0869        -0.0013  (VIOLATED)
   u_NV_NVDLA_cmac/u_core/u_mac_5/pp_out_l2n4_0_d2[28]
                              0.0861         0.0874        -0.0013  (VIOLATED)
       PIN :   u_NV_NVDLA_cmac/u_core/u_mac_5/pp_out_l2n4_0_d2_reg_28_/Q
                              0.0861         0.0874        -0.0013  (VIOLATED)
   u_NV_NVDLA_cmac/u_core/dat6_actv_nan[52]
                              0.0861         0.0873        -0.0013  (VIOLATED)
       PIN :   u_NV_NVDLA_cmac/u_core/u_active/dat_actv_nan_reg6_reg_52_/Q
                              0.0861         0.0873        -0.0013  (VIOLATED)
   u_NV_NVDLA_cmac/u_core/u_active/wt2_sd_nan[20]
                              0.0856         0.0868        -0.0013  (VIOLATED)
       PIN :   u_NV_NVDLA_cmac/u_core/u_active/wt2_sd_nan_reg_20_/Q
                              0.0856         0.0868        -0.0013  (VIOLATED)
   u_NV_NVDLA_cmac/u_core/in_wt_data51[0]
                              0.0861         0.0873        -0.0013  (VIOLATED)
       PIN :   u_NV_NVDLA_cmac/u_core/u_rt_in/in_rt_wt_data_d1_reg_408_/Q
                              0.0861         0.0873        -0.0013  (VIOLATED)
   u_NV_NVDLA_cmac/u_core/dat6_actv_data[709]
                              0.0861         0.0873        -0.0013  (VIOLATED)
       PIN :   u_NV_NVDLA_cmac/u_core/u_active/dat_actv_data_reg6_reg_709_/Q
                              0.0861         0.0873        -0.0013  (VIOLATED)
   u_NV_NVDLA_cmac/u_core/u_mac_1/pp_out_l0n10_1_d1[2]
                              0.0856         0.0868        -0.0013  (VIOLATED)
       PIN :   u_NV_NVDLA_cmac/u_core/u_mac_1/pp_out_l0n10_1_d1_reg_2_/Q
                              0.0856         0.0868        -0.0013  (VIOLATED)
   u_NV_NVDLA_cmac/u_core/dat5_actv_data[697]
                              0.0856         0.0868        -0.0013  (VIOLATED)
       PIN :   u_NV_NVDLA_cmac/u_core/u_active/dat_actv_data_reg5_reg_697_/Q
                              0.0856         0.0868        -0.0013  (VIOLATED)
   u_NV_NVDLA_cmac/u_core/dat7_actv_data[878]
                              0.0861         0.0873        -0.0013  (VIOLATED)
       PIN :   u_NV_NVDLA_cmac/u_core/u_active/dat_actv_data_reg7_reg_878_/Q
                              0.0861         0.0873        -0.0013  (VIOLATED)
   u_NV_NVDLA_cmac/u_core/u_mac_6/pp_out_l0n14_0_d1[5]
                              0.0856         0.0868        -0.0013  (VIOLATED)
       PIN :   u_NV_NVDLA_cmac/u_core/u_mac_6/pp_out_l0n14_0_d1_reg_5_/Q
                              0.0856         0.0868        -0.0013  (VIOLATED)
   u_NV_NVDLA_cmac/u_core/u_mac_2/pp_out_l0n00_1_d1[10]
                              0.0856         0.0868        -0.0013  (VIOLATED)
       PIN :   u_NV_NVDLA_cmac/u_core/u_mac_2/pp_out_l0n00_1_d1_reg_10_/Q
                              0.0856         0.0868        -0.0013  (VIOLATED)
   u_NV_NVDLA_cmac/u_core/u_active/dat_pre_data[678]
                              0.0861         0.0873        -0.0013  (VIOLATED)
       PIN :   u_NV_NVDLA_cmac/u_core/u_active/dat_pre_data_reg_678_/Q
                              0.0861         0.0873        -0.0013  (VIOLATED)
   u_NV_NVDLA_cmac/u_core/wt0_actv_data[674]
                              0.0856         0.0868        -0.0013  (VIOLATED)
       PIN :   u_NV_NVDLA_cmac/u_core/u_active/wt0_actv_data_reg_674_/Q
                              0.0856         0.0868        -0.0013  (VIOLATED)
   u_NV_NVDLA_cmac/u_core/u_mac_0/pp_out_l0n11_0_d1[13]
                              0.0856         0.0868        -0.0013  (VIOLATED)
       PIN :   u_NV_NVDLA_cmac/u_core/u_mac_0/pp_out_l0n11_0_d1_reg_13_/Q
                              0.0856         0.0868        -0.0013  (VIOLATED)
   u_NV_NVDLA_cmac/u_core/u_mac_2/pp_out_l0n01_0_d1[17]
                              0.0856         0.0868        -0.0013  (VIOLATED)
       PIN :   u_NV_NVDLA_cmac/u_core/u_mac_2/pp_out_l0n01_0_d1_reg_17_/Q
                              0.0856         0.0868        -0.0013  (VIOLATED)
   u_NV_NVDLA_cmac/u_core/u_mac_3/pp_out_l0n13_0_d1[10]
                              0.0856         0.0868        -0.0013  (VIOLATED)
       PIN :   u_NV_NVDLA_cmac/u_core/u_mac_3/pp_out_l0n13_0_d1_reg_10_/Q
                              0.0856         0.0868        -0.0013  (VIOLATED)
   u_NV_NVDLA_cmac/u_core/u_active/dat_pre_data[166]
                              0.0861         0.0873        -0.0013  (VIOLATED)
       PIN :   u_NV_NVDLA_cmac/u_core/u_active/dat_pre_data_reg_166_/Q
                              0.0861         0.0873        -0.0013  (VIOLATED)
   u_NV_NVDLA_cmac/u_core/dat6_actv_data[764]
                              0.0861         0.0873        -0.0012  (VIOLATED)
       PIN :   u_NV_NVDLA_cmac/u_core/u_active/dat_actv_data_reg6_reg_764_/Q
                              0.0861         0.0873        -0.0012  (VIOLATED)
   u_NV_NVDLA_cmac/u_core/u_mac_1/pp_out_l2n1_1_d2[40]
                              0.0856         0.0868        -0.0012  (VIOLATED)
       PIN :   u_NV_NVDLA_cmac/u_core/u_mac_1/pp_out_l2n1_1_d2_reg_40_/Q
                              0.0856         0.0868        -0.0012  (VIOLATED)
   u_NV_NVDLA_cmac/u_core/u_mac_7/pp_out_l0n03_0_d1[16]
                              0.0856         0.0868        -0.0012  (VIOLATED)
       PIN :   u_NV_NVDLA_cmac/u_core/u_mac_7/pp_out_l0n03_0_d1_reg_16_/Q
                              0.0856         0.0868        -0.0012  (VIOLATED)
   u_NV_NVDLA_cmac/u_core/dat5_actv_data[103]
                              0.0861         0.0873        -0.0012  (VIOLATED)
       PIN :   u_NV_NVDLA_cmac/u_core/u_active/dat_actv_data_reg5_reg_103_/Q
                              0.0861         0.0873        -0.0012  (VIOLATED)
   u_NV_NVDLA_cmac/u_core/u_active/dat_pre_data[523]
                              0.0861         0.0873        -0.0012  (VIOLATED)
       PIN :   u_NV_NVDLA_cmac/u_core/u_active/dat_pre_data_reg_523_/Q
                              0.0861         0.0873        -0.0012  (VIOLATED)
   u_NV_NVDLA_cmac/u_core/in_wt_data36[4]
                              0.0861         0.0873        -0.0012  (VIOLATED)
       PIN :   u_NV_NVDLA_cmac/u_core/u_rt_in/in_rt_wt_data_d1_reg_292_/Q
                              0.0861         0.0873        -0.0012  (VIOLATED)
   u_NV_NVDLA_cmac/u_core/dat7_actv_data[738]
                              0.0861         0.0873        -0.0012  (VIOLATED)
       PIN :   u_NV_NVDLA_cmac/u_core/u_active/dat_actv_data_reg7_reg_738_/Q
                              0.0861         0.0873        -0.0012  (VIOLATED)
   u_NV_NVDLA_cmac/u_core/u_mac_3/pp_out_l0n12_0_d1[6]
                              0.0861         0.0873        -0.0012  (VIOLATED)
       PIN :   u_NV_NVDLA_cmac/u_core/u_mac_3/pp_out_l0n12_0_d1_reg_6_/Q
                              0.0861         0.0873        -0.0012  (VIOLATED)
   u_NV_NVDLA_cmac/u_core/dat4_actv_data[394]
                              0.0856         0.0868        -0.0012  (VIOLATED)
       PIN :   u_NV_NVDLA_cmac/u_core/u_active/dat_actv_data_reg4_reg_394_/Q
                              0.0856         0.0868        -0.0012  (VIOLATED)
   u_NV_NVDLA_cmac/u_core/wt2_actv_data[137]
                              0.0856         0.0868        -0.0012  (VIOLATED)
       PIN :   u_NV_NVDLA_cmac/u_core/u_active/wt2_actv_data_reg_137_/Q
                              0.0856         0.0868        -0.0012  (VIOLATED)
   u_NV_NVDLA_cmac/u_core/u_active/wt0_sd_data[627]
                              0.0861         0.0873        -0.0012  (VIOLATED)
       PIN :   u_NV_NVDLA_cmac/u_core/u_active/wt0_sd_data_reg_627_/Q
                              0.0861         0.0873        -0.0012  (VIOLATED)
   u_NV_NVDLA_cmac/u_core/u_mac_1/res_tag_b7_d1[31]
                              0.0856         0.0868        -0.0012  (VIOLATED)
       PIN :   u_NV_NVDLA_cmac/u_core/u_mac_1/res_tag_b7_d1_reg_31_/Q
                              0.0856         0.0868        -0.0012  (VIOLATED)
   u_NV_NVDLA_cmac/u_core/u_mac_3/pp_out_l0n04_0_d1[8]
                              0.0856         0.0868        -0.0012  (VIOLATED)
       PIN :   u_NV_NVDLA_cmac/u_core/u_mac_3/pp_out_l0n04_0_d1_reg_8_/Q
                              0.0856         0.0868        -0.0012  (VIOLATED)
   u_NV_NVDLA_cmac/u_core/u_mac_2/pp_out_l0n14_1_d1[8]
                              0.0856         0.0868        -0.0012  (VIOLATED)
       PIN :   u_NV_NVDLA_cmac/u_core/u_mac_2/pp_out_l0n14_1_d1_reg_8_/Q
                              0.0856         0.0868        -0.0012  (VIOLATED)
   u_NV_NVDLA_cmac/u_core/wt2_actv_data[44]
                              0.0856         0.0868        -0.0012  (VIOLATED)
       PIN :   u_NV_NVDLA_cmac/u_core/u_active/wt2_actv_data_reg_44_/Q
                              0.0856         0.0868        -0.0012  (VIOLATED)
   u_NV_NVDLA_cmac/u_core/wt3_actv_data[349]
                              0.0856         0.0868        -0.0012  (VIOLATED)
       PIN :   u_NV_NVDLA_cmac/u_core/u_active/wt3_actv_data_reg_349_/Q
                              0.0856         0.0868        -0.0012  (VIOLATED)
   u_NV_NVDLA_cmac/u_core/u_active/dat_pre_data[277]
                              0.0856         0.0868        -0.0012  (VIOLATED)
       PIN :   u_NV_NVDLA_cmac/u_core/u_active/dat_pre_data_reg_277_/Q
                              0.0856         0.0868        -0.0012  (VIOLATED)
   u_NV_NVDLA_cmac/u_core/u_mac_6/pp_out_l2n5_0_d2[13]
                              0.0856         0.0868        -0.0012  (VIOLATED)
       PIN :   u_NV_NVDLA_cmac/u_core/u_mac_6/pp_out_l2n5_0_d2_reg_13_/Q
                              0.0856         0.0868        -0.0012  (VIOLATED)
   u_NV_NVDLA_cmac/u_core/u_mac_0/pp_out_l0n06_1_d1[22]
                              0.0856         0.0868        -0.0012  (VIOLATED)
       PIN :   u_NV_NVDLA_cmac/u_core/u_mac_0/pp_out_l0n06_1_d1_reg_22_/Q
                              0.0856         0.0868        -0.0012  (VIOLATED)
   u_NV_NVDLA_cmac/u_core/u_mac_0/pp_out_l0n08_0_d1[8]
                              0.0856         0.0868        -0.0012  (VIOLATED)
       PIN :   u_NV_NVDLA_cmac/u_core/u_mac_0/pp_out_l0n08_0_d1_reg_8_/Q
                              0.0856         0.0868        -0.0012  (VIOLATED)
   u_NV_NVDLA_cmac/u_core/u_active/wt0_sd_data[78]
                              0.0861         0.0873        -0.0012  (VIOLATED)
       PIN :   u_NV_NVDLA_cmac/u_core/u_active/wt0_sd_data_reg_78_/Q
                              0.0861         0.0873        -0.0012  (VIOLATED)
   u_NV_NVDLA_cmac/u_core/dat2_actv_data[305]
                              0.0861         0.0872        -0.0012  (VIOLATED)
       PIN :   u_NV_NVDLA_cmac/u_core/u_active/dat_actv_data_reg2_reg_305_/Q
                              0.0861         0.0872        -0.0012  (VIOLATED)
   u_NV_NVDLA_cmac/u_core/in_wt_data2[6]
                              0.0861         0.0872        -0.0012  (VIOLATED)
       PIN :   u_NV_NVDLA_cmac/u_core/u_rt_in/in_rt_wt_data_d1_reg_22_/Q
                              0.0861         0.0872        -0.0012  (VIOLATED)
   u_NV_NVDLA_cmac/u_core/u_mac_1/pp_out_l0n04_1_d1[6]
                              0.0856         0.0868        -0.0012  (VIOLATED)
       PIN :   u_NV_NVDLA_cmac/u_core/u_mac_1/pp_out_l0n04_1_d1_reg_6_/Q
                              0.0856         0.0868        -0.0012  (VIOLATED)
   u_NV_NVDLA_cmac/u_core/dat5_actv_data[768]
                              0.0861         0.0872        -0.0012  (VIOLATED)
       PIN :   u_NV_NVDLA_cmac/u_core/u_active/dat_actv_data_reg5_reg_768_/Q
                              0.0861         0.0872        -0.0012  (VIOLATED)
   u_NV_NVDLA_cmac/u_core/u_mac_3/pp_out_l0n12_0_d1[5]
                              0.0861         0.0872        -0.0012  (VIOLATED)
       PIN :   u_NV_NVDLA_cmac/u_core/u_mac_3/pp_out_l0n12_0_d1_reg_5_/Q
                              0.0861         0.0872        -0.0012  (VIOLATED)
   u_NV_NVDLA_cmac/u_core/wt7_actv_data[905]
                              0.0856         0.0867        -0.0012  (VIOLATED)
       PIN :   u_NV_NVDLA_cmac/u_core/u_active/wt7_actv_data_reg_905_/Q
                              0.0856         0.0867        -0.0012  (VIOLATED)
   u_NV_NVDLA_cmac/u_core/wt1_actv_data[831]
                              0.0861         0.0872        -0.0012  (VIOLATED)
       PIN :   u_NV_NVDLA_cmac/u_core/u_active/wt1_actv_data_reg_831_/Q
                              0.0861         0.0872        -0.0012  (VIOLATED)
   u_NV_NVDLA_cmac/u_core/u_mac_2/pp_out_l0n10_0_d1[17]
                              0.0856         0.0867        -0.0012  (VIOLATED)
       PIN :   u_NV_NVDLA_cmac/u_core/u_mac_2/pp_out_l0n10_0_d1_reg_17_/Q
                              0.0856         0.0867        -0.0012  (VIOLATED)
   u_NV_NVDLA_cmac/u_core/wt3_actv_data[193]
                              0.0861         0.0872        -0.0012  (VIOLATED)
       PIN :   u_NV_NVDLA_cmac/u_core/u_active/wt3_actv_data_reg_193_/Q
                              0.0861         0.0872        -0.0012  (VIOLATED)
   u_NV_NVDLA_cmac/u_core/wt6_actv_data[55]
                              0.0856         0.0867        -0.0012  (VIOLATED)
       PIN :   u_NV_NVDLA_cmac/u_core/u_active/wt6_actv_data_reg_55_/Q
                              0.0856         0.0867        -0.0012  (VIOLATED)
   u_NV_NVDLA_cmac/u_core/u_mac_3/pp_out_l0n12_0_d1[3]
                              0.0861         0.0872        -0.0012  (VIOLATED)
       PIN :   u_NV_NVDLA_cmac/u_core/u_mac_3/pp_out_l0n12_0_d1_reg_3_/Q
                              0.0861         0.0872        -0.0012  (VIOLATED)
   u_NV_NVDLA_cmac/u_core/dat2_actv_nz[26]
                              0.0856         0.0867        -0.0012  (VIOLATED)
       PIN :   u_NV_NVDLA_cmac/u_core/u_active/dat_actv_nz_reg2_reg_26_/Q
                              0.0856         0.0867        -0.0012  (VIOLATED)
   u_NV_NVDLA_cmac/u_core/dat4_actv_data[842]
                              0.0856         0.0867        -0.0012  (VIOLATED)
       PIN :   u_NV_NVDLA_cmac/u_core/u_active/dat_actv_data_reg4_reg_842_/Q
                              0.0856         0.0867        -0.0012  (VIOLATED)
   u_NV_NVDLA_cmac/u_core/u_active/wt4_sd_data[814]
                              0.0861         0.0872        -0.0012  (VIOLATED)
       PIN :   u_NV_NVDLA_cmac/u_core/u_active/wt4_sd_data_reg_814_/Q
                              0.0861         0.0872        -0.0012  (VIOLATED)
   u_NV_NVDLA_cmac/u_core/u_mac_2/pp_out_l0n10_1_d1[9]
                              0.0856         0.0867        -0.0012  (VIOLATED)
       PIN :   u_NV_NVDLA_cmac/u_core/u_mac_2/pp_out_l0n10_1_d1_reg_9_/Q
                              0.0856         0.0867        -0.0012  (VIOLATED)
   u_NV_NVDLA_cmac/u_core/u_mac_0/pp_out_l2n2_1_d2[11]
                              0.0856         0.0867        -0.0011  (VIOLATED)
       PIN :   u_NV_NVDLA_cmac/u_core/u_mac_0/pp_out_l2n2_1_d2_reg_11_/Q
                              0.0856         0.0867        -0.0011  (VIOLATED)
   u_NV_NVDLA_cmac/u_core/dat1_actv_data[953]
                              0.0861         0.0872        -0.0011  (VIOLATED)
       PIN :   u_NV_NVDLA_cmac/u_core/u_active/dat_actv_data_reg1_reg_953_/Q
                              0.0861         0.0872        -0.0011  (VIOLATED)
   u_NV_NVDLA_cmac/u_core/u_rt_out/n545
                              0.0861         0.0872        -0.0011  (VIOLATED)
       PIN :   u_NV_NVDLA_cmac/u_core/u_rt_out/out_rt_data0_d1_reg_146_/Q
                              0.0861         0.0872        -0.0011  (VIOLATED)
   u_NV_NVDLA_cmac/u_core/u_mac_2/pp_out_l0n05_0_d1[6]
                              0.0856         0.0867        -0.0011  (VIOLATED)
       PIN :   u_NV_NVDLA_cmac/u_core/u_mac_2/pp_out_l0n05_0_d1_reg_6_/Q
                              0.0856         0.0867        -0.0011  (VIOLATED)
   u_NV_NVDLA_cmac/u_core/in_wt_data107[0]
                              0.0861         0.0872        -0.0011  (VIOLATED)
       PIN :   u_NV_NVDLA_cmac/u_core/u_rt_in/in_rt_wt_data_d1_reg_856_/Q
                              0.0861         0.0872        -0.0011  (VIOLATED)
   u_NV_NVDLA_cmac/u_core/dat5_actv_data[331]
                              0.0856         0.0867        -0.0011  (VIOLATED)
       PIN :   u_NV_NVDLA_cmac/u_core/u_active/dat_actv_data_reg5_reg_331_/Q
                              0.0856         0.0867        -0.0011  (VIOLATED)
   u_NV_NVDLA_cmac/u_core/u_mac_1/pp_out_l0n09_1_d1[2]
                              0.0856         0.0867        -0.0011  (VIOLATED)
       PIN :   u_NV_NVDLA_cmac/u_core/u_mac_1/pp_out_l0n09_1_d1_reg_2_/Q
                              0.0856         0.0867        -0.0011  (VIOLATED)
   u_NV_NVDLA_cmac/u_core/dat1_actv_data[956]
                              0.0861         0.0872        -0.0011  (VIOLATED)
       PIN :   u_NV_NVDLA_cmac/u_core/u_active/dat_actv_data_reg1_reg_956_/Q
                              0.0861         0.0872        -0.0011  (VIOLATED)
   u_NV_NVDLA_cmac/u_core/u_mac_0/pp_out_l2n5_0_d2[17]
                              0.0856         0.0867        -0.0011  (VIOLATED)
       PIN :   u_NV_NVDLA_cmac/u_core/u_mac_0/pp_out_l2n5_0_d2_reg_17_/Q
                              0.0856         0.0867        -0.0011  (VIOLATED)
   u_NV_NVDLA_cmac/u_core/wt1_actv_data[955]
                              0.0861         0.0872        -0.0011  (VIOLATED)
       PIN :   u_NV_NVDLA_cmac/u_core/u_active/wt1_actv_data_reg_955_/Q
                              0.0861         0.0872        -0.0011  (VIOLATED)
   u_NV_NVDLA_cmac/u_core/u_mac_6/pp_out_l0n14_0_d1[24]
                              0.0856         0.0867        -0.0011  (VIOLATED)
       PIN :   u_NV_NVDLA_cmac/u_core/u_mac_6/pp_out_l0n14_0_d1_reg_24_/Q
                              0.0856         0.0867        -0.0011  (VIOLATED)
   u_NV_NVDLA_cmac/u_core/u_active/dat_pre_data[154]
                              0.0861         0.0872        -0.0011  (VIOLATED)
       PIN :   u_NV_NVDLA_cmac/u_core/u_active/dat_pre_data_reg_154_/Q
                              0.0861         0.0872        -0.0011  (VIOLATED)
   u_NV_NVDLA_cmac/u_core/u_mac_2/res_tag_b6_d1[27]
                              0.0856         0.0867        -0.0011  (VIOLATED)
       PIN :   u_NV_NVDLA_cmac/u_core/u_mac_2/res_tag_b6_d1_reg_27_/Q
                              0.0856         0.0867        -0.0011  (VIOLATED)
   u_NV_NVDLA_cmac/u_core/u_active/wt_pre_exp[164]
                              0.0861         0.0872        -0.0011  (VIOLATED)
       PIN :   u_NV_NVDLA_cmac/u_core/u_active/wt_pre_exp_reg_164_/Q
                              0.0861         0.0872        -0.0011  (VIOLATED)
   u_NV_NVDLA_cmac/u_core/u_active/dat_pre_data[683]
                              0.0856         0.0867        -0.0011  (VIOLATED)
       PIN :   u_NV_NVDLA_cmac/u_core/u_active/dat_pre_data_reg_683_/Q
                              0.0856         0.0867        -0.0011  (VIOLATED)
   u_NV_NVDLA_cmac/u_core/u_mac_4/pp_out_l0n10_1_d1[2]
                              0.0856         0.0867        -0.0011  (VIOLATED)
       PIN :   u_NV_NVDLA_cmac/u_core/u_mac_4/pp_out_l0n10_1_d1_reg_2_/Q
                              0.0856         0.0867        -0.0011  (VIOLATED)
   u_NV_NVDLA_cmac/u_core/u_active/wt0_sd_data[628]
                              0.0861         0.0872        -0.0011  (VIOLATED)
       PIN :   u_NV_NVDLA_cmac/u_core/u_active/wt0_sd_data_reg_628_/Q
                              0.0861         0.0872        -0.0011  (VIOLATED)
   u_NV_NVDLA_cmac/u_core/u_mac_1/pp_out_l0n00_0_d1[11]
                              0.0861         0.0872        -0.0011  (VIOLATED)
       PIN :   u_NV_NVDLA_cmac/u_core/u_mac_1/pp_out_l0n00_0_d1_reg_11_/Q
                              0.0861         0.0872        -0.0011  (VIOLATED)
   u_NV_NVDLA_cmac/u_core/u_active/wt_pre_data[905]
                              0.0861         0.0871        -0.0011  (VIOLATED)
       PIN :   u_NV_NVDLA_cmac/u_core/u_active/wt_pre_data_reg_905_/Q
                              0.0861         0.0871        -0.0011  (VIOLATED)
   u_NV_NVDLA_cmac/u_core/dat1_actv_data[538]
                              0.0856         0.0867        -0.0011  (VIOLATED)
       PIN :   u_NV_NVDLA_cmac/u_core/u_active/dat_actv_data_reg1_reg_538_/Q
                              0.0856         0.0867        -0.0011  (VIOLATED)
   u_NV_NVDLA_cmac/u_core/u_mac_5/pp_out_l0n13_0_d1[9]
                              0.0856         0.0867        -0.0011  (VIOLATED)
       PIN :   u_NV_NVDLA_cmac/u_core/u_mac_5/pp_out_l0n13_0_d1_reg_9_/Q
                              0.0856         0.0867        -0.0011  (VIOLATED)
   u_NV_NVDLA_cmac/u_core/wt5_actv_data[669]
                              0.0856         0.0867        -0.0011  (VIOLATED)
       PIN :   u_NV_NVDLA_cmac/u_core/u_active/wt5_actv_data_reg_669_/Q
                              0.0856         0.0867        -0.0011  (VIOLATED)
   u_NV_NVDLA_cmac/u_core/u_active/wt0_sd_data[312]
                              0.0861         0.0871        -0.0011  (VIOLATED)
       PIN :   u_NV_NVDLA_cmac/u_core/u_active/wt0_sd_data_reg_312_/Q
                              0.0861         0.0871        -0.0011  (VIOLATED)
   u_NV_NVDLA_cmac/u_core/dat6_actv_data[815]
                              0.0856         0.0866        -0.0011  (VIOLATED)
       PIN :   u_NV_NVDLA_cmac/u_core/u_active/dat_actv_data_reg6_reg_815_/Q
                              0.0856         0.0866        -0.0011  (VIOLATED)
   u_NV_NVDLA_cmac/u_core/in_dat_data39[1]
                              0.0861         0.0871        -0.0011  (VIOLATED)
       PIN :   u_NV_NVDLA_cmac/u_core/u_rt_in/in_rt_dat_data_d1_reg_313_/Q
                              0.0861         0.0871        -0.0011  (VIOLATED)
   u_NV_NVDLA_cmac/u_core/wt5_actv_data[930]
                              0.0856         0.0866        -0.0011  (VIOLATED)
       PIN :   u_NV_NVDLA_cmac/u_core/u_active/wt5_actv_data_reg_930_/Q
                              0.0856         0.0866        -0.0011  (VIOLATED)
   u_NV_NVDLA_cmac/u_core/u_mac_1/exp_sft_03[3]
                              0.0861         0.0871        -0.0011  (VIOLATED)
       PIN :   u_NV_NVDLA_cmac/u_core/u_mac_1/u_exp/exp_sft_03_reg_3_/Q
                              0.0861         0.0871        -0.0011  (VIOLATED)
   u_NV_NVDLA_cmac/u_core/wt3_actv_data[4]
                              0.0861         0.0871        -0.0011  (VIOLATED)
       PIN :   u_NV_NVDLA_cmac/u_core/u_active/wt3_actv_data_reg_4_/Q
                              0.0861         0.0871        -0.0011  (VIOLATED)
   u_NV_NVDLA_cmac/u_core/u_mac_5/pp_out_l0n07_0_d1[18]
                              0.0856         0.0866        -0.0011  (VIOLATED)
       PIN :   u_NV_NVDLA_cmac/u_core/u_mac_5/pp_out_l0n07_0_d1_reg_18_/Q
                              0.0856         0.0866        -0.0011  (VIOLATED)
   u_NV_NVDLA_cmac/u_core/dat4_actv_data[243]
                              0.0861         0.0871        -0.0011  (VIOLATED)
       PIN :   u_NV_NVDLA_cmac/u_core/u_active/dat_actv_data_reg4_reg_243_/Q
                              0.0861         0.0871        -0.0011  (VIOLATED)
   u_NV_NVDLA_cmac/u_core/dat7_actv_data[199]
                              0.0861         0.0871        -0.0010  (VIOLATED)
       PIN :   u_NV_NVDLA_cmac/u_core/u_active/dat_actv_data_reg7_reg_199_/Q
                              0.0861         0.0871        -0.0010  (VIOLATED)
   u_NV_NVDLA_cmac/u_core/u_mac_4/res_tag_b6_d1[18]
                              0.0856         0.0866        -0.0010  (VIOLATED)
       PIN :   u_NV_NVDLA_cmac/u_core/u_mac_4/res_tag_b6_d1_reg_18_/Q
                              0.0856         0.0866        -0.0010  (VIOLATED)
   u_NV_NVDLA_cmac/u_core/u_mac_5/pp_out_l2n5_1_d2[6]
                              0.0856         0.0866        -0.0010  (VIOLATED)
       PIN :   u_NV_NVDLA_cmac/u_core/u_mac_5/pp_out_l2n5_1_d2_reg_6_/Q
                              0.0856         0.0866        -0.0010  (VIOLATED)
   u_NV_NVDLA_cmac/u_core/u_active/dat_pre_data[650]
                              0.0861         0.0871        -0.0010  (VIOLATED)
       PIN :   u_NV_NVDLA_cmac/u_core/u_active/dat_pre_data_reg_650_/Q
                              0.0861         0.0871        -0.0010  (VIOLATED)
   u_NV_NVDLA_cmac/u_core/u_mac_4/pp_out_l0n00_1_d1[34]
                              0.0861         0.0871        -0.0010  (VIOLATED)
       PIN :   u_NV_NVDLA_cmac/u_core/u_mac_4/pp_out_l0n00_1_d1_reg_34_/Q
                              0.0861         0.0871        -0.0010  (VIOLATED)
   u_NV_NVDLA_cmac/u_core/u_mac_0/pp_out_l0n06_0_d1[8]
                              0.0856         0.0866        -0.0010  (VIOLATED)
       PIN :   u_NV_NVDLA_cmac/u_core/u_mac_0/pp_out_l0n06_0_d1_reg_8_/Q
                              0.0856         0.0866        -0.0010  (VIOLATED)
   u_NV_NVDLA_cmac/u_core/dat6_actv_data[901]
                              0.0861         0.0871        -0.0010  (VIOLATED)
       PIN :   u_NV_NVDLA_cmac/u_core/u_active/dat_actv_data_reg6_reg_901_/Q
                              0.0861         0.0871        -0.0010  (VIOLATED)
   u_NV_NVDLA_cmac/u_core/u_mac_3/pp_out_l0n05_1_d1[20]
                              0.0856         0.0866        -0.0010  (VIOLATED)
       PIN :   u_NV_NVDLA_cmac/u_core/u_mac_3/pp_out_l0n05_1_d1_reg_20_/Q
                              0.0856         0.0866        -0.0010  (VIOLATED)
   u_NV_NVDLA_cmac/u_core/u_mac_2/pp_out_l0n05_0_d1[18]
                              0.0856         0.0866        -0.0010  (VIOLATED)
       PIN :   u_NV_NVDLA_cmac/u_core/u_mac_2/pp_out_l0n05_0_d1_reg_18_/Q
                              0.0856         0.0866        -0.0010  (VIOLATED)
   u_NV_NVDLA_cmac/u_core/dat5_actv_data[388]
                              0.0861         0.0871        -0.0010  (VIOLATED)
       PIN :   u_NV_NVDLA_cmac/u_core/u_active/dat_actv_data_reg5_reg_388_/Q
                              0.0861         0.0871        -0.0010  (VIOLATED)
   u_NV_NVDLA_cmac/u_core/u_mac_1/pp_out_l0n07_0_d1[18]
                              0.0856         0.0866        -0.0010  (VIOLATED)
       PIN :   u_NV_NVDLA_cmac/u_core/u_mac_1/pp_out_l0n07_0_d1_reg_18_/Q
                              0.0856         0.0866        -0.0010  (VIOLATED)
   u_NV_NVDLA_cmac/u_core/u_active/dat_pre_data[155]
                              0.0861         0.0871        -0.0010  (VIOLATED)
       PIN :   u_NV_NVDLA_cmac/u_core/u_active/dat_pre_data_reg_155_/Q
                              0.0861         0.0871        -0.0010  (VIOLATED)
   u_NV_NVDLA_cmac/u_core/u_mac_3/pp_out_l0n12_0_d1[15]
                              0.0861         0.0871        -0.0010  (VIOLATED)
       PIN :   u_NV_NVDLA_cmac/u_core/u_mac_3/pp_out_l0n12_0_d1_reg_15_/Q
                              0.0861         0.0871        -0.0010  (VIOLATED)
   u_NV_NVDLA_cmac/u_core/u_active/wt1_sd_data[277]
                              0.0861         0.0871        -0.0010  (VIOLATED)
       PIN :   u_NV_NVDLA_cmac/u_core/u_active/wt1_sd_data_reg_277_/Q
                              0.0861         0.0871        -0.0010  (VIOLATED)
   u_NV_NVDLA_cmac/u_core/u_mac_3/pp_out_l0n12_1_d1[11]
                              0.0861         0.0871        -0.0010  (VIOLATED)
       PIN :   u_NV_NVDLA_cmac/u_core/u_mac_3/pp_out_l0n12_1_d1_reg_11_/Q
                              0.0861         0.0871        -0.0010  (VIOLATED)
   u_NV_NVDLA_cmac/u_core/u_mac_3/pp_out_l0n07_0_d1[11]
                              0.0856         0.0866        -0.0010  (VIOLATED)
       PIN :   u_NV_NVDLA_cmac/u_core/u_mac_3/pp_out_l0n07_0_d1_reg_11_/Q
                              0.0856         0.0866        -0.0010  (VIOLATED)
   u_NV_NVDLA_cmac/u_core/dat3_actv_data[668]
                              0.0856         0.0866        -0.0010  (VIOLATED)
       PIN :   u_NV_NVDLA_cmac/u_core/u_active/dat_actv_data_reg3_reg_668_/Q
                              0.0856         0.0866        -0.0010  (VIOLATED)
   u_NV_NVDLA_cmac/u_core/dat1_actv_data[647]
                              0.0861         0.0871        -0.0010  (VIOLATED)
       PIN :   u_NV_NVDLA_cmac/u_core/u_active/dat_actv_data_reg1_reg_647_/Q
                              0.0861         0.0871        -0.0010  (VIOLATED)
   u_NV_NVDLA_cmac/u_core/wt1_actv_data[209]
                              0.0861         0.0871        -0.0010  (VIOLATED)
       PIN :   u_NV_NVDLA_cmac/u_core/u_active/wt1_actv_data_reg_209_/Q
                              0.0861         0.0871        -0.0010  (VIOLATED)
   u_NV_NVDLA_cmac/u_core/dat0_actv_data[797]
                              0.0856         0.0866        -0.0010  (VIOLATED)
       PIN :   u_NV_NVDLA_cmac/u_core/u_active/dat_actv_data_reg0_reg_797_/Q
                              0.0856         0.0866        -0.0010  (VIOLATED)
   u_NV_NVDLA_cmac/u_core/u_active/wt0_sd_data[264]
                              0.0861         0.0871        -0.0010  (VIOLATED)
       PIN :   u_NV_NVDLA_cmac/u_core/u_active/wt0_sd_data_reg_264_/Q
                              0.0861         0.0871        -0.0010  (VIOLATED)
   u_NV_NVDLA_cmac/u_core/u_active/dat_pre_nz[89]
                              0.0861         0.0871        -0.0010  (VIOLATED)
       PIN :   u_NV_NVDLA_cmac/u_core/u_active/dat_pre_nz_reg_89_/Q
                              0.0861         0.0871        -0.0010  (VIOLATED)
   u_NV_NVDLA_cmac/u_core/wt6_actv_nan[44]
                              0.0856         0.0866        -0.0010  (VIOLATED)
       PIN :   u_NV_NVDLA_cmac/u_core/u_active/wt6_actv_nan_reg_44_/Q
                              0.0856         0.0866        -0.0010  (VIOLATED)
   u_NV_NVDLA_cmac/u_core/u_mac_2/pp_out_l0n10_0_d1[23]
                              0.0856         0.0866        -0.0010  (VIOLATED)
       PIN :   u_NV_NVDLA_cmac/u_core/u_mac_2/pp_out_l0n10_0_d1_reg_23_/Q
                              0.0856         0.0866        -0.0010  (VIOLATED)
   u_NV_NVDLA_cmac/u_core/dat1_actv_data[519]
                              0.0861         0.0871        -0.0010  (VIOLATED)
       PIN :   u_NV_NVDLA_cmac/u_core/u_active/dat_actv_data_reg1_reg_519_/Q
                              0.0861         0.0871        -0.0010  (VIOLATED)
   u_NV_NVDLA_cmac/u_core/u_mac_2/pp_out_l0n00_0_d1[6]
                              0.0856         0.0866        -0.0010  (VIOLATED)
       PIN :   u_NV_NVDLA_cmac/u_core/u_mac_2/pp_out_l0n00_0_d1_reg_6_/Q
                              0.0856         0.0866        -0.0010  (VIOLATED)
   u_NV_NVDLA_cmac/u_core/u_mac_1/pp_out_l2n5_0_d2[31]
                              0.0856         0.0866        -0.0010  (VIOLATED)
       PIN :   u_NV_NVDLA_cmac/u_core/u_mac_1/pp_out_l2n5_0_d2_reg_31_/Q
                              0.0856         0.0866        -0.0010  (VIOLATED)
   u_NV_NVDLA_cmac/u_core/u_mac_5/pp_out_l2n4_1_d2[30]
                              0.0861         0.0870        -0.0010  (VIOLATED)
       PIN :   u_NV_NVDLA_cmac/u_core/u_mac_5/pp_out_l2n4_1_d2_reg_30_/Q
                              0.0861         0.0870        -0.0010  (VIOLATED)
   u_NV_NVDLA_cmac/u_core/u_active/dat_pre_data[342]
                              0.0861         0.0870        -0.0010  (VIOLATED)
       PIN :   u_NV_NVDLA_cmac/u_core/u_active/dat_pre_data_reg_342_/Q
                              0.0861         0.0870        -0.0010  (VIOLATED)
   u_NV_NVDLA_cmac/u_core/u_mac_5/pp_out_l2n7_0_d2[26]
                              0.0861         0.0870        -0.0010  (VIOLATED)
       PIN :   u_NV_NVDLA_cmac/u_core/u_mac_5/pp_out_l2n7_0_d2_reg_26_/Q
                              0.0861         0.0870        -0.0010  (VIOLATED)
   u_NV_NVDLA_cmac/u_core/dat2_actv_data[106]
                              0.0861         0.0870        -0.0010  (VIOLATED)
       PIN :   u_NV_NVDLA_cmac/u_core/u_active/dat_actv_data_reg2_reg_106_/Q
                              0.0861         0.0870        -0.0010  (VIOLATED)
   u_NV_NVDLA_cmac/u_core/dat6_actv_data[719]
                              0.0861         0.0870        -0.0010  (VIOLATED)
       PIN :   u_NV_NVDLA_cmac/u_core/u_active/dat_actv_data_reg6_reg_719_/Q
                              0.0861         0.0870        -0.0010  (VIOLATED)
   u_NV_NVDLA_cmac/u_core/dat4_actv_data[236]
                              0.0856         0.0865        -0.0010  (VIOLATED)
       PIN :   u_NV_NVDLA_cmac/u_core/u_active/dat_actv_data_reg4_reg_236_/Q
                              0.0856         0.0865        -0.0010  (VIOLATED)
   u_NV_NVDLA_cmac/u_core/dat7_actv_nan[13]
                              0.0856         0.0865        -0.0010  (VIOLATED)
       PIN :   u_NV_NVDLA_cmac/u_core/u_active/dat_actv_nan_reg7_reg_13_/Q
                              0.0856         0.0865        -0.0010  (VIOLATED)
   u_NV_NVDLA_cmac/u_core/wt2_actv_data[149]
                              0.0856         0.0865        -0.0010  (VIOLATED)
       PIN :   u_NV_NVDLA_cmac/u_core/u_active/wt2_actv_data_reg_149_/Q
                              0.0856         0.0865        -0.0010  (VIOLATED)
   u_NV_NVDLA_cmac/u_core/wt7_actv_data[164]
                              0.0856         0.0865        -0.0010  (VIOLATED)
       PIN :   u_NV_NVDLA_cmac/u_core/u_active/wt7_actv_data_reg_164_/Q
                              0.0856         0.0865        -0.0010  (VIOLATED)
   u_NV_NVDLA_cmac/u_core/u_mac_2/pp_out_l0n00_0_d1[14]
                              0.0856         0.0865        -0.0010  (VIOLATED)
       PIN :   u_NV_NVDLA_cmac/u_core/u_mac_2/pp_out_l0n00_0_d1_reg_14_/Q
                              0.0856         0.0865        -0.0010  (VIOLATED)
   u_NV_NVDLA_cmac/u_core/in_dat_data87[0]
                              0.0861         0.0870        -0.0010  (VIOLATED)
       PIN :   u_NV_NVDLA_cmac/u_core/u_rt_in/in_rt_dat_data_d1_reg_696_/Q
                              0.0861         0.0870        -0.0010  (VIOLATED)
   u_NV_NVDLA_cmac/u_core/u_mac_3/pp_out_l0n12_1_d1[4]
                              0.0861         0.0870        -0.0010  (VIOLATED)
       PIN :   u_NV_NVDLA_cmac/u_core/u_mac_3/pp_out_l0n12_1_d1_reg_4_/Q
                              0.0861         0.0870        -0.0010  (VIOLATED)
   u_NV_NVDLA_cmac/u_core/u_mac_0/pp_out_l2n4_0_d2[16]
                              0.0856         0.0865        -0.0010  (VIOLATED)
       PIN :   u_NV_NVDLA_cmac/u_core/u_mac_0/pp_out_l2n4_0_d2_reg_16_/Q
                              0.0856         0.0865        -0.0010  (VIOLATED)
   u_NV_NVDLA_cmac/u_core/u_mac_2/pp_out_l0n10_1_d1[26]
                              0.0856         0.0865        -0.0010  (VIOLATED)
       PIN :   u_NV_NVDLA_cmac/u_core/u_mac_2/pp_out_l0n10_1_d1_reg_26_/Q
                              0.0856         0.0865        -0.0010  (VIOLATED)
   u_NV_NVDLA_cmac/u_core/wt0_actv_data[6]
                              0.0856         0.0865        -0.0010  (VIOLATED)
       PIN :   u_NV_NVDLA_cmac/u_core/u_active/wt0_actv_data_reg_6_/Q
                              0.0856         0.0865        -0.0010  (VIOLATED)
   u_NV_NVDLA_cmac/u_core/wt7_actv_data[97]
                              0.0856         0.0865        -0.0010  (VIOLATED)
       PIN :   u_NV_NVDLA_cmac/u_core/u_active/wt7_actv_data_reg_97_/Q
                              0.0856         0.0865        -0.0010  (VIOLATED)
   u_NV_NVDLA_cmac/u_core/dat7_actv_data[482]
                              0.0861         0.0870        -0.0010  (VIOLATED)
       PIN :   u_NV_NVDLA_cmac/u_core/u_active/dat_actv_data_reg7_reg_482_/Q
                              0.0861         0.0870        -0.0010  (VIOLATED)
   u_NV_NVDLA_cmac/u_core/dat6_actv_data[316]
                              0.0856         0.0865        -0.0010  (VIOLATED)
       PIN :   u_NV_NVDLA_cmac/u_core/u_active/dat_actv_data_reg6_reg_316_/Q
                              0.0856         0.0865        -0.0010  (VIOLATED)
   u_NV_NVDLA_cmac/u_core/u_mac_2/pp_out_l0n06_1_d1[22]
                              0.0856         0.0865        -0.0010  (VIOLATED)
       PIN :   u_NV_NVDLA_cmac/u_core/u_mac_2/pp_out_l0n06_1_d1_reg_22_/Q
                              0.0856         0.0865        -0.0010  (VIOLATED)
   u_NV_NVDLA_cmac/u_core/dat6_actv_data[727]
                              0.0861         0.0870        -0.0010  (VIOLATED)
       PIN :   u_NV_NVDLA_cmac/u_core/u_active/dat_actv_data_reg6_reg_727_/Q
                              0.0861         0.0870        -0.0010  (VIOLATED)
   u_NV_NVDLA_cmac/u_core/u_mac_7/pp_out_l2n7_0_d2[3]
                              0.0856         0.0865        -0.0010  (VIOLATED)
       PIN :   u_NV_NVDLA_cmac/u_core/u_mac_7/pp_out_l2n7_0_d2_reg_3_/Q
                              0.0856         0.0865        -0.0010  (VIOLATED)
   u_NV_NVDLA_cmac/u_core/dat4_actv_data[698]
                              0.0861         0.0870        -0.0009  (VIOLATED)
       PIN :   u_NV_NVDLA_cmac/u_core/u_active/dat_actv_data_reg4_reg_698_/Q
                              0.0861         0.0870        -0.0009  (VIOLATED)
   u_NV_NVDLA_cmac/u_core/u_mac_7/exp_sft_15[0]
                              0.0861         0.0870        -0.0009  (VIOLATED)
       PIN :   u_NV_NVDLA_cmac/u_core/u_mac_7/u_exp/exp_sft_15_reg_0_/Q
                              0.0861         0.0870        -0.0009  (VIOLATED)
   u_NV_NVDLA_cmac/u_core/wt5_actv_nan[44]
                              0.0861         0.0870        -0.0009  (VIOLATED)
       PIN :   u_NV_NVDLA_cmac/u_core/u_active/wt5_actv_nan_reg_44_/Q
                              0.0861         0.0870        -0.0009  (VIOLATED)
   u_NV_NVDLA_cmac/u_core/dat3_actv_nan[36]
                              0.0856         0.0865        -0.0009  (VIOLATED)
       PIN :   u_NV_NVDLA_cmac/u_core/u_active/dat_actv_nan_reg3_reg_36_/Q
                              0.0856         0.0865        -0.0009  (VIOLATED)
   u_NV_NVDLA_cmac/u_core/dat4_actv_nan[31]
                              0.0856         0.0865        -0.0009  (VIOLATED)
       PIN :   u_NV_NVDLA_cmac/u_core/u_active/dat_actv_nan_reg4_reg_31_/Q
                              0.0856         0.0865        -0.0009  (VIOLATED)
   u_NV_NVDLA_cmac/u_core/u_mac_1/pp_out_l0n13_0_d1[13]
                              0.0856         0.0865        -0.0009  (VIOLATED)
       PIN :   u_NV_NVDLA_cmac/u_core/u_mac_1/pp_out_l0n13_0_d1_reg_13_/Q
                              0.0856         0.0865        -0.0009  (VIOLATED)
   u_NV_NVDLA_cmac/u_core/u_mac_0/pp_out_l2n5_0_d2[15]
                              0.0856         0.0865        -0.0009  (VIOLATED)
       PIN :   u_NV_NVDLA_cmac/u_core/u_mac_0/pp_out_l2n5_0_d2_reg_15_/Q
                              0.0856         0.0865        -0.0009  (VIOLATED)
   u_NV_NVDLA_cmac/u_core/u_mac_1/pp_out_l2n1_1_d2[25]
                              0.0856         0.0865        -0.0009  (VIOLATED)
       PIN :   u_NV_NVDLA_cmac/u_core/u_mac_1/pp_out_l2n1_1_d2_reg_25_/Q
                              0.0856         0.0865        -0.0009  (VIOLATED)
   u_NV_NVDLA_cmac/u_core/in_dat_data36[2]
                              0.0861         0.0870        -0.0009  (VIOLATED)
       PIN :   u_NV_NVDLA_cmac/u_core/u_rt_in/in_rt_dat_data_d1_reg_290_/Q
                              0.0861         0.0870        -0.0009  (VIOLATED)
   u_NV_NVDLA_cmac/u_core/u_mac_5/n4869
                              0.0861         0.0870        -0.0009  (VIOLATED)
       PIN :   u_NV_NVDLA_cmac/u_core/u_mac_5/mac_out_data_reg_115_/Q
                              0.0861         0.0870        -0.0009  (VIOLATED)
   u_NV_NVDLA_cmac/u_core/in_wt_data66[7]
                              0.0861         0.0870        -0.0009  (VIOLATED)
       PIN :   u_NV_NVDLA_cmac/u_core/u_rt_in/in_rt_wt_data_d1_reg_535_/Q
                              0.0861         0.0870        -0.0009  (VIOLATED)
   u_NV_NVDLA_cmac/u_core/dat0_actv_data[604]
                              0.0856         0.0865        -0.0009  (VIOLATED)
       PIN :   u_NV_NVDLA_cmac/u_core/u_active/dat_actv_data_reg0_reg_604_/Q
                              0.0856         0.0865        -0.0009  (VIOLATED)
   u_NV_NVDLA_cmac/u_core/wt1_actv_data[148]
                              0.0856         0.0865        -0.0009  (VIOLATED)
       PIN :   u_NV_NVDLA_cmac/u_core/u_active/wt1_actv_data_reg_148_/Q
                              0.0856         0.0865        -0.0009  (VIOLATED)
   u_NV_NVDLA_cmac/u_core/dat7_actv_data[848]
                              0.0861         0.0870        -0.0009  (VIOLATED)
       PIN :   u_NV_NVDLA_cmac/u_core/u_active/dat_actv_data_reg7_reg_848_/Q
                              0.0861         0.0870        -0.0009  (VIOLATED)
   u_NV_NVDLA_cmac/u_core/u_active/wt_pre_mask[63]
                              0.0856         0.0865        -0.0009  (VIOLATED)
       PIN :   u_NV_NVDLA_cmac/u_core/u_active/wt_pre_mask_reg_63_/Q
                              0.0856         0.0865        -0.0009  (VIOLATED)
   u_NV_NVDLA_cmac/u_core/wt2_actv_data[289]
                              0.0856         0.0865        -0.0009  (VIOLATED)
       PIN :   u_NV_NVDLA_cmac/u_core/u_active/wt2_actv_data_reg_289_/Q
                              0.0856         0.0865        -0.0009  (VIOLATED)
   u_NV_NVDLA_cmac/u_core/wt1_actv_data[67]
                              0.0861         0.0870        -0.0009  (VIOLATED)
       PIN :   u_NV_NVDLA_cmac/u_core/u_active/wt1_actv_data_reg_67_/Q
                              0.0861         0.0870        -0.0009  (VIOLATED)
   u_NV_NVDLA_cmac/u_core/dat5_actv_data[9]
                              0.0856         0.0865        -0.0009  (VIOLATED)
       PIN :   u_NV_NVDLA_cmac/u_core/u_active/dat_actv_data_reg5_reg_9_/Q
                              0.0856         0.0865        -0.0009  (VIOLATED)
   u_NV_NVDLA_cmac/u_core/u_mac_1/pp_out_l0n01_0_d1[2]
                              0.0856         0.0865        -0.0009  (VIOLATED)
       PIN :   u_NV_NVDLA_cmac/u_core/u_mac_1/pp_out_l0n01_0_d1_reg_2_/Q
                              0.0856         0.0865        -0.0009  (VIOLATED)
   u_NV_NVDLA_cmac/u_core/u_active/wt0_sd_data[619]
                              0.0861         0.0870        -0.0009  (VIOLATED)
       PIN :   u_NV_NVDLA_cmac/u_core/u_active/wt0_sd_data_reg_619_/Q
                              0.0861         0.0870        -0.0009  (VIOLATED)
   u_NV_NVDLA_cmac/u_core/wt4_actv_nan[38]
                              0.0861         0.0869        -0.0009  (VIOLATED)
       PIN :   u_NV_NVDLA_cmac/u_core/u_active/wt4_actv_nan_reg_38_/Q
                              0.0861         0.0869        -0.0009  (VIOLATED)
   u_NV_NVDLA_cmac/u_core/dat4_actv_nan[52]
                              0.0856         0.0865        -0.0009  (VIOLATED)
       PIN :   u_NV_NVDLA_cmac/u_core/u_active/dat_actv_nan_reg4_reg_52_/Q
                              0.0856         0.0865        -0.0009  (VIOLATED)
   u_NV_NVDLA_cmac/u_core/u_mac_5/pp_out_l2n3_1_d2[29]
                              0.0861         0.0869        -0.0009  (VIOLATED)
       PIN :   u_NV_NVDLA_cmac/u_core/u_mac_5/pp_out_l2n3_1_d2_reg_29_/Q
                              0.0861         0.0869        -0.0009  (VIOLATED)
   u_NV_NVDLA_cmac/u_core/wt5_actv_nan[38]
                              0.0856         0.0865        -0.0009  (VIOLATED)
       PIN :   u_NV_NVDLA_cmac/u_core/u_active/wt5_actv_nan_reg_38_/Q
                              0.0856         0.0865        -0.0009  (VIOLATED)
   u_NV_NVDLA_cmac/u_core/u_mac_0/pp_out_l2n4_0_d2[4]
                              0.0856         0.0865        -0.0009  (VIOLATED)
       PIN :   u_NV_NVDLA_cmac/u_core/u_mac_0/pp_out_l2n4_0_d2_reg_4_/Q
                              0.0856         0.0865        -0.0009  (VIOLATED)
   u_NV_NVDLA_cmac/u_core/wt5_actv_data[883]
                              0.0856         0.0864        -0.0009  (VIOLATED)
       PIN :   u_NV_NVDLA_cmac/u_core/u_active/wt5_actv_data_reg_883_/Q
                              0.0856         0.0864        -0.0009  (VIOLATED)
   u_NV_NVDLA_cmac/u_core/u_active/dat_pre_data[674]
                              0.0861         0.0869        -0.0009  (VIOLATED)
       PIN :   u_NV_NVDLA_cmac/u_core/u_active/dat_pre_data_reg_674_/Q
                              0.0861         0.0869        -0.0009  (VIOLATED)
   u_NV_NVDLA_cmac/u_core/wt5_actv_nan[19]
                              0.0856         0.0864        -0.0009  (VIOLATED)
       PIN :   u_NV_NVDLA_cmac/u_core/u_active/wt5_actv_nan_reg_19_/Q
                              0.0856         0.0864        -0.0009  (VIOLATED)
   u_NV_NVDLA_cmac/u_core/wt0_actv_data[197]
                              0.0856         0.0864        -0.0009  (VIOLATED)
       PIN :   u_NV_NVDLA_cmac/u_core/u_active/wt0_actv_data_reg_197_/Q
                              0.0856         0.0864        -0.0009  (VIOLATED)
   u_NV_NVDLA_cmac/u_core/in_wt_data5[3]
                              0.0861         0.0869        -0.0009  (VIOLATED)
       PIN :   u_NV_NVDLA_cmac/u_core/u_rt_in/in_rt_wt_data_d1_reg_43_/Q
                              0.0861         0.0869        -0.0009  (VIOLATED)
   u_NV_NVDLA_cmac/u_core/u_mac_7/pp_out_l0n01_0_d1[25]
                              0.0856         0.0864        -0.0009  (VIOLATED)
       PIN :   u_NV_NVDLA_cmac/u_core/u_mac_7/pp_out_l0n01_0_d1_reg_25_/Q
                              0.0856         0.0864        -0.0009  (VIOLATED)
   u_NV_NVDLA_cmac/u_core/wt2_actv_data[183]
                              0.0861         0.0869        -0.0009  (VIOLATED)
       PIN :   u_NV_NVDLA_cmac/u_core/u_active/wt2_actv_data_reg_183_/Q
                              0.0861         0.0869        -0.0009  (VIOLATED)
   u_NV_NVDLA_cmac/u_core/u_mac_7/res_tag_b7_d1[16]
                              0.0856         0.0864        -0.0009  (VIOLATED)
       PIN :   u_NV_NVDLA_cmac/u_core/u_mac_7/res_tag_b7_d1_reg_16_/Q
                              0.0856         0.0864        -0.0009  (VIOLATED)
   u_NV_NVDLA_cmac/u_core/dat5_actv_nan[51]
                              0.0856         0.0864        -0.0009  (VIOLATED)
       PIN :   u_NV_NVDLA_cmac/u_core/u_active/dat_actv_nan_reg5_reg_51_/Q
                              0.0856         0.0864        -0.0009  (VIOLATED)
   u_NV_NVDLA_cmac/u_core/u_active/wt0_sd_data[549]
                              0.0861         0.0869        -0.0009  (VIOLATED)
       PIN :   u_NV_NVDLA_cmac/u_core/u_active/wt0_sd_data_reg_549_/Q
                              0.0861         0.0869        -0.0009  (VIOLATED)
   u_NV_NVDLA_cmac/u_core/u_active/wt_pre_data[33]
                              0.0856         0.0864        -0.0009  (VIOLATED)
       PIN :   u_NV_NVDLA_cmac/u_core/u_active/wt_pre_data_reg_33_/Q
                              0.0856         0.0864        -0.0009  (VIOLATED)
   u_NV_NVDLA_cmac/u_core/dat5_actv_data[709]
                              0.0861         0.0869        -0.0009  (VIOLATED)
       PIN :   u_NV_NVDLA_cmac/u_core/u_active/dat_actv_data_reg5_reg_709_/Q
                              0.0861         0.0869        -0.0009  (VIOLATED)
   u_NV_NVDLA_cmac/u_core/wt4_actv_data[36]
                              0.0856         0.0864        -0.0009  (VIOLATED)
       PIN :   u_NV_NVDLA_cmac/u_core/u_active/wt4_actv_data_reg_36_/Q
                              0.0856         0.0864        -0.0009  (VIOLATED)
   u_NV_NVDLA_cmac/u_core/u_mac_7/pp_out_l2n5_0_d2[36]
                              0.0856         0.0864        -0.0009  (VIOLATED)
       PIN :   u_NV_NVDLA_cmac/u_core/u_mac_7/pp_out_l2n5_0_d2_reg_36_/Q
                              0.0856         0.0864        -0.0009  (VIOLATED)
   u_NV_NVDLA_cmac/u_core/wt6_actv_nan[46]
                              0.0861         0.0869        -0.0009  (VIOLATED)
       PIN :   u_NV_NVDLA_cmac/u_core/u_active/wt6_actv_nan_reg_46_/Q
                              0.0861         0.0869        -0.0009  (VIOLATED)
   u_NV_NVDLA_cmac/u_core/wt5_actv_data[1009]
                              0.0856         0.0864        -0.0009  (VIOLATED)
       PIN :   u_NV_NVDLA_cmac/u_core/u_active/wt5_actv_data_reg_1009_/Q
                              0.0856         0.0864        -0.0009  (VIOLATED)
   u_NV_NVDLA_cmac/u_core/dat5_actv_data[867]
                              0.0861         0.0869        -0.0009  (VIOLATED)
       PIN :   u_NV_NVDLA_cmac/u_core/u_active/dat_actv_data_reg5_reg_867_/Q
                              0.0861         0.0869        -0.0009  (VIOLATED)
   u_NV_NVDLA_cmac/u_core/u_mac_5/pp_out_l0n00_1_d1[15]
                              0.0856         0.0864        -0.0009  (VIOLATED)
       PIN :   u_NV_NVDLA_cmac/u_core/u_mac_5/pp_out_l0n00_1_d1_reg_15_/Q
                              0.0856         0.0864        -0.0009  (VIOLATED)
   u_NV_NVDLA_cmac/u_core/u_mac_0/pp_out_l0n11_1_d1[27]
                              0.0856         0.0864        -0.0009  (VIOLATED)
       PIN :   u_NV_NVDLA_cmac/u_core/u_mac_0/pp_out_l0n11_1_d1_reg_27_/Q
                              0.0856         0.0864        -0.0009  (VIOLATED)
   u_NV_NVDLA_cmac/u_core/dat2_actv_data[214]
                              0.0861         0.0869        -0.0009  (VIOLATED)
       PIN :   u_NV_NVDLA_cmac/u_core/u_active/dat_actv_data_reg2_reg_214_/Q
                              0.0861         0.0869        -0.0009  (VIOLATED)
   u_NV_NVDLA_cmac/u_core/dat2_actv_data[8]
                              0.0861         0.0869        -0.0008  (VIOLATED)
       PIN :   u_NV_NVDLA_cmac/u_core/u_active/dat_actv_data_reg2_reg_8_/Q
                              0.0861         0.0869        -0.0008  (VIOLATED)
   u_NV_NVDLA_cmac/u_core/u_active/wt0_sd_data[629]
                              0.0861         0.0869        -0.0008  (VIOLATED)
       PIN :   u_NV_NVDLA_cmac/u_core/u_active/wt0_sd_data_reg_629_/Q
                              0.0861         0.0869        -0.0008  (VIOLATED)
   u_NV_NVDLA_cmac/u_core/dat2_actv_data[509]
                              0.0861         0.0869        -0.0008  (VIOLATED)
       PIN :   u_NV_NVDLA_cmac/u_core/u_active/dat_actv_data_reg2_reg_509_/Q
                              0.0861         0.0869        -0.0008  (VIOLATED)
   u_NV_NVDLA_cmac/u_core/dat1_actv_data[842]
                              0.0856         0.0864        -0.0008  (VIOLATED)
       PIN :   u_NV_NVDLA_cmac/u_core/u_active/dat_actv_data_reg1_reg_842_/Q
                              0.0856         0.0864        -0.0008  (VIOLATED)
   u_NV_NVDLA_cmac/u_core/u_mac_0/pp_out_l0n06_1_d1[20]
                              0.0856         0.0864        -0.0008  (VIOLATED)
       PIN :   u_NV_NVDLA_cmac/u_core/u_mac_0/pp_out_l0n06_1_d1_reg_20_/Q
                              0.0856         0.0864        -0.0008  (VIOLATED)
   u_NV_NVDLA_cmac/u_core/u_mac_5/pp_out_l0n00_1_d1[13]
                              0.0856         0.0864        -0.0008  (VIOLATED)
       PIN :   u_NV_NVDLA_cmac/u_core/u_mac_5/pp_out_l0n00_1_d1_reg_13_/Q
                              0.0856         0.0864        -0.0008  (VIOLATED)
   u_NV_NVDLA_cmac/u_core/dat4_actv_data[472]
                              0.0856         0.0864        -0.0008  (VIOLATED)
       PIN :   u_NV_NVDLA_cmac/u_core/u_active/dat_actv_data_reg4_reg_472_/Q
                              0.0856         0.0864        -0.0008  (VIOLATED)
   u_NV_NVDLA_cmac/u_core/wt2_actv_data[303]
                              0.0856         0.0864        -0.0008  (VIOLATED)
       PIN :   u_NV_NVDLA_cmac/u_core/u_active/wt2_actv_data_reg_303_/Q
                              0.0856         0.0864        -0.0008  (VIOLATED)
   u_NV_NVDLA_cmac/u_core/in_dat_data2[3]
                              0.0861         0.0869        -0.0008  (VIOLATED)
       PIN :   u_NV_NVDLA_cmac/u_core/u_rt_in/in_rt_dat_data_d1_reg_19_/Q
                              0.0861         0.0869        -0.0008  (VIOLATED)
   u_NV_NVDLA_cmac/u_core/u_mac_5/pp_out_l2n7_0_d2[35]
                              0.0861         0.0869        -0.0008  (VIOLATED)
       PIN :   u_NV_NVDLA_cmac/u_core/u_mac_5/pp_out_l2n7_0_d2_reg_35_/Q
                              0.0861         0.0869        -0.0008  (VIOLATED)
   u_NV_NVDLA_cmac/u_core/u_mac_6/pp_out_l2n7_0_d2[18]
                              0.0861         0.0869        -0.0008  (VIOLATED)
       PIN :   u_NV_NVDLA_cmac/u_core/u_mac_6/pp_out_l2n7_0_d2_reg_18_/Q
                              0.0861         0.0869        -0.0008  (VIOLATED)
   u_NV_NVDLA_cmac/u_core/dat2_actv_data[213]
                              0.0861         0.0869        -0.0008  (VIOLATED)
       PIN :   u_NV_NVDLA_cmac/u_core/u_active/dat_actv_data_reg2_reg_213_/Q
                              0.0861         0.0869        -0.0008  (VIOLATED)
   u_NV_NVDLA_cmac/u_core/u_active/wt0_sd_data[73]
                              0.0861         0.0869        -0.0008  (VIOLATED)
       PIN :   u_NV_NVDLA_cmac/u_core/u_active/wt0_sd_data_reg_73_/Q
                              0.0861         0.0869        -0.0008  (VIOLATED)
   u_NV_NVDLA_cmac/u_core/u_active/wt4_sd_data[534]
                              0.0861         0.0869        -0.0008  (VIOLATED)
       PIN :   u_NV_NVDLA_cmac/u_core/u_active/wt4_sd_data_reg_534_/Q
                              0.0861         0.0869        -0.0008  (VIOLATED)
   u_NV_NVDLA_cmac/u_core/u_mac_1/pp_out_l2n6_1_d2[4]
                              0.0856         0.0864        -0.0008  (VIOLATED)
       PIN :   u_NV_NVDLA_cmac/u_core/u_mac_1/pp_out_l2n6_1_d2_reg_4_/Q
                              0.0856         0.0864        -0.0008  (VIOLATED)
   u_NV_NVDLA_cmac/u_core/u_mac_0/pp_out_l2n4_0_d2[12]
                              0.0856         0.0864        -0.0008  (VIOLATED)
       PIN :   u_NV_NVDLA_cmac/u_core/u_mac_0/pp_out_l2n4_0_d2_reg_12_/Q
                              0.0856         0.0864        -0.0008  (VIOLATED)
   u_NV_NVDLA_cmac/u_core/dat2_actv_data[415]
                              0.0861         0.0869        -0.0008  (VIOLATED)
       PIN :   u_NV_NVDLA_cmac/u_core/u_active/dat_actv_data_reg2_reg_415_/Q
                              0.0861         0.0869        -0.0008  (VIOLATED)
   u_NV_NVDLA_cmac/u_core/dat7_actv_data[573]
                              0.0861         0.0869        -0.0008  (VIOLATED)
       PIN :   u_NV_NVDLA_cmac/u_core/u_active/dat_actv_data_reg7_reg_573_/Q
                              0.0861         0.0869        -0.0008  (VIOLATED)
   u_NV_NVDLA_cmac/u_core/dat4_actv_data[841]
                              0.0856         0.0864        -0.0008  (VIOLATED)
       PIN :   u_NV_NVDLA_cmac/u_core/u_active/dat_actv_data_reg4_reg_841_/Q
                              0.0856         0.0864        -0.0008  (VIOLATED)
   u_NV_NVDLA_cmac/u_core/u_active/wt0_sd_data[26]
                              0.0861         0.0869        -0.0008  (VIOLATED)
       PIN :   u_NV_NVDLA_cmac/u_core/u_active/wt0_sd_data_reg_26_/Q
                              0.0861         0.0869        -0.0008  (VIOLATED)
   u_NV_NVDLA_cmac/u_core/dat5_actv_data[618]
                              0.0856         0.0864        -0.0008  (VIOLATED)
       PIN :   u_NV_NVDLA_cmac/u_core/u_active/dat_actv_data_reg5_reg_618_/Q
                              0.0856         0.0864        -0.0008  (VIOLATED)
   u_NV_NVDLA_cmac/u_core/u_mac_7/pp_out_l2n1_0_d2[36]
                              0.0856         0.0864        -0.0008  (VIOLATED)
       PIN :   u_NV_NVDLA_cmac/u_core/u_mac_7/pp_out_l2n1_0_d2_reg_36_/Q
                              0.0856         0.0864        -0.0008  (VIOLATED)
   u_NV_NVDLA_cmac/u_core/dat6_actv_data[266]
                              0.0856         0.0864        -0.0008  (VIOLATED)
       PIN :   u_NV_NVDLA_cmac/u_core/u_active/dat_actv_data_reg6_reg_266_/Q
                              0.0856         0.0864        -0.0008  (VIOLATED)
   u_NV_NVDLA_cmac/u_core/wt5_actv_data[333]
                              0.0856         0.0864        -0.0008  (VIOLATED)
       PIN :   u_NV_NVDLA_cmac/u_core/u_active/wt5_actv_data_reg_333_/Q
                              0.0856         0.0864        -0.0008  (VIOLATED)
   u_NV_NVDLA_cmac/u_core/u_mac_2/pp_out_l2n2_0_d2[9]
                              0.0856         0.0864        -0.0008  (VIOLATED)
       PIN :   u_NV_NVDLA_cmac/u_core/u_mac_2/pp_out_l2n2_0_d2_reg_9_/Q
                              0.0856         0.0864        -0.0008  (VIOLATED)
   u_NV_NVDLA_cmac/u_core/u_mac_6/pp_out_l2n6_0_d2[11]
                              0.0856         0.0864        -0.0008  (VIOLATED)
       PIN :   u_NV_NVDLA_cmac/u_core/u_mac_6/pp_out_l2n6_0_d2_reg_11_/Q
                              0.0856         0.0864        -0.0008  (VIOLATED)
   u_NV_NVDLA_cmac/u_core/u_mac_1/pp_out_l0n00_1_d1[13]
                              0.0861         0.0868        -0.0008  (VIOLATED)
       PIN :   u_NV_NVDLA_cmac/u_core/u_mac_1/pp_out_l0n00_1_d1_reg_13_/Q
                              0.0861         0.0868        -0.0008  (VIOLATED)
   u_NV_NVDLA_cmac/u_core/wt5_actv_data[776]
                              0.0861         0.0868        -0.0008  (VIOLATED)
       PIN :   u_NV_NVDLA_cmac/u_core/u_active/wt5_actv_data_reg_776_/Q
                              0.0861         0.0868        -0.0008  (VIOLATED)
   u_NV_NVDLA_cmac/u_core/u_mac_5/pp_out_l2n2_1_d2[17]
                              0.0856         0.0863        -0.0008  (VIOLATED)
       PIN :   u_NV_NVDLA_cmac/u_core/u_mac_5/pp_out_l2n2_1_d2_reg_17_/Q
                              0.0856         0.0863        -0.0008  (VIOLATED)
   u_NV_NVDLA_cmac/u_core/u_mac_6/exp_sft_04[3]
                              0.0856         0.0863        -0.0008  (VIOLATED)
       PIN :   u_NV_NVDLA_cmac/u_core/u_mac_6/u_exp/exp_sft_04_reg_3_/Q
                              0.0856         0.0863        -0.0008  (VIOLATED)
   u_NV_NVDLA_cmac/u_core/u_mac_5/pp_out_l2n4_0_d2[7]
                              0.0856         0.0863        -0.0008  (VIOLATED)
       PIN :   u_NV_NVDLA_cmac/u_core/u_mac_5/pp_out_l2n4_0_d2_reg_7_/Q
                              0.0856         0.0863        -0.0008  (VIOLATED)
   u_NV_NVDLA_cmac/u_core/u_mac_0/pp_out_l0n11_1_d1[2]
                              0.0856         0.0863        -0.0008  (VIOLATED)
       PIN :   u_NV_NVDLA_cmac/u_core/u_mac_0/pp_out_l0n11_1_d1_reg_2_/Q
                              0.0856         0.0863        -0.0008  (VIOLATED)
   u_NV_NVDLA_cmac/u_core/u_mac_1/pp_out_l0n02_0_d1[16]
                              0.0856         0.0863        -0.0008  (VIOLATED)
       PIN :   u_NV_NVDLA_cmac/u_core/u_mac_1/pp_out_l0n02_0_d1_reg_16_/Q
                              0.0856         0.0863        -0.0008  (VIOLATED)
   u_NV_NVDLA_cmac/u_core/in_wt_data14[6]
                              0.0861         0.0868        -0.0008  (VIOLATED)
       PIN :   u_NV_NVDLA_cmac/u_core/u_rt_in/in_rt_wt_data_d1_reg_118_/Q
                              0.0861         0.0868        -0.0008  (VIOLATED)
   u_NV_NVDLA_cmac/u_core/wt7_actv_data[840]
                              0.0861         0.0868        -0.0008  (VIOLATED)
       PIN :   u_NV_NVDLA_cmac/u_core/u_active/wt7_actv_data_reg_840_/Q
                              0.0861         0.0868        -0.0008  (VIOLATED)
   u_NV_NVDLA_cmac/u_core/u_mac_0/pp_out_l2n0_1_d2[3]
                              0.0856         0.0863        -0.0008  (VIOLATED)
       PIN :   u_NV_NVDLA_cmac/u_core/u_mac_0/pp_out_l2n0_1_d2_reg_3_/Q
                              0.0856         0.0863        -0.0008  (VIOLATED)
   u_NV_NVDLA_cmac/u_core/wt7_actv_data[460]
                              0.0861         0.0868        -0.0008  (VIOLATED)
       PIN :   u_NV_NVDLA_cmac/u_core/u_active/wt7_actv_data_reg_460_/Q
                              0.0861         0.0868        -0.0008  (VIOLATED)
   u_NV_NVDLA_cmac/u_core/u_mac_4/pp_out_l2n5_0_d2[39]
                              0.0856         0.0863        -0.0008  (VIOLATED)
       PIN :   u_NV_NVDLA_cmac/u_core/u_mac_4/pp_out_l2n5_0_d2_reg_39_/Q
                              0.0856         0.0863        -0.0008  (VIOLATED)
   u_NV_NVDLA_cmac/u_core/u_active/wt0_sd_data[72]
                              0.0861         0.0868        -0.0008  (VIOLATED)
       PIN :   u_NV_NVDLA_cmac/u_core/u_active/wt0_sd_data_reg_72_/Q
                              0.0861         0.0868        -0.0008  (VIOLATED)
   u_NV_NVDLA_cmac/u_core/dat6_actv_data[265]
                              0.0856         0.0863        -0.0008  (VIOLATED)
       PIN :   u_NV_NVDLA_cmac/u_core/u_active/dat_actv_data_reg6_reg_265_/Q
                              0.0856         0.0863        -0.0008  (VIOLATED)
   u_NV_NVDLA_cmac/u_core/u_active/wt2_sd_nan[29]
                              0.0861         0.0868        -0.0008  (VIOLATED)
       PIN :   u_NV_NVDLA_cmac/u_core/u_active/wt2_sd_nan_reg_29_/Q
                              0.0861         0.0868        -0.0008  (VIOLATED)
   u_NV_NVDLA_cmac/u_core/u_mac_0/pp_out_l2n1_0_d2[38]
                              0.0856         0.0863        -0.0008  (VIOLATED)
       PIN :   u_NV_NVDLA_cmac/u_core/u_mac_0/pp_out_l2n1_0_d2_reg_38_/Q
                              0.0856         0.0863        -0.0008  (VIOLATED)
   u_NV_NVDLA_cmac/u_core/u_mac_3/pp_out_l2n1_1_d2[10]
                              0.0856         0.0863        -0.0008  (VIOLATED)
       PIN :   u_NV_NVDLA_cmac/u_core/u_mac_3/pp_out_l2n1_1_d2_reg_10_/Q
                              0.0856         0.0863        -0.0008  (VIOLATED)
   u_NV_NVDLA_cmac/u_core/wt4_actv_data[874]
                              0.0856         0.0863        -0.0008  (VIOLATED)
       PIN :   u_NV_NVDLA_cmac/u_core/u_active/wt4_actv_data_reg_874_/Q
                              0.0856         0.0863        -0.0008  (VIOLATED)
   u_NV_NVDLA_cmac/u_core/in_dat_data71[3]
                              0.0861         0.0868        -0.0008  (VIOLATED)
       PIN :   u_NV_NVDLA_cmac/u_core/u_rt_in/in_rt_dat_data_d1_reg_571_/Q
                              0.0861         0.0868        -0.0008  (VIOLATED)
   u_NV_NVDLA_cmac/u_core/u_active/wt0_sd_data[557]
                              0.0861         0.0868        -0.0008  (VIOLATED)
       PIN :   u_NV_NVDLA_cmac/u_core/u_active/wt0_sd_data_reg_557_/Q
                              0.0861         0.0868        -0.0008  (VIOLATED)
   u_NV_NVDLA_cmac/u_core/u_mac_5/pp_out_l2n4_1_d2[33]
                              0.0861         0.0868        -0.0008  (VIOLATED)
       PIN :   u_NV_NVDLA_cmac/u_core/u_mac_5/pp_out_l2n4_1_d2_reg_33_/Q
                              0.0861         0.0868        -0.0008  (VIOLATED)
   u_NV_NVDLA_cmac/u_core/in_dat_data2[6]
                              0.0861         0.0868        -0.0008  (VIOLATED)
       PIN :   u_NV_NVDLA_cmac/u_core/u_rt_in/in_rt_dat_data_d1_reg_22_/Q
                              0.0861         0.0868        -0.0008  (VIOLATED)
   u_NV_NVDLA_cmac/u_core/dat4_actv_nan[5]
                              0.0856         0.0863        -0.0007  (VIOLATED)
       PIN :   u_NV_NVDLA_cmac/u_core/u_active/dat_actv_nan_reg4_reg_5_/Q
                              0.0856         0.0863        -0.0007  (VIOLATED)
   u_NV_NVDLA_cmac/u_core/in_wt_data89[3]
                              0.0861         0.0868        -0.0007  (VIOLATED)
       PIN :   u_NV_NVDLA_cmac/u_core/u_rt_in/in_rt_wt_data_d1_reg_715_/Q
                              0.0861         0.0868        -0.0007  (VIOLATED)
   u_NV_NVDLA_cmac/u_core/wt5_actv_data[863]
                              0.0856         0.0863        -0.0007  (VIOLATED)
       PIN :   u_NV_NVDLA_cmac/u_core/u_active/wt5_actv_data_reg_863_/Q
                              0.0856         0.0863        -0.0007  (VIOLATED)
   u_NV_NVDLA_cmac/u_core/dat3_actv_data[140]
                              0.0861         0.0868        -0.0007  (VIOLATED)
       PIN :   u_NV_NVDLA_cmac/u_core/u_active/dat_actv_data_reg3_reg_140_/Q
                              0.0861         0.0868        -0.0007  (VIOLATED)
   u_NV_NVDLA_cmac/u_core/dat2_actv_data[290]
                              0.0861         0.0868        -0.0007  (VIOLATED)
       PIN :   u_NV_NVDLA_cmac/u_core/u_active/dat_actv_data_reg2_reg_290_/Q
                              0.0861         0.0868        -0.0007  (VIOLATED)
   u_NV_NVDLA_cmac/u_core/dat3_actv_data[844]
                              0.0856         0.0863        -0.0007  (VIOLATED)
       PIN :   u_NV_NVDLA_cmac/u_core/u_active/dat_actv_data_reg3_reg_844_/Q
                              0.0856         0.0863        -0.0007  (VIOLATED)
   u_NV_NVDLA_cmac/u_core/wt0_sd_exp[178]
                              0.0856         0.0863        -0.0007  (VIOLATED)
       PIN :   u_NV_NVDLA_cmac/u_core/u_active/wt0_sd_exp_reg_178_/Q
                              0.0856         0.0863        -0.0007  (VIOLATED)
   u_NV_NVDLA_cmac/u_core/dat1_actv_data[974]
                              0.0861         0.0868        -0.0007  (VIOLATED)
       PIN :   u_NV_NVDLA_cmac/u_core/u_active/dat_actv_data_reg1_reg_974_/Q
                              0.0861         0.0868        -0.0007  (VIOLATED)
   u_NV_NVDLA_cmac/u_core/dat1_actv_data[973]
                              0.0861         0.0868        -0.0007  (VIOLATED)
       PIN :   u_NV_NVDLA_cmac/u_core/u_active/dat_actv_data_reg1_reg_973_/Q
                              0.0861         0.0868        -0.0007  (VIOLATED)
   u_NV_NVDLA_cmac/u_core/u_active/wt1_sd_data[284]
                              0.0861         0.0868        -0.0007  (VIOLATED)
       PIN :   u_NV_NVDLA_cmac/u_core/u_active/wt1_sd_data_reg_284_/Q
                              0.0861         0.0868        -0.0007  (VIOLATED)
   u_NV_NVDLA_cmac/u_core/u_mac_0/pp_out_l0n01_0_d1[15]
                              0.0856         0.0863        -0.0007  (VIOLATED)
       PIN :   u_NV_NVDLA_cmac/u_core/u_mac_0/pp_out_l0n01_0_d1_reg_15_/Q
                              0.0856         0.0863        -0.0007  (VIOLATED)
   u_NV_NVDLA_cmac/u_core/u_mac_7/pp_out_l2n5_0_d2[26]
                              0.0856         0.0863        -0.0007  (VIOLATED)
       PIN :   u_NV_NVDLA_cmac/u_core/u_mac_7/pp_out_l2n5_0_d2_reg_26_/Q
                              0.0856         0.0863        -0.0007  (VIOLATED)
   u_NV_NVDLA_cmac/u_core/dat7_actv_data[148]
                              0.0861         0.0868        -0.0007  (VIOLATED)
       PIN :   u_NV_NVDLA_cmac/u_core/u_active/dat_actv_data_reg7_reg_148_/Q
                              0.0861         0.0868        -0.0007  (VIOLATED)
   u_NV_NVDLA_cmac/u_core/u_mac_3/pp_out_l0n04_1_d1[18]
                              0.0856         0.0863        -0.0007  (VIOLATED)
       PIN :   u_NV_NVDLA_cmac/u_core/u_mac_3/pp_out_l0n04_1_d1_reg_18_/Q
                              0.0856         0.0863        -0.0007  (VIOLATED)
   u_NV_NVDLA_cmac/u_core/wt0_actv_data[474]
                              0.0861         0.0868        -0.0007  (VIOLATED)
       PIN :   u_NV_NVDLA_cmac/u_core/u_active/wt0_actv_data_reg_474_/Q
                              0.0861         0.0868        -0.0007  (VIOLATED)
   u_NV_NVDLA_cmac/u_core/dat7_actv_data[1007]
                              0.0861         0.0868        -0.0007  (VIOLATED)
       PIN :   u_NV_NVDLA_cmac/u_core/u_active/dat_actv_data_reg7_reg_1007_/Q
                              0.0861         0.0868        -0.0007  (VIOLATED)
   u_NV_NVDLA_cmac/u_core/wt1_actv_data[430]
                              0.0856         0.0863        -0.0007  (VIOLATED)
       PIN :   u_NV_NVDLA_cmac/u_core/u_active/wt1_actv_data_reg_430_/Q
                              0.0856         0.0863        -0.0007  (VIOLATED)
   u_NV_NVDLA_cmac/u_core/dat6_actv_data[356]
                              0.0861         0.0868        -0.0007  (VIOLATED)
       PIN :   u_NV_NVDLA_cmac/u_core/u_active/dat_actv_data_reg6_reg_356_/Q
                              0.0861         0.0868        -0.0007  (VIOLATED)
   u_NV_NVDLA_cmac/u_core/in_dat_data68[4]
                              0.0861         0.0868        -0.0007  (VIOLATED)
       PIN :   u_NV_NVDLA_cmac/u_core/u_rt_in/in_rt_dat_data_d1_reg_548_/Q
                              0.0861         0.0868        -0.0007  (VIOLATED)
   u_NV_NVDLA_cmac/u_core/u_mac_1/pp_out_l0n02_1_d1[17]
                              0.0856         0.0863        -0.0007  (VIOLATED)
       PIN :   u_NV_NVDLA_cmac/u_core/u_mac_1/pp_out_l0n02_1_d1_reg_17_/Q
                              0.0856         0.0863        -0.0007  (VIOLATED)
   u_NV_NVDLA_cmac/u_core/u_mac_5/pp_out_l2n4_0_d2[32]
                              0.0861         0.0868        -0.0007  (VIOLATED)
       PIN :   u_NV_NVDLA_cmac/u_core/u_mac_5/pp_out_l2n4_0_d2_reg_32_/Q
                              0.0861         0.0868        -0.0007  (VIOLATED)
   u_NV_NVDLA_cmac/u_core/wt1_actv_data[896]
                              0.0861         0.0868        -0.0007  (VIOLATED)
       PIN :   u_NV_NVDLA_cmac/u_core/u_active/wt1_actv_data_reg_896_/Q
                              0.0861         0.0868        -0.0007  (VIOLATED)
   u_NV_NVDLA_cmac/u_core/dat4_actv_data[700]
                              0.0861         0.0867        -0.0007  (VIOLATED)
       PIN :   u_NV_NVDLA_cmac/u_core/u_active/dat_actv_data_reg4_reg_700_/Q
                              0.0861         0.0867        -0.0007  (VIOLATED)
   u_NV_NVDLA_cmac/u_core/u_mac_4/pp_out_l0n10_0_d1[27]
                              0.0856         0.0863        -0.0007  (VIOLATED)
       PIN :   u_NV_NVDLA_cmac/u_core/u_mac_4/pp_out_l0n10_0_d1_reg_27_/Q
                              0.0856         0.0863        -0.0007  (VIOLATED)
   u_NV_NVDLA_cmac/u_core/wt5_actv_data[1014]
                              0.0861         0.0867        -0.0007  (VIOLATED)
       PIN :   u_NV_NVDLA_cmac/u_core/u_active/wt5_actv_data_reg_1014_/Q
                              0.0861         0.0867        -0.0007  (VIOLATED)
   u_NV_NVDLA_cmac/u_core/wt4_sd_exp[155]
                              0.0856         0.0863        -0.0007  (VIOLATED)
       PIN :   u_NV_NVDLA_cmac/u_core/u_active/wt4_sd_exp_reg_155_/Q
                              0.0856         0.0863        -0.0007  (VIOLATED)
   u_NV_NVDLA_cmac/u_core/dat6_actv_data[870]
                              0.0861         0.0867        -0.0007  (VIOLATED)
       PIN :   u_NV_NVDLA_cmac/u_core/u_active/dat_actv_data_reg6_reg_870_/Q
                              0.0861         0.0867        -0.0007  (VIOLATED)
   u_NV_NVDLA_cmac/u_core/dat0_actv_data[826]
                              0.0856         0.0863        -0.0007  (VIOLATED)
       PIN :   u_NV_NVDLA_cmac/u_core/u_active/dat_actv_data_reg0_reg_826_/Q
                              0.0856         0.0863        -0.0007  (VIOLATED)
   u_NV_NVDLA_cmac/u_core/wt6_actv_data[691]
                              0.0861         0.0867        -0.0007  (VIOLATED)
       PIN :   u_NV_NVDLA_cmac/u_core/u_active/wt6_actv_data_reg_691_/Q
                              0.0861         0.0867        -0.0007  (VIOLATED)
   u_NV_NVDLA_cmac/u_core/dat1_actv_data[511]
                              0.0861         0.0867        -0.0007  (VIOLATED)
       PIN :   u_NV_NVDLA_cmac/u_core/u_active/dat_actv_data_reg1_reg_511_/Q
                              0.0861         0.0867        -0.0007  (VIOLATED)
   u_NV_NVDLA_cmac/u_core/dat0_actv_data[415]
                              0.0861         0.0867        -0.0007  (VIOLATED)
       PIN :   u_NV_NVDLA_cmac/u_core/u_active/dat_actv_data_reg0_reg_415_/Q
                              0.0861         0.0867        -0.0007  (VIOLATED)
   u_NV_NVDLA_cmac/u_core/u_mac_0/pp_out_l0n10_1_d1[8]
                              0.0856         0.0862        -0.0007  (VIOLATED)
       PIN :   u_NV_NVDLA_cmac/u_core/u_mac_0/pp_out_l0n10_1_d1_reg_8_/Q
                              0.0856         0.0862        -0.0007  (VIOLATED)
   u_NV_NVDLA_cmac/u_core/wt0_actv_data[597]
                              0.0856         0.0862        -0.0007  (VIOLATED)
       PIN :   u_NV_NVDLA_cmac/u_core/u_active/wt0_actv_data_reg_597_/Q
                              0.0856         0.0862        -0.0007  (VIOLATED)
   u_NV_NVDLA_cmac/u_core/dat1_actv_data[659]
                              0.0861         0.0867        -0.0007  (VIOLATED)
       PIN :   u_NV_NVDLA_cmac/u_core/u_active/dat_actv_data_reg1_reg_659_/Q
                              0.0861         0.0867        -0.0007  (VIOLATED)
   u_NV_NVDLA_cmac/u_core/dat3_actv_data[183]
                              0.0856         0.0862        -0.0007  (VIOLATED)
       PIN :   u_NV_NVDLA_cmac/u_core/u_active/dat_actv_data_reg3_reg_183_/Q
                              0.0856         0.0862        -0.0007  (VIOLATED)
   u_NV_NVDLA_cmac/u_core/wt7_actv_data[282]
                              0.0861         0.0867        -0.0007  (VIOLATED)
       PIN :   u_NV_NVDLA_cmac/u_core/u_active/wt7_actv_data_reg_282_/Q
                              0.0861         0.0867        -0.0007  (VIOLATED)
   u_NV_NVDLA_cmac/u_core/u_mac_7/pp_out_l0n05_0_d1[10]
                              0.0861         0.0867        -0.0007  (VIOLATED)
       PIN :   u_NV_NVDLA_cmac/u_core/u_mac_7/pp_out_l0n05_0_d1_reg_10_/Q
                              0.0861         0.0867        -0.0007  (VIOLATED)
   u_NV_NVDLA_cmac/u_core/u_mac_1/res_tag_b1_d1[26]
                              0.0856         0.0862        -0.0007  (VIOLATED)
       PIN :   u_NV_NVDLA_cmac/u_core/u_mac_1/res_tag_b1_d1_reg_26_/Q
                              0.0856         0.0862        -0.0007  (VIOLATED)
   u_NV_NVDLA_cmac/u_core/wt3_actv_data[328]
                              0.0856         0.0862        -0.0007  (VIOLATED)
       PIN :   u_NV_NVDLA_cmac/u_core/u_active/wt3_actv_data_reg_328_/Q
                              0.0856         0.0862        -0.0007  (VIOLATED)
   u_NV_NVDLA_cmac/u_core/dat6_actv_data[351]
                              0.0861         0.0867        -0.0007  (VIOLATED)
       PIN :   u_NV_NVDLA_cmac/u_core/u_active/dat_actv_data_reg6_reg_351_/Q
                              0.0861         0.0867        -0.0007  (VIOLATED)
   u_NV_NVDLA_cmac/u_core/wt5_actv_data[804]
                              0.0861         0.0867        -0.0007  (VIOLATED)
       PIN :   u_NV_NVDLA_cmac/u_core/u_active/wt5_actv_data_reg_804_/Q
                              0.0861         0.0867        -0.0007  (VIOLATED)
   u_NV_NVDLA_cmac/u_core/u_mac_0/pp_out_l0n06_1_d1[13]
                              0.0856         0.0862        -0.0007  (VIOLATED)
       PIN :   u_NV_NVDLA_cmac/u_core/u_mac_0/pp_out_l0n06_1_d1_reg_13_/Q
                              0.0856         0.0862        -0.0007  (VIOLATED)
   u_NV_NVDLA_cmac/u_core/wt3_actv_data[269]
                              0.0856         0.0862        -0.0006  (VIOLATED)
       PIN :   u_NV_NVDLA_cmac/u_core/u_active/wt3_actv_data_reg_269_/Q
                              0.0856         0.0862        -0.0006  (VIOLATED)
   u_NV_NVDLA_cmac/u_core/in_wt_data7[0]
                              0.0861         0.0867        -0.0006  (VIOLATED)
       PIN :   u_NV_NVDLA_cmac/u_core/u_rt_in/in_rt_wt_data_d1_reg_56_/Q
                              0.0861         0.0867        -0.0006  (VIOLATED)
   u_NV_NVDLA_cmac/u_core/wt4_actv_data[683]
                              0.0861         0.0867        -0.0006  (VIOLATED)
       PIN :   u_NV_NVDLA_cmac/u_core/u_active/wt4_actv_data_reg_683_/Q
                              0.0861         0.0867        -0.0006  (VIOLATED)
   u_NV_NVDLA_cmac/u_core/u_mac_3/pp_out_l0n00_1_d1[15]
                              0.0856         0.0862        -0.0006  (VIOLATED)
       PIN :   u_NV_NVDLA_cmac/u_core/u_mac_3/pp_out_l0n00_1_d1_reg_15_/Q
                              0.0856         0.0862        -0.0006  (VIOLATED)
   u_NV_NVDLA_cmac/u_core/u_active/wt0_sd_data[81]
                              0.0861         0.0867        -0.0006  (VIOLATED)
       PIN :   u_NV_NVDLA_cmac/u_core/u_active/wt0_sd_data_reg_81_/Q
                              0.0861         0.0867        -0.0006  (VIOLATED)
   u_NV_NVDLA_cmac/u_core/wt5_actv_data[949]
                              0.0861         0.0867        -0.0006  (VIOLATED)
       PIN :   u_NV_NVDLA_cmac/u_core/u_active/wt5_actv_data_reg_949_/Q
                              0.0861         0.0867        -0.0006  (VIOLATED)
   u_NV_NVDLA_cmac/u_core/u_mac_5/pp_out_l2n7_1_d2[28]
                              0.0861         0.0867        -0.0006  (VIOLATED)
       PIN :   u_NV_NVDLA_cmac/u_core/u_mac_5/pp_out_l2n7_1_d2_reg_28_/Q
                              0.0861         0.0867        -0.0006  (VIOLATED)
   u_NV_NVDLA_cmac/u_core/dat0_actv_nz[1]
                              0.0856         0.0862        -0.0006  (VIOLATED)
       PIN :   u_NV_NVDLA_cmac/u_core/u_active/dat_actv_nz_reg0_reg_1_/Q
                              0.0856         0.0862        -0.0006  (VIOLATED)
   u_NV_NVDLA_cmac/u_core/u_mac_6/pp_out_l0n10_0_d1[17]
                              0.0856         0.0862        -0.0006  (VIOLATED)
       PIN :   u_NV_NVDLA_cmac/u_core/u_mac_6/pp_out_l0n10_0_d1_reg_17_/Q
                              0.0856         0.0862        -0.0006  (VIOLATED)
   u_NV_NVDLA_cmac/u_core/wt1_actv_data[567]
                              0.0861         0.0867        -0.0006  (VIOLATED)
       PIN :   u_NV_NVDLA_cmac/u_core/u_active/wt1_actv_data_reg_567_/Q
                              0.0861         0.0867        -0.0006  (VIOLATED)
   u_NV_NVDLA_cmac/u_core/dat7_actv_data[495]
                              0.0861         0.0867        -0.0006  (VIOLATED)
       PIN :   u_NV_NVDLA_cmac/u_core/u_active/dat_actv_data_reg7_reg_495_/Q
                              0.0861         0.0867        -0.0006  (VIOLATED)
   u_NV_NVDLA_cmac/u_core/u_mac_2/pp_out_l0n00_1_d1[19]
                              0.0856         0.0862        -0.0006  (VIOLATED)
       PIN :   u_NV_NVDLA_cmac/u_core/u_mac_2/pp_out_l0n00_1_d1_reg_19_/Q
                              0.0856         0.0862        -0.0006  (VIOLATED)
   u_NV_NVDLA_cmac/u_core/u_active/wt0_sd_data[593]
                              0.0861         0.0867        -0.0006  (VIOLATED)
       PIN :   u_NV_NVDLA_cmac/u_core/u_active/wt0_sd_data_reg_593_/Q
                              0.0861         0.0867        -0.0006  (VIOLATED)
   u_NV_NVDLA_cmac/u_core/u_mac_2/pp_out_l0n06_0_d1[7]
                              0.0856         0.0862        -0.0006  (VIOLATED)
       PIN :   u_NV_NVDLA_cmac/u_core/u_mac_2/pp_out_l0n06_0_d1_reg_7_/Q
                              0.0856         0.0862        -0.0006  (VIOLATED)
   u_NV_NVDLA_cmac/u_core/u_mac_6/exp_sft_07[0]
                              0.0856         0.0862        -0.0006  (VIOLATED)
       PIN :   u_NV_NVDLA_cmac/u_core/u_mac_6/u_exp/exp_sft_07_reg_0_/Q
                              0.0856         0.0862        -0.0006  (VIOLATED)
   u_NV_NVDLA_cmac/u_core/u_active/wt0_sd_data[45]
                              0.0861         0.0867        -0.0006  (VIOLATED)
       PIN :   u_NV_NVDLA_cmac/u_core/u_active/wt0_sd_data_reg_45_/Q
                              0.0861         0.0867        -0.0006  (VIOLATED)
   u_NV_NVDLA_cmac/u_core/dat0_actv_data[713]
                              0.0856         0.0862        -0.0006  (VIOLATED)
       PIN :   u_NV_NVDLA_cmac/u_core/u_active/dat_actv_data_reg0_reg_713_/Q
                              0.0856         0.0862        -0.0006  (VIOLATED)
   u_NV_NVDLA_cmac/u_core/dat5_actv_data[531]
                              0.0856         0.0862        -0.0006  (VIOLATED)
       PIN :   u_NV_NVDLA_cmac/u_core/u_active/dat_actv_data_reg5_reg_531_/Q
                              0.0856         0.0862        -0.0006  (VIOLATED)
   u_NV_NVDLA_cmac/u_core/dat0_actv_data[716]
                              0.0856         0.0862        -0.0006  (VIOLATED)
       PIN :   u_NV_NVDLA_cmac/u_core/u_active/dat_actv_data_reg0_reg_716_/Q
                              0.0856         0.0862        -0.0006  (VIOLATED)
   u_NV_NVDLA_cmac/u_core/dat0_actv_data[839]
                              0.0861         0.0867        -0.0006  (VIOLATED)
       PIN :   u_NV_NVDLA_cmac/u_core/u_active/dat_actv_data_reg0_reg_839_/Q
                              0.0861         0.0867        -0.0006  (VIOLATED)
   u_NV_NVDLA_cmac/u_core/wt7_actv_data[924]
                              0.0856         0.0862        -0.0006  (VIOLATED)
       PIN :   u_NV_NVDLA_cmac/u_core/u_active/wt7_actv_data_reg_924_/Q
                              0.0856         0.0862        -0.0006  (VIOLATED)
   u_NV_NVDLA_cmac/u_core/dat5_actv_data[632]
                              0.0861         0.0867        -0.0006  (VIOLATED)
       PIN :   u_NV_NVDLA_cmac/u_core/u_active/dat_actv_data_reg5_reg_632_/Q
                              0.0861         0.0867        -0.0006  (VIOLATED)
   u_NV_NVDLA_cmac/u_core/u_mac_6/pp_out_l2n1_1_d2[33]
                              0.0856         0.0862        -0.0006  (VIOLATED)
       PIN :   u_NV_NVDLA_cmac/u_core/u_mac_6/pp_out_l2n1_1_d2_reg_33_/Q
                              0.0856         0.0862        -0.0006  (VIOLATED)
   u_NV_NVDLA_cmac/u_core/in_wt_data66[3]
                              0.0861         0.0867        -0.0006  (VIOLATED)
       PIN :   u_NV_NVDLA_cmac/u_core/u_rt_in/in_rt_wt_data_d1_reg_531_/Q
                              0.0861         0.0867        -0.0006  (VIOLATED)
   u_NV_NVDLA_cmac/u_core/wt2_actv_data[564]
                              0.0861         0.0867        -0.0006  (VIOLATED)
       PIN :   u_NV_NVDLA_cmac/u_core/u_active/wt2_actv_data_reg_564_/Q
                              0.0861         0.0867        -0.0006  (VIOLATED)
   u_NV_NVDLA_cmac/u_core/u_active/wt1_sd_data[275]
                              0.0861         0.0867        -0.0006  (VIOLATED)
       PIN :   u_NV_NVDLA_cmac/u_core/u_active/wt1_sd_data_reg_275_/Q
                              0.0861         0.0867        -0.0006  (VIOLATED)
   u_NV_NVDLA_cmac/u_core/wt1_actv_data[834]
                              0.0861         0.0867        -0.0006  (VIOLATED)
       PIN :   u_NV_NVDLA_cmac/u_core/u_active/wt1_actv_data_reg_834_/Q
                              0.0861         0.0867        -0.0006  (VIOLATED)
   u_NV_NVDLA_cmac/u_core/dat2_actv_data[548]
                              0.0861         0.0867        -0.0006  (VIOLATED)
       PIN :   u_NV_NVDLA_cmac/u_core/u_active/dat_actv_data_reg2_reg_548_/Q
                              0.0861         0.0867        -0.0006  (VIOLATED)
   u_NV_NVDLA_cmac/u_core/u_mac_5/pp_out_l0n00_0_d1[21]
                              0.0861         0.0867        -0.0006  (VIOLATED)
       PIN :   u_NV_NVDLA_cmac/u_core/u_mac_5/pp_out_l0n00_0_d1_reg_21_/Q
                              0.0861         0.0867        -0.0006  (VIOLATED)
   u_NV_NVDLA_cmac/u_core/wt2_actv_data[310]
                              0.0861         0.0866        -0.0006  (VIOLATED)
       PIN :   u_NV_NVDLA_cmac/u_core/u_active/wt2_actv_data_reg_310_/Q
                              0.0861         0.0866        -0.0006  (VIOLATED)
   u_NV_NVDLA_cmac/u_core/in_dat_data64[6]
                              0.0861         0.0866        -0.0006  (VIOLATED)
       PIN :   u_NV_NVDLA_cmac/u_core/u_rt_in/in_rt_dat_data_d1_reg_518_/Q
                              0.0861         0.0866        -0.0006  (VIOLATED)
   u_NV_NVDLA_cmac/u_core/wt0_actv_data[685]
                              0.0856         0.0862        -0.0006  (VIOLATED)
       PIN :   u_NV_NVDLA_cmac/u_core/u_active/wt0_actv_data_reg_685_/Q
                              0.0856         0.0862        -0.0006  (VIOLATED)
   u_NV_NVDLA_cmac/u_core/dat4_actv_data[488]
                              0.0861         0.0866        -0.0006  (VIOLATED)
       PIN :   u_NV_NVDLA_cmac/u_core/u_active/dat_actv_data_reg4_reg_488_/Q
                              0.0861         0.0866        -0.0006  (VIOLATED)
   u_NV_NVDLA_cmac/u_core/wt3_actv_data[1020]
                              0.0861         0.0866        -0.0006  (VIOLATED)
       PIN :   u_NV_NVDLA_cmac/u_core/u_active/wt3_actv_data_reg_1020_/Q
                              0.0861         0.0866        -0.0006  (VIOLATED)
   u_NV_NVDLA_cmac/u_core/wt6_actv_data[695]
                              0.0861         0.0866        -0.0006  (VIOLATED)
       PIN :   u_NV_NVDLA_cmac/u_core/u_active/wt6_actv_data_reg_695_/Q
                              0.0861         0.0866        -0.0006  (VIOLATED)
   u_NV_NVDLA_cmac/u_core/wt7_actv_data[982]
                              0.0856         0.0861        -0.0006  (VIOLATED)
       PIN :   u_NV_NVDLA_cmac/u_core/u_active/wt7_actv_data_reg_982_/Q
                              0.0856         0.0861        -0.0006  (VIOLATED)
   u_NV_NVDLA_cmac/u_core/u_mac_3/pp_out_l0n13_0_d1[24]
                              0.0856         0.0861        -0.0006  (VIOLATED)
       PIN :   u_NV_NVDLA_cmac/u_core/u_mac_3/pp_out_l0n13_0_d1_reg_24_/Q
                              0.0856         0.0861        -0.0006  (VIOLATED)
   u_NV_NVDLA_cmac/u_core/wt3_actv_data[167]
                              0.0861         0.0866        -0.0006  (VIOLATED)
       PIN :   u_NV_NVDLA_cmac/u_core/u_active/wt3_actv_data_reg_167_/Q
                              0.0861         0.0866        -0.0006  (VIOLATED)
   u_NV_NVDLA_cmac/u_core/u_mac_5/res_tag_b3_d1[26]
                              0.0856         0.0861        -0.0006  (VIOLATED)
       PIN :   u_NV_NVDLA_cmac/u_core/u_mac_5/res_tag_b3_d1_reg_26_/Q
                              0.0856         0.0861        -0.0006  (VIOLATED)
   u_NV_NVDLA_cmac/u_core/u_mac_6/res_tag_b1_d1[14]
                              0.0856         0.0861        -0.0006  (VIOLATED)
       PIN :   u_NV_NVDLA_cmac/u_core/u_mac_6/res_tag_b1_d1_reg_14_/Q
                              0.0856         0.0861        -0.0006  (VIOLATED)
   u_NV_NVDLA_cmac/u_core/dat1_actv_data[650]
                              0.0856         0.0861        -0.0006  (VIOLATED)
       PIN :   u_NV_NVDLA_cmac/u_core/u_active/dat_actv_data_reg1_reg_650_/Q
                              0.0856         0.0861        -0.0006  (VIOLATED)
   u_NV_NVDLA_cmac/u_core/dat1_actv_data[249]
                              0.0861         0.0866        -0.0006  (VIOLATED)
       PIN :   u_NV_NVDLA_cmac/u_core/u_active/dat_actv_data_reg1_reg_249_/Q
                              0.0861         0.0866        -0.0006  (VIOLATED)
   u_NV_NVDLA_cmac/u_core/wt1_actv_data[533]
                              0.0856         0.0861        -0.0006  (VIOLATED)
       PIN :   u_NV_NVDLA_cmac/u_core/u_active/wt1_actv_data_reg_533_/Q
                              0.0856         0.0861        -0.0006  (VIOLATED)
   u_NV_NVDLA_cmac/u_core/u_active/wt0_sd_data[269]
                              0.0861         0.0866        -0.0006  (VIOLATED)
       PIN :   u_NV_NVDLA_cmac/u_core/u_active/wt0_sd_data_reg_269_/Q
                              0.0861         0.0866        -0.0006  (VIOLATED)
   u_NV_NVDLA_cmac/u_core/dat3_actv_data[902]
                              0.0861         0.0866        -0.0006  (VIOLATED)
       PIN :   u_NV_NVDLA_cmac/u_core/u_active/dat_actv_data_reg3_reg_902_/Q
                              0.0861         0.0866        -0.0006  (VIOLATED)
   u_NV_NVDLA_cmac/u_core/u_active/wt7_sd_nan[13]
                              0.0861         0.0866        -0.0006  (VIOLATED)
       PIN :   u_NV_NVDLA_cmac/u_core/u_active/wt7_sd_nan_reg_13_/Q
                              0.0861         0.0866        -0.0006  (VIOLATED)
   u_NV_NVDLA_cmac/u_core/in_dat_data64[2]
                              0.0861         0.0866        -0.0006  (VIOLATED)
       PIN :   u_NV_NVDLA_cmac/u_core/u_rt_in/in_rt_dat_data_d1_reg_514_/Q
                              0.0861         0.0866        -0.0006  (VIOLATED)
   u_NV_NVDLA_cmac/u_core/u_mac_1/res_tag_b1_d1[15]
                              0.0856         0.0861        -0.0006  (VIOLATED)
       PIN :   u_NV_NVDLA_cmac/u_core/u_mac_1/res_tag_b1_d1_reg_15_/Q
                              0.0856         0.0861        -0.0006  (VIOLATED)
   u_NV_NVDLA_cmac/u_core/u_mac_5/pp_out_l2n5_1_d2[39]
                              0.0861         0.0866        -0.0006  (VIOLATED)
       PIN :   u_NV_NVDLA_cmac/u_core/u_mac_5/pp_out_l2n5_1_d2_reg_39_/Q
                              0.0861         0.0866        -0.0006  (VIOLATED)
   u_NV_NVDLA_cmac/u_core/u_active/dat_pre_data[913]
                              0.0861         0.0866        -0.0006  (VIOLATED)
       PIN :   u_NV_NVDLA_cmac/u_core/u_active/dat_pre_data_reg_913_/Q
                              0.0861         0.0866        -0.0006  (VIOLATED)
   u_NV_NVDLA_cmac/u_core/u_mac_2/pp_out_l2n4_1_d2[7]
                              0.0856         0.0861        -0.0006  (VIOLATED)
       PIN :   u_NV_NVDLA_cmac/u_core/u_mac_2/pp_out_l2n4_1_d2_reg_7_/Q
                              0.0856         0.0861        -0.0006  (VIOLATED)
   u_NV_NVDLA_cmac/u_core/u_mac_4/pp_out_l0n08_1_d1[18]
                              0.0856         0.0861        -0.0006  (VIOLATED)
       PIN :   u_NV_NVDLA_cmac/u_core/u_mac_4/pp_out_l0n08_1_d1_reg_18_/Q
                              0.0856         0.0861        -0.0006  (VIOLATED)
   u_NV_NVDLA_cmac/u_core/u_active/wt1_sd_data[903]
                              0.0861         0.0866        -0.0006  (VIOLATED)
       PIN :   u_NV_NVDLA_cmac/u_core/u_active/wt1_sd_data_reg_903_/Q
                              0.0861         0.0866        -0.0006  (VIOLATED)
   u_NV_NVDLA_cmac/u_core/wt0_actv_data[651]
                              0.0861         0.0866        -0.0006  (VIOLATED)
       PIN :   u_NV_NVDLA_cmac/u_core/u_active/wt0_actv_data_reg_651_/Q
                              0.0861         0.0866        -0.0006  (VIOLATED)
   u_NV_NVDLA_cmac/u_core/wt2_actv_data[112]
                              0.0856         0.0861        -0.0006  (VIOLATED)
       PIN :   u_NV_NVDLA_cmac/u_core/u_active/wt2_actv_data_reg_112_/Q
                              0.0856         0.0861        -0.0006  (VIOLATED)
   u_NV_NVDLA_cmac/u_core/u_mac_5/ps_n0b2_d2[4]
                              0.0856         0.0861        -0.0006  (VIOLATED)
       PIN :   u_NV_NVDLA_cmac/u_core/u_mac_5/ps_n0b2_d2_reg_4_/Q
                              0.0856         0.0861        -0.0006  (VIOLATED)
   u_NV_NVDLA_cmac/u_core/wt7_actv_data[992]
                              0.0856         0.0861        -0.0005  (VIOLATED)
       PIN :   u_NV_NVDLA_cmac/u_core/u_active/wt7_actv_data_reg_992_/Q
                              0.0856         0.0861        -0.0005  (VIOLATED)
   u_NV_NVDLA_cmac/u_core/wt5_actv_data[275]
                              0.0856         0.0861        -0.0005  (VIOLATED)
       PIN :   u_NV_NVDLA_cmac/u_core/u_active/wt5_actv_data_reg_275_/Q
                              0.0856         0.0861        -0.0005  (VIOLATED)
   u_NV_NVDLA_cmac/u_core/u_active/wt0_sd_data[267]
                              0.0861         0.0866        -0.0005  (VIOLATED)
       PIN :   u_NV_NVDLA_cmac/u_core/u_active/wt0_sd_data_reg_267_/Q
                              0.0861         0.0866        -0.0005  (VIOLATED)
   u_NV_NVDLA_cmac/u_core/dat0_pre_mask[58]
                              0.0856         0.0861        -0.0005  (VIOLATED)
       PIN :   u_NV_NVDLA_cmac/u_core/u_active/dat_pre_mask0_reg_58_/Q
                              0.0856         0.0861        -0.0005  (VIOLATED)
   u_NV_NVDLA_cmac/u_core/dat4_actv_data[421]
                              0.0861         0.0866        -0.0005  (VIOLATED)
       PIN :   u_NV_NVDLA_cmac/u_core/u_active/dat_actv_data_reg4_reg_421_/Q
                              0.0861         0.0866        -0.0005  (VIOLATED)
   u_NV_NVDLA_cmac/u_core/wt6_actv_data[870]
                              0.0856         0.0861        -0.0005  (VIOLATED)
       PIN :   u_NV_NVDLA_cmac/u_core/u_active/wt6_actv_data_reg_870_/Q
                              0.0856         0.0861        -0.0005  (VIOLATED)
   u_NV_NVDLA_cmac/u_core/u_mac_0/pp_out_l0n12_0_d1[13]
                              0.0861         0.0866        -0.0005  (VIOLATED)
       PIN :   u_NV_NVDLA_cmac/u_core/u_mac_0/pp_out_l0n12_0_d1_reg_13_/Q
                              0.0861         0.0866        -0.0005  (VIOLATED)
   u_NV_NVDLA_cmac/u_core/u_mac_3/pp_out_l0n04_1_d1[25]
                              0.0856         0.0861        -0.0005  (VIOLATED)
       PIN :   u_NV_NVDLA_cmac/u_core/u_mac_3/pp_out_l0n04_1_d1_reg_25_/Q
                              0.0856         0.0861        -0.0005  (VIOLATED)
   u_NV_NVDLA_cmac/u_core/dat1_actv_data[868]
                              0.0861         0.0866        -0.0005  (VIOLATED)
       PIN :   u_NV_NVDLA_cmac/u_core/u_active/dat_actv_data_reg1_reg_868_/Q
                              0.0861         0.0866        -0.0005  (VIOLATED)
   u_NV_NVDLA_cmac/u_core/dat6_actv_data[467]
                              0.0861         0.0866        -0.0005  (VIOLATED)
       PIN :   u_NV_NVDLA_cmac/u_core/u_active/dat_actv_data_reg6_reg_467_/Q
                              0.0861         0.0866        -0.0005  (VIOLATED)
   u_NV_NVDLA_cmac/u_core/dat3_actv_data[905]
                              0.0861         0.0866        -0.0005  (VIOLATED)
       PIN :   u_NV_NVDLA_cmac/u_core/u_active/dat_actv_data_reg3_reg_905_/Q
                              0.0861         0.0866        -0.0005  (VIOLATED)
   u_NV_NVDLA_cmac/u_core/dat4_actv_data[666]
                              0.0856         0.0861        -0.0005  (VIOLATED)
       PIN :   u_NV_NVDLA_cmac/u_core/u_active/dat_actv_data_reg4_reg_666_/Q
                              0.0856         0.0861        -0.0005  (VIOLATED)
   u_NV_NVDLA_cmac/u_core/dat4_actv_data[447]
                              0.0861         0.0866        -0.0005  (VIOLATED)
       PIN :   u_NV_NVDLA_cmac/u_core/u_active/dat_actv_data_reg4_reg_447_/Q
                              0.0861         0.0866        -0.0005  (VIOLATED)
   u_NV_NVDLA_cmac/u_core/wt5_actv_data[303]
                              0.0856         0.0861        -0.0005  (VIOLATED)
       PIN :   u_NV_NVDLA_cmac/u_core/u_active/wt5_actv_data_reg_303_/Q
                              0.0856         0.0861        -0.0005  (VIOLATED)
   u_NV_NVDLA_cmac/u_core/u_mac_5/n4909
                              0.0861         0.0866        -0.0005  (VIOLATED)
       PIN :   u_NV_NVDLA_cmac/u_core/u_mac_5/mac_out_data_reg_74_/Q
                              0.0861         0.0866        -0.0005  (VIOLATED)
   u_NV_NVDLA_cmac/u_core/dat7_actv_data[751]
                              0.0861         0.0866        -0.0005  (VIOLATED)
       PIN :   u_NV_NVDLA_cmac/u_core/u_active/dat_actv_data_reg7_reg_751_/Q
                              0.0861         0.0866        -0.0005  (VIOLATED)
   u_NV_NVDLA_cmac/u_core/u_mac_2/pp_out_l0n14_1_d1[10]
                              0.0856         0.0861        -0.0005  (VIOLATED)
       PIN :   u_NV_NVDLA_cmac/u_core/u_mac_2/pp_out_l0n14_1_d1_reg_10_/Q
                              0.0856         0.0861        -0.0005  (VIOLATED)
   u_NV_NVDLA_cmac/u_core/dat6_actv_data[591]
                              0.0856         0.0861        -0.0005  (VIOLATED)
       PIN :   u_NV_NVDLA_cmac/u_core/u_active/dat_actv_data_reg6_reg_591_/Q
                              0.0856         0.0861        -0.0005  (VIOLATED)
   u_NV_NVDLA_cmac/u_core/u_mac_4/pp_out_l0n00_1_d1[12]
                              0.0861         0.0866        -0.0005  (VIOLATED)
       PIN :   u_NV_NVDLA_cmac/u_core/u_mac_4/pp_out_l0n00_1_d1_reg_12_/Q
                              0.0861         0.0866        -0.0005  (VIOLATED)
   u_NV_NVDLA_cmac/u_core/dat7_actv_data[1022]
                              0.0861         0.0866        -0.0005  (VIOLATED)
       PIN :   u_NV_NVDLA_cmac/u_core/u_active/dat_actv_data_reg7_reg_1022_/Q
                              0.0861         0.0866        -0.0005  (VIOLATED)
   u_NV_NVDLA_cmac/u_core/wt1_actv_data[57]
                              0.0861         0.0866        -0.0005  (VIOLATED)
       PIN :   u_NV_NVDLA_cmac/u_core/u_active/wt1_actv_data_reg_57_/Q
                              0.0861         0.0866        -0.0005  (VIOLATED)
   u_NV_NVDLA_cmac/u_core/wt5_actv_data[557]
                              0.0856         0.0861        -0.0005  (VIOLATED)
       PIN :   u_NV_NVDLA_cmac/u_core/u_active/wt5_actv_data_reg_557_/Q
                              0.0856         0.0861        -0.0005  (VIOLATED)
   u_NV_NVDLA_cmac/u_core/wt5_actv_data[489]
                              0.0861         0.0866        -0.0005  (VIOLATED)
       PIN :   u_NV_NVDLA_cmac/u_core/u_active/wt5_actv_data_reg_489_/Q
                              0.0861         0.0866        -0.0005  (VIOLATED)
   u_NV_NVDLA_cmac/u_core/u_mac_1/pp_out_l2n1_0_d2[37]
                              0.0856         0.0861        -0.0005  (VIOLATED)
       PIN :   u_NV_NVDLA_cmac/u_core/u_mac_1/pp_out_l2n1_0_d2_reg_37_/Q
                              0.0856         0.0861        -0.0005  (VIOLATED)
   u_NV_NVDLA_cmac/u_core/u_mac_0/pp_out_l0n00_0_d1[7]
                              0.0856         0.0861        -0.0005  (VIOLATED)
       PIN :   u_NV_NVDLA_cmac/u_core/u_mac_0/pp_out_l0n00_0_d1_reg_7_/Q
                              0.0856         0.0861        -0.0005  (VIOLATED)
   u_NV_NVDLA_cmac/u_core/wt6_actv_data[938]
                              0.0856         0.0861        -0.0005  (VIOLATED)
       PIN :   u_NV_NVDLA_cmac/u_core/u_active/wt6_actv_data_reg_938_/Q
                              0.0856         0.0861        -0.0005  (VIOLATED)
   u_NV_NVDLA_cmac/u_core/dat0_actv_data[748]
                              0.0861         0.0866        -0.0005  (VIOLATED)
       PIN :   u_NV_NVDLA_cmac/u_core/u_active/dat_actv_data_reg0_reg_748_/Q
                              0.0861         0.0866        -0.0005  (VIOLATED)
   u_NV_NVDLA_cmac/u_core/u_mac_0/res_tag_b1_d1[37]
                              0.0856         0.0861        -0.0005  (VIOLATED)
       PIN :   u_NV_NVDLA_cmac/u_core/u_mac_0/res_tag_b1_d1_reg_37_/Q
                              0.0856         0.0861        -0.0005  (VIOLATED)
   u_NV_NVDLA_cmac/u_core/dat4_actv_data[293]
                              0.0861         0.0866        -0.0005  (VIOLATED)
       PIN :   u_NV_NVDLA_cmac/u_core/u_active/dat_actv_data_reg4_reg_293_/Q
                              0.0861         0.0866        -0.0005  (VIOLATED)
   u_NV_NVDLA_cmac/u_core/u_mac_7/pp_out_l0n05_0_d1[11]
                              0.0856         0.0861        -0.0005  (VIOLATED)
       PIN :   u_NV_NVDLA_cmac/u_core/u_mac_7/pp_out_l0n05_0_d1_reg_11_/Q
                              0.0856         0.0861        -0.0005  (VIOLATED)
   u_NV_NVDLA_cmac/u_core/wt0_actv_data[477]
                              0.0861         0.0866        -0.0005  (VIOLATED)
       PIN :   u_NV_NVDLA_cmac/u_core/u_active/wt0_actv_data_reg_477_/Q
                              0.0861         0.0866        -0.0005  (VIOLATED)
   u_NV_NVDLA_cmac/u_core/u_active/wt4_sd_data[813]
                              0.0861         0.0866        -0.0005  (VIOLATED)
       PIN :   u_NV_NVDLA_cmac/u_core/u_active/wt4_sd_data_reg_813_/Q
                              0.0861         0.0866        -0.0005  (VIOLATED)
   u_NV_NVDLA_cmac/u_core/u_active/wt5_sd_nan[62]
                              0.0861         0.0866        -0.0005  (VIOLATED)
       PIN :   u_NV_NVDLA_cmac/u_core/u_active/wt5_sd_nan_reg_62_/Q
                              0.0861         0.0866        -0.0005  (VIOLATED)
   u_NV_NVDLA_cmac/u_core/dat5_actv_data[772]
                              0.0856         0.0861        -0.0005  (VIOLATED)
       PIN :   u_NV_NVDLA_cmac/u_core/u_active/dat_actv_data_reg5_reg_772_/Q
                              0.0856         0.0861        -0.0005  (VIOLATED)
   u_NV_NVDLA_cmac/u_core/wt5_actv_data[29]
                              0.0861         0.0866        -0.0005  (VIOLATED)
       PIN :   u_NV_NVDLA_cmac/u_core/u_active/wt5_actv_data_reg_29_/Q
                              0.0861         0.0866        -0.0005  (VIOLATED)
   u_NV_NVDLA_cmac/u_core/wt7_actv_data[625]
                              0.0861         0.0865        -0.0005  (VIOLATED)
       PIN :   u_NV_NVDLA_cmac/u_core/u_active/wt7_actv_data_reg_625_/Q
                              0.0861         0.0865        -0.0005  (VIOLATED)
   u_NV_NVDLA_cmac/u_core/dat4_actv_data[473]
                              0.0856         0.0861        -0.0005  (VIOLATED)
       PIN :   u_NV_NVDLA_cmac/u_core/u_active/dat_actv_data_reg4_reg_473_/Q
                              0.0856         0.0861        -0.0005  (VIOLATED)
   u_NV_NVDLA_cmac/u_core/dat4_actv_data[714]
                              0.0861         0.0865        -0.0005  (VIOLATED)
       PIN :   u_NV_NVDLA_cmac/u_core/u_active/dat_actv_data_reg4_reg_714_/Q
                              0.0861         0.0865        -0.0005  (VIOLATED)
   u_NV_NVDLA_cmac/u_core/u_mac_5/pp_out_l0n08_0_d1[4]
                              0.0856         0.0861        -0.0005  (VIOLATED)
       PIN :   u_NV_NVDLA_cmac/u_core/u_mac_5/pp_out_l0n08_0_d1_reg_4_/Q
                              0.0856         0.0861        -0.0005  (VIOLATED)
   u_NV_NVDLA_cmac/u_core/wt2_actv_data[898]
                              0.0861         0.0865        -0.0005  (VIOLATED)
       PIN :   u_NV_NVDLA_cmac/u_core/u_active/wt2_actv_data_reg_898_/Q
                              0.0861         0.0865        -0.0005  (VIOLATED)
   u_NV_NVDLA_cmac/u_core/dat5_actv_data[424]
                              0.0856         0.0861        -0.0005  (VIOLATED)
       PIN :   u_NV_NVDLA_cmac/u_core/u_active/dat_actv_data_reg5_reg_424_/Q
                              0.0856         0.0861        -0.0005  (VIOLATED)
   u_NV_NVDLA_cmac/u_core/u_active/wt0_sd_data[550]
                              0.0861         0.0865        -0.0005  (VIOLATED)
       PIN :   u_NV_NVDLA_cmac/u_core/u_active/wt0_sd_data_reg_550_/Q
                              0.0861         0.0865        -0.0005  (VIOLATED)
   u_NV_NVDLA_cmac/u_core/u_active/wt4_sd_data[777]
                              0.0861         0.0865        -0.0005  (VIOLATED)
       PIN :   u_NV_NVDLA_cmac/u_core/u_active/wt4_sd_data_reg_777_/Q
                              0.0861         0.0865        -0.0005  (VIOLATED)
   u_NV_NVDLA_cmac/u_core/u_mac_1/pp_out_l0n00_1_d1[35]
                              0.0861         0.0865        -0.0005  (VIOLATED)
       PIN :   u_NV_NVDLA_cmac/u_core/u_mac_1/pp_out_l0n00_1_d1_reg_35_/Q
                              0.0861         0.0865        -0.0005  (VIOLATED)
   u_NV_NVDLA_cmac/u_core/u_mac_1/pp_out_l0n00_0_d1[32]
                              0.0861         0.0865        -0.0005  (VIOLATED)
       PIN :   u_NV_NVDLA_cmac/u_core/u_mac_1/pp_out_l0n00_0_d1_reg_32_/Q
                              0.0861         0.0865        -0.0005  (VIOLATED)
   u_NV_NVDLA_cmac/u_core/dat3_actv_data[405]
                              0.0861         0.0865        -0.0005  (VIOLATED)
       PIN :   u_NV_NVDLA_cmac/u_core/u_active/dat_actv_data_reg3_reg_405_/Q
                              0.0861         0.0865        -0.0005  (VIOLATED)
   u_NV_NVDLA_cmac/u_core/u_mac_7/ps_n0b0_d2[1]
                              0.0856         0.0860        -0.0005  (VIOLATED)
       PIN :   u_NV_NVDLA_cmac/u_core/u_mac_7/ps_n0b0_d2_reg_1_/Q
                              0.0856         0.0860        -0.0005  (VIOLATED)
   u_NV_NVDLA_cmac/u_core/wt7_actv_data[851]
                              0.0861         0.0865        -0.0005  (VIOLATED)
       PIN :   u_NV_NVDLA_cmac/u_core/u_active/wt7_actv_data_reg_851_/Q
                              0.0861         0.0865        -0.0005  (VIOLATED)
   u_NV_NVDLA_cmac/u_core/wt1_actv_data[547]
                              0.0861         0.0865        -0.0005  (VIOLATED)
       PIN :   u_NV_NVDLA_cmac/u_core/u_active/wt1_actv_data_reg_547_/Q
                              0.0861         0.0865        -0.0005  (VIOLATED)
   u_NV_NVDLA_cmac/u_core/dat2_actv_data[304]
                              0.0861         0.0865        -0.0005  (VIOLATED)
       PIN :   u_NV_NVDLA_cmac/u_core/u_active/dat_actv_data_reg2_reg_304_/Q
                              0.0861         0.0865        -0.0005  (VIOLATED)
   u_NV_NVDLA_cmac/u_core/dat1_actv_data[882]
                              0.0861         0.0865        -0.0005  (VIOLATED)
       PIN :   u_NV_NVDLA_cmac/u_core/u_active/dat_actv_data_reg1_reg_882_/Q
                              0.0861         0.0865        -0.0005  (VIOLATED)
   u_NV_NVDLA_cmac/u_core/dat7_actv_data[906]
                              0.0856         0.0860        -0.0005  (VIOLATED)
       PIN :   u_NV_NVDLA_cmac/u_core/u_active/dat_actv_data_reg7_reg_906_/Q
                              0.0856         0.0860        -0.0005  (VIOLATED)
   u_NV_NVDLA_cmac/u_core/dat2_actv_data[915]
                              0.0856         0.0860        -0.0005  (VIOLATED)
       PIN :   u_NV_NVDLA_cmac/u_core/u_active/dat_actv_data_reg2_reg_915_/Q
                              0.0856         0.0860        -0.0005  (VIOLATED)
   u_NV_NVDLA_cmac/u_core/wt4_actv_data[931]
                              0.0861         0.0865        -0.0005  (VIOLATED)
       PIN :   u_NV_NVDLA_cmac/u_core/u_active/wt4_actv_data_reg_931_/Q
                              0.0861         0.0865        -0.0005  (VIOLATED)
   u_NV_NVDLA_cmac/u_core/dat7_actv_data[870]
                              0.0861         0.0865        -0.0005  (VIOLATED)
       PIN :   u_NV_NVDLA_cmac/u_core/u_active/dat_actv_data_reg7_reg_870_/Q
                              0.0861         0.0865        -0.0005  (VIOLATED)
   u_NV_NVDLA_cmac/u_core/dat6_actv_data[182]
                              0.0861         0.0865        -0.0005  (VIOLATED)
       PIN :   u_NV_NVDLA_cmac/u_core/u_active/dat_actv_data_reg6_reg_182_/Q
                              0.0861         0.0865        -0.0005  (VIOLATED)
   u_NV_NVDLA_cmac/u_core/wt0_actv_data[188]
                              0.0861         0.0865        -0.0005  (VIOLATED)
       PIN :   u_NV_NVDLA_cmac/u_core/u_active/wt0_actv_data_reg_188_/Q
                              0.0861         0.0865        -0.0005  (VIOLATED)
   u_NV_NVDLA_cmac/u_core/u_mac_1/pp_out_l0n04_1_d1[4]
                              0.0856         0.0860        -0.0005  (VIOLATED)
       PIN :   u_NV_NVDLA_cmac/u_core/u_mac_1/pp_out_l0n04_1_d1_reg_4_/Q
                              0.0856         0.0860        -0.0005  (VIOLATED)
   u_NV_NVDLA_cmac/u_core/dat6_actv_data[975]
                              0.0856         0.0860        -0.0005  (VIOLATED)
       PIN :   u_NV_NVDLA_cmac/u_core/u_active/dat_actv_data_reg6_reg_975_/Q
                              0.0856         0.0860        -0.0005  (VIOLATED)
   u_NV_NVDLA_cmac/u_core/u_mac_5/pp_out_l2n5_0_d2[33]
                              0.0861         0.0865        -0.0005  (VIOLATED)
       PIN :   u_NV_NVDLA_cmac/u_core/u_mac_5/pp_out_l2n5_0_d2_reg_33_/Q
                              0.0861         0.0865        -0.0005  (VIOLATED)
   u_NV_NVDLA_cmac/u_core/u_mac_1/pp_out_l0n00_0_d1[30]
                              0.0861         0.0865        -0.0005  (VIOLATED)
       PIN :   u_NV_NVDLA_cmac/u_core/u_mac_1/pp_out_l0n00_0_d1_reg_30_/Q
                              0.0861         0.0865        -0.0005  (VIOLATED)
   u_NV_NVDLA_cmac/u_core/dat4_actv_data[902]
                              0.0861         0.0865        -0.0005  (VIOLATED)
       PIN :   u_NV_NVDLA_cmac/u_core/u_active/dat_actv_data_reg4_reg_902_/Q
                              0.0861         0.0865        -0.0005  (VIOLATED)
   u_NV_NVDLA_cmac/u_core/u_active/wt4_sd_data[776]
                              0.0861         0.0865        -0.0005  (VIOLATED)
       PIN :   u_NV_NVDLA_cmac/u_core/u_active/wt4_sd_data_reg_776_/Q
                              0.0861         0.0865        -0.0005  (VIOLATED)
   u_NV_NVDLA_cmac/u_core/dat4_actv_data[65]
                              0.0861         0.0865        -0.0005  (VIOLATED)
       PIN :   u_NV_NVDLA_cmac/u_core/u_active/dat_actv_data_reg4_reg_65_/Q
                              0.0861         0.0865        -0.0005  (VIOLATED)
   u_NV_NVDLA_cmac/u_core/u_mac_0/pp_out_l2n1_1_d2[13]
                              0.0856         0.0860        -0.0004  (VIOLATED)
       PIN :   u_NV_NVDLA_cmac/u_core/u_mac_0/pp_out_l2n1_1_d2_reg_13_/Q
                              0.0856         0.0860        -0.0004  (VIOLATED)
   u_NV_NVDLA_cmac/u_core/wt7_actv_data[348]
                              0.0856         0.0860        -0.0004  (VIOLATED)
       PIN :   u_NV_NVDLA_cmac/u_core/u_active/wt7_actv_data_reg_348_/Q
                              0.0856         0.0860        -0.0004  (VIOLATED)
   u_NV_NVDLA_cmac/u_core/dat1_actv_data[21]
                              0.0861         0.0865        -0.0004  (VIOLATED)
       PIN :   u_NV_NVDLA_cmac/u_core/u_active/dat_actv_data_reg1_reg_21_/Q
                              0.0861         0.0865        -0.0004  (VIOLATED)
   u_NV_NVDLA_cmac/u_core/u_mac_5/pp_out_l0n05_1_d1[3]
                              0.0861         0.0865        -0.0004  (VIOLATED)
       PIN :   u_NV_NVDLA_cmac/u_core/u_mac_5/pp_out_l0n05_1_d1_reg_3_/Q
                              0.0861         0.0865        -0.0004  (VIOLATED)
   u_NV_NVDLA_cmac/u_core/wt1_actv_data[208]
                              0.0861         0.0865        -0.0004  (VIOLATED)
       PIN :   u_NV_NVDLA_cmac/u_core/u_active/wt1_actv_data_reg_208_/Q
                              0.0861         0.0865        -0.0004  (VIOLATED)
   u_NV_NVDLA_cmac/u_core/dat1_actv_data[163]
                              0.0861         0.0865        -0.0004  (VIOLATED)
       PIN :   u_NV_NVDLA_cmac/u_core/u_active/dat_actv_data_reg1_reg_163_/Q
                              0.0861         0.0865        -0.0004  (VIOLATED)
   u_NV_NVDLA_cmac/u_core/u_mac_7/pp_out_l0n14_0_d1[18]
                              0.0861         0.0865        -0.0004  (VIOLATED)
       PIN :   u_NV_NVDLA_cmac/u_core/u_mac_7/pp_out_l0n14_0_d1_reg_18_/Q
                              0.0861         0.0865        -0.0004  (VIOLATED)
   u_NV_NVDLA_cmac/u_core/u_mac_5/pp_out_l2n0_0_d2[38]
                              0.0861         0.0865        -0.0004  (VIOLATED)
       PIN :   u_NV_NVDLA_cmac/u_core/u_mac_5/pp_out_l2n0_0_d2_reg_38_/Q
                              0.0861         0.0865        -0.0004  (VIOLATED)
   u_NV_NVDLA_cmac/u_core/u_mac_7/pp_out_l0n04_0_d1[1]
                              0.0861         0.0865        -0.0004  (VIOLATED)
       PIN :   u_NV_NVDLA_cmac/u_core/u_mac_7/pp_out_l0n04_0_d1_reg_1_/Q
                              0.0861         0.0865        -0.0004  (VIOLATED)
   u_NV_NVDLA_cmac/u_core/wt7_actv_data[886]
                              0.0856         0.0860        -0.0004  (VIOLATED)
       PIN :   u_NV_NVDLA_cmac/u_core/u_active/wt7_actv_data_reg_886_/Q
                              0.0856         0.0860        -0.0004  (VIOLATED)
   u_NV_NVDLA_cmac/u_core/out_data1[88]
                              0.0856         0.0860        -0.0004  (VIOLATED)
       PIN :   u_NV_NVDLA_cmac/u_core/u_mac_1/mac_out_data_reg_88_/Q
                              0.0856         0.0860        -0.0004  (VIOLATED)
   u_NV_NVDLA_cmac/u_core/u_mac_6/pp_out_l0n08_0_d1[1]
                              0.0856         0.0860        -0.0004  (VIOLATED)
       PIN :   u_NV_NVDLA_cmac/u_core/u_mac_6/pp_out_l0n08_0_d1_reg_1_/Q
                              0.0856         0.0860        -0.0004  (VIOLATED)
   u_NV_NVDLA_cmac/u_core/wt6_actv_data[772]
                              0.0856         0.0860        -0.0004  (VIOLATED)
       PIN :   u_NV_NVDLA_cmac/u_core/u_active/wt6_actv_data_reg_772_/Q
                              0.0856         0.0860        -0.0004  (VIOLATED)
   u_NV_NVDLA_cmac/u_core/dat6_actv_data[580]
                              0.0861         0.0865        -0.0004  (VIOLATED)
       PIN :   u_NV_NVDLA_cmac/u_core/u_active/dat_actv_data_reg6_reg_580_/Q
                              0.0861         0.0865        -0.0004  (VIOLATED)
   u_NV_NVDLA_cmac/u_core/wt0_actv_data[760]
                              0.0861         0.0865        -0.0004  (VIOLATED)
       PIN :   u_NV_NVDLA_cmac/u_core/u_active/wt0_actv_data_reg_760_/Q
                              0.0861         0.0865        -0.0004  (VIOLATED)
   u_NV_NVDLA_cmac/u_core/u_mac_3/pp_out_l0n12_1_d1[3]
                              0.0861         0.0865        -0.0004  (VIOLATED)
       PIN :   u_NV_NVDLA_cmac/u_core/u_mac_3/pp_out_l0n12_1_d1_reg_3_/Q
                              0.0861         0.0865        -0.0004  (VIOLATED)
   u_NV_NVDLA_cmac/u_core/dat1_actv_nan[46]
                              0.0856         0.0860        -0.0004  (VIOLATED)
       PIN :   u_NV_NVDLA_cmac/u_core/u_active/dat_actv_nan_reg1_reg_46_/Q
                              0.0856         0.0860        -0.0004  (VIOLATED)
   u_NV_NVDLA_cmac/u_core/dat0_actv_data[633]
                              0.0856         0.0860        -0.0004  (VIOLATED)
       PIN :   u_NV_NVDLA_cmac/u_core/u_active/dat_actv_data_reg0_reg_633_/Q
                              0.0856         0.0860        -0.0004  (VIOLATED)
   u_NV_NVDLA_cmac/u_core/in_wt_data33[7]
                              0.0856         0.0860        -0.0004  (VIOLATED)
       PIN :   u_NV_NVDLA_cmac/u_core/u_rt_in/in_rt_wt_data_d1_reg_271_/Q
                              0.0856         0.0860        -0.0004  (VIOLATED)
   u_NV_NVDLA_cmac/u_core/dat4_actv_data[232]
                              0.0856         0.0860        -0.0004  (VIOLATED)
       PIN :   u_NV_NVDLA_cmac/u_core/u_active/dat_actv_data_reg4_reg_232_/Q
                              0.0856         0.0860        -0.0004  (VIOLATED)
   u_NV_NVDLA_cmac/u_core/u_mac_1/pp_out_l2n7_0_d2[9]
                              0.0856         0.0860        -0.0004  (VIOLATED)
       PIN :   u_NV_NVDLA_cmac/u_core/u_mac_1/pp_out_l2n7_0_d2_reg_9_/Q
                              0.0856         0.0860        -0.0004  (VIOLATED)
   u_NV_NVDLA_cmac/u_core/u_mac_3/pp_out_l0n12_1_d1[7]
                              0.0861         0.0865        -0.0004  (VIOLATED)
       PIN :   u_NV_NVDLA_cmac/u_core/u_mac_3/pp_out_l0n12_1_d1_reg_7_/Q
                              0.0861         0.0865        -0.0004  (VIOLATED)
   u_NV_NVDLA_cmac/u_core/dat6_actv_data[854]
                              0.0861         0.0865        -0.0004  (VIOLATED)
       PIN :   u_NV_NVDLA_cmac/u_core/u_active/dat_actv_data_reg6_reg_854_/Q
                              0.0861         0.0865        -0.0004  (VIOLATED)
   u_NV_NVDLA_cmac/u_core/u_mac_4/pp_out_l0n01_1_d1[12]
                              0.0856         0.0860        -0.0004  (VIOLATED)
       PIN :   u_NV_NVDLA_cmac/u_core/u_mac_4/pp_out_l0n01_1_d1_reg_12_/Q
                              0.0856         0.0860        -0.0004  (VIOLATED)
   u_NV_NVDLA_cmac/u_core/wt2_actv_data[867]
                              0.0861         0.0865        -0.0004  (VIOLATED)
       PIN :   u_NV_NVDLA_cmac/u_core/u_active/wt2_actv_data_reg_867_/Q
                              0.0861         0.0865        -0.0004  (VIOLATED)
   u_NV_NVDLA_cmac/u_core/dat4_actv_data[573]
                              0.0861         0.0865        -0.0004  (VIOLATED)
       PIN :   u_NV_NVDLA_cmac/u_core/u_active/dat_actv_data_reg4_reg_573_/Q
                              0.0861         0.0865        -0.0004  (VIOLATED)
   u_NV_NVDLA_cmac/u_core/u_mac_5/pp_out_l0n15_1_d1[18]
                              0.0856         0.0860        -0.0004  (VIOLATED)
       PIN :   u_NV_NVDLA_cmac/u_core/u_mac_5/pp_out_l0n15_1_d1_reg_18_/Q
                              0.0856         0.0860        -0.0004  (VIOLATED)
   u_NV_NVDLA_cmac/u_core/u_active/dat_pre_data[112]
                              0.0861         0.0865        -0.0004  (VIOLATED)
       PIN :   u_NV_NVDLA_cmac/u_core/u_active/dat_pre_data_reg_112_/Q
                              0.0861         0.0865        -0.0004  (VIOLATED)
   u_NV_NVDLA_cmac/u_core/dat1_actv_data[703]
                              0.0856         0.0860        -0.0004  (VIOLATED)
       PIN :   u_NV_NVDLA_cmac/u_core/u_active/dat_actv_data_reg1_reg_703_/Q
                              0.0856         0.0860        -0.0004  (VIOLATED)
   u_NV_NVDLA_cmac/u_core/u_mac_3/pp_out_l0n06_1_d1[17]
                              0.0861         0.0865        -0.0004  (VIOLATED)
       PIN :   u_NV_NVDLA_cmac/u_core/u_mac_3/pp_out_l0n06_1_d1_reg_17_/Q
                              0.0861         0.0865        -0.0004  (VIOLATED)
   u_NV_NVDLA_cmac/u_core/wt6_actv_data[891]
                              0.0861         0.0865        -0.0004  (VIOLATED)
       PIN :   u_NV_NVDLA_cmac/u_core/u_active/wt6_actv_data_reg_891_/Q
                              0.0861         0.0865        -0.0004  (VIOLATED)
   u_NV_NVDLA_cmac/u_core/dat7_actv_data[458]
                              0.0861         0.0865        -0.0004  (VIOLATED)
       PIN :   u_NV_NVDLA_cmac/u_core/u_active/dat_actv_data_reg7_reg_458_/Q
                              0.0861         0.0865        -0.0004  (VIOLATED)
   u_NV_NVDLA_cmac/u_core/u_active/wt1_sd_data[952]
                              0.0861         0.0865        -0.0004  (VIOLATED)
       PIN :   u_NV_NVDLA_cmac/u_core/u_active/wt1_sd_data_reg_952_/Q
                              0.0861         0.0865        -0.0004  (VIOLATED)
   u_NV_NVDLA_cmac/u_core/u_active/wt2_sd_nz[72]
                              0.0861         0.0865        -0.0004  (VIOLATED)
       PIN :   u_NV_NVDLA_cmac/u_core/u_active/wt2_sd_nz_reg_72_/Q
                              0.0861         0.0865        -0.0004  (VIOLATED)
   u_NV_NVDLA_cmac/u_core/wt4_actv_data[989]
                              0.0861         0.0865        -0.0004  (VIOLATED)
       PIN :   u_NV_NVDLA_cmac/u_core/u_active/wt4_actv_data_reg_989_/Q
                              0.0861         0.0865        -0.0004  (VIOLATED)
   u_NV_NVDLA_cmac/u_core/wt4_actv_data[739]
                              0.0861         0.0864        -0.0004  (VIOLATED)
       PIN :   u_NV_NVDLA_cmac/u_core/u_active/wt4_actv_data_reg_739_/Q
                              0.0861         0.0864        -0.0004  (VIOLATED)
   u_NV_NVDLA_cmac/u_core/wt7_actv_data[883]
                              0.0856         0.0860        -0.0004  (VIOLATED)
       PIN :   u_NV_NVDLA_cmac/u_core/u_active/wt7_actv_data_reg_883_/Q
                              0.0856         0.0860        -0.0004  (VIOLATED)
   u_NV_NVDLA_cmac/u_core/in_wt_data66[6]
                              0.0861         0.0864        -0.0004  (VIOLATED)
       PIN :   u_NV_NVDLA_cmac/u_core/u_rt_in/in_rt_wt_data_d1_reg_534_/Q
                              0.0861         0.0864        -0.0004  (VIOLATED)
   u_NV_NVDLA_cmac/u_core/dat2_actv_data[913]
                              0.0856         0.0860        -0.0004  (VIOLATED)
       PIN :   u_NV_NVDLA_cmac/u_core/u_active/dat_actv_data_reg2_reg_913_/Q
                              0.0856         0.0860        -0.0004  (VIOLATED)
   u_NV_NVDLA_cmac/u_core/dat6_actv_data[355]
                              0.0861         0.0864        -0.0004  (VIOLATED)
       PIN :   u_NV_NVDLA_cmac/u_core/u_active/dat_actv_data_reg6_reg_355_/Q
                              0.0861         0.0864        -0.0004  (VIOLATED)
   u_NV_NVDLA_cmac/u_core/u_active/wt4_sd_nan[47]
                              0.0861         0.0864        -0.0004  (VIOLATED)
       PIN :   u_NV_NVDLA_cmac/u_core/u_active/wt4_sd_nan_reg_47_/Q
                              0.0861         0.0864        -0.0004  (VIOLATED)
   u_NV_NVDLA_cmac/u_core/wt5_actv_data[388]
                              0.0861         0.0864        -0.0004  (VIOLATED)
       PIN :   u_NV_NVDLA_cmac/u_core/u_active/wt5_actv_data_reg_388_/Q
                              0.0861         0.0864        -0.0004  (VIOLATED)
   u_NV_NVDLA_cmac/u_core/wt7_actv_data[264]
                              0.0861         0.0864        -0.0004  (VIOLATED)
       PIN :   u_NV_NVDLA_cmac/u_core/u_active/wt7_actv_data_reg_264_/Q
                              0.0861         0.0864        -0.0004  (VIOLATED)
   u_NV_NVDLA_cmac/u_core/wt7_actv_data[166]
                              0.0856         0.0859        -0.0004  (VIOLATED)
       PIN :   u_NV_NVDLA_cmac/u_core/u_active/wt7_actv_data_reg_166_/Q
                              0.0856         0.0859        -0.0004  (VIOLATED)
   u_NV_NVDLA_cmac/u_core/u_mac_3/pp_out_l2n7_0_d2[8]
                              0.0856         0.0859        -0.0004  (VIOLATED)
       PIN :   u_NV_NVDLA_cmac/u_core/u_mac_3/pp_out_l2n7_0_d2_reg_8_/Q
                              0.0856         0.0859        -0.0004  (VIOLATED)
   u_NV_NVDLA_cmac/u_core/u_mac_0/pp_out_l0n12_1_d1[17]
                              0.0856         0.0859        -0.0004  (VIOLATED)
       PIN :   u_NV_NVDLA_cmac/u_core/u_mac_0/pp_out_l0n12_1_d1_reg_17_/Q
                              0.0856         0.0859        -0.0004  (VIOLATED)
   u_NV_NVDLA_cmac/u_core/wt0_actv_data[367]
                              0.0861         0.0864        -0.0004  (VIOLATED)
       PIN :   u_NV_NVDLA_cmac/u_core/u_active/wt0_actv_data_reg_367_/Q
                              0.0861         0.0864        -0.0004  (VIOLATED)
   u_NV_NVDLA_cmac/u_core/u_mac_5/pp_out_l2n4_1_d2[27]
                              0.0861         0.0864        -0.0004  (VIOLATED)
       PIN :   u_NV_NVDLA_cmac/u_core/u_mac_5/pp_out_l2n4_1_d2_reg_27_/Q
                              0.0861         0.0864        -0.0004  (VIOLATED)
   u_NV_NVDLA_cmac/u_core/wt2_actv_data[583]
                              0.0861         0.0864        -0.0004  (VIOLATED)
       PIN :   u_NV_NVDLA_cmac/u_core/u_active/wt2_actv_data_reg_583_/Q
                              0.0861         0.0864        -0.0004  (VIOLATED)
   u_NV_NVDLA_cmac/u_core/u_mac_4/pp_out_l0n14_1_d1[19]
                              0.0856         0.0859        -0.0004  (VIOLATED)
       PIN :   u_NV_NVDLA_cmac/u_core/u_mac_4/pp_out_l0n14_1_d1_reg_19_/Q
                              0.0856         0.0859        -0.0004  (VIOLATED)
   u_NV_NVDLA_cmac/u_core/u_mac_4/pp_out_l0n10_1_d1[15]
                              0.0856         0.0859        -0.0004  (VIOLATED)
       PIN :   u_NV_NVDLA_cmac/u_core/u_mac_4/pp_out_l0n10_1_d1_reg_15_/Q
                              0.0856         0.0859        -0.0004  (VIOLATED)
   u_NV_NVDLA_cmac/u_core/dat6_actv_data[458]
                              0.0856         0.0859        -0.0004  (VIOLATED)
       PIN :   u_NV_NVDLA_cmac/u_core/u_active/dat_actv_data_reg6_reg_458_/Q
                              0.0856         0.0859        -0.0004  (VIOLATED)
   u_NV_NVDLA_cmac/u_core/u_mac_2/pp_out_l0n06_1_d1[25]
                              0.0856         0.0859        -0.0004  (VIOLATED)
       PIN :   u_NV_NVDLA_cmac/u_core/u_mac_2/pp_out_l0n06_1_d1_reg_25_/Q
                              0.0856         0.0859        -0.0004  (VIOLATED)
   u_NV_NVDLA_cmac/u_core/u_mac_4/pp_out_l2n1_1_d2[36]
                              0.0856         0.0859        -0.0004  (VIOLATED)
       PIN :   u_NV_NVDLA_cmac/u_core/u_mac_4/pp_out_l2n1_1_d2_reg_36_/Q
                              0.0856         0.0859        -0.0004  (VIOLATED)
   u_NV_NVDLA_cmac/u_core/u_mac_2/pp_out_l0n00_1_d1[18]
                              0.0856         0.0859        -0.0004  (VIOLATED)
       PIN :   u_NV_NVDLA_cmac/u_core/u_mac_2/pp_out_l0n00_1_d1_reg_18_/Q
                              0.0856         0.0859        -0.0004  (VIOLATED)
   u_NV_NVDLA_cmac/u_core/in_wt_data36[6]
                              0.0861         0.0864        -0.0004  (VIOLATED)
       PIN :   u_NV_NVDLA_cmac/u_core/u_rt_in/in_rt_wt_data_d1_reg_294_/Q
                              0.0861         0.0864        -0.0004  (VIOLATED)
   u_NV_NVDLA_cmac/u_core/wt7_actv_data[549]
                              0.0861         0.0864        -0.0004  (VIOLATED)
       PIN :   u_NV_NVDLA_cmac/u_core/u_active/wt7_actv_data_reg_549_/Q
                              0.0861         0.0864        -0.0004  (VIOLATED)
   u_NV_NVDLA_cmac/u_core/dat0_actv_data[959]
                              0.0861         0.0864        -0.0003  (VIOLATED)
       PIN :   u_NV_NVDLA_cmac/u_core/u_active/dat_actv_data_reg0_reg_959_/Q
                              0.0861         0.0864        -0.0003  (VIOLATED)
   u_NV_NVDLA_cmac/u_core/u_mac_1/res_tag_b3_d1[17]
                              0.0856         0.0859        -0.0003  (VIOLATED)
       PIN :   u_NV_NVDLA_cmac/u_core/u_mac_1/res_tag_b3_d1_reg_17_/Q
                              0.0856         0.0859        -0.0003  (VIOLATED)
   u_NV_NVDLA_cmac/u_core/u_mac_7/res_tag_b3_d1[8]
                              0.0856         0.0859        -0.0003  (VIOLATED)
       PIN :   u_NV_NVDLA_cmac/u_core/u_mac_7/res_tag_b3_d1_reg_8_/Q
                              0.0856         0.0859        -0.0003  (VIOLATED)
   u_NV_NVDLA_cmac/u_core/dat7_actv_data[111]
                              0.0861         0.0864        -0.0003  (VIOLATED)
       PIN :   u_NV_NVDLA_cmac/u_core/u_active/dat_actv_data_reg7_reg_111_/Q
                              0.0861         0.0864        -0.0003  (VIOLATED)
   u_NV_NVDLA_cmac/u_core/dat7_actv_data[905]
                              0.0856         0.0859        -0.0003  (VIOLATED)
       PIN :   u_NV_NVDLA_cmac/u_core/u_active/dat_actv_data_reg7_reg_905_/Q
                              0.0856         0.0859        -0.0003  (VIOLATED)
   u_NV_NVDLA_cmac/u_core/wt2_actv_data[469]
                              0.0856         0.0859        -0.0003  (VIOLATED)
       PIN :   u_NV_NVDLA_cmac/u_core/u_active/wt2_actv_data_reg_469_/Q
                              0.0856         0.0859        -0.0003  (VIOLATED)
   u_NV_NVDLA_cmac/u_core/wt6_actv_data[202]
                              0.0856         0.0859        -0.0003  (VIOLATED)
       PIN :   u_NV_NVDLA_cmac/u_core/u_active/wt6_actv_data_reg_202_/Q
                              0.0856         0.0859        -0.0003  (VIOLATED)
   u_NV_NVDLA_cmac/u_core/u_mac_5/pp_out_l0n01_0_d1[10]
                              0.0856         0.0859        -0.0003  (VIOLATED)
       PIN :   u_NV_NVDLA_cmac/u_core/u_mac_5/pp_out_l0n01_0_d1_reg_10_/Q
                              0.0856         0.0859        -0.0003  (VIOLATED)
   u_NV_NVDLA_cmac/u_core/dat6_actv_nan[55]
                              0.0861         0.0864        -0.0003  (VIOLATED)
       PIN :   u_NV_NVDLA_cmac/u_core/u_active/dat_actv_nan_reg6_reg_55_/Q
                              0.0861         0.0864        -0.0003  (VIOLATED)
   u_NV_NVDLA_cmac/u_core/dat0_actv_data[744]
                              0.0861         0.0864        -0.0003  (VIOLATED)
       PIN :   u_NV_NVDLA_cmac/u_core/u_active/dat_actv_data_reg0_reg_744_/Q
                              0.0861         0.0864        -0.0003  (VIOLATED)
   u_NV_NVDLA_cmac/u_core/dat4_actv_data[226]
                              0.0861         0.0864        -0.0003  (VIOLATED)
       PIN :   u_NV_NVDLA_cmac/u_core/u_active/dat_actv_data_reg4_reg_226_/Q
                              0.0861         0.0864        -0.0003  (VIOLATED)
   u_NV_NVDLA_cmac/u_core/u_mac_5/pp_out_l2n6_1_d2[5]
                              0.0856         0.0859        -0.0003  (VIOLATED)
       PIN :   u_NV_NVDLA_cmac/u_core/u_mac_5/pp_out_l2n6_1_d2_reg_5_/Q
                              0.0856         0.0859        -0.0003  (VIOLATED)
   u_NV_NVDLA_cmac/u_core/wt1_actv_data[953]
                              0.0861         0.0864        -0.0003  (VIOLATED)
       PIN :   u_NV_NVDLA_cmac/u_core/u_active/wt1_actv_data_reg_953_/Q
                              0.0861         0.0864        -0.0003  (VIOLATED)
   u_NV_NVDLA_cmac/u_core/u_mac_6/pp_out_l2n1_1_d2[32]
                              0.0856         0.0859        -0.0003  (VIOLATED)
       PIN :   u_NV_NVDLA_cmac/u_core/u_mac_6/pp_out_l2n1_1_d2_reg_32_/Q
                              0.0856         0.0859        -0.0003  (VIOLATED)
   u_NV_NVDLA_cmac/u_core/dat7_actv_data[697]
                              0.0861         0.0864        -0.0003  (VIOLATED)
       PIN :   u_NV_NVDLA_cmac/u_core/u_active/dat_actv_data_reg7_reg_697_/Q
                              0.0861         0.0864        -0.0003  (VIOLATED)
   u_NV_NVDLA_cmac/u_core/dat2_actv_data[940]
                              0.0856         0.0859        -0.0003  (VIOLATED)
       PIN :   u_NV_NVDLA_cmac/u_core/u_active/dat_actv_data_reg2_reg_940_/Q
                              0.0856         0.0859        -0.0003  (VIOLATED)
   u_NV_NVDLA_cmac/u_core/u_mac_7/pp_out_l0n00_1_d1[34]
                              0.0861         0.0864        -0.0003  (VIOLATED)
       PIN :   u_NV_NVDLA_cmac/u_core/u_mac_7/pp_out_l0n00_1_d1_reg_34_/Q
                              0.0861         0.0864        -0.0003  (VIOLATED)
   u_NV_NVDLA_cmac/u_core/wt3_actv_data[179]
                              0.0861         0.0864        -0.0003  (VIOLATED)
       PIN :   u_NV_NVDLA_cmac/u_core/u_active/wt3_actv_data_reg_179_/Q
                              0.0861         0.0864        -0.0003  (VIOLATED)
   u_NV_NVDLA_cmac/u_core/wt4_actv_data[558]
                              0.0856         0.0859        -0.0003  (VIOLATED)
       PIN :   u_NV_NVDLA_cmac/u_core/u_active/wt4_actv_data_reg_558_/Q
                              0.0856         0.0859        -0.0003  (VIOLATED)
   u_NV_NVDLA_cmac/u_core/dat1_actv_data[423]
                              0.0861         0.0864        -0.0003  (VIOLATED)
       PIN :   u_NV_NVDLA_cmac/u_core/u_active/dat_actv_data_reg1_reg_423_/Q
                              0.0861         0.0864        -0.0003  (VIOLATED)
   u_NV_NVDLA_cmac/u_core/u_active/wt0_sd_data[547]
                              0.0861         0.0864        -0.0003  (VIOLATED)
       PIN :   u_NV_NVDLA_cmac/u_core/u_active/wt0_sd_data_reg_547_/Q
                              0.0861         0.0864        -0.0003  (VIOLATED)
   u_NV_NVDLA_cmac/u_core/wt7_actv_data[768]
                              0.0861         0.0864        -0.0003  (VIOLATED)
       PIN :   u_NV_NVDLA_cmac/u_core/u_active/wt7_actv_data_reg_768_/Q
                              0.0861         0.0864        -0.0003  (VIOLATED)
   u_NV_NVDLA_cmac/u_core/dat6_actv_data[391]
                              0.0861         0.0864        -0.0003  (VIOLATED)
       PIN :   u_NV_NVDLA_cmac/u_core/u_active/dat_actv_data_reg6_reg_391_/Q
                              0.0861         0.0864        -0.0003  (VIOLATED)
   u_NV_NVDLA_cmac/u_core/wt1_actv_data[170]
                              0.0856         0.0859        -0.0003  (VIOLATED)
       PIN :   u_NV_NVDLA_cmac/u_core/u_active/wt1_actv_data_reg_170_/Q
                              0.0856         0.0859        -0.0003  (VIOLATED)
   u_NV_NVDLA_cmac/u_core/u_mac_2/pp_out_l0n09_0_d1[16]
                              0.0856         0.0859        -0.0003  (VIOLATED)
       PIN :   u_NV_NVDLA_cmac/u_core/u_mac_2/pp_out_l0n09_0_d1_reg_16_/Q
                              0.0856         0.0859        -0.0003  (VIOLATED)
   u_NV_NVDLA_cmac/u_core/u_active/dat_pre_nz[56]
                              0.0856         0.0859        -0.0003  (VIOLATED)
       PIN :   u_NV_NVDLA_cmac/u_core/u_active/dat_pre_nz_reg_56_/Q
                              0.0856         0.0859        -0.0003  (VIOLATED)
   u_NV_NVDLA_cmac/u_core/u_mac_0/pp_out_l2n5_0_d2[20]
                              0.0856         0.0859        -0.0003  (VIOLATED)
       PIN :   u_NV_NVDLA_cmac/u_core/u_mac_0/pp_out_l2n5_0_d2_reg_20_/Q
                              0.0856         0.0859        -0.0003  (VIOLATED)
   u_NV_NVDLA_cmac/u_core/u_mac_3/pp_out_l0n10_0_d1[17]
                              0.0856         0.0859        -0.0003  (VIOLATED)
       PIN :   u_NV_NVDLA_cmac/u_core/u_mac_3/pp_out_l0n10_0_d1_reg_17_/Q
                              0.0856         0.0859        -0.0003  (VIOLATED)
   u_NV_NVDLA_cmac/u_core/u_mac_6/pp_out_l2n1_1_d2[29]
                              0.0856         0.0859        -0.0003  (VIOLATED)
       PIN :   u_NV_NVDLA_cmac/u_core/u_mac_6/pp_out_l2n1_1_d2_reg_29_/Q
                              0.0856         0.0859        -0.0003  (VIOLATED)
   u_NV_NVDLA_cmac/u_core/u_mac_7/pp_out_l0n01_0_d1[9]
                              0.0856         0.0859        -0.0003  (VIOLATED)
       PIN :   u_NV_NVDLA_cmac/u_core/u_mac_7/pp_out_l0n01_0_d1_reg_9_/Q
                              0.0856         0.0859        -0.0003  (VIOLATED)
   u_NV_NVDLA_cmac/u_core/in_wt_data0[4]
                              0.0861         0.0864        -0.0003  (VIOLATED)
       PIN :   u_NV_NVDLA_cmac/u_core/u_rt_in/in_rt_wt_data_d1_reg_4_/Q
                              0.0861         0.0864        -0.0003  (VIOLATED)
   u_NV_NVDLA_cmac/u_core/u_active/dat_pre_data[109]
                              0.0861         0.0864        -0.0003  (VIOLATED)
       PIN :   u_NV_NVDLA_cmac/u_core/u_active/dat_pre_data_reg_109_/Q
                              0.0861         0.0864        -0.0003  (VIOLATED)
   u_NV_NVDLA_cmac/u_core/wt4_actv_data[8]
                              0.0856         0.0859        -0.0003  (VIOLATED)
       PIN :   u_NV_NVDLA_cmac/u_core/u_active/wt4_actv_data_reg_8_/Q
                              0.0856         0.0859        -0.0003  (VIOLATED)
   u_NV_NVDLA_cmac/u_core/in_wt_data5[2]
                              0.0856         0.0859        -0.0003  (VIOLATED)
       PIN :   u_NV_NVDLA_cmac/u_core/u_rt_in/in_rt_wt_data_d1_reg_42_/Q
                              0.0856         0.0859        -0.0003  (VIOLATED)
   u_NV_NVDLA_cmac/u_core/out_data2[19]
                              0.0856         0.0859        -0.0003  (VIOLATED)
       PIN :   u_NV_NVDLA_cmac/u_core/u_mac_2/mac_out_data_reg_19_/Q
                              0.0856         0.0859        -0.0003  (VIOLATED)
   u_NV_NVDLA_cmac/u_core/wt2_actv_data[408]
                              0.0861         0.0863        -0.0003  (VIOLATED)
       PIN :   u_NV_NVDLA_cmac/u_core/u_active/wt2_actv_data_reg_408_/Q
                              0.0861         0.0863        -0.0003  (VIOLATED)
   u_NV_NVDLA_cmac/u_core/dat5_actv_data[31]
                              0.0861         0.0863        -0.0003  (VIOLATED)
       PIN :   u_NV_NVDLA_cmac/u_core/u_active/dat_actv_data_reg5_reg_31_/Q
                              0.0861         0.0863        -0.0003  (VIOLATED)
   u_NV_NVDLA_cmac/u_core/u_mac_7/pp_out_l0n14_1_d1[33]
                              0.0861         0.0863        -0.0003  (VIOLATED)
       PIN :   u_NV_NVDLA_cmac/u_core/u_mac_7/pp_out_l0n14_1_d1_reg_33_/Q
                              0.0861         0.0863        -0.0003  (VIOLATED)
   u_NV_NVDLA_cmac/u_core/wt0_actv_data[712]
                              0.0856         0.0859        -0.0003  (VIOLATED)
       PIN :   u_NV_NVDLA_cmac/u_core/u_active/wt0_actv_data_reg_712_/Q
                              0.0856         0.0859        -0.0003  (VIOLATED)
   u_NV_NVDLA_cmac/u_core/u_mac_7/pp_out_l0n15_0_d1[21]
                              0.0861         0.0863        -0.0003  (VIOLATED)
       PIN :   u_NV_NVDLA_cmac/u_core/u_mac_7/pp_out_l0n15_0_d1_reg_21_/Q
                              0.0861         0.0863        -0.0003  (VIOLATED)
   u_NV_NVDLA_cmac/u_core/u_mac_0/pp_out_l0n05_1_d1[30]
                              0.0856         0.0859        -0.0003  (VIOLATED)
       PIN :   u_NV_NVDLA_cmac/u_core/u_mac_0/pp_out_l0n05_1_d1_reg_30_/Q
                              0.0856         0.0859        -0.0003  (VIOLATED)
   u_NV_NVDLA_cmac/u_core/u_mac_5/pp_out_l0n00_0_d1[22]
                              0.0861         0.0863        -0.0003  (VIOLATED)
       PIN :   u_NV_NVDLA_cmac/u_core/u_mac_5/pp_out_l0n00_0_d1_reg_22_/Q
                              0.0861         0.0863        -0.0003  (VIOLATED)
   u_NV_NVDLA_cmac/u_core/u_mac_0/exp_sft_13[0]
                              0.0861         0.0863        -0.0003  (VIOLATED)
       PIN :   u_NV_NVDLA_cmac/u_core/u_mac_0/u_exp/exp_sft_13_reg_0_/Q
                              0.0861         0.0863        -0.0003  (VIOLATED)
   u_NV_NVDLA_cmac/u_core/u_mac_1/pp_out_l0n01_1_d1[28]
                              0.0856         0.0858        -0.0003  (VIOLATED)
       PIN :   u_NV_NVDLA_cmac/u_core/u_mac_1/pp_out_l0n01_1_d1_reg_28_/Q
                              0.0856         0.0858        -0.0003  (VIOLATED)
   u_NV_NVDLA_cmac/u_core/u_mac_7/pp_out_l0n01_0_d1[29]
                              0.0856         0.0858        -0.0003  (VIOLATED)
       PIN :   u_NV_NVDLA_cmac/u_core/u_mac_7/pp_out_l0n01_0_d1_reg_29_/Q
                              0.0856         0.0858        -0.0003  (VIOLATED)
   u_NV_NVDLA_cmac/u_core/u_mac_0/pp_out_l0n00_0_d1[5]
                              0.0856         0.0858        -0.0003  (VIOLATED)
       PIN :   u_NV_NVDLA_cmac/u_core/u_mac_0/pp_out_l0n00_0_d1_reg_5_/Q
                              0.0856         0.0858        -0.0003  (VIOLATED)
   u_NV_NVDLA_cmac/u_core/u_mac_4/pp_out_l0n01_0_d1[10]
                              0.0856         0.0858        -0.0003  (VIOLATED)
       PIN :   u_NV_NVDLA_cmac/u_core/u_mac_4/pp_out_l0n01_0_d1_reg_10_/Q
                              0.0856         0.0858        -0.0003  (VIOLATED)
   u_NV_NVDLA_cmac/u_core/u_active/wt2_sd_nz[73]
                              0.0861         0.0863        -0.0003  (VIOLATED)
       PIN :   u_NV_NVDLA_cmac/u_core/u_active/wt2_sd_nz_reg_73_/Q
                              0.0861         0.0863        -0.0003  (VIOLATED)
   u_NV_NVDLA_cmac/u_core/u_mac_3/pp_out_l0n01_0_d1[6]
                              0.0856         0.0858        -0.0003  (VIOLATED)
       PIN :   u_NV_NVDLA_cmac/u_core/u_mac_3/pp_out_l0n01_0_d1_reg_6_/Q
                              0.0856         0.0858        -0.0003  (VIOLATED)
   u_NV_NVDLA_cmac/u_core/u_mac_1/pp_out_l0n14_0_d1[22]
                              0.0856         0.0858        -0.0003  (VIOLATED)
       PIN :   u_NV_NVDLA_cmac/u_core/u_mac_1/pp_out_l0n14_0_d1_reg_22_/Q
                              0.0856         0.0858        -0.0003  (VIOLATED)
   u_NV_NVDLA_cmac/u_core/wt3_actv_data[997]
                              0.0856         0.0858        -0.0003  (VIOLATED)
       PIN :   u_NV_NVDLA_cmac/u_core/u_active/wt3_actv_data_reg_997_/Q
                              0.0856         0.0858        -0.0003  (VIOLATED)
   u_NV_NVDLA_cmac/u_core/wt7_actv_data[544]
                              0.0861         0.0863        -0.0003  (VIOLATED)
       PIN :   u_NV_NVDLA_cmac/u_core/u_active/wt7_actv_data_reg_544_/Q
                              0.0861         0.0863        -0.0003  (VIOLATED)
   u_NV_NVDLA_cmac/u_core/wt7_actv_nan[26]
                              0.0861         0.0863        -0.0003  (VIOLATED)
       PIN :   u_NV_NVDLA_cmac/u_core/u_active/wt7_actv_nan_reg_26_/Q
                              0.0861         0.0863        -0.0003  (VIOLATED)
   u_NV_NVDLA_cmac/u_core/u_mac_4/pp_out_l0n00_1_d1[13]
                              0.0861         0.0863        -0.0003  (VIOLATED)
       PIN :   u_NV_NVDLA_cmac/u_core/u_mac_4/pp_out_l0n00_1_d1_reg_13_/Q
                              0.0861         0.0863        -0.0003  (VIOLATED)
   u_NV_NVDLA_cmac/u_core/wt1_actv_data[450]
                              0.0861         0.0863        -0.0003  (VIOLATED)
       PIN :   u_NV_NVDLA_cmac/u_core/u_active/wt1_actv_data_reg_450_/Q
                              0.0861         0.0863        -0.0003  (VIOLATED)
   u_NV_NVDLA_cmac/u_core/u_mac_0/pp_out_l0n00_0_d1[11]
                              0.0856         0.0858        -0.0003  (VIOLATED)
       PIN :   u_NV_NVDLA_cmac/u_core/u_mac_0/pp_out_l0n00_0_d1_reg_11_/Q
                              0.0856         0.0858        -0.0003  (VIOLATED)
   u_NV_NVDLA_cmac/u_core/in_dat_data9[7]
                              0.0861         0.0863        -0.0003  (VIOLATED)
       PIN :   u_NV_NVDLA_cmac/u_core/u_rt_in/in_rt_dat_data_d1_reg_79_/Q
                              0.0861         0.0863        -0.0003  (VIOLATED)
   u_NV_NVDLA_cmac/u_core/u_active/wt0_sd_data[554]
                              0.0861         0.0863        -0.0003  (VIOLATED)
       PIN :   u_NV_NVDLA_cmac/u_core/u_active/wt0_sd_data_reg_554_/Q
                              0.0861         0.0863        -0.0003  (VIOLATED)
   u_NV_NVDLA_cmac/u_core/u_mac_0/pp_out_l0n06_1_d1[17]
                              0.0856         0.0858        -0.0003  (VIOLATED)
       PIN :   u_NV_NVDLA_cmac/u_core/u_mac_0/pp_out_l0n06_1_d1_reg_17_/Q
                              0.0856         0.0858        -0.0003  (VIOLATED)
   u_NV_NVDLA_cmac/u_core/u_mac_3/pp_out_l0n12_1_d1[9]
                              0.0861         0.0863        -0.0003  (VIOLATED)
       PIN :   u_NV_NVDLA_cmac/u_core/u_mac_3/pp_out_l0n12_1_d1_reg_9_/Q
                              0.0861         0.0863        -0.0003  (VIOLATED)
   u_NV_NVDLA_cmac/u_core/wt3_actv_data[319]
                              0.0856         0.0858        -0.0003  (VIOLATED)
       PIN :   u_NV_NVDLA_cmac/u_core/u_active/wt3_actv_data_reg_319_/Q
                              0.0856         0.0858        -0.0003  (VIOLATED)
   u_NV_NVDLA_cmac/u_core/u_mac_0/pp_out_l0n13_0_d1[19]
                              0.0861         0.0863        -0.0003  (VIOLATED)
       PIN :   u_NV_NVDLA_cmac/u_core/u_mac_0/pp_out_l0n13_0_d1_reg_19_/Q
                              0.0861         0.0863        -0.0003  (VIOLATED)
   u_NV_NVDLA_cmac/u_core/wt0_actv_data[697]
                              0.0856         0.0858        -0.0003  (VIOLATED)
       PIN :   u_NV_NVDLA_cmac/u_core/u_active/wt0_actv_data_reg_697_/Q
                              0.0856         0.0858        -0.0003  (VIOLATED)
   u_NV_NVDLA_cmac/u_core/wt4_actv_data[277]
                              0.0856         0.0858        -0.0003  (VIOLATED)
       PIN :   u_NV_NVDLA_cmac/u_core/u_active/wt4_actv_data_reg_277_/Q
                              0.0856         0.0858        -0.0003  (VIOLATED)
   u_NV_NVDLA_cmac/u_core/u_mac_5/pp_out_l0n00_1_d1[7]
                              0.0856         0.0858        -0.0002  (VIOLATED)
       PIN :   u_NV_NVDLA_cmac/u_core/u_mac_5/pp_out_l0n00_1_d1_reg_7_/Q
                              0.0856         0.0858        -0.0002  (VIOLATED)
   u_NV_NVDLA_cmac/u_core/u_active/wt0_sd_data[545]
                              0.0861         0.0863        -0.0002  (VIOLATED)
       PIN :   u_NV_NVDLA_cmac/u_core/u_active/wt0_sd_data_reg_545_/Q
                              0.0861         0.0863        -0.0002  (VIOLATED)
   u_NV_NVDLA_cmac/u_core/u_mac_7/pp_out_l0n09_1_d1[24]
                              0.0861         0.0863        -0.0002  (VIOLATED)
       PIN :   u_NV_NVDLA_cmac/u_core/u_mac_7/pp_out_l0n09_1_d1_reg_24_/Q
                              0.0861         0.0863        -0.0002  (VIOLATED)
   u_NV_NVDLA_cmac/u_core/u_mac_6/pp_out_l0n09_0_d1[12]
                              0.0856         0.0858        -0.0002  (VIOLATED)
       PIN :   u_NV_NVDLA_cmac/u_core/u_mac_6/pp_out_l0n09_0_d1_reg_12_/Q
                              0.0856         0.0858        -0.0002  (VIOLATED)
   u_NV_NVDLA_cmac/u_core/wt6_actv_data[886]
                              0.0856         0.0858        -0.0002  (VIOLATED)
       PIN :   u_NV_NVDLA_cmac/u_core/u_active/wt6_actv_data_reg_886_/Q
                              0.0856         0.0858        -0.0002  (VIOLATED)
   u_NV_NVDLA_cmac/u_core/u_active/wt_pre_data[293]
                              0.0856         0.0858        -0.0002  (VIOLATED)
       PIN :   u_NV_NVDLA_cmac/u_core/u_active/wt_pre_data_reg_293_/Q
                              0.0856         0.0858        -0.0002  (VIOLATED)
   u_NV_NVDLA_cmac/u_core/dat2_actv_data[829]
                              0.0861         0.0863        -0.0002  (VIOLATED)
       PIN :   u_NV_NVDLA_cmac/u_core/u_active/dat_actv_data_reg2_reg_829_/Q
                              0.0861         0.0863        -0.0002  (VIOLATED)
   u_NV_NVDLA_cmac/u_core/in_wt_data107[1]
                              0.0861         0.0863        -0.0002  (VIOLATED)
       PIN :   u_NV_NVDLA_cmac/u_core/u_rt_in/in_rt_wt_data_d1_reg_857_/Q
                              0.0861         0.0863        -0.0002  (VIOLATED)
   u_NV_NVDLA_cmac/u_core/wt7_actv_data[160]
                              0.0856         0.0858        -0.0002  (VIOLATED)
       PIN :   u_NV_NVDLA_cmac/u_core/u_active/wt7_actv_data_reg_160_/Q
                              0.0856         0.0858        -0.0002  (VIOLATED)
   u_NV_NVDLA_cmac/u_core/u_mac_0/pp_out_l0n09_0_d1[34]
                              0.0861         0.0863        -0.0002  (VIOLATED)
       PIN :   u_NV_NVDLA_cmac/u_core/u_mac_0/pp_out_l0n09_0_d1_reg_34_/Q
                              0.0861         0.0863        -0.0002  (VIOLATED)
   u_NV_NVDLA_cmac/u_core/wt1_actv_data[143]
                              0.0861         0.0863        -0.0002  (VIOLATED)
       PIN :   u_NV_NVDLA_cmac/u_core/u_active/wt1_actv_data_reg_143_/Q
                              0.0861         0.0863        -0.0002  (VIOLATED)
   u_NV_NVDLA_cmac/u_core/u_mac_0/pp_out_l0n10_1_d1[22]
                              0.0856         0.0858        -0.0002  (VIOLATED)
       PIN :   u_NV_NVDLA_cmac/u_core/u_mac_0/pp_out_l0n10_1_d1_reg_22_/Q
                              0.0856         0.0858        -0.0002  (VIOLATED)
   u_NV_NVDLA_cmac/u_core/wt0_actv_data[498]
                              0.0861         0.0863        -0.0002  (VIOLATED)
       PIN :   u_NV_NVDLA_cmac/u_core/u_active/wt0_actv_data_reg_498_/Q
                              0.0861         0.0863        -0.0002  (VIOLATED)
   u_NV_NVDLA_cmac/u_core/dat7_actv_data[367]
                              0.0861         0.0863        -0.0002  (VIOLATED)
       PIN :   u_NV_NVDLA_cmac/u_core/u_active/dat_actv_data_reg7_reg_367_/Q
                              0.0861         0.0863        -0.0002  (VIOLATED)
   u_NV_NVDLA_cmac/u_core/u_mac_1/res_tag_b1_d1[60]
                              0.0856         0.0858        -0.0002  (VIOLATED)
       PIN :   u_NV_NVDLA_cmac/u_core/u_mac_1/res_tag_b1_d1_reg_60_/Q
                              0.0856         0.0858        -0.0002  (VIOLATED)
   u_NV_NVDLA_cmac/u_core/wt6_actv_data[574]
                              0.0856         0.0858        -0.0002  (VIOLATED)
       PIN :   u_NV_NVDLA_cmac/u_core/u_active/wt6_actv_data_reg_574_/Q
                              0.0856         0.0858        -0.0002  (VIOLATED)
   u_NV_NVDLA_cmac/u_core/wt2_actv_data[40]
                              0.0856         0.0858        -0.0002  (VIOLATED)
       PIN :   u_NV_NVDLA_cmac/u_core/u_active/wt2_actv_data_reg_40_/Q
                              0.0856         0.0858        -0.0002  (VIOLATED)
   u_NV_NVDLA_cmac/u_core/u_mac_2/res_tag_b3_d1[39]
                              0.0856         0.0858        -0.0002  (VIOLATED)
       PIN :   u_NV_NVDLA_cmac/u_core/u_mac_2/res_tag_b3_d1_reg_39_/Q
                              0.0856         0.0858        -0.0002  (VIOLATED)
   u_NV_NVDLA_cmac/u_core/u_mac_4/pp_out_l0n00_0_d1[6]
                              0.0856         0.0858        -0.0002  (VIOLATED)
       PIN :   u_NV_NVDLA_cmac/u_core/u_mac_4/pp_out_l0n00_0_d1_reg_6_/Q
                              0.0856         0.0858        -0.0002  (VIOLATED)
   u_NV_NVDLA_cmac/u_core/u_mac_0/pp_out_l0n12_0_d1[14]
                              0.0861         0.0863        -0.0002  (VIOLATED)
       PIN :   u_NV_NVDLA_cmac/u_core/u_mac_0/pp_out_l0n12_0_d1_reg_14_/Q
                              0.0861         0.0863        -0.0002  (VIOLATED)
   u_NV_NVDLA_cmac/u_core/u_active/dat_pre_nz[17]
                              0.0861         0.0863        -0.0002  (VIOLATED)
       PIN :   u_NV_NVDLA_cmac/u_core/u_active/dat_pre_nz_reg_17_/Q
                              0.0861         0.0863        -0.0002  (VIOLATED)
   u_NV_NVDLA_cmac/u_core/u_active/wt0_sd_data[625]
                              0.0861         0.0863        -0.0002  (VIOLATED)
       PIN :   u_NV_NVDLA_cmac/u_core/u_active/wt0_sd_data_reg_625_/Q
                              0.0861         0.0863        -0.0002  (VIOLATED)
   u_NV_NVDLA_cmac/u_core/u_active/wt_pre_data[386]
                              0.0861         0.0862        -0.0002  (VIOLATED)
       PIN :   u_NV_NVDLA_cmac/u_core/u_active/wt_pre_data_reg_386_/Q
                              0.0861         0.0862        -0.0002  (VIOLATED)
   mac2accu_data3[169]        0.0856         0.0858        -0.0002  (VIOLATED)
       PIN :   u_NV_NVDLA_cmac/u_core/u_rt_out/out_rt_data3_d1_reg_169_/Q
                              0.0856         0.0858        -0.0002  (VIOLATED)
   u_NV_NVDLA_cmac/u_core/u_active/wt0_sd_data[285]
                              0.0861         0.0862        -0.0002  (VIOLATED)
       PIN :   u_NV_NVDLA_cmac/u_core/u_active/wt0_sd_data_reg_285_/Q
                              0.0861         0.0862        -0.0002  (VIOLATED)
   u_NV_NVDLA_cmac/u_core/wt5_actv_data[46]
                              0.0856         0.0858        -0.0002  (VIOLATED)
       PIN :   u_NV_NVDLA_cmac/u_core/u_active/wt5_actv_data_reg_46_/Q
                              0.0856         0.0858        -0.0002  (VIOLATED)
   u_NV_NVDLA_cmac/u_core/wt6_actv_data[793]
                              0.0856         0.0858        -0.0002  (VIOLATED)
       PIN :   u_NV_NVDLA_cmac/u_core/u_active/wt6_actv_data_reg_793_/Q
                              0.0856         0.0858        -0.0002  (VIOLATED)
   u_NV_NVDLA_cmac/u_core/u_active/wt0_sd_nz[55]
                              0.0861         0.0862        -0.0002  (VIOLATED)
       PIN :   u_NV_NVDLA_cmac/u_core/u_active/wt0_sd_nz_reg_55_/Q
                              0.0861         0.0862        -0.0002  (VIOLATED)
   u_NV_NVDLA_cmac/u_core/u_mac_6/pp_out_l0n12_1_d1[16]
                              0.0856         0.0857        -0.0002  (VIOLATED)
       PIN :   u_NV_NVDLA_cmac/u_core/u_mac_6/pp_out_l0n12_1_d1_reg_16_/Q
                              0.0856         0.0857        -0.0002  (VIOLATED)
   u_NV_NVDLA_cmac/u_core/u_mac_4/pp_out_l0n05_0_d1[6]
                              0.0856         0.0857        -0.0002  (VIOLATED)
       PIN :   u_NV_NVDLA_cmac/u_core/u_mac_4/pp_out_l0n05_0_d1_reg_6_/Q
                              0.0856         0.0857        -0.0002  (VIOLATED)
   mac2accu_data1[64]         0.0861         0.0862        -0.0002  (VIOLATED)
       PIN :   u_NV_NVDLA_cmac/u_core/u_rt_out/out_rt_data1_d1_reg_64_/Q
                              0.0861         0.0862        -0.0002  (VIOLATED)
   u_NV_NVDLA_cmac/u_core/dat2_actv_data[107]
                              0.0861         0.0862        -0.0002  (VIOLATED)
       PIN :   u_NV_NVDLA_cmac/u_core/u_active/dat_actv_data_reg2_reg_107_/Q
                              0.0861         0.0862        -0.0002  (VIOLATED)
   u_NV_NVDLA_cmac/u_core/u_active/wt4_sd_data[780]
                              0.0861         0.0862        -0.0002  (VIOLATED)
       PIN :   u_NV_NVDLA_cmac/u_core/u_active/wt4_sd_data_reg_780_/Q
                              0.0861         0.0862        -0.0002  (VIOLATED)
   u_NV_NVDLA_cmac/u_core/u_active/wt2_sd_data[874]
                              0.0861         0.0862        -0.0002  (VIOLATED)
       PIN :   u_NV_NVDLA_cmac/u_core/u_active/wt2_sd_data_reg_874_/Q
                              0.0861         0.0862        -0.0002  (VIOLATED)
   u_NV_NVDLA_cmac/u_core/dat3_actv_data[10]
                              0.0856         0.0857        -0.0002  (VIOLATED)
       PIN :   u_NV_NVDLA_cmac/u_core/u_active/dat_actv_data_reg3_reg_10_/Q
                              0.0856         0.0857        -0.0002  (VIOLATED)
   u_NV_NVDLA_cmac/u_core/wt0_actv_data[164]
                              0.0861         0.0862        -0.0002  (VIOLATED)
       PIN :   u_NV_NVDLA_cmac/u_core/u_active/wt0_actv_data_reg_164_/Q
                              0.0861         0.0862        -0.0002  (VIOLATED)
   u_NV_NVDLA_cmac/u_core/wt6_actv_data[475]
                              0.0861         0.0862        -0.0002  (VIOLATED)
       PIN :   u_NV_NVDLA_cmac/u_core/u_active/wt6_actv_data_reg_475_/Q
                              0.0861         0.0862        -0.0002  (VIOLATED)
   u_NV_NVDLA_cmac/u_core/dat5_actv_data[10]
                              0.0856         0.0857        -0.0002  (VIOLATED)
       PIN :   u_NV_NVDLA_cmac/u_core/u_active/dat_actv_data_reg5_reg_10_/Q
                              0.0856         0.0857        -0.0002  (VIOLATED)
   u_NV_NVDLA_cmac/u_core/wt6_actv_data[529]
                              0.0856         0.0857        -0.0002  (VIOLATED)
       PIN :   u_NV_NVDLA_cmac/u_core/u_active/wt6_actv_data_reg_529_/Q
                              0.0856         0.0857        -0.0002  (VIOLATED)
   u_NV_NVDLA_cmac/u_core/u_mac_4/pp_out_l0n09_0_d1[19]
                              0.0856         0.0857        -0.0002  (VIOLATED)
       PIN :   u_NV_NVDLA_cmac/u_core/u_mac_4/pp_out_l0n09_0_d1_reg_19_/Q
                              0.0856         0.0857        -0.0002  (VIOLATED)
   u_NV_NVDLA_cmac/u_core/u_mac_6/pp_out_l0n14_1_d1[28]
                              0.0856         0.0857        -0.0002  (VIOLATED)
       PIN :   u_NV_NVDLA_cmac/u_core/u_mac_6/pp_out_l0n14_1_d1_reg_28_/Q
                              0.0856         0.0857        -0.0002  (VIOLATED)
   u_NV_NVDLA_cmac/u_core/dat4_actv_data[699]
                              0.0861         0.0862        -0.0001  (VIOLATED)
       PIN :   u_NV_NVDLA_cmac/u_core/u_active/dat_actv_data_reg4_reg_699_/Q
                              0.0861         0.0862        -0.0001  (VIOLATED)
   u_NV_NVDLA_cmac/u_core/u_mac_3/pp_out_l0n04_1_d1[26]
                              0.0856         0.0857        -0.0001  (VIOLATED)
       PIN :   u_NV_NVDLA_cmac/u_core/u_mac_3/pp_out_l0n04_1_d1_reg_26_/Q
                              0.0856         0.0857        -0.0001  (VIOLATED)
   u_NV_NVDLA_cmac/u_core/in_wt_data36[5]
                              0.0861         0.0862        -0.0001  (VIOLATED)
       PIN :   u_NV_NVDLA_cmac/u_core/u_rt_in/in_rt_wt_data_d1_reg_293_/Q
                              0.0861         0.0862        -0.0001  (VIOLATED)
   u_NV_NVDLA_cmac/u_core/wt2_actv_data[852]
                              0.0856         0.0857        -0.0001  (VIOLATED)
       PIN :   u_NV_NVDLA_cmac/u_core/u_active/wt2_actv_data_reg_852_/Q
                              0.0856         0.0857        -0.0001  (VIOLATED)
   u_NV_NVDLA_cmac/u_core/in_dat_data2[7]
                              0.0861         0.0862        -0.0001  (VIOLATED)
       PIN :   u_NV_NVDLA_cmac/u_core/u_rt_in/in_rt_dat_data_d1_reg_23_/Q
                              0.0861         0.0862        -0.0001  (VIOLATED)
   u_NV_NVDLA_cmac/u_core/u_mac_6/pp_out_l2n1_0_d2[26]
                              0.0856         0.0857        -0.0001  (VIOLATED)
       PIN :   u_NV_NVDLA_cmac/u_core/u_mac_6/pp_out_l2n1_0_d2_reg_26_/Q
                              0.0856         0.0857        -0.0001  (VIOLATED)
   u_NV_NVDLA_cmac/u_core/u_mac_1/pp_out_l2n5_0_d2[36]
                              0.0856         0.0857        -0.0001  (VIOLATED)
       PIN :   u_NV_NVDLA_cmac/u_core/u_mac_1/pp_out_l2n5_0_d2_reg_36_/Q
                              0.0856         0.0857        -0.0001  (VIOLATED)
   u_NV_NVDLA_cmac/u_core/u_mac_0/pp_out_l0n04_1_d1[32]
                              0.0856         0.0857        -0.0001  (VIOLATED)
       PIN :   u_NV_NVDLA_cmac/u_core/u_mac_0/pp_out_l0n04_1_d1_reg_32_/Q
                              0.0856         0.0857        -0.0001  (VIOLATED)
   u_NV_NVDLA_cmac/u_core/dat7_actv_nan[56]
                              0.0861         0.0862        -0.0001  (VIOLATED)
       PIN :   u_NV_NVDLA_cmac/u_core/u_active/dat_actv_nan_reg7_reg_56_/Q
                              0.0861         0.0862        -0.0001  (VIOLATED)
   u_NV_NVDLA_cmac/u_core/dat2_actv_data[921]
                              0.0861         0.0862        -0.0001  (VIOLATED)
       PIN :   u_NV_NVDLA_cmac/u_core/u_active/dat_actv_data_reg2_reg_921_/Q
                              0.0861         0.0862        -0.0001  (VIOLATED)
   u_NV_NVDLA_cmac/u_core/dat6_actv_data[21]
                              0.0861         0.0862        -0.0001  (VIOLATED)
       PIN :   u_NV_NVDLA_cmac/u_core/u_active/dat_actv_data_reg6_reg_21_/Q
                              0.0861         0.0862        -0.0001  (VIOLATED)
   u_NV_NVDLA_cmac/u_core/u_mac_4/pp_out_l2n7_0_d2[7]
                              0.0856         0.0857        -0.0001  (VIOLATED)
       PIN :   u_NV_NVDLA_cmac/u_core/u_mac_4/pp_out_l2n7_0_d2_reg_7_/Q
                              0.0856         0.0857        -0.0001  (VIOLATED)
   u_NV_NVDLA_cmac/u_core/wt0_actv_data[166]
                              0.0861         0.0862        -0.0001  (VIOLATED)
       PIN :   u_NV_NVDLA_cmac/u_core/u_active/wt0_actv_data_reg_166_/Q
                              0.0861         0.0862        -0.0001  (VIOLATED)
   u_NV_NVDLA_cmac/u_core/u_mac_3/exp_sft_06[1]
                              0.0861         0.0862        -0.0001  (VIOLATED)
       PIN :   u_NV_NVDLA_cmac/u_core/u_mac_3/u_exp/exp_sft_06_reg_1_/Q
                              0.0861         0.0862        -0.0001  (VIOLATED)
   u_NV_NVDLA_cmac/u_core/u_mac_4/pp_out_l2n7_1_d2[12]
                              0.0856         0.0857        -0.0001  (VIOLATED)
       PIN :   u_NV_NVDLA_cmac/u_core/u_mac_4/pp_out_l2n7_1_d2_reg_12_/Q
                              0.0856         0.0857        -0.0001  (VIOLATED)
   u_NV_NVDLA_cmac/u_core/u_active/dat_pre_data[677]
                              0.0861         0.0862        -0.0001  (VIOLATED)
       PIN :   u_NV_NVDLA_cmac/u_core/u_active/dat_pre_data_reg_677_/Q
                              0.0861         0.0862        -0.0001  (VIOLATED)
   u_NV_NVDLA_cmac/u_core/wt6_actv_data[89]
                              0.0856         0.0857        -0.0001  (VIOLATED)
       PIN :   u_NV_NVDLA_cmac/u_core/u_active/wt6_actv_data_reg_89_/Q
                              0.0856         0.0857        -0.0001  (VIOLATED)
   u_NV_NVDLA_cmac/u_core/wt4_actv_data[97]
                              0.0861         0.0862        -0.0001  (VIOLATED)
       PIN :   u_NV_NVDLA_cmac/u_core/u_active/wt4_actv_data_reg_97_/Q
                              0.0861         0.0862        -0.0001  (VIOLATED)
   u_NV_NVDLA_cmac/u_core/wt7_actv_data[38]
                              0.0861         0.0862        -0.0001  (VIOLATED)
       PIN :   u_NV_NVDLA_cmac/u_core/u_active/wt7_actv_data_reg_38_/Q
                              0.0861         0.0862        -0.0001  (VIOLATED)
   u_NV_NVDLA_cmac/u_core/u_mac_5/pp_out_l2n3_0_d2[34]
                              0.0861         0.0862        -0.0001  (VIOLATED)
       PIN :   u_NV_NVDLA_cmac/u_core/u_mac_5/pp_out_l2n3_0_d2_reg_34_/Q
                              0.0861         0.0862        -0.0001  (VIOLATED)
   u_NV_NVDLA_cmac/u_core/u_mac_6/pp_out_l0n14_1_d1[29]
                              0.0856         0.0857        -0.0001  (VIOLATED)
       PIN :   u_NV_NVDLA_cmac/u_core/u_mac_6/pp_out_l0n14_1_d1_reg_29_/Q
                              0.0856         0.0857        -0.0001  (VIOLATED)
   u_NV_NVDLA_cmac/u_core/wt6_actv_data[88]
                              0.0856         0.0857        -0.0001  (VIOLATED)
       PIN :   u_NV_NVDLA_cmac/u_core/u_active/wt6_actv_data_reg_88_/Q
                              0.0856         0.0857        -0.0001  (VIOLATED)
   u_NV_NVDLA_cmac/u_core/u_mac_2/pp_out_l0n07_1_d1[33]
                              0.0856         0.0857        -0.0001  (VIOLATED)
       PIN :   u_NV_NVDLA_cmac/u_core/u_mac_2/pp_out_l0n07_1_d1_reg_33_/Q
                              0.0856         0.0857        -0.0001  (VIOLATED)
   u_NV_NVDLA_cmac/u_core/u_mac_4/pp_out_l0n10_1_d1[19]
                              0.0856         0.0857        -0.0001  (VIOLATED)
       PIN :   u_NV_NVDLA_cmac/u_core/u_mac_4/pp_out_l0n10_1_d1_reg_19_/Q
                              0.0856         0.0857        -0.0001  (VIOLATED)
   u_NV_NVDLA_cmac/u_core/u_mac_4/pp_out_l2n5_0_d2[18]
                              0.0856         0.0857        -0.0001  (VIOLATED)
       PIN :   u_NV_NVDLA_cmac/u_core/u_mac_4/pp_out_l2n5_0_d2_reg_18_/Q
                              0.0856         0.0857        -0.0001  (VIOLATED)
   u_NV_NVDLA_cmac/u_core/wt4_actv_data[869]
                              0.0856         0.0857        -0.0001  (VIOLATED)
       PIN :   u_NV_NVDLA_cmac/u_core/u_active/wt4_actv_data_reg_869_/Q
                              0.0856         0.0857        -0.0001  (VIOLATED)
   u_NV_NVDLA_cmac/u_core/wt1_actv_data[857]
                              0.0861         0.0862        -0.0001  (VIOLATED)
       PIN :   u_NV_NVDLA_cmac/u_core/u_active/wt1_actv_data_reg_857_/Q
                              0.0861         0.0862        -0.0001  (VIOLATED)
   u_NV_NVDLA_cmac/u_core/u_mac_7/pp_out_l2n1_0_d2[13]
                              0.0856         0.0857        -0.0001  (VIOLATED)
       PIN :   u_NV_NVDLA_cmac/u_core/u_mac_7/pp_out_l2n1_0_d2_reg_13_/Q
                              0.0856         0.0857        -0.0001  (VIOLATED)
   u_NV_NVDLA_cmac/u_core/u_mac_2/exp_sft_01[3]
                              0.0856         0.0857        -0.0001  (VIOLATED)
       PIN :   u_NV_NVDLA_cmac/u_core/u_mac_2/u_exp/exp_sft_01_reg_3_/Q
                              0.0856         0.0857        -0.0001  (VIOLATED)
   u_NV_NVDLA_cmac/u_core/u_active/wt0_sd_data[580]
                              0.0861         0.0862        -0.0001  (VIOLATED)
       PIN :   u_NV_NVDLA_cmac/u_core/u_active/wt0_sd_data_reg_580_/Q
                              0.0861         0.0862        -0.0001  (VIOLATED)
   u_NV_NVDLA_cmac/u_core/wt4_actv_data[484]
                              0.0861         0.0861        -0.0001  (VIOLATED)
       PIN :   u_NV_NVDLA_cmac/u_core/u_active/wt4_actv_data_reg_484_/Q
                              0.0861         0.0861        -0.0001  (VIOLATED)
   u_NV_NVDLA_cmac/u_core/u_mac_6/pp_out_l0n09_0_d1[16]
                              0.0856         0.0857        -0.0001  (VIOLATED)
       PIN :   u_NV_NVDLA_cmac/u_core/u_mac_6/pp_out_l0n09_0_d1_reg_16_/Q
                              0.0856         0.0857        -0.0001  (VIOLATED)
   u_NV_NVDLA_cmac/u_core/u_mac_3/pp_out_l0n04_1_d1[33]
                              0.0856         0.0857        -0.0001  (VIOLATED)
       PIN :   u_NV_NVDLA_cmac/u_core/u_mac_3/pp_out_l0n04_1_d1_reg_33_/Q
                              0.0856         0.0857        -0.0001  (VIOLATED)
   u_NV_NVDLA_cmac/u_core/u_mac_3/pp_out_l0n01_1_d1[11]
                              0.0856         0.0857        -0.0001  (VIOLATED)
       PIN :   u_NV_NVDLA_cmac/u_core/u_mac_3/pp_out_l0n01_1_d1_reg_11_/Q
                              0.0856         0.0857        -0.0001  (VIOLATED)
   u_NV_NVDLA_cmac/u_core/dat4_actv_data[194]
                              0.0861         0.0861        -0.0001  (VIOLATED)
       PIN :   u_NV_NVDLA_cmac/u_core/u_active/dat_actv_data_reg4_reg_194_/Q
                              0.0861         0.0861        -0.0001  (VIOLATED)
   u_NV_NVDLA_cmac/u_core/u_mac_3/pp_out_l0n06_0_d1[17]
                              0.0861         0.0861        -0.0001  (VIOLATED)
       PIN :   u_NV_NVDLA_cmac/u_core/u_mac_3/pp_out_l0n06_0_d1_reg_17_/Q
                              0.0861         0.0861        -0.0001  (VIOLATED)
   u_NV_NVDLA_cmac/u_core/u_mac_2/pp_out_l0n06_1_d1[27]
                              0.0856         0.0857        -0.0001  (VIOLATED)
       PIN :   u_NV_NVDLA_cmac/u_core/u_mac_2/pp_out_l0n06_1_d1_reg_27_/Q
                              0.0856         0.0857        -0.0001  (VIOLATED)
   u_NV_NVDLA_cmac/u_core/wt3_actv_data[59]
                              0.0861         0.0861        -0.0001  (VIOLATED)
       PIN :   u_NV_NVDLA_cmac/u_core/u_active/wt3_actv_data_reg_59_/Q
                              0.0861         0.0861        -0.0001  (VIOLATED)
   u_NV_NVDLA_cmac/u_core/u_mac_2/pp_out_l0n13_0_d1[5]
                              0.0856         0.0856        -0.0001  (VIOLATED)
       PIN :   u_NV_NVDLA_cmac/u_core/u_mac_2/pp_out_l0n13_0_d1_reg_5_/Q
                              0.0856         0.0856        -0.0001  (VIOLATED)
   u_NV_NVDLA_cmac/u_core/u_mac_2/pp_out_l2n1_1_d2[10]
                              0.0856         0.0856        -0.0001  (VIOLATED)
       PIN :   u_NV_NVDLA_cmac/u_core/u_mac_2/pp_out_l2n1_1_d2_reg_10_/Q
                              0.0856         0.0856        -0.0001  (VIOLATED)
   u_NV_NVDLA_cmac/u_core/u_mac_6/pp_out_l2n6_0_d2[9]
                              0.0856         0.0856        -0.0001  (VIOLATED)
       PIN :   u_NV_NVDLA_cmac/u_core/u_mac_6/pp_out_l2n6_0_d2_reg_9_/Q
                              0.0856         0.0856        -0.0001  (VIOLATED)
   u_NV_NVDLA_cmac/u_core/dat5_actv_data[63]
                              0.0856         0.0856        -0.0001  (VIOLATED)
       PIN :   u_NV_NVDLA_cmac/u_core/u_active/dat_actv_data_reg5_reg_63_/Q
                              0.0856         0.0856        -0.0001  (VIOLATED)
   u_NV_NVDLA_cmac/u_core/wt4_actv_data[928]
                              0.0861         0.0861        -0.0001  (VIOLATED)
       PIN :   u_NV_NVDLA_cmac/u_core/u_active/wt4_actv_data_reg_928_/Q
                              0.0861         0.0861        -0.0001  (VIOLATED)
   u_NV_NVDLA_cmac/u_core/wt7_actv_data[293]
                              0.0856         0.0856        -0.0001  (VIOLATED)
       PIN :   u_NV_NVDLA_cmac/u_core/u_active/wt7_actv_data_reg_293_/Q
                              0.0856         0.0856        -0.0001  (VIOLATED)
   u_NV_NVDLA_cmac/u_core/u_mac_2/pp_out_l0n01_0_d1[16]
                              0.0861         0.0861        -0.0001  (VIOLATED)
       PIN :   u_NV_NVDLA_cmac/u_core/u_mac_2/pp_out_l0n01_0_d1_reg_16_/Q
                              0.0861         0.0861        -0.0001  (VIOLATED)
   u_NV_NVDLA_cmac/u_core/wt1_actv_data[304]
                              0.0861         0.0861        -0.0001  (VIOLATED)
       PIN :   u_NV_NVDLA_cmac/u_core/u_active/wt1_actv_data_reg_304_/Q
                              0.0861         0.0861        -0.0001  (VIOLATED)
   u_NV_NVDLA_cmac/u_core/u_mac_0/pp_out_l0n04_1_d1[33]
                              0.0856         0.0856        -0.0001  (VIOLATED)
       PIN :   u_NV_NVDLA_cmac/u_core/u_mac_0/pp_out_l0n04_1_d1_reg_33_/Q
                              0.0856         0.0856        -0.0001  (VIOLATED)
   u_NV_NVDLA_cmac/u_core/dat0_actv_data[825]
                              0.0856         0.0856        -0.0001  (VIOLATED)
       PIN :   u_NV_NVDLA_cmac/u_core/u_active/dat_actv_data_reg0_reg_825_/Q
                              0.0856         0.0856        -0.0001  (VIOLATED)
   u_NV_NVDLA_cmac/u_core/u_active/wt2_sd_data[879]
                              0.0861         0.0861        -0.0001  (VIOLATED)
       PIN :   u_NV_NVDLA_cmac/u_core/u_active/wt2_sd_data_reg_879_/Q
                              0.0861         0.0861        -0.0001  (VIOLATED)
   u_NV_NVDLA_cmac/u_core/u_mac_5/exp_sft_35[0]
                              0.0861         0.0861        -0.0001  (VIOLATED)
       PIN :   u_NV_NVDLA_cmac/u_core/u_mac_5/u_exp/exp_sft_35_reg_0_/Q
                              0.0861         0.0861        -0.0001  (VIOLATED)
   u_NV_NVDLA_cmac/u_core/u_mac_1/pp_out_l0n12_0_d1[11]
                              0.0856         0.0856        -0.0001  (VIOLATED)
       PIN :   u_NV_NVDLA_cmac/u_core/u_mac_1/pp_out_l0n12_0_d1_reg_11_/Q
                              0.0856         0.0856        -0.0001  (VIOLATED)
   u_NV_NVDLA_cmac/u_core/wt4_actv_data[746]
                              0.0861         0.0861        -0.0001  (VIOLATED)
       PIN :   u_NV_NVDLA_cmac/u_core/u_active/wt4_actv_data_reg_746_/Q
                              0.0861         0.0861        -0.0001  (VIOLATED)
   u_NV_NVDLA_cmac/u_core/out_data4[138]
                              0.0856         0.0856        -0.0001  (VIOLATED)
       PIN :   u_NV_NVDLA_cmac/u_core/u_mac_4/mac_out_data_reg_138_/Q
                              0.0856         0.0856        -0.0001  (VIOLATED)
   u_NV_NVDLA_cmac/u_core/wt2_actv_data[331]
                              0.0861         0.0861        -0.0001  (VIOLATED)
       PIN :   u_NV_NVDLA_cmac/u_core/u_active/wt2_actv_data_reg_331_/Q
                              0.0861         0.0861        -0.0001  (VIOLATED)
   u_NV_NVDLA_cmac/u_core/u_mac_7/pp_out_l2n6_1_d2[9]
                              0.0861         0.0861        -0.0001  (VIOLATED)
       PIN :   u_NV_NVDLA_cmac/u_core/u_mac_7/pp_out_l2n6_1_d2_reg_9_/Q
                              0.0861         0.0861        -0.0001  (VIOLATED)
   u_NV_NVDLA_cmac/u_core/u_mac_0/pp_out_l2n1_0_d2[12]
                              0.0856         0.0856        -0.0001  (VIOLATED)
       PIN :   u_NV_NVDLA_cmac/u_core/u_mac_0/pp_out_l2n1_0_d2_reg_12_/Q
                              0.0856         0.0856        -0.0001  (VIOLATED)
   u_NV_NVDLA_cmac/u_core/u_mac_5/n4914
                              0.0861         0.0861        -0.0001  (VIOLATED)
       PIN :   u_NV_NVDLA_cmac/u_core/u_mac_5/mac_out_data_reg_62_/Q
                              0.0861         0.0861        -0.0001  (VIOLATED)
   u_NV_NVDLA_cmac/u_core/dat2_actv_data[486]
                              0.0861         0.0861        -0.0001  (VIOLATED)
       PIN :   u_NV_NVDLA_cmac/u_core/u_active/dat_actv_data_reg2_reg_486_/Q
                              0.0861         0.0861        -0.0001  (VIOLATED)
   u_NV_NVDLA_cmac/u_core/dat5_actv_data[180]
                              0.0861         0.0861        -0.0001  (VIOLATED)
       PIN :   u_NV_NVDLA_cmac/u_core/u_active/dat_actv_data_reg5_reg_180_/Q
                              0.0861         0.0861        -0.0001  (VIOLATED)
   mac2accu_data6[142]        0.0856         0.0856        -0.0001  (VIOLATED)
       PIN :   u_NV_NVDLA_cmac/u_core/u_rt_out/out_rt_data6_d1_reg_142_/Q
                              0.0856         0.0856        -0.0001  (VIOLATED)
   u_NV_NVDLA_cmac/u_core/dat0_actv_data[863]
                              0.0856         0.0856        -0.0001  (VIOLATED)
       PIN :   u_NV_NVDLA_cmac/u_core/u_active/dat_actv_data_reg0_reg_863_/Q
                              0.0856         0.0856        -0.0001  (VIOLATED)
   u_NV_NVDLA_cmac/u_core/dat7_actv_data[108]
                              0.0861         0.0861        -0.0001  (VIOLATED)
       PIN :   u_NV_NVDLA_cmac/u_core/u_active/dat_actv_data_reg7_reg_108_/Q
                              0.0861         0.0861        -0.0001  (VIOLATED)
   u_NV_NVDLA_cmac/u_core/dat2_actv_nan[57]
                              0.0856         0.0856        -0.0001  (VIOLATED)
       PIN :   u_NV_NVDLA_cmac/u_core/u_active/dat_actv_nan_reg2_reg_57_/Q
                              0.0856         0.0856        -0.0001  (VIOLATED)
   u_NV_NVDLA_cmac/u_core/u_active/dat_pre_nz[123]
                              0.0861         0.0861        -0.0001  (VIOLATED)
       PIN :   u_NV_NVDLA_cmac/u_core/u_active/dat_pre_nz_reg_123_/Q
                              0.0861         0.0861        -0.0001  (VIOLATED)
   u_NV_NVDLA_cmac/u_core/u_mac_2/pp_out_l0n12_0_d1[31]
                              0.0861         0.0861        -0.0001  (VIOLATED)
       PIN :   u_NV_NVDLA_cmac/u_core/u_mac_2/pp_out_l0n12_0_d1_reg_31_/Q
                              0.0861         0.0861        -0.0001  (VIOLATED)
   u_NV_NVDLA_cmac/u_core/wt2_actv_data[710]
                              0.0856         0.0856         0.0000  (VIOLATED: increase significant digits)
   u_NV_NVDLA_cmac/u_core/wt6_actv_data[412]
                              0.0856         0.0856         0.0000  (VIOLATED: increase significant digits)
   u_NV_NVDLA_cmac/u_core/dat1_actv_data[103]
                              0.0861         0.0861         0.0000  (VIOLATED: increase significant digits)
   u_NV_NVDLA_cmac/u_core/wt3_actv_data[403]
                              0.0856         0.0856         0.0000  (VIOLATED: increase significant digits)
   u_NV_NVDLA_cmac/u_core/wt2_actv_data[378]
                              0.0856         0.0856         0.0000  (VIOLATED: increase significant digits)
   u_NV_NVDLA_cmac/u_core/wt5_actv_data[174]
                              0.0861         0.0861         0.0000  (VIOLATED: increase significant digits)
   u_NV_NVDLA_cmac/u_core/wt6_actv_data[876]
                              0.0856         0.0856         0.0000  (VIOLATED: increase significant digits)
   u_NV_NVDLA_cmac/u_core/u_mac_5/pp_out_l0n00_1_d1[33]
                              0.0861         0.0861         0.0000  (VIOLATED: increase significant digits)
   u_NV_NVDLA_cmac/u_core/dat1_actv_data[374]
                              0.0861         0.0861         0.0000  (VIOLATED: increase significant digits)
   u_NV_NVDLA_cmac/u_core/u_active/wt0_sd_data[313]
                              0.0861         0.0861         0.0000  (VIOLATED: increase significant digits)
   u_NV_NVDLA_cmac/u_core/wt5_actv_data[1016]
                              0.0861         0.0861         0.0000  (VIOLATED: increase significant digits)
   u_NV_NVDLA_cmac/u_core/wt2_actv_data[632]
                              0.0856         0.0856         0.0000  (VIOLATED: increase significant digits)
   u_NV_NVDLA_cmac/u_core/dat2_actv_data[306]
                              0.0861         0.0861         0.0000  (VIOLATED: increase significant digits)
   u_NV_NVDLA_cmac/u_core/u_mac_3/pp_out_l0n02_0_d1[9]
                              0.0856         0.0856         0.0000  (VIOLATED: increase significant digits)
   u_NV_NVDLA_cmac/u_core/in_wt_data2[2]
                              0.0856         0.0856         0.0000  (VIOLATED: increase significant digits)
   u_NV_NVDLA_cmac/u_core/wt4_actv_data[741]
                              0.0856         0.0856         0.0000  (VIOLATED: increase significant digits)
   u_NV_NVDLA_cmac/u_core/u_mac_1/pp_out_l2n5_1_d2[9]
                              0.0856         0.0856         0.0000  (VIOLATED: increase significant digits)
   u_NV_NVDLA_cmac/u_core/u_active/wt0_sd_data[560]
                              0.0861         0.0861         0.0000  (VIOLATED: increase significant digits)
   u_NV_NVDLA_cmac/u_core/u_mac_7/pp_out_l0n10_1_d1[15]
                              0.0856         0.0856         0.0000  (VIOLATED: increase significant digits)
   u_NV_NVDLA_cmac/u_core/wt5_actv_data[442]
                              0.0856         0.0856         0.0000  (VIOLATED: increase significant digits)
   u_NV_NVDLA_cmac/u_core/u_active/wt0_sd_data[256]
                              0.0861         0.0861         0.0000  (VIOLATED: increase significant digits)
   u_NV_NVDLA_cmac/u_core/u_mac_5/pp_out_l0n09_0_d1[0]
                              0.0861         0.0861         0.0000  (VIOLATED: increase significant digits)
   u_NV_NVDLA_cmac/u_core/u_mac_2/pp_out_l2n2_0_d2[16]
                              0.0856         0.0856         0.0000  (VIOLATED: increase significant digits)
   u_NV_NVDLA_cmac/u_core/wt1_actv_data[934]
                              0.0856         0.0856         0.0000  (VIOLATED: increase significant digits)
   u_NV_NVDLA_cmac/u_core/dat1_actv_nan[0]
                              0.0856         0.0856         0.0000  (VIOLATED: increase significant digits)
   u_NV_NVDLA_cmac/u_core/u_mac_2/pp_out_l2n4_0_d2[5]
                              0.0856         0.0856         0.0000  (VIOLATED: increase significant digits)
   u_NV_NVDLA_cmac/u_core/dat6_actv_data[314]
                              0.0856         0.0856         0.0000  (VIOLATED: increase significant digits)
   u_NV_NVDLA_cmac/u_core/dat1_actv_data[631]
                              0.0861         0.0861         0.0000  (VIOLATED: increase significant digits)
   u_NV_NVDLA_cmac/u_core/u_mac_2/pp_out_l0n05_1_d1[3]
                              0.0856         0.0856         0.0000  (VIOLATED: increase significant digits)

   -----------------------------------------------------------------
   Total                      1240             -8.7305  

   max_capacitance

                             Required        Actual
   Net                      Capacitance    Capacitance       Slack
   -----------------------------------------------------------------
   u_NV_NVDLA_cmac/u_core/u_mac_5/u_exp/n1725
                             16.0000       155.1421       -139.1421 (VIOLATED)
   u_NV_NVDLA_cmac/u_core/u_mac_7/u_exp/n1703
                             16.0000       137.7083       -121.7083 (VIOLATED)
   u_NV_NVDLA_cmac/u_core/u_mac_2/u_exp/n2039
                             32.0000       119.4124       -87.4124  (VIOLATED)
   u_NV_NVDLA_cmac/u_core/u_mac_6/u_exp/n1775
                             16.0000        88.3416       -72.3416  (VIOLATED)
   u_NV_NVDLA_cmac/u_core/u_mac_7/u_exp/n1723
                             82.0000       129.1027       -47.1027  (VIOLATED)
   u_NV_NVDLA_cmac/u_core/u_mac_4/u_exp/n1888
                             32.0000        67.6773       -35.6773  (VIOLATED)
   u_NV_NVDLA_cmac/u_core/u_active/n4802
                             32.0000        64.8399       -32.8399  (VIOLATED)
   u_NV_NVDLA_cmac/u_core/u_active/n4799
                             82.0000       109.4949       -27.4949  (VIOLATED)
   u_NV_NVDLA_cmac/u_core/u_mac_5/pp_out_l0n13_0[0]
                             16.0000        41.3259       -25.3259  (VIOLATED)
   u_NV_NVDLA_cmac/u_core/u_mac_3/u_exp/exp_max_l1_0[1]
                             32.0000        48.8524       -16.8524  (VIOLATED)
   u_NV_NVDLA_cmac/u_core/u_mac_0/u_exp/n3651
                             32.0000        48.0226       -16.0226  (VIOLATED)
   u_NV_NVDLA_cmac/u_core/u_mac_2/exp_sft_49[3]
                              8.0000        16.6761        -8.6761  (VIOLATED)
   u_NV_NVDLA_cmac/u_core/u_mac_7/exp_sft_46[3]
                              8.0000        16.6581        -8.6581  (VIOLATED)
   u_NV_NVDLA_cmac/u_core/u_mac_4/exp_sft_56[2]
                              8.0000        16.5720        -8.5720  (VIOLATED)
   u_NV_NVDLA_cmac/u_core/u_mac_7/exp_sft_01[3]
                              8.0000        16.5472        -8.5472  (VIOLATED)
   u_NV_NVDLA_cmac/u_core/u_mac_4/exp_sft_00[3]
                              8.0000        16.3948        -8.3948  (VIOLATED)
   u_NV_NVDLA_cmac/u_core/u_mac_7/u_exp/n5179
                              8.0000        16.2185        -8.2185  (VIOLATED)
   u_NV_NVDLA_cmac/u_core/u_mac_0/exp_sft_06[3]
                              8.0000        15.8542        -7.8542  (VIOLATED)
   u_NV_NVDLA_cmac/u_core/u_mac_5/exp_sft_57[3]
                              8.0000        15.8512        -7.8512  (VIOLATED)
   u_NV_NVDLA_cmac/u_core/u_mac_6/exp_sft_31[3]
                              8.0000        15.7667        -7.7667  (VIOLATED)
   u_NV_NVDLA_cmac/u_core/u_mac_0/exp_sft_46[2]
                              8.0000        15.7092        -7.7092  (VIOLATED)
   u_NV_NVDLA_cmac/u_core/u_mac_2/exp_sft_20[3]
                              8.0000        15.6933        -7.6933  (VIOLATED)
   u_NV_NVDLA_cmac/u_core/u_mac_6/exp_sft_17[1]
                              8.0000        15.6696        -7.6696  (VIOLATED)
   u_NV_NVDLA_cmac/u_core/u_mac_2/exp_sft_21[3]
                              8.0000        15.6477        -7.6477  (VIOLATED)
   u_NV_NVDLA_cmac/u_core/u_mac_2/exp_sft_50[3]
                              8.0000        15.6088        -7.6088  (VIOLATED)
   u_NV_NVDLA_cmac/u_core/u_mac_1/exp_sft_01[3]
                              8.0000        15.4888        -7.4888  (VIOLATED)
   u_NV_NVDLA_cmac/u_core/u_mac_4/exp_sft_17[3]
                              8.0000        15.4818        -7.4818  (VIOLATED)
   u_NV_NVDLA_cmac/u_core/u_mac_6/exp_sft_20[1]
                              8.0000        15.4802        -7.4802  (VIOLATED)
   u_NV_NVDLA_cmac/u_core/u_mac_6/exp_sft_51[2]
                              8.0000        15.4752        -7.4752  (VIOLATED)
   u_NV_NVDLA_cmac/u_core/u_mac_7/exp_sft_29[2]
                              8.0000        15.4561        -7.4561  (VIOLATED)
   u_NV_NVDLA_cmac/u_core/u_mac_7/exp_sft_00[3]
                              8.0000        15.4008        -7.4008  (VIOLATED)
   u_NV_NVDLA_cmac/u_core/u_mac_6/exp_sft_52[3]
                              8.0000        15.3618        -7.3618  (VIOLATED)
   u_NV_NVDLA_cmac/u_core/u_mac_4/exp_sft_58[3]
                              8.0000        15.3331        -7.3331  (VIOLATED)
   u_NV_NVDLA_cmac/u_core/u_mac_5/exp_sft_56[3]
                              8.0000        15.2433        -7.2433  (VIOLATED)
   u_NV_NVDLA_cmac/u_core/u_mac_4/exp_sft_02[3]
                              8.0000        15.2392        -7.2392  (VIOLATED)
   u_NV_NVDLA_cmac/u_core/u_mac_5/exp_sft_60[3]
                              8.0000        15.2193        -7.2193  (VIOLATED)
   u_NV_NVDLA_cmac/u_core/u_mac_3/exp_sft_34[3]
                              8.0000        15.2090        -7.2090  (VIOLATED)
   u_NV_NVDLA_cmac/u_core/u_mac_7/exp_sft_25[2]
                              8.0000        15.0915        -7.0915  (VIOLATED)
   u_NV_NVDLA_cmac/u_core/u_mac_7/exp_sft_22[2]
                              8.0000        15.0574        -7.0574  (VIOLATED)
   u_NV_NVDLA_cmac/u_core/u_mac_4/exp_sft_53[3]
                              8.0000        15.0259        -7.0259  (VIOLATED)
   u_NV_NVDLA_cmac/u_core/u_mac_0/exp_sft_37[2]
                              8.0000        15.0191        -7.0191  (VIOLATED)
   u_NV_NVDLA_cmac/u_core/u_mac_6/exp_sft_46[2]
                              8.0000        14.9925        -6.9925  (VIOLATED)
   u_NV_NVDLA_cmac/u_core/u_mac_4/exp_sft_39[3]
                              8.0000        14.9883        -6.9883  (VIOLATED)
   u_NV_NVDLA_cmac/u_core/u_mac_6/exp_sft_48[3]
                              8.0000        14.9588        -6.9588  (VIOLATED)
   u_NV_NVDLA_cmac/u_core/u_mac_3/exp_sft_04[1]
                              8.0000        14.8784        -6.8784  (VIOLATED)
   u_NV_NVDLA_cmac/u_core/u_mac_5/exp_sft_01[3]
                              8.0000        14.8782        -6.8782  (VIOLATED)
   u_NV_NVDLA_cmac/u_core/u_mac_7/exp_sft_38[3]
                              8.0000        14.8198        -6.8198  (VIOLATED)
   u_NV_NVDLA_cmac/u_core/u_mac_7/exp_sft_37[3]
                              8.0000        14.7583        -6.7583  (VIOLATED)
   u_NV_NVDLA_cmac/u_core/u_mac_4/exp_sft_18[3]
                              8.0000        14.6447        -6.6447  (VIOLATED)
   u_NV_NVDLA_cmac/u_core/u_mac_0/exp_sft_48[3]
                              8.0000        14.5995        -6.5995  (VIOLATED)
   u_NV_NVDLA_cmac/u_core/u_mac_5/exp_sft_00[3]
                              8.0000        14.5686        -6.5686  (VIOLATED)
   u_NV_NVDLA_cmac/u_core/u_mac_3/exp_sft_51[3]
                              8.0000        14.5597        -6.5597  (VIOLATED)
   u_NV_NVDLA_cmac/u_core/u_mac_4/exp_sft_26[3]
                              8.0000        14.5271        -6.5271  (VIOLATED)
   u_NV_NVDLA_cmac/u_core/u_mac_3/exp_sft_28[2]
                              8.0000        14.5103        -6.5103  (VIOLATED)
   u_NV_NVDLA_cmac/u_core/u_mac_4/exp_sft_04[3]
                              8.0000        14.4542        -6.4542  (VIOLATED)
   u_NV_NVDLA_cmac/u_core/u_mac_4/exp_sft_39[2]
                              8.0000        14.4292        -6.4292  (VIOLATED)
   u_NV_NVDLA_cmac/u_core/u_mac_3/exp_sft_06[3]
                              8.0000        14.4073        -6.4073  (VIOLATED)
   u_NV_NVDLA_cmac/u_core/u_mac_0/exp_sft_38[3]
                              8.0000        14.3850        -6.3850  (VIOLATED)
   u_NV_NVDLA_cmac/u_core/u_mac_6/exp_sft_17[3]
                              8.0000        14.3340        -6.3340  (VIOLATED)
   u_NV_NVDLA_cmac/u_core/u_mac_0/exp_sft_24[2]
                              8.0000        14.2853        -6.2853  (VIOLATED)
   u_NV_NVDLA_cmac/u_core/u_mac_2/exp_sft_02[3]
                              8.0000        14.2843        -6.2843  (VIOLATED)
   u_NV_NVDLA_cmac/u_core/u_mac_7/exp_sft_22[1]
                              8.0000        14.1950        -6.1950  (VIOLATED)
   u_NV_NVDLA_cmac/u_core/u_mac_7/exp_sft_22[3]
                              8.0000        14.1392        -6.1392  (VIOLATED)
   u_NV_NVDLA_cmac/u_core/u_mac_5/exp_sft_17[3]
                              8.0000        14.1370        -6.1370  (VIOLATED)
   u_NV_NVDLA_cmac/u_core/u_mac_0/u_exp/n3643
                             82.0000        87.9763        -5.9763  (VIOLATED)
   u_NV_NVDLA_cmac/u_core/u_mac_6/exp_sft_05[2]
                              8.0000        13.7342        -5.7342  (VIOLATED)
   u_NV_NVDLA_cmac/u_core/u_mac_4/exp_sft_52[3]
                              8.0000        13.7315        -5.7315  (VIOLATED)
   u_NV_NVDLA_cmac/u_core/u_mac_7/exp_sft_30[3]
                              8.0000        13.6556        -5.6556  (VIOLATED)
   u_NV_NVDLA_cmac/u_core/u_mac_0/exp_sft_10[2]
                              8.0000        13.6411        -5.6411  (VIOLATED)
   u_NV_NVDLA_cmac/u_core/u_mac_4/exp_sft_01[3]
                              8.0000        13.6402        -5.6402  (VIOLATED)
   u_NV_NVDLA_cmac/u_core/u_mac_5/exp_sft_08[3]
                              8.0000        13.6120        -5.6120  (VIOLATED)
   u_NV_NVDLA_cmac/u_core/u_mac_6/exp_sft_45[3]
                              8.0000        13.4427        -5.4427  (VIOLATED)
   u_NV_NVDLA_cmac/u_core/u_mac_6/exp_sft_19[3]
                              8.0000        13.3886        -5.3886  (VIOLATED)
   u_NV_NVDLA_cmac/u_core/u_mac_5/exp_sft_17[2]
                              8.0000        13.3403        -5.3403  (VIOLATED)
   u_NV_NVDLA_cmac/u_core/u_mac_4/exp_sft_38[2]
                              8.0000        13.3313        -5.3313  (VIOLATED)
   u_NV_NVDLA_cmac/u_core/u_mac_4/exp_sft_51[2]
                              8.0000        13.3272        -5.3272  (VIOLATED)
   u_NV_NVDLA_cmac/u_core/u_mac_2/exp_sft_39[1]
                              8.0000        13.3187        -5.3187  (VIOLATED)
   u_NV_NVDLA_cmac/u_core/u_mac_7/exp_sft_33[2]
                              8.0000        13.2468        -5.2468  (VIOLATED)
   u_NV_NVDLA_cmac/u_core/u_mac_0/exp_sft_43[3]
                              8.0000        13.1874        -5.1874  (VIOLATED)
   u_NV_NVDLA_cmac/u_core/u_mac_4/exp_sft_38[3]
                              8.0000        13.1301        -5.1301  (VIOLATED)
   u_NV_NVDLA_cmac/u_core/u_mac_6/exp_sft_00[3]
                              8.0000        13.0983        -5.0983  (VIOLATED)
   u_NV_NVDLA_cmac/u_core/u_mac_7/u_exp/n2925
                             16.0000        21.0778        -5.0778  (VIOLATED)
   u_NV_NVDLA_cmac/u_core/u_mac_2/exp_sft_46[1]
                              8.0000        13.0631        -5.0631  (VIOLATED)
   u_NV_NVDLA_cmac/u_core/u_mac_6/exp_sft_50[3]
                              8.0000        13.0547        -5.0547  (VIOLATED)
   u_NV_NVDLA_cmac/u_core/u_mac_5/u_exp/n1715
                              8.0000        13.0212        -5.0212  (VIOLATED)
   u_NV_NVDLA_cmac/u_core/u_mac_4/exp_sft_36[3]
                              8.0000        12.9151        -4.9151  (VIOLATED)
   u_NV_NVDLA_cmac/u_core/u_mac_7/exp_sft_21[1]
                              8.0000        12.8991        -4.8991  (VIOLATED)
   u_NV_NVDLA_cmac/u_core/u_mac_7/exp_sft_53[3]
                              8.0000        12.7445        -4.7445  (VIOLATED)
   u_NV_NVDLA_cmac/u_core/u_mac_5/exp_sft_58[3]
                              8.0000        12.7273        -4.7273  (VIOLATED)
   u_NV_NVDLA_cmac/u_core/u_mac_4/exp_sft_55[3]
                              8.0000        12.7212        -4.7212  (VIOLATED)
   u_NV_NVDLA_cmac/u_core/u_mac_4/exp_sft_25[3]
                              8.0000        12.6518        -4.6518  (VIOLATED)
   u_NV_NVDLA_cmac/u_core/u_mac_4/exp_sft_16[3]
                              8.0000        12.6031        -4.6031  (VIOLATED)
   u_NV_NVDLA_cmac/u_core/u_mac_3/exp_sft_50[3]
                              8.0000        12.5794        -4.5794  (VIOLATED)
   u_NV_NVDLA_cmac/u_core/u_mac_0/exp_sft_62[2]
                              8.0000        12.5498        -4.5498  (VIOLATED)
   u_NV_NVDLA_cmac/u_core/u_mac_2/exp_sft_41[3]
                              8.0000        12.4704        -4.4704  (VIOLATED)
   u_NV_NVDLA_cmac/u_core/u_mac_0/exp_sft_52[3]
                              8.0000        12.4674        -4.4674  (VIOLATED)
   u_NV_NVDLA_cmac/u_core/u_mac_2/exp_sft_07[3]
                              8.0000        12.3878        -4.3878  (VIOLATED)
   u_NV_NVDLA_cmac/u_core/u_mac_5/exp_sft_21[3]
                              8.0000        12.3305        -4.3305  (VIOLATED)
   u_NV_NVDLA_cmac/u_core/u_mac_2/exp_sft_09[3]
                              8.0000        12.3128        -4.3128  (VIOLATED)
   u_NV_NVDLA_cmac/u_core/u_mac_4/exp_sft_02[2]
                              8.0000        12.3120        -4.3120  (VIOLATED)
   u_NV_NVDLA_cmac/u_core/u_mac_5/exp_sft_61[3]
                              8.0000        12.2706        -4.2706  (VIOLATED)
   u_NV_NVDLA_cmac/u_core/u_mac_4/exp_sft_37[3]
                              8.0000        12.2502        -4.2502  (VIOLATED)
   u_NV_NVDLA_cmac/u_core/u_mac_0/exp_sft_46[3]
                              8.0000        12.1353        -4.1353  (VIOLATED)
   u_NV_NVDLA_cmac/u_core/u_mac_7/exp_sft_21[2]
                              8.0000        12.0407        -4.0407  (VIOLATED)
   u_NV_NVDLA_cmac/u_core/u_mac_6/exp_sft_51[3]
                              8.0000        12.0318        -4.0318  (VIOLATED)
   u_NV_NVDLA_cmac/u_core/u_mac_6/exp_sft_55[2]
                              8.0000        11.9731        -3.9731  (VIOLATED)
   u_NV_NVDLA_cmac/u_core/u_mac_5/exp_sft_22[3]
                              8.0000        11.9728        -3.9728  (VIOLATED)
   u_NV_NVDLA_cmac/u_core/u_mac_7/exp_sft_50[3]
                              8.0000        11.9588        -3.9588  (VIOLATED)
   u_NV_NVDLA_cmac/u_core/u_mac_7/exp_sft_36[3]
                              8.0000        11.9227        -3.9227  (VIOLATED)
   u_NV_NVDLA_cmac/u_core/u_mac_6/exp_sft_06[2]
                              8.0000        11.8812        -3.8812  (VIOLATED)
   u_NV_NVDLA_cmac/u_core/u_mac_5/exp_sft_18[3]
                              8.0000        11.8327        -3.8327  (VIOLATED)
   u_NV_NVDLA_cmac/u_core/u_mac_0/exp_sft_00[3]
                              8.0000        11.7699        -3.7699  (VIOLATED)
   u_NV_NVDLA_cmac/u_core/u_mac_5/exp_sft_23[3]
                              8.0000        11.6364        -3.6364  (VIOLATED)
   u_NV_NVDLA_cmac/u_core/u_mac_3/exp_sft_03[3]
                              8.0000        11.6266        -3.6266  (VIOLATED)
   u_NV_NVDLA_cmac/u_core/u_mac_0/exp_sft_37[3]
                              8.0000        11.6164        -3.6164  (VIOLATED)
   u_NV_NVDLA_cmac/u_core/u_mac_6/exp_sft_04[2]
                              8.0000        11.5775        -3.5775  (VIOLATED)
   u_NV_NVDLA_cmac/u_core/u_mac_7/exp_sft_03[2]
                              8.0000        11.5544        -3.5544  (VIOLATED)
   u_NV_NVDLA_cmac/u_core/u_mac_3/exp_sft_02[3]
                              8.0000        11.5312        -3.5312  (VIOLATED)
   u_NV_NVDLA_cmac/u_core/u_mac_4/u_mul_18/n96
                              8.0000        11.3739        -3.3739  (VIOLATED)
   u_NV_NVDLA_cmac/u_core/u_mac_4/u_mul_16/n96
                              8.0000        11.3363        -3.3363  (VIOLATED)
   u_NV_NVDLA_cmac/u_core/u_mac_2/exp_sft_63[1]
                              8.0000        11.3318        -3.3318  (VIOLATED)
   u_NV_NVDLA_cmac/u_core/u_mac_6/exp_sft_27[2]
                              8.0000        11.3183        -3.3183  (VIOLATED)
   u_NV_NVDLA_cmac/u_core/u_mac_4/exp_sft_27[3]
                              8.0000        11.2762        -3.2762  (VIOLATED)
   u_NV_NVDLA_cmac/u_core/u_mac_0/u_mul_12/n96
                              8.0000        11.1673        -3.1673  (VIOLATED)
   u_NV_NVDLA_cmac/u_core/u_mac_3/exp_sft_04[3]
                              8.0000        11.0948        -3.0948  (VIOLATED)
   u_NV_NVDLA_cmac/u_core/wt7_sd_exp[1]
                              8.0000        11.0891        -3.0891  (VIOLATED)
   u_NV_NVDLA_cmac/u_core/u_mac_5/u_mul_18/n96
                              8.0000        11.0493        -3.0493  (VIOLATED)
   u_NV_NVDLA_cmac/u_core/u_mac_2/exp_sft_16[3]
                              8.0000        11.0326        -3.0326  (VIOLATED)
   u_NV_NVDLA_cmac/u_core/u_mac_1/u_mul_37/n96
                              8.0000        11.0111        -3.0111  (VIOLATED)
   u_NV_NVDLA_cmac/u_core/u_mac_6/exp_sft_05[1]
                              8.0000        11.0077        -3.0077  (VIOLATED)
   u_NV_NVDLA_cmac/u_core/u_mac_5/u_mul_20/n96
                              8.0000        10.9368        -2.9368  (VIOLATED)
   u_NV_NVDLA_cmac/u_core/u_mac_6/u_mul_45/n96
                              8.0000        10.9145        -2.9145  (VIOLATED)
   u_NV_NVDLA_cmac/u_core/u_mac_2/exp_sft_01[2]
                              8.0000        10.9070        -2.9070  (VIOLATED)
   u_NV_NVDLA_cmac/u_core/u_mac_6/exp_sft_54[3]
                              8.0000        10.9045        -2.9045  (VIOLATED)
   u_NV_NVDLA_cmac/u_core/u_mac_2/exp_sft_05[3]
                              8.0000        10.9019        -2.9019  (VIOLATED)
   u_NV_NVDLA_cmac/u_core/u_mac_3/u_mul_17/n96
                              8.0000        10.8919        -2.8919  (VIOLATED)
   u_NV_NVDLA_cmac/u_core/u_mac_6/exp_sft_26[2]
                              8.0000        10.8736        -2.8736  (VIOLATED)
   u_NV_NVDLA_cmac/u_core/u_mac_3/u_mul_32/n96
                              8.0000        10.8254        -2.8254  (VIOLATED)
   u_NV_NVDLA_cmac/u_core/u_mac_6/u_mul_27/n96
                              8.0000        10.8085        -2.8085  (VIOLATED)
   u_NV_NVDLA_cmac/u_core/u_mac_4/exp_sft_56[3]
                              8.0000        10.6093        -2.6093  (VIOLATED)
   u_NV_NVDLA_cmac/u_core/u_mac_3/exp_sft_32[3]
                              8.0000        10.5927        -2.5927  (VIOLATED)
   u_NV_NVDLA_cmac/u_core/u_mac_6/n9748
                              8.0000        10.5140        -2.5140  (VIOLATED)
   u_NV_NVDLA_cmac/u_core/u_mac_3/u_mul_6/n96
                              8.0000        10.3769        -2.3769  (VIOLATED)
   u_NV_NVDLA_cmac/u_core/u_mac_2/u_mul_3/n96
                              8.0000        10.3671        -2.3671  (VIOLATED)
   u_NV_NVDLA_cmac/u_core/u_mac_4/exp_sft_48[3]
                              8.0000        10.3444        -2.3444  (VIOLATED)
   u_NV_NVDLA_cmac/u_core/u_mac_5/u_exp/n1743
                              8.0000        10.3092        -2.3092  (VIOLATED)
   u_NV_NVDLA_cmac/u_core/u_mac_7/u_mul_21/n96
                              8.0000        10.2962        -2.2962  (VIOLATED)
   u_NV_NVDLA_cmac/u_core/u_mac_3/u_mul_48/n96
                              8.0000        10.2936        -2.2936  (VIOLATED)
   u_NV_NVDLA_cmac/u_core/u_mac_5/u_mul_34/n96
                              8.0000        10.2412        -2.2412  (VIOLATED)
   u_NV_NVDLA_cmac/u_core/u_mac_7/u_mul_60/n96
                              8.0000        10.0874        -2.0874  (VIOLATED)
   u_NV_NVDLA_cmac/u_core/u_mac_7/u_tree_l4n2/n53
                             16.0000        18.0763        -2.0763  (VIOLATED)
   u_NV_NVDLA_cmac/u_core/u_mac_2/u_mul_53/n96
                              8.0000        10.0737        -2.0737  (VIOLATED)
   u_NV_NVDLA_cmac/u_core/u_mac_6/u_mul_24/n197
                              8.0000         9.9743        -1.9743  (VIOLATED)
   u_NV_NVDLA_cmac/u_core/u_mac_3/pp_out_l0n10_1[22]
                              8.0000         9.9445        -1.9445  (VIOLATED)
   u_NV_NVDLA_cmac/u_core/u_mac_1/u_tree_l4n3/n37
                             16.0000        17.9408        -1.9408  (VIOLATED)
   u_NV_NVDLA_cmac/u_core/u_mac_1/pp_out_l0n07_1[22]
                              8.0000         9.9058        -1.9058  (VIOLATED)
   u_NV_NVDLA_cmac/u_core/u_mac_1/u_tree_l1n4/n45
                              8.0000         9.8930        -1.8930  (VIOLATED)
   u_NV_NVDLA_cmac/u_core/u_mac_5/n7375
                             16.0000        17.8920        -1.8920  (VIOLATED)
   u_NV_NVDLA_cmac/u_core/u_mac_3/u_mul_54/n96
                              8.0000         9.8897        -1.8897  (VIOLATED)
   u_NV_NVDLA_cmac/u_core/u_mac_1/pp_out_l2n4_1[25]
                              8.0000         9.8779        -1.8779  (VIOLATED)
   u_NV_NVDLA_cmac/u_core/u_mac_7/exp_sft_32[3]
                              8.0000         9.8745        -1.8745  (VIOLATED)
   u_NV_NVDLA_cmac/u_core/u_mac_4/u_tree_l0n05/n232
                              8.0000         9.8521        -1.8521  (VIOLATED)
   u_NV_NVDLA_cmac/u_core/u_mac_6/u_tree_l0n12/n192
                              8.0000         9.8520        -1.8520  (VIOLATED)
   u_NV_NVDLA_cmac/u_core/u_mac_0/pp_out_l0n06_0[35]
                              8.0000         9.8462        -1.8462  (VIOLATED)
   u_NV_NVDLA_cmac/u_core/u_mac_3/u_mul_17/n197
                              8.0000         9.8454        -1.8454  (VIOLATED)
   u_NV_NVDLA_cmac/u_core/u_mac_7/n7494
                             16.0000        17.8382        -1.8382  (VIOLATED)
   u_NV_NVDLA_cmac/u_core/u_mac_3/exp_sft_43[1]
                              8.0000         9.8295        -1.8295  (VIOLATED)
   u_NV_NVDLA_cmac/u_core/u_mac_6/u_nan/n1871
                              8.0000         9.8261        -1.8261  (VIOLATED)
   u_NV_NVDLA_cmac/u_core/u_mac_3/pp_out_l2n2_1[34]
                              8.0000         9.8241        -1.8241  (VIOLATED)
   u_NV_NVDLA_cmac/u_core/u_mac_3/u_nan/n602
                             16.0000        17.8158        -1.8158  (VIOLATED)
   u_NV_NVDLA_cmac/u_core/u_mac_3/pp_out_l0n02_0[35]
                              8.0000         9.8051        -1.8051  (VIOLATED)
   u_NV_NVDLA_cmac/u_core/u_mac_6/pp_out_l0n05_1[20]
                             16.0000        17.7917        -1.7917  (VIOLATED)
   u_NV_NVDLA_cmac/u_core/u_mac_6/u_mul_25/n96
                              8.0000         9.7869        -1.7869  (VIOLATED)
   u_NV_NVDLA_cmac/u_core/u_mac_4/pp_out_l2n3_0[32]
                             16.0000        17.7830        -1.7830  (VIOLATED)
   u_NV_NVDLA_cmac/u_core/u_mac_6/n7487
                             16.0000        17.7797        -1.7797  (VIOLATED)
   u_NV_NVDLA_cmac/u_core/u_mac_0/pp_out_l2n6_0[27]
                             16.0000        17.7746        -1.7746  (VIOLATED)
   u_NV_NVDLA_cmac/u_core/u_mac_3/pp_out_l0n09_1[4]
                              8.0000         9.7684        -1.7684  (VIOLATED)
   u_NV_NVDLA_cmac/u_core/u_mac_4/pp_out_l0n14_0[21]
                             16.0000        17.7681        -1.7681  (VIOLATED)
   u_NV_NVDLA_cmac/u_core/u_mac_4/pp_out_l0n10_0[33]
                             16.0000        17.7679        -1.7679  (VIOLATED)
   u_NV_NVDLA_cmac/u_core/u_mac_7/u_tree_l4n2/n237
                             16.0000        17.7654        -1.7654  (VIOLATED)
   u_NV_NVDLA_cmac/u_core/u_mac_2/res_tag_18[6]
                             32.0000        33.7641        -1.7641  (VIOLATED)
   u_NV_NVDLA_cmac/u_core/u_mac_2/u_tree_l0n01/n202
                              8.0000         9.7639        -1.7639  (VIOLATED)
   u_NV_NVDLA_cmac/u_core/u_mac_3/pp_out_l0n02_1[12]
                              8.0000         9.7618        -1.7618  (VIOLATED)
   u_NV_NVDLA_cmac/u_core/u_mac_2/pp_out_l0n04_0[21]
                             16.0000        17.7592        -1.7592  (VIOLATED)
   u_NV_NVDLA_cmac/u_core/u_mac_0/u_mul_8/n96
                              8.0000         9.7592        -1.7592  (VIOLATED)
   u_NV_NVDLA_cmac/u_core/u_mac_6/pp_out_l2n2_1[30]
                             16.0000        17.7558        -1.7558  (VIOLATED)
   u_NV_NVDLA_cmac/u_core/u_mac_0/pp_out_l1n2_1[16]
                             16.0000        17.7527        -1.7527  (VIOLATED)
   u_NV_NVDLA_cmac/u_core/u_mac_6/u_nan/n130
                              8.0000         9.7502        -1.7502  (VIOLATED)
   u_NV_NVDLA_cmac/u_core/u_mac_3/pp_out_l0n07_0[28]
                             16.0000        17.7501        -1.7501  (VIOLATED)
   u_NV_NVDLA_cmac/u_core/u_mac_4/u_mul_2/n96
                              8.0000         9.7484        -1.7484  (VIOLATED)
   u_NV_NVDLA_cmac/u_core/u_mac_4/pp_out_l2n7_1[29]
                             16.0000        17.7445        -1.7445  (VIOLATED)
   u_NV_NVDLA_cmac/u_core/u_mac_6/u_tree_l0n13/n252
                              8.0000         9.7424        -1.7424  (VIOLATED)
   u_NV_NVDLA_cmac/u_core/u_mac_1/n10577
                             16.0000        17.7421        -1.7421  (VIOLATED)
   u_NV_NVDLA_cmac/u_core/u_mac_4/pp_out_l0n10_1[12]
                             16.0000        17.7383        -1.7383  (VIOLATED)
   u_NV_NVDLA_cmac/u_core/u_mac_5/n10211
                              8.0000         9.7374        -1.7374  (VIOLATED)
   u_NV_NVDLA_cmac/u_core/u_mac_5/u_tree_l4n2/n255
                             16.0000        17.7341        -1.7341  (VIOLATED)
   u_NV_NVDLA_cmac/u_core/u_mac_4/pp_out_l0n14_1[35]
                             16.0000        17.7326        -1.7326  (VIOLATED)
   u_NV_NVDLA_cmac/u_core/u_mac_7/u_mul_5/n313
                             16.0000        17.7310        -1.7310  (VIOLATED)
   u_NV_NVDLA_cmac/u_core/u_mac_3/pp_out_l0n09_1[5]
                              8.0000         9.7305        -1.7305  (VIOLATED)
   u_NV_NVDLA_cmac/u_core/u_mac_5/pp_out_l0n08_1[15]
                              8.0000         9.7269        -1.7269  (VIOLATED)
   u_NV_NVDLA_cmac/u_core/u_mac_4/u_mul_8/n318
                             16.0000        17.7253        -1.7253  (VIOLATED)
   u_NV_NVDLA_cmac/u_core/u_mac_6/u_mul_40/n197
                              8.0000         9.7235        -1.7235  (VIOLATED)
   u_NV_NVDLA_cmac/u_core/u_mac_6/u_mul_45/n197
                              8.0000         9.7225        -1.7225  (VIOLATED)
   u_NV_NVDLA_cmac/u_core/u_mac_6/ps_n0b0_wg[4]
                              8.0000         9.7193        -1.7193  (VIOLATED)
   u_NV_NVDLA_cmac/u_core/u_mac_1/pp_out_l2n4_1[26]
                              8.0000         9.7179        -1.7179  (VIOLATED)
   u_NV_NVDLA_cmac/u_core/u_mac_1/u_tree_l4n2/n229
                              8.0000         9.7166        -1.7166  (VIOLATED)
   u_NV_NVDLA_cmac/u_core/u_active/n17042
                             16.0000        17.7143        -1.7143  (VIOLATED)
   u_NV_NVDLA_cmac/u_core/u_mac_4/pp_out_l0n05_0[32]
                             16.0000        17.7137        -1.7137  (VIOLATED)
   u_NV_NVDLA_cmac/u_core/u_mac_6/pp_out_l2n2_0[33]
                             16.0000        17.7123        -1.7123  (VIOLATED)
   u_NV_NVDLA_cmac/u_core/u_mac_7/n7476
                             16.0000        17.7111        -1.7111  (VIOLATED)
   u_NV_NVDLA_cmac/u_core/u_mac_6/u_nan/n993
                              8.0000         9.7078        -1.7078  (VIOLATED)
   u_NV_NVDLA_cmac/u_core/u_mac_2/pp_out_l0n09_0[35]
                              8.0000         9.7062        -1.7062  (VIOLATED)
   u_NV_NVDLA_cmac/u_core/u_mac_0/pp_out_l0n00_0[19]
                             16.0000        17.7061        -1.7061  (VIOLATED)
   u_NV_NVDLA_cmac/u_core/u_mac_3/pp_out_l2n2_1[28]
                              8.0000         9.7053        -1.7053  (VIOLATED)
   u_NV_NVDLA_cmac/u_core/u_mac_6/pp_out_l2n2_0[30]
                             16.0000        17.7046        -1.7046  (VIOLATED)
   u_NV_NVDLA_cmac/u_core/u_mac_7/pp_out_l0n05_1[32]
                             16.0000        17.7018        -1.7018  (VIOLATED)
   u_NV_NVDLA_cmac/u_core/u_mac_1/pp_out_l0n01_0[35]
                             82.0000        83.6996        -1.6996  (VIOLATED)
   u_NV_NVDLA_cmac/u_core/u_mac_2/pp_out_l0n04_0[24]
                             16.0000        17.6972        -1.6972  (VIOLATED)
   u_NV_NVDLA_cmac/u_core/u_mac_4/u_mul_18/n197
                              8.0000         9.6969        -1.6969  (VIOLATED)
   u_NV_NVDLA_cmac/u_core/u_mac_2/pp_out_l0n04_1[16]
                             16.0000        17.6955        -1.6955  (VIOLATED)
   u_NV_NVDLA_cmac/u_core/u_mac_7/u_tree_l4n2/n180
                             16.0000        17.6949        -1.6949  (VIOLATED)
   u_NV_NVDLA_cmac/u_core/u_mac_0/u_tree_l4n3/n173
                             16.0000        17.6934        -1.6934  (VIOLATED)
   u_NV_NVDLA_cmac/u_core/u_mac_6/pp_out_l0n05_1[18]
                             16.0000        17.6914        -1.6914  (VIOLATED)
   u_NV_NVDLA_cmac/u_core/u_mac_6/u_nan/n1152
                              8.0000         9.6911        -1.6911  (VIOLATED)
   u_NV_NVDLA_cmac/u_core/u_mac_3/pp_out_l0n07_0[22]
                             16.0000        17.6908        -1.6908  (VIOLATED)
   u_NV_NVDLA_cmac/u_core/u_mac_2/res_tag_37[3]
                             16.0000        17.6889        -1.6889  (VIOLATED)
   u_NV_NVDLA_cmac/u_core/u_mac_4/pp_out_l0n14_1[34]
                             16.0000        17.6873        -1.6873  (VIOLATED)
   u_NV_NVDLA_cmac/u_core/u_mac_4/pp_out_l2n7_1[28]
                             16.0000        17.6864        -1.6864  (VIOLATED)
   u_NV_NVDLA_cmac/u_core/u_mac_0/pp_out_l0n09_1[5]
                             16.0000        17.6863        -1.6863  (VIOLATED)
   u_NV_NVDLA_cmac/u_core/u_mac_7/u_mul_34/n314
                             16.0000        17.6849        -1.6849  (VIOLATED)
   u_NV_NVDLA_cmac/u_core/u_mac_0/u_mul_44/n305
                             16.0000        17.6844        -1.6844  (VIOLATED)
   u_NV_NVDLA_cmac/u_core/u_mac_4/pp_out_l2n7_1[27]
                             16.0000        17.6843        -1.6843  (VIOLATED)
   u_NV_NVDLA_cmac/u_core/u_mac_0/u_tree_l4n3/n30
                             16.0000        17.6836        -1.6836  (VIOLATED)
   u_NV_NVDLA_cmac/u_core/u_mac_5/u_tree_l4n2/n208
                             16.0000        17.6827        -1.6827  (VIOLATED)
   u_NV_NVDLA_cmac/u_core/u_mac_3/pp_out_l0n06_1[4]
                              8.0000         9.6803        -1.6803  (VIOLATED)
   u_NV_NVDLA_cmac/u_core/u_mac_1/u_tree_l0n02/n302
                              8.0000         9.6795        -1.6795  (VIOLATED)
   u_NV_NVDLA_cmac/u_core/u_mac_2/pp_out_l0n04_0[22]
                             16.0000        17.6785        -1.6785  (VIOLATED)
   u_NV_NVDLA_cmac/u_core/u_mac_2/n7431
                             16.0000        17.6779        -1.6779  (VIOLATED)
   u_NV_NVDLA_cmac/u_core/u_mac_1/u_tree_l4n3/n171
                             16.0000        17.6759        -1.6759  (VIOLATED)
   u_NV_NVDLA_cmac/u_core/u_mac_7/u_tree_l0n13/n192
                              8.0000         9.6758        -1.6758  (VIOLATED)
   u_NV_NVDLA_cmac/u_core/u_mac_2/pp_out_l0n06_1[5]
                             16.0000        17.6744        -1.6744  (VIOLATED)
   u_NV_NVDLA_cmac/u_core/u_mac_3/pp_out_l0n02_1[23]
                              8.0000         9.6740        -1.6740  (VIOLATED)
   u_NV_NVDLA_cmac/u_core/u_mac_7/pp_out_l0n05_1[31]
                             16.0000        17.6737        -1.6737  (VIOLATED)
   u_NV_NVDLA_cmac/u_core/u_mac_3/u_tree_l0n12/n272
                              8.0000         9.6728        -1.6728  (VIOLATED)
   u_NV_NVDLA_cmac/u_core/u_mac_0/pp_out_l0n11_0[7]
                             16.0000        17.6720        -1.6720  (VIOLATED)
   u_NV_NVDLA_cmac/u_core/u_mac_0/u_mul_8/n313
                             16.0000        17.6717        -1.6717  (VIOLATED)
   u_NV_NVDLA_cmac/u_core/u_mac_2/n10424
                              8.0000         9.6708        -1.6708  (VIOLATED)
   u_NV_NVDLA_cmac/u_core/u_mac_0/exp_sft_44[3]
                              8.0000         9.6706        -1.6706  (VIOLATED)
   u_NV_NVDLA_cmac/u_core/u_mac_2/pp_out_l0n05_1[11]
                             16.0000        17.6663        -1.6663  (VIOLATED)
   u_NV_NVDLA_cmac/u_core/u_mac_0/pp_out_l0n09_1[19]
                             16.0000        17.6607        -1.6607  (VIOLATED)
   u_NV_NVDLA_cmac/u_core/u_mac_4/res_tag_46[2]
                             16.0000        17.6598        -1.6598  (VIOLATED)
   u_NV_NVDLA_cmac/u_core/u_mac_4/u_nan/n1145
                             16.0000        17.6584        -1.6584  (VIOLATED)
   u_NV_NVDLA_cmac/u_core/u_mac_4/pp_out_l0n05_1[6]
                             16.0000        17.6536        -1.6536  (VIOLATED)
   u_NV_NVDLA_cmac/u_core/u_mac_2/u_mul_12/n315
                             16.0000        17.6528        -1.6528  (VIOLATED)
   u_NV_NVDLA_cmac/u_core/u_mac_5/pp_out_l1n2_1[14]
                             16.0000        17.6521        -1.6521  (VIOLATED)
   u_NV_NVDLA_cmac/u_core/u_mac_6/pp_out_l0n05_1[25]
                             16.0000        17.6514        -1.6514  (VIOLATED)
   u_NV_NVDLA_cmac/u_core/u_mac_6/u_nan/n1506
                             16.0000        17.6487        -1.6487  (VIOLATED)
   u_NV_NVDLA_cmac/u_core/u_mac_0/pp_out_l1n2_0[39]
                              8.0000         9.6466        -1.6466  (VIOLATED)
   u_NV_NVDLA_cmac/u_core/u_mac_7/pp_out_l0n12_0[8]
                             16.0000        17.6464        -1.6464  (VIOLATED)
   u_NV_NVDLA_cmac/u_core/u_mac_5/n10274
                              8.0000         9.6420        -1.6420  (VIOLATED)
   u_NV_NVDLA_cmac/u_core/u_mac_7/pp_out_l0n01_1[34]
                             16.0000        17.6395        -1.6395  (VIOLATED)
   u_NV_NVDLA_cmac/u_core/u_mac_4/pp_out_l2n3_1[30]
                             16.0000        17.6380        -1.6380  (VIOLATED)
   u_NV_NVDLA_cmac/u_core/u_mac_3/u_mul_19/n319
                             16.0000        17.6373        -1.6373  (VIOLATED)
   u_NV_NVDLA_cmac/u_core/u_mac_5/u_mul_62/n312
                             16.0000        17.6351        -1.6351  (VIOLATED)
   u_NV_NVDLA_cmac/u_core/u_mac_3/pp_nan_pvld_d1_0_
                             16.0000        17.6347        -1.6347  (VIOLATED)
   u_NV_NVDLA_cmac/u_core/u_mac_2/u_tree_l4n2/n195
                             16.0000        17.6347        -1.6347  (VIOLATED)
   u_NV_NVDLA_cmac/u_core/u_mac_4/pp_out_l0n10_1[16]
                             16.0000        17.6303        -1.6303  (VIOLATED)
   u_NV_NVDLA_cmac/u_core/u_mac_3/res_tag_42[3]
                             16.0000        17.6295        -1.6295  (VIOLATED)
   u_NV_NVDLA_cmac/u_core/u_mac_0/n9398
                             16.0000        17.6252        -1.6252  (VIOLATED)
   u_NV_NVDLA_cmac/u_core/u_mac_5/ps_n2b5[5]
                             16.0000        17.6250        -1.6250  (VIOLATED)
   u_NV_NVDLA_cmac/u_core/u_mac_7/n7467
                             16.0000        17.6232        -1.6232  (VIOLATED)
   u_NV_NVDLA_cmac/u_core/u_mac_7/pp_out_l0n05_1[34]
                             16.0000        17.6219        -1.6219  (VIOLATED)
   u_NV_NVDLA_cmac/u_core/u_active/n15689
                             16.0000        17.6218        -1.6218  (VIOLATED)
   u_NV_NVDLA_cmac/u_core/u_mac_6/pp_out_l0n08_1[30]
                              8.0000         9.6136        -1.6136  (VIOLATED)
   u_NV_NVDLA_cmac/u_core/u_mac_7/pp_out_l0n01_0[5]
                             16.0000        17.6116        -1.6116  (VIOLATED)
   u_NV_NVDLA_cmac/u_core/u_mac_6/pp_out_l2n6_1[29]
                             16.0000        17.6024        -1.6024  (VIOLATED)
   u_NV_NVDLA_cmac/u_core/u_mac_1/pp_out_l0n09_0[10]
                             16.0000        17.5981        -1.5981  (VIOLATED)
   u_NV_NVDLA_cmac/u_core/u_mac_2/res_tag_23[3]
                             16.0000        17.5969        -1.5969  (VIOLATED)
   u_NV_NVDLA_cmac/u_core/u_mac_7/u_tree_l0n13/n132
                              8.0000         9.5967        -1.5967  (VIOLATED)
   u_NV_NVDLA_cmac/u_core/u_mac_6/u_mul_16/n312
                             16.0000        17.5964        -1.5964  (VIOLATED)
   u_NV_NVDLA_cmac/u_core/u_mac_4/u_nan/n2109
                             16.0000        17.5948        -1.5948  (VIOLATED)
   u_NV_NVDLA_cmac/u_core/u_mac_2/ps_n0b2_wg[4]
                              8.0000         9.5932        -1.5932  (VIOLATED)
   u_NV_NVDLA_cmac/u_core/u_mac_0/n10136
                              8.0000         9.5920        -1.5920  (VIOLATED)
   u_NV_NVDLA_cmac/u_core/u_mac_7/res_tag_58[3]
                             16.0000        17.5874        -1.5874  (VIOLATED)
   u_NV_NVDLA_cmac/u_core/u_mac_0/pp_out_l0n04_1[29]
                             16.0000        17.5852        -1.5852  (VIOLATED)
   u_NV_NVDLA_cmac/u_core/u_mac_0/pp_out_l0n11_1[14]
                             16.0000        17.5841        -1.5841  (VIOLATED)
   u_NV_NVDLA_cmac/u_core/u_mac_1/pp_out_l0n09_0[16]
                             16.0000        17.5815        -1.5815  (VIOLATED)
   u_NV_NVDLA_cmac/u_core/u_mac_7/u_tree_l4n2/n226
                             16.0000        17.5809        -1.5809  (VIOLATED)
   u_NV_NVDLA_cmac/u_core/u_mac_2/u_mul_4/n96
                              8.0000         9.5784        -1.5784  (VIOLATED)
   u_NV_NVDLA_cmac/u_core/u_mac_2/pp_out_l0n04_1[34]
                             16.0000        17.5728        -1.5728  (VIOLATED)
   u_NV_NVDLA_cmac/u_core/u_mac_0/pp_out_l2n3_0[40]
                              8.0000         9.5720        -1.5720  (VIOLATED)
   u_NV_NVDLA_cmac/u_core/u_mac_0/n7618
                             16.0000        17.5718        -1.5718  (VIOLATED)
   u_NV_NVDLA_cmac/u_core/u_mac_3/pp_out_l0n06_0[35]
                              8.0000         9.5707        -1.5707  (VIOLATED)
   u_NV_NVDLA_cmac/u_core/u_mac_4/pp_exp_d1[3]
                             16.0000        17.5701        -1.5701  (VIOLATED)
   u_NV_NVDLA_cmac/u_core/u_mac_2/u_nan/n43
                              8.0000         9.5678        -1.5678  (VIOLATED)
   u_NV_NVDLA_cmac/u_core/u_mac_1/pp_out_l2n2_1[27]
                             16.0000        17.5666        -1.5666  (VIOLATED)
   u_NV_NVDLA_cmac/u_core/u_mac_6/res_tag_44[2]
                             16.0000        17.5660        -1.5660  (VIOLATED)
   u_NV_NVDLA_cmac/u_core/u_mac_3/pp_out_l2n2_1[35]
                              8.0000         9.5604        -1.5604  (VIOLATED)
   u_NV_NVDLA_cmac/u_core/u_mac_5/pp_out_l2n4_1[28]
                             16.0000        17.5540        -1.5540  (VIOLATED)
   u_NV_NVDLA_cmac/u_core/u_mac_6/pp_out_l2n6_1[27]
                             16.0000        17.5437        -1.5437  (VIOLATED)
   u_NV_NVDLA_cmac/u_core/u_mac_6/pp_out_l2n2_0[37]
                             16.0000        17.5430        -1.5430  (VIOLATED)
   u_NV_NVDLA_cmac/u_core/u_mac_7/u_tree_l4n2/n208
                             16.0000        17.5430        -1.5430  (VIOLATED)
   u_NV_NVDLA_cmac/u_core/u_mac_7/u_nan/n1534
                             16.0000        17.5430        -1.5430  (VIOLATED)
   u_NV_NVDLA_cmac/u_core/u_mac_5/u_tree_l1n6/n71
                             16.0000        17.5406        -1.5406  (VIOLATED)
   u_NV_NVDLA_cmac/u_core/u_mac_7/u_tree_l4n2/n184
                             16.0000        17.5385        -1.5385  (VIOLATED)
   u_NV_NVDLA_cmac/u_core/u_mac_6/pp_out_l0n08_1[17]
                              8.0000         9.5378        -1.5378  (VIOLATED)
   u_NV_NVDLA_cmac/u_core/u_mac_7/res_tag_26[3]
                             16.0000        17.5369        -1.5369  (VIOLATED)
   u_NV_NVDLA_cmac/u_core/u_mac_1/u_tree_l0n02/n329
                              8.0000         9.5345        -1.5345  (VIOLATED)
   u_NV_NVDLA_cmac/u_core/u_mac_0/n9757
                              8.0000         9.5326        -1.5326  (VIOLATED)
   u_NV_NVDLA_cmac/u_core/u_mac_6/n7454
                             16.0000        17.5325        -1.5325  (VIOLATED)
   u_NV_NVDLA_cmac/u_core/u_mac_6/res_tag_12[7]
                             32.0000        33.5312        -1.5312  (VIOLATED)
   u_NV_NVDLA_cmac/u_core/u_mac_4/pp_out_l2n7_0[34]
                             16.0000        17.5292        -1.5292  (VIOLATED)
   u_NV_NVDLA_cmac/u_core/u_mac_3/u_tree_l0n01/n329
                              8.0000         9.5287        -1.5287  (VIOLATED)
   u_NV_NVDLA_cmac/u_core/u_mac_0/pp_out_l2n6_0[32]
                             16.0000        17.5279        -1.5279  (VIOLATED)
   u_NV_NVDLA_cmac/u_core/u_mac_7/pp_out_l0n12_1[21]
                             16.0000        17.5271        -1.5271  (VIOLATED)
   u_NV_NVDLA_cmac/u_core/u_mac_6/pp_out_l2n0_1[36]
                             16.0000        17.5269        -1.5269  (VIOLATED)
   u_NV_NVDLA_cmac/u_core/u_mac_4/pp_out_l0n10_0[34]
                             16.0000        17.5225        -1.5225  (VIOLATED)
   u_NV_NVDLA_cmac/u_core/u_mac_7/pp_out_l0n04_0[31]
                             16.0000        17.5222        -1.5222  (VIOLATED)
   u_NV_NVDLA_cmac/u_core/u_mac_1/u_tree_l0n02/n252
                              8.0000         9.5211        -1.5211  (VIOLATED)
   u_NV_NVDLA_cmac/u_core/u_mac_6/u_mul_4/n197
                              8.0000         9.5172        -1.5172  (VIOLATED)
   u_NV_NVDLA_cmac/u_core/u_mac_2/n7421
                             16.0000        17.5170        -1.5170  (VIOLATED)
   u_NV_NVDLA_cmac/u_core/u_mac_7/pp_out_l0n04_0[29]
                             16.0000        17.5158        -1.5158  (VIOLATED)
   u_NV_NVDLA_cmac/u_core/u_mac_2/u_mul_36/n314
                             16.0000        17.5145        -1.5145  (VIOLATED)
   u_NV_NVDLA_cmac/u_core/u_mac_2/u_mul_38/n311
                             16.0000        17.5115        -1.5115  (VIOLATED)
   u_NV_NVDLA_cmac/u_core/u_mac_6/u_mul_9/n96
                              8.0000         9.5109        -1.5109  (VIOLATED)
   u_NV_NVDLA_cmac/u_core/u_mac_6/pp_out_l0n05_1[15]
                             16.0000        17.5105        -1.5105  (VIOLATED)
   u_NV_NVDLA_cmac/u_core/u_mac_6/pp_out_l2n2_0[34]
                             16.0000        17.5079        -1.5079  (VIOLATED)
   u_NV_NVDLA_cmac/u_core/u_mac_4/pp_out_l0n14_1[5]
                             16.0000        17.5055        -1.5055  (VIOLATED)
   u_NV_NVDLA_cmac/u_core/u_mac_4/u_tree_l1n0/n79
                             16.0000        17.5039        -1.5039  (VIOLATED)
   u_NV_NVDLA_cmac/u_core/u_mac_6/u_mul_28/n197
                              8.0000         9.5038        -1.5038  (VIOLATED)
   u_NV_NVDLA_cmac/u_core/u_mac_0/u_mul_13/n318
                             16.0000        17.5028        -1.5028  (VIOLATED)
   u_NV_NVDLA_cmac/u_core/u_mac_7/res_tag_21[7]
                             32.0000        33.5026        -1.5026  (VIOLATED)
   u_NV_NVDLA_cmac/u_core/u_mac_2/pp_out_l0n04_1[20]
                             16.0000        17.5018        -1.5018  (VIOLATED)
   u_NV_NVDLA_cmac/u_core/u_mac_0/u_mul_40/n314
                             16.0000        17.4954        -1.4954  (VIOLATED)
   u_NV_NVDLA_cmac/u_core/u_mac_5/u_tree_l0n13/n189
                              8.0000         9.4942        -1.4942  (VIOLATED)
   u_NV_NVDLA_cmac/u_core/u_mac_0/pp_out_l0n11_1[16]
                             16.0000        17.4920        -1.4920  (VIOLATED)
   u_NV_NVDLA_cmac/u_core/u_mac_0/pp_out_l0n02_0[34]
                             16.0000        17.4909        -1.4909  (VIOLATED)
   u_NV_NVDLA_cmac/u_core/u_mac_3/u_mul_40/n311
                             16.0000        17.4905        -1.4905  (VIOLATED)
   u_NV_NVDLA_cmac/u_core/u_mac_7/u_tree_l4n2/n186
                             16.0000        17.4854        -1.4854  (VIOLATED)
   u_NV_NVDLA_cmac/u_core/u_mac_7/u_tree_l1n2/n67
                              8.0000         9.4847        -1.4847  (VIOLATED)
   u_NV_NVDLA_cmac/u_core/u_mac_7/u_tree_l4n2/n236
                             16.0000        17.4847        -1.4847  (VIOLATED)
   u_NV_NVDLA_cmac/u_core/u_mac_3/res_tag_58[3]
                             16.0000        17.4838        -1.4838  (VIOLATED)
   u_NV_NVDLA_cmac/u_core/u_mac_6/u_nan/n2118
                             16.0000        17.4831        -1.4831  (VIOLATED)
   u_NV_NVDLA_cmac/u_core/u_mac_5/n7448
                             16.0000        17.4820        -1.4820  (VIOLATED)
   u_NV_NVDLA_cmac/u_core/u_mac_5/u_mul_7/n322
                             16.0000        17.4818        -1.4818  (VIOLATED)
   u_NV_NVDLA_cmac/u_core/u_mac_1/u_mul_37/n197
                              8.0000         9.4809        -1.4809  (VIOLATED)
   u_NV_NVDLA_cmac/u_core/u_mac_2/res_tag_41[3]
                             16.0000        17.4800        -1.4800  (VIOLATED)
   u_NV_NVDLA_cmac/u_core/u_mac_3/res_tag_28[2]
                             16.0000        17.4753        -1.4753  (VIOLATED)
   u_NV_NVDLA_cmac/u_core/u_mac_4/pp_out_l2n3_0[30]
                             16.0000        17.4722        -1.4722  (VIOLATED)
   u_NV_NVDLA_cmac/u_core/u_mac_0/pp_out_l0n00_0[18]
                             16.0000        17.4722        -1.4722  (VIOLATED)
   u_NV_NVDLA_cmac/u_core/u_mac_2/u_mul_19/n319
                             16.0000        17.4678        -1.4678  (VIOLATED)
   u_NV_NVDLA_cmac/u_core/u_active/n14854
                             16.0000        17.4664        -1.4664  (VIOLATED)
   u_NV_NVDLA_cmac/u_core/u_mac_7/u_tree_l4n2/n229
                             16.0000        17.4653        -1.4653  (VIOLATED)
   u_NV_NVDLA_cmac/u_core/u_mac_4/pp_out_l2n7_1[31]
                             16.0000        17.4647        -1.4647  (VIOLATED)
   u_NV_NVDLA_cmac/u_core/u_mac_1/ps_n1b2[5]
                             16.0000        17.4608        -1.4608  (VIOLATED)
   u_NV_NVDLA_cmac/u_core/u_mac_6/exp_sft_55[3]
                              8.0000         9.4602        -1.4602  (VIOLATED)
   u_NV_NVDLA_cmac/u_core/u_mac_6/pp_out_l0n08_1[19]
                              8.0000         9.4599        -1.4599  (VIOLATED)
   u_NV_NVDLA_cmac/u_core/u_mac_7/pp_out_l0n01_1[13]
                             16.0000        17.4571        -1.4571  (VIOLATED)
   u_NV_NVDLA_cmac/u_core/u_mac_5/u_mul_61/n309
                             16.0000        17.4551        -1.4551  (VIOLATED)
   u_NV_NVDLA_cmac/u_core/u_mac_5/pp_out_l0n09_0[34]
                             16.0000        17.4541        -1.4541  (VIOLATED)
   u_NV_NVDLA_cmac/u_core/u_mac_3/pp_out_l0n00_0[35]
                              8.0000         9.4528        -1.4528  (VIOLATED)
   u_NV_NVDLA_cmac/u_core/u_mac_4/u_mul_1/n197
                              8.0000         9.4522        -1.4522  (VIOLATED)
   u_NV_NVDLA_cmac/u_core/u_mac_2/u_mul_52/n197
                              8.0000         9.4515        -1.4515  (VIOLATED)
   u_NV_NVDLA_cmac/u_core/u_mac_4/pp_out_l0n05_1[5]
                             16.0000        17.4513        -1.4513  (VIOLATED)
   u_NV_NVDLA_cmac/u_core/u_mac_3/res_tag_40[3]
                             16.0000        17.4491        -1.4491  (VIOLATED)
   u_NV_NVDLA_cmac/u_core/u_mac_1/u_tree_l0n07/n212
                              8.0000         9.4477        -1.4477  (VIOLATED)
   u_NV_NVDLA_cmac/u_core/u_mac_6/pp_out_l2n2_1[27]
                             16.0000        17.4451        -1.4451  (VIOLATED)
   u_NV_NVDLA_cmac/u_core/u_mac_2/u_mul_50/n96
                              8.0000         9.4430        -1.4430  (VIOLATED)
   u_NV_NVDLA_cmac/u_core/u_mac_3/pp_out_l0n02_1[13]
                              8.0000         9.4429        -1.4429  (VIOLATED)
   u_NV_NVDLA_cmac/u_core/u_mac_3/pp_out_l0n02_1[22]
                              8.0000         9.4414        -1.4414  (VIOLATED)
   u_NV_NVDLA_cmac/u_core/u_mac_2/pp_out_l0n05_1[9]
                             16.0000        17.4396        -1.4396  (VIOLATED)
   u_NV_NVDLA_cmac/u_core/u_mac_6/u_mul_23/n304
                             16.0000        17.4362        -1.4362  (VIOLATED)
   u_NV_NVDLA_cmac/u_core/u_active/n14960
                             16.0000        17.4347        -1.4347  (VIOLATED)
   u_NV_NVDLA_cmac/u_core/u_mac_0/res_tag_46[6]
                             32.0000        33.4342        -1.4342  (VIOLATED)
   u_NV_NVDLA_cmac/u_core/u_mac_5/pp_out_l2n4_0[37]
                             16.0000        17.4330        -1.4330  (VIOLATED)
   u_NV_NVDLA_cmac/u_core/u_mac_7/pp_out_l0n12_0[14]
                             16.0000        17.4297        -1.4297  (VIOLATED)
   u_NV_NVDLA_cmac/u_core/u_mac_7/n7473
                             16.0000        17.4260        -1.4260  (VIOLATED)
   u_NV_NVDLA_cmac/u_core/u_mac_3/u_tree_l0n01/n302
                              8.0000         9.4257        -1.4257  (VIOLATED)
   u_NV_NVDLA_cmac/u_core/u_mac_0/res_tag_14[3]
                             16.0000        17.4238        -1.4238  (VIOLATED)
   u_NV_NVDLA_cmac/u_core/u_mac_7/pp_out_l0n04_0[3]
                             16.0000        17.4210        -1.4210  (VIOLATED)
   u_NV_NVDLA_cmac/u_core/u_mac_1/u_tree_l0n02/n322
                              8.0000         9.4174        -1.4174  (VIOLATED)
   u_NV_NVDLA_cmac/u_core/u_mac_4/pp_out_l0n05_1[7]
                             16.0000        17.4173        -1.4173  (VIOLATED)
   u_NV_NVDLA_cmac/u_core/u_active/n14817
                             16.0000        17.4133        -1.4133  (VIOLATED)
   u_NV_NVDLA_cmac/u_core/u_mac_6/u_nan/n1708
                             16.0000        17.4128        -1.4128  (VIOLATED)
   u_NV_NVDLA_cmac/u_core/u_mac_2/n10132
                             16.0000        17.4127        -1.4127  (VIOLATED)
   u_NV_NVDLA_cmac/u_core/u_mac_4/pp_out_l0n14_1[3]
                             16.0000        17.4065        -1.4065  (VIOLATED)
   u_NV_NVDLA_cmac/u_core/u_mac_7/pp_out_l0n01_1[20]
                             16.0000        17.4063        -1.4063  (VIOLATED)
   u_NV_NVDLA_cmac/u_core/u_mac_0/n7415
                             16.0000        17.4051        -1.4051  (VIOLATED)
   u_NV_NVDLA_cmac/u_core/u_mac_6/n7494
                             16.0000        17.4034        -1.4034  (VIOLATED)
   u_NV_NVDLA_cmac/u_core/u_mac_3/exp_sft_23[2]
                              8.0000         9.3993        -1.3993  (VIOLATED)
   u_NV_NVDLA_cmac/u_core/u_mac_0/pp_out_l2n2_1[38]
                             16.0000        17.3974        -1.3974  (VIOLATED)
   u_NV_NVDLA_cmac/u_core/u_mac_7/pp_out_l2n6_1[30]
                             16.0000        17.3969        -1.3969  (VIOLATED)
   u_NV_NVDLA_cmac/u_core/u_mac_0/u_tree_l0n07/n192
                              8.0000         9.3958        -1.3958  (VIOLATED)
   u_NV_NVDLA_cmac/u_core/u_mac_4/pp_out_l0n15_0[35]
                              8.0000         9.3945        -1.3945  (VIOLATED)
   u_NV_NVDLA_cmac/u_core/u_mac_6/u_mul_18/n310
                             16.0000        17.3940        -1.3940  (VIOLATED)
   u_NV_NVDLA_cmac/u_core/u_mac_7/pp_out_l0n08_1[32]
                             16.0000        17.3934        -1.3934  (VIOLATED)
   u_NV_NVDLA_cmac/u_core/u_mac_3/u_nan/n1705
                             16.0000        17.3900        -1.3900  (VIOLATED)
   u_NV_NVDLA_cmac/u_core/u_mac_6/pp_out_l2n6_1[28]
                             16.0000        17.3891        -1.3891  (VIOLATED)
   u_NV_NVDLA_cmac/u_core/u_mac_3/res_tag_37[2]
                             16.0000        17.3879        -1.3879  (VIOLATED)
   u_NV_NVDLA_cmac/u_core/u_mac_6/u_tree_l0n12/n312
                              8.0000         9.3874        -1.3874  (VIOLATED)
   u_NV_NVDLA_cmac/u_core/u_mac_7/pp_out_l0n13_0[34]
                             16.0000        17.3859        -1.3859  (VIOLATED)
   u_NV_NVDLA_cmac/u_core/u_mac_0/pp_out_l0n11_1[28]
                             16.0000        17.3844        -1.3844  (VIOLATED)
   u_NV_NVDLA_cmac/u_core/u_mac_7/pp_out_l0n06_1[9]
                              8.0000         9.3827        -1.3827  (VIOLATED)
   u_NV_NVDLA_cmac/u_core/u_mac_0/pp_out_l0n05_1[24]
                              8.0000         9.3820        -1.3820  (VIOLATED)
   u_NV_NVDLA_cmac/u_core/u_mac_7/u_tree_l0n13/n122
                              8.0000         9.3801        -1.3801  (VIOLATED)
   u_NV_NVDLA_cmac/u_core/u_mac_0/u_mul_14/n318
                             16.0000        17.3763        -1.3763  (VIOLATED)
   u_NV_NVDLA_cmac/u_core/u_mac_2/pp_out_l0n04_0[20]
                             16.0000        17.3742        -1.3742  (VIOLATED)
   u_NV_NVDLA_cmac/u_core/u_mac_4/exp_sft_01[1]
                             16.0000        17.3690        -1.3690  (VIOLATED)
   u_NV_NVDLA_cmac/u_core/u_mac_3/u_tree_l1n4/n45
                              8.0000         9.3661        -1.3661  (VIOLATED)
   u_NV_NVDLA_cmac/u_core/u_mac_7/pp_out_l0n05_1[30]
                             16.0000        17.3660        -1.3660  (VIOLATED)
   u_NV_NVDLA_cmac/u_core/u_active/n11645
                             16.0000        17.3645        -1.3645  (VIOLATED)
   u_NV_NVDLA_cmac/u_core/u_mac_5/u_nan/n7
                              8.0000         9.3635        -1.3635  (VIOLATED)
   u_NV_NVDLA_cmac/u_core/u_mac_5/u_nan/n1642
                             16.0000        17.3633        -1.3633  (VIOLATED)
   u_NV_NVDLA_cmac/u_core/u_mac_1/res_tag_48[4]
                             16.0000        17.3622        -1.3622  (VIOLATED)
   u_NV_NVDLA_cmac/u_core/u_mac_7/pp_out_l0n01_1[15]
                             16.0000        17.3586        -1.3586  (VIOLATED)
   u_NV_NVDLA_cmac/u_core/u_mac_4/pp_out_l2n3_1[32]
                             16.0000        17.3573        -1.3573  (VIOLATED)
   u_NV_NVDLA_cmac/u_core/u_mac_6/pp_out_l2n3_1[37]
                             16.0000        17.3563        -1.3563  (VIOLATED)
   u_NV_NVDLA_cmac/u_core/u_mac_3/u_tree_l0n12/n312
                              8.0000         9.3556        -1.3556  (VIOLATED)
   u_NV_NVDLA_cmac/u_core/u_mac_3/u_tree_l1n3/n45
                              8.0000         9.3554        -1.3554  (VIOLATED)
   u_NV_NVDLA_cmac/u_core/u_mac_6/pp_out_l0n05_0[26]
                             16.0000        17.3543        -1.3543  (VIOLATED)
   u_NV_NVDLA_cmac/u_core/u_mac_6/u_tree_l4n3/n246
                              8.0000         9.3526        -1.3526  (VIOLATED)
   u_NV_NVDLA_cmac/u_core/u_mac_6/u_tree_l4n2/n198
                             16.0000        17.3520        -1.3520  (VIOLATED)
   u_NV_NVDLA_cmac/u_core/u_mac_3/u_nan/n2115
                             16.0000        17.3491        -1.3491  (VIOLATED)
   u_NV_NVDLA_cmac/u_core/u_mac_0/n7616
                             16.0000        17.3491        -1.3491  (VIOLATED)
   u_NV_NVDLA_cmac/u_core/u_mac_4/pp_out_l0n02_0[1]
                             16.0000        17.3484        -1.3484  (VIOLATED)
   u_NV_NVDLA_cmac/u_core/u_mac_3/u_exp/n4104
                             16.0000        17.3481        -1.3481  (VIOLATED)
   u_NV_NVDLA_cmac/u_core/u_mac_5/pp_out_l2n4_1[38]
                             16.0000        17.3424        -1.3424  (VIOLATED)
   u_NV_NVDLA_cmac/u_core/u_mac_2/pp_out_l0n04_1[35]
                             16.0000        17.3377        -1.3377  (VIOLATED)
   u_NV_NVDLA_cmac/u_core/u_mac_7/u_nan/n1102
                             16.0000        17.3363        -1.3363  (VIOLATED)
   u_NV_NVDLA_cmac/u_core/u_mac_3/pp_out_l0n11_1[25]
                              8.0000         9.3351        -1.3351  (VIOLATED)
   u_NV_NVDLA_cmac/u_core/u_mac_4/pp_out_l0n10_1[31]
                             16.0000        17.3349        -1.3349  (VIOLATED)
   u_NV_NVDLA_cmac/u_core/u_mac_0/pp_out_l0n02_0[10]
                             16.0000        17.3347        -1.3347  (VIOLATED)
   u_NV_NVDLA_cmac/u_core/u_mac_0/pp_out_l0n04_1[33]
                             16.0000        17.3346        -1.3346  (VIOLATED)
   u_NV_NVDLA_cmac/u_core/u_mac_5/pp_out_l2n4_1[27]
                             16.0000        17.3343        -1.3343  (VIOLATED)
   u_NV_NVDLA_cmac/u_core/u_mac_6/pp_out_l2n6_1[37]
                             16.0000        17.3322        -1.3322  (VIOLATED)
   u_NV_NVDLA_cmac/u_core/u_mac_7/pp_out_l0n15_1[17]
                              8.0000         9.3311        -1.3311  (VIOLATED)
   u_NV_NVDLA_cmac/u_core/u_mac_5/u_mul_26/n197
                              8.0000         9.3294        -1.3294  (VIOLATED)
   u_NV_NVDLA_cmac/u_core/u_mac_2/u_tree_l1n0/n53
                              8.0000         9.3291        -1.3291  (VIOLATED)
   u_NV_NVDLA_cmac/u_core/u_mac_7/u_nan/n1354
                             16.0000        17.3287        -1.3287  (VIOLATED)
   u_NV_NVDLA_cmac/u_core/u_mac_2/u_tree_l0n15/n192
                              8.0000         9.3286        -1.3286  (VIOLATED)
   u_NV_NVDLA_cmac/u_core/u_mac_1/pp_out_l0n11_0[35]
                              8.0000         9.3284        -1.3284  (VIOLATED)
   u_NV_NVDLA_cmac/u_core/u_mac_4/pp_out_l0n10_1[33]
                             16.0000        17.3282        -1.3282  (VIOLATED)
   u_NV_NVDLA_cmac/u_core/u_mac_4/pp_out_l2n7_0[39]
                             16.0000        17.3277        -1.3277  (VIOLATED)
   u_NV_NVDLA_cmac/u_core/u_mac_2/u_mul_52/n321
                             16.0000        17.3269        -1.3269  (VIOLATED)
   u_NV_NVDLA_cmac/u_core/u_mac_3/pp_out_l0n02_1[20]
                              8.0000         9.3227        -1.3227  (VIOLATED)
   u_NV_NVDLA_cmac/u_core/u_mac_6/u_tree_l4n2/n210
                             16.0000        17.3224        -1.3224  (VIOLATED)
   u_NV_NVDLA_cmac/u_core/u_mac_0/res_tag_48[6]
                             32.0000        33.3219        -1.3219  (VIOLATED)
   u_NV_NVDLA_cmac/u_core/u_mac_5/u_nan/n23
                             16.0000        17.3219        -1.3219  (VIOLATED)
   u_NV_NVDLA_cmac/u_core/u_mac_4/pp_out_l2n7_0[36]
                             16.0000        17.3214        -1.3214  (VIOLATED)
   u_NV_NVDLA_cmac/u_core/u_mac_7/u_tree_l0n13/n212
                              8.0000         9.3197        -1.3197  (VIOLATED)
   u_NV_NVDLA_cmac/u_core/u_mac_4/u_exp/exp_sum_59[1]
                             16.0000        17.3185        -1.3185  (VIOLATED)
   u_NV_NVDLA_cmac/u_core/u_mac_6/pp_out_l2n1_1[30]
                              8.0000         9.3153        -1.3153  (VIOLATED)
   u_NV_NVDLA_cmac/u_core/u_mac_7/u_tree_l4n2/n196
                             16.0000        17.3145        -1.3145  (VIOLATED)
   u_NV_NVDLA_cmac/u_core/u_mac_3/exp_sft_01[1]
                             16.0000        17.3136        -1.3136  (VIOLATED)
   u_NV_NVDLA_cmac/u_core/u_mac_6/pp_out_l0n08_1[31]
                              8.0000         9.3135        -1.3135  (VIOLATED)
   u_NV_NVDLA_cmac/u_core/u_mac_3/pp_out_l0n02_1[24]
                              8.0000         9.3112        -1.3112  (VIOLATED)
   u_NV_NVDLA_cmac/u_core/u_mac_3/pp_out_l0n09_1[12]
                              8.0000         9.3088        -1.3088  (VIOLATED)
   u_NV_NVDLA_cmac/u_core/u_mac_4/pp_out_l2n7_1[30]
                             16.0000        17.3062        -1.3062  (VIOLATED)
   u_NV_NVDLA_cmac/u_core/u_mac_0/pp_out_l1n2_0[15]
                             16.0000        17.3053        -1.3053  (VIOLATED)
   u_NV_NVDLA_cmac/u_core/u_mac_0/u_mul_38/n312
                             16.0000        17.3049        -1.3049  (VIOLATED)
   u_NV_NVDLA_cmac/u_core/u_mac_2/u_tree_l4n2/n199
                             16.0000        17.3044        -1.3044  (VIOLATED)
   u_NV_NVDLA_cmac/u_core/u_mac_3/u_nan/n1867
                             16.0000        17.3026        -1.3026  (VIOLATED)
   u_NV_NVDLA_cmac/u_core/u_mac_0/pp_out_l0n02_0[26]
                             16.0000        17.2993        -1.2993  (VIOLATED)
   u_NV_NVDLA_cmac/u_core/u_mac_5/pp_out_l0n09_0[31]
                             16.0000        17.2988        -1.2988  (VIOLATED)
   u_NV_NVDLA_cmac/u_core/u_mac_6/pp_out_l2n1_1[33]
                              8.0000         9.2962        -1.2962  (VIOLATED)
   u_NV_NVDLA_cmac/u_core/u_mac_7/u_nan/n1401
                             16.0000        17.2953        -1.2953  (VIOLATED)
   u_NV_NVDLA_cmac/u_core/u_mac_5/u_tree_l4n2/n253
                             16.0000        17.2944        -1.2944  (VIOLATED)
   u_NV_NVDLA_cmac/u_core/u_mac_3/pp_out_l0n02_1[16]
                              8.0000         9.2916        -1.2916  (VIOLATED)
   u_NV_NVDLA_cmac/u_core/u_mac_2/u_mul_21/n315
                             16.0000        17.2916        -1.2916  (VIOLATED)
   u_NV_NVDLA_cmac/u_core/u_mac_6/n7606
                             16.0000        17.2908        -1.2908  (VIOLATED)
   u_NV_NVDLA_cmac/u_core/u_mac_6/u_mul_46/n313
                             16.0000        17.2896        -1.2896  (VIOLATED)
   u_NV_NVDLA_cmac/u_core/u_mac_2/res_tag_33[2]
                             16.0000        17.2883        -1.2883  (VIOLATED)
   u_NV_NVDLA_cmac/u_core/u_mac_4/pp_out_l2n3_0[31]
                             16.0000        17.2877        -1.2877  (VIOLATED)
   u_NV_NVDLA_cmac/u_core/u_mac_5/u_nan/n2309
                             16.0000        17.2843        -1.2843  (VIOLATED)
   u_NV_NVDLA_cmac/u_core/u_mac_4/u_mul_35/n318
                             16.0000        17.2811        -1.2811  (VIOLATED)
   u_NV_NVDLA_cmac/u_core/u_mac_0/pp_out_l0n04_1[28]
                             16.0000        17.2807        -1.2807  (VIOLATED)
   u_NV_NVDLA_cmac/u_core/u_mac_0/pp_out_l0n02_0[32]
                             16.0000        17.2805        -1.2805  (VIOLATED)
   u_NV_NVDLA_cmac/u_core/u_mac_3/pp_out_l0n02_1[3]
                              8.0000         9.2803        -1.2803  (VIOLATED)
   u_NV_NVDLA_cmac/u_core/u_mac_6/pp_out_l0n08_1[26]
                              8.0000         9.2743        -1.2743  (VIOLATED)
   u_NV_NVDLA_cmac/u_core/u_mac_7/pp_out_l0n08_1[33]
                             16.0000        17.2737        -1.2737  (VIOLATED)
   u_NV_NVDLA_cmac/u_core/u_mac_7/u_tree_l0n12/n192
                              8.0000         9.2727        -1.2727  (VIOLATED)
   u_NV_NVDLA_cmac/u_core/u_active/n19007
                             16.0000        17.2707        -1.2707  (VIOLATED)
   u_NV_NVDLA_cmac/u_core/u_mac_3/u_mul_36/n305
                             16.0000        17.2706        -1.2706  (VIOLATED)
   u_NV_NVDLA_cmac/u_core/u_mac_6/u_tree_l0n00/n12
                              8.0000         9.2700        -1.2700  (VIOLATED)
   u_NV_NVDLA_cmac/u_core/u_mac_7/pp_out_l0n06_1[10]
                              8.0000         9.2680        -1.2680  (VIOLATED)
   u_NV_NVDLA_cmac/u_core/u_mac_6/exp_sft_51[1]
                             16.0000        17.2680        -1.2680  (VIOLATED)
   u_NV_NVDLA_cmac/u_core/u_mac_4/pp_out_l0n08_0[34]
                             16.0000        17.2666        -1.2666  (VIOLATED)
   u_NV_NVDLA_cmac/u_core/u_mac_7/n7470
                             16.0000        17.2647        -1.2647  (VIOLATED)
   u_NV_NVDLA_cmac/u_core/u_active/n15691
                             16.0000        17.2647        -1.2647  (VIOLATED)
   u_NV_NVDLA_cmac/u_core/u_mac_7/res_tag_28[3]
                             16.0000        17.2641        -1.2641  (VIOLATED)
   u_NV_NVDLA_cmac/u_core/u_mac_6/pp_out_l0n08_1[13]
                              8.0000         9.2613        -1.2613  (VIOLATED)
   u_NV_NVDLA_cmac/u_core/u_mac_6/pp_out_l0n05_1[35]
                             16.0000        17.2606        -1.2606  (VIOLATED)
   u_NV_NVDLA_cmac/u_core/u_mac_6/n7484
                             16.0000        17.2602        -1.2602  (VIOLATED)
   u_NV_NVDLA_cmac/u_core/u_mac_0/pp_out_l2n7_1[26]
                              8.0000         9.2597        -1.2597  (VIOLATED)
   u_NV_NVDLA_cmac/u_core/u_mac_5/u_tree_l4n3/n246
                             16.0000        17.2585        -1.2585  (VIOLATED)
   u_NV_NVDLA_cmac/u_core/u_mac_1/u_mul_19/n320
                             16.0000        17.2535        -1.2535  (VIOLATED)
   u_NV_NVDLA_cmac/u_core/u_mac_2/pp_out_l0n04_1[19]
                             16.0000        17.2515        -1.2515  (VIOLATED)
   u_NV_NVDLA_cmac/u_core/u_mac_0/pp_out_l0n04_1[30]
                             16.0000        17.2468        -1.2468  (VIOLATED)
   u_NV_NVDLA_cmac/u_core/u_mac_4/pp_out_l2n3_0[38]
                             16.0000        17.2461        -1.2461  (VIOLATED)
   u_NV_NVDLA_cmac/u_core/u_mac_5/n4831
                             16.0000        17.2422        -1.2422  (VIOLATED)
   u_NV_NVDLA_cmac/u_core/u_mac_6/u_tree_l0n13/n182
                              8.0000         9.2421        -1.2421  (VIOLATED)
   u_NV_NVDLA_cmac/u_core/u_mac_7/pp_out_l0n01_1[21]
                             16.0000        17.2407        -1.2407  (VIOLATED)
   u_NV_NVDLA_cmac/u_core/u_mac_7/pp_out_l0n04_0[30]
                             16.0000        17.2390        -1.2390  (VIOLATED)
   u_NV_NVDLA_cmac/u_core/u_mac_2/u_mul_37/n314
                             16.0000        17.2387        -1.2387  (VIOLATED)
   u_NV_NVDLA_cmac/u_core/u_active/wt_pre_exp[32]
                             16.0000        17.2365        -1.2365  (VIOLATED)
   u_NV_NVDLA_cmac/u_core/u_active/wt_pre_exp[11]
                             16.0000        17.2353        -1.2353  (VIOLATED)
   u_NV_NVDLA_cmac/u_core/u_mac_6/pp_out_l0n05_0[32]
                             16.0000        17.2351        -1.2351  (VIOLATED)
   u_NV_NVDLA_cmac/u_core/u_mac_1/u_mul_40/n318
                             16.0000        17.2336        -1.2336  (VIOLATED)
   u_NV_NVDLA_cmac/u_core/u_mac_4/u_tree_l0n05/n212
                              8.0000         9.2313        -1.2313  (VIOLATED)
   u_NV_NVDLA_cmac/u_core/u_mac_2/u_tree_l4n2/n207
                             16.0000        17.2301        -1.2301  (VIOLATED)
   u_NV_NVDLA_cmac/u_core/u_mac_2/pp_out_l2n3_0[40]
                              8.0000         9.2294        -1.2294  (VIOLATED)
   u_NV_NVDLA_cmac/u_core/u_active/wt_pre_exp[53]
                             16.0000        17.2247        -1.2247  (VIOLATED)
   u_NV_NVDLA_cmac/u_core/u_active/n13837
                             16.0000        17.2243        -1.2243  (VIOLATED)
   u_NV_NVDLA_cmac/u_core/u_mac_6/pp_out_l2n1_1[29]
                              8.0000         9.2237        -1.2237  (VIOLATED)
   u_NV_NVDLA_cmac/u_core/u_mac_3/pp_out_l2n4_1[25]
                              8.0000         9.2218        -1.2218  (VIOLATED)
   u_NV_NVDLA_cmac/u_core/u_active/n38511
                             32.0000        33.2217        -1.2217  (VIOLATED)
   u_NV_NVDLA_cmac/u_core/u_mac_5/res_tag_19[0]
                             16.0000        17.2207        -1.2207  (VIOLATED)
   u_NV_NVDLA_cmac/u_core/u_mac_2/u_tree_l0n01/n212
                              8.0000         9.2175        -1.2175  (VIOLATED)
   u_NV_NVDLA_cmac/u_core/u_mac_5/u_mul_42/n321
                             16.0000        17.2161        -1.2161  (VIOLATED)
   u_NV_NVDLA_cmac/u_core/u_mac_7/u_tree_l4n2/n166
                             16.0000        17.2146        -1.2146  (VIOLATED)
   u_NV_NVDLA_cmac/u_core/u_mac_6/pp_out_l2n2_1[32]
                             16.0000        17.2142        -1.2142  (VIOLATED)
   u_NV_NVDLA_cmac/u_core/wt2_actv_data[960]
                             16.0000        17.2142        -1.2142  (VIOLATED)
   u_NV_NVDLA_cmac/u_core/u_mac_6/pp_out_l0n00_0_d1[35]
                             16.0000        17.2134        -1.2134  (VIOLATED)
   u_NV_NVDLA_cmac/u_core/u_mac_3/u_tree_l0n01/n12
                              8.0000         9.2134        -1.2134  (VIOLATED)
   u_NV_NVDLA_cmac/u_core/u_mac_7/pp_out_l0n12_1[20]
                             16.0000        17.2123        -1.2123  (VIOLATED)
   u_NV_NVDLA_cmac/u_core/u_mac_1/pp_out_l0n14_1[3]
                              8.0000         9.2116        -1.2116  (VIOLATED)
   u_NV_NVDLA_cmac/u_core/u_mac_0/u_tree_l4n3/n171
                             16.0000        17.2114        -1.2114  (VIOLATED)
   u_NV_NVDLA_cmac/u_core/u_rt_out/n542
                             16.0000        17.2111        -1.2111  (VIOLATED)
   u_NV_NVDLA_cmac/u_core/u_mac_5/pp_out_l2n2_0[40]
                              8.0000         9.2110        -1.2110  (VIOLATED)
   u_NV_NVDLA_cmac/u_core/u_mac_3/res_tag_32[6]
                             32.0000        33.2064        -1.2064  (VIOLATED)
   u_NV_NVDLA_cmac/u_core/u_mac_7/n7477
                             16.0000        17.2044        -1.2044  (VIOLATED)
   u_NV_NVDLA_cmac/u_core/u_mac_4/pp_out_l0n14_0[32]
                             16.0000        17.2035        -1.2035  (VIOLATED)
   u_NV_NVDLA_cmac/u_core/u_active/n31569
                             16.0000        17.2032        -1.2032  (VIOLATED)
   u_NV_NVDLA_cmac/u_core/u_mac_5/n4872
                             16.0000        17.2031        -1.2031  (VIOLATED)
   u_NV_NVDLA_cmac/u_core/u_active/dat_pre_data[970]
                             16.0000        17.2023        -1.2023  (VIOLATED)
   u_NV_NVDLA_cmac/u_core/u_mac_0/pp_out_l2n7_1[25]
                              8.0000         9.1987        -1.1987  (VIOLATED)
   u_NV_NVDLA_cmac/u_core/u_mac_0/pp_out_l0n11_1[8]
                             16.0000        17.1973        -1.1973  (VIOLATED)
   u_NV_NVDLA_cmac/u_core/u_mac_0/pp_out_l0n09_1[13]
                             16.0000        17.1972        -1.1972  (VIOLATED)
   u_NV_NVDLA_cmac/u_core/u_mac_4/pp_exp_d1[2]
                             16.0000        17.1968        -1.1968  (VIOLATED)
   u_NV_NVDLA_cmac/u_core/u_mac_4/pp_out_l2n7_1[38]
                             16.0000        17.1968        -1.1968  (VIOLATED)
   u_NV_NVDLA_cmac/u_core/u_active/n19010
                             16.0000        17.1963        -1.1963  (VIOLATED)
   u_NV_NVDLA_cmac/u_core/u_mac_0/pp_out_l2n6_0[29]
                             16.0000        17.1960        -1.1960  (VIOLATED)
   u_NV_NVDLA_cmac/u_core/u_mac_0/pp_out_l0n12_1[17]
                             16.0000        17.1953        -1.1953  (VIOLATED)
   u_NV_NVDLA_cmac/u_core/wt2_actv_data[961]
                             16.0000        17.1934        -1.1934  (VIOLATED)
   u_NV_NVDLA_cmac/u_core/u_active/wt_pre_exp[54]
                             16.0000        17.1928        -1.1928  (VIOLATED)
   u_NV_NVDLA_cmac/u_core/u_mac_2/u_mul_53/n311
                             16.0000        17.1917        -1.1917  (VIOLATED)
   u_NV_NVDLA_cmac/u_core/u_mac_6/pp_out_l2n0_1[38]
                             16.0000        17.1885        -1.1885  (VIOLATED)
   u_NV_NVDLA_cmac/u_core/u_mac_6/pp_out_l0n08_1[27]
                              8.0000         9.1843        -1.1843  (VIOLATED)
   u_NV_NVDLA_cmac/u_core/u_active/wt0_sd_data[583]
                             16.0000        17.1828        -1.1828  (VIOLATED)
   u_NV_NVDLA_cmac/u_core/u_mac_1/pp_out_l2n3_0[26]
                             16.0000        17.1825        -1.1825  (VIOLATED)
   u_NV_NVDLA_cmac/u_core/u_mac_1/u_mul_34/n315
                             16.0000        17.1824        -1.1824  (VIOLATED)
   u_NV_NVDLA_cmac/u_core/u_mac_7/u_tree_l4n2/n172
                             16.0000        17.1824        -1.1824  (VIOLATED)
   u_NV_NVDLA_cmac/u_core/u_mac_1/u_tree_l4n3/n165
                             16.0000        17.1814        -1.1814  (VIOLATED)
   u_NV_NVDLA_cmac/u_core/u_active/wt_pre_exp[52]
                             16.0000        17.1809        -1.1809  (VIOLATED)
   u_NV_NVDLA_cmac/u_core/u_mac_6/res_tag_17[6]
                             32.0000        33.1798        -1.1798  (VIOLATED)
   u_NV_NVDLA_cmac/u_core/u_mac_5/pp_out_l0n14_1[4]
                              8.0000         9.1794        -1.1794  (VIOLATED)
   u_NV_NVDLA_cmac/u_core/u_mac_5/pp_out_l0n14_1[16]
                              8.0000         9.1789        -1.1789  (VIOLATED)
   u_NV_NVDLA_cmac/u_core/u_mac_6/pp_out_l0n08_1[28]
                              8.0000         9.1784        -1.1784  (VIOLATED)
   u_NV_NVDLA_cmac/u_core/u_active/wt0_sd_data[521]
                             16.0000        17.1781        -1.1781  (VIOLATED)
   u_NV_NVDLA_cmac/u_core/u_mac_6/u_nan/n1797
                             16.0000        17.1771        -1.1771  (VIOLATED)
   u_NV_NVDLA_cmac/u_core/u_mac_6/pp_out_l2n2_1[33]
                             16.0000        17.1766        -1.1766  (VIOLATED)
   u_NV_NVDLA_cmac/u_core/u_mac_6/pp_out_l0n08_1[32]
                              8.0000         9.1754        -1.1754  (VIOLATED)
   u_NV_NVDLA_cmac/u_core/u_mac_7/u_nan/n1380
                             16.0000        17.1744        -1.1744  (VIOLATED)
   u_NV_NVDLA_cmac/u_core/u_mac_6/pp_out_l0n08_1[14]
                              8.0000         9.1706        -1.1706  (VIOLATED)
   u_NV_NVDLA_cmac/u_core/u_active/wt0_sd_data[576]
                             16.0000        17.1705        -1.1705  (VIOLATED)
   u_NV_NVDLA_cmac/u_core/u_mac_1/u_tree_l0n07/n222
                              8.0000         9.1660        -1.1660  (VIOLATED)
   u_NV_NVDLA_cmac/u_core/u_mac_3/pp_out_l0n09_1[34]
                              8.0000         9.1641        -1.1641  (VIOLATED)
   u_NV_NVDLA_cmac/u_core/u_mac_4/pp_exp_d1[0]
                             16.0000        17.1635        -1.1635  (VIOLATED)
   u_NV_NVDLA_cmac/u_core/u_mac_0/sop_2[4]
                              8.0000         9.1618        -1.1618  (VIOLATED)
   u_NV_NVDLA_cmac/u_core/u_mac_0/u_mul_51/n310
                             16.0000        17.1605        -1.1605  (VIOLATED)
   u_NV_NVDLA_cmac/u_core/u_mac_2/pp_nan_pvld_d1_0_
                             16.0000        17.1602        -1.1602  (VIOLATED)
   u_NV_NVDLA_cmac/u_core/u_mac_3/pp_out_l0n02_1[15]
                              8.0000         9.1602        -1.1602  (VIOLATED)
   u_NV_NVDLA_cmac/u_core/u_active/wt2_sd_data[778]
                             16.0000        17.1561        -1.1561  (VIOLATED)
   u_NV_NVDLA_cmac/u_core/u_mac_1/pp_out_l0n10_0[35]
                              8.0000         9.1559        -1.1559  (VIOLATED)
   u_NV_NVDLA_cmac/u_core/u_mac_4/u_tree_l0n05/n262
                              8.0000         9.1553        -1.1553  (VIOLATED)
   u_NV_NVDLA_cmac/u_core/u_mac_3/pp_out_l2n2_1[26]
                              8.0000         9.1552        -1.1552  (VIOLATED)
   u_NV_NVDLA_cmac/u_core/u_mac_6/pp_out_l2n0_1[37]
                             16.0000        17.1542        -1.1542  (VIOLATED)
   u_NV_NVDLA_cmac/u_core/u_mac_4/u_tree_l0n05/n12
                              8.0000         9.1540        -1.1540  (VIOLATED)
   u_NV_NVDLA_cmac/u_core/u_mac_7/pp_out_l0n06_1[7]
                              8.0000         9.1523        -1.1523  (VIOLATED)
   u_NV_NVDLA_cmac/u_core/u_mac_4/pp_out_l0n10_0[31]
                             16.0000        17.1520        -1.1520  (VIOLATED)
   u_NV_NVDLA_cmac/u_core/u_mac_6/n7445
                             16.0000        17.1519        -1.1519  (VIOLATED)
   u_NV_NVDLA_cmac/u_core/u_mac_1/exp_sft_54[1]
                             16.0000        17.1518        -1.1518  (VIOLATED)
   u_NV_NVDLA_cmac/u_core/u_mac_5/n4871
                             16.0000        17.1505        -1.1505  (VIOLATED)
   u_NV_NVDLA_cmac/u_core/u_mac_7/pp_out_l0n12_0[23]
                             16.0000        17.1485        -1.1485  (VIOLATED)
   u_NV_NVDLA_cmac/u_core/u_mac_6/exp_sft_21[1]
                             16.0000        17.1459        -1.1459  (VIOLATED)
   u_NV_NVDLA_cmac/u_core/u_mac_6/pp_out_l0n03_1[9]
                              8.0000         9.1456        -1.1456  (VIOLATED)
   u_NV_NVDLA_cmac/u_core/u_mac_5/ps_n0b6_wg[4]
                              8.0000         9.1428        -1.1428  (VIOLATED)
   u_NV_NVDLA_cmac/u_core/u_active/n14922
                             16.0000        17.1423        -1.1423  (VIOLATED)
   u_NV_NVDLA_cmac/u_core/u_mac_3/res_tag_56[2]
                             16.0000        17.1423        -1.1423  (VIOLATED)
   u_NV_NVDLA_cmac/u_core/u_mac_4/u_exp/exp_sum_61[1]
                             16.0000        17.1416        -1.1416  (VIOLATED)
   u_NV_NVDLA_cmac/u_core/u_mac_5/n4836
                             16.0000        17.1410        -1.1410  (VIOLATED)
   u_NV_NVDLA_cmac/u_core/u_active/wt_pre_exp[49]
                             16.0000        17.1408        -1.1408  (VIOLATED)
   u_NV_NVDLA_cmac/u_core/u_mac_6/pp_out_l2n0_0[38]
                             16.0000        17.1403        -1.1403  (VIOLATED)
   u_NV_NVDLA_cmac/u_core/u_mac_6/u_tree_l4n2/n190
                             16.0000        17.1398        -1.1398  (VIOLATED)
   u_NV_NVDLA_cmac/u_core/u_active/wt_pre_exp[84]
                             16.0000        17.1394        -1.1394  (VIOLATED)
   u_NV_NVDLA_cmac/u_core/u_mac_6/pp_out_l0n08_1[29]
                              8.0000         9.1393        -1.1393  (VIOLATED)
   u_NV_NVDLA_cmac/u_core/u_mac_3/pp_out_l0n02_1[11]
                              8.0000         9.1390        -1.1390  (VIOLATED)
   u_NV_NVDLA_cmac/u_core/u_mac_0/n7477
                             16.0000        17.1384        -1.1384  (VIOLATED)
   u_NV_NVDLA_cmac/u_core/u_active/wt0_sd_data[257]
                             16.0000        17.1368        -1.1368  (VIOLATED)
   u_NV_NVDLA_cmac/u_core/u_mac_3/u_mul_53/n197
                              8.0000         9.1367        -1.1367  (VIOLATED)
   u_NV_NVDLA_cmac/u_core/u_active/wt0_sd_data[635]
                             16.0000        17.1343        -1.1343  (VIOLATED)
   u_NV_NVDLA_cmac/u_core/u_mac_2/pp_out_l0n04_1[17]
                             16.0000        17.1333        -1.1333  (VIOLATED)
   u_NV_NVDLA_cmac/u_core/u_mac_7/u_nan/n480
                             16.0000        17.1332        -1.1332  (VIOLATED)
   u_NV_NVDLA_cmac/u_core/u_active/wt7_sd_data[817]
                             16.0000        17.1317        -1.1317  (VIOLATED)
   u_NV_NVDLA_cmac/u_core/u_mac_6/pp_out_l0n08_1[23]
                              8.0000         9.1315        -1.1315  (VIOLATED)
   u_NV_NVDLA_cmac/u_core/u_mac_4/pp_out_l0n08_0[7]
                             16.0000        17.1300        -1.1300  (VIOLATED)
   u_NV_NVDLA_cmac/u_core/u_mac_4/pp_out_l0n14_1[8]
                             16.0000        17.1295        -1.1295  (VIOLATED)
   u_NV_NVDLA_cmac/u_core/u_active/n31591
                             16.0000        17.1291        -1.1291  (VIOLATED)
   u_NV_NVDLA_cmac/u_core/u_mac_5/res_tag_58[6]
                             32.0000        33.1286        -1.1286  (VIOLATED)
   u_NV_NVDLA_cmac/u_core/u_active/n31551
                             16.0000        17.1275        -1.1275  (VIOLATED)
   u_NV_NVDLA_cmac/u_core/u_mac_3/u_mul_9/n317
                             16.0000        17.1272        -1.1272  (VIOLATED)
   u_NV_NVDLA_cmac/u_core/u_mac_0/pp_out_l0n04_1[32]
                             16.0000        17.1244        -1.1244  (VIOLATED)
   u_NV_NVDLA_cmac/u_core/u_mac_4/pp_out_l2n7_0[35]
                             16.0000        17.1228        -1.1228  (VIOLATED)
   u_NV_NVDLA_cmac/u_core/u_mac_2/u_tree_l0n01/n222
                              8.0000         9.1228        -1.1228  (VIOLATED)
   u_NV_NVDLA_cmac/u_core/u_mac_7/u_nan/n211
                             16.0000        17.1216        -1.1216  (VIOLATED)
   u_NV_NVDLA_cmac/u_core/u_mac_7/u_nan/n2201
                             16.0000        17.1207        -1.1207  (VIOLATED)
   u_NV_NVDLA_cmac/u_core/u_active/wt2_sd_data[777]
                             16.0000        17.1188        -1.1188  (VIOLATED)
   u_NV_NVDLA_cmac/u_core/u_active/wt2_sd_data[806]
                             16.0000        17.1179        -1.1179  (VIOLATED)
   u_NV_NVDLA_cmac/u_core/u_mac_2/u_mul_33/n318
                             16.0000        17.1171        -1.1171  (VIOLATED)
   u_NV_NVDLA_cmac/u_core/u_mac_4/pp_out_l2n3_0[34]
                             16.0000        17.1168        -1.1168  (VIOLATED)
   u_NV_NVDLA_cmac/u_core/u_mac_4/ps_n1b5[5]
                             16.0000        17.1141        -1.1141  (VIOLATED)
   u_NV_NVDLA_cmac/u_core/u_mac_6/u_nan/n1705
                             16.0000        17.1121        -1.1121  (VIOLATED)
   u_NV_NVDLA_cmac/u_core/u_mac_7/pp_out_l0n05_0[34]
                             16.0000        17.1108        -1.1108  (VIOLATED)
   u_NV_NVDLA_cmac/u_core/u_mac_7/res_tag_27[3]
                             16.0000        17.1103        -1.1103  (VIOLATED)
   u_NV_NVDLA_cmac/u_core/wt7_actv_data[592]
                             16.0000        17.1093        -1.1093  (VIOLATED)
   u_NV_NVDLA_cmac/u_core/u_mac_7/n7282
                             16.0000        17.1090        -1.1090  (VIOLATED)
   u_NV_NVDLA_cmac/u_core/u_mac_0/pp_out_l0n05_1[3]
                             16.0000        17.1073        -1.1073  (VIOLATED)
   u_NV_NVDLA_cmac/u_core/u_mac_5/n7494
                             16.0000        17.1049        -1.1049  (VIOLATED)
   u_NV_NVDLA_cmac/u_core/u_mac_7/u_mul_57/n313
                             16.0000        17.1029        -1.1029  (VIOLATED)
   u_NV_NVDLA_cmac/u_core/u_mac_7/pp_out_l0n05_0[33]
                             16.0000        17.1007        -1.1007  (VIOLATED)
   u_NV_NVDLA_cmac/u_core/u_mac_6/pp_out_l2n2_0[35]
                             16.0000        17.0997        -1.0997  (VIOLATED)
   u_NV_NVDLA_cmac/u_core/u_mac_7/pp_out_l0n05_1[20]
                             16.0000        17.0971        -1.0971  (VIOLATED)
   u_NV_NVDLA_cmac/u_core/u_active/n15563
                             16.0000        17.0962        -1.0962  (VIOLATED)
   u_NV_NVDLA_cmac/u_core/u_mac_6/pp_out_l2n1_1[32]
                              8.0000         9.0938        -1.0938  (VIOLATED)
   u_NV_NVDLA_cmac/u_core/u_mac_2/u_mul_56/n312
                             16.0000        17.0938        -1.0938  (VIOLATED)
   u_NV_NVDLA_cmac/u_core/u_mac_4/pp_out_l2n7_1[32]
                             16.0000        17.0934        -1.0934  (VIOLATED)
   u_NV_NVDLA_cmac/u_core/u_mac_2/pp_out_l0n05_1[5]
                             16.0000        17.0926        -1.0926  (VIOLATED)
   u_NV_NVDLA_cmac/u_core/u_active/wt0_sd_data[517]
                             16.0000        17.0924        -1.0924  (VIOLATED)
   u_NV_NVDLA_cmac/u_core/u_mac_6/n7477
                             16.0000        17.0889        -1.0889  (VIOLATED)
   u_NV_NVDLA_cmac/u_core/u_mac_4/pp_out_l2n3_1[38]
                             16.0000        17.0884        -1.0884  (VIOLATED)
   u_NV_NVDLA_cmac/u_core/u_active/wt0_sd_data[525]
                             16.0000        17.0853        -1.0853  (VIOLATED)
   u_NV_NVDLA_cmac/u_core/u_mac_6/u_tree_l0n13/n42
                              8.0000         9.0845        -1.0845  (VIOLATED)
   u_NV_NVDLA_cmac/u_core/u_active/n23973
                             16.0000        17.0832        -1.0832  (VIOLATED)
   u_NV_NVDLA_cmac/u_core/u_mac_5/pp_out_l0n14_1[5]
                              8.0000         9.0820        -1.0820  (VIOLATED)
   u_NV_NVDLA_cmac/u_core/u_mac_6/n7491
                             16.0000        17.0816        -1.0816  (VIOLATED)
   u_NV_NVDLA_cmac/u_core/u_mac_5/pp_out_l0n08_1[24]
                              8.0000         9.0810        -1.0810  (VIOLATED)
   u_NV_NVDLA_cmac/u_core/u_active/n44836
                             16.0000        17.0804        -1.0804  (VIOLATED)
   u_NV_NVDLA_cmac/u_core/u_mac_7/pp_out_l0n01_0[4]
                             16.0000        17.0785        -1.0785  (VIOLATED)
   u_NV_NVDLA_cmac/u_core/u_mac_6/pp_out_l2n6_1[39]
                             16.0000        17.0785        -1.0785  (VIOLATED)
   u_NV_NVDLA_cmac/u_core/u_mac_5/n7445
                             16.0000        17.0784        -1.0784  (VIOLATED)
   u_NV_NVDLA_cmac/u_core/u_mac_5/pp_out_l0n08_1[22]
                              8.0000         9.0777        -1.0777  (VIOLATED)
   u_NV_NVDLA_cmac/u_core/u_mac_0/pp_out_l0n09_1[14]
                             16.0000        17.0776        -1.0776  (VIOLATED)
   u_NV_NVDLA_cmac/u_core/dat0_pre_exp[168]
                             16.0000        17.0771        -1.0771  (VIOLATED)
   u_NV_NVDLA_cmac/u_core/u_mac_4/u_mul_49/n314
                             16.0000        17.0765        -1.0765  (VIOLATED)
   u_NV_NVDLA_cmac/u_core/u_mac_5/n7439
                             16.0000        17.0762        -1.0762  (VIOLATED)
   u_NV_NVDLA_cmac/u_core/u_active/wt0_sd_data[639]
                             16.0000        17.0744        -1.0744  (VIOLATED)
   u_NV_NVDLA_cmac/u_core/u_mac_4/pp_out_l0n14_0[7]
                             16.0000        17.0702        -1.0702  (VIOLATED)
   u_NV_NVDLA_cmac/u_core/u_mac_4/u_tree_l0n05/n222
                              8.0000         9.0700        -1.0700  (VIOLATED)
   u_NV_NVDLA_cmac/u_core/u_mac_6/pp_out_l2n1_1[27]
                              8.0000         9.0699        -1.0699  (VIOLATED)
   u_NV_NVDLA_cmac/u_core/u_mac_6/n9747
                              8.0000         9.0683        -1.0683  (VIOLATED)
   u_NV_NVDLA_cmac/u_core/u_mac_2/n3722
                              8.0000         9.0681        -1.0681  (VIOLATED)
   u_NV_NVDLA_cmac/u_core/u_mac_7/exp_sft_29[3]
                              8.0000         9.0675        -1.0675  (VIOLATED)
   u_NV_NVDLA_cmac/u_core/u_mac_7/pp_out_l0n01_0[3]
                             16.0000        17.0661        -1.0661  (VIOLATED)
   u_NV_NVDLA_cmac/u_core/u_mac_0/exp_sft_21[3]
                             16.0000        17.0658        -1.0658  (VIOLATED)
   u_NV_NVDLA_cmac/u_core/u_mac_4/pp_out_l0n05_1[8]
                             16.0000        17.0644        -1.0644  (VIOLATED)
   u_NV_NVDLA_cmac/u_core/u_mac_1/u_tree_l4n3/n236
                             16.0000        17.0628        -1.0628  (VIOLATED)
   u_NV_NVDLA_cmac/u_core/u_mac_3/pp_out_l0n10_1[19]
                              8.0000         9.0613        -1.0613  (VIOLATED)
   u_NV_NVDLA_cmac/u_core/u_mac_2/n10224
                             16.0000        17.0609        -1.0609  (VIOLATED)
   u_NV_NVDLA_cmac/u_core/u_active/wt_pre_exp[61]
                             16.0000        17.0582        -1.0582  (VIOLATED)
   u_NV_NVDLA_cmac/u_core/u_mac_3/pp_out_l0n02_1[14]
                              8.0000         9.0580        -1.0580  (VIOLATED)
   u_NV_NVDLA_cmac/u_core/u_mac_4/pp_out_l0n10_1[11]
                             16.0000        17.0573        -1.0573  (VIOLATED)
   u_NV_NVDLA_cmac/u_core/u_mac_7/u_mul_21/n197
                              8.0000         9.0571        -1.0571  (VIOLATED)
   u_NV_NVDLA_cmac/u_core/u_mac_6/n7460
                             16.0000        17.0560        -1.0560  (VIOLATED)
   u_NV_NVDLA_cmac/u_core/u_mac_0/exp_sft_63[3]
                              8.0000         9.0559        -1.0559  (VIOLATED)
   u_NV_NVDLA_cmac/u_core/u_mac_3/u_mul_10/n316
                             16.0000        17.0545        -1.0545  (VIOLATED)
   u_NV_NVDLA_cmac/u_core/u_mac_0/pp_out_l0n05_1[17]
                              8.0000         9.0540        -1.0540  (VIOLATED)
   u_NV_NVDLA_cmac/u_core/u_active/wt0_sd_data[523]
                             16.0000        17.0528        -1.0528  (VIOLATED)
   u_NV_NVDLA_cmac/u_core/u_mac_0/n9392
                             16.0000        17.0509        -1.0509  (VIOLATED)
   u_NV_NVDLA_cmac/u_core/u_mac_5/u_mul_3/n225
                             32.0000        33.0504        -1.0504  (VIOLATED)
   u_NV_NVDLA_cmac/u_core/u_mac_6/pp_out_l0n02_0_d1[35]
                             16.0000        17.0497        -1.0497  (VIOLATED)
   u_NV_NVDLA_cmac/u_core/u_mac_4/pp_out_l0n10_0[32]
                             16.0000        17.0485        -1.0485  (VIOLATED)
   u_NV_NVDLA_cmac/u_core/u_mac_6/u_tree_l4n2/n214
                             16.0000        17.0464        -1.0464  (VIOLATED)
   u_NV_NVDLA_cmac/u_core/u_mac_6/u_nan/n1503
                             16.0000        17.0445        -1.0445  (VIOLATED)
   u_NV_NVDLA_cmac/u_core/u_mac_5/u_nan/n166
                              8.0000         9.0438        -1.0438  (VIOLATED)
   u_NV_NVDLA_cmac/u_core/u_active/n15694
                             16.0000        17.0437        -1.0437  (VIOLATED)
   u_NV_NVDLA_cmac/u_core/u_active/wt_pre_exp[51]
                             16.0000        17.0431        -1.0431  (VIOLATED)
   u_NV_NVDLA_cmac/u_core/u_mac_6/u_tree_l0n13/n329
                              8.0000         9.0422        -1.0422  (VIOLATED)
   u_NV_NVDLA_cmac/u_core/u_mac_7/u_nan/n1560
                             16.0000        17.0422        -1.0422  (VIOLATED)
   u_NV_NVDLA_cmac/u_core/u_mac_5/pp_out_l2n4_0[28]
                             16.0000        17.0408        -1.0408  (VIOLATED)
   u_NV_NVDLA_cmac/u_core/u_mac_2/pp_out_l0n09_1[30]
                              8.0000         9.0405        -1.0405  (VIOLATED)
   u_NV_NVDLA_cmac/u_core/u_active/n38563
                             32.0000        33.0380        -1.0380  (VIOLATED)
   u_NV_NVDLA_cmac/u_core/u_mac_4/u_nan/n1064
                             16.0000        17.0373        -1.0373  (VIOLATED)
   u_NV_NVDLA_cmac/u_core/u_mac_0/exp_sft_05[3]
                             16.0000        17.0356        -1.0356  (VIOLATED)
   u_NV_NVDLA_cmac/u_core/u_mac_6/ps_n0b6_dc[6]
                             16.0000        17.0316        -1.0316  (VIOLATED)
   u_NV_NVDLA_cmac/u_core/wt2_actv_data[736]
                             16.0000        17.0308        -1.0308  (VIOLATED)
   u_NV_NVDLA_cmac/u_core/u_mac_7/pp_out_l0n04_0[33]
                             16.0000        17.0300        -1.0300  (VIOLATED)
   u_NV_NVDLA_cmac/u_core/u_active/n27697
                             16.0000        17.0291        -1.0291  (VIOLATED)
   u_NV_NVDLA_cmac/u_core/u_mac_6/u_tree_l0n00/n262
                              8.0000         9.0289        -1.0289  (VIOLATED)
   u_NV_NVDLA_cmac/u_core/u_mac_3/u_mul_62/n314
                             16.0000        17.0287        -1.0287  (VIOLATED)
   u_NV_NVDLA_cmac/u_core/u_mac_3/u_mul_33/n319
                             16.0000        17.0286        -1.0286  (VIOLATED)
   u_NV_NVDLA_cmac/u_core/wt7_actv_data[593]
                             16.0000        17.0267        -1.0267  (VIOLATED)
   u_NV_NVDLA_cmac/u_core/u_mac_5/pp_out_l2n4_1[31]
                             16.0000        17.0255        -1.0255  (VIOLATED)
   u_NV_NVDLA_cmac/u_core/u_mac_3/u_tree_l0n12/n262
                              8.0000         9.0226        -1.0226  (VIOLATED)
   u_NV_NVDLA_cmac/u_core/u_mac_7/pp_out_l0n12_1[19]
                             16.0000        17.0210        -1.0210  (VIOLATED)
   u_NV_NVDLA_cmac/u_core/u_mac_3/u_mul_19/n197
                              8.0000         9.0209        -1.0209  (VIOLATED)
   u_NV_NVDLA_cmac/u_core/u_mac_2/pp_out_l0n15_1[9]
                              8.0000         9.0207        -1.0207  (VIOLATED)
   u_NV_NVDLA_cmac/u_core/u_mac_0/pp_out_l0n04_1[24]
                             16.0000        17.0197        -1.0197  (VIOLATED)
   u_NV_NVDLA_cmac/u_core/u_active/wt0_sd_data[577]
                             16.0000        17.0191        -1.0191  (VIOLATED)
   u_NV_NVDLA_cmac/u_core/u_mac_6/n7463
                             16.0000        17.0189        -1.0189  (VIOLATED)
   u_NV_NVDLA_cmac/u_core/u_mac_5/pp_out_l0n09_0[32]
                             16.0000        17.0187        -1.0187  (VIOLATED)
   u_NV_NVDLA_cmac/u_core/u_active/n15982
                             16.0000        17.0145        -1.0145  (VIOLATED)
   u_NV_NVDLA_cmac/u_core/u_active/wt0_sd_data[570]
                             16.0000        17.0139        -1.0139  (VIOLATED)
   u_NV_NVDLA_cmac/u_core/u_mac_1/pp_out_l0n07_0[35]
                              8.0000         9.0134        -1.0134  (VIOLATED)
   u_NV_NVDLA_cmac/u_core/u_mac_6/pp_out_l0n05_0[23]
                             16.0000        17.0134        -1.0134  (VIOLATED)
   u_NV_NVDLA_cmac/u_core/u_mac_6/n7439
                             16.0000        17.0112        -1.0112  (VIOLATED)
   u_NV_NVDLA_cmac/u_core/u_active/wt_pre_nan[62]
                             16.0000        17.0104        -1.0104  (VIOLATED)
   u_NV_NVDLA_cmac/u_core/u_mac_1/u_tree_l0n08/n272
                              8.0000         9.0103        -1.0103  (VIOLATED)
   u_NV_NVDLA_cmac/u_core/u_active/wt0_sd_data[524]
                             16.0000        17.0090        -1.0090  (VIOLATED)
   u_NV_NVDLA_cmac/u_core/u_mac_7/pp_out_l0n04_0[34]
                             16.0000        17.0086        -1.0086  (VIOLATED)
   u_NV_NVDLA_cmac/u_core/u_mac_4/n10577
                             16.0000        17.0086        -1.0086  (VIOLATED)
   u_NV_NVDLA_cmac/u_core/u_mac_7/pp_out_l0n00_1[20]
                              8.0000         9.0085        -1.0085  (VIOLATED)
   u_NV_NVDLA_cmac/u_core/u_mac_6/pp_out_l0n05_0[25]
                             16.0000        17.0028        -1.0028  (VIOLATED)
   u_NV_NVDLA_cmac/u_core/u_mac_1/pp_out_l2n3_0[29]
                             16.0000        17.0022        -1.0022  (VIOLATED)
   u_NV_NVDLA_cmac/u_core/u_mac_6/u_mul_42/n96
                              8.0000         9.0021        -1.0021  (VIOLATED)
   u_NV_NVDLA_cmac/u_core/u_active/wt0_sd_data[555]
                             16.0000        17.0020        -1.0020  (VIOLATED)
   u_NV_NVDLA_cmac/u_core/u_mac_4/n9814
                              8.0000         9.0009        -1.0009  (VIOLATED)
   u_NV_NVDLA_cmac/u_core/u_mac_2/exp_sft_03[3]
                              8.0000         8.9991        -0.9991  (VIOLATED)
   u_NV_NVDLA_cmac/u_core/u_mac_6/u_mul_49/n225
                             32.0000        32.9983        -0.9983  (VIOLATED)
   u_NV_NVDLA_cmac/u_core/u_mac_7/res_tag_17[6]
                             32.0000        32.9960        -0.9960  (VIOLATED)
   u_NV_NVDLA_cmac/u_core/u_mac_4/pp_out_l2n3_1[29]
                             16.0000        16.9952        -0.9952  (VIOLATED)
   u_NV_NVDLA_cmac/u_core/u_mac_3/res_tag_11[2]
                             16.0000        16.9944        -0.9944  (VIOLATED)
   u_NV_NVDLA_cmac/reg2dp_op_en_0_
                             16.0000        16.9878        -0.9878  (VIOLATED)
   u_NV_NVDLA_cmac/u_core/u_mac_4/u_tree_l2n6/n78
                             16.0000        16.9873        -0.9873  (VIOLATED)
   u_NV_NVDLA_cmac/u_core/u_mac_5/n4839
                             16.0000        16.9868        -0.9868  (VIOLATED)
   u_NV_NVDLA_cmac/u_core/u_mac_7/u_nan/n835
                             16.0000        16.9867        -0.9867  (VIOLATED)
   u_NV_NVDLA_cmac/u_core/u_active/n97592
                             16.0000        16.9831        -0.9831  (VIOLATED)
   u_NV_NVDLA_cmac/u_core/u_mac_5/pp_out_l2n4_0[34]
                             16.0000        16.9830        -0.9830  (VIOLATED)
   u_NV_NVDLA_cmac/u_core/u_mac_7/pp_out_l0n05_1[29]
                             16.0000        16.9819        -0.9819  (VIOLATED)
   u_NV_NVDLA_cmac/u_core/u_active/wt0_sd_data[638]
                             16.0000        16.9783        -0.9783  (VIOLATED)
   u_NV_NVDLA_cmac/u_core/u_mac_6/pp_out_l0n05_1[21]
                             16.0000        16.9776        -0.9776  (VIOLATED)
   u_NV_NVDLA_cmac/u_core/u_mac_5/u_mul_6/n324
                             16.0000        16.9770        -0.9770  (VIOLATED)
   u_NV_NVDLA_cmac/u_core/u_mac_0/n7471
                             16.0000        16.9749        -0.9749  (VIOLATED)
   u_NV_NVDLA_cmac/u_core/u_mac_7/u_tree_l4n2/n160
                             16.0000        16.9721        -0.9721  (VIOLATED)
   u_NV_NVDLA_cmac/u_core/u_mac_1/n10598
                             16.0000        16.9719        -0.9719  (VIOLATED)
   u_NV_NVDLA_cmac/u_core/u_mac_3/pp_out_l0n10_1[21]
                              8.0000         8.9719        -0.9719  (VIOLATED)
   u_NV_NVDLA_cmac/u_core/u_mac_1/u_tree_l0n07/n232
                              8.0000         8.9717        -0.9717  (VIOLATED)
   u_NV_NVDLA_cmac/u_core/wt2_actv_data[991]
                             16.0000        16.9698        -0.9698  (VIOLATED)
   u_NV_NVDLA_cmac/u_core/u_mac_4/res_tag_51[7]
                             32.0000        32.9694        -0.9694  (VIOLATED)
   u_NV_NVDLA_cmac/u_core/u_mac_0/pp_out_l0n05_1[22]
                              8.0000         8.9692        -0.9692  (VIOLATED)
   u_NV_NVDLA_cmac/u_core/u_mac_3/u_tree_l0n01/n189
                              8.0000         8.9688        -0.9688  (VIOLATED)
   u_NV_NVDLA_cmac/u_core/u_mac_7/pp_out_l0n06_1[11]
                              8.0000         8.9680        -0.9680  (VIOLATED)
   u_NV_NVDLA_cmac/u_core/u_mac_6/ps_n2b5[5]
                             16.0000        16.9676        -0.9676  (VIOLATED)
   u_NV_NVDLA_cmac/u_core/u_mac_2/pp_out_l0n05_1[6]
                             16.0000        16.9657        -0.9657  (VIOLATED)
   u_NV_NVDLA_cmac/u_core/u_mac_0/pp_out_l0n14_1[16]
                              8.0000         8.9639        -0.9639  (VIOLATED)
   u_NV_NVDLA_cmac/u_core/u_mac_0/u_mul_0/n225
                             32.0000        32.9627        -0.9627  (VIOLATED)
   u_NV_NVDLA_cmac/u_core/wt2_actv_data[737]
                             16.0000        16.9617        -0.9617  (VIOLATED)
   u_NV_NVDLA_cmac/u_core/u_active/wt2_sd_data[878]
                             16.0000        16.9614        -0.9614  (VIOLATED)
   u_NV_NVDLA_cmac/u_core/u_active/wt_pre_exp[93]
                             16.0000        16.9579        -0.9579  (VIOLATED)
   u_NV_NVDLA_cmac/u_core/u_mac_4/pp_out_l0n10_1[29]
                             16.0000        16.9572        -0.9572  (VIOLATED)
   u_NV_NVDLA_cmac/u_core/u_mac_6/pp_out_l2n2_0[36]
                             16.0000        16.9564        -0.9564  (VIOLATED)
   u_NV_NVDLA_cmac/u_core/u_mac_1/u_tree_l0n13/n272
                              8.0000         8.9556        -0.9556  (VIOLATED)
   u_NV_NVDLA_cmac/u_core/u_active/wt2_sd_data[776]
                             16.0000        16.9547        -0.9547  (VIOLATED)
   u_NV_NVDLA_cmac/u_core/u_mac_5/u_tree_l4n2/n160
                             16.0000        16.9531        -0.9531  (VIOLATED)
   u_NV_NVDLA_cmac/u_core/u_mac_4/u_exp/exp_sum_63[2]
                             16.0000        16.9502        -0.9502  (VIOLATED)
   u_NV_NVDLA_cmac/u_core/u_mac_4/pp_out_l0n10_1[34]
                             16.0000        16.9495        -0.9495  (VIOLATED)
   u_NV_NVDLA_cmac/u_core/u_mac_5/cfg_reg_en_d1
                             16.0000        16.9483        -0.9483  (VIOLATED)
   u_NV_NVDLA_cmac/u_core/u_mac_5/pp_out_l2n4_0_d2[27]
                             16.0000        16.9463        -0.9463  (VIOLATED)
   u_NV_NVDLA_cmac/u_core/u_mac_4/pp_out_l0n05_1[12]
                             16.0000        16.9461        -0.9461  (VIOLATED)
   u_NV_NVDLA_cmac/u_core/u_mac_0/pp_out_l0n11_1[26]
                             16.0000        16.9453        -0.9453  (VIOLATED)
   u_NV_NVDLA_cmac/u_core/u_mac_5/pp_out_l2n4_0[29]
                             16.0000        16.9448        -0.9448  (VIOLATED)
   u_NV_NVDLA_cmac/u_core/u_mac_5/pp_out_l2n4_0[27]
                             16.0000        16.9443        -0.9443  (VIOLATED)
   u_NV_NVDLA_cmac/u_core/u_active/wt0_sd_data[634]
                             16.0000        16.9428        -0.9428  (VIOLATED)
   u_NV_NVDLA_cmac/u_core/u_mac_5/n9188
                              8.0000         8.9404        -0.9404  (VIOLATED)
   u_NV_NVDLA_cmac/u_core/u_mac_6/pp_out_l0n08_1[22]
                              8.0000         8.9398        -0.9398  (VIOLATED)
   u_NV_NVDLA_cmac/u_core/u_mac_0/pp_out_l0n02_1[31]
                             16.0000        16.9395        -0.9395  (VIOLATED)
   u_NV_NVDLA_cmac/u_core/u_mac_3/pp_out_l0n09_1[35]
                              8.0000         8.9391        -0.9391  (VIOLATED)
   u_NV_NVDLA_cmac/u_core/u_active/wt7_sd_data[811]
                             16.0000        16.9387        -0.9387  (VIOLATED)
   u_NV_NVDLA_cmac/u_core/u_mac_0/pp_out_l0n05_1[18]
                              8.0000         8.9380        -0.9380  (VIOLATED)
   u_NV_NVDLA_cmac/u_core/u_mac_5/n4833
                             16.0000        16.9347        -0.9347  (VIOLATED)
   u_NV_NVDLA_cmac/u_core/u_mac_7/u_nan/n1761
                             16.0000        16.9334        -0.9334  (VIOLATED)
   u_NV_NVDLA_cmac/u_core/u_mac_0/pp_out_l0n02_0[27]
                             16.0000        16.9323        -0.9323  (VIOLATED)
   u_NV_NVDLA_cmac/u_core/u_active/wt_pre_exp[45]
                             16.0000        16.9313        -0.9313  (VIOLATED)
   u_NV_NVDLA_cmac/u_core/u_mac_6/pp_out_l2n1_1[26]
                              8.0000         8.9287        -0.9287  (VIOLATED)
   u_NV_NVDLA_cmac/u_core/u_mac_1/u_tree_l0n07/n322
                              8.0000         8.9280        -0.9280  (VIOLATED)
   u_NV_NVDLA_cmac/u_core/u_mac_4/pp_out_l0n08_0[32]
                             16.0000        16.9278        -0.9278  (VIOLATED)
   u_NV_NVDLA_cmac/u_core/u_mac_0/pp_out_l0n11_1[15]
                             16.0000        16.9271        -0.9271  (VIOLATED)
   u_NV_NVDLA_cmac/u_core/u_mac_3/pp_out_l0n11_1[16]
                              8.0000         8.9238        -0.9238  (VIOLATED)
   u_NV_NVDLA_cmac/u_core/u_mac_2/pp_out_l0n15_1[27]
                              8.0000         8.9231        -0.9231  (VIOLATED)
   u_NV_NVDLA_cmac/u_core/u_active/wt_pre_data[713]
                             16.0000        16.9210        -0.9210  (VIOLATED)
   u_NV_NVDLA_cmac/u_core/u_mac_5/pp_out_l2n4_0_d2[29]
                             16.0000        16.9199        -0.9199  (VIOLATED)
   u_NV_NVDLA_cmac/u_core/u_mac_0/u_tree_l4n3/n298
                              8.0000         8.9198        -0.9198  (VIOLATED)
   u_NV_NVDLA_cmac/u_core/u_mac_5/u_nan/n372
                              8.0000         8.9178        -0.9178  (VIOLATED)
   u_NV_NVDLA_cmac/u_core/u_mac_5/pp_out_l0n10_0[35]
                              8.0000         8.9173        -0.9173  (VIOLATED)
   u_NV_NVDLA_cmac/u_core/u_mac_1/res_tag_57[3]
                             16.0000        16.9131        -0.9131  (VIOLATED)
   u_NV_NVDLA_cmac/u_core/u_mac_1/pp_out_l2n3_1[29]
                             16.0000        16.9125        -0.9125  (VIOLATED)
   u_NV_NVDLA_cmac/u_core/u_active/n11116
                             16.0000        16.9103        -0.9103  (VIOLATED)
   u_NV_NVDLA_cmac/u_core/u_mac_5/pp_out_l1n0_0[3]
                             16.0000        16.9103        -0.9103  (VIOLATED)
   u_NV_NVDLA_cmac/u_core/u_active/wt2_sd_data[877]
                             16.0000        16.9084        -0.9084  (VIOLATED)
   u_NV_NVDLA_cmac/u_core/u_mac_7/pp_out_l0n12_0[22]
                             16.0000        16.9069        -0.9069  (VIOLATED)
   u_NV_NVDLA_cmac/u_core/u_mac_3/pp_exp_d1[1]
                             16.0000        16.9069        -0.9069  (VIOLATED)
   u_NV_NVDLA_cmac/u_core/u_mac_4/u_nan/n884
                             16.0000        16.9063        -0.9063  (VIOLATED)
   u_NV_NVDLA_cmac/u_core/u_mac_3/u_tree_l0n11/n189
                              8.0000         8.9054        -0.9054  (VIOLATED)
   u_NV_NVDLA_cmac/u_core/u_mac_3/pp_out_l0n02_1[9]
                              8.0000         8.9053        -0.9053  (VIOLATED)
   u_NV_NVDLA_cmac/u_core/u_mac_4/pp_out_l0n14_0[20]
                             16.0000        16.9050        -0.9050  (VIOLATED)
   u_NV_NVDLA_cmac/u_core/u_mac_6/u_tree_l4n2/n222
                             16.0000        16.9043        -0.9043  (VIOLATED)
   u_NV_NVDLA_cmac/u_core/u_mac_6/pp_out_l2n2_1[34]
                             16.0000        16.9039        -0.9039  (VIOLATED)
   u_NV_NVDLA_cmac/u_core/u_mac_7/u_nan/n1195
                             16.0000        16.9037        -0.9037  (VIOLATED)
   u_NV_NVDLA_cmac/u_core/u_mac_3/pp_out_l2n4_1[26]
                              8.0000         8.9028        -0.9028  (VIOLATED)
   u_NV_NVDLA_cmac/u_core/u_mac_0/pp_out_l0n02_0[33]
                             16.0000        16.9026        -0.9026  (VIOLATED)
   u_NV_NVDLA_cmac/u_core/u_mac_6/pp_out_l0n05_1[19]
                             16.0000        16.9006        -0.9006  (VIOLATED)
   u_NV_NVDLA_cmac/u_core/u_mac_0/pp_out_l1n2_0[14]
                             16.0000        16.8993        -0.8993  (VIOLATED)
   u_NV_NVDLA_cmac/u_core/u_mac_0/n7609
                             16.0000        16.8989        -0.8989  (VIOLATED)
   u_NV_NVDLA_cmac/u_core/u_active/n14903
                             16.0000        16.8979        -0.8979  (VIOLATED)
   u_NV_NVDLA_cmac/u_core/u_mac_6/pp_out_l0n05_1[17]
                             16.0000        16.8973        -0.8973  (VIOLATED)
   u_NV_NVDLA_cmac/u_core/u_mac_6/pp_out_l0n03_0_d1[35]
                             16.0000        16.8970        -0.8970  (VIOLATED)
   u_NV_NVDLA_cmac/u_core/u_mac_7/n7365
                             16.0000        16.8952        -0.8952  (VIOLATED)
   u_NV_NVDLA_cmac/u_core/u_mac_6/u_mul_55/n225
                             32.0000        32.8951        -0.8951  (VIOLATED)
   u_NV_NVDLA_cmac/u_core/u_mac_4/pp_out_l0n08_0[33]
                             16.0000        16.8941        -0.8941  (VIOLATED)
   u_NV_NVDLA_cmac/u_core/u_mac_1/res_tag_42[3]
                             16.0000        16.8939        -0.8939  (VIOLATED)
   u_NV_NVDLA_cmac/u_core/u_mac_6/pp_out_l2n0_1[39]
                             16.0000        16.8938        -0.8938  (VIOLATED)
   u_NV_NVDLA_cmac/u_core/u_mac_4/u_mul_58/n313
                             16.0000        16.8936        -0.8936  (VIOLATED)
   u_NV_NVDLA_cmac/u_core/u_mac_2/pp_out_l0n05_0[22]
                             16.0000        16.8919        -0.8919  (VIOLATED)
   u_NV_NVDLA_cmac/u_core/u_mac_5/n4835
                             16.0000        16.8912        -0.8912  (VIOLATED)
   u_NV_NVDLA_cmac/u_core/u_active/wt_pre_data[91]
                             16.0000        16.8910        -0.8910  (VIOLATED)
   u_NV_NVDLA_cmac/u_core/u_mac_6/n10274
                              8.0000         8.8881        -0.8881  (VIOLATED)
   u_NV_NVDLA_cmac/u_core/u_mac_5/pp_out_l2n0_0[30]
                             16.0000        16.8872        -0.8872  (VIOLATED)
   u_NV_NVDLA_cmac/u_core/u_mac_5/pp_out_l2n4_0[33]
                             16.0000        16.8861        -0.8861  (VIOLATED)
   u_NV_NVDLA_cmac/u_core/u_mac_7/res_tag_59[3]
                             16.0000        16.8858        -0.8858  (VIOLATED)
   u_NV_NVDLA_cmac/u_core/u_mac_6/n7408
                             16.0000        16.8847        -0.8847  (VIOLATED)
   u_NV_NVDLA_cmac/u_core/u_mac_7/pp_out_l0n00_1[18]
                              8.0000         8.8839        -0.8839  (VIOLATED)
   u_NV_NVDLA_cmac/u_core/u_mac_6/u_nan/n606
                             16.0000        16.8826        -0.8826  (VIOLATED)
   u_NV_NVDLA_cmac/u_core/u_mac_6/pp_out_l0n03_0[21]
                             16.0000        16.8781        -0.8781  (VIOLATED)
   u_NV_NVDLA_cmac/u_core/u_mac_3/pp_out_l2n5_1[27]
                              8.0000         8.8778        -0.8778  (VIOLATED)
   u_NV_NVDLA_cmac/u_core/u_mac_7/pp_out_l0n05_0[29]
                             16.0000        16.8777        -0.8777  (VIOLATED)
   u_NV_NVDLA_cmac/u_core/u_mac_5/u_tree_l0n13/n341
                             16.0000        16.8774        -0.8774  (VIOLATED)
   u_NV_NVDLA_cmac/u_core/u_mac_3/u_mul_19/n225
                             32.0000        32.8757        -0.8757  (VIOLATED)
   u_NV_NVDLA_cmac/u_core/u_active/wt0_sd_data[566]
                             16.0000        16.8745        -0.8745  (VIOLATED)
   u_NV_NVDLA_cmac/u_core/u_mac_2/u_nan/n1862
                             16.0000        16.8742        -0.8742  (VIOLATED)
   u_NV_NVDLA_cmac/u_core/u_mac_7/n7368
                             16.0000        16.8740        -0.8740  (VIOLATED)
   u_NV_NVDLA_cmac/u_core/u_active/n27580
                             16.0000        16.8733        -0.8733  (VIOLATED)
   u_NV_NVDLA_cmac/u_core/u_active/wt1_sd_data[281]
                             16.0000        16.8731        -0.8731  (VIOLATED)
   u_NV_NVDLA_cmac/u_core/u_mac_0/n7484
                             16.0000        16.8718        -0.8718  (VIOLATED)
   u_NV_NVDLA_cmac/u_core/u_mac_3/pp_out_l0n02_1[10]
                              8.0000         8.8698        -0.8698  (VIOLATED)
   u_NV_NVDLA_cmac/u_core/u_mac_7/pp_out_l1n0_0[39]
                              8.0000         8.8694        -0.8694  (VIOLATED)
   u_NV_NVDLA_cmac/u_core/u_active/wt4_sd_nz[3]
                             16.0000        16.8694        -0.8694  (VIOLATED)
   u_NV_NVDLA_cmac/u_core/u_mac_5/pp_out_l0n08_1[25]
                              8.0000         8.8690        -0.8690  (VIOLATED)
   u_NV_NVDLA_cmac/u_core/u_mac_7/u_nan/n655
                             16.0000        16.8677        -0.8677  (VIOLATED)
   u_NV_NVDLA_cmac/u_core/u_mac_7/exp_sft_41[2]
                              8.0000         8.8663        -0.8663  (VIOLATED)
   u_NV_NVDLA_cmac/u_core/u_mac_0/pp_out_l0n05_1[23]
                              8.0000         8.8644        -0.8644  (VIOLATED)
   u_NV_NVDLA_cmac/u_core/u_mac_4/u_tree_l0n02/n272
                              8.0000         8.8635        -0.8635  (VIOLATED)
   u_NV_NVDLA_cmac/u_core/u_active/wt0_sd_data[565]
                             16.0000        16.8633        -0.8633  (VIOLATED)
   u_NV_NVDLA_cmac/u_core/u_mac_1/u_tree_l0n08/n12
                              8.0000         8.8620        -0.8620  (VIOLATED)
   u_NV_NVDLA_cmac/u_core/u_active/n38775
                             32.0000        32.8618        -0.8618  (VIOLATED)
   u_NV_NVDLA_cmac/u_core/u_mac_5/u_nan/n186
                              8.0000         8.8594        -0.8594  (VIOLATED)
   u_NV_NVDLA_cmac/u_core/u_mac_6/u_mul_6/n96
                              8.0000         8.8593        -0.8593  (VIOLATED)
   u_NV_NVDLA_cmac/u_core/u_active/n38895
                              8.0000         8.8575        -0.8575  (VIOLATED)
   u_NV_NVDLA_cmac/u_core/u_mac_0/exp_sft_04[3]
                             16.0000        16.8567        -0.8567  (VIOLATED)
   u_NV_NVDLA_cmac/u_core/u_mac_0/pp_out_l0n11_1[31]
                             16.0000        16.8555        -0.8555  (VIOLATED)
   u_NV_NVDLA_cmac/u_core/u_mac_4/pp_out_l2n3_1[34]
                             16.0000        16.8554        -0.8554  (VIOLATED)
   u_NV_NVDLA_cmac/u_core/u_active/wt_pre_exp[46]
                             16.0000        16.8550        -0.8550  (VIOLATED)
   u_NV_NVDLA_cmac/u_core/u_mac_7/u_tree_l0n13/n29
                              8.0000         8.8527        -0.8527  (VIOLATED)
   u_NV_NVDLA_cmac/u_core/u_mac_6/u_nan/n2115
                             16.0000        16.8522        -0.8522  (VIOLATED)
   u_NV_NVDLA_cmac/u_core/u_mac_7/u_nan/n922
                             16.0000        16.8515        -0.8515  (VIOLATED)
   u_NV_NVDLA_cmac/u_core/u_mac_5/n4870
                             16.0000        16.8497        -0.8497  (VIOLATED)
   u_NV_NVDLA_cmac/u_core/u_mac_7/pp_out_l0n01_0[2]
                             16.0000        16.8487        -0.8487  (VIOLATED)
   u_NV_NVDLA_cmac/u_core/u_mac_4/pp_out_l2n3_0[39]
                             16.0000        16.8482        -0.8482  (VIOLATED)
   u_NV_NVDLA_cmac/u_core/u_mac_7/pp_out_l0n05_1[28]
                             16.0000        16.8481        -0.8481  (VIOLATED)
   u_NV_NVDLA_cmac/u_core/wt7_actv_data[513]
                             16.0000        16.8481        -0.8481  (VIOLATED)
   u_NV_NVDLA_cmac/u_core/u_mac_6/pp_out_l2n2_1[35]
                             16.0000        16.8462        -0.8462  (VIOLATED)
   u_NV_NVDLA_cmac/u_core/u_mac_3/u_mul_42/n314
                             16.0000        16.8457        -0.8457  (VIOLATED)
   u_NV_NVDLA_cmac/u_core/u_mac_2/res_tag_42[3]
                             16.0000        16.8454        -0.8454  (VIOLATED)
   u_NV_NVDLA_cmac/u_core/u_active/wt_pre_exp[31]
                             16.0000        16.8446        -0.8446  (VIOLATED)
   u_NV_NVDLA_cmac/u_core/u_mac_6/pp_out_l2n6_1[38]
                             16.0000        16.8425        -0.8425  (VIOLATED)
   u_NV_NVDLA_cmac/u_core/u_active/n31600
                             16.0000        16.8423        -0.8423  (VIOLATED)
   u_NV_NVDLA_cmac/u_core/u_mac_3/pp_out_l0n11_1[21]
                              8.0000         8.8401        -0.8401  (VIOLATED)
   u_NV_NVDLA_cmac/u_core/u_mac_3/pp_out_l2n5_1[28]
                              8.0000         8.8398        -0.8398  (VIOLATED)
   u_NV_NVDLA_cmac/u_core/u_active/n44644
                             16.0000        16.8379        -0.8379  (VIOLATED)
   u_NV_NVDLA_cmac/u_core/u_mac_6/u_tree_l0n13/n302
                              8.0000         8.8375        -0.8375  (VIOLATED)
   u_NV_NVDLA_cmac/u_core/u_mac_7/pp_out_l0n06_1[6]
                              8.0000         8.8365        -0.8365  (VIOLATED)
   u_NV_NVDLA_cmac/u_core/u_active/n44834
                             16.0000        16.8353        -0.8353  (VIOLATED)
   u_NV_NVDLA_cmac/u_core/u_mac_4/n9188
                              8.0000         8.8330        -0.8330  (VIOLATED)
   u_NV_NVDLA_cmac/u_core/u_mac_6/n7436
                             16.0000        16.8329        -0.8329  (VIOLATED)
   u_NV_NVDLA_cmac/u_core/u_mac_0/pp_out_l0n04_0[2]
                             16.0000        16.8318        -0.8318  (VIOLATED)
   u_NV_NVDLA_cmac/u_core/u_mac_2/pp_out_l0n09_1[10]
                              8.0000         8.8313        -0.8313  (VIOLATED)
   u_NV_NVDLA_cmac/u_core/u_mac_5/u_mul_20/n197
                              8.0000         8.8311        -0.8311  (VIOLATED)
   u_NV_NVDLA_cmac/u_core/u_mac_0/pp_out_l0n09_1[15]
                             16.0000        16.8310        -0.8310  (VIOLATED)
   u_NV_NVDLA_cmac/u_core/u_mac_7/ps_n0b3_dc[6]
                              8.0000         8.8308        -0.8308  (VIOLATED)
   u_NV_NVDLA_cmac/u_core/u_mac_6/pp_out_l2n1_1[31]
                              8.0000         8.8265        -0.8265  (VIOLATED)
   u_NV_NVDLA_cmac/u_core/u_mac_1/u_tree_l4n3/n159
                             16.0000        16.8256        -0.8256  (VIOLATED)
   u_NV_NVDLA_cmac/u_core/u_mac_2/res_tag_11[2]
                             16.0000        16.8245        -0.8245  (VIOLATED)
   u_NV_NVDLA_cmac/u_core/u_mac_3/pp_out_l0n08_0[7]
                             16.0000        16.8231        -0.8231  (VIOLATED)
   u_NV_NVDLA_cmac/u_core/u_active/wt2_sd_data[875]
                             16.0000        16.8224        -0.8224  (VIOLATED)
   u_NV_NVDLA_cmac/u_core/u_mac_3/u_mul_34/n319
                             16.0000        16.8222        -0.8222  (VIOLATED)
   u_NV_NVDLA_cmac/u_core/u_mac_1/u_tree_l0n11/n292
                              8.0000         8.8220        -0.8220  (VIOLATED)
   u_NV_NVDLA_cmac/u_core/u_mac_1/u_mul_34/n225
                             32.0000        32.8213        -0.8213  (VIOLATED)
   u_NV_NVDLA_cmac/u_core/u_active/dat_pre_data[972]
                             16.0000        16.8207        -0.8207  (VIOLATED)
   u_NV_NVDLA_cmac/u_core/u_mac_7/u_tree_l0n13/n222
                              8.0000         8.8201        -0.8201  (VIOLATED)
   u_NV_NVDLA_cmac/u_core/u_mac_0/pp_out_l0n04_1[35]
                             16.0000        16.8197        -0.8197  (VIOLATED)
   u_NV_NVDLA_cmac/u_core/u_active/wt_pre_exp[60]
                             16.0000        16.8196        -0.8196  (VIOLATED)
   u_NV_NVDLA_cmac/u_core/u_mac_7/pp_out_l0n05_1[24]
                             16.0000        16.8190        -0.8190  (VIOLATED)
   u_NV_NVDLA_cmac/u_core/u_mac_6/u_nan/n612
                              8.0000         8.8176        -0.8176  (VIOLATED)
   u_NV_NVDLA_cmac/u_core/u_mac_2/pp_out_l0n09_1[21]
                              8.0000         8.8169        -0.8169  (VIOLATED)
   u_NV_NVDLA_cmac/u_core/u_mac_0/pp_out_l0n11_1[27]
                             16.0000        16.8154        -0.8154  (VIOLATED)
   u_NV_NVDLA_cmac/u_core/u_mac_6/u_tree_l0n13/n142
                              8.0000         8.8143        -0.8143  (VIOLATED)
   u_NV_NVDLA_cmac/u_core/u_mac_3/u_mul_18/n302
                              8.0000         8.8132        -0.8132  (VIOLATED)
   u_NV_NVDLA_cmac/u_core/u_mac_3/exp_sft_54[3]
                             16.0000        16.8125        -0.8125  (VIOLATED)
   u_NV_NVDLA_cmac/u_core/u_mac_4/pp_out_l2n7_1[34]
                             16.0000        16.8116        -0.8116  (VIOLATED)
   u_NV_NVDLA_cmac/u_core/u_mac_4/pp_out_l0n14_1[6]
                             16.0000        16.8106        -0.8106  (VIOLATED)
   u_NV_NVDLA_cmac/u_core/u_mac_2/u_tree_l0n01/n152
                              8.0000         8.8102        -0.8102  (VIOLATED)
   u_NV_NVDLA_cmac/u_core/u_mac_4/pp_out_l0n14_1[7]
                             16.0000        16.8102        -0.8102  (VIOLATED)
   u_NV_NVDLA_cmac/u_core/u_mac_3/pp_out_l2n5_1[30]
                              8.0000         8.8093        -0.8093  (VIOLATED)
   u_NV_NVDLA_cmac/u_core/u_mac_0/pp_out_l0n04_1[31]
                             16.0000        16.8089        -0.8089  (VIOLATED)
   u_NV_NVDLA_cmac/u_core/u_mac_7/u_tree_l4n2/n178
                             16.0000        16.8081        -0.8081  (VIOLATED)
   u_NV_NVDLA_cmac/u_core/u_mac_1/pp_out_l2n2_1[30]
                             16.0000        16.8071        -0.8071  (VIOLATED)
   u_NV_NVDLA_cmac/u_core/u_mac_7/exp_sft_39[2]
                              8.0000         8.8071        -0.8071  (VIOLATED)
   u_NV_NVDLA_cmac/u_core/u_mac_2/pp_out_l0n04_1[27]
                             16.0000        16.8062        -0.8062  (VIOLATED)
   u_NV_NVDLA_cmac/u_core/u_mac_1/u_tree_l0n02/n262
                              8.0000         8.8057        -0.8057  (VIOLATED)
   u_NV_NVDLA_cmac/u_core/u_mac_3/pp_out_l0n02_1[32]
                              8.0000         8.8051        -0.8051  (VIOLATED)
   u_NV_NVDLA_cmac/u_core/u_mac_6/u_tree_l0n11/n192
                              8.0000         8.8048        -0.8048  (VIOLATED)
   u_NV_NVDLA_cmac/u_core/u_active/n11962
                             16.0000        16.8040        -0.8040  (VIOLATED)
   u_NV_NVDLA_cmac/u_core/u_active/n44804
                             16.0000        16.8030        -0.8030  (VIOLATED)
   u_NV_NVDLA_cmac/u_core/u_mac_3/u_mul_11/n317
                             16.0000        16.8022        -0.8022  (VIOLATED)
   u_NV_NVDLA_cmac/u_core/u_mac_4/pp_out_l0n10_0[29]
                             16.0000        16.8020        -0.8020  (VIOLATED)
   u_NV_NVDLA_cmac/u_core/u_active/wt1_sd_data[282]
                             16.0000        16.7995        -0.7995  (VIOLATED)
   u_NV_NVDLA_cmac/u_core/u_mac_6/u_nan/n814
                              8.0000         8.7987        -0.7987  (VIOLATED)
   u_NV_NVDLA_cmac/u_core/u_mac_0/pp_out_l0n04_1[26]
                             16.0000        16.7974        -0.7974  (VIOLATED)
   u_NV_NVDLA_cmac/u_core/u_mac_5/pp_out_l0n08_1[27]
                              8.0000         8.7960        -0.7960  (VIOLATED)
   u_NV_NVDLA_cmac/u_core/u_mac_0/n10292
                              8.0000         8.7960        -0.7960  (VIOLATED)
   u_NV_NVDLA_cmac/u_core/u_mac_4/pp_out_l0n14_0[34]
                             16.0000        16.7957        -0.7957  (VIOLATED)
   u_NV_NVDLA_cmac/u_core/u_mac_4/pp_out_l2n7_1[35]
                             16.0000        16.7955        -0.7955  (VIOLATED)
   u_NV_NVDLA_cmac/u_core/u_mac_0/pp_out_l0n09_1[16]
                             16.0000        16.7948        -0.7948  (VIOLATED)
   u_NV_NVDLA_cmac/u_core/u_mac_7/n7294
                             16.0000        16.7929        -0.7929  (VIOLATED)
   u_NV_NVDLA_cmac/u_core/u_mac_5/pp_out_l0n08_1[28]
                              8.0000         8.7921        -0.7921  (VIOLATED)
   u_NV_NVDLA_cmac/u_core/u_active/wt7_sd_data[814]
                             16.0000        16.7919        -0.7919  (VIOLATED)
   u_NV_NVDLA_cmac/u_core/u_mac_0/pp_out_l0n12_1[16]
                             16.0000        16.7911        -0.7911  (VIOLATED)
   u_NV_NVDLA_cmac/u_core/u_mac_2/pp_out_l0n04_1[23]
                             16.0000        16.7903        -0.7903  (VIOLATED)
   u_NV_NVDLA_cmac/u_core/u_mac_2/pp_out_l0n09_1[28]
                              8.0000         8.7893        -0.7893  (VIOLATED)
   u_NV_NVDLA_cmac/u_core/u_mac_7/u_tree_l4n2/n38
                             16.0000        16.7876        -0.7876  (VIOLATED)
   u_NV_NVDLA_cmac/u_core/u_mac_7/pp_out_l0n15_1[9]
                              8.0000         8.7864        -0.7864  (VIOLATED)
   u_NV_NVDLA_cmac/u_core/u_active/wt_pre_nan[63]
                             16.0000        16.7861        -0.7861  (VIOLATED)
   u_NV_NVDLA_cmac/u_core/u_mac_4/pp_nan_mts_d1[8]
                             16.0000        16.7858        -0.7858  (VIOLATED)
   u_NV_NVDLA_cmac/u_core/u_mac_7/u_tree_l0n05/n192
                              8.0000         8.7858        -0.7858  (VIOLATED)
   u_NV_NVDLA_cmac/u_core/u_mac_6/u_mul_10/n96
                              8.0000         8.7851        -0.7851  (VIOLATED)
   u_NV_NVDLA_cmac/u_core/u_active/dat_pre_data[340]
                             16.0000        16.7832        -0.7832  (VIOLATED)
   u_NV_NVDLA_cmac/u_core/u_mac_5/ps_n1b5[5]
                             16.0000        16.7826        -0.7826  (VIOLATED)
   u_NV_NVDLA_cmac/u_core/u_mac_5/pp_out_l0n14_1[7]
                              8.0000         8.7826        -0.7826  (VIOLATED)
   u_NV_NVDLA_cmac/u_core/u_mac_3/pp_out_l0n02_1[26]
                              8.0000         8.7821        -0.7821  (VIOLATED)
   u_NV_NVDLA_cmac/u_core/u_active/wt_pre_exp[56]
                             16.0000        16.7817        -0.7817  (VIOLATED)
   u_NV_NVDLA_cmac/u_core/u_mac_7/n7344
                             16.0000        16.7814        -0.7814  (VIOLATED)
   u_NV_NVDLA_cmac/u_core/u_active/wt0_sd_data[27]
                             16.0000        16.7811        -0.7811  (VIOLATED)
   u_NV_NVDLA_cmac/u_core/u_mac_0/pp_out_l0n02_1[4]
                             16.0000        16.7809        -0.7809  (VIOLATED)
   u_NV_NVDLA_cmac/u_core/u_mac_3/pp_out_l0n02_1[21]
                              8.0000         8.7801        -0.7801  (VIOLATED)
   u_NV_NVDLA_cmac/u_core/u_active/wt_pre_mask[46]
                             16.0000        16.7791        -0.7791  (VIOLATED)
   u_NV_NVDLA_cmac/u_core/u_mac_2/pp_out_l2n5_1[40]
                              8.0000         8.7783        -0.7783  (VIOLATED)
   u_NV_NVDLA_cmac/u_core/u_mac_2/u_mul_53/n197
                              8.0000         8.7771        -0.7771  (VIOLATED)
   u_NV_NVDLA_cmac/u_core/u_mac_7/u_mul_51/n323
                             16.0000        16.7763        -0.7763  (VIOLATED)
   u_NV_NVDLA_cmac/u_core/u_active/wt1_sd_data[287]
                             16.0000        16.7763        -0.7763  (VIOLATED)
   u_NV_NVDLA_cmac/u_core/u_mac_0/exp_sft_00[1]
                             16.0000        16.7763        -0.7763  (VIOLATED)
   u_NV_NVDLA_cmac/u_core/u_mac_1/pp_out_l2n2_1[28]
                             16.0000        16.7754        -0.7754  (VIOLATED)
   u_NV_NVDLA_cmac/u_core/u_mac_5/pp_out_l0n09_0[33]
                             16.0000        16.7754        -0.7754  (VIOLATED)
   u_NV_NVDLA_cmac/u_core/u_mac_7/pp_out_l0n09_1_d1[34]
                             16.0000        16.7753        -0.7753  (VIOLATED)
   u_NV_NVDLA_cmac/u_core/u_active/wt1_sd_data[263]
                             16.0000        16.7745        -0.7745  (VIOLATED)
   u_NV_NVDLA_cmac/u_core/u_mac_7/pp_out_l0n08_1[9]
                              8.0000         8.7745        -0.7745  (VIOLATED)
   u_NV_NVDLA_cmac/u_core/u_mac_4/pp_out_l2n2_0[35]
                             16.0000        16.7743        -0.7743  (VIOLATED)
   u_NV_NVDLA_cmac/u_core/u_mac_7/u_tree_l4n2/n243
                             16.0000        16.7724        -0.7724  (VIOLATED)
   u_NV_NVDLA_cmac/u_core/u_mac_4/pp_out_l0n14_1[17]
                             16.0000        16.7723        -0.7723  (VIOLATED)
   u_NV_NVDLA_cmac/u_core/u_mac_3/u_tree_l0n01/n272
                              8.0000         8.7714        -0.7714  (VIOLATED)
   u_NV_NVDLA_cmac/u_core/u_mac_5/pp_out_l2n0_0[29]
                             16.0000        16.7711        -0.7711  (VIOLATED)
   u_NV_NVDLA_cmac/u_core/u_mac_1/pp_out_l2n2_1[29]
                             16.0000        16.7702        -0.7702  (VIOLATED)
   u_NV_NVDLA_cmac/u_core/u_mac_5/res_tag_52[3]
                             82.0000        82.7698        -0.7698  (VIOLATED)
   u_NV_NVDLA_cmac/u_core/u_active/wt_pre_nz[54]
                             16.0000        16.7687        -0.7687  (VIOLATED)
   u_NV_NVDLA_cmac/u_core/u_mac_0/pp_out_l0n04_0[3]
                             16.0000        16.7660        -0.7660  (VIOLATED)
   u_NV_NVDLA_cmac/u_core/u_mac_7/pp_out_l0n08_1[16]
                              8.0000         8.7655        -0.7655  (VIOLATED)
   u_NV_NVDLA_cmac/u_core/u_mac_4/u_mul_43/n315
                             16.0000        16.7650        -0.7650  (VIOLATED)
   u_NV_NVDLA_cmac/u_core/u_mac_2/u_tree_l1n0/n47
                              8.0000         8.7642        -0.7642  (VIOLATED)
   u_NV_NVDLA_cmac/u_core/u_active/wt1_sd_data[262]
                             16.0000        16.7637        -0.7637  (VIOLATED)
   u_NV_NVDLA_cmac/u_core/u_mac_7/pp_out_l0n06_1[8]
                              8.0000         8.7620        -0.7620  (VIOLATED)
   u_NV_NVDLA_cmac/u_core/u_active/wt0_sd_data[526]
                             16.0000        16.7620        -0.7620  (VIOLATED)
   u_NV_NVDLA_cmac/u_core/u_mac_7/n1767
                              8.0000         8.7595        -0.7595  (VIOLATED)
   u_NV_NVDLA_cmac/u_core/u_active/wt4_sd_data[535]
                             16.0000        16.7589        -0.7589  (VIOLATED)
   u_NV_NVDLA_cmac/u_core/u_mac_5/pp_out_l2n4_0[26]
                             16.0000        16.7586        -0.7586  (VIOLATED)
   u_NV_NVDLA_cmac/u_core/u_mac_6/u_nan/n432
                              8.0000         8.7573        -0.7573  (VIOLATED)
   u_NV_NVDLA_cmac/u_core/u_mac_4/u_tree_l0n09/n189
                              8.0000         8.7564        -0.7564  (VIOLATED)
   u_NV_NVDLA_cmac/u_core/u_mac_7/u_mul_14/n307
                             16.0000        16.7551        -0.7551  (VIOLATED)
   u_NV_NVDLA_cmac/u_core/u_mac_3/pp_out_l0n11_1[24]
                              8.0000         8.7549        -0.7549  (VIOLATED)
   u_NV_NVDLA_cmac/u_core/u_active/wt_pre_data[52]
                             16.0000        16.7549        -0.7549  (VIOLATED)
   u_NV_NVDLA_cmac/u_core/u_active/n15961
                             16.0000        16.7549        -0.7549  (VIOLATED)
   u_NV_NVDLA_cmac/u_core/u_mac_2/pp_out_l0n09_1[11]
                              8.0000         8.7538        -0.7538  (VIOLATED)
   u_NV_NVDLA_cmac/u_core/u_active/n31578
                             16.0000        16.7532        -0.7532  (VIOLATED)
   u_NV_NVDLA_cmac/u_core/u_mac_4/u_nan/n1964
                             16.0000        16.7528        -0.7528  (VIOLATED)
   u_NV_NVDLA_cmac/u_core/u_mac_0/pp_out_l0n05_1[25]
                              8.0000         8.7526        -0.7526  (VIOLATED)
   u_NV_NVDLA_cmac/u_core/u_active/wt_pre_data[217]
                             16.0000        16.7479        -0.7479  (VIOLATED)
   u_NV_NVDLA_cmac/u_core/u_mac_0/pp_out_l0n12_1[15]
                             16.0000        16.7470        -0.7470  (VIOLATED)
   u_NV_NVDLA_cmac/u_core/u_mac_5/pp_out_l2n4_0[35]
                             16.0000        16.7470        -0.7470  (VIOLATED)
   u_NV_NVDLA_cmac/u_core/u_mac_1/pp_out_l2n3_0[28]
                             16.0000        16.7468        -0.7468  (VIOLATED)
   u_NV_NVDLA_cmac/u_core/u_mac_2/res_tag_56[3]
                             16.0000        16.7447        -0.7447  (VIOLATED)
   u_NV_NVDLA_cmac/u_core/u_mac_5/n7454
                             16.0000        16.7443        -0.7443  (VIOLATED)
   u_NV_NVDLA_cmac/u_core/u_mac_0/pp_out_l0n04_1[23]
                             16.0000        16.7436        -0.7436  (VIOLATED)
   u_NV_NVDLA_cmac/u_core/u_mac_4/pp_out_l0n05_1[13]
                             16.0000        16.7423        -0.7423  (VIOLATED)
   u_NV_NVDLA_cmac/u_core/u_mac_0/pp_out_l1n2_1[15]
                             16.0000        16.7405        -0.7405  (VIOLATED)
   u_NV_NVDLA_cmac/u_core/u_active/n44782
                             16.0000        16.7399        -0.7399  (VIOLATED)
   u_NV_NVDLA_cmac/u_core/u_mac_4/pp_out_l0n12_0[1]
                             16.0000        16.7392        -0.7392  (VIOLATED)
   u_NV_NVDLA_cmac/u_core/u_mac_0/u_tree_l4n3/n167
                             16.0000        16.7382        -0.7382  (VIOLATED)
   u_NV_NVDLA_cmac/u_core/u_active/wt_pre_exp[154]
                             16.0000        16.7381        -0.7381  (VIOLATED)
   u_NV_NVDLA_cmac/u_core/u_mac_5/pp_out_l2n7_1_d2[27]
                             16.0000        16.7376        -0.7376  (VIOLATED)
   u_NV_NVDLA_cmac/u_core/u_active/n31575
                             16.0000        16.7370        -0.7370  (VIOLATED)
   u_NV_NVDLA_cmac/u_core/u_mac_7/pp_out_l0n04_0[32]
                             16.0000        16.7366        -0.7366  (VIOLATED)
   u_NV_NVDLA_cmac/u_core/u_active/wt0_sd_data[319]
                             16.0000        16.7345        -0.7345  (VIOLATED)
   u_NV_NVDLA_cmac/u_core/u_mac_0/n7474
                             16.0000        16.7332        -0.7332  (VIOLATED)
   u_NV_NVDLA_cmac/u_core/u_mac_5/pp_out_l2n4_1[29]
                             16.0000        16.7325        -0.7325  (VIOLATED)
   u_NV_NVDLA_cmac/u_core/u_mac_6/u_mul_48/n225
                             32.0000        32.7322        -0.7322  (VIOLATED)
   u_NV_NVDLA_cmac/u_core/u_active/dat_pre_data[343]
                             16.0000        16.7311        -0.7311  (VIOLATED)
   u_NV_NVDLA_cmac/u_core/u_mac_7/u_nan/n22
                              8.0000         8.7305        -0.7305  (VIOLATED)
   u_NV_NVDLA_cmac/u_core/u_active/n38469
                             32.0000        32.7303        -0.7303  (VIOLATED)
   u_NV_NVDLA_cmac/u_core/u_mac_1/res_tag_42[2]
                             16.0000        16.7278        -0.7278  (VIOLATED)
   u_NV_NVDLA_cmac/u_core/u_mac_1/pp_out_l2n0_0[40]
                              8.0000         8.7278        -0.7278  (VIOLATED)
   u_NV_NVDLA_cmac/u_core/u_mac_7/pp_out_l1n2_0[39]
                              8.0000         8.7276        -0.7276  (VIOLATED)
   u_NV_NVDLA_cmac/u_core/u_mac_7/u_tree_l4n1/n295
                              8.0000         8.7264        -0.7264  (VIOLATED)
   u_NV_NVDLA_cmac/u_core/u_mac_7/pp_out_l0n09_1_d1[35]
                             16.0000        16.7256        -0.7256  (VIOLATED)
   u_NV_NVDLA_cmac/u_core/u_mac_6/pp_out_l0n08_1[25]
                              8.0000         8.7231        -0.7231  (VIOLATED)
   u_NV_NVDLA_cmac/u_core/u_mac_5/res_tag_4[0]
                             16.0000        16.7230        -0.7230  (VIOLATED)
   u_NV_NVDLA_cmac/u_core/u_mac_4/pp_nan_mts_d1[6]
                             16.0000        16.7211        -0.7211  (VIOLATED)
   u_NV_NVDLA_cmac/u_core/u_mac_4/res_tag_11[7]
                             32.0000        32.7200        -0.7200  (VIOLATED)
   u_NV_NVDLA_cmac/u_core/u_mac_4/res_tag_61[2]
                             16.0000        16.7194        -0.7194  (VIOLATED)
   u_NV_NVDLA_cmac/u_core/u_mac_7/pp_out_l0n05_0[30]
                             16.0000        16.7192        -0.7192  (VIOLATED)
   u_NV_NVDLA_cmac/u_core/u_mac_1/u_tree_l4n3/n30
                             16.0000        16.7185        -0.7185  (VIOLATED)
   u_NV_NVDLA_cmac/u_core/u_mac_7/pp_out_l0n01_0[9]
                             16.0000        16.7183        -0.7183  (VIOLATED)
   u_NV_NVDLA_cmac/u_core/u_mac_7/u_nan/n1920
                             16.0000        16.7163        -0.7163  (VIOLATED)
   u_NV_NVDLA_cmac/u_core/u_mac_5/pp_out_l0n08_1[31]
                              8.0000         8.7146        -0.7146  (VIOLATED)
   u_NV_NVDLA_cmac/u_core/u_mac_1/u_tree_l0n08/n312
                              8.0000         8.7143        -0.7143  (VIOLATED)
   u_NV_NVDLA_cmac/u_core/u_mac_6/n3928
                              8.0000         8.7139        -0.7139  (VIOLATED)
   u_NV_NVDLA_cmac/u_core/u_mac_0/pp_out_l0n11_1[33]
                             16.0000        16.7125        -0.7125  (VIOLATED)
   u_NV_NVDLA_cmac/u_core/u_mac_7/pp_out_l0n06_1[5]
                              8.0000         8.7123        -0.7123  (VIOLATED)
   u_NV_NVDLA_cmac/u_core/u_mac_6/u_tree_l4n2/n202
                             16.0000        16.7116        -0.7116  (VIOLATED)
   u_NV_NVDLA_cmac/u_core/u_mac_3/u_nan/n962
                             16.0000        16.7113        -0.7113  (VIOLATED)
   u_NV_NVDLA_cmac/u_core/u_mac_6/u_mul_51/n225
                             32.0000        32.7104        -0.7104  (VIOLATED)
   u_NV_NVDLA_cmac/u_core/u_mac_4/pp_out_l0n07_1[5]
                              8.0000         8.7096        -0.7096  (VIOLATED)
   u_NV_NVDLA_cmac/u_core/u_mac_5/pp_out_l2n4_0[32]
                             16.0000        16.7087        -0.7087  (VIOLATED)
   u_NV_NVDLA_cmac/u_core/u_active/wt_pre_data[48]
                             16.0000        16.7078        -0.7078  (VIOLATED)
   u_NV_NVDLA_cmac/u_core/u_mac_4/pp_out_l0n10_1[7]
                             16.0000        16.7075        -0.7075  (VIOLATED)
   u_NV_NVDLA_cmac/u_core/u_mac_5/u_nan/n562
                             16.0000        16.7060        -0.7060  (VIOLATED)
   u_NV_NVDLA_cmac/u_core/wt4_actv_data[128]
                             16.0000        16.7051        -0.7051  (VIOLATED)
   u_NV_NVDLA_cmac/u_core/u_mac_2/pp_out_l0n06_0[7]
                             16.0000        16.7050        -0.7050  (VIOLATED)
   u_NV_NVDLA_cmac/u_core/u_mac_1/res_tag_58[2]
                             16.0000        16.7044        -0.7044  (VIOLATED)
   u_NV_NVDLA_cmac/u_core/u_mac_4/u_exp/exp_sum_62[2]
                             16.0000        16.7038        -0.7038  (VIOLATED)
   u_NV_NVDLA_cmac/u_core/u_mac_7/u_nan/n258
                             16.0000        16.7037        -0.7037  (VIOLATED)
   u_NV_NVDLA_cmac/u_core/u_active/wt0_sd_data[558]
                             16.0000        16.7034        -0.7034  (VIOLATED)
   u_NV_NVDLA_cmac/u_core/u_active/n97591
                             16.0000        16.7031        -0.7031  (VIOLATED)
   u_NV_NVDLA_cmac/u_core/u_mac_1/exp_sft_53[1]
                             16.0000        16.7014        -0.7014  (VIOLATED)
   u_NV_NVDLA_cmac/u_core/u_mac_5/pp_out_l0n08_1[26]
                              8.0000         8.7008        -0.7008  (VIOLATED)
   u_NV_NVDLA_cmac/u_core/u_mac_3/pp_out_l0n11_1[15]
                              8.0000         8.7008        -0.7008  (VIOLATED)
   u_NV_NVDLA_cmac/u_core/u_mac_7/u_tree_l0n13/n232
                              8.0000         8.7000        -0.7000  (VIOLATED)
   u_NV_NVDLA_cmac/u_core/u_mac_6/n7419
                             16.0000        16.6969        -0.6969  (VIOLATED)
   u_NV_NVDLA_cmac/u_core/u_active/wt_pre_exp[89]
                             16.0000        16.6943        -0.6943  (VIOLATED)
   u_NV_NVDLA_cmac/u_core/u_mac_5/pp_out_l0n14_1[6]
                              8.0000         8.6926        -0.6926  (VIOLATED)
   u_NV_NVDLA_cmac/u_core/u_mac_5/pp_out_l0n09_0[30]
                             16.0000        16.6918        -0.6918  (VIOLATED)
   u_NV_NVDLA_cmac/u_core/u_mac_6/u_nan/n1257
                             16.0000        16.6917        -0.6917  (VIOLATED)
   u_NV_NVDLA_cmac/u_core/u_mac_4/pp_out_l0n14_1[9]
                             16.0000        16.6917        -0.6917  (VIOLATED)
   u_NV_NVDLA_cmac/u_core/u_mac_7/u_nan/n216
                             16.0000        16.6914        -0.6914  (VIOLATED)
   u_NV_NVDLA_cmac/u_core/u_mac_0/pp_out_l0n02_0[25]
                             16.0000        16.6902        -0.6902  (VIOLATED)
   u_NV_NVDLA_cmac/u_core/u_mac_0/pp_out_l0n11_1[10]
                             16.0000        16.6878        -0.6878  (VIOLATED)
   u_NV_NVDLA_cmac/u_core/u_active/wt0_sd_data[636]
                             16.0000        16.6864        -0.6864  (VIOLATED)
   u_NV_NVDLA_cmac/u_core/u_mac_0/u_mul_16/n308
                             16.0000        16.6859        -0.6859  (VIOLATED)
   u_NV_NVDLA_cmac/u_core/u_mac_6/pp_out_l0n08_1[21]
                              8.0000         8.6851        -0.6851  (VIOLATED)
   u_NV_NVDLA_cmac/u_core/u_mac_7/res_tag_31[2]
                             16.0000        16.6850        -0.6850  (VIOLATED)
   u_NV_NVDLA_cmac/u_core/u_mac_4/exp_sft_48[2]
                             16.0000        16.6825        -0.6825  (VIOLATED)
   u_NV_NVDLA_cmac/u_core/u_mac_7/u_mul_13/n310
                             16.0000        16.6806        -0.6806  (VIOLATED)
   u_NV_NVDLA_cmac/u_core/u_active/n11626
                             16.0000        16.6796        -0.6796  (VIOLATED)
   u_NV_NVDLA_cmac/u_core/u_active/n38550
                             32.0000        32.6795        -0.6795  (VIOLATED)
   u_NV_NVDLA_cmac/u_core/u_active/wt2_sd_data[851]
                             16.0000        16.6792        -0.6792  (VIOLATED)
   u_NV_NVDLA_cmac/u_core/u_mac_0/pp_out_l0n14_1[15]
                              8.0000         8.6787        -0.6787  (VIOLATED)
   u_NV_NVDLA_cmac/u_core/u_mac_0/u_mul_11/n317
                             16.0000        16.6781        -0.6781  (VIOLATED)
   u_NV_NVDLA_cmac/u_core/u_mac_6/u_mul_27/n197
                              8.0000         8.6767        -0.6767  (VIOLATED)
   u_NV_NVDLA_cmac/u_core/u_mac_3/u_nan/n782
                             16.0000        16.6757        -0.6757  (VIOLATED)
   u_NV_NVDLA_cmac/u_core/u_active/wt7_sd_data[830]
                             16.0000        16.6746        -0.6746  (VIOLATED)
   u_NV_NVDLA_cmac/u_core/u_mac_3/pp_out_l2n5_1[31]
                              8.0000         8.6733        -0.6733  (VIOLATED)
   u_NV_NVDLA_cmac/u_core/u_mac_1/res_tag_57[2]
                             16.0000        16.6726        -0.6726  (VIOLATED)
   u_NV_NVDLA_cmac/u_core/u_active/n11987
                             16.0000        16.6721        -0.6721  (VIOLATED)
   u_NV_NVDLA_cmac/u_core/u_mac_6/pp_out_l0n08_1[15]
                              8.0000         8.6704        -0.6704  (VIOLATED)
   u_NV_NVDLA_cmac/u_core/u_mac_6/pp_out_l2n6_1[36]
                             16.0000        16.6685        -0.6685  (VIOLATED)
   u_NV_NVDLA_cmac/u_core/u_mac_5/pp_out_l0n05_1_d1[35]
                             16.0000        16.6669        -0.6669  (VIOLATED)
   u_NV_NVDLA_cmac/u_core/u_mac_6/pp_out_l0n05_0[27]
                             16.0000        16.6661        -0.6661  (VIOLATED)
   u_NV_NVDLA_cmac/u_core/u_mac_3/pp_out_l0n02_1[25]
                              8.0000         8.6642        -0.6642  (VIOLATED)
   u_NV_NVDLA_cmac/u_core/u_mac_6/pp_out_l2n1_1[28]
                              8.0000         8.6615        -0.6615  (VIOLATED)
   u_NV_NVDLA_cmac/u_core/u_mac_7/pp_out_l0n15_1[13]
                              8.0000         8.6570        -0.6570  (VIOLATED)
   u_NV_NVDLA_cmac/u_core/u_mac_7/u_tree_l4n2/n241
                             16.0000        16.6568        -0.6568  (VIOLATED)
   u_NV_NVDLA_cmac/u_core/u_mac_0/u_tree_l4n3/n235
                             16.0000        16.6560        -0.6560  (VIOLATED)
   u_NV_NVDLA_cmac/u_core/u_mac_0/pp_out_l0n02_0[19]
                             16.0000        16.6550        -0.6550  (VIOLATED)
   u_NV_NVDLA_cmac/u_core/u_mac_2/pp_out_l0n04_1[25]
                             16.0000        16.6549        -0.6549  (VIOLATED)
   u_NV_NVDLA_cmac/u_core/u_mac_7/pp_out_l0n12_0[15]
                             16.0000        16.6547        -0.6547  (VIOLATED)
   u_NV_NVDLA_cmac/u_core/wt2_actv_data[929]
                             16.0000        16.6502        -0.6502  (VIOLATED)
   u_NV_NVDLA_cmac/u_core/u_mac_7/pp_out_l0n05_1[25]
                             16.0000        16.6500        -0.6500  (VIOLATED)
   u_NV_NVDLA_cmac/u_core/u_mac_7/pp_out_l0n00_0_d1[34]
                             16.0000        16.6494        -0.6494  (VIOLATED)
   u_NV_NVDLA_cmac/u_core/u_mac_1/res_tag_51[3]
                             82.0000        82.6476        -0.6476  (VIOLATED)
   u_NV_NVDLA_cmac/u_core/u_mac_5/u_mul_55/n197
                              8.0000         8.6457        -0.6457  (VIOLATED)
   u_NV_NVDLA_cmac/u_core/u_mac_4/pp_out_l0n10_1[35]
                             16.0000        16.6453        -0.6453  (VIOLATED)
   u_NV_NVDLA_cmac/u_core/u_mac_1/u_tree_l0n13/n312
                              8.0000         8.6430        -0.6430  (VIOLATED)
   u_NV_NVDLA_cmac/u_core/u_mac_6/pp_out_l2n6_0[28]
                             16.0000        16.6428        -0.6428  (VIOLATED)
   u_NV_NVDLA_cmac/u_core/u_mac_4/pp_out_l0n10_1[30]
                             16.0000        16.6425        -0.6425  (VIOLATED)
   u_NV_NVDLA_cmac/u_core/u_mac_2/pp_out_l0n06_0[6]
                             16.0000        16.6422        -0.6422  (VIOLATED)
   u_NV_NVDLA_cmac/u_core/u_mac_6/u_tree_l0n13/n172
                              8.0000         8.6411        -0.6411  (VIOLATED)
   u_NV_NVDLA_cmac/u_core/u_active/wt4_sd_data[817]
                             16.0000        16.6407        -0.6407  (VIOLATED)
   u_NV_NVDLA_cmac/u_core/u_mac_0/pp_out_l0n11_1[32]
                             16.0000        16.6404        -0.6404  (VIOLATED)
   u_NV_NVDLA_cmac/u_core/u_active/wt0_sd_data[564]
                             16.0000        16.6401        -0.6401  (VIOLATED)
   u_NV_NVDLA_cmac/u_core/u_mac_0/pp_out_l0n04_1[34]
                             16.0000        16.6393        -0.6393  (VIOLATED)
   u_NV_NVDLA_cmac/u_core/u_mac_3/exp_sft_19[3]
                             16.0000        16.6392        -0.6392  (VIOLATED)
   u_NV_NVDLA_cmac/u_core/u_mac_2/pp_out_l0n05_0[23]
                             16.0000        16.6384        -0.6384  (VIOLATED)
   u_NV_NVDLA_cmac/u_core/u_mac_7/u_mul_18/n303
                             16.0000        16.6381        -0.6381  (VIOLATED)
   u_NV_NVDLA_cmac/u_core/u_mac_2/pp_out_l0n15_1[23]
                              8.0000         8.6381        -0.6381  (VIOLATED)
   u_NV_NVDLA_cmac/u_core/u_mac_0/ps_n0b0_dc[6]
                              8.0000         8.6363        -0.6363  (VIOLATED)
   u_NV_NVDLA_cmac/u_core/u_mac_2/n9329
                              8.0000         8.6359        -0.6359  (VIOLATED)
   u_NV_NVDLA_cmac/u_core/u_mac_7/pp_out_l0n15_1[18]
                              8.0000         8.6352        -0.6352  (VIOLATED)
   u_NV_NVDLA_cmac/u_core/u_mac_0/exp_sft_20[3]
                             16.0000        16.6343        -0.6343  (VIOLATED)
   u_NV_NVDLA_cmac/u_core/u_active/wt_pre_data[205]
                             16.0000        16.6329        -0.6329  (VIOLATED)
   u_NV_NVDLA_cmac/u_core/u_active/wt0_sd_data[548]
                             16.0000        16.6329        -0.6329  (VIOLATED)
   u_NV_NVDLA_cmac/u_core/u_mac_7/pp_out_l0n05_1[23]
                             16.0000        16.6310        -0.6310  (VIOLATED)
   u_NV_NVDLA_cmac/u_core/u_mac_5/pp_out_l0n15_1[22]
                              8.0000         8.6310        -0.6310  (VIOLATED)
   u_NV_NVDLA_cmac/u_core/u_active/wt1_sd_data[285]
                             16.0000        16.6309        -0.6309  (VIOLATED)
   u_NV_NVDLA_cmac/u_core/u_mac_5/u_nan/n2306
                             16.0000        16.6269        -0.6269  (VIOLATED)
   u_NV_NVDLA_cmac/u_core/u_mac_0/pp_out_l0n04_1[18]
                             16.0000        16.6253        -0.6253  (VIOLATED)
   u_NV_NVDLA_cmac/u_core/u_mac_5/pp_out_l2n4_0[36]
                             16.0000        16.6242        -0.6242  (VIOLATED)
   u_NV_NVDLA_cmac/u_core/u_mac_0/pp_out_l0n11_1[24]
                             16.0000        16.6239        -0.6239  (VIOLATED)
   u_NV_NVDLA_cmac/u_core/u_mac_1/u_tree_l1n6/n45
                              8.0000         8.6227        -0.6227  (VIOLATED)
   u_NV_NVDLA_cmac/u_core/u_active/wt_pre_exp[58]
                             16.0000        16.6224        -0.6224  (VIOLATED)
   u_NV_NVDLA_cmac/u_core/u_mac_4/ps_n0b0_dc[6]
                              8.0000         8.6216        -0.6216  (VIOLATED)
   u_NV_NVDLA_cmac/u_core/u_mac_4/pp_out_l0n10_1[28]
                             16.0000        16.6212        -0.6212  (VIOLATED)
   u_NV_NVDLA_cmac/u_core/u_mac_1/n7450
                             16.0000        16.6207        -0.6207  (VIOLATED)
   u_NV_NVDLA_cmac/u_core/u_mac_3/pp_out_l0n00_1[24]
                              8.0000         8.6206        -0.6206  (VIOLATED)
   u_NV_NVDLA_cmac/u_core/u_mac_3/u_tree_l0n07/n192
                              8.0000         8.6206        -0.6206  (VIOLATED)
   u_NV_NVDLA_cmac/u_core/u_mac_5/u_tree_l4n3/n254
                             16.0000        16.6188        -0.6188  (VIOLATED)
   u_NV_NVDLA_cmac/u_core/u_active/n11605
                             16.0000        16.6187        -0.6187  (VIOLATED)
   u_NV_NVDLA_cmac/u_core/u_mac_6/n7457
                             16.0000        16.6175        -0.6175  (VIOLATED)
   u_NV_NVDLA_cmac/u_core/u_mac_3/res_tag_39[2]
                             16.0000        16.6163        -0.6163  (VIOLATED)
   u_NV_NVDLA_cmac/u_core/u_mac_5/pp_out_l0n05_1_d1[34]
                             16.0000        16.6145        -0.6145  (VIOLATED)
   u_NV_NVDLA_cmac/u_core/u_mac_0/res_a_27[8]
                              8.0000         8.6141        -0.6141  (VIOLATED)
   u_NV_NVDLA_cmac/u_core/u_mac_0/pp_out_l0n02_0[17]
                             16.0000        16.6135        -0.6135  (VIOLATED)
   u_NV_NVDLA_cmac/u_core/u_mac_0/pp_out_l0n04_1[16]
                             16.0000        16.6125        -0.6125  (VIOLATED)
   u_NV_NVDLA_cmac/u_core/u_mac_0/n1522
                              8.0000         8.6121        -0.6121  (VIOLATED)
   u_NV_NVDLA_cmac/u_core/u_active/dat_pre_data[579]
                             16.0000        16.6117        -0.6117  (VIOLATED)
   u_NV_NVDLA_cmac/u_core/u_active/wt0_sd_data[79]
                             16.0000        16.6091        -0.6091  (VIOLATED)
   u_NV_NVDLA_cmac/u_core/u_mac_7/u_nan/n660
                             16.0000        16.6085        -0.6085  (VIOLATED)
   u_NV_NVDLA_cmac/u_core/u_active/n25146
                             16.0000        16.6076        -0.6076  (VIOLATED)
   u_NV_NVDLA_cmac/u_core/u_mac_0/pp_out_l0n02_0[15]
                             16.0000        16.6066        -0.6066  (VIOLATED)
   u_NV_NVDLA_cmac/u_core/u_mac_0/pp_out_l2n6_0[30]
                             16.0000        16.6064        -0.6064  (VIOLATED)
   u_NV_NVDLA_cmac/u_core/u_mac_6/u_tree_l0n03/n272
                              8.0000         8.6055        -0.6055  (VIOLATED)
   u_NV_NVDLA_cmac/u_core/u_mac_3/pp_out_l0n09_0[35]
                              8.0000         8.6054        -0.6054  (VIOLATED)
   u_NV_NVDLA_cmac/u_core/u_mac_2/pp_out_l0n15_1[22]
                              8.0000         8.6053        -0.6053  (VIOLATED)
   u_NV_NVDLA_cmac/u_core/u_mac_1/pp_out_l2n3_0[27]
                             16.0000        16.6046        -0.6046  (VIOLATED)
   u_NV_NVDLA_cmac/u_core/u_mac_6/pp_out_l0n05_0[21]
                             16.0000        16.6044        -0.6044  (VIOLATED)
   u_NV_NVDLA_cmac/u_core/u_mac_5/pp_out_l1n0_0[5]
                             16.0000        16.6037        -0.6037  (VIOLATED)
   u_NV_NVDLA_cmac/u_core/u_mac_7/pp_out_l0n01_0[15]
                             16.0000        16.6030        -0.6030  (VIOLATED)
   u_NV_NVDLA_cmac/u_core/u_mac_4/n10136
                              8.0000         8.6025        -0.6025  (VIOLATED)
   u_NV_NVDLA_cmac/u_core/u_active/wt0_sd_data[46]
                             16.0000        16.6018        -0.6018  (VIOLATED)
   u_NV_NVDLA_cmac/u_core/u_mac_2/pp_out_l0n10_1[3]
                              8.0000         8.6012        -0.6012  (VIOLATED)
   u_NV_NVDLA_cmac/u_core/u_mac_0/u_mul_12/n197
                              8.0000         8.5998        -0.5998  (VIOLATED)
   u_NV_NVDLA_cmac/u_core/u_mac_6/u_tree_l4n2/n220
                             16.0000        16.5974        -0.5974  (VIOLATED)
   u_NV_NVDLA_cmac/u_core/u_mac_3/pp_out_l0n11_1[11]
                              8.0000         8.5965        -0.5965  (VIOLATED)
   u_NV_NVDLA_cmac/u_core/u_mac_3/u_tree_l0n01/n92
                              8.0000         8.5944        -0.5944  (VIOLATED)
   u_NV_NVDLA_cmac/u_core/u_mac_5/pp_out_l2n0_0[32]
                             16.0000        16.5941        -0.5941  (VIOLATED)
   u_NV_NVDLA_cmac/u_core/u_mac_6/pp_out_l2n6_1[40]
                             16.0000        16.5935        -0.5935  (VIOLATED)
   u_NV_NVDLA_cmac/u_core/u_mac_6/n7478
                             16.0000        16.5930        -0.5930  (VIOLATED)
   u_NV_NVDLA_cmac/u_core/u_mac_5/pp_out_l1n6_0[39]
                              8.0000         8.5913        -0.5913  (VIOLATED)
   u_NV_NVDLA_cmac/u_core/u_mac_6/exp_sft_46[3]
                              8.0000         8.5904        -0.5904  (VIOLATED)
   u_NV_NVDLA_cmac/u_core/u_mac_0/u_mul_39/n314
                             16.0000        16.5901        -0.5901  (VIOLATED)
   u_NV_NVDLA_cmac/u_core/u_mac_7/u_tree_l4n3/n173
                             16.0000        16.5900        -0.5900  (VIOLATED)
   u_NV_NVDLA_cmac/u_core/u_mac_2/u_tree_l1n0/n50
                              8.0000         8.5898        -0.5898  (VIOLATED)
   u_NV_NVDLA_cmac/u_core/u_mac_7/pp_out_l0n12_1[10]
                             16.0000        16.5897        -0.5897  (VIOLATED)
   u_NV_NVDLA_cmac/u_core/u_mac_3/pp_out_l0n11_1[18]
                              8.0000         8.5886        -0.5886  (VIOLATED)
   u_NV_NVDLA_cmac/u_core/u_mac_7/u_tree_l4n3/n179
                             16.0000        16.5881        -0.5881  (VIOLATED)
   u_NV_NVDLA_cmac/u_core/u_mac_4/exp_sft_54[3]
                             16.0000        16.5851        -0.5851  (VIOLATED)
   u_NV_NVDLA_cmac/u_core/u_mac_4/u_nan/n2240
                             16.0000        16.5845        -0.5845  (VIOLATED)
   u_NV_NVDLA_cmac/u_core/u_mac_4/pp_out_l1n0_1[18]
                             16.0000        16.5827        -0.5827  (VIOLATED)
   u_NV_NVDLA_cmac/u_core/u_mac_0/pp_out_l0n11_0[26]
                             16.0000        16.5817        -0.5817  (VIOLATED)
   u_NV_NVDLA_cmac/u_core/u_mac_4/u_exp/exp_sum_63[0]
                             16.0000        16.5816        -0.5816  (VIOLATED)
   u_NV_NVDLA_cmac/u_core/u_mac_2/u_nan/n602
                             16.0000        16.5802        -0.5802  (VIOLATED)
   u_NV_NVDLA_cmac/u_core/u_active/wt0_sd_data[318]
                             16.0000        16.5799        -0.5799  (VIOLATED)
   u_NV_NVDLA_cmac/u_core/u_mac_0/pp_out_l0n07_1[22]
                              8.0000         8.5796        -0.5796  (VIOLATED)
   u_NV_NVDLA_cmac/u_core/u_mac_5/pp_out_l0n08_1[30]
                              8.0000         8.5792        -0.5792  (VIOLATED)
   u_NV_NVDLA_cmac/u_core/u_mac_0/u_tree_l4n1/n219
                             16.0000        16.5781        -0.5781  (VIOLATED)
   u_NV_NVDLA_cmac/u_core/u_mac_2/ps_n2b4[2]
                              8.0000         8.5763        -0.5763  (VIOLATED)
   u_NV_NVDLA_cmac/u_core/u_mac_4/pp_out_l0n08_0[11]
                             16.0000        16.5751        -0.5751  (VIOLATED)
   u_NV_NVDLA_cmac/u_core/u_active/wt7_sd_data[815]
                             16.0000        16.5744        -0.5744  (VIOLATED)
   u_NV_NVDLA_cmac/u_core/u_mac_7/pp_out_l0n04_1[3]
                             16.0000        16.5709        -0.5709  (VIOLATED)
   u_NV_NVDLA_cmac/u_core/u_mac_2/pp_out_l0n06_1[4]
                             16.0000        16.5699        -0.5699  (VIOLATED)
   u_NV_NVDLA_cmac/u_core/u_mac_6/pp_out_l2n1_1[35]
                              8.0000         8.5674        -0.5674  (VIOLATED)
   u_NV_NVDLA_cmac/u_core/u_mac_2/pp_out_l0n15_1[29]
                              8.0000         8.5668        -0.5668  (VIOLATED)
   u_NV_NVDLA_cmac/u_core/u_mac_2/pp_out_l0n15_1[24]
                              8.0000         8.5665        -0.5665  (VIOLATED)
   u_NV_NVDLA_cmac/u_core/u_mac_2/pp_out_l0n15_1[28]
                              8.0000         8.5658        -0.5658  (VIOLATED)
   u_NV_NVDLA_cmac/u_core/u_mac_7/n7285
                             16.0000        16.5654        -0.5654  (VIOLATED)
   u_NV_NVDLA_cmac/u_core/u_mac_4/pp_out_l2n2_0[28]
                             16.0000        16.5641        -0.5641  (VIOLATED)
   u_NV_NVDLA_cmac/u_core/u_mac_3/pp_out_l0n08_0[6]
                             16.0000        16.5630        -0.5630  (VIOLATED)
   u_NV_NVDLA_cmac/u_core/u_mac_4/pp_out_l2n2_0[27]
                             16.0000        16.5627        -0.5627  (VIOLATED)
   u_NV_NVDLA_cmac/u_core/u_mac_5/pp_out_l1n6_1[18]
                             16.0000        16.5626        -0.5626  (VIOLATED)
   u_NV_NVDLA_cmac/u_core/u_mac_6/n7598
                             16.0000        16.5621        -0.5621  (VIOLATED)
   u_NV_NVDLA_cmac/u_core/u_mac_2/pp_out_l0n04_1[22]
                             16.0000        16.5610        -0.5610  (VIOLATED)
   u_NV_NVDLA_cmac/u_core/u_active/n48380
                             16.0000        16.5608        -0.5608  (VIOLATED)
   u_NV_NVDLA_cmac/u_core/wt0_actv_data[383]
                             16.0000        16.5604        -0.5604  (VIOLATED)
   u_NV_NVDLA_cmac/u_core/u_active/wt0_sd_data[44]
                             16.0000        16.5597        -0.5597  (VIOLATED)
   u_NV_NVDLA_cmac/u_core/u_mac_7/n7362
                             16.0000        16.5595        -0.5595  (VIOLATED)
   u_NV_NVDLA_cmac/u_core/u_mac_0/pp_out_l0n09_1[8]
                             16.0000        16.5588        -0.5588  (VIOLATED)
   u_NV_NVDLA_cmac/u_core/u_mac_4/u_tree_l0n00/n192
                              8.0000         8.5571        -0.5571  (VIOLATED)
   u_NV_NVDLA_cmac/u_core/u_active/n18003
                             16.0000        16.5567        -0.5567  (VIOLATED)
   u_NV_NVDLA_cmac/u_core/u_mac_5/pp_out_l2n7_1_d2[37]
                             16.0000        16.5550        -0.5550  (VIOLATED)
   u_NV_NVDLA_cmac/u_core/wt4_actv_data[831]
                             16.0000        16.5548        -0.5548  (VIOLATED)
   u_NV_NVDLA_cmac/u_core/u_mac_6/pp_out_l2n6_1[31]
                             16.0000        16.5545        -0.5545  (VIOLATED)
   u_NV_NVDLA_cmac/u_core/u_mac_7/pp_out_l0n05_1[19]
                             16.0000        16.5533        -0.5533  (VIOLATED)
   u_NV_NVDLA_cmac/u_core/u_mac_7/u_nan/n1581
                             16.0000        16.5531        -0.5531  (VIOLATED)
   u_NV_NVDLA_cmac/u_core/u_mac_0/pp_out_l0n11_1[25]
                             16.0000        16.5515        -0.5515  (VIOLATED)
   u_NV_NVDLA_cmac/u_core/u_mac_3/ps_n3b6[1]
                              8.0000         8.5498        -0.5498  (VIOLATED)
   u_NV_NVDLA_cmac/u_core/u_mac_3/u_tree_l0n03/n212
                              8.0000         8.5497        -0.5497  (VIOLATED)
   u_NV_NVDLA_cmac/u_core/u_mac_7/pp_out_l0n15_1[16]
                              8.0000         8.5472        -0.5472  (VIOLATED)
   u_NV_NVDLA_cmac/u_core/u_mac_1/pp_out_l0n08_1[11]
                             16.0000        16.5472        -0.5472  (VIOLATED)
   u_NV_NVDLA_cmac/u_core/u_mac_1/u_mul_30/n315
                             16.0000        16.5468        -0.5468  (VIOLATED)
   u_NV_NVDLA_cmac/u_core/u_mac_4/pp_out_l0n10_0[10]
                             16.0000        16.5468        -0.5468  (VIOLATED)
   u_NV_NVDLA_cmac/u_core/u_mac_0/n7526
                             16.0000        16.5464        -0.5464  (VIOLATED)
   u_NV_NVDLA_cmac/u_core/u_mac_4/u_mul_50/n320
                             16.0000        16.5447        -0.5447  (VIOLATED)
   u_NV_NVDLA_cmac/u_core/u_mac_5/pp_out_l0n14_1[12]
                              8.0000         8.5442        -0.5442  (VIOLATED)
   u_NV_NVDLA_cmac/u_core/u_mac_7/pp_out_l0n06_1[4]
                              8.0000         8.5429        -0.5429  (VIOLATED)
   u_NV_NVDLA_cmac/u_core/u_mac_2/u_mul_43/n310
                             16.0000        16.5426        -0.5426  (VIOLATED)
   u_NV_NVDLA_cmac/u_core/u_mac_3/u_mul_4/n301
                              8.0000         8.5422        -0.5422  (VIOLATED)
   u_NV_NVDLA_cmac/u_core/u_mac_4/exp_sft_49[0]
                             16.0000        16.5420        -0.5420  (VIOLATED)
   u_NV_NVDLA_cmac/u_core/u_mac_6/u_tree_l0n00/n232
                              8.0000         8.5405        -0.5405  (VIOLATED)
   u_NV_NVDLA_cmac/u_core/u_mac_7/u_nan/n2002
                             16.0000        16.5404        -0.5404  (VIOLATED)
   u_NV_NVDLA_cmac/u_core/u_mac_5/pp_out_l2n7_1_d2[26]
                             16.0000        16.5395        -0.5395  (VIOLATED)
   u_NV_NVDLA_cmac/u_core/u_mac_2/n1892
                              8.0000         8.5381        -0.5381  (VIOLATED)
   u_NV_NVDLA_cmac/u_core/u_mac_4/pp_out_l2n2_0[34]
                             16.0000        16.5375        -0.5375  (VIOLATED)
   u_NV_NVDLA_cmac/u_core/u_mac_1/u_mul_38/n298
                              8.0000         8.5363        -0.5363  (VIOLATED)
   u_NV_NVDLA_cmac/u_core/u_mac_1/pp_out_l2n2_1[31]
                             16.0000        16.5361        -0.5361  (VIOLATED)
   u_NV_NVDLA_cmac/u_core/u_mac_7/ps_n0b7_wg[2]
                              8.0000         8.5353        -0.5353  (VIOLATED)
   u_NV_NVDLA_cmac/u_core/u_mac_2/pp_out_l0n05_0[17]
                             16.0000        16.5324        -0.5324  (VIOLATED)
   u_NV_NVDLA_cmac/u_core/u_mac_4/pp_out_l0n14_0[33]
                             16.0000        16.5311        -0.5311  (VIOLATED)
   u_NV_NVDLA_cmac/u_core/u_mac_0/n7523
                             16.0000        16.5300        -0.5300  (VIOLATED)
   u_NV_NVDLA_cmac/u_core/u_active/dat_pre_nan[4]
                             16.0000        16.5277        -0.5277  (VIOLATED)
   u_NV_NVDLA_cmac/u_core/u_active/wt7_sd_data[813]
                             16.0000        16.5261        -0.5261  (VIOLATED)
   u_NV_NVDLA_cmac/u_core/u_mac_5/pp_out_l1n0_0[6]
                             16.0000        16.5244        -0.5244  (VIOLATED)
   u_NV_NVDLA_cmac/u_core/u_mac_2/res_tag_2[3]
                             16.0000        16.5236        -0.5236  (VIOLATED)
   u_NV_NVDLA_cmac/u_core/u_active/wt0_sd_data[522]
                             16.0000        16.5236        -0.5236  (VIOLATED)
   u_NV_NVDLA_cmac/u_core/u_mac_7/u_exp/n1704
                             16.0000        16.5232        -0.5232  (VIOLATED)
   u_NV_NVDLA_cmac/u_core/u_active/wt_pre_exp[30]
                             16.0000        16.5172        -0.5172  (VIOLATED)
   u_NV_NVDLA_cmac/u_core/u_mac_1/pp_out_l2n2_0[26]
                             16.0000        16.5162        -0.5162  (VIOLATED)
   u_NV_NVDLA_cmac/u_core/u_mac_3/u_mul_37/n318
                             16.0000        16.5151        -0.5151  (VIOLATED)
   u_NV_NVDLA_cmac/u_core/wt4_actv_data[129]
                             16.0000        16.5150        -0.5150  (VIOLATED)
   u_NV_NVDLA_cmac/u_core/u_mac_0/u_tree_l4n1/n211
                             16.0000        16.5136        -0.5136  (VIOLATED)
   u_NV_NVDLA_cmac/u_core/u_mac_6/res_tag_13[7]
                             32.0000        32.5128        -0.5128  (VIOLATED)
   u_NV_NVDLA_cmac/u_core/u_active/wt_pre_exp[155]
                             16.0000        16.5126        -0.5126  (VIOLATED)
   u_NV_NVDLA_cmac/u_core/u_mac_6/u_tree_l4n2/n231
                             16.0000        16.5106        -0.5106  (VIOLATED)
   u_NV_NVDLA_cmac/u_core/u_active/wt4_sd_nz[2]
                             16.0000        16.5074        -0.5074  (VIOLATED)
   u_NV_NVDLA_cmac/u_core/u_mac_1/u_tree_l0n07/n182
                              8.0000         8.5073        -0.5073  (VIOLATED)
   u_NV_NVDLA_cmac/u_core/u_active/wt2_sd_data[876]
                             16.0000        16.5047        -0.5047  (VIOLATED)
   u_NV_NVDLA_cmac/u_core/u_mac_3/pp_out_l0n00_1[25]
                              8.0000         8.5037        -0.5037  (VIOLATED)
   u_NV_NVDLA_cmac/u_core/u_active/wt0_sd_data[632]
                             16.0000        16.5030        -0.5030  (VIOLATED)
   u_NV_NVDLA_cmac/u_core/u_mac_7/u_nan/n1015
                             16.0000        16.5027        -0.5027  (VIOLATED)
   u_NV_NVDLA_cmac/u_core/u_mac_3/u_tree_l0n12/n12
                              8.0000         8.5013        -0.5013  (VIOLATED)
   u_NV_NVDLA_cmac/u_core/u_mac_7/ps_n2b2[4]
                              8.0000         8.4995        -0.4995  (VIOLATED)
   u_NV_NVDLA_cmac/u_core/u_mac_0/ps_n0b6_dc[6]
                              8.0000         8.4993        -0.4993  (VIOLATED)
   u_NV_NVDLA_cmac/u_core/u_mac_2/u_tree_l4n2/n187
                             16.0000        16.4991        -0.4991  (VIOLATED)
   u_NV_NVDLA_cmac/u_core/u_mac_7/u_mul_55/n315
                             16.0000        16.4990        -0.4990  (VIOLATED)
   u_NV_NVDLA_cmac/u_core/u_mac_1/exp_sft_02[3]
                             16.0000        16.4979        -0.4979  (VIOLATED)
   u_NV_NVDLA_cmac/u_core/u_mac_6/pp_out_l0n05_1[33]
                             16.0000        16.4972        -0.4972  (VIOLATED)
   u_NV_NVDLA_cmac/u_core/u_mac_1/u_tree_l0n07/n272
                              8.0000         8.4961        -0.4961  (VIOLATED)
   u_NV_NVDLA_cmac/u_core/u_mac_3/sop_2[4]
                              8.0000         8.4959        -0.4959  (VIOLATED)
   u_NV_NVDLA_cmac/u_core/u_mac_7/pp_out_l0n08_1[22]
                              8.0000         8.4951        -0.4951  (VIOLATED)
   u_NV_NVDLA_cmac/u_core/u_mac_0/pp_out_l0n11_1[29]
                             16.0000        16.4943        -0.4943  (VIOLATED)
   u_NV_NVDLA_cmac/u_core/u_mac_0/pp_out_l1n6_0[39]
                              8.0000         8.4935        -0.4935  (VIOLATED)
   u_NV_NVDLA_cmac/u_core/u_mac_0/u_tree_l4n1/n213
                             16.0000        16.4925        -0.4925  (VIOLATED)
   u_NV_NVDLA_cmac/u_core/u_mac_5/n4908
                             16.0000        16.4898        -0.4898  (VIOLATED)
   u_NV_NVDLA_cmac/u_core/u_active/n37347
                             64.0000        64.4874        -0.4874  (VIOLATED)
   u_NV_NVDLA_cmac/u_core/u_mac_6/u_tree_l0n12/n292
                              8.0000         8.4867        -0.4867  (VIOLATED)
   u_NV_NVDLA_cmac/u_core/u_mac_7/pp_out_l0n05_0[26]
                             16.0000        16.4866        -0.4866  (VIOLATED)
   u_NV_NVDLA_cmac/u_core/u_mac_6/u_mul_8/n309
                             16.0000        16.4854        -0.4854  (VIOLATED)
   u_NV_NVDLA_cmac/u_core/u_active/wt0_sd_data[573]
                             16.0000        16.4850        -0.4850  (VIOLATED)
   u_NV_NVDLA_cmac/u_core/u_mac_3/u_tree_l0n12/n292
                              8.0000         8.4848        -0.4848  (VIOLATED)
   u_NV_NVDLA_cmac/u_core/u_mac_1/pp_out_l0n01_0[34]
                             82.0000        82.4844        -0.4844  (VIOLATED)
   u_NV_NVDLA_cmac/u_core/u_mac_0/pp_out_l0n11_1[12]
                             16.0000        16.4828        -0.4828  (VIOLATED)
   u_NV_NVDLA_cmac/u_core/u_mac_1/u_tree_l0n07/n282
                              8.0000         8.4813        -0.4813  (VIOLATED)
   u_NV_NVDLA_cmac/u_core/u_active/wt0_sd_data[24]
                             16.0000        16.4792        -0.4792  (VIOLATED)
   u_NV_NVDLA_cmac/u_core/u_mac_5/pp_out_l2n0_0[27]
                             16.0000        16.4791        -0.4791  (VIOLATED)
   u_NV_NVDLA_cmac/u_core/u_mac_0/pp_out_l0n02_1[28]
                             16.0000        16.4777        -0.4777  (VIOLATED)
   u_NV_NVDLA_cmac/u_core/u_mac_4/u_mul_42/n316
                             16.0000        16.4775        -0.4775  (VIOLATED)
   u_NV_NVDLA_cmac/u_core/u_mac_7/u_tree_l4n2/n291
                              8.0000         8.4765        -0.4765  (VIOLATED)
   u_NV_NVDLA_cmac/u_core/u_mac_4/pp_out_l0n10_0[30]
                             16.0000        16.4762        -0.4762  (VIOLATED)
   u_NV_NVDLA_cmac/u_core/u_mac_3/u_tree_l0n12/n212
                              8.0000         8.4750        -0.4750  (VIOLATED)
   u_NV_NVDLA_cmac/u_core/u_mac_7/pp_out_l1n2_1[10]
                              8.0000         8.4744        -0.4744  (VIOLATED)
   u_NV_NVDLA_cmac/u_core/u_mac_1/pp_out_l2n3_0[33]
                             16.0000        16.4742        -0.4742  (VIOLATED)
   u_NV_NVDLA_cmac/u_core/u_mac_7/pp_out_l0n05_1[21]
                             16.0000        16.4739        -0.4739  (VIOLATED)
   u_NV_NVDLA_cmac/u_core/u_mac_2/u_exp/exp_sum_43[2]
                             16.0000        16.4733        -0.4733  (VIOLATED)
   u_NV_NVDLA_cmac/u_core/u_mac_7/u_exp/exp_sum_52[0]
                             16.0000        16.4724        -0.4724  (VIOLATED)
   u_NV_NVDLA_cmac/u_core/u_mac_6/u_tree_l4n2/n228
                             16.0000        16.4719        -0.4719  (VIOLATED)
   u_NV_NVDLA_cmac/u_core/u_mac_7/u_tree_l4n3/n167
                             16.0000        16.4712        -0.4712  (VIOLATED)
   u_NV_NVDLA_cmac/u_core/u_active/n97594
                             16.0000        16.4692        -0.4692  (VIOLATED)
   u_NV_NVDLA_cmac/u_core/u_mac_0/exp_sft_56[3]
                             16.0000        16.4691        -0.4691  (VIOLATED)
   u_NV_NVDLA_cmac/u_core/u_mac_4/pp_out_l0n05_1[4]
                             16.0000        16.4673        -0.4673  (VIOLATED)
   u_NV_NVDLA_cmac/u_core/wt4_actv_data[449]
                             16.0000        16.4669        -0.4669  (VIOLATED)
   u_NV_NVDLA_cmac/u_core/u_mac_1/u_nan/n2089
                             16.0000        16.4664        -0.4664  (VIOLATED)
   u_NV_NVDLA_cmac/u_core/u_active/n44808
                             16.0000        16.4662        -0.4662  (VIOLATED)
   u_NV_NVDLA_cmac/u_core/wt4_actv_data[784]
                             16.0000        16.4659        -0.4659  (VIOLATED)
   u_NV_NVDLA_cmac/u_core/u_mac_5/pp_out_l2n4_0_d2[25]
                             16.0000        16.4650        -0.4650  (VIOLATED)
   u_NV_NVDLA_cmac/u_core/u_mac_3/res_tag_54[0]
                             16.0000        16.4635        -0.4635  (VIOLATED)
   u_NV_NVDLA_cmac/u_core/u_mac_3/u_tree_l0n01/n252
                              8.0000         8.4626        -0.4626  (VIOLATED)
   u_NV_NVDLA_cmac/u_core/u_active/n44904
                             16.0000        16.4619        -0.4619  (VIOLATED)
   u_NV_NVDLA_cmac/u_core/u_mac_1/u_mul_33/n322
                             16.0000        16.4604        -0.4604  (VIOLATED)
   u_NV_NVDLA_cmac/u_core/u_mac_6/u_tree_l0n01/n342
                             16.0000        16.4597        -0.4597  (VIOLATED)
   u_NV_NVDLA_cmac/u_core/u_mac_0/u_mul_31/n316
                             16.0000        16.4589        -0.4589  (VIOLATED)
   u_NV_NVDLA_cmac/u_core/u_mac_6/pp_out_l2n6_1[33]
                             16.0000        16.4587        -0.4587  (VIOLATED)
   u_NV_NVDLA_cmac/u_core/u_mac_4/pp_out_l1n0_1[17]
                             16.0000        16.4576        -0.4576  (VIOLATED)
   u_NV_NVDLA_cmac/u_core/u_mac_5/u_tree_l4n1/n201
                             16.0000        16.4567        -0.4567  (VIOLATED)
   u_NV_NVDLA_cmac/u_core/u_mac_6/u_tree_l4n3/n107
                              8.0000         8.4552        -0.4552  (VIOLATED)
   u_NV_NVDLA_cmac/u_core/u_active/wt1_sd_data[286]
                             16.0000        16.4523        -0.4523  (VIOLATED)
   u_NV_NVDLA_cmac/u_core/u_mac_5/n9403
                              8.0000         8.4522        -0.4522  (VIOLATED)
   u_NV_NVDLA_cmac/u_core/u_active/n11886
                             16.0000        16.4521        -0.4521  (VIOLATED)
   u_NV_NVDLA_cmac/u_core/u_mac_4/pp_out_l0n05_1[17]
                             16.0000        16.4520        -0.4520  (VIOLATED)
   u_NV_NVDLA_cmac/u_core/wt0_actv_data[273]
                             16.0000        16.4519        -0.4519  (VIOLATED)
   u_NV_NVDLA_cmac/u_core/u_active/n31845
                             16.0000        16.4516        -0.4516  (VIOLATED)
   u_NV_NVDLA_cmac/u_core/u_mac_2/pp_out_l0n09_1[5]
                              8.0000         8.4512        -0.4512  (VIOLATED)
   u_NV_NVDLA_cmac/u_core/u_mac_1/u_tree_l4n3/n240
                             16.0000        16.4504        -0.4504  (VIOLATED)
   u_NV_NVDLA_cmac/u_core/u_mac_5/pp_out_l2n7_0_d2[36]
                             16.0000        16.4503        -0.4503  (VIOLATED)
   u_NV_NVDLA_cmac/u_core/u_active/wt0_sd_data[317]
                             16.0000        16.4497        -0.4497  (VIOLATED)
   u_NV_NVDLA_cmac/u_core/u_mac_3/pp_out_l2n5_1[25]
                              8.0000         8.4475        -0.4475  (VIOLATED)
   u_NV_NVDLA_cmac/u_core/u_mac_7/u_nan/n1041
                             16.0000        16.4463        -0.4463  (VIOLATED)
   u_NV_NVDLA_cmac/u_core/u_mac_6/u_exp/n3345
                             32.0000        32.4458        -0.4458  (VIOLATED)
   u_NV_NVDLA_cmac/u_core/u_mac_0/pp_out_l0n04_1[27]
                             16.0000        16.4452        -0.4452  (VIOLATED)
   u_NV_NVDLA_cmac/u_core/u_active/wt1_sd_data[261]
                             16.0000        16.4450        -0.4450  (VIOLATED)
   u_NV_NVDLA_cmac/u_core/u_active/wt7_sd_data[416]
                             16.0000        16.4439        -0.4439  (VIOLATED)
   u_NV_NVDLA_cmac/u_core/u_mac_6/pp_out_l2n2_1[37]
                             16.0000        16.4436        -0.4436  (VIOLATED)
   u_NV_NVDLA_cmac/u_core/u_mac_7/pp_out_l0n01_0[13]
                             16.0000        16.4434        -0.4434  (VIOLATED)
   u_NV_NVDLA_cmac/u_core/u_mac_7/u_mul_56/n197
                              8.0000         8.4420        -0.4420  (VIOLATED)
   u_NV_NVDLA_cmac/u_core/u_mac_1/u_tree_l4n3/n161
                             16.0000        16.4418        -0.4418  (VIOLATED)
   u_NV_NVDLA_cmac/u_core/wt4_actv_data[448]
                             16.0000        16.4414        -0.4414  (VIOLATED)
   u_NV_NVDLA_cmac/u_core/u_mac_0/pp_out_l0n02_1[3]
                             16.0000        16.4412        -0.4412  (VIOLATED)
   u_NV_NVDLA_cmac/u_core/u_mac_7/u_tree_l4n3/n191
                             16.0000        16.4408        -0.4408  (VIOLATED)
   u_NV_NVDLA_cmac/u_core/u_mac_6/u_exp/n40
                              8.0000         8.4396        -0.4396  (VIOLATED)
   u_NV_NVDLA_cmac/u_core/u_active/wt7_sd_data[449]
                             16.0000        16.4394        -0.4394  (VIOLATED)
   u_NV_NVDLA_cmac/u_core/u_mac_0/u_mul_1/n225
                             32.0000        32.4388        -0.4388  (VIOLATED)
   u_NV_NVDLA_cmac/u_core/u_mac_6/pp_out_l0n05_1[26]
                             16.0000        16.4387        -0.4387  (VIOLATED)
   u_NV_NVDLA_cmac/u_core/u_mac_7/u_tree_l1n2/n49
                              8.0000         8.4386        -0.4386  (VIOLATED)
   u_NV_NVDLA_cmac/u_core/u_mac_0/pp_out_l2n6_0[33]
                             16.0000        16.4352        -0.4352  (VIOLATED)
   u_NV_NVDLA_cmac/u_core/u_active/wt4_sd_data[529]
                             16.0000        16.4338        -0.4338  (VIOLATED)
   u_NV_NVDLA_cmac/u_core/u_mac_4/pp_out_l0n10_1[32]
                             16.0000        16.4330        -0.4330  (VIOLATED)
   u_NV_NVDLA_cmac/u_core/u_mac_5/pp_out_l2n4_1[30]
                             16.0000        16.4322        -0.4322  (VIOLATED)
   u_NV_NVDLA_cmac/u_core/u_mac_7/u_tree_l4n2/n249
                             16.0000        16.4319        -0.4319  (VIOLATED)
   u_NV_NVDLA_cmac/u_core/u_mac_7/exp_sft_55[1]
                             16.0000        16.4316        -0.4316  (VIOLATED)
   u_NV_NVDLA_cmac/u_core/u_mac_2/u_tree_l0n15/n12
                              8.0000         8.4313        -0.4313  (VIOLATED)
   u_NV_NVDLA_cmac/u_core/u_active/wt1_sd_data[280]
                             16.0000        16.4308        -0.4308  (VIOLATED)
   u_NV_NVDLA_cmac/u_core/u_mac_7/u_mul_60/n197
                              8.0000         8.4301        -0.4301  (VIOLATED)
   u_NV_NVDLA_cmac/u_core/u_mac_0/pp_out_l0n11_1[9]
                             16.0000        16.4299        -0.4299  (VIOLATED)
   u_NV_NVDLA_cmac/u_core/u_mac_3/u_mul_32/n197
                              8.0000         8.4292        -0.4292  (VIOLATED)
   u_NV_NVDLA_cmac/u_core/u_mac_7/u_tree_l0n13/n152
                              8.0000         8.4288        -0.4288  (VIOLATED)
   u_NV_NVDLA_cmac/u_core/u_mac_1/u_tree_l0n11/n242
                              8.0000         8.4273        -0.4273  (VIOLATED)
   u_NV_NVDLA_cmac/u_core/u_mac_3/u_tree_l0n12/n222
                              8.0000         8.4269        -0.4269  (VIOLATED)
   u_NV_NVDLA_cmac/u_core/u_mac_6/n7571
                             16.0000        16.4269        -0.4269  (VIOLATED)
   u_NV_NVDLA_cmac/u_core/u_mac_0/u_exp/exp_sum_63[2]
                             16.0000        16.4264        -0.4264  (VIOLATED)
   u_NV_NVDLA_cmac/u_core/u_mac_3/pp_out_l0n07_0[34]
                             16.0000        16.4262        -0.4262  (VIOLATED)
   u_NV_NVDLA_cmac/u_core/u_mac_4/ps_n0b3_wg[1]
                              8.0000         8.4256        -0.4256  (VIOLATED)
   u_NV_NVDLA_cmac/u_core/u_mac_5/pp_out_l2n0_0[33]
                             16.0000        16.4255        -0.4255  (VIOLATED)
   u_NV_NVDLA_cmac/u_core/u_mac_4/pp_out_l0n05_1[16]
                             16.0000        16.4243        -0.4243  (VIOLATED)
   u_NV_NVDLA_cmac/u_core/u_active/n15060
                             16.0000        16.4240        -0.4240  (VIOLATED)
   u_NV_NVDLA_cmac/u_core/u_mac_5/u_tree_l4n3/n161
                             16.0000        16.4240        -0.4240  (VIOLATED)
   u_NV_NVDLA_cmac/u_core/u_mac_5/pp_out_l0n08_1[29]
                              8.0000         8.4237        -0.4237  (VIOLATED)
   u_NV_NVDLA_cmac/u_core/u_mac_2/pp_out_l0n06_1[12]
                             16.0000        16.4186        -0.4186  (VIOLATED)
   u_NV_NVDLA_cmac/u_core/u_mac_1/pp_out_l0n02_0[35]
                              8.0000         8.4182        -0.4182  (VIOLATED)
   u_NV_NVDLA_cmac/u_core/u_mac_4/u_tree_l0n05/n242
                              8.0000         8.4149        -0.4149  (VIOLATED)
   u_NV_NVDLA_cmac/u_core/u_mac_2/n10380
                              8.0000         8.4137        -0.4137  (VIOLATED)
   u_NV_NVDLA_cmac/u_core/u_mac_5/u_mul_14/n96
                              8.0000         8.4132        -0.4132  (VIOLATED)
   u_NV_NVDLA_cmac/u_core/u_mac_2/sop_3[7]
                              8.0000         8.4114        -0.4114  (VIOLATED)
   u_NV_NVDLA_cmac/u_core/u_mac_6/pp_out_l0n05_0[22]
                             16.0000        16.4090        -0.4090  (VIOLATED)
   u_NV_NVDLA_cmac/u_core/u_mac_7/pp_out_l0n12_0[21]
                             16.0000        16.4082        -0.4082  (VIOLATED)
   u_NV_NVDLA_cmac/u_core/u_mac_5/n1768
                              8.0000         8.4080        -0.4080  (VIOLATED)
   u_NV_NVDLA_cmac/u_core/u_active/wt4_sd_data[816]
                             16.0000        16.4072        -0.4072  (VIOLATED)
   u_NV_NVDLA_cmac/u_core/u_active/wt1_sd_data[897]
                             16.0000        16.4068        -0.4068  (VIOLATED)
   u_NV_NVDLA_cmac/u_core/u_active/dat_pre_data[691]
                             16.0000        16.4067        -0.4067  (VIOLATED)
   u_NV_NVDLA_cmac/u_core/u_mac_7/pp_out_l0n05_1[18]
                             16.0000        16.4052        -0.4052  (VIOLATED)
   u_NV_NVDLA_cmac/u_core/u_mac_0/u_tree_l0n06/n302
                              8.0000         8.4044        -0.4044  (VIOLATED)
   u_NV_NVDLA_cmac/u_core/u_active/wt4_sd_data[771]
                             16.0000        16.4041        -0.4041  (VIOLATED)
   u_NV_NVDLA_cmac/u_core/u_mac_6/pp_out_l2n6_0[32]
                             16.0000        16.4031        -0.4031  (VIOLATED)
   u_NV_NVDLA_cmac/u_core/u_mac_6/pp_out_l0n03_1[15]
                              8.0000         8.4023        -0.4023  (VIOLATED)
   u_NV_NVDLA_cmac/u_core/u_mac_1/u_tree_l4n3/n248
                             16.0000        16.4015        -0.4015  (VIOLATED)
   u_NV_NVDLA_cmac/u_core/u_mac_1/exp_sft_04[3]
                             16.0000        16.4001        -0.4001  (VIOLATED)
   u_NV_NVDLA_cmac/u_core/u_mac_4/u_mul_6/n314
                             16.0000        16.4001        -0.4001  (VIOLATED)
   u_NV_NVDLA_cmac/u_core/u_mac_0/u_mul_46/n310
                             16.0000        16.3999        -0.3999  (VIOLATED)
   u_NV_NVDLA_cmac/u_core/u_mac_3/n3420
                             32.0000        32.3988        -0.3988  (VIOLATED)
   u_NV_NVDLA_cmac/u_core/u_mac_2/pp_out_l2n4_1[28]
                             16.0000        16.3987        -0.3987  (VIOLATED)
   u_NV_NVDLA_cmac/u_core/u_mac_7/pp_out_l0n05_0[27]
                             16.0000        16.3967        -0.3967  (VIOLATED)
   u_NV_NVDLA_cmac/u_core/u_mac_4/pp_out_l1n0_1[13]
                             16.0000        16.3966        -0.3966  (VIOLATED)
   u_NV_NVDLA_cmac/u_core/u_mac_0/sop_0[6]
                              8.0000         8.3953        -0.3953  (VIOLATED)
   u_NV_NVDLA_cmac/u_core/u_active/wt0_sd_data[544]
                             16.0000        16.3950        -0.3950  (VIOLATED)
   u_NV_NVDLA_cmac/u_core/u_mac_5/pp_out_l2n4_0[38]
                             16.0000        16.3940        -0.3940  (VIOLATED)
   u_NV_NVDLA_cmac/u_core/u_active/wt_pre_exp[33]
                             16.0000        16.3936        -0.3936  (VIOLATED)
   u_NV_NVDLA_cmac/u_core/u_mac_2/pp_out_l0n09_1[26]
                              8.0000         8.3932        -0.3932  (VIOLATED)
   u_NV_NVDLA_cmac/u_core/u_mac_1/n10334
                              8.0000         8.3923        -0.3923  (VIOLATED)
   u_NV_NVDLA_cmac/u_core/wt4_actv_data[785]
                             16.0000        16.3918        -0.3918  (VIOLATED)
   u_NV_NVDLA_cmac/u_core/u_mac_0/u_tree_l4n3/n242
                             16.0000        16.3888        -0.3888  (VIOLATED)
   u_NV_NVDLA_cmac/u_core/u_mac_5/pp_out_l2n4_1[39]
                             16.0000        16.3880        -0.3880  (VIOLATED)
   u_NV_NVDLA_cmac/u_core/u_mac_3/u_mul_48/n197
                              8.0000         8.3878        -0.3878  (VIOLATED)
   u_NV_NVDLA_cmac/u_core/wt4_actv_data[145]
                             16.0000        16.3873        -0.3873  (VIOLATED)
   u_NV_NVDLA_cmac/u_core/u_active/wt0_sd_data[263]
                             16.0000        16.3869        -0.3869  (VIOLATED)
   u_NV_NVDLA_cmac/u_core/u_mac_3/u_mul_6/n197
                              8.0000         8.3868        -0.3868  (VIOLATED)
   u_NV_NVDLA_cmac/u_core/u_mac_7/pp_out_l0n05_0[31]
                             16.0000        16.3867        -0.3867  (VIOLATED)
   u_NV_NVDLA_cmac/u_core/u_mac_4/pp_out_l0n07_1[13]
                              8.0000         8.3858        -0.3858  (VIOLATED)
   u_NV_NVDLA_cmac/u_core/u_active/wt_pre_exp[55]
                             16.0000        16.3858        -0.3858  (VIOLATED)
   u_NV_NVDLA_cmac/u_core/u_mac_1/u_tree_l4n2/n236
                              8.0000         8.3857        -0.3857  (VIOLATED)
   u_NV_NVDLA_cmac/u_core/u_mac_7/ps_n3b3[4]
                              8.0000         8.3851        -0.3851  (VIOLATED)
   u_NV_NVDLA_cmac/u_core/u_active/n11134
                             16.0000        16.3849        -0.3849  (VIOLATED)
   u_NV_NVDLA_cmac/u_core/u_mac_4/pp_out_l0n07_1[16]
                              8.0000         8.3835        -0.3835  (VIOLATED)
   u_NV_NVDLA_cmac/u_core/u_mac_1/u_tree_l0n11/n282
                              8.0000         8.3819        -0.3819  (VIOLATED)
   u_NV_NVDLA_cmac/u_core/u_mac_3/ps_n2b2[4]
                              8.0000         8.3813        -0.3813  (VIOLATED)
   u_NV_NVDLA_cmac/u_core/u_mac_2/res_tag_43[3]
                             16.0000        16.3806        -0.3806  (VIOLATED)
   u_NV_NVDLA_cmac/u_core/u_mac_5/pp_out_l0n08_1[21]
                              8.0000         8.3802        -0.3802  (VIOLATED)
   u_NV_NVDLA_cmac/u_core/u_active/wt0_sd_data[617]
                             16.0000        16.3791        -0.3791  (VIOLATED)
   u_NV_NVDLA_cmac/u_core/u_mac_7/n10273
                              8.0000         8.3788        -0.3788  (VIOLATED)
   u_NV_NVDLA_cmac/u_core/u_mac_3/pp_out_l0n07_0[31]
                             16.0000        16.3780        -0.3780  (VIOLATED)
   u_NV_NVDLA_cmac/u_core/u_mac_6/pp_out_l0n05_1[34]
                             16.0000        16.3770        -0.3770  (VIOLATED)
   u_NV_NVDLA_cmac/u_core/u_active/n31572
                             16.0000        16.3765        -0.3765  (VIOLATED)
   u_NV_NVDLA_cmac/u_core/u_mac_7/u_tree_l0n03/n202
                              8.0000         8.3764        -0.3764  (VIOLATED)
   u_NV_NVDLA_cmac/u_core/u_mac_2/u_tree_l4n2/n219
                             16.0000        16.3763        -0.3763  (VIOLATED)
   u_NV_NVDLA_cmac/u_core/u_mac_2/u_mul_23/n316
                             16.0000        16.3750        -0.3750  (VIOLATED)
   u_NV_NVDLA_cmac/u_core/u_mac_4/pp_out_l0n10_1[9]
                             16.0000        16.3728        -0.3728  (VIOLATED)
   u_NV_NVDLA_cmac/u_core/u_mac_6/pp_out_l0n10_0[4]
                             16.0000        16.3726        -0.3726  (VIOLATED)
   u_NV_NVDLA_cmac/u_core/u_active/wt0_sd_data[581]
                             16.0000        16.3705        -0.3705  (VIOLATED)
   u_NV_NVDLA_cmac/u_core/u_active/n11665
                             16.0000        16.3698        -0.3698  (VIOLATED)
   u_NV_NVDLA_cmac/u_core/u_mac_2/u_tree_l0n01/n132
                              8.0000         8.3696        -0.3696  (VIOLATED)
   u_NV_NVDLA_cmac/u_core/u_mac_3/u_tree_l0n12/n302
                              8.0000         8.3693        -0.3693  (VIOLATED)
   u_NV_NVDLA_cmac/u_core/u_active/wt0_sd_data[41]
                             16.0000        16.3685        -0.3685  (VIOLATED)
   u_NV_NVDLA_cmac/u_core/u_mac_4/pp_nan_mts_d1[10]
                             16.0000        16.3683        -0.3683  (VIOLATED)
   u_NV_NVDLA_cmac/u_core/u_mac_1/sop_2[2]
                              8.0000         8.3680        -0.3680  (VIOLATED)
   u_NV_NVDLA_cmac/u_core/u_mac_6/u_tree_l4n2/n192
                             16.0000        16.3677        -0.3677  (VIOLATED)
   u_NV_NVDLA_cmac/u_core/u_mac_2/pp_out_l0n09_1[25]
                              8.0000         8.3677        -0.3677  (VIOLATED)
   u_NV_NVDLA_cmac/u_core/u_mac_2/ps_n2b5[1]
                              8.0000         8.3669        -0.3669  (VIOLATED)
   u_NV_NVDLA_cmac/u_core/u_mac_0/pp_out_l0n05_1[20]
                              8.0000         8.3667        -0.3667  (VIOLATED)
   u_NV_NVDLA_cmac/u_core/u_mac_7/u_nan/n2303
                             16.0000        16.3657        -0.3657  (VIOLATED)
   u_NV_NVDLA_cmac/u_core/u_mac_4/u_mul_11/n319
                             16.0000        16.3646        -0.3646  (VIOLATED)
   u_NV_NVDLA_cmac/u_core/u_mac_1/res_tag_19[6]
                             32.0000        32.3613        -0.3613  (VIOLATED)
   u_NV_NVDLA_cmac/u_core/u_mac_5/pp_out_l2n0_0[28]
                             16.0000        16.3601        -0.3601  (VIOLATED)
   u_NV_NVDLA_cmac/u_core/u_mac_6/u_tree_l0n12/n232
                              8.0000         8.3597        -0.3597  (VIOLATED)
   u_NV_NVDLA_cmac/u_core/u_mac_0/u_mul_48/n316
                             16.0000        16.3596        -0.3596  (VIOLATED)
   u_NV_NVDLA_cmac/u_core/u_mac_0/pp_out_l1n2_0[16]
                             16.0000        16.3592        -0.3592  (VIOLATED)
   u_NV_NVDLA_cmac/u_core/u_mac_7/u_tree_l0n13/n42
                              8.0000         8.3591        -0.3591  (VIOLATED)
   u_NV_NVDLA_cmac/u_core/u_mac_2/pp_out_l0n15_1[11]
                              8.0000         8.3566        -0.3566  (VIOLATED)
   u_NV_NVDLA_cmac/u_core/u_mac_0/pp_out_l1n0_1[37]
                              8.0000         8.3559        -0.3559  (VIOLATED)
   u_NV_NVDLA_cmac/u_core/u_mac_0/pp_out_l0n11_1[30]
                             16.0000        16.3558        -0.3558  (VIOLATED)
   u_NV_NVDLA_cmac/u_core/u_mac_6/pp_out_l0n14_1[4]
                              8.0000         8.3556        -0.3556  (VIOLATED)
   u_NV_NVDLA_cmac/u_core/u_active/wt2_sd_data[852]
                             16.0000        16.3552        -0.3552  (VIOLATED)
   u_NV_NVDLA_cmac/u_core/u_mac_0/res_tag_32[6]
                             32.0000        32.3549        -0.3549  (VIOLATED)
   u_NV_NVDLA_cmac/u_core/u_mac_0/res_a_08[19]
                             16.0000        16.3538        -0.3538  (VIOLATED)
   u_NV_NVDLA_cmac/u_core/u_mac_1/pp_out_l0n07_1[12]
                              8.0000         8.3525        -0.3525  (VIOLATED)
   u_NV_NVDLA_cmac/u_core/u_active/dat_pre_data[148]
                             16.0000        16.3523        -0.3523  (VIOLATED)
   u_NV_NVDLA_cmac/u_core/u_mac_4/pp_out_l1n0_0[17]
                             16.0000        16.3522        -0.3522  (VIOLATED)
   u_NV_NVDLA_cmac/u_core/u_active/n55950
                            168.0000       168.3513        -0.3513  (VIOLATED)
   u_NV_NVDLA_cmac/u_core/u_mac_1/u_tree_l0n06/n192
                              8.0000         8.3513        -0.3513  (VIOLATED)
   u_NV_NVDLA_cmac/u_core/u_active/n25166
                             16.0000        16.3505        -0.3505  (VIOLATED)
   u_NV_NVDLA_cmac/u_core/u_active/wt4_sd_data[818]
                             16.0000        16.3504        -0.3504  (VIOLATED)
   u_NV_NVDLA_cmac/u_core/u_mac_4/pp_out_l0n07_1[8]
                              8.0000         8.3493        -0.3493  (VIOLATED)
   u_NV_NVDLA_cmac/u_core/u_mac_2/n1954
                              8.0000         8.3488        -0.3488  (VIOLATED)
   u_NV_NVDLA_cmac/u_core/u_mac_0/sop_2[6]
                              8.0000         8.3470        -0.3470  (VIOLATED)
   u_NV_NVDLA_cmac/u_core/u_mac_6/pp_out_l0n05_0[31]
                             16.0000        16.3444        -0.3444  (VIOLATED)
   u_NV_NVDLA_cmac/u_core/u_mac_0/pp_out_l0n04_1[22]
                             16.0000        16.3442        -0.3442  (VIOLATED)
   u_NV_NVDLA_cmac/u_core/u_mac_1/pp_out_l0n10_1[3]
                              8.0000         8.3436        -0.3436  (VIOLATED)
   u_NV_NVDLA_cmac/u_core/u_mac_5/u_tree_l4n1/n213
                             16.0000        16.3427        -0.3427  (VIOLATED)
   u_NV_NVDLA_cmac/u_core/u_mac_6/n7466
                             16.0000        16.3416        -0.3416  (VIOLATED)
   u_NV_NVDLA_cmac/u_core/u_mac_7/u_tree_l4n3/n185
                             16.0000        16.3416        -0.3416  (VIOLATED)
   u_NV_NVDLA_cmac/u_core/u_mac_4/pp_out_l0n10_0[28]
                             16.0000        16.3412        -0.3412  (VIOLATED)
   u_NV_NVDLA_cmac/u_core/u_mac_2/pp_out_l1n2_1[7]
                              8.0000         8.3407        -0.3407  (VIOLATED)
   u_NV_NVDLA_cmac/u_core/u_mac_5/ps_n0b0_wg[1]
                              8.0000         8.3393        -0.3393  (VIOLATED)
   u_NV_NVDLA_cmac/u_core/u_mac_3/u_nan/n1503
                             16.0000        16.3387        -0.3387  (VIOLATED)
   u_NV_NVDLA_cmac/u_core/u_mac_1/ps_n2b0[2]
                              8.0000         8.3378        -0.3378  (VIOLATED)
   u_NV_NVDLA_cmac/u_core/u_mac_2/pp_out_l0n06_0[9]
                             16.0000        16.3377        -0.3377  (VIOLATED)
   u_NV_NVDLA_cmac/u_core/u_mac_1/u_mul_38/n318
                             16.0000        16.3371        -0.3371  (VIOLATED)
   u_NV_NVDLA_cmac/u_core/u_mac_1/u_tree_l0n08/n282
                              8.0000         8.3371        -0.3371  (VIOLATED)
   u_NV_NVDLA_cmac/u_core/u_mac_3/n10136
                              8.0000         8.3361        -0.3361  (VIOLATED)
   u_NV_NVDLA_cmac/u_core/u_active/wt4_sd_data[95]
                             16.0000        16.3356        -0.3356  (VIOLATED)
   u_NV_NVDLA_cmac/u_core/u_mac_2/pp_out_l0n04_1[24]
                             16.0000        16.3352        -0.3352  (VIOLATED)
   u_NV_NVDLA_cmac/u_core/u_mac_2/pp_out_l0n04_1[26]
                             16.0000        16.3343        -0.3343  (VIOLATED)
   u_NV_NVDLA_cmac/u_core/u_mac_7/pp_out_l0n12_0[19]
                             16.0000        16.3336        -0.3336  (VIOLATED)
   u_NV_NVDLA_cmac/u_core/u_mac_3/u_mul_38/n318
                             16.0000        16.3321        -0.3321  (VIOLATED)
   u_NV_NVDLA_cmac/u_core/u_mac_6/u_tree_l0n12/n302
                              8.0000         8.3321        -0.3321  (VIOLATED)
   u_NV_NVDLA_cmac/u_core/u_mac_2/n3685
                             16.0000        16.3318        -0.3318  (VIOLATED)
   u_NV_NVDLA_cmac/u_core/u_mac_4/pp_out_l0n10_0[7]
                             16.0000        16.3314        -0.3314  (VIOLATED)
   u_NV_NVDLA_cmac/u_core/u_mac_7/pp_out_l0n12_0[20]
                             16.0000        16.3309        -0.3309  (VIOLATED)
   u_NV_NVDLA_cmac/u_core/u_mac_7/u_nan/n475
                             16.0000        16.3297        -0.3297  (VIOLATED)
   u_NV_NVDLA_cmac/u_core/u_mac_1/pp_out_l2n3_1[31]
                             16.0000        16.3295        -0.3295  (VIOLATED)
   u_NV_NVDLA_cmac/u_core/u_mac_0/pp_out_l2n6_0[31]
                             16.0000        16.3285        -0.3285  (VIOLATED)
   u_NV_NVDLA_cmac/u_core/u_mac_7/pp_out_l0n06_0[35]
                              8.0000         8.3274        -0.3274  (VIOLATED)
   u_NV_NVDLA_cmac/u_core/wt3_actv_data[193]
                             16.0000        16.3269        -0.3269  (VIOLATED)
   u_NV_NVDLA_cmac/u_core/u_mac_0/u_tree_l4n3/n240
                             16.0000        16.3260        -0.3260  (VIOLATED)
   u_NV_NVDLA_cmac/u_core/u_mac_6/u_tree_l4n2/n237
                             16.0000        16.3254        -0.3254  (VIOLATED)
   u_NV_NVDLA_cmac/u_core/u_mac_5/pp_out_l2n0_0[31]
                             16.0000        16.3240        -0.3240  (VIOLATED)
   u_NV_NVDLA_cmac/u_core/u_mac_2/ps_n2b5[2]
                              8.0000         8.3231        -0.3231  (VIOLATED)
   u_NV_NVDLA_cmac/u_core/u_mac_7/n7288
                             16.0000        16.3229        -0.3229  (VIOLATED)
   u_NV_NVDLA_cmac/u_core/u_active/n11549
                             16.0000        16.3219        -0.3219  (VIOLATED)
   u_NV_NVDLA_cmac/u_core/u_mac_7/pp_out_l0n08_1[20]
                              8.0000         8.3217        -0.3217  (VIOLATED)
   u_NV_NVDLA_cmac/u_core/u_mac_4/u_nan/n109
                             16.0000        16.3206        -0.3206  (VIOLATED)
   u_NV_NVDLA_cmac/u_core/u_mac_4/pp_out_l2n2_0[31]
                             16.0000        16.3205        -0.3205  (VIOLATED)
   u_NV_NVDLA_cmac/u_core/u_mac_7/pp_out_l0n05_1[17]
                             16.0000        16.3202        -0.3202  (VIOLATED)
   u_NV_NVDLA_cmac/u_core/u_mac_3/pp_out_l0n00_1[26]
                              8.0000         8.3202        -0.3202  (VIOLATED)
   u_NV_NVDLA_cmac/u_core/u_mac_7/res_tag_30[3]
                             16.0000        16.3200        -0.3200  (VIOLATED)
   u_NV_NVDLA_cmac/u_core/u_mac_5/pp_out_l0n15_1[23]
                              8.0000         8.3193        -0.3193  (VIOLATED)
   u_NV_NVDLA_cmac/u_core/u_mac_6/u_nan/n426
                             16.0000        16.3172        -0.3172  (VIOLATED)
   u_NV_NVDLA_cmac/u_core/u_mac_1/u_tree_l0n11/n322
                              8.0000         8.3168        -0.3168  (VIOLATED)
   u_NV_NVDLA_cmac/u_core/u_rt_out/n545
                             16.0000        16.3167        -0.3167  (VIOLATED)
   u_NV_NVDLA_cmac/u_core/u_mac_5/pp_out_l0n15_1[29]
                              8.0000         8.3165        -0.3165  (VIOLATED)
   u_NV_NVDLA_cmac/u_core/u_mac_7/pp_out_l0n06_1[3]
                              8.0000         8.3138        -0.3138  (VIOLATED)
   u_NV_NVDLA_cmac/u_core/u_mac_6/n1522
                              8.0000         8.3134        -0.3134  (VIOLATED)
   u_NV_NVDLA_cmac/u_core/u_mac_7/pp_out_l0n12_1[11]
                             16.0000        16.3126        -0.3126  (VIOLATED)
   u_NV_NVDLA_cmac/u_core/u_mac_5/pp_out_l2n4_1[35]
                             16.0000        16.3095        -0.3095  (VIOLATED)
   u_NV_NVDLA_cmac/u_core/u_mac_4/pp_out_l2n2_0[29]
                             16.0000        16.3094        -0.3094  (VIOLATED)
   u_NV_NVDLA_cmac/u_core/u_mac_0/pp_out_l0n09_1[7]
                             16.0000        16.3087        -0.3087  (VIOLATED)
   u_NV_NVDLA_cmac/u_core/u_mac_4/pp_out_l0n14_1[16]
                             16.0000        16.3086        -0.3086  (VIOLATED)
   u_NV_NVDLA_cmac/u_core/u_mac_7/res_tag_20[6]
                             32.0000        32.3075        -0.3075  (VIOLATED)
   u_NV_NVDLA_cmac/u_core/u_mac_5/pp_out_l0n08_1[32]
                              8.0000         8.3075        -0.3075  (VIOLATED)
   u_NV_NVDLA_cmac/u_core/u_mac_3/pp_out_l2n2_1[32]
                              8.0000         8.3071        -0.3071  (VIOLATED)
   u_NV_NVDLA_cmac/u_core/u_mac_7/res_tag_29[3]
                             16.0000        16.3069        -0.3069  (VIOLATED)
   u_NV_NVDLA_cmac/u_core/u_mac_6/n7422
                             16.0000        16.3068        -0.3068  (VIOLATED)
   u_NV_NVDLA_cmac/u_core/u_mac_2/u_tree_l0n01/n122
                              8.0000         8.3063        -0.3063  (VIOLATED)
   u_NV_NVDLA_cmac/u_core/u_mac_6/u_tree_l0n13/n186
                              8.0000         8.3056        -0.3056  (VIOLATED)
   u_NV_NVDLA_cmac/u_core/u_mac_2/u_mul_50/n197
                              8.0000         8.3028        -0.3028  (VIOLATED)
   u_NV_NVDLA_cmac/u_core/u_mac_3/pp_out_l0n00_1[28]
                              8.0000         8.3024        -0.3024  (VIOLATED)
   u_NV_NVDLA_cmac/u_core/u_mac_5/res_tag_57[7]
                             32.0000        32.3019        -0.3019  (VIOLATED)
   u_NV_NVDLA_cmac/u_core/u_mac_6/n7428
                             16.0000        16.2995        -0.2995  (VIOLATED)
   u_NV_NVDLA_cmac/u_core/u_mac_3/u_mul_41/n308
                             16.0000        16.2991        -0.2991  (VIOLATED)
   u_NV_NVDLA_cmac/u_core/u_mac_6/pp_out_l0n03_0[19]
                             16.0000        16.2988        -0.2988  (VIOLATED)
   u_NV_NVDLA_cmac/u_core/u_mac_1/exp_sft_03[3]
                             16.0000        16.2982        -0.2982  (VIOLATED)
   u_NV_NVDLA_cmac/u_core/u_mac_7/pp_out_l0n08_1[15]
                              8.0000         8.2980        -0.2980  (VIOLATED)
   u_NV_NVDLA_cmac/u_core/wt0_actv_data[770]
                             16.0000        16.2970        -0.2970  (VIOLATED)
   u_NV_NVDLA_cmac/u_core/u_mac_0/u_tree_l0n06/n292
                              8.0000         8.2966        -0.2966  (VIOLATED)
   u_NV_NVDLA_cmac/u_core/u_mac_5/u_tree_l4n1/n195
                             16.0000        16.2965        -0.2965  (VIOLATED)
   u_NV_NVDLA_cmac/u_core/u_mac_6/n7431
                             16.0000        16.2961        -0.2961  (VIOLATED)
   u_NV_NVDLA_cmac/u_core/u_mac_7/pp_out_l0n05_1[27]
                             16.0000        16.2950        -0.2950  (VIOLATED)
   u_NV_NVDLA_cmac/u_core/u_mac_2/ps_n2b5[3]
                              8.0000         8.2949        -0.2949  (VIOLATED)
   u_NV_NVDLA_cmac/u_core/u_mac_0/u_mul_10/n306
                             16.0000        16.2947        -0.2947  (VIOLATED)
   u_NV_NVDLA_cmac/u_core/u_mac_3/u_mul_59/n314
                             16.0000        16.2921        -0.2921  (VIOLATED)
   u_NV_NVDLA_cmac/u_core/u_mac_7/u_tree_l0n13/n242
                              8.0000         8.2906        -0.2906  (VIOLATED)
   u_NV_NVDLA_cmac/u_core/u_mac_4/u_nan/n1244
                             16.0000        16.2903        -0.2903  (VIOLATED)
   u_NV_NVDLA_cmac/u_core/u_mac_7/pp_out_l0n05_1[22]
                             16.0000        16.2901        -0.2901  (VIOLATED)
   u_NV_NVDLA_cmac/u_core/u_mac_3/res_tag_28[3]
                             16.0000        16.2892        -0.2892  (VIOLATED)
   u_NV_NVDLA_cmac/u_core/u_mac_6/ps_n1b5[5]
                             16.0000        16.2884        -0.2884  (VIOLATED)
   u_NV_NVDLA_cmac/u_core/u_mac_5/u_mul_12/n96
                              8.0000         8.2883        -0.2883  (VIOLATED)
   u_NV_NVDLA_cmac/u_core/u_mac_4/pp_out_l0n10_0[6]
                             16.0000        16.2874        -0.2874  (VIOLATED)
   u_NV_NVDLA_cmac/u_core/u_mac_0/u_tree_l4n1/n207
                             16.0000        16.2871        -0.2871  (VIOLATED)
   u_NV_NVDLA_cmac/u_core/u_mac_0/u_mul_17/n308
                             16.0000        16.2869        -0.2869  (VIOLATED)
   u_NV_NVDLA_cmac/u_core/u_mac_0/u_tree_l0n06/n322
                              8.0000         8.2849        -0.2849  (VIOLATED)
   u_NV_NVDLA_cmac/u_core/u_mac_0/n11356
                              8.0000         8.2847        -0.2847  (VIOLATED)
   u_NV_NVDLA_cmac/u_core/u_mac_3/u_tree_l0n07/n189
                              8.0000         8.2840        -0.2840  (VIOLATED)
   u_NV_NVDLA_cmac/u_core/u_mac_3/u_tree_l0n03/n222
                              8.0000         8.2840        -0.2840  (VIOLATED)
   u_NV_NVDLA_cmac/u_core/wt1_actv_data[209]
                             16.0000        16.2839        -0.2839  (VIOLATED)
   u_NV_NVDLA_cmac/u_core/u_mac_7/u_nan/n681
                             16.0000        16.2837        -0.2837  (VIOLATED)
   u_NV_NVDLA_cmac/u_core/u_mac_4/pp_out_l0n10_1[8]
                             16.0000        16.2830        -0.2830  (VIOLATED)
   u_NV_NVDLA_cmac/u_core/u_mac_0/pp_out_l1n2_0[6]
                             16.0000        16.2829        -0.2829  (VIOLATED)
   u_NV_NVDLA_cmac/u_core/u_mac_7/u_nan/n656
                             16.0000        16.2818        -0.2818  (VIOLATED)
   u_NV_NVDLA_cmac/u_core/u_mac_6/pp_out_l0n10_0[5]
                             16.0000        16.2811        -0.2811  (VIOLATED)
   u_NV_NVDLA_cmac/u_core/u_mac_2/ps_n2b1[1]
                              8.0000         8.2800        -0.2800  (VIOLATED)
   u_NV_NVDLA_cmac/u_core/u_mac_4/pp_out_l0n07_1[22]
                              8.0000         8.2795        -0.2795  (VIOLATED)
   u_NV_NVDLA_cmac/u_core/u_mac_4/pp_out_l1n0_0[39]
                              8.0000         8.2787        -0.2787  (VIOLATED)
   u_NV_NVDLA_cmac/u_core/u_mac_7/res_tag_1[6]
                             32.0000        32.2785        -0.2785  (VIOLATED)
   u_NV_NVDLA_cmac/u_core/dat4_pre_mask[56]
                             16.0000        16.2785        -0.2785  (VIOLATED)
   u_NV_NVDLA_cmac/u_core/u_mac_2/pp_out_l0n06_0[13]
                             16.0000        16.2781        -0.2781  (VIOLATED)
   u_NV_NVDLA_cmac/u_core/u_mac_7/pp_out_l0n01_0[11]
                             16.0000        16.2775        -0.2775  (VIOLATED)
   u_NV_NVDLA_cmac/u_core/u_mac_6/u_tree_l4n2/n180
                             16.0000        16.2769        -0.2769  (VIOLATED)
   u_NV_NVDLA_cmac/u_core/u_mac_5/u_tree_l4n1/n207
                             16.0000        16.2766        -0.2766  (VIOLATED)
   u_NV_NVDLA_cmac/u_core/u_mac_6/pp_out_l2n6_0[26]
                             16.0000        16.2757        -0.2757  (VIOLATED)
   u_NV_NVDLA_cmac/u_core/u_mac_6/ps_n1b6[5]
                             16.0000        16.2757        -0.2757  (VIOLATED)
   u_NV_NVDLA_cmac/u_core/u_mac_3/pp_out_l0n02_1[31]
                              8.0000         8.2744        -0.2744  (VIOLATED)
   u_NV_NVDLA_cmac/u_core/u_active/wt0_sd_data[299]
                             16.0000        16.2736        -0.2736  (VIOLATED)
   u_NV_NVDLA_cmac/u_core/u_active/wt4_sd_data[530]
                             16.0000        16.2728        -0.2728  (VIOLATED)
   u_NV_NVDLA_cmac/u_core/u_active/wt7_sd_data[816]
                             16.0000        16.2722        -0.2722  (VIOLATED)
   u_NV_NVDLA_cmac/u_core/u_mac_0/u_mul_18/n307
                             16.0000        16.2720        -0.2720  (VIOLATED)
   u_NV_NVDLA_cmac/u_core/u_active/dat_pre_nan[25]
                             16.0000        16.2711        -0.2711  (VIOLATED)
   u_NV_NVDLA_cmac/u_core/u_mac_4/pp_out_l0n08_1[8]
                             16.0000        16.2703        -0.2703  (VIOLATED)
   u_NV_NVDLA_cmac/u_core/u_mac_5/pp_out_l2n4_1[32]
                             16.0000        16.2697        -0.2697  (VIOLATED)
   u_NV_NVDLA_cmac/u_core/u_mac_2/pp_out_l0n12_0[1]
                             16.0000        16.2692        -0.2692  (VIOLATED)
   u_NV_NVDLA_cmac/u_core/u_mac_1/pp_out_l0n00_1_d1[12]
                             16.0000        16.2691        -0.2691  (VIOLATED)
   u_NV_NVDLA_cmac/u_core/u_mac_3/pp_out_l0n10_1[7]
                              8.0000         8.2684        -0.2684  (VIOLATED)
   u_NV_NVDLA_cmac/u_core/u_mac_6/pp_out_l2n1_1[25]
                              8.0000         8.2677        -0.2677  (VIOLATED)
   u_NV_NVDLA_cmac/u_core/u_mac_5/res_tag_61[6]
                             32.0000        32.2677        -0.2677  (VIOLATED)
   u_NV_NVDLA_cmac/u_core/u_mac_1/u_tree_l0n08/n322
                              8.0000         8.2673        -0.2673  (VIOLATED)
   u_NV_NVDLA_cmac/u_core/u_mac_4/pp_out_l2n2_0[26]
                             16.0000        16.2668        -0.2668  (VIOLATED)
   u_NV_NVDLA_cmac/u_core/u_mac_1/u_mul_28/n307
                             16.0000        16.2668        -0.2668  (VIOLATED)
   u_NV_NVDLA_cmac/u_core/u_mac_6/u_tree_l4n2/n226
                             16.0000        16.2666        -0.2666  (VIOLATED)
   u_NV_NVDLA_cmac/u_core/u_mac_5/res_b_00[19]
                             16.0000        16.2659        -0.2659  (VIOLATED)
   u_NV_NVDLA_cmac/u_core/u_mac_6/ps_n2b4[5]
                             16.0000        16.2643        -0.2643  (VIOLATED)
   u_NV_NVDLA_cmac/u_core/u_mac_4/pp_out_l0n14_1[11]
                             16.0000        16.2627        -0.2627  (VIOLATED)
   u_NV_NVDLA_cmac/u_core/u_mac_0/pp_out_l0n12_1[20]
                             16.0000        16.2624        -0.2624  (VIOLATED)
   u_NV_NVDLA_cmac/u_core/u_mac_5/n4869
                             16.0000        16.2611        -0.2611  (VIOLATED)
   u_NV_NVDLA_cmac/u_core/u_mac_1/exp_sft_33[1]
                             16.0000        16.2609        -0.2609  (VIOLATED)
   u_NV_NVDLA_cmac/u_core/u_mac_1/sop_2[7]
                              8.0000         8.2604        -0.2604  (VIOLATED)
   u_NV_NVDLA_cmac/u_core/u_mac_5/u_tree_l4n1/n219
                             16.0000        16.2600        -0.2600  (VIOLATED)
   u_NV_NVDLA_cmac/u_core/u_mac_1/pp_out_l2n3_1[32]
                             16.0000        16.2586        -0.2586  (VIOLATED)
   u_NV_NVDLA_cmac/u_core/u_active/wt_pre_mask[43]
                             16.0000        16.2569        -0.2569  (VIOLATED)
   u_NV_NVDLA_cmac/u_core/u_mac_4/pp_out_l2n3_0[35]
                             16.0000        16.2564        -0.2564  (VIOLATED)
   u_NV_NVDLA_cmac/u_core/u_mac_4/pp_out_l2n6_0[38]
                             16.0000        16.2561        -0.2561  (VIOLATED)
   u_NV_NVDLA_cmac/u_core/u_mac_1/u_exp/exp_sum_52[1]
                             16.0000        16.2553        -0.2553  (VIOLATED)
   u_NV_NVDLA_cmac/u_core/u_mac_5/pp_out_l2n4_0_d2[28]
                             16.0000        16.2536        -0.2536  (VIOLATED)
   u_NV_NVDLA_cmac/u_core/u_active/n44830
                             16.0000        16.2533        -0.2533  (VIOLATED)
   u_NV_NVDLA_cmac/u_core/u_mac_6/pp_out_l0n05_1[27]
                             16.0000        16.2515        -0.2515  (VIOLATED)
   u_NV_NVDLA_cmac/u_core/u_mac_6/u_tree_l4n0/n64
                              8.0000         8.2514        -0.2514  (VIOLATED)
   u_NV_NVDLA_cmac/u_core/u_mac_0/pp_out_l2n6_1[32]
                             16.0000        16.2512        -0.2512  (VIOLATED)
   u_NV_NVDLA_cmac/u_core/u_mac_4/pp_out_l2n7_1[37]
                             16.0000        16.2504        -0.2504  (VIOLATED)
   u_NV_NVDLA_cmac/u_core/u_mac_0/ps_n0b4_wg[4]
                              8.0000         8.2501        -0.2501  (VIOLATED)
   u_NV_NVDLA_cmac/u_core/u_mac_0/pp_out_l0n09_1[12]
                             16.0000        16.2483        -0.2483  (VIOLATED)
   u_NV_NVDLA_cmac/u_core/u_mac_0/pp_out_l0n11_0[27]
                             16.0000        16.2441        -0.2441  (VIOLATED)
   u_NV_NVDLA_cmac/u_core/u_mac_3/pp_out_l0n12_0_d1[6]
                             16.0000        16.2415        -0.2415  (VIOLATED)
   u_NV_NVDLA_cmac/u_core/u_mac_7/u_tree_l0n03/n232
                              8.0000         8.2390        -0.2390  (VIOLATED)
   u_NV_NVDLA_cmac/u_core/u_mac_4/pp_out_l0n10_1[17]
                             16.0000        16.2372        -0.2372  (VIOLATED)
   u_NV_NVDLA_cmac/u_core/wt1_actv_data[896]
                             16.0000        16.2372        -0.2372  (VIOLATED)
   u_NV_NVDLA_cmac/u_core/u_mac_1/res_tag_56[3]
                             16.0000        16.2358        -0.2358  (VIOLATED)
   u_NV_NVDLA_cmac/u_core/wt1_actv_data[831]
                             16.0000        16.2356        -0.2356  (VIOLATED)
   u_NV_NVDLA_cmac/u_core/u_active/wt0_sd_data[627]
                             16.0000        16.2352        -0.2352  (VIOLATED)
   u_NV_NVDLA_cmac/u_core/u_mac_1/sop_0[6]
                              8.0000         8.2348        -0.2348  (VIOLATED)
   u_NV_NVDLA_cmac/u_core/u_mac_6/u_tree_l0n00/n196
                              8.0000         8.2330        -0.2330  (VIOLATED)
   u_NV_NVDLA_cmac/u_core/in_wt_data13[7]
                             16.0000        16.2323        -0.2323  (VIOLATED)
   u_NV_NVDLA_cmac/u_core/u_mac_1/u_tree_l0n11/n202
                              8.0000         8.2321        -0.2321  (VIOLATED)
   u_NV_NVDLA_cmac/u_core/u_mac_2/u_mul_41/n313
                             16.0000        16.2313        -0.2313  (VIOLATED)
   u_NV_NVDLA_cmac/u_core/u_mac_3/pp_out_l0n12_0_d1[5]
                             16.0000        16.2310        -0.2310  (VIOLATED)
   u_NV_NVDLA_cmac/u_core/u_mac_7/pp_out_l0n08_0[0]
                              8.0000         8.2307        -0.2307  (VIOLATED)
   u_NV_NVDLA_cmac/u_core/u_mac_6/pp_out_l0n05_0[15]
                             16.0000        16.2302        -0.2302  (VIOLATED)
   u_NV_NVDLA_cmac/u_core/u_active/n52350
                             16.0000        16.2290        -0.2290  (VIOLATED)
   u_NV_NVDLA_cmac/u_core/u_mac_7/u_tree_l4n2/n292
                              8.0000         8.2284        -0.2284  (VIOLATED)
   u_NV_NVDLA_cmac/u_core/wt1_actv_data[744]
                             16.0000        16.2281        -0.2281  (VIOLATED)
   u_NV_NVDLA_cmac/u_core/u_active/wt0_sd_data[78]
                             16.0000        16.2277        -0.2277  (VIOLATED)
   u_NV_NVDLA_cmac/u_core/u_mac_7/u_tree_l4n3/n171
                             16.0000        16.2276        -0.2276  (VIOLATED)
   u_NV_NVDLA_cmac/u_core/u_mac_0/u_tree_l4n1/n225
                             16.0000        16.2274        -0.2274  (VIOLATED)
   u_NV_NVDLA_cmac/u_core/u_active/n38593
                             32.0000        32.2254        -0.2254  (VIOLATED)
   u_NV_NVDLA_cmac/u_core/u_mac_0/pp_out_l0n02_0[30]
                             16.0000        16.2219        -0.2219  (VIOLATED)
   u_NV_NVDLA_cmac/u_core/u_mac_5/pp_out_l1n0_1[5]
                             16.0000        16.2214        -0.2214  (VIOLATED)
   u_NV_NVDLA_cmac/u_core/u_mac_3/u_tree_l0n01/n112
                              8.0000         8.2213        -0.2213  (VIOLATED)
   u_NV_NVDLA_cmac/u_core/u_mac_6/pp_out_l2n6_1[35]
                             16.0000        16.2199        -0.2199  (VIOLATED)
   u_NV_NVDLA_cmac/u_core/u_mac_2/ps_n0b3_dc[6]
                              8.0000         8.2196        -0.2196  (VIOLATED)
   u_NV_NVDLA_cmac/u_core/u_active/wt4_sd_data[814]
                             16.0000        16.2189        -0.2189  (VIOLATED)
   u_NV_NVDLA_cmac/u_core/u_active/n27728
                             16.0000        16.2185        -0.2185  (VIOLATED)
   u_NV_NVDLA_cmac/u_core/u_mac_2/n7524
                             16.0000        16.2183        -0.2183  (VIOLATED)
   u_NV_NVDLA_cmac/u_core/wt4_actv_data[470]
                             16.0000        16.2177        -0.2177  (VIOLATED)
   u_NV_NVDLA_cmac/u_core/u_mac_3/n3753
                             16.0000        16.2173        -0.2173  (VIOLATED)
   u_NV_NVDLA_cmac/u_core/u_mac_7/u_nan/n2151
                             16.0000        16.2164        -0.2164  (VIOLATED)
   u_NV_NVDLA_cmac/u_core/u_active/wt_pre_exp[164]
                             16.0000        16.2164        -0.2164  (VIOLATED)
   u_NV_NVDLA_cmac/u_core/u_mac_7/u_nan/n501
                             16.0000        16.2164        -0.2164  (VIOLATED)
   u_NV_NVDLA_cmac/u_core/u_mac_0/pp_out_l0n05_1[26]
                              8.0000         8.2163        -0.2163  (VIOLATED)
   u_NV_NVDLA_cmac/u_core/u_active/n15854
                             16.0000        16.2157        -0.2157  (VIOLATED)
   u_NV_NVDLA_cmac/u_core/u_mac_6/u_nan/n2120
                              8.0000         8.2125        -0.2125  (VIOLATED)
   u_NV_NVDLA_cmac/u_core/u_mac_6/pp_out_l0n05_0[19]
                             16.0000        16.2113        -0.2113  (VIOLATED)
   u_NV_NVDLA_cmac/u_core/in_wt_mask[107]
                             16.0000        16.2112        -0.2112  (VIOLATED)
   u_NV_NVDLA_cmac/u_core/u_mac_4/pp_nan_mts_d1[9]
                             16.0000        16.2109        -0.2109  (VIOLATED)
   u_NV_NVDLA_cmac/u_core/u_active/n18131
                             16.0000        16.2106        -0.2106  (VIOLATED)
   u_NV_NVDLA_cmac/u_core/u_mac_3/pp_out_l0n00_1[29]
                              8.0000         8.2103        -0.2103  (VIOLATED)
   u_NV_NVDLA_cmac/u_core/u_mac_5/pp_out_l0n10_1[4]
                              8.0000         8.2089        -0.2089  (VIOLATED)
   u_NV_NVDLA_cmac/u_core/u_mac_1/pp_out_l0n00_0_d1[11]
                             16.0000        16.2087        -0.2087  (VIOLATED)
   u_NV_NVDLA_cmac/u_core/u_mac_0/u_tree_l4n2/n241
                              8.0000         8.2079        -0.2079  (VIOLATED)
   u_NV_NVDLA_cmac/u_core/u_mac_0/u_tree_l0n06/n312
                              8.0000         8.2070        -0.2070  (VIOLATED)
   u_NV_NVDLA_cmac/u_core/u_active/n11567
                             16.0000        16.2065        -0.2065  (VIOLATED)
   u_NV_NVDLA_cmac/u_core/u_mac_1/pp_out_l3n2_1[44]
                              8.0000         8.2064        -0.2064  (VIOLATED)
   u_NV_NVDLA_cmac/u_core/u_mac_4/pp_out_l0n00_1_d1[34]
                             16.0000        16.2052        -0.2052  (VIOLATED)
   u_NV_NVDLA_cmac/u_core/u_mac_0/u_tree_l0n05/n196
                              8.0000         8.2044        -0.2044  (VIOLATED)
   u_NV_NVDLA_cmac/u_core/u_mac_2/pp_out_l0n06_0[5]
                             16.0000        16.2041        -0.2041  (VIOLATED)
   u_NV_NVDLA_cmac/u_core/u_active/wt0_sd_data[628]
                             16.0000        16.2033        -0.2033  (VIOLATED)
   u_NV_NVDLA_cmac/u_core/u_mac_6/u_tree_l4n2/n204
                             16.0000        16.2028        -0.2028  (VIOLATED)
   u_NV_NVDLA_cmac/u_core/u_mac_5/n7436
                             16.0000        16.2012        -0.2012  (VIOLATED)
   u_NV_NVDLA_cmac/u_core/u_mac_0/res_tag_54[6]
                             32.0000        32.2005        -0.2005  (VIOLATED)
   u_NV_NVDLA_cmac/u_core/u_mac_6/n1824
                              8.0000         8.2004        -0.2004  (VIOLATED)
   u_NV_NVDLA_cmac/u_core/in_dat_mask[21]
                             16.0000        16.1999        -0.1999  (VIOLATED)
   u_NV_NVDLA_cmac/u_core/u_active/wt0_sd_data[312]
                             16.0000        16.1993        -0.1993  (VIOLATED)
   u_NV_NVDLA_cmac/u_core/u_mac_5/u_tree_l0n01/n272
                              8.0000         8.1992        -0.1992  (VIOLATED)
   u_NV_NVDLA_cmac/u_core/u_active/dat_pre_data[577]
                             16.0000        16.1988        -0.1988  (VIOLATED)
   u_NV_NVDLA_cmac/u_core/u_active/n10116
                             16.0000        16.1984        -0.1984  (VIOLATED)
   u_NV_NVDLA_cmac/u_core/u_mac_4/u_nan/n1784
                             16.0000        16.1984        -0.1984  (VIOLATED)
   u_NV_NVDLA_cmac/u_core/u_active/n28771
                             16.0000        16.1973        -0.1973  (VIOLATED)
   u_NV_NVDLA_cmac/u_core/u_active/wt_pre_data[732]
                            168.0000       168.1973        -0.1973  (VIOLATED)
   u_NV_NVDLA_cmac/u_core/u_mac_3/pp_out_l2n5_1[24]
                              8.0000         8.1949        -0.1949  (VIOLATED)
   u_NV_NVDLA_cmac/u_core/u_mac_6/pp_out_l2n6_0[27]
                             16.0000        16.1914        -0.1914  (VIOLATED)
   u_NV_NVDLA_cmac/u_core/u_mac_1/u_tree_l0n08/n232
                              8.0000         8.1901        -0.1901  (VIOLATED)
   u_NV_NVDLA_cmac/u_core/u_mac_5/sop_2[10]
                             16.0000        16.1896        -0.1896  (VIOLATED)
   u_NV_NVDLA_cmac/u_core/u_mac_7/u_mul_50/n318
                             16.0000        16.1885        -0.1885  (VIOLATED)
   u_NV_NVDLA_cmac/u_core/u_mac_0/u_tree_l4n3/n165
                             16.0000        16.1882        -0.1882  (VIOLATED)
   u_NV_NVDLA_cmac/u_core/u_mac_0/u_mul_49/n303
                             16.0000        16.1872        -0.1872  (VIOLATED)
   u_NV_NVDLA_cmac/u_core/u_mac_1/u_tree_l0n07/n242
                              8.0000         8.1868        -0.1868  (VIOLATED)
   u_NV_NVDLA_cmac/u_core/u_mac_0/u_tree_l4n1/n228
                             16.0000        16.1864        -0.1864  (VIOLATED)
   u_NV_NVDLA_cmac/u_core/u_mac_2/pp_out_l0n09_1[3]
                              8.0000         8.1861        -0.1861  (VIOLATED)
   u_NV_NVDLA_cmac/u_core/u_mac_6/n3488
                             32.0000        32.1860        -0.1860  (VIOLATED)
   u_NV_NVDLA_cmac/u_core/u_mac_4/pp_out_l0n08_1[9]
                             16.0000        16.1854        -0.1854  (VIOLATED)
   u_NV_NVDLA_cmac/u_core/u_mac_0/pp_out_l1n4_0[39]
                              8.0000         8.1852        -0.1852  (VIOLATED)
   u_NV_NVDLA_cmac/u_core/u_mac_4/pp_out_l0n07_1[9]
                              8.0000         8.1835        -0.1835  (VIOLATED)
   u_NV_NVDLA_cmac/u_core/u_active/wt1_sd_data[277]
                             16.0000        16.1835        -0.1835  (VIOLATED)
   u_NV_NVDLA_cmac/u_core/u_mac_2/pp_out_l2n4_1[27]
                             16.0000        16.1825        -0.1825  (VIOLATED)
   u_NV_NVDLA_cmac/u_core/u_mac_0/pp_out_l0n11_1[35]
                             16.0000        16.1823        -0.1823  (VIOLATED)
   u_NV_NVDLA_cmac/u_core/u_mac_2/ps_n1b6[1]
                              8.0000         8.1813        -0.1813  (VIOLATED)
   u_NV_NVDLA_cmac/u_core/u_mac_4/pp_out_l1n0_1[16]
                             16.0000        16.1811        -0.1811  (VIOLATED)
   u_NV_NVDLA_cmac/u_core/u_mac_1/ps_n0b0_wg[1]
                              8.0000         8.1811        -0.1811  (VIOLATED)
   u_NV_NVDLA_cmac/u_core/u_mac_3/ps_n3b3[3]
                              8.0000         8.1809        -0.1809  (VIOLATED)
   u_NV_NVDLA_cmac/u_core/u_mac_7/u_nan/n2038
                             16.0000        16.1807        -0.1807  (VIOLATED)
   u_NV_NVDLA_cmac/u_core/u_mac_6/u_tree_l0n01/n341
                             16.0000        16.1792        -0.1792  (VIOLATED)
   u_NV_NVDLA_cmac/u_core/u_mac_3/pp_out_l0n12_0_d1[3]
                             16.0000        16.1791        -0.1791  (VIOLATED)
   u_NV_NVDLA_cmac/u_core/u_mac_7/n7418
                             16.0000        16.1788        -0.1788  (VIOLATED)
   u_NV_NVDLA_cmac/u_core/u_active/wt0_sd_data[264]
                             16.0000        16.1786        -0.1786  (VIOLATED)
   u_NV_NVDLA_cmac/u_core/u_active/n13857
                             16.0000        16.1786        -0.1786  (VIOLATED)
   u_NV_NVDLA_cmac/u_core/u_mac_1/pp_out_l2n3_0[32]
                             16.0000        16.1785        -0.1785  (VIOLATED)
   u_NV_NVDLA_cmac/u_core/u_mac_0/pp_out_l0n02_1[27]
                             16.0000        16.1774        -0.1774  (VIOLATED)
   u_NV_NVDLA_cmac/u_core/u_mac_0/u_tree_l0n05/n189
                              8.0000         8.1773        -0.1773  (VIOLATED)
   u_NV_NVDLA_cmac/u_core/u_active/dat_pre_data[339]
                             16.0000        16.1772        -0.1772  (VIOLATED)
   u_NV_NVDLA_cmac/u_core/u_mac_5/pp_out_l2n4_1_d2[30]
                             16.0000        16.1766        -0.1766  (VIOLATED)
   u_NV_NVDLA_cmac/u_core/u_mac_5/pp_out_l2n7_0_d2[26]
                             16.0000        16.1760        -0.1760  (VIOLATED)
   u_NV_NVDLA_cmac/u_core/u_mac_0/ps_n3b6[3]
                              8.0000         8.1745        -0.1745  (VIOLATED)
   u_NV_NVDLA_cmac/u_core/u_mac_0/pp_out_l0n09_1[10]
                             16.0000        16.1724        -0.1724  (VIOLATED)
   u_NV_NVDLA_cmac/u_core/wt7_actv_data[424]
                             16.0000        16.1723        -0.1723  (VIOLATED)
   u_NV_NVDLA_cmac/u_core/wt1_actv_data[208]
                             16.0000        16.1721        -0.1721  (VIOLATED)
   u_NV_NVDLA_cmac/u_core/u_mac_5/pp_out_l1n0_0[4]
                             16.0000        16.1719        -0.1719  (VIOLATED)
   u_NV_NVDLA_cmac/u_core/u_active/n38587
                             32.0000        32.1717        -0.1717  (VIOLATED)
   u_NV_NVDLA_cmac/u_core/u_mac_5/pp_out_l0n06_1[11]
                              8.0000         8.1707        -0.1707  (VIOLATED)
   u_NV_NVDLA_cmac/u_core/u_mac_0/pp_out_l0n05_1[19]
                              8.0000         8.1706        -0.1706  (VIOLATED)
   u_NV_NVDLA_cmac/u_core/u_mac_6/pp_in_l4n3_3[19]
                             16.0000        16.1679        -0.1679  (VIOLATED)
   u_NV_NVDLA_cmac/u_core/u_mac_1/u_mul_33/n225
                             32.0000        32.1678        -0.1678  (VIOLATED)
   u_NV_NVDLA_cmac/u_core/u_mac_7/pp_out_l0n15_1[10]
                              8.0000         8.1673        -0.1673  (VIOLATED)
   u_NV_NVDLA_cmac/u_core/u_mac_5/pp_out_l1n0_1[4]
                             16.0000        16.1661        -0.1661  (VIOLATED)
   u_NV_NVDLA_cmac/u_core/u_mac_3/pp_out_l2n5_1[33]
                              8.0000         8.1658        -0.1658  (VIOLATED)
   u_NV_NVDLA_cmac/u_core/u_mac_2/pp_out_l0n15_1[26]
                              8.0000         8.1637        -0.1637  (VIOLATED)
   u_NV_NVDLA_cmac/u_core/u_mac_3/pp_out_l0n09_1[32]
                              8.0000         8.1637        -0.1637  (VIOLATED)
   u_NV_NVDLA_cmac/u_core/u_mac_0/pp_out_l0n11_1[34]
                             16.0000        16.1634        -0.1634  (VIOLATED)
   u_NV_NVDLA_cmac/u_core/u_mac_3/ps_n2b3[1]
                              8.0000         8.1634        -0.1634  (VIOLATED)
   u_NV_NVDLA_cmac/u_core/u_mac_5/n4909
                             16.0000        16.1631        -0.1631  (VIOLATED)
   u_NV_NVDLA_cmac/u_core/u_mac_0/pp_out_l0n11_1[11]
                             16.0000        16.1625        -0.1625  (VIOLATED)
   u_NV_NVDLA_cmac/u_core/u_mac_7/u_mul_36/n314
                             16.0000        16.1616        -0.1616  (VIOLATED)
   u_NV_NVDLA_cmac/u_core/u_mac_3/u_exp/exp_sum_45[1]
                             16.0000        16.1601        -0.1601  (VIOLATED)
   u_NV_NVDLA_cmac/u_core/u_mac_4/pp_out_l0n07_1[10]
                              8.0000         8.1589        -0.1589  (VIOLATED)
   u_NV_NVDLA_cmac/u_core/u_mac_6/u_tree_l4n0/n53
                              8.0000         8.1587        -0.1587  (VIOLATED)
   u_NV_NVDLA_cmac/u_core/u_mac_6/n7495
                             16.0000        16.1580        -0.1580  (VIOLATED)
   u_NV_NVDLA_cmac/u_core/u_mac_7/pp_in_l4n3_3[20]
                             16.0000        16.1563        -0.1563  (VIOLATED)
   u_NV_NVDLA_cmac/u_core/u_mac_4/n4094
                             16.0000        16.1560        -0.1560  (VIOLATED)
   u_NV_NVDLA_cmac/u_core/u_mac_0/u_tree_l4n3/n248
                             16.0000        16.1551        -0.1551  (VIOLATED)
   u_NV_NVDLA_cmac/u_core/u_mac_3/pp_out_l0n02_1[27]
                              8.0000         8.1551        -0.1551  (VIOLATED)
   u_NV_NVDLA_cmac/u_core/u_mac_1/u_tree_l0n11/n302
                              8.0000         8.1550        -0.1550  (VIOLATED)
   u_NV_NVDLA_cmac/u_core/u_active/wt0_sd_data[619]
                             16.0000        16.1535        -0.1535  (VIOLATED)
   u_NV_NVDLA_cmac/u_core/u_mac_5/pp_out_l0n15_1[24]
                              8.0000         8.1532        -0.1532  (VIOLATED)
   u_NV_NVDLA_cmac/u_core/u_mac_6/u_nan/n1512
                              8.0000         8.1524        -0.1524  (VIOLATED)
   u_NV_NVDLA_cmac/u_core/u_mac_2/u_tree_l4n2/n211
                             16.0000        16.1524        -0.1524  (VIOLATED)
   u_NV_NVDLA_cmac/u_core/u_mac_6/pp_out_l2n6_0[30]
                             16.0000        16.1510        -0.1510  (VIOLATED)
   u_NV_NVDLA_cmac/u_core/u_mac_5/pp_out_l2n3_1_d2[29]
                             16.0000        16.1507        -0.1507  (VIOLATED)
   u_NV_NVDLA_cmac/u_core/u_mac_5/pp_out_l1n0_1[6]
                             16.0000        16.1498        -0.1498  (VIOLATED)
   u_NV_NVDLA_cmac/u_core/u_mac_0/pp_out_l0n02_0[16]
                             16.0000        16.1484        -0.1484  (VIOLATED)
   u_NV_NVDLA_cmac/u_core/u_mac_0/sop_2[7]
                              8.0000         8.1474        -0.1474  (VIOLATED)
   u_NV_NVDLA_cmac/u_core/u_mac_0/pp_out_l0n09_1[6]
                             16.0000        16.1463        -0.1463  (VIOLATED)
   u_NV_NVDLA_cmac/u_core/u_mac_4/u_mul_32/n318
                             16.0000        16.1462        -0.1462  (VIOLATED)
   u_NV_NVDLA_cmac/u_core/u_mac_1/sub_x_1113/n182
                              8.0000         8.1457        -0.1457  (VIOLATED)
   u_NV_NVDLA_cmac/u_core/u_active/wt0_sd_data[549]
                             16.0000        16.1456        -0.1456  (VIOLATED)
   u_NV_NVDLA_cmac/u_core/u_mac_1/pp_out_l2n2_1[33]
                             16.0000        16.1455        -0.1455  (VIOLATED)
   u_NV_NVDLA_cmac/u_core/u_mac_3/pp_out_l0n02_1[28]
                              8.0000         8.1446        -0.1446  (VIOLATED)
   u_NV_NVDLA_cmac/u_core/u_mac_0/pp_out_l0n04_1[25]
                             16.0000        16.1445        -0.1445  (VIOLATED)
   u_NV_NVDLA_cmac/u_core/u_mac_7/n7355
                             16.0000        16.1441        -0.1441  (VIOLATED)
   u_NV_NVDLA_cmac/u_core/u_mac_0/pp_out_l3n2_1[44]
                              8.0000         8.1438        -0.1438  (VIOLATED)
   u_NV_NVDLA_cmac/u_core/u_mac_7/n7359
                             16.0000        16.1437        -0.1437  (VIOLATED)
   u_NV_NVDLA_cmac/u_core/u_active/n103279
                              8.0000         8.1436        -0.1436  (VIOLATED)
   u_NV_NVDLA_cmac/u_core/u_mac_5/pp_in_l4n2_3[16]
                             16.0000        16.1436        -0.1436  (VIOLATED)
   u_NV_NVDLA_cmac/u_core/u_mac_2/pp_out_l0n09_1[4]
                              8.0000         8.1435        -0.1435  (VIOLATED)
   u_NV_NVDLA_cmac/u_core/u_mac_1/pp_out_l2n3_1[27]
                             16.0000        16.1417        -0.1417  (VIOLATED)
   u_NV_NVDLA_cmac/u_core/u_mac_3/sop_2[2]
                              8.0000         8.1411        -0.1411  (VIOLATED)
   u_NV_NVDLA_cmac/u_core/u_mac_6/pp_out_l0n10_0[15]
                             16.0000        16.1406        -0.1406  (VIOLATED)
   u_NV_NVDLA_cmac/u_core/u_active/wt0_sd_data[629]
                             16.0000        16.1402        -0.1402  (VIOLATED)
   u_NV_NVDLA_cmac/u_core/u_mac_3/pp_out_l0n12_0_d1[15]
                             16.0000        16.1392        -0.1392  (VIOLATED)
   u_NV_NVDLA_cmac/u_core/u_active/wt_pre_mask[47]
                             16.0000        16.1387        -0.1387  (VIOLATED)
   u_NV_NVDLA_cmac/u_core/u_mac_3/pp_out_l0n12_1_d1[11]
                             16.0000        16.1387        -0.1387  (VIOLATED)
   u_NV_NVDLA_cmac/u_core/out_data5[109]
                             32.0000        32.1371        -0.1371  (VIOLATED)
   u_NV_NVDLA_cmac/u_core/u_mac_7/u_mul_20/n306
                             16.0000        16.1366        -0.1366  (VIOLATED)
   u_NV_NVDLA_cmac/u_core/u_mac_5/pp_out_l2n7_0_d2[35]
                             16.0000        16.1363        -0.1363  (VIOLATED)
   u_NV_NVDLA_cmac/u_core/u_mac_7/u_tree_l4n3/n283
                              8.0000         8.1352        -0.1352  (VIOLATED)
   u_NV_NVDLA_cmac/u_core/u_mac_6/pp_out_l2n6_0[35]
                             16.0000        16.1347        -0.1347  (VIOLATED)
   u_NV_NVDLA_cmac/u_core/u_mac_0/pp_out_l0n02_0[23]
                             16.0000        16.1338        -0.1338  (VIOLATED)
   u_NV_NVDLA_cmac/u_core/u_active/wt0_sd_data[73]
                             16.0000        16.1332        -0.1332  (VIOLATED)
   u_NV_NVDLA_cmac/u_core/u_mac_2/u_nan/n422
                             16.0000        16.1332        -0.1332  (VIOLATED)
   u_NV_NVDLA_cmac/u_core/u_active/dat_pre_data[679]
                             16.0000        16.1330        -0.1330  (VIOLATED)
   u_NV_NVDLA_cmac/u_core/u_mac_3/pp_out_l0n08_0[5]
                             16.0000        16.1329        -0.1329  (VIOLATED)
   u_NV_NVDLA_cmac/u_core/u_active/wt4_sd_data[534]
                             16.0000        16.1326        -0.1326  (VIOLATED)
   u_NV_NVDLA_cmac/u_core/u_active/dat_pre_data[480]
                             16.0000        16.1325        -0.1325  (VIOLATED)
   u_NV_NVDLA_cmac/u_core/u_mac_1/pp_out_l0n00_1_d1[13]
                             16.0000        16.1325        -0.1325  (VIOLATED)
   u_NV_NVDLA_cmac/u_core/u_mac_6/u_tree_l4n2/n186
                             16.0000        16.1322        -0.1322  (VIOLATED)
   u_NV_NVDLA_cmac/u_core/u_mac_1/pp_out_l2n2_0[27]
                             16.0000        16.1320        -0.1320  (VIOLATED)
   u_NV_NVDLA_cmac/u_core/u_active/wt0_sd_data[26]
                             16.0000        16.1303        -0.1303  (VIOLATED)
   u_NV_NVDLA_cmac/u_core/dat0_actv_data[441]
                             16.0000        16.1297        -0.1297  (VIOLATED)
   u_NV_NVDLA_cmac/u_core/u_mac_1/sop_0[4]
                              8.0000         8.1294        -0.1294  (VIOLATED)
   u_NV_NVDLA_cmac/u_core/u_mac_5/n7491
                             16.0000        16.1292        -0.1292  (VIOLATED)
   u_NV_NVDLA_cmac/u_core/u_mac_6/u_tree_l4n2/n53
                             16.0000        16.1292        -0.1292  (VIOLATED)
   u_NV_NVDLA_cmac/u_core/u_mac_6/u_nan/n808
                             16.0000        16.1278        -0.1278  (VIOLATED)
   u_NV_NVDLA_cmac/u_core/dat2_actv_data[604]
                             16.0000        16.1263        -0.1263  (VIOLATED)
   u_NV_NVDLA_cmac/u_core/u_mac_0/u_exp/exp_sum_40[1]
                             16.0000        16.1262        -0.1262  (VIOLATED)
   u_NV_NVDLA_cmac/u_core/u_mac_4/pp_out_l1n0_0[12]
                             16.0000        16.1260        -0.1260  (VIOLATED)
   u_NV_NVDLA_cmac/u_core/u_mac_3/u_exp/exp_sum_41[1]
                             16.0000        16.1259        -0.1259  (VIOLATED)
   u_NV_NVDLA_cmac/u_core/u_mac_3/pp_out_l0n12_1_d1[4]
                             16.0000        16.1254        -0.1254  (VIOLATED)
   u_NV_NVDLA_cmac/u_core/dat7_actv_data[878]
                             16.0000        16.1241        -0.1241  (VIOLATED)
   u_NV_NVDLA_cmac/u_core/u_active/wt0_sd_data[72]
                             16.0000        16.1210        -0.1210  (VIOLATED)
   u_NV_NVDLA_cmac/u_core/u_mac_5/u_tree_l1n0/n47
                              8.0000         8.1206        -0.1206  (VIOLATED)
   u_NV_NVDLA_cmac/u_core/u_active/wt2_sd_nan[29]
                             16.0000        16.1206        -0.1206  (VIOLATED)
   u_NV_NVDLA_cmac/u_core/u_mac_6/u_tree_l4n2/n236
                             16.0000        16.1203        -0.1203  (VIOLATED)
   u_NV_NVDLA_cmac/u_core/u_mac_0/pp_out_l0n02_0[14]
                             16.0000        16.1193        -0.1193  (VIOLATED)
   u_NV_NVDLA_cmac/u_core/u_mac_4/u_mul_49/n225
                             32.0000        32.1192        -0.1192  (VIOLATED)
   u_NV_NVDLA_cmac/u_core/u_mac_6/n7442
                             16.0000        16.1181        -0.1181  (VIOLATED)
   u_NV_NVDLA_cmac/u_core/u_mac_2/pp_in_l4n2_3[14]
                             16.0000        16.1176        -0.1176  (VIOLATED)
   u_NV_NVDLA_cmac/u_core/u_active/wt0_sd_data[557]
                             16.0000        16.1174        -0.1174  (VIOLATED)
   u_NV_NVDLA_cmac/u_core/u_mac_5/pp_out_l2n4_1_d2[33]
                             16.0000        16.1173        -0.1173  (VIOLATED)
   u_NV_NVDLA_cmac/u_core/u_mac_7/u_mul_31/n315
                             16.0000        16.1170        -0.1170  (VIOLATED)
   u_NV_NVDLA_cmac/u_core/u_mac_5/u_tree_l0n07/n192
                              8.0000         8.1168        -0.1168  (VIOLATED)
   u_NV_NVDLA_cmac/u_core/u_mac_0/pp_out_l0n11_1[23]
                             16.0000        16.1158        -0.1158  (VIOLATED)
   u_NV_NVDLA_cmac/u_core/u_mac_7/pp_out_l0n12_0[16]
                             16.0000        16.1134        -0.1134  (VIOLATED)
   u_NV_NVDLA_cmac/u_core/u_mac_0/pp_in_l4n3_3[16]
                             16.0000        16.1131        -0.1131  (VIOLATED)
   u_NV_NVDLA_cmac/u_core/u_mac_6/u_tree_l4n2/n229
                             16.0000        16.1129        -0.1129  (VIOLATED)
   u_NV_NVDLA_cmac/u_core/u_mac_7/pp_out_l0n00_1[21]
                              8.0000         8.1127        -0.1127  (VIOLATED)
   u_NV_NVDLA_cmac/u_core/u_mac_2/u_nan/n1142
                             16.0000        16.1127        -0.1127  (VIOLATED)
   u_NV_NVDLA_cmac/u_core/u_mac_6/u_nan/n1714
                              8.0000         8.1125        -0.1125  (VIOLATED)
   u_NV_NVDLA_cmac/u_core/u_active/n47304
                             16.0000        16.1118        -0.1118  (VIOLATED)
   u_NV_NVDLA_cmac/u_core/u_mac_2/res_tag_36[3]
                             16.0000        16.1107        -0.1107  (VIOLATED)
   u_NV_NVDLA_cmac/u_core/u_active/n86087
                            168.0000       168.1104        -0.1104  (VIOLATED)
   u_NV_NVDLA_cmac/u_core/u_mac_2/pp_out_l0n05_0[25]
                             16.0000        16.1102        -0.1102  (VIOLATED)
   u_NV_NVDLA_cmac/u_core/u_mac_7/pp_out_l0n05_1[26]
                             16.0000        16.1101        -0.1101  (VIOLATED)
   u_NV_NVDLA_cmac/u_core/u_active/wt1_sd_data[284]
                             16.0000        16.1098        -0.1098  (VIOLATED)
   u_NV_NVDLA_cmac/u_core/u_mac_0/pp_out_l0n06_1[11]
                              8.0000         8.1080        -0.1080  (VIOLATED)
   u_NV_NVDLA_cmac/u_core/u_mac_7/u_mul_22/n315
                             16.0000        16.1076        -0.1076  (VIOLATED)
   u_NV_NVDLA_cmac/u_core/u_mac_7/u_nan/n1822
                             16.0000        16.1068        -0.1068  (VIOLATED)
   u_NV_NVDLA_cmac/u_core/u_mac_0/pp_out_l0n11_1[17]
                             16.0000        16.1067        -0.1067  (VIOLATED)
   u_NV_NVDLA_cmac/u_core/u_mac_7/u_tree_l0n12/n272
                              8.0000         8.1065        -0.1065  (VIOLATED)
   u_NV_NVDLA_cmac/u_core/u_active/n44924
                             16.0000        16.1054        -0.1054  (VIOLATED)
   u_NV_NVDLA_cmac/u_core/u_mac_6/exp_sft_04[3]
                              8.0000         8.1040        -0.1040  (VIOLATED)
   u_NV_NVDLA_cmac/u_core/u_mac_5/pp_out_l2n4_0_d2[32]
                             16.0000        16.1033        -0.1033  (VIOLATED)
   u_NV_NVDLA_cmac/u_core/dat1_actv_data[60]
                             16.0000        16.1026        -0.1026  (VIOLATED)
   u_NV_NVDLA_cmac/u_core/u_mac_0/pp_out_l0n02_1[11]
                             16.0000        16.1024        -0.1024  (VIOLATED)
   u_NV_NVDLA_cmac/u_core/u_mac_4/u_mul_58/n225
                             32.0000        32.1016        -0.1016  (VIOLATED)
   u_NV_NVDLA_cmac/u_core/u_mac_7/u_tree_l4n3/n183
                             16.0000        16.1012        -0.1012  (VIOLATED)
   u_NV_NVDLA_cmac/u_core/u_mac_4/pp_out_l0n07_1[6]
                              8.0000         8.1004        -0.1004  (VIOLATED)
   u_NV_NVDLA_cmac/u_core/u_mac_3/res_tag_41[3]
                             16.0000        16.1004        -0.1004  (VIOLATED)
   u_NV_NVDLA_cmac/u_core/u_mac_3/u_tree_l0n01/n162
                              8.0000         8.1002        -0.1002  (VIOLATED)
   u_NV_NVDLA_cmac/u_core/u_mac_3/u_tree_l0n01/n256
                              8.0000         8.1002        -0.1002  (VIOLATED)
   u_NV_NVDLA_cmac/u_core/u_mac_7/u_exp/exp_sum_49[2]
                             16.0000        16.0997        -0.0997  (VIOLATED)
   u_NV_NVDLA_cmac/u_core/u_active/n38894
                              8.0000         8.0986        -0.0986  (VIOLATED)
   u_NV_NVDLA_cmac/u_core/u_mac_3/ps_n2b2[2]
                              8.0000         8.0977        -0.0977  (VIOLATED)
   u_NV_NVDLA_cmac/u_core/u_mac_0/u_mul_33/n307
                             16.0000        16.0976        -0.0976  (VIOLATED)
   u_NV_NVDLA_cmac/u_core/u_mac_1/ps_n0b0_dc[6]
                              8.0000         8.0960        -0.0960  (VIOLATED)
   u_NV_NVDLA_cmac/u_core/u_mac_6/n7526
                             16.0000        16.0956        -0.0956  (VIOLATED)
   u_NV_NVDLA_cmac/u_core/u_mac_1/u_tree_l0n11/n189
                              8.0000         8.0951        -0.0951  (VIOLATED)
   u_NV_NVDLA_cmac/u_core/u_mac_3/u_tree_l0n12/n252
                              8.0000         8.0948        -0.0948  (VIOLATED)
   u_NV_NVDLA_cmac/u_core/u_mac_4/pp_out_l0n10_1[5]
                             16.0000        16.0948        -0.0948  (VIOLATED)
   u_NV_NVDLA_cmac/u_core/wt6_actv_data[473]
                             16.0000        16.0934        -0.0934  (VIOLATED)
   u_NV_NVDLA_cmac/u_core/u_mac_6/pp_out_l2n6_1[32]
                             16.0000        16.0928        -0.0928  (VIOLATED)
   u_NV_NVDLA_cmac/u_core/dat1_actv_data[460]
                             16.0000        16.0922        -0.0922  (VIOLATED)
   u_NV_NVDLA_cmac/u_core/u_mac_2/ps_n2b5[4]
                              8.0000         8.0914        -0.0914  (VIOLATED)
   u_NV_NVDLA_cmac/u_core/wt3_actv_data[4]
                             16.0000        16.0910        -0.0910  (VIOLATED)
   u_NV_NVDLA_cmac/u_core/u_active/wt0_sd_data[81]
                             16.0000        16.0895        -0.0895  (VIOLATED)
   u_NV_NVDLA_cmac/u_core/u_mac_6/u_nan/n2109
                             16.0000        16.0894        -0.0894  (VIOLATED)
   u_NV_NVDLA_cmac/u_core/u_mac_2/res_tag_6[3]
                             82.0000        82.0888        -0.0888  (VIOLATED)
   u_NV_NVDLA_cmac/u_core/u_mac_5/pp_out_l2n7_1_d2[28]
                             16.0000        16.0886        -0.0886  (VIOLATED)
   u_NV_NVDLA_cmac/u_core/u_active/n38463
                             32.0000        32.0883        -0.0883  (VIOLATED)
   u_NV_NVDLA_cmac/u_core/u_mac_4/res_tag_2[4]
                             16.0000        16.0878        -0.0878  (VIOLATED)
   u_NV_NVDLA_cmac/u_core/u_mac_7/pp_out_l0n08_1[13]
                              8.0000         8.0874        -0.0874  (VIOLATED)
   u_NV_NVDLA_cmac/u_core/u_active/wt0_sd_data[593]
                             16.0000        16.0863        -0.0863  (VIOLATED)
   u_NV_NVDLA_cmac/u_core/u_mac_0/pp_out_l0n11_1[20]
                             16.0000        16.0860        -0.0860  (VIOLATED)
   u_NV_NVDLA_cmac/u_core/u_active/wt0_sd_data[45]
                             16.0000        16.0838        -0.0838  (VIOLATED)
   u_NV_NVDLA_cmac/u_core/u_mac_5/u_nan/n2236
                              8.0000         8.0829        -0.0829  (VIOLATED)
   u_NV_NVDLA_cmac/u_core/u_mac_1/u_tree_l0n11/n222
                              8.0000         8.0826        -0.0826  (VIOLATED)
   u_NV_NVDLA_cmac/u_core/u_mac_0/pp_out_l0n14_1[34]
                              8.0000         8.0811        -0.0811  (VIOLATED)
   u_NV_NVDLA_cmac/u_core/u_mac_7/u_nan/n1016
                             16.0000        16.0810        -0.0810  (VIOLATED)
   u_NV_NVDLA_cmac/u_core/u_mac_0/pp_out_l0n02_1[29]
                             16.0000        16.0807        -0.0807  (VIOLATED)
   u_NV_NVDLA_cmac/u_core/wt1_actv_data[304]
                             16.0000        16.0804        -0.0804  (VIOLATED)
   u_NV_NVDLA_cmac/u_core/u_mac_2/res_tag_56[2]
                             16.0000        16.0801        -0.0801  (VIOLATED)
   u_NV_NVDLA_cmac/u_core/u_active/wt1_sd_data[275]
                             16.0000        16.0783        -0.0783  (VIOLATED)
   u_NV_NVDLA_cmac/u_core/u_active/n38547
                             32.0000        32.0774        -0.0774  (VIOLATED)
   u_NV_NVDLA_cmac/u_core/u_active/n11984
                             16.0000        16.0763        -0.0763  (VIOLATED)
   u_NV_NVDLA_cmac/u_core/u_mac_4/pp_out_l0n14_0[3]
                             16.0000        16.0762        -0.0762  (VIOLATED)
   u_NV_NVDLA_cmac/u_core/u_mac_5/pp_out_l0n14_1[8]
                              8.0000         8.0760        -0.0760  (VIOLATED)
   u_NV_NVDLA_cmac/u_core/u_mac_7/u_mul_7/n314
                             16.0000        16.0759        -0.0759  (VIOLATED)
   u_NV_NVDLA_cmac/u_core/u_active/n48600
                             16.0000        16.0748        -0.0748  (VIOLATED)
   u_NV_NVDLA_cmac/u_core/u_mac_1/u_tree_l0n11/n226
                              8.0000         8.0744        -0.0744  (VIOLATED)
   u_NV_NVDLA_cmac/u_core/u_mac_6/pp_out_l1n6_1[18]
                              8.0000         8.0740        -0.0740  (VIOLATED)
   u_NV_NVDLA_cmac/u_core/u_active/n31581
                             16.0000        16.0736        -0.0736  (VIOLATED)
   u_NV_NVDLA_cmac/u_core/u_mac_0/ps_n3b0[3]
                              8.0000         8.0729        -0.0729  (VIOLATED)
   u_NV_NVDLA_cmac/u_core/u_mac_0/ps_n1b4[1]
                              8.0000         8.0720        -0.0720  (VIOLATED)
   u_NV_NVDLA_cmac/u_core/u_active/wt0_sd_data[269]
                             16.0000        16.0717        -0.0717  (VIOLATED)
   u_NV_NVDLA_cmac/u_core/u_mac_1/n9902
                              8.0000         8.0706        -0.0706  (VIOLATED)
   u_NV_NVDLA_cmac/u_core/u_mac_4/pp_out_l2n3_0[36]
                             16.0000        16.0704        -0.0704  (VIOLATED)
   u_NV_NVDLA_cmac/u_core/u_active/wt1_sd_data[903]
                             16.0000        16.0687        -0.0687  (VIOLATED)
   u_NV_NVDLA_cmac/u_core/u_mac_4/u_tree_l0n05/n292
                              8.0000         8.0680        -0.0680  (VIOLATED)
   u_NV_NVDLA_cmac/u_core/u_mac_2/pp_out_l0n06_1[13]
                             16.0000        16.0679        -0.0679  (VIOLATED)
   u_NV_NVDLA_cmac/u_core/u_mac_6/pp_out_l2n2_0[39]
                             16.0000        16.0677        -0.0677  (VIOLATED)
   u_NV_NVDLA_cmac/u_core/u_mac_1/pp_out_l0n00_1_d1[35]
                             16.0000        16.0677        -0.0677  (VIOLATED)
   u_NV_NVDLA_cmac/u_core/u_active/dat_pre_data[368]
                             16.0000        16.0673        -0.0673  (VIOLATED)
   u_NV_NVDLA_cmac/u_core/u_mac_4/pp_out_l0n07_1[12]
                              8.0000         8.0671        -0.0671  (VIOLATED)
   mac2accu_data1[64]        16.0000        16.0661        -0.0661  (VIOLATED)
   u_NV_NVDLA_cmac/u_core/u_active/n38893
                              8.0000         8.0651        -0.0651  (VIOLATED)
   u_NV_NVDLA_cmac/u_core/u_active/wt0_sd_data[267]
                             16.0000        16.0648        -0.0648  (VIOLATED)
   u_NV_NVDLA_cmac/u_core/u_mac_6/pp_out_l0n03_1[11]
                              8.0000         8.0644        -0.0644  (VIOLATED)
   u_NV_NVDLA_cmac/u_core/u_mac_0/pp_out_l0n09_1[9]
                             16.0000        16.0641        -0.0641  (VIOLATED)
   u_NV_NVDLA_cmac/u_core/u_mac_3/pp_out_l0n11_1[19]
                              8.0000         8.0629        -0.0629  (VIOLATED)
   u_NV_NVDLA_cmac/u_core/u_mac_5/pp_out_l2n4_1[34]
                             16.0000        16.0628        -0.0628  (VIOLATED)
   u_NV_NVDLA_cmac/u_core/u_mac_3/exp_sft_06[1]
                             16.0000        16.0623        -0.0623  (VIOLATED)
   u_NV_NVDLA_cmac/u_core/u_mac_5/res_tag_13[0]
                             16.0000        16.0619        -0.0619  (VIOLATED)
   u_NV_NVDLA_cmac/u_core/u_mac_2/u_nan/n241
                             16.0000        16.0618        -0.0618  (VIOLATED)
   u_NV_NVDLA_cmac/u_core/u_mac_0/pp_out_l0n09_0[4]
                             16.0000        16.0616        -0.0616  (VIOLATED)
   u_NV_NVDLA_cmac/u_core/u_active/n11434
                             16.0000        16.0612        -0.0612  (VIOLATED)
   u_NV_NVDLA_cmac/u_core/u_mac_5/res_a_18[8]
                              8.0000         8.0611        -0.0611  (VIOLATED)
   u_NV_NVDLA_cmac/u_core/u_mac_6/u_mul_30/n96
                              8.0000         8.0611        -0.0611  (VIOLATED)
   u_NV_NVDLA_cmac/u_core/u_mac_4/u_mul_7/n313
                             32.0000        32.0608        -0.0608  (VIOLATED)
   u_NV_NVDLA_cmac/u_core/u_active/n47546
                             16.0000        16.0604        -0.0604  (VIOLATED)
   u_NV_NVDLA_cmac/u_core/u_mac_2/pp_out_l0n05_1[13]
                             16.0000        16.0602        -0.0602  (VIOLATED)
   u_NV_NVDLA_cmac/u_core/u_mac_6/pp_in_l4n3_3[18]
                             16.0000        16.0597        -0.0597  (VIOLATED)
   u_NV_NVDLA_cmac/u_core/u_mac_6/u_mul_39/n197
                              8.0000         8.0593        -0.0593  (VIOLATED)
   u_NV_NVDLA_cmac/u_core/u_mac_2/n10413
                              8.0000         8.0585        -0.0585  (VIOLATED)
   u_NV_NVDLA_cmac/u_core/u_mac_2/ps_n2b1[2]
                              8.0000         8.0580        -0.0580  (VIOLATED)
   u_NV_NVDLA_cmac/u_core/dat7_actv_data[872]
                             16.0000        16.0580        -0.0580  (VIOLATED)
   u_NV_NVDLA_cmac/u_core/u_mac_5/pp_in_l4n3_3[23]
                             16.0000        16.0580        -0.0580  (VIOLATED)
   u_NV_NVDLA_cmac/u_core/u_mac_5/u_nan/n109
                             16.0000        16.0578        -0.0578  (VIOLATED)
   u_NV_NVDLA_cmac/u_core/u_mac_2/u_tree_l0n01/n112
                              8.0000         8.0572        -0.0572  (VIOLATED)
   u_NV_NVDLA_cmac/u_core/u_mac_4/pp_out_l1n0_1[12]
                             16.0000        16.0563        -0.0563  (VIOLATED)
   u_NV_NVDLA_cmac/u_core/u_mac_0/pp_out_l0n04_1[9]
                             16.0000        16.0561        -0.0561  (VIOLATED)
   u_NV_NVDLA_cmac/u_core/u_mac_3/u_tree_l0n01/n72
                              8.0000         8.0553        -0.0553  (VIOLATED)
   u_NV_NVDLA_cmac/u_core/u_mac_0/pp_in_l4n1_3[12]
                             16.0000        16.0553        -0.0553  (VIOLATED)
   u_NV_NVDLA_cmac/u_core/u_active/wt4_sd_data[813]
                             16.0000        16.0540        -0.0540  (VIOLATED)
   u_NV_NVDLA_cmac/u_core/u_mac_7/u_tree_l4n3/n177
                             16.0000        16.0538        -0.0538  (VIOLATED)
   u_NV_NVDLA_cmac/u_core/u_mac_5/u_nan/n1328
                             16.0000        16.0538        -0.0538  (VIOLATED)
   u_NV_NVDLA_cmac/u_core/u_mac_1/n8997
                              8.0000         8.0536        -0.0536  (VIOLATED)
   u_NV_NVDLA_cmac/u_core/u_active/wt5_sd_nan[62]
                             16.0000        16.0535        -0.0535  (VIOLATED)
   u_NV_NVDLA_cmac/u_core/u_mac_7/u_tree_l4n2/n102
                              8.0000         8.0535        -0.0535  (VIOLATED)
   u_NV_NVDLA_cmac/u_core/u_mac_0/n7372
                             16.0000        16.0534        -0.0534  (VIOLATED)
   u_NV_NVDLA_cmac/u_core/u_mac_5/u_tree_l4n2/n271
                             16.0000        16.0533        -0.0533  (VIOLATED)
   u_NV_NVDLA_cmac/u_core/u_mac_4/pp_out_l2n6_1[27]
                             16.0000        16.0532        -0.0532  (VIOLATED)
   u_NV_NVDLA_cmac/u_core/u_mac_7/res_tag_39[2]
                             16.0000        16.0531        -0.0531  (VIOLATED)
   u_NV_NVDLA_cmac/u_core/u_mac_7/u_nan/n836
                             16.0000        16.0520        -0.0520  (VIOLATED)
   u_NV_NVDLA_cmac/u_core/in_dat_mask[127]
                             16.0000        16.0513        -0.0513  (VIOLATED)
   u_NV_NVDLA_cmac/u_core/u_mac_1/u_exp/exp_sum_63[1]
                             16.0000        16.0509        -0.0509  (VIOLATED)
   u_NV_NVDLA_cmac/u_core/u_mac_7/u_tree_l1n2/n53
                              8.0000         8.0507        -0.0507  (VIOLATED)
   u_NV_NVDLA_cmac/u_core/u_active/wt0_sd_data[550]
                             16.0000        16.0505        -0.0505  (VIOLATED)
   u_NV_NVDLA_cmac/u_core/u_active/wt4_sd_data[777]
                             16.0000        16.0502        -0.0502  (VIOLATED)
   u_NV_NVDLA_cmac/u_core/u_mac_7/u_tree_l0n03/n222
                              8.0000         8.0488        -0.0488  (VIOLATED)
   u_NV_NVDLA_cmac/u_core/u_mac_4/u_tree_l4n3/n240
                              8.0000         8.0484        -0.0484  (VIOLATED)
   u_NV_NVDLA_cmac/u_core/wt1_actv_data[834]
                             16.0000        16.0475        -0.0475  (VIOLATED)
   u_NV_NVDLA_cmac/u_core/u_mac_5/n4914
                             16.0000        16.0471        -0.0471  (VIOLATED)
   u_NV_NVDLA_cmac/u_core/wt5_actv_data[805]
                             16.0000        16.0466        -0.0466  (VIOLATED)
   u_NV_NVDLA_cmac/u_core/u_mac_0/n10059
                              8.0000         8.0465        -0.0465  (VIOLATED)
   u_NV_NVDLA_cmac/u_core/u_mac_7/pp_out_l0n15_1[14]
                              8.0000         8.0463        -0.0463  (VIOLATED)
   u_NV_NVDLA_cmac/u_core/u_mac_0/pp_out_l0n02_1[30]
                             16.0000        16.0454        -0.0454  (VIOLATED)
   u_NV_NVDLA_cmac/u_core/dat4_actv_data[902]
                             16.0000        16.0451        -0.0451  (VIOLATED)
   u_NV_NVDLA_cmac/u_core/u_mac_2/pp_out_l2n4_0[27]
                             16.0000        16.0450        -0.0450  (VIOLATED)
   u_NV_NVDLA_cmac/u_core/u_mac_2/u_tree_l0n01/n162
                              8.0000         8.0447        -0.0447  (VIOLATED)
   u_NV_NVDLA_cmac/u_core/u_mac_6/u_tree_l4n2/n196
                             16.0000        16.0444        -0.0444  (VIOLATED)
   u_NV_NVDLA_cmac/u_core/u_mac_4/pp_out_l2n6_0[28]
                             16.0000        16.0430        -0.0430  (VIOLATED)
   u_NV_NVDLA_cmac/u_core/u_active/wt4_sd_data[776]
                             16.0000        16.0424        -0.0424  (VIOLATED)
   u_NV_NVDLA_cmac/u_core/u_mac_7/u_mul_24/n315
                             16.0000        16.0409        -0.0409  (VIOLATED)
   u_NV_NVDLA_cmac/u_core/u_mac_0/pp_out_l0n02_1[32]
                             16.0000        16.0406        -0.0406  (VIOLATED)
   u_NV_NVDLA_cmac/u_core/u_mac_0/pp_out_l0n14_1[14]
                              8.0000         8.0402        -0.0402  (VIOLATED)
   u_NV_NVDLA_cmac/u_core/dat6_actv_data[764]
                             16.0000        16.0392        -0.0392  (VIOLATED)
   u_NV_NVDLA_cmac/u_core/u_mac_2/ps_n1b7[1]
                              8.0000         8.0392        -0.0392  (VIOLATED)
   u_NV_NVDLA_cmac/u_core/u_mac_2/pp_out_l0n09_0[0]
                              8.0000         8.0388        -0.0388  (VIOLATED)
   u_NV_NVDLA_cmac/u_core/u_mac_3/pp_out_l0n12_1_d1[3]
                             16.0000        16.0386        -0.0386  (VIOLATED)
   u_NV_NVDLA_cmac/u_core/u_mac_6/u_tree_l4n2/n184
                             16.0000        16.0385        -0.0385  (VIOLATED)
   u_NV_NVDLA_cmac/u_core/u_mac_0/pp_out_l1n2_1[21]
                              8.0000         8.0372        -0.0372  (VIOLATED)
   u_NV_NVDLA_cmac/u_core/u_mac_3/pp_out_l0n12_1_d1[7]
                             16.0000        16.0369        -0.0369  (VIOLATED)
   u_NV_NVDLA_cmac/u_core/u_active/n10115
                             16.0000        16.0365        -0.0365  (VIOLATED)
   u_NV_NVDLA_cmac/u_core/u_mac_6/pp_out_l2n6_0[31]
                             16.0000        16.0359        -0.0359  (VIOLATED)
   u_NV_NVDLA_cmac/u_core/u_mac_0/pp_out_l2n7_1[37]
                              8.0000         8.0356        -0.0356  (VIOLATED)
   u_NV_NVDLA_cmac/u_core/u_mac_1/n11348
                             16.0000        16.0354        -0.0354  (VIOLATED)
   u_NV_NVDLA_cmac/u_core/wt0_actv_data[367]
                             16.0000        16.0343        -0.0343  (VIOLATED)
   u_NV_NVDLA_cmac/u_core/u_active/dat_pre_data[675]
                             16.0000        16.0343        -0.0343  (VIOLATED)
   mac2accu_mask[1]          16.0000        16.0336        -0.0336  (VIOLATED)
   u_NV_NVDLA_cmac/u_core/u_mac_7/u_mul_48/n317
                             16.0000        16.0336        -0.0336  (VIOLATED)
   u_NV_NVDLA_cmac/u_core/u_mac_5/pp_out_l2n0_1[26]
                             16.0000        16.0328        -0.0328  (VIOLATED)
   u_NV_NVDLA_cmac/u_core/u_mac_4/pp_out_l0n10_0[4]
                             16.0000        16.0326        -0.0326  (VIOLATED)
   u_NV_NVDLA_cmac/u_core/u_mac_5/pp_out_l2n0_1[29]
                             16.0000        16.0324        -0.0324  (VIOLATED)
   u_NV_NVDLA_cmac/u_core/u_mac_7/u_tree_l4n3/n165
                             16.0000        16.0305        -0.0305  (VIOLATED)
   u_NV_NVDLA_cmac/u_core/u_mac_7/pp_out_l0n15_1[15]
                              8.0000         8.0296        -0.0296  (VIOLATED)
   u_NV_NVDLA_cmac/u_core/u_mac_5/u_tree_l2n7/n4
                              8.0000         8.0293        -0.0293  (VIOLATED)
   u_NV_NVDLA_cmac/u_core/u_mac_6/pp_out_l0n10_0[6]
                             16.0000        16.0283        -0.0283  (VIOLATED)
   u_NV_NVDLA_cmac/u_core/u_active/wt1_sd_data[952]
                             16.0000        16.0280        -0.0280  (VIOLATED)
   u_NV_NVDLA_cmac/u_core/u_mac_4/u_nan/n2157
                             32.0000        32.0280        -0.0280  (VIOLATED)
   u_NV_NVDLA_cmac/u_core/u_mac_7/pp_out_l0n00_1_d1[34]
                             16.0000        16.0277        -0.0277  (VIOLATED)
   u_NV_NVDLA_cmac/u_core/u_mac_2/u_mul_11/n225
                             32.0000        32.0276        -0.0276  (VIOLATED)
   u_NV_NVDLA_cmac/u_core/wt5_actv_data[645]
                             16.0000        16.0263        -0.0263  (VIOLATED)
   u_NV_NVDLA_cmac/u_core/u_mac_7/pp_out_l0n08_1[12]
                              8.0000         8.0263        -0.0263  (VIOLATED)
   u_NV_NVDLA_cmac/u_core/u_mac_2/pp_out_l0n15_0[0]
                              8.0000         8.0261        -0.0261  (VIOLATED)
   u_NV_NVDLA_cmac/u_core/u_mac_2/pp_out_l0n06_0[12]
                             16.0000        16.0256        -0.0256  (VIOLATED)
   u_NV_NVDLA_cmac/u_core/u_mac_7/u_nan/n1196
                             16.0000        16.0252        -0.0252  (VIOLATED)
   u_NV_NVDLA_cmac/u_core/u_mac_5/pp_out_l0n02_1[5]
                              8.0000         8.0249        -0.0249  (VIOLATED)
   u_NV_NVDLA_cmac/u_core/u_mac_0/n9346
                              8.0000         8.0245        -0.0245  (VIOLATED)
   u_NV_NVDLA_cmac/u_core/u_mac_4/pp_out_l2n2_0[32]
                             16.0000        16.0245        -0.0245  (VIOLATED)
   u_NV_NVDLA_cmac/u_core/wt5_actv_data[776]
                             16.0000        16.0239        -0.0239  (VIOLATED)
   u_NV_NVDLA_cmac/u_core/u_mac_3/u_tree_l0n03/n232
                              8.0000         8.0233        -0.0233  (VIOLATED)
   u_NV_NVDLA_cmac/u_core/u_mac_2/pp_out_l1n7_1[5]
                              8.0000         8.0230        -0.0230  (VIOLATED)
   u_NV_NVDLA_cmac/u_core/u_mac_2/exp_sft_01[3]
                              8.0000         8.0226        -0.0226  (VIOLATED)
   u_NV_NVDLA_cmac/u_core/u_mac_1/n9319
                              8.0000         8.0216        -0.0216  (VIOLATED)
   u_NV_NVDLA_cmac/u_core/u_mac_4/res_tag_1[4]
                             16.0000        16.0213        -0.0213  (VIOLATED)
   u_NV_NVDLA_cmac/u_core/u_mac_5/pp_out_l2n4_1_d2[27]
                             16.0000        16.0210        -0.0210  (VIOLATED)
   u_NV_NVDLA_cmac/u_core/u_mac_7/ps_n1b2[1]
                              8.0000         8.0205        -0.0205  (VIOLATED)
   u_NV_NVDLA_cmac/u_core/u_active/dat_pre_data[126]
                             16.0000        16.0202        -0.0202  (VIOLATED)
   u_NV_NVDLA_cmac/u_core/wt2_actv_data[898]
                             16.0000        16.0200        -0.0200  (VIOLATED)
   u_NV_NVDLA_cmac/u_core/wt7_actv_data[627]
                             16.0000        16.0200        -0.0200  (VIOLATED)
   u_NV_NVDLA_cmac/u_core/u_mac_0/sop_2[2]
                              8.0000         8.0191        -0.0191  (VIOLATED)
   u_NV_NVDLA_cmac/u_core/u_mac_0/pp_out_l0n12_0_d1[13]
                             16.0000        16.0188        -0.0188  (VIOLATED)
   u_NV_NVDLA_cmac/u_core/u_active/n18074
                             16.0000        16.0176        -0.0176  (VIOLATED)
   u_NV_NVDLA_cmac/u_core/u_mac_4/pp_out_l0n05_1[14]
                             16.0000        16.0174        -0.0174  (VIOLATED)
   u_NV_NVDLA_cmac/u_core/dat2_actv_data[509]
                             16.0000        16.0166        -0.0166  (VIOLATED)
   u_NV_NVDLA_cmac/u_core/u_mac_1/n10068
                              8.0000         8.0155        -0.0155  (VIOLATED)
   u_NV_NVDLA_cmac/u_core/u_mac_2/pp_out_l0n02_0[22]
                              8.0000         8.0154        -0.0154  (VIOLATED)
   u_NV_NVDLA_cmac/u_core/u_mac_4/pp_out_l0n00_1_d1[12]
                             16.0000        16.0144        -0.0144  (VIOLATED)
   u_NV_NVDLA_cmac/u_core/u_mac_5/u_tree_l1n2/n54
                             16.0000        16.0141        -0.0141  (VIOLATED)
   u_NV_NVDLA_cmac/u_core/u_mac_2/ps_n2b0[2]
                              8.0000         8.0141        -0.0141  (VIOLATED)
   u_NV_NVDLA_cmac/u_core/u_mac_6/pp_out_l2n2_1[36]
                             16.0000        16.0137        -0.0137  (VIOLATED)
   u_NV_NVDLA_cmac/u_core/u_mac_2/exp_sft_07[1]
                             16.0000        16.0136        -0.0136  (VIOLATED)
   u_NV_NVDLA_cmac/u_core/u_mac_6/u_tree_l0n11/n212
                              8.0000         8.0134        -0.0134  (VIOLATED)
   u_NV_NVDLA_cmac/u_core/wt7_actv_data[460]
                             16.0000        16.0126        -0.0126  (VIOLATED)
   u_NV_NVDLA_cmac/u_core/u_mac_1/n7261
                             16.0000        16.0124        -0.0124  (VIOLATED)
   u_NV_NVDLA_cmac/u_core/u_mac_6/pp_in_l0_a_12[26]
                             16.0000        16.0122        -0.0122  (VIOLATED)
   u_NV_NVDLA_cmac/u_core/u_active/n49434
                             64.0000        64.0121        -0.0121  (VIOLATED)
   u_NV_NVDLA_cmac/u_core/u_mac_0/pp_out_l2n7_1[32]
                              8.0000         8.0114        -0.0114  (VIOLATED)
   u_NV_NVDLA_cmac/u_core/u_mac_0/u_mul_42/n311
                             16.0000        16.0112        -0.0112  (VIOLATED)
   u_NV_NVDLA_cmac/u_core/u_mac_2/pp_out_l0n06_0[11]
                             16.0000        16.0107        -0.0107  (VIOLATED)
   u_NV_NVDLA_cmac/u_core/u_mac_3/u_exp/exp_sum_50[0]
                             16.0000        16.0106        -0.0106  (VIOLATED)
   u_NV_NVDLA_cmac/u_core/u_mac_0/sop_0[4]
                              8.0000         8.0106        -0.0106  (VIOLATED)
   u_NV_NVDLA_cmac/u_core/u_mac_5/u_nan/n962
                             16.0000        16.0104        -0.0104  (VIOLATED)
   u_NV_NVDLA_cmac/u_core/u_mac_2/u_exp/n2013
                             16.0000        16.0104        -0.0104  (VIOLATED)
   u_NV_NVDLA_cmac/u_core/u_mac_4/pp_out_l0n14_1[10]
                             16.0000        16.0097        -0.0097  (VIOLATED)
   u_NV_NVDLA_cmac/u_core/u_mac_5/pp_out_l2n0_0[25]
                             16.0000        16.0096        -0.0096  (VIOLATED)
   u_NV_NVDLA_cmac/u_core/u_mac_2/u_mul_57/n319
                             16.0000        16.0095        -0.0095  (VIOLATED)
   u_NV_NVDLA_cmac/u_core/u_mac_4/pp_out_l1n0_0[11]
                             16.0000        16.0093        -0.0093  (VIOLATED)
   u_NV_NVDLA_cmac/u_core/dat7_actv_data[573]
                             16.0000        16.0092        -0.0092  (VIOLATED)
   u_NV_NVDLA_cmac/u_core/u_mac_6/pp_out_l2n6_1[34]
                             16.0000        16.0090        -0.0090  (VIOLATED)
   u_NV_NVDLA_cmac/u_core/u_active/wt0_sd_data[547]
                             16.0000        16.0087        -0.0087  (VIOLATED)
   u_NV_NVDLA_cmac/u_core/out_data5[107]
                             32.0000        32.0073        -0.0073  (VIOLATED)
   u_NV_NVDLA_cmac/u_core/u_mac_3/pp_out_l0n06_0[33]
                              8.0000         8.0064        -0.0064  (VIOLATED)
   u_NV_NVDLA_cmac/u_core/u_mac_7/pp_out_l0n15_1[20]
                              8.0000         8.0058        -0.0058  (VIOLATED)
   u_NV_NVDLA_cmac/u_core/u_mac_7/pp_out_l0n01_0[10]
                             16.0000        16.0057        -0.0057  (VIOLATED)
   u_NV_NVDLA_cmac/u_core/u_mac_0/pp_out_l1n2_0[3]
                             16.0000        16.0049        -0.0049  (VIOLATED)
   u_NV_NVDLA_cmac/u_core/dat1_actv_data[874]
                              8.0000         8.0049        -0.0049  (VIOLATED)
   u_NV_NVDLA_cmac/u_core/u_mac_4/pp_out_l0n14_0[2]
                             16.0000        16.0048        -0.0048  (VIOLATED)
   u_NV_NVDLA_cmac/u_core/u_mac_4/n9330
                              8.0000         8.0047        -0.0047  (VIOLATED)
   u_NV_NVDLA_cmac/u_core/u_mac_1/pp_out_l0n02_0_d1[5]
                              8.0000         8.0047        -0.0047  (VIOLATED)
   u_NV_NVDLA_cmac/u_core/u_mac_4/pp_out_l0n08_1[12]
                             16.0000        16.0044        -0.0044  (VIOLATED)
   u_NV_NVDLA_cmac/u_core/u_mac_5/pp_in_l4n1_3[15]
                             16.0000        16.0043        -0.0043  (VIOLATED)
   u_NV_NVDLA_cmac/u_core/u_mac_3/ps_n1b3[5]
                              8.0000         8.0039        -0.0039  (VIOLATED)
   u_NV_NVDLA_cmac/u_core/u_mac_0/pp_out_l0n09_0_d1[34]
                             16.0000        16.0031        -0.0031  (VIOLATED)
   u_NV_NVDLA_cmac/u_core/u_active/wt_pre_data[317]
                             64.0000        64.0029        -0.0029  (VIOLATED)
   u_NV_NVDLA_cmac/u_core/u_mac_2/u_exp/exp_sum_46[1]
                             16.0000        16.0028        -0.0028  (VIOLATED)
   u_NV_NVDLA_cmac/u_core/u_mac_4/pp_out_l0n00_1_d1[13]
                             16.0000        16.0017        -0.0017  (VIOLATED)
   u_NV_NVDLA_cmac/u_core/u_mac_7/pp_out_l1n6_0[39]
                              8.0000         8.0014        -0.0014  (VIOLATED)
   u_NV_NVDLA_cmac/u_core/u_mac_6/pp_out_l0n03_0[8]
                              8.0000         8.0010        -0.0010  (VIOLATED)
   u_NV_NVDLA_cmac/u_core/u_active/n35390
                              8.0000         8.0009        -0.0009  (VIOLATED)
   u_NV_NVDLA_cmac/u_core/u_mac_2/pp_out_l0n09_0[24]
                              8.0000         8.0006        -0.0006  (VIOLATED)
   u_NV_NVDLA_cmac/u_core/u_mac_6/u_tree_l0n00/n189
                              8.0000         8.0004        -0.0004  (VIOLATED)
   u_NV_NVDLA_cmac/u_core/u_mac_0/pp_out_l0n09_0[0]
                             16.0000        16.0004        -0.0004  (VIOLATED)
   u_NV_NVDLA_cmac/u_core/u_mac_7/pp_out_l1n0_1[28]
                              8.0000         8.0003        -0.0003  (VIOLATED)
   u_NV_NVDLA_cmac/u_core/u_mac_1/u_mul_14/n1
                             16.0000        16.0003        -0.0003  (VIOLATED)
   u_NV_NVDLA_cmac/u_core/u_mac_7/u_nan/n1221
                             16.0000        16.0002        -0.0002  (VIOLATED)

   -----------------------------------------------------------------
   Total                      2038            -2696.9807

   max_area

                             Required        Actual
   Design                      Area           Area           Slack
   -----------------------------------------------------------------
   NV_NVDLA_partition_m       0.0000       3228785.2500   -3228785.2500
                                                                    (VIOLATED)


   multiport_net

                             Required        Actual
   Net                          Cost           Cost          Violation
   -----------------------------------------------------------------
   u_partition_m_reset/sync_reset_synced_rstn/UJ_inreset_x_clamp/A1
                              0.0000         1.0000        -1.0000  (VIOLATED)


1
