 
****************************************
Report : timing
        -path full
        -delay min
        -nworst 5
        -input_pins
        -nets
        -max_paths 50
        -transition_time
        -capacitance
Design : NV_NVDLA_partition_m
Version: W-2024.09-SP5-5
Date   : Fri May  8 21:36:34 2026
****************************************

 * Some/all delay information is back-annotated.

 # A fanout number of 1000 was used for high fanout net computations.

Operating Conditions: ss0p95v125c   Library: saed32rvt_ss0p95v125c
Wire Load Model Mode: Inactive.

  Startpoint: u_partition_m_reset/sync_reset_synced_rstn/NV_GENERIC_CELL/d0_reg
              (rising edge-triggered flip-flop clocked by nvdla_core_clk)
  Endpoint: u_partition_m_reset/sync_reset_synced_rstn/NV_GENERIC_CELL/q_reg
            (rising edge-triggered flip-flop clocked by nvdla_core_clk)
  Path Group: nvdla_core_clk
  Path Type: min

  Point                                       Fanout       Cap     Trans      Incr       Path
  ----------------------------------------------------------------------------------------------
  clock nvdla_core_clk (rise edge)                                          0.0000     0.0000
  clock network delay (ideal)                                               0.0000     0.0000
  u_partition_m_reset/sync_reset_synced_rstn/NV_GENERIC_CELL/d0_reg/CLK (SDFFARX1_RVT)
                                                                  0.0500    0.0000     0.0000 r
  u_partition_m_reset/sync_reset_synced_rstn/NV_GENERIC_CELL/d0_reg/Q (SDFFARX1_RVT)
                                                                  0.0278    0.1724     0.1724 f
  u_partition_m_reset/sync_reset_synced_rstn/NV_GENERIC_CELL/d0 (net)
                                                1       0.4517              0.0000     0.1724 f
  u_partition_m_reset/sync_reset_synced_rstn/NV_GENERIC_CELL/q_reg/D (DFFARX1_RVT)
                                                                  0.0278    0.0000 *   0.1724 f
  data arrival time                                                                    0.1724

  clock nvdla_core_clk (rise edge)                                          0.0000     0.0000
  clock network delay (ideal)                                               0.0000     0.0000
  u_partition_m_reset/sync_reset_synced_rstn/NV_GENERIC_CELL/q_reg/CLK (DFFARX1_RVT)
                                                                            0.0000     0.0000 r
  library hold time                                                        -0.0057    -0.0057
  data required time                                                                  -0.0057
  ----------------------------------------------------------------------------------------------
  data required time                                                                  -0.0057
  data arrival time                                                                   -0.1724
  ----------------------------------------------------------------------------------------------
  slack (MET)                                                                          0.1781


  Startpoint: u_NV_NVDLA_cmac/u_core/u_rt_out/out_rt_done_d1_reg
              (rising edge-triggered flip-flop clocked by nvdla_core_clk)
  Endpoint: u_NV_NVDLA_cmac/u_core/u_rt_out/out_rt_done_d2_reg
            (rising edge-triggered flip-flop clocked by nvdla_core_clk)
  Path Group: nvdla_core_clk
  Path Type: min

  Point                                       Fanout       Cap     Trans      Incr       Path
  ----------------------------------------------------------------------------------------------
  clock nvdla_core_clk (rise edge)                                          0.0000     0.0000
  clock network delay (ideal)                                               0.0000     0.0000
  u_NV_NVDLA_cmac/u_core/u_rt_out/out_rt_done_d1_reg/CLK (SDFFARX1_RVT)
                                                                  0.0500    0.0000     0.0000 r
  u_NV_NVDLA_cmac/u_core/u_rt_out/out_rt_done_d1_reg/Q (SDFFARX1_RVT)
                                                                  0.0285    0.1733     0.1733 f
  u_NV_NVDLA_cmac/u_core/u_rt_out/out_rt_done_d1 (net)
                                                1       0.5396              0.0000     0.1733 f
  u_NV_NVDLA_cmac/u_core/u_rt_out/out_rt_done_d2_reg/D (DFFARX1_RVT)
                                                                  0.0285    0.0000 *   0.1733 f
  data arrival time                                                                    0.1733

  clock nvdla_core_clk (rise edge)                                          0.0000     0.0000
  clock network delay (ideal)                                               0.0000     0.0000
  u_NV_NVDLA_cmac/u_core/u_rt_out/out_rt_done_d2_reg/CLK (DFFARX1_RVT)      0.0000     0.0000 r
  library hold time                                                        -0.0060    -0.0060
  data required time                                                                  -0.0060
  ----------------------------------------------------------------------------------------------
  data required time                                                                  -0.0060
  data arrival time                                                                   -0.1733
  ----------------------------------------------------------------------------------------------
  slack (MET)                                                                          0.1793


  Startpoint: u_NV_NVDLA_cmac/u_core/u_rt_out/out_rt_done_d3_reg
              (rising edge-triggered flip-flop clocked by nvdla_core_clk)
  Endpoint: u_NV_NVDLA_cmac/u_core/u_rt_out/out_rt_done_d4_reg
            (rising edge-triggered flip-flop clocked by nvdla_core_clk)
  Path Group: nvdla_core_clk
  Path Type: min

  Point                                       Fanout       Cap     Trans      Incr       Path
  ----------------------------------------------------------------------------------------------
  clock nvdla_core_clk (rise edge)                                          0.0000     0.0000
  clock network delay (ideal)                                               0.0000     0.0000
  u_NV_NVDLA_cmac/u_core/u_rt_out/out_rt_done_d3_reg/CLK (DFFARX1_RVT)
                                                                  0.0500    0.0000     0.0000 r
  u_NV_NVDLA_cmac/u_core/u_rt_out/out_rt_done_d3_reg/Q (DFFARX1_RVT)
                                                                  0.0287    0.1733     0.1733 f
  u_NV_NVDLA_cmac/u_core/u_rt_out/out_rt_done_d3 (net)
                                                1       0.5919              0.0000     0.1733 f
  u_NV_NVDLA_cmac/u_core/u_rt_out/out_rt_done_d4_reg/D (DFFARX1_RVT)
                                                                  0.0287    0.0000 *   0.1733 f
  data arrival time                                                                    0.1733

  clock nvdla_core_clk (rise edge)                                          0.0000     0.0000
  clock network delay (ideal)                                               0.0000     0.0000
  u_NV_NVDLA_cmac/u_core/u_rt_out/out_rt_done_d4_reg/CLK (DFFARX1_RVT)      0.0000     0.0000 r
  library hold time                                                        -0.0061    -0.0061
  data required time                                                                  -0.0061
  ----------------------------------------------------------------------------------------------
  data required time                                                                  -0.0061
  data arrival time                                                                   -0.1733
  ----------------------------------------------------------------------------------------------
  slack (MET)                                                                          0.1794


  Startpoint: u_NV_NVDLA_cmac/u_core/u_rt_out/out_rt_done_d2_reg
              (rising edge-triggered flip-flop clocked by nvdla_core_clk)
  Endpoint: u_NV_NVDLA_cmac/u_core/u_rt_out/out_rt_done_d3_reg
            (rising edge-triggered flip-flop clocked by nvdla_core_clk)
  Path Group: nvdla_core_clk
  Path Type: min

  Point                                       Fanout       Cap     Trans      Incr       Path
  ----------------------------------------------------------------------------------------------
  clock nvdla_core_clk (rise edge)                                          0.0000     0.0000
  clock network delay (ideal)                                               0.0000     0.0000
  u_NV_NVDLA_cmac/u_core/u_rt_out/out_rt_done_d2_reg/CLK (DFFARX1_RVT)
                                                                  0.0500    0.0000     0.0000 r
  u_NV_NVDLA_cmac/u_core/u_rt_out/out_rt_done_d2_reg/Q (DFFARX1_RVT)
                                                                  0.0295    0.1743     0.1743 f
  u_NV_NVDLA_cmac/u_core/u_rt_out/out_rt_done_d2 (net)
                                                1       0.7052              0.0000     0.1743 f
  u_NV_NVDLA_cmac/u_core/u_rt_out/out_rt_done_d3_reg/D (DFFARX1_RVT)
                                                                  0.0295    0.0000 *   0.1743 f
  data arrival time                                                                    0.1743

  clock nvdla_core_clk (rise edge)                                          0.0000     0.0000
  clock network delay (ideal)                                               0.0000     0.0000
  u_NV_NVDLA_cmac/u_core/u_rt_out/out_rt_done_d3_reg/CLK (DFFARX1_RVT)      0.0000     0.0000 r
  library hold time                                                        -0.0065    -0.0065
  data required time                                                                  -0.0065
  ----------------------------------------------------------------------------------------------
  data required time                                                                  -0.0065
  data arrival time                                                                   -0.1743
  ----------------------------------------------------------------------------------------------
  slack (MET)                                                                          0.1808


  Startpoint: u_NV_NVDLA_cmac/u_core/u_mac_4/pp_pvld_d1_reg_0_
              (rising edge-triggered flip-flop clocked by nvdla_core_clk)
  Endpoint: u_NV_NVDLA_cmac/u_core/u_mac_4/pp_pvld_d2_reg_0_
            (rising edge-triggered flip-flop clocked by nvdla_core_clk)
  Path Group: nvdla_core_clk
  Path Type: min

  Point                                       Fanout       Cap     Trans      Incr       Path
  ----------------------------------------------------------------------------------------------
  clock nvdla_core_clk (rise edge)                                          0.0000     0.0000
  clock network delay (ideal)                                               0.0000     0.0000
  u_NV_NVDLA_cmac/u_core/u_mac_4/pp_pvld_d1_reg_0_/CLK (SDFFARX1_RVT)
                                                                  0.0500    0.0000 #   0.0000 r
  u_NV_NVDLA_cmac/u_core/u_mac_4/pp_pvld_d1_reg_0_/Q (SDFFARX1_RVT)
                                                                  0.0427    0.1890     0.1890 f
  u_NV_NVDLA_cmac/u_core/u_mac_4/pp_pvld_d1_0_ (net)
                                                2       2.5186              0.0000     0.1890 f
  u_NV_NVDLA_cmac/u_core/u_mac_4/pp_pvld_d2_reg_0_/D (DFFARX1_RVT)
                                                                  0.0427    0.0001 *   0.1890 f
  data arrival time                                                                    0.1890

  clock nvdla_core_clk (rise edge)                                          0.0000     0.0000
  clock network delay (ideal)                                               0.0000     0.0000
  u_NV_NVDLA_cmac/u_core/u_mac_4/pp_pvld_d2_reg_0_/CLK (DFFARX1_RVT)        0.0000     0.0000 r
  library hold time                                                        -0.0128    -0.0128
  data required time                                                                  -0.0128
  ----------------------------------------------------------------------------------------------
  data required time                                                                  -0.0128
  data arrival time                                                                   -0.1890
  ----------------------------------------------------------------------------------------------
  slack (MET)                                                                          0.2018


  Startpoint: u_partition_m_reset/sync_reset_synced_rstn/NV_GENERIC_CELL/d0_reg
              (rising edge-triggered flip-flop clocked by nvdla_core_clk)
  Endpoint: u_partition_m_reset/sync_reset_synced_rstn/NV_GENERIC_CELL/q_reg
            (rising edge-triggered flip-flop clocked by nvdla_core_clk)
  Path Group: nvdla_core_clk
  Path Type: min

  Point                                       Fanout       Cap     Trans      Incr       Path
  ----------------------------------------------------------------------------------------------
  clock nvdla_core_clk (rise edge)                                          0.0000     0.0000
  clock network delay (ideal)                                               0.0000     0.0000
  u_partition_m_reset/sync_reset_synced_rstn/NV_GENERIC_CELL/d0_reg/CLK (SDFFARX1_RVT)
                                                                  0.0500    0.0000     0.0000 r
  u_partition_m_reset/sync_reset_synced_rstn/NV_GENERIC_CELL/d0_reg/Q (SDFFARX1_RVT)
                                                                  0.0298    0.1805     0.1805 r
  u_partition_m_reset/sync_reset_synced_rstn/NV_GENERIC_CELL/d0 (net)
                                                1       0.4620              0.0000     0.1805 r
  u_partition_m_reset/sync_reset_synced_rstn/NV_GENERIC_CELL/q_reg/D (DFFARX1_RVT)
                                                                  0.0298    0.0000 *   0.1805 r
  data arrival time                                                                    0.1805

  clock nvdla_core_clk (rise edge)                                          0.0000     0.0000
  clock network delay (ideal)                                               0.0000     0.0000
  u_partition_m_reset/sync_reset_synced_rstn/NV_GENERIC_CELL/q_reg/CLK (DFFARX1_RVT)
                                                                            0.0000     0.0000 r
  library hold time                                                        -0.0224    -0.0224
  data required time                                                                  -0.0224
  ----------------------------------------------------------------------------------------------
  data required time                                                                  -0.0224
  data arrival time                                                                   -0.1805
  ----------------------------------------------------------------------------------------------
  slack (MET)                                                                          0.2030


  Startpoint: u_NV_NVDLA_cmac/u_core/u_rt_out/out_rt_done_d3_reg
              (rising edge-triggered flip-flop clocked by nvdla_core_clk)
  Endpoint: u_NV_NVDLA_cmac/u_core/u_rt_out/out_rt_done_d4_reg
            (rising edge-triggered flip-flop clocked by nvdla_core_clk)
  Path Group: nvdla_core_clk
  Path Type: min

  Point                                       Fanout       Cap     Trans      Incr       Path
  ----------------------------------------------------------------------------------------------
  clock nvdla_core_clk (rise edge)                                          0.0000     0.0000
  clock network delay (ideal)                                               0.0000     0.0000
  u_NV_NVDLA_cmac/u_core/u_rt_out/out_rt_done_d3_reg/CLK (DFFARX1_RVT)
                                                                  0.0500    0.0000     0.0000 r
  u_NV_NVDLA_cmac/u_core/u_rt_out/out_rt_done_d3_reg/Q (DFFARX1_RVT)
                                                                  0.0307    0.1809     0.1809 r
  u_NV_NVDLA_cmac/u_core/u_rt_out/out_rt_done_d3 (net)
                                                1       0.6022              0.0000     0.1809 r
  u_NV_NVDLA_cmac/u_core/u_rt_out/out_rt_done_d4_reg/D (DFFARX1_RVT)
                                                                  0.0307    0.0000 *   0.1809 r
  data arrival time                                                                    0.1809

  clock nvdla_core_clk (rise edge)                                          0.0000     0.0000
  clock network delay (ideal)                                               0.0000     0.0000
  u_NV_NVDLA_cmac/u_core/u_rt_out/out_rt_done_d4_reg/CLK (DFFARX1_RVT)      0.0000     0.0000 r
  library hold time                                                        -0.0228    -0.0228
  data required time                                                                  -0.0228
  ----------------------------------------------------------------------------------------------
  data required time                                                                  -0.0228
  data arrival time                                                                   -0.1809
  ----------------------------------------------------------------------------------------------
  slack (MET)                                                                          0.2036


  Startpoint: u_NV_NVDLA_cmac/u_core/u_rt_out/out_rt_done_d1_reg
              (rising edge-triggered flip-flop clocked by nvdla_core_clk)
  Endpoint: u_NV_NVDLA_cmac/u_core/u_rt_out/out_rt_done_d2_reg
            (rising edge-triggered flip-flop clocked by nvdla_core_clk)
  Path Group: nvdla_core_clk
  Path Type: min

  Point                                       Fanout       Cap     Trans      Incr       Path
  ----------------------------------------------------------------------------------------------
  clock nvdla_core_clk (rise edge)                                          0.0000     0.0000
  clock network delay (ideal)                                               0.0000     0.0000
  u_NV_NVDLA_cmac/u_core/u_rt_out/out_rt_done_d1_reg/CLK (SDFFARX1_RVT)
                                                                  0.0500    0.0000     0.0000 r
  u_NV_NVDLA_cmac/u_core/u_rt_out/out_rt_done_d1_reg/Q (SDFFARX1_RVT)
                                                                  0.0305    0.1814     0.1814 r
  u_NV_NVDLA_cmac/u_core/u_rt_out/out_rt_done_d1 (net)
                                                1       0.5500              0.0000     0.1814 r
  u_NV_NVDLA_cmac/u_core/u_rt_out/out_rt_done_d2_reg/D (DFFARX1_RVT)
                                                                  0.0305    0.0000 *   0.1814 r
  data arrival time                                                                    0.1814

  clock nvdla_core_clk (rise edge)                                          0.0000     0.0000
  clock network delay (ideal)                                               0.0000     0.0000
  u_NV_NVDLA_cmac/u_core/u_rt_out/out_rt_done_d2_reg/CLK (DFFARX1_RVT)      0.0000     0.0000 r
  library hold time                                                        -0.0227    -0.0227
  data required time                                                                  -0.0227
  ----------------------------------------------------------------------------------------------
  data required time                                                                  -0.0227
  data arrival time                                                                   -0.1814
  ----------------------------------------------------------------------------------------------
  slack (MET)                                                                          0.2040


  Startpoint: u_NV_NVDLA_cmac/u_core/u_rt_out/out_rt_done_d2_reg
              (rising edge-triggered flip-flop clocked by nvdla_core_clk)
  Endpoint: u_NV_NVDLA_cmac/u_core/u_rt_out/out_rt_done_d3_reg
            (rising edge-triggered flip-flop clocked by nvdla_core_clk)
  Path Group: nvdla_core_clk
  Path Type: min

  Point                                       Fanout       Cap     Trans      Incr       Path
  ----------------------------------------------------------------------------------------------
  clock nvdla_core_clk (rise edge)                                          0.0000     0.0000
  clock network delay (ideal)                                               0.0000     0.0000
  u_NV_NVDLA_cmac/u_core/u_rt_out/out_rt_done_d2_reg/CLK (DFFARX1_RVT)
                                                                  0.0500    0.0000     0.0000 r
  u_NV_NVDLA_cmac/u_core/u_rt_out/out_rt_done_d2_reg/Q (DFFARX1_RVT)
                                                                  0.0316    0.1819     0.1819 r
  u_NV_NVDLA_cmac/u_core/u_rt_out/out_rt_done_d2 (net)
                                                1       0.7155              0.0000     0.1819 r
  u_NV_NVDLA_cmac/u_core/u_rt_out/out_rt_done_d3_reg/D (DFFARX1_RVT)
                                                                  0.0316    0.0000 *   0.1819 r
  data arrival time                                                                    0.1819

  clock nvdla_core_clk (rise edge)                                          0.0000     0.0000
  clock network delay (ideal)                                               0.0000     0.0000
  u_NV_NVDLA_cmac/u_core/u_rt_out/out_rt_done_d3_reg/CLK (DFFARX1_RVT)      0.0000     0.0000 r
  library hold time                                                        -0.0230    -0.0230
  data required time                                                                  -0.0230
  ----------------------------------------------------------------------------------------------
  data required time                                                                  -0.0230
  data arrival time                                                                   -0.1819
  ----------------------------------------------------------------------------------------------
  slack (MET)                                                                          0.2049


  Startpoint: u_NV_NVDLA_cmac/u_core/u_mac_6/pp_pvld_d1_reg_0_
              (rising edge-triggered flip-flop clocked by nvdla_core_clk)
  Endpoint: u_NV_NVDLA_cmac/u_core/u_mac_6/pp_pvld_d2_reg_0_
            (rising edge-triggered flip-flop clocked by nvdla_core_clk)
  Path Group: nvdla_core_clk
  Path Type: min

  Point                                       Fanout       Cap     Trans      Incr       Path
  ----------------------------------------------------------------------------------------------
  clock nvdla_core_clk (rise edge)                                          0.0000     0.0000
  clock network delay (ideal)                                               0.0000     0.0000
  u_NV_NVDLA_cmac/u_core/u_mac_6/pp_pvld_d1_reg_0_/CLK (SDFFARX1_RVT)
                                                                  0.0500    0.0000 #   0.0000 r
  u_NV_NVDLA_cmac/u_core/u_mac_6/pp_pvld_d1_reg_0_/Q (SDFFARX1_RVT)
                                                                  0.0586    0.2025     0.2025 f
  u_NV_NVDLA_cmac/u_core/u_mac_6/pp_pvld_d1_0_ (net)
                                                2       4.6036              0.0000     0.2025 f
  u_NV_NVDLA_cmac/u_core/u_mac_6/pp_pvld_d2_reg_0_/D (DFFARX1_RVT)
                                                                  0.0586    0.0002 *   0.2027 f
  data arrival time                                                                    0.2027

  clock nvdla_core_clk (rise edge)                                          0.0000     0.0000
  clock network delay (ideal)                                               0.0000     0.0000
  u_NV_NVDLA_cmac/u_core/u_mac_6/pp_pvld_d2_reg_0_/CLK (DFFARX1_RVT)        0.0000     0.0000 r
  library hold time                                                        -0.0204    -0.0204
  data required time                                                                  -0.0204
  ----------------------------------------------------------------------------------------------
  data required time                                                                  -0.0204
  data arrival time                                                                   -0.2027
  ----------------------------------------------------------------------------------------------
  slack (MET)                                                                          0.2231


  Startpoint: u_NV_NVDLA_cmac/u_core/u_mac_4/pp_pvld_d1_reg_0_
              (rising edge-triggered flip-flop clocked by nvdla_core_clk)
  Endpoint: u_NV_NVDLA_cmac/u_core/u_mac_4/pp_pvld_d2_reg_0_
            (rising edge-triggered flip-flop clocked by nvdla_core_clk)
  Path Group: nvdla_core_clk
  Path Type: min

  Point                                       Fanout       Cap     Trans      Incr       Path
  ----------------------------------------------------------------------------------------------
  clock nvdla_core_clk (rise edge)                                          0.0000     0.0000
  clock network delay (ideal)                                               0.0000     0.0000
  u_NV_NVDLA_cmac/u_core/u_mac_4/pp_pvld_d1_reg_0_/CLK (SDFFARX1_RVT)
                                                                  0.0500    0.0000 #   0.0000 r
  u_NV_NVDLA_cmac/u_core/u_mac_4/pp_pvld_d1_reg_0_/Q (SDFFARX1_RVT)
                                                                  0.0455    0.1969     0.1969 r
  u_NV_NVDLA_cmac/u_core/u_mac_4/pp_pvld_d1_0_ (net)
                                                2       2.5346              0.0000     0.1969 r
  u_NV_NVDLA_cmac/u_core/u_mac_4/pp_pvld_d2_reg_0_/D (DFFARX1_RVT)
                                                                  0.0455    0.0001 *   0.1970 r
  data arrival time                                                                    0.1970

  clock nvdla_core_clk (rise edge)                                          0.0000     0.0000
  clock network delay (ideal)                                               0.0000     0.0000
  u_NV_NVDLA_cmac/u_core/u_mac_4/pp_pvld_d2_reg_0_/CLK (DFFARX1_RVT)        0.0000     0.0000 r
  library hold time                                                        -0.0272    -0.0272
  data required time                                                                  -0.0272
  ----------------------------------------------------------------------------------------------
  data required time                                                                  -0.0272
  data arrival time                                                                   -0.1970
  ----------------------------------------------------------------------------------------------
  slack (MET)                                                                          0.2242


  Startpoint: u_NV_NVDLA_cmac/u_core/u_mac_5/cfg_reg_en_d0_reg
              (rising edge-triggered flip-flop clocked by nvdla_core_clk)
  Endpoint: u_NV_NVDLA_cmac/u_core/u_mac_5/cfg_reg_en_d1_reg
            (rising edge-triggered flip-flop clocked by nvdla_core_clk)
  Path Group: nvdla_core_clk
  Path Type: min

  Point                                       Fanout       Cap     Trans      Incr       Path
  ----------------------------------------------------------------------------------------------
  clock nvdla_core_clk (rise edge)                                          0.0000     0.0000
  clock network delay (ideal)                                               0.0000     0.0000
  u_NV_NVDLA_cmac/u_core/u_mac_5/cfg_reg_en_d0_reg/CLK (SDFFARX1_RVT)
                                                                  0.0500    0.0000 #   0.0000 r
  u_NV_NVDLA_cmac/u_core/u_mac_5/cfg_reg_en_d0_reg/Q (SDFFARX1_RVT)
                                                                  0.0624    0.2052     0.2052 f
  u_NV_NVDLA_cmac/u_core/u_mac_5/cfg_reg_en_d0 (net)
                                                5       5.0658              0.0000     0.2052 f
  u_NV_NVDLA_cmac/u_core/u_mac_5/cfg_reg_en_d1_reg/D (DFFARX1_RVT)
                                                                  0.0624    0.0002 *   0.2054 f
  data arrival time                                                                    0.2054

  clock nvdla_core_clk (rise edge)                                          0.0000     0.0000
  clock network delay (ideal)                                               0.0000     0.0000
  u_NV_NVDLA_cmac/u_core/u_mac_5/cfg_reg_en_d1_reg/CLK (DFFARX1_RVT)        0.0000     0.0000 r
  library hold time                                                        -0.0222    -0.0222
  data required time                                                                  -0.0222
  ----------------------------------------------------------------------------------------------
  data required time                                                                  -0.0222
  data arrival time                                                                   -0.2054
  ----------------------------------------------------------------------------------------------
  slack (MET)                                                                          0.2276


  Startpoint: u_NV_NVDLA_cmac/u_core/u_mac_1/cfg_reg_en_d0_reg
              (rising edge-triggered flip-flop clocked by nvdla_core_clk)
  Endpoint: u_NV_NVDLA_cmac/u_core/u_mac_1/cfg_reg_en_d1_reg
            (rising edge-triggered flip-flop clocked by nvdla_core_clk)
  Path Group: nvdla_core_clk
  Path Type: min

  Point                                       Fanout       Cap     Trans      Incr       Path
  ----------------------------------------------------------------------------------------------
  clock nvdla_core_clk (rise edge)                                          0.0000     0.0000
  clock network delay (ideal)                                               0.0000     0.0000
  u_NV_NVDLA_cmac/u_core/u_mac_1/cfg_reg_en_d0_reg/CLK (SDFFARX1_RVT)
                                                                  0.0500    0.0000 #   0.0000 r
  u_NV_NVDLA_cmac/u_core/u_mac_1/cfg_reg_en_d0_reg/Q (SDFFARX1_RVT)
                                                                  0.0753    0.2146     0.2146 f
  u_NV_NVDLA_cmac/u_core/u_mac_1/cfg_reg_en_d0 (net)
                                                5       6.6308              0.0000     0.2146 f
  u_NV_NVDLA_cmac/u_core/u_mac_1/cfg_reg_en_d1_reg/D (DFFARX2_RVT)
                                                                  0.0753    0.0004 *   0.2149 f
  data arrival time                                                                    0.2149

  clock nvdla_core_clk (rise edge)                                          0.0000     0.0000
  clock network delay (ideal)                                               0.0000     0.0000
  u_NV_NVDLA_cmac/u_core/u_mac_1/cfg_reg_en_d1_reg/CLK (DFFARX2_RVT)        0.0000     0.0000 r
  library hold time                                                        -0.0188    -0.0188
  data required time                                                                  -0.0188
  ----------------------------------------------------------------------------------------------
  data required time                                                                  -0.0188
  data arrival time                                                                   -0.2149
  ----------------------------------------------------------------------------------------------
  slack (MET)                                                                          0.2338


  Startpoint: u_NV_NVDLA_cmac/u_core/u_mac_0/cfg_reg_en_d0_reg
              (rising edge-triggered flip-flop clocked by nvdla_core_clk)
  Endpoint: u_NV_NVDLA_cmac/u_core/u_mac_0/cfg_reg_en_d1_reg
            (rising edge-triggered flip-flop clocked by nvdla_core_clk)
  Path Group: nvdla_core_clk
  Path Type: min

  Point                                       Fanout       Cap     Trans      Incr       Path
  ----------------------------------------------------------------------------------------------
  clock nvdla_core_clk (rise edge)                                          0.0000     0.0000
  clock network delay (ideal)                                               0.0000     0.0000
  u_NV_NVDLA_cmac/u_core/u_mac_0/cfg_reg_en_d0_reg/CLK (SDFFARX2_RVT)
                                                                  0.0500    0.0000 #   0.0000 r
  u_NV_NVDLA_cmac/u_core/u_mac_0/cfg_reg_en_d0_reg/Q (SDFFARX2_RVT)
                                                                  0.0572    0.2199     0.2199 f
  u_NV_NVDLA_cmac/u_core/u_mac_0/cfg_reg_en_d0 (net)
                                                5       8.0587              0.0000     0.2199 f
  u_NV_NVDLA_cmac/u_core/u_mac_0/cfg_reg_en_d1_reg/D (DFFARX1_RVT)
                                                                  0.0572    0.0005 *   0.2204 f
  data arrival time                                                                    0.2204

  clock nvdla_core_clk (rise edge)                                          0.0000     0.0000
  clock network delay (ideal)                                               0.0000     0.0000
  u_NV_NVDLA_cmac/u_core/u_mac_0/cfg_reg_en_d1_reg/CLK (DFFARX1_RVT)        0.0000     0.0000 r
  library hold time                                                        -0.0197    -0.0197
  data required time                                                                  -0.0197
  ----------------------------------------------------------------------------------------------
  data required time                                                                  -0.0197
  data arrival time                                                                   -0.2204
  ----------------------------------------------------------------------------------------------
  slack (MET)                                                                          0.2401


  Startpoint: u_NV_NVDLA_cmac/u_core/u_mac_6/pp_pvld_d1_reg_0_
              (rising edge-triggered flip-flop clocked by nvdla_core_clk)
  Endpoint: u_NV_NVDLA_cmac/u_core/u_mac_6/pp_pvld_d2_reg_0_
            (rising edge-triggered flip-flop clocked by nvdla_core_clk)
  Path Group: nvdla_core_clk
  Path Type: min

  Point                                       Fanout       Cap     Trans      Incr       Path
  ----------------------------------------------------------------------------------------------
  clock nvdla_core_clk (rise edge)                                          0.0000     0.0000
  clock network delay (ideal)                                               0.0000     0.0000
  u_NV_NVDLA_cmac/u_core/u_mac_6/pp_pvld_d1_reg_0_/CLK (SDFFARX1_RVT)
                                                                  0.0500    0.0000 #   0.0000 r
  u_NV_NVDLA_cmac/u_core/u_mac_6/pp_pvld_d1_reg_0_/Q (SDFFARX1_RVT)
                                                                  0.0611    0.2103     0.2103 r
  u_NV_NVDLA_cmac/u_core/u_mac_6/pp_pvld_d1_0_ (net)
                                                2       4.6196              0.0000     0.2103 r
  u_NV_NVDLA_cmac/u_core/u_mac_6/pp_pvld_d2_reg_0_/D (DFFARX1_RVT)
                                                                  0.0611    0.0002 *   0.2106 r
  data arrival time                                                                    0.2106

  clock nvdla_core_clk (rise edge)                                          0.0000     0.0000
  clock network delay (ideal)                                               0.0000     0.0000
  u_NV_NVDLA_cmac/u_core/u_mac_6/pp_pvld_d2_reg_0_/CLK (DFFARX1_RVT)        0.0000     0.0000 r
  library hold time                                                        -0.0319    -0.0319
  data required time                                                                  -0.0319
  ----------------------------------------------------------------------------------------------
  data required time                                                                  -0.0319
  data arrival time                                                                   -0.2106
  ----------------------------------------------------------------------------------------------
  slack (MET)                                                                          0.2424


  Startpoint: u_NV_NVDLA_cmac/u_core/u_mac_5/cfg_reg_en_d0_reg
              (rising edge-triggered flip-flop clocked by nvdla_core_clk)
  Endpoint: u_NV_NVDLA_cmac/u_core/u_mac_5/cfg_reg_en_d1_reg
            (rising edge-triggered flip-flop clocked by nvdla_core_clk)
  Path Group: nvdla_core_clk
  Path Type: min

  Point                                       Fanout       Cap     Trans      Incr       Path
  ----------------------------------------------------------------------------------------------
  clock nvdla_core_clk (rise edge)                                          0.0000     0.0000
  clock network delay (ideal)                                               0.0000     0.0000
  u_NV_NVDLA_cmac/u_core/u_mac_5/cfg_reg_en_d0_reg/CLK (SDFFARX1_RVT)
                                                                  0.0500    0.0000 #   0.0000 r
  u_NV_NVDLA_cmac/u_core/u_mac_5/cfg_reg_en_d0_reg/Q (SDFFARX1_RVT)
                                                                  0.0647    0.2131     0.2131 r
  u_NV_NVDLA_cmac/u_core/u_mac_5/cfg_reg_en_d0 (net)
                                                5       5.0987              0.0000     0.2131 r
  u_NV_NVDLA_cmac/u_core/u_mac_5/cfg_reg_en_d1_reg/D (DFFARX1_RVT)
                                                                  0.0647    0.0002 *   0.2133 r
  data arrival time                                                                    0.2133

  clock nvdla_core_clk (rise edge)                                          0.0000     0.0000
  clock network delay (ideal)                                               0.0000     0.0000
  u_NV_NVDLA_cmac/u_core/u_mac_5/cfg_reg_en_d1_reg/CLK (DFFARX1_RVT)        0.0000     0.0000 r
  library hold time                                                        -0.0329    -0.0329
  data required time                                                                  -0.0329
  ----------------------------------------------------------------------------------------------
  data required time                                                                  -0.0329
  data arrival time                                                                   -0.2133
  ----------------------------------------------------------------------------------------------
  slack (MET)                                                                          0.2462


  Startpoint: u_NV_NVDLA_cmac/u_core/u_mac_2/u_exp/wt_actv_exp_clr_reg
              (rising edge-triggered flip-flop clocked by nvdla_core_clk)
  Endpoint: u_NV_NVDLA_cmac/u_core/u_mac_2/u_exp/wt_actv_exp_pvld_reg
            (rising edge-triggered flip-flop clocked by nvdla_core_clk)
  Path Group: nvdla_core_clk
  Path Type: min

  Point                                       Fanout       Cap     Trans      Incr       Path
  ----------------------------------------------------------------------------------------------
  clock nvdla_core_clk (rise edge)                                          0.0000     0.0000
  clock network delay (ideal)                                               0.0000     0.0000
  u_NV_NVDLA_cmac/u_core/u_mac_2/u_exp/wt_actv_exp_clr_reg/CLK (SDFFARX1_RVT)
                                                                  0.0500    0.0000 #   0.0000 r
  u_NV_NVDLA_cmac/u_core/u_mac_2/u_exp/wt_actv_exp_clr_reg/QN (SDFFARX1_RVT)
                                                                  0.0361    0.1165     0.1165 f
  u_NV_NVDLA_cmac/u_core/u_mac_2/u_exp/n4640 (net)
                                                1       0.5491              0.0000     0.1165 f
  u_NV_NVDLA_cmac/u_core/u_mac_2/u_exp/U4115/A2 (AO21X1_RVT)      0.0361    0.0000 *   0.1165 f
  u_NV_NVDLA_cmac/u_core/u_mac_2/u_exp/U4115/Y (AO21X1_RVT)       0.0220    0.0767     0.1932 f
  u_NV_NVDLA_cmac/u_core/u_mac_2/u_exp/n4624 (net)
                                                1       0.8691              0.0000     0.1932 f
  u_NV_NVDLA_cmac/u_core/u_mac_2/u_exp/wt_actv_exp_pvld_reg/D (SDFFARX1_RVT)
                                                                  0.0220    0.0000 *   0.1932 f
  data arrival time                                                                    0.1932

  clock nvdla_core_clk (rise edge)                                          0.0000     0.0000
  clock network delay (ideal)                                               0.0000     0.0000
  u_NV_NVDLA_cmac/u_core/u_mac_2/u_exp/wt_actv_exp_pvld_reg/CLK (SDFFARX1_RVT)
                                                                            0.0000     0.0000 r
  library hold time                                                        -0.0532    -0.0532
  data required time                                                                  -0.0532
  ----------------------------------------------------------------------------------------------
  data required time                                                                  -0.0532
  data arrival time                                                                   -0.1932
  ----------------------------------------------------------------------------------------------
  slack (MET)                                                                          0.2464


  Startpoint: u_NV_NVDLA_cmac/u_core/u_mac_5/u_exp/wt_actv_exp_clr_reg
              (rising edge-triggered flip-flop clocked by nvdla_core_clk)
  Endpoint: u_NV_NVDLA_cmac/u_core/u_mac_5/u_exp/wt_actv_exp_pvld_reg
            (rising edge-triggered flip-flop clocked by nvdla_core_clk)
  Path Group: nvdla_core_clk
  Path Type: min

  Point                                       Fanout       Cap     Trans      Incr       Path
  ----------------------------------------------------------------------------------------------
  clock nvdla_core_clk (rise edge)                                          0.0000     0.0000
  clock network delay (ideal)                                               0.0000     0.0000
  u_NV_NVDLA_cmac/u_core/u_mac_5/u_exp/wt_actv_exp_clr_reg/CLK (SDFFARX1_RVT)
                                                                  0.0500    0.0000 #   0.0000 r
  u_NV_NVDLA_cmac/u_core/u_mac_5/u_exp/wt_actv_exp_clr_reg/QN (SDFFARX1_RVT)
                                                                  0.0437    0.1254     0.1254 f
  u_NV_NVDLA_cmac/u_core/u_mac_5/u_exp/n4614 (net)
                                                1       1.3155              0.0000     0.1254 f
  u_NV_NVDLA_cmac/u_core/u_mac_5/u_exp/U3866/A2 (AO21X1_RVT)      0.0437    0.0000 *   0.1254 f
  u_NV_NVDLA_cmac/u_core/u_mac_5/u_exp/U3866/Y (AO21X1_RVT)       0.0237    0.0788     0.2042 f
  u_NV_NVDLA_cmac/u_core/u_mac_5/u_exp/n4601 (net)
                                                1       0.6812              0.0000     0.2042 f
  u_NV_NVDLA_cmac/u_core/u_mac_5/u_exp/wt_actv_exp_pvld_reg/D (SDFFARX2_RVT)
                                                                  0.0237    0.0000 *   0.2042 f
  data arrival time                                                                    0.2042

  clock nvdla_core_clk (rise edge)                                          0.0000     0.0000
  clock network delay (ideal)                                               0.0000     0.0000
  u_NV_NVDLA_cmac/u_core/u_mac_5/u_exp/wt_actv_exp_pvld_reg/CLK (SDFFARX2_RVT)
                                                                            0.0000     0.0000 r
  library hold time                                                        -0.0459    -0.0459
  data required time                                                                  -0.0459
  ----------------------------------------------------------------------------------------------
  data required time                                                                  -0.0459
  data arrival time                                                                   -0.2042
  ----------------------------------------------------------------------------------------------
  slack (MET)                                                                          0.2501


  Startpoint: u_NV_NVDLA_cmac/u_core/u_cfg/op_en_d1_reg
              (rising edge-triggered flip-flop clocked by nvdla_core_clk)
  Endpoint: u_NV_NVDLA_cmac/u_core/u_cfg/cfg_reg_en_reg
            (rising edge-triggered flip-flop clocked by nvdla_core_clk)
  Path Group: nvdla_core_clk
  Path Type: min

  Point                                       Fanout       Cap     Trans      Incr       Path
  ----------------------------------------------------------------------------------------------
  clock nvdla_core_clk (rise edge)                                          0.0000     0.0000
  clock network delay (ideal)                                               0.0000     0.0000
  u_NV_NVDLA_cmac/u_core/u_cfg/op_en_d1_reg/CLK (SDFFARX1_RVT)    0.0500    0.0000 #   0.0000 r
  u_NV_NVDLA_cmac/u_core/u_cfg/op_en_d1_reg/QN (SDFFARX1_RVT)     0.0360    0.1163     0.1163 f
  u_NV_NVDLA_cmac/u_core/u_cfg/n8 (net)         1       0.5338              0.0000     0.1163 f
  u_NV_NVDLA_cmac/u_core/u_cfg/U12/A2 (OA21X1_RVT)                0.0360    0.0000 *   0.1163 f
  u_NV_NVDLA_cmac/u_core/u_cfg/U12/Y (OA21X1_RVT)                 0.0442    0.0825     0.1988 f
  u_NV_NVDLA_cmac/u_core/u_cfg/cfg_reg_en_w (net)
                                                1       2.9782              0.0000     0.1988 f
  u_NV_NVDLA_cmac/u_core/u_cfg/cfg_reg_en_reg/D (SDFFARX2_RVT)    0.0442    0.0001 *   0.1989 f
  data arrival time                                                                    0.1989

  clock nvdla_core_clk (rise edge)                                          0.0000     0.0000
  clock network delay (ideal)                                               0.0000     0.0000
  u_NV_NVDLA_cmac/u_core/u_cfg/cfg_reg_en_reg/CLK (SDFFARX2_RVT)            0.0000     0.0000 r
  library hold time                                                        -0.0531    -0.0531
  data required time                                                                  -0.0531
  ----------------------------------------------------------------------------------------------
  data required time                                                                  -0.0531
  data arrival time                                                                   -0.1989
  ----------------------------------------------------------------------------------------------
  slack (MET)                                                                          0.2520


  Startpoint: u_NV_NVDLA_cmac/u_core/u_mac_1/cfg_reg_en_d0_reg
              (rising edge-triggered flip-flop clocked by nvdla_core_clk)
  Endpoint: u_NV_NVDLA_cmac/u_core/u_mac_1/cfg_reg_en_d1_reg
            (rising edge-triggered flip-flop clocked by nvdla_core_clk)
  Path Group: nvdla_core_clk
  Path Type: min

  Point                                       Fanout       Cap     Trans      Incr       Path
  ----------------------------------------------------------------------------------------------
  clock nvdla_core_clk (rise edge)                                          0.0000     0.0000
  clock network delay (ideal)                                               0.0000     0.0000
  u_NV_NVDLA_cmac/u_core/u_mac_1/cfg_reg_en_d0_reg/CLK (SDFFARX1_RVT)
                                                                  0.0500    0.0000 #   0.0000 r
  u_NV_NVDLA_cmac/u_core/u_mac_1/cfg_reg_en_d0_reg/Q (SDFFARX1_RVT)
                                                                  0.0766    0.2222     0.2222 r
  u_NV_NVDLA_cmac/u_core/u_mac_1/cfg_reg_en_d0 (net)
                                                5       6.6637              0.0000     0.2222 r
  u_NV_NVDLA_cmac/u_core/u_mac_1/cfg_reg_en_d1_reg/D (DFFARX2_RVT)
                                                                  0.0766    0.0004 *   0.2226 r
  data arrival time                                                                    0.2226

  clock nvdla_core_clk (rise edge)                                          0.0000     0.0000
  clock network delay (ideal)                                               0.0000     0.0000
  u_NV_NVDLA_cmac/u_core/u_mac_1/cfg_reg_en_d1_reg/CLK (DFFARX2_RVT)        0.0000     0.0000 r
  library hold time                                                        -0.0301    -0.0301
  data required time                                                                  -0.0301
  ----------------------------------------------------------------------------------------------
  data required time                                                                  -0.0301
  data arrival time                                                                   -0.2226
  ----------------------------------------------------------------------------------------------
  slack (MET)                                                                          0.2527


  Startpoint: u_NV_NVDLA_cmac/u_core/in_dat_pvld_d1_reg
              (rising edge-triggered flip-flop clocked by nvdla_core_clk)
  Endpoint: u_NV_NVDLA_cmac/u_core/in_dat_pvld_d2_reg
            (rising edge-triggered flip-flop clocked by nvdla_core_clk)
  Path Group: nvdla_core_clk
  Path Type: min

  Point                                       Fanout       Cap     Trans      Incr       Path
  ----------------------------------------------------------------------------------------------
  clock nvdla_core_clk (rise edge)                                          0.0000     0.0000
  clock network delay (ideal)                                               0.0000     0.0000
  u_NV_NVDLA_cmac/u_core/in_dat_pvld_d1_reg/CLK (SDFFARX1_RVT)    0.0500    0.0000     0.0000 r
  u_NV_NVDLA_cmac/u_core/in_dat_pvld_d1_reg/Q (SDFFARX1_RVT)      0.0528    0.1981     0.1981 f
  u_NV_NVDLA_cmac/u_core/in_dat_pvld_d1 (net)
                                                7       3.8846              0.0000     0.1981 f
  u_NV_NVDLA_cmac/u_core/U6071/A (NBUFFX2_RVT)                    0.0528    0.0000 *   0.1981 f
  u_NV_NVDLA_cmac/u_core/U6071/Y (NBUFFX2_RVT)                    0.0276    0.0601     0.2582 f
  u_NV_NVDLA_cmac/u_core/n3177 (net)            4       2.2143              0.0000     0.2582 f
  u_NV_NVDLA_cmac/u_core/in_dat_pvld_d2_reg/D (DFFARX2_RVT)       0.0276    0.0000 *   0.2582 f
  data arrival time                                                                    0.2582

  clock nvdla_core_clk (rise edge)                                          0.0000     0.0000
  clock network delay (ideal)                                               0.0000     0.0000
  u_NV_NVDLA_cmac/u_core/in_dat_pvld_d2_reg/CLK (DFFARX2_RVT)               0.0000     0.0000 r
  library hold time                                                        -0.0001    -0.0001
  data required time                                                                  -0.0001
  ----------------------------------------------------------------------------------------------
  data required time                                                                  -0.0001
  data arrival time                                                                   -0.2582
  ----------------------------------------------------------------------------------------------
  slack (MET)                                                                          0.2584


  Startpoint: u_NV_NVDLA_cmac/u_core/u_mac_6/u_exp/wt_actv_exp_clr_reg
              (rising edge-triggered flip-flop clocked by nvdla_core_clk)
  Endpoint: u_NV_NVDLA_cmac/u_core/u_mac_6/u_exp/wt_actv_exp_pvld_reg
            (rising edge-triggered flip-flop clocked by nvdla_core_clk)
  Path Group: nvdla_core_clk
  Path Type: min

  Point                                       Fanout       Cap     Trans      Incr       Path
  ----------------------------------------------------------------------------------------------
  clock nvdla_core_clk (rise edge)                                          0.0000     0.0000
  clock network delay (ideal)                                               0.0000     0.0000
  u_NV_NVDLA_cmac/u_core/u_mac_6/u_exp/wt_actv_exp_clr_reg/CLK (SDFFARX1_RVT)
                                                                  0.0500    0.0000 #   0.0000 r
  u_NV_NVDLA_cmac/u_core/u_mac_6/u_exp/wt_actv_exp_clr_reg/QN (SDFFARX1_RVT)
                                                                  0.0436    0.1252     0.1252 f
  u_NV_NVDLA_cmac/u_core/u_mac_6/u_exp/n5165 (net)
                                                1       1.3021              0.0000     0.1252 f
  u_NV_NVDLA_cmac/u_core/u_mac_6/u_exp/U4909/A2 (AO21X1_RVT)      0.0436    0.0000 *   0.1253 f
  u_NV_NVDLA_cmac/u_core/u_mac_6/u_exp/U4909/Y (AO21X1_RVT)       0.0237    0.0795     0.2048 f
  u_NV_NVDLA_cmac/u_core/u_mac_6/u_exp/n5148 (net)
                                                1       0.7737              0.0000     0.2048 f
  u_NV_NVDLA_cmac/u_core/u_mac_6/u_exp/wt_actv_exp_pvld_reg/D (SDFFARX1_RVT)
                                                                  0.0237    0.0000 *   0.2048 f
  data arrival time                                                                    0.2048

  clock nvdla_core_clk (rise edge)                                          0.0000     0.0000
  clock network delay (ideal)                                               0.0000     0.0000
  u_NV_NVDLA_cmac/u_core/u_mac_6/u_exp/wt_actv_exp_pvld_reg/CLK (SDFFARX1_RVT)
                                                                            0.0000     0.0000 r
  library hold time                                                        -0.0537    -0.0537
  data required time                                                                  -0.0537
  ----------------------------------------------------------------------------------------------
  data required time                                                                  -0.0537
  data arrival time                                                                   -0.2048
  ----------------------------------------------------------------------------------------------
  slack (MET)                                                                          0.2585


  Startpoint: u_NV_NVDLA_cmac/u_core/u_active/dat_pre_stripe_end_reg_0_
              (rising edge-triggered flip-flop clocked by nvdla_core_clk)
  Endpoint: u_NV_NVDLA_cmac/u_core/u_active/dat_actv_stripe_end_reg
            (rising edge-triggered flip-flop clocked by nvdla_core_clk)
  Path Group: nvdla_core_clk
  Path Type: min

  Point                                       Fanout       Cap     Trans      Incr       Path
  ----------------------------------------------------------------------------------------------
  clock nvdla_core_clk (rise edge)                                          0.0000     0.0000
  clock network delay (ideal)                                               0.0000     0.0000
  u_NV_NVDLA_cmac/u_core/u_active/dat_pre_stripe_end_reg_0_/CLK (SDFFARX1_RVT)
                                                                  0.0500    0.0000 #   0.0000 r
  u_NV_NVDLA_cmac/u_core/u_active/dat_pre_stripe_end_reg_0_/Q (SDFFARX1_RVT)
                                                                  0.0493    0.1950     0.1950 f
  u_NV_NVDLA_cmac/u_core/u_active/dat1_pre_stripe_end (net)
                                                2       3.4137              0.0000     0.1950 f
  u_NV_NVDLA_cmac/u_core/u_active/dat_actv_stripe_end_reg/D (SDFFARX1_RVT)
                                                                  0.0493    0.0001 *   0.1950 f
  data arrival time                                                                    0.1950

  clock nvdla_core_clk (rise edge)                                          0.0000     0.0000
  clock network delay (ideal)                                               0.0000     0.0000
  u_NV_NVDLA_cmac/u_core/u_active/dat_actv_stripe_end_reg/CLK (SDFFARX1_RVT)
                                                                            0.0000     0.0000 r
  library hold time                                                        -0.0636    -0.0636
  data required time                                                                  -0.0636
  ----------------------------------------------------------------------------------------------
  data required time                                                                  -0.0636
  data arrival time                                                                   -0.1950
  ----------------------------------------------------------------------------------------------
  slack (MET)                                                                          0.2586


  Startpoint: u_NV_NVDLA_cmac/u_core/u_active/dat_pre_stripe_end_reg_0_
              (rising edge-triggered flip-flop clocked by nvdla_core_clk)
  Endpoint: u_NV_NVDLA_cmac/u_core/u_mac_1/u_exp/wt_actv_exp_clr_reg
            (rising edge-triggered flip-flop clocked by nvdla_core_clk)
  Path Group: nvdla_core_clk
  Path Type: min

  Point                                       Fanout       Cap     Trans      Incr       Path
  ----------------------------------------------------------------------------------------------
  clock nvdla_core_clk (rise edge)                                          0.0000     0.0000
  clock network delay (ideal)                                               0.0000     0.0000
  u_NV_NVDLA_cmac/u_core/u_active/dat_pre_stripe_end_reg_0_/CLK (SDFFARX1_RVT)
                                                                  0.0500    0.0000 #   0.0000 r
  u_NV_NVDLA_cmac/u_core/u_active/dat_pre_stripe_end_reg_0_/Q (SDFFARX1_RVT)
                                                                  0.0493    0.1950     0.1950 f
  u_NV_NVDLA_cmac/u_core/u_active/dat1_pre_stripe_end (net)
                                                2       3.4137              0.0000     0.1950 f
  u_NV_NVDLA_cmac/u_core/u_active/dat1_pre_stripe_end (NV_NVDLA_CMAC_CORE_active)
                                                                            0.0000     0.1950 f
  u_NV_NVDLA_cmac/u_core/dat1_pre_stripe_end (net)      3.4137              0.0000     0.1950 f
  u_NV_NVDLA_cmac/u_core/u_mac_1/dat_pre_stripe_end (NV_NVDLA_CMAC_CORE_mac_6)
                                                                            0.0000     0.1950 f
  u_NV_NVDLA_cmac/u_core/u_mac_1/dat_pre_stripe_end (net)
                                                        3.4137              0.0000     0.1950 f
  u_NV_NVDLA_cmac/u_core/u_mac_1/u_exp/dat_pre_stripe_end (NV_NVDLA_CMAC_CORE_MAC_exp_6)
                                                                            0.0000     0.1950 f
  u_NV_NVDLA_cmac/u_core/u_mac_1/u_exp/dat_pre_stripe_end (net)
                                                        3.4137              0.0000     0.1950 f
  u_NV_NVDLA_cmac/u_core/u_mac_1/u_exp/wt_actv_exp_clr_reg/D (SDFFARX1_RVT)
                                                                  0.0493    0.0001 *   0.1951 f
  data arrival time                                                                    0.1951

  clock nvdla_core_clk (rise edge)                                          0.0000     0.0000
  clock network delay (ideal)                                               0.0000     0.0000
  u_NV_NVDLA_cmac/u_core/u_mac_1/u_exp/wt_actv_exp_clr_reg/CLK (SDFFARX1_RVT)
                                                                            0.0000     0.0000 r
  library hold time                                                        -0.0636    -0.0636
  data required time                                                                  -0.0636
  ----------------------------------------------------------------------------------------------
  data required time                                                                  -0.0636
  data arrival time                                                                   -0.1951
  ----------------------------------------------------------------------------------------------
  slack (MET)                                                                          0.2587


  Startpoint: u_NV_NVDLA_cmac/u_core/u_mac_0/u_exp/exp_max_l1_0_d1_reg_1_
              (rising edge-triggered flip-flop clocked by nvdla_core_clk)
  Endpoint: u_NV_NVDLA_cmac/u_core/u_mac_0/u_exp/exp_max_l1_0_d1_reg_1_
            (rising edge-triggered flip-flop clocked by nvdla_core_clk)
  Path Group: nvdla_core_clk
  Path Type: min

  Point                                       Fanout       Cap     Trans      Incr       Path
  ----------------------------------------------------------------------------------------------
  clock nvdla_core_clk (rise edge)                                          0.0000     0.0000
  clock network delay (ideal)                                               0.0000     0.0000
  u_NV_NVDLA_cmac/u_core/u_mac_0/u_exp/exp_max_l1_0_d1_reg_1_/CLK (SDFFX2_RVT)
                                                                  0.0500    0.0000 #   0.0000 r
  u_NV_NVDLA_cmac/u_core/u_mac_0/u_exp/exp_max_l1_0_d1_reg_1_/QN (SDFFX2_RVT)
                                                                  0.0415    0.1224     0.1224 f
  u_NV_NVDLA_cmac/u_core/u_mac_0/u_exp/n5307 (net)
                                                1       0.9526              0.0000     0.1224 f
  u_NV_NVDLA_cmac/u_core/u_mac_0/u_exp/U4318/A2 (OA21X1_RVT)      0.0415    0.0000 *   0.1224 f
  u_NV_NVDLA_cmac/u_core/u_mac_0/u_exp/U4318/Y (OA21X1_RVT)       0.0235    0.0661     0.1885 f
  u_NV_NVDLA_cmac/u_core/u_mac_0/u_exp/n3937 (net)
                                                1       0.5776              0.0000     0.1885 f
  u_NV_NVDLA_cmac/u_core/u_mac_0/u_exp/U4319/A (INVX1_RVT)        0.0235    0.0000 *   0.1885 f
  u_NV_NVDLA_cmac/u_core/u_mac_0/u_exp/U4319/Y (INVX1_RVT)        0.0168    0.0190     0.2075 r
  u_NV_NVDLA_cmac/u_core/u_mac_0/u_exp/n1485 (net)
                                                1       0.4556              0.0000     0.2075 r
  u_NV_NVDLA_cmac/u_core/u_mac_0/u_exp/exp_max_l1_0_d1_reg_1_/D (SDFFX2_RVT)
                                                                  0.0168    0.0000 *   0.2075 r
  data arrival time                                                                    0.2075

  clock nvdla_core_clk (rise edge)                                          0.0000     0.0000
  clock network delay (ideal)                                               0.0000     0.0000
  u_NV_NVDLA_cmac/u_core/u_mac_0/u_exp/exp_max_l1_0_d1_reg_1_/CLK (SDFFX2_RVT)
                                                                            0.0000     0.0000 r
  library hold time                                                        -0.0537    -0.0537
  data required time                                                                  -0.0537
  ----------------------------------------------------------------------------------------------
  data required time                                                                  -0.0537
  data arrival time                                                                   -0.2075
  ----------------------------------------------------------------------------------------------
  slack (MET)                                                                          0.2612


  Startpoint: u_NV_NVDLA_cmac/u_core/u_mac_5/pp_pvld_d2_reg_0_
              (rising edge-triggered flip-flop clocked by nvdla_core_clk)
  Endpoint: u_NV_NVDLA_cmac/u_core/u_mac_5/mac_out_pvld_reg
            (rising edge-triggered flip-flop clocked by nvdla_core_clk)
  Path Group: nvdla_core_clk
  Path Type: min

  Point                                       Fanout       Cap     Trans      Incr       Path
  ----------------------------------------------------------------------------------------------
  clock nvdla_core_clk (rise edge)                                          0.0000     0.0000
  clock network delay (ideal)                                               0.0000     0.0000
  u_NV_NVDLA_cmac/u_core/u_mac_5/pp_pvld_d2_reg_0_/CLK (DFFARX1_RVT)
                                                                  0.0500    0.0000 #   0.0000 r
  u_NV_NVDLA_cmac/u_core/u_mac_5/pp_pvld_d2_reg_0_/Q (DFFARX1_RVT)
                                                                  0.0325    0.1779     0.1779 f
  u_NV_NVDLA_cmac/u_core/u_mac_5/pp_pvld_d2_0_ (net)
                                                2       1.1159              0.0000     0.1779 f
  u_NV_NVDLA_cmac/u_core/u_mac_5/U6416/A (NBUFFX4_RVT)            0.0325    0.0000 *   0.1779 f
  u_NV_NVDLA_cmac/u_core/u_mac_5/U6416/Y (NBUFFX4_RVT)            0.0467    0.0701     0.2480 f
  u_NV_NVDLA_cmac/u_core/u_mac_5/n2544 (net)
                                               10      15.1253              0.0000     0.2480 f
  u_NV_NVDLA_cmac/u_core/u_mac_5/mac_out_pvld_reg/D (DFFARX1_RVT)
                                                                  0.0467    0.0003 *   0.2483 f
  data arrival time                                                                    0.2483

  clock nvdla_core_clk (rise edge)                                          0.0000     0.0000
  clock network delay (ideal)                                               0.0000     0.0000
  u_NV_NVDLA_cmac/u_core/u_mac_5/mac_out_pvld_reg/CLK (DFFARX1_RVT)         0.0000     0.0000 r
  library hold time                                                        -0.0147    -0.0147
  data required time                                                                  -0.0147
  ----------------------------------------------------------------------------------------------
  data required time                                                                  -0.0147
  data arrival time                                                                   -0.2483
  ----------------------------------------------------------------------------------------------
  slack (MET)                                                                          0.2630


  Startpoint: u_NV_NVDLA_cmac/u_core/u_mac_0/cfg_reg_en_d0_reg
              (rising edge-triggered flip-flop clocked by nvdla_core_clk)
  Endpoint: u_NV_NVDLA_cmac/u_core/u_mac_0/cfg_reg_en_d1_reg
            (rising edge-triggered flip-flop clocked by nvdla_core_clk)
  Path Group: nvdla_core_clk
  Path Type: min

  Point                                       Fanout       Cap     Trans      Incr       Path
  ----------------------------------------------------------------------------------------------
  clock nvdla_core_clk (rise edge)                                          0.0000     0.0000
  clock network delay (ideal)                                               0.0000     0.0000
  u_NV_NVDLA_cmac/u_core/u_mac_0/cfg_reg_en_d0_reg/CLK (SDFFARX2_RVT)
                                                                  0.0500    0.0000 #   0.0000 r
  u_NV_NVDLA_cmac/u_core/u_mac_0/cfg_reg_en_d0_reg/Q (SDFFARX2_RVT)
                                                                  0.0608    0.2320     0.2320 r
  u_NV_NVDLA_cmac/u_core/u_mac_0/cfg_reg_en_d0 (net)
                                                5       8.0916              0.0000     0.2320 r
  u_NV_NVDLA_cmac/u_core/u_mac_0/cfg_reg_en_d1_reg/D (DFFARX1_RVT)
                                                                  0.0608    0.0005 *   0.2325 r
  data arrival time                                                                    0.2325

  clock nvdla_core_clk (rise edge)                                          0.0000     0.0000
  clock network delay (ideal)                                               0.0000     0.0000
  u_NV_NVDLA_cmac/u_core/u_mac_0/cfg_reg_en_d1_reg/CLK (DFFARX1_RVT)        0.0000     0.0000 r
  library hold time                                                        -0.0318    -0.0318
  data required time                                                                  -0.0318
  ----------------------------------------------------------------------------------------------
  data required time                                                                  -0.0318
  data arrival time                                                                   -0.2325
  ----------------------------------------------------------------------------------------------
  slack (MET)                                                                          0.2643


  Startpoint: u_NV_NVDLA_cmac/u_core/u_mac_3/cfg_reg_en_d0_reg
              (rising edge-triggered flip-flop clocked by nvdla_core_clk)
  Endpoint: u_NV_NVDLA_cmac/u_core/u_mac_3/cfg_reg_en_d1_reg
            (rising edge-triggered flip-flop clocked by nvdla_core_clk)
  Path Group: nvdla_core_clk
  Path Type: min

  Point                                       Fanout       Cap     Trans      Incr       Path
  ----------------------------------------------------------------------------------------------
  clock nvdla_core_clk (rise edge)                                          0.0000     0.0000
  clock network delay (ideal)                                               0.0000     0.0000
  u_NV_NVDLA_cmac/u_core/u_mac_3/cfg_reg_en_d0_reg/CLK (SDFFARX1_RVT)
                                                                  0.0500    0.0000 #   0.0000 r
  u_NV_NVDLA_cmac/u_core/u_mac_3/cfg_reg_en_d0_reg/Q (SDFFARX1_RVT)
                                                                  0.0332    0.1791     0.1791 f
  u_NV_NVDLA_cmac/u_core/u_mac_3/cfg_reg_en_d0 (net)
                                                2       1.1941              0.0000     0.1791 f
  u_NV_NVDLA_cmac/u_core/u_mac_3/U16040/A (NBUFFX4_RVT)           0.0332    0.0000 *   0.1791 f
  u_NV_NVDLA_cmac/u_core/u_mac_3/U16040/Y (NBUFFX4_RVT)           0.0522    0.0742     0.2533 f
  u_NV_NVDLA_cmac/u_core/u_mac_3/n3832 (net)
                                                4      17.6838              0.0000     0.2533 f
  u_NV_NVDLA_cmac/u_core/u_mac_3/cfg_reg_en_d1_reg/D (DFFARX2_RVT)
                                                                  0.0522    0.0010 *   0.2543 f
  data arrival time                                                                    0.2543

  clock nvdla_core_clk (rise edge)                                          0.0000     0.0000
  clock network delay (ideal)                                               0.0000     0.0000
  u_NV_NVDLA_cmac/u_core/u_mac_3/cfg_reg_en_d1_reg/CLK (DFFARX2_RVT)        0.0000     0.0000 r
  library hold time                                                        -0.0100    -0.0100
  data required time                                                                  -0.0100
  ----------------------------------------------------------------------------------------------
  data required time                                                                  -0.0100
  data arrival time                                                                   -0.2543
  ----------------------------------------------------------------------------------------------
  slack (MET)                                                                          0.2643


  Startpoint: u_NV_NVDLA_cmac/u_core/u_mac_1/u_exp/wt_actv_exp_clr_reg
              (rising edge-triggered flip-flop clocked by nvdla_core_clk)
  Endpoint: u_NV_NVDLA_cmac/u_core/u_mac_1/u_exp/wt_actv_exp_pvld_reg
            (rising edge-triggered flip-flop clocked by nvdla_core_clk)
  Path Group: nvdla_core_clk
  Path Type: min

  Point                                       Fanout       Cap     Trans      Incr       Path
  ----------------------------------------------------------------------------------------------
  clock nvdla_core_clk (rise edge)                                          0.0000     0.0000
  clock network delay (ideal)                                               0.0000     0.0000
  u_NV_NVDLA_cmac/u_core/u_mac_1/u_exp/wt_actv_exp_clr_reg/CLK (SDFFARX1_RVT)
                                                                  0.0500    0.0000 #   0.0000 r
  u_NV_NVDLA_cmac/u_core/u_mac_1/u_exp/wt_actv_exp_clr_reg/QN (SDFFARX1_RVT)
                                                                  0.0466    0.1286     0.1286 f
  u_NV_NVDLA_cmac/u_core/u_mac_1/u_exp/n4931 (net)
                                                1       1.6213              0.0000     0.1286 f
  u_NV_NVDLA_cmac/u_core/u_mac_1/u_exp/U3255/A2 (AO21X1_RVT)      0.0466    0.0000 *   0.1286 f
  u_NV_NVDLA_cmac/u_core/u_mac_1/u_exp/U3255/Y (AO21X1_RVT)       0.0261    0.0828     0.2115 f
  u_NV_NVDLA_cmac/u_core/u_mac_1/u_exp/n4886 (net)
                                                1       0.9703              0.0000     0.2115 f
  u_NV_NVDLA_cmac/u_core/u_mac_1/u_exp/wt_actv_exp_pvld_reg/D (SDFFARX1_RVT)
                                                                  0.0261    0.0000 *   0.2115 f
  data arrival time                                                                    0.2115

  clock nvdla_core_clk (rise edge)                                          0.0000     0.0000
  clock network delay (ideal)                                               0.0000     0.0000
  u_NV_NVDLA_cmac/u_core/u_mac_1/u_exp/wt_actv_exp_pvld_reg/CLK (SDFFARX1_RVT)
                                                                            0.0000     0.0000 r
  library hold time                                                        -0.0546    -0.0546
  data required time                                                                  -0.0546
  ----------------------------------------------------------------------------------------------
  data required time                                                                  -0.0546
  data arrival time                                                                   -0.2115
  ----------------------------------------------------------------------------------------------
  slack (MET)                                                                          0.2660


  Startpoint: u_NV_NVDLA_cmac/u_core/u_mac_6/u_exp/exp_max_l1_0_d1_reg_1_
              (rising edge-triggered flip-flop clocked by nvdla_core_clk)
  Endpoint: u_NV_NVDLA_cmac/u_core/u_mac_6/u_exp/exp_max_l1_0_d1_reg_1_
            (rising edge-triggered flip-flop clocked by nvdla_core_clk)
  Path Group: nvdla_core_clk
  Path Type: min

  Point                                       Fanout       Cap     Trans      Incr       Path
  ----------------------------------------------------------------------------------------------
  clock nvdla_core_clk (rise edge)                                          0.0000     0.0000
  clock network delay (ideal)                                               0.0000     0.0000
  u_NV_NVDLA_cmac/u_core/u_mac_6/u_exp/exp_max_l1_0_d1_reg_1_/CLK (SDFFX1_RVT)
                                                                  0.0500    0.0000 #   0.0000 r
  u_NV_NVDLA_cmac/u_core/u_mac_6/u_exp/exp_max_l1_0_d1_reg_1_/QN (SDFFX1_RVT)
                                                                  0.0413    0.1208     0.1208 f
  u_NV_NVDLA_cmac/u_core/u_mac_6/u_exp/n5241 (net)
                                                1       0.7917              0.0000     0.1208 f
  u_NV_NVDLA_cmac/u_core/u_mac_6/u_exp/U4657/A2 (OA21X1_RVT)      0.0413    0.0000 *   0.1208 f
  u_NV_NVDLA_cmac/u_core/u_mac_6/u_exp/U4657/Y (OA21X1_RVT)       0.0235    0.0660     0.1868 f
  u_NV_NVDLA_cmac/u_core/u_mac_6/u_exp/n4280 (net)
                                                1       0.5751              0.0000     0.1868 f
  u_NV_NVDLA_cmac/u_core/u_mac_6/u_exp/U4658/A (INVX1_RVT)        0.0235    0.0000 *   0.1868 f
  u_NV_NVDLA_cmac/u_core/u_mac_6/u_exp/U4658/Y (INVX1_RVT)        0.0165    0.0187     0.2055 r
  u_NV_NVDLA_cmac/u_core/u_mac_6/u_exp/n5755 (net)
                                                1       0.4134              0.0000     0.2055 r
  u_NV_NVDLA_cmac/u_core/u_mac_6/u_exp/exp_max_l1_0_d1_reg_1_/D (SDFFX1_RVT)
                                                                  0.0165    0.0000 *   0.2055 r
  data arrival time                                                                    0.2055

  clock nvdla_core_clk (rise edge)                                          0.0000     0.0000
  clock network delay (ideal)                                               0.0000     0.0000
  u_NV_NVDLA_cmac/u_core/u_mac_6/u_exp/exp_max_l1_0_d1_reg_1_/CLK (SDFFX1_RVT)
                                                                            0.0000     0.0000 r
  library hold time                                                        -0.0613    -0.0613
  data required time                                                                  -0.0613
  ----------------------------------------------------------------------------------------------
  data required time                                                                  -0.0613
  data arrival time                                                                   -0.2055
  ----------------------------------------------------------------------------------------------
  slack (MET)                                                                          0.2668


  Startpoint: u_NV_NVDLA_cmac/u_core/u_mac_0/u_exp/exp_max_l1_0_d1_reg_1_
              (rising edge-triggered flip-flop clocked by nvdla_core_clk)
  Endpoint: u_NV_NVDLA_cmac/u_core/u_mac_0/u_exp/exp_max_l1_0_d1_reg_1_
            (rising edge-triggered flip-flop clocked by nvdla_core_clk)
  Path Group: nvdla_core_clk
  Path Type: min

  Point                                       Fanout       Cap     Trans      Incr       Path
  ----------------------------------------------------------------------------------------------
  clock nvdla_core_clk (rise edge)                                          0.0000     0.0000
  clock network delay (ideal)                                               0.0000     0.0000
  u_NV_NVDLA_cmac/u_core/u_mac_0/u_exp/exp_max_l1_0_d1_reg_1_/CLK (SDFFX2_RVT)
                                                                  0.0500    0.0000 #   0.0000 r
  u_NV_NVDLA_cmac/u_core/u_mac_0/u_exp/exp_max_l1_0_d1_reg_1_/QN (SDFFX2_RVT)
                                                                  0.0424    0.1361     0.1361 r
  u_NV_NVDLA_cmac/u_core/u_mac_0/u_exp/n5307 (net)
                                                1       0.9717              0.0000     0.1361 r
  u_NV_NVDLA_cmac/u_core/u_mac_0/u_exp/U4318/A2 (OA21X1_RVT)      0.0424    0.0000 *   0.1361 r
  u_NV_NVDLA_cmac/u_core/u_mac_0/u_exp/U4318/Y (OA21X1_RVT)       0.0262    0.0676     0.2038 r
  u_NV_NVDLA_cmac/u_core/u_mac_0/u_exp/n3937 (net)
                                                1       0.5832              0.0000     0.2038 r
  u_NV_NVDLA_cmac/u_core/u_mac_0/u_exp/U4319/A (INVX1_RVT)        0.0262    0.0000 *   0.2038 r
  u_NV_NVDLA_cmac/u_core/u_mac_0/u_exp/U4319/Y (INVX1_RVT)        0.0181    0.0169     0.2207 f
  u_NV_NVDLA_cmac/u_core/u_mac_0/u_exp/n1485 (net)
                                                1       0.4490              0.0000     0.2207 f
  u_NV_NVDLA_cmac/u_core/u_mac_0/u_exp/exp_max_l1_0_d1_reg_1_/D (SDFFX2_RVT)
                                                                  0.0181    0.0000 *   0.2207 f
  data arrival time                                                                    0.2207

  clock nvdla_core_clk (rise edge)                                          0.0000     0.0000
  clock network delay (ideal)                                               0.0000     0.0000
  u_NV_NVDLA_cmac/u_core/u_mac_0/u_exp/exp_max_l1_0_d1_reg_1_/CLK (SDFFX2_RVT)
                                                                            0.0000     0.0000 r
  library hold time                                                        -0.0461    -0.0461
  data required time                                                                  -0.0461
  ----------------------------------------------------------------------------------------------
  data required time                                                                  -0.0461
  data arrival time                                                                   -0.2207
  ----------------------------------------------------------------------------------------------
  slack (MET)                                                                          0.2668


  Startpoint: u_NV_NVDLA_cmac/u_core/u_rt_out/out_rt_data0_d1_reg_22_
              (rising edge-triggered flip-flop clocked by nvdla_core_clk)
  Endpoint: u_NV_NVDLA_cmac/u_core/u_rt_out/out_rt_data0_d1_reg_22_
            (rising edge-triggered flip-flop clocked by nvdla_core_clk)
  Path Group: nvdla_core_clk
  Path Type: min

  Point                                       Fanout       Cap     Trans      Incr       Path
  ----------------------------------------------------------------------------------------------
  clock nvdla_core_clk (rise edge)                                          0.0000     0.0000
  clock network delay (ideal)                                               0.0000     0.0000
  u_NV_NVDLA_cmac/u_core/u_rt_out/out_rt_data0_d1_reg_22_/CLK (SDFFX1_RVT)
                                                                  0.0500    0.0000     0.0000 r
  u_NV_NVDLA_cmac/u_core/u_rt_out/out_rt_data0_d1_reg_22_/Q (SDFFX1_RVT)
                                                                  0.0267    0.1589     0.1589 f
  u_NV_NVDLA_cmac/u_core/u_rt_out/mac2accu_data0[22] (net)
                                                2       0.6639              0.0000     0.1589 f
  u_NV_NVDLA_cmac/u_core/u_rt_out/U58/A4 (AO22X1_RVT)             0.0267    0.0000 *   0.1589 f
  u_NV_NVDLA_cmac/u_core/u_rt_out/U58/Y (AO22X1_RVT)              0.0228    0.0529     0.2118 f
  u_NV_NVDLA_cmac/u_core/u_rt_out/n2859 (net)
                                                1       0.6505              0.0000     0.2118 f
  u_NV_NVDLA_cmac/u_core/u_rt_out/out_rt_data0_d1_reg_22_/D (SDFFX1_RVT)
                                                                  0.0228    0.0000 *   0.2118 f
  data arrival time                                                                    0.2118

  clock nvdla_core_clk (rise edge)                                          0.0000     0.0000
  clock network delay (ideal)                                               0.0000     0.0000
  u_NV_NVDLA_cmac/u_core/u_rt_out/out_rt_data0_d1_reg_22_/CLK (SDFFX1_RVT)
                                                                            0.0000     0.0000 r
  library hold time                                                        -0.0554    -0.0554
  data required time                                                                  -0.0554
  ----------------------------------------------------------------------------------------------
  data required time                                                                  -0.0554
  data arrival time                                                                   -0.2118
  ----------------------------------------------------------------------------------------------
  slack (MET)                                                                          0.2672


  Startpoint: u_NV_NVDLA_cmac/u_core/u_rt_out/out_rt_data0_d1_reg_109_
              (rising edge-triggered flip-flop clocked by nvdla_core_clk)
  Endpoint: u_NV_NVDLA_cmac/u_core/u_rt_out/out_rt_data0_d1_reg_109_
            (rising edge-triggered flip-flop clocked by nvdla_core_clk)
  Path Group: nvdla_core_clk
  Path Type: min

  Point                                       Fanout       Cap     Trans      Incr       Path
  ----------------------------------------------------------------------------------------------
  clock nvdla_core_clk (rise edge)                                          0.0000     0.0000
  clock network delay (ideal)                                               0.0000     0.0000
  u_NV_NVDLA_cmac/u_core/u_rt_out/out_rt_data0_d1_reg_109_/CLK (SDFFX1_RVT)
                                                                  0.0500    0.0000 #   0.0000 r
  u_NV_NVDLA_cmac/u_core/u_rt_out/out_rt_data0_d1_reg_109_/Q (SDFFX1_RVT)
                                                                  0.0275    0.1600     0.1600 f
  u_NV_NVDLA_cmac/u_core/u_rt_out/mac2accu_data0[109] (net)
                                                2       0.7883              0.0000     0.1600 f
  u_NV_NVDLA_cmac/u_core/u_rt_out/U890/A4 (AO22X1_RVT)            0.0275    0.0000 *   0.1600 f
  u_NV_NVDLA_cmac/u_core/u_rt_out/U890/Y (AO22X1_RVT)             0.0220    0.0524     0.2124 f
  u_NV_NVDLA_cmac/u_core/u_rt_out/n2155 (net)
                                                1       0.5505              0.0000     0.2124 f
  u_NV_NVDLA_cmac/u_core/u_rt_out/out_rt_data0_d1_reg_109_/D (SDFFX1_RVT)
                                                                  0.0220    0.0000 *   0.2124 f
  data arrival time                                                                    0.2124

  clock nvdla_core_clk (rise edge)                                          0.0000     0.0000
  clock network delay (ideal)                                               0.0000     0.0000
  u_NV_NVDLA_cmac/u_core/u_rt_out/out_rt_data0_d1_reg_109_/CLK (SDFFX1_RVT)
                                                                            0.0000     0.0000 r
  library hold time                                                        -0.0551    -0.0551
  data required time                                                                  -0.0551
  ----------------------------------------------------------------------------------------------
  data required time                                                                  -0.0551
  data arrival time                                                                   -0.2124
  ----------------------------------------------------------------------------------------------
  slack (MET)                                                                          0.2675


  Startpoint: u_NV_NVDLA_cmac/u_core/u_rt_out/out_rt_data1_d1_reg_90_
              (rising edge-triggered flip-flop clocked by nvdla_core_clk)
  Endpoint: u_NV_NVDLA_cmac/u_core/u_rt_out/out_rt_data1_d1_reg_90_
            (rising edge-triggered flip-flop clocked by nvdla_core_clk)
  Path Group: nvdla_core_clk
  Path Type: min

  Point                                       Fanout       Cap     Trans      Incr       Path
  ----------------------------------------------------------------------------------------------
  clock nvdla_core_clk (rise edge)                                          0.0000     0.0000
  clock network delay (ideal)                                               0.0000     0.0000
  u_NV_NVDLA_cmac/u_core/u_rt_out/out_rt_data1_d1_reg_90_/CLK (SDFFX1_RVT)
                                                                  0.0500    0.0000 #   0.0000 r
  u_NV_NVDLA_cmac/u_core/u_rt_out/out_rt_data1_d1_reg_90_/Q (SDFFX1_RVT)
                                                                  0.0279    0.1605     0.1605 f
  u_NV_NVDLA_cmac/u_core/u_rt_out/mac2accu_data1[90] (net)
                                                2       0.8463              0.0000     0.1605 f
  u_NV_NVDLA_cmac/u_core/u_rt_out/U917/A4 (AO22X1_RVT)            0.0279    0.0000 *   0.1605 f
  u_NV_NVDLA_cmac/u_core/u_rt_out/U917/Y (AO22X1_RVT)             0.0216    0.0521     0.2126 f
  u_NV_NVDLA_cmac/u_core/u_rt_out/n2130 (net)
                                                1       0.5016              0.0000     0.2126 f
  u_NV_NVDLA_cmac/u_core/u_rt_out/out_rt_data1_d1_reg_90_/D (SDFFX1_RVT)
                                                                  0.0216    0.0000 *   0.2126 f
  data arrival time                                                                    0.2126

  clock nvdla_core_clk (rise edge)                                          0.0000     0.0000
  clock network delay (ideal)                                               0.0000     0.0000
  u_NV_NVDLA_cmac/u_core/u_rt_out/out_rt_data1_d1_reg_90_/CLK (SDFFX1_RVT)
                                                                            0.0000     0.0000 r
  library hold time                                                        -0.0550    -0.0550
  data required time                                                                  -0.0550
  ----------------------------------------------------------------------------------------------
  data required time                                                                  -0.0550
  data arrival time                                                                   -0.2126
  ----------------------------------------------------------------------------------------------
  slack (MET)                                                                          0.2676


  Startpoint: u_NV_NVDLA_cmac/u_core/u_rt_out/out_rt_data1_d1_reg_175_
              (rising edge-triggered flip-flop clocked by nvdla_core_clk)
  Endpoint: u_NV_NVDLA_cmac/u_core/u_rt_out/out_rt_data1_d1_reg_175_
            (rising edge-triggered flip-flop clocked by nvdla_core_clk)
  Path Group: nvdla_core_clk
  Path Type: min

  Point                                       Fanout       Cap     Trans      Incr       Path
  ----------------------------------------------------------------------------------------------
  clock nvdla_core_clk (rise edge)                                          0.0000     0.0000
  clock network delay (ideal)                                               0.0000     0.0000
  u_NV_NVDLA_cmac/u_core/u_rt_out/out_rt_data1_d1_reg_175_/CLK (SDFFX1_RVT)
                                                                  0.0500    0.0000 #   0.0000 r
  u_NV_NVDLA_cmac/u_core/u_rt_out/out_rt_data1_d1_reg_175_/Q (SDFFX1_RVT)
                                                                  0.0280    0.1606     0.1606 f
  u_NV_NVDLA_cmac/u_core/u_rt_out/mac2accu_data1[175] (net)
                                                2       0.8577              0.0000     0.1606 f
  u_NV_NVDLA_cmac/u_core/u_rt_out/U529/A4 (AO22X1_RVT)            0.0280    0.0000 *   0.1606 f
  u_NV_NVDLA_cmac/u_core/u_rt_out/U529/Y (AO22X1_RVT)             0.0216    0.0521     0.2127 f
  u_NV_NVDLA_cmac/u_core/u_rt_out/n2441 (net)
                                                1       0.4948              0.0000     0.2127 f
  u_NV_NVDLA_cmac/u_core/u_rt_out/out_rt_data1_d1_reg_175_/D (SDFFX1_RVT)
                                                                  0.0216    0.0000 *   0.2127 f
  data arrival time                                                                    0.2127

  clock nvdla_core_clk (rise edge)                                          0.0000     0.0000
  clock network delay (ideal)                                               0.0000     0.0000
  u_NV_NVDLA_cmac/u_core/u_rt_out/out_rt_data1_d1_reg_175_/CLK (SDFFX1_RVT)
                                                                            0.0000     0.0000 r
  library hold time                                                        -0.0550    -0.0550
  data required time                                                                  -0.0550
  ----------------------------------------------------------------------------------------------
  data required time                                                                  -0.0550
  data arrival time                                                                   -0.2127
  ----------------------------------------------------------------------------------------------
  slack (MET)                                                                          0.2677


  Startpoint: u_NV_NVDLA_cmac/u_core/u_mac_7/u_exp/wt_actv_exp_reg_24_
              (rising edge-triggered flip-flop clocked by nvdla_core_clk)
  Endpoint: u_NV_NVDLA_cmac/u_core/u_mac_7/u_exp/wt_actv_exp_reg_24_
            (rising edge-triggered flip-flop clocked by nvdla_core_clk)
  Path Group: nvdla_core_clk
  Path Type: min

  Point                                       Fanout       Cap     Trans      Incr       Path
  ----------------------------------------------------------------------------------------------
  clock nvdla_core_clk (rise edge)                                          0.0000     0.0000
  clock network delay (ideal)                                               0.0000     0.0000
  u_NV_NVDLA_cmac/u_core/u_mac_7/u_exp/wt_actv_exp_reg_24_/CLK (SDFFX1_RVT)
                                                                  0.0500    0.0000 #   0.0000 r
  u_NV_NVDLA_cmac/u_core/u_mac_7/u_exp/wt_actv_exp_reg_24_/Q (SDFFX1_RVT)
                                                                  0.0284    0.1611     0.1611 f
  u_NV_NVDLA_cmac/u_core/u_mac_7/u_exp/wt_actv_exp[24] (net)
                                                2       0.9158              0.0000     0.1611 f
  u_NV_NVDLA_cmac/u_core/u_mac_7/u_exp/U26/A3 (AO22X1_RVT)        0.0284    0.0000 *   0.1611 f
  u_NV_NVDLA_cmac/u_core/u_mac_7/u_exp/U26/Y (AO22X1_RVT)         0.0227    0.0514     0.2125 f
  u_NV_NVDLA_cmac/u_core/u_mac_7/u_exp/n1747 (net)
                                                1       0.7277              0.0000     0.2125 f
  u_NV_NVDLA_cmac/u_core/u_mac_7/u_exp/wt_actv_exp_reg_24_/D (SDFFX1_RVT)
                                                                  0.0227    0.0000 *   0.2125 f
  data arrival time                                                                    0.2125

  clock nvdla_core_clk (rise edge)                                          0.0000     0.0000
  clock network delay (ideal)                                               0.0000     0.0000
  u_NV_NVDLA_cmac/u_core/u_mac_7/u_exp/wt_actv_exp_reg_24_/CLK (SDFFX1_RVT)
                                                                            0.0000     0.0000 r
  library hold time                                                        -0.0553    -0.0553
  data required time                                                                  -0.0553
  ----------------------------------------------------------------------------------------------
  data required time                                                                  -0.0553
  data arrival time                                                                   -0.2125
  ----------------------------------------------------------------------------------------------
  slack (MET)                                                                          0.2678


  Startpoint: u_NV_NVDLA_cmac/u_core/u_rt_out/out_rt_data1_d1_reg_162_
              (rising edge-triggered flip-flop clocked by nvdla_core_clk)
  Endpoint: u_NV_NVDLA_cmac/u_core/u_rt_out/out_rt_data1_d1_reg_162_
            (rising edge-triggered flip-flop clocked by nvdla_core_clk)
  Path Group: nvdla_core_clk
  Path Type: min

  Point                                       Fanout       Cap     Trans      Incr       Path
  ----------------------------------------------------------------------------------------------
  clock nvdla_core_clk (rise edge)                                          0.0000     0.0000
  clock network delay (ideal)                                               0.0000     0.0000
  u_NV_NVDLA_cmac/u_core/u_rt_out/out_rt_data1_d1_reg_162_/CLK (SDFFX1_RVT)
                                                                  0.0500    0.0000 #   0.0000 r
  u_NV_NVDLA_cmac/u_core/u_rt_out/out_rt_data1_d1_reg_162_/Q (SDFFX1_RVT)
                                                                  0.0273    0.1598     0.1598 f
  u_NV_NVDLA_cmac/u_core/u_rt_out/mac2accu_data1[162] (net)
                                                2       0.7634              0.0000     0.1598 f
  u_NV_NVDLA_cmac/u_core/u_rt_out/U515/A4 (AO22X1_RVT)            0.0273    0.0000 *   0.1598 f
  u_NV_NVDLA_cmac/u_core/u_rt_out/U515/Y (AO22X1_RVT)             0.0225    0.0528     0.2126 f
  u_NV_NVDLA_cmac/u_core/u_rt_out/n2454 (net)
                                                1       0.6122              0.0000     0.2126 f
  u_NV_NVDLA_cmac/u_core/u_rt_out/out_rt_data1_d1_reg_162_/D (SDFFX1_RVT)
                                                                  0.0225    0.0000 *   0.2126 f
  data arrival time                                                                    0.2126

  clock nvdla_core_clk (rise edge)                                          0.0000     0.0000
  clock network delay (ideal)                                               0.0000     0.0000
  u_NV_NVDLA_cmac/u_core/u_rt_out/out_rt_data1_d1_reg_162_/CLK (SDFFX1_RVT)
                                                                            0.0000     0.0000 r
  library hold time                                                        -0.0553    -0.0553
  data required time                                                                  -0.0553
  ----------------------------------------------------------------------------------------------
  data required time                                                                  -0.0553
  data arrival time                                                                   -0.2126
  ----------------------------------------------------------------------------------------------
  slack (MET)                                                                          0.2679


  Startpoint: u_NV_NVDLA_cmac/u_core/u_active/wt3_sd_mask_reg_5_
              (rising edge-triggered flip-flop clocked by nvdla_core_clk)
  Endpoint: u_NV_NVDLA_cmac/u_core/u_mac_3/u_exp/wt_actv_mask_reg_5_
            (rising edge-triggered flip-flop clocked by nvdla_core_clk)
  Path Group: nvdla_core_clk
  Path Type: min

  Point                                       Fanout       Cap     Trans      Incr       Path
  ----------------------------------------------------------------------------------------------
  clock nvdla_core_clk (rise edge)                                          0.0000     0.0000
  clock network delay (ideal)                                               0.0000     0.0000
  u_NV_NVDLA_cmac/u_core/u_active/wt3_sd_mask_reg_5_/CLK (SDFFX1_RVT)
                                                                  0.0500    0.0000 #   0.0000 r
  u_NV_NVDLA_cmac/u_core/u_active/wt3_sd_mask_reg_5_/Q (SDFFX1_RVT)
                                                                  0.0288    0.1616     0.1616 f
  u_NV_NVDLA_cmac/u_core/u_active/wt3_sd_mask[5] (net)
                                                2       0.9741              0.0000     0.1616 f
  u_NV_NVDLA_cmac/u_core/u_active/wt3_sd_mask[5] (NV_NVDLA_CMAC_CORE_active)
                                                                            0.0000     0.1616 f
  u_NV_NVDLA_cmac/u_core/wt3_sd_mask[5] (net)           0.9741              0.0000     0.1616 f
  u_NV_NVDLA_cmac/u_core/u_mac_3/wt_sd_mask[5] (NV_NVDLA_CMAC_CORE_mac_4)   0.0000     0.1616 f
  u_NV_NVDLA_cmac/u_core/u_mac_3/wt_sd_mask[5] (net)    0.9741              0.0000     0.1616 f
  u_NV_NVDLA_cmac/u_core/u_mac_3/u_exp/wt_sd_mask[5] (NV_NVDLA_CMAC_CORE_MAC_exp_4)
                                                                            0.0000     0.1616 f
  u_NV_NVDLA_cmac/u_core/u_mac_3/u_exp/wt_sd_mask[5] (net)
                                                        0.9741              0.0000     0.1616 f
  u_NV_NVDLA_cmac/u_core/u_mac_3/u_exp/U4165/A3 (AO22X1_RVT)      0.0288    0.0000 *   0.1616 f
  u_NV_NVDLA_cmac/u_core/u_mac_3/u_exp/U4165/Y (AO22X1_RVT)       0.0238    0.0527     0.2143 f
  u_NV_NVDLA_cmac/u_core/u_mac_3/u_exp/n4860 (net)
                                                2       0.8716              0.0000     0.2143 f
  u_NV_NVDLA_cmac/u_core/u_mac_3/u_exp/wt_actv_mask_reg_5_/D (SDFFARX1_RVT)
                                                                  0.0238    0.0000 *   0.2143 f
  data arrival time                                                                    0.2143

  clock nvdla_core_clk (rise edge)                                          0.0000     0.0000
  clock network delay (ideal)                                               0.0000     0.0000
  u_NV_NVDLA_cmac/u_core/u_mac_3/u_exp/wt_actv_mask_reg_5_/CLK (SDFFARX1_RVT)
                                                                            0.0000     0.0000 r
  library hold time                                                        -0.0538    -0.0538
  data required time                                                                  -0.0538
  ----------------------------------------------------------------------------------------------
  data required time                                                                  -0.0538
  data arrival time                                                                   -0.2143
  ----------------------------------------------------------------------------------------------
  slack (MET)                                                                          0.2681


  Startpoint: u_NV_NVDLA_cmac/u_core/u_rt_out/out_rt_data0_d1_reg_125_
              (rising edge-triggered flip-flop clocked by nvdla_core_clk)
  Endpoint: u_NV_NVDLA_cmac/u_core/u_rt_out/out_rt_data0_d1_reg_125_
            (rising edge-triggered flip-flop clocked by nvdla_core_clk)
  Path Group: nvdla_core_clk
  Path Type: min

  Point                                       Fanout       Cap     Trans      Incr       Path
  ----------------------------------------------------------------------------------------------
  clock nvdla_core_clk (rise edge)                                          0.0000     0.0000
  clock network delay (ideal)                                               0.0000     0.0000
  u_NV_NVDLA_cmac/u_core/u_rt_out/out_rt_data0_d1_reg_125_/CLK (SDFFX1_RVT)
                                                                  0.0500    0.0000 #   0.0000 r
  u_NV_NVDLA_cmac/u_core/u_rt_out/out_rt_data0_d1_reg_125_/Q (SDFFX1_RVT)
                                                                  0.0282    0.1608     0.1608 f
  u_NV_NVDLA_cmac/u_core/u_rt_out/mac2accu_data0[125] (net)
                                                2       0.8847              0.0000     0.1608 f
  u_NV_NVDLA_cmac/u_core/u_rt_out/U907/A4 (AO22X1_RVT)            0.0282    0.0000 *   0.1608 f
  u_NV_NVDLA_cmac/u_core/u_rt_out/U907/Y (AO22X1_RVT)             0.0217    0.0522     0.2131 f
  u_NV_NVDLA_cmac/u_core/u_rt_out/n2139 (net)
                                                1       0.5041              0.0000     0.2131 f
  u_NV_NVDLA_cmac/u_core/u_rt_out/out_rt_data0_d1_reg_125_/D (SDFFX1_RVT)
                                                                  0.0217    0.0000 *   0.2131 f
  data arrival time                                                                    0.2131

  clock nvdla_core_clk (rise edge)                                          0.0000     0.0000
  clock network delay (ideal)                                               0.0000     0.0000
  u_NV_NVDLA_cmac/u_core/u_rt_out/out_rt_data0_d1_reg_125_/CLK (SDFFX1_RVT)
                                                                            0.0000     0.0000 r
  library hold time                                                        -0.0550    -0.0550
  data required time                                                                  -0.0550
  ----------------------------------------------------------------------------------------------
  data required time                                                                  -0.0550
  data arrival time                                                                   -0.2131
  ----------------------------------------------------------------------------------------------
  slack (MET)                                                                          0.2681


  Startpoint: u_NV_NVDLA_cmac/u_core/u_active/wt2_actv_nan_reg_54_
              (rising edge-triggered flip-flop clocked by nvdla_core_clk)
  Endpoint: u_NV_NVDLA_cmac/u_core/u_active/wt2_actv_nan_reg_54_
            (rising edge-triggered flip-flop clocked by nvdla_core_clk)
  Path Group: nvdla_core_clk
  Path Type: min

  Point                                       Fanout       Cap     Trans      Incr       Path
  ----------------------------------------------------------------------------------------------
  clock nvdla_core_clk (rise edge)                                          0.0000     0.0000
  clock network delay (ideal)                                               0.0000     0.0000
  u_NV_NVDLA_cmac/u_core/u_active/wt2_actv_nan_reg_54_/CLK (SDFFX1_RVT)
                                                                  0.0500    0.0000 #   0.0000 r
  u_NV_NVDLA_cmac/u_core/u_active/wt2_actv_nan_reg_54_/Q (SDFFX1_RVT)
                                                                  0.0298    0.1627     0.1627 f
  u_NV_NVDLA_cmac/u_core/u_active/wt2_actv_nan[54] (net)
                                                2       1.1165              0.0000     0.1627 f
  u_NV_NVDLA_cmac/u_core/u_active/U80996/A3 (AO22X1_RVT)          0.0298    0.0000 *   0.1627 f
  u_NV_NVDLA_cmac/u_core/u_active/U80996/Y (AO22X1_RVT)           0.0214    0.0506     0.2132 f
  u_NV_NVDLA_cmac/u_core/u_active/n47101 (net)
                                                1       0.5588              0.0000     0.2132 f
  u_NV_NVDLA_cmac/u_core/u_active/wt2_actv_nan_reg_54_/D (SDFFX1_RVT)
                                                                  0.0214    0.0000 *   0.2132 f
  data arrival time                                                                    0.2132

  clock nvdla_core_clk (rise edge)                                          0.0000     0.0000
  clock network delay (ideal)                                               0.0000     0.0000
  u_NV_NVDLA_cmac/u_core/u_active/wt2_actv_nan_reg_54_/CLK (SDFFX1_RVT)     0.0000     0.0000 r
  library hold time                                                        -0.0550    -0.0550
  data required time                                                                  -0.0550
  ----------------------------------------------------------------------------------------------
  data required time                                                                  -0.0550
  data arrival time                                                                   -0.2132
  ----------------------------------------------------------------------------------------------
  slack (MET)                                                                          0.2682


  Startpoint: u_NV_NVDLA_cmac/u_core/u_rt_out/out_rt_data1_d1_reg_161_
              (rising edge-triggered flip-flop clocked by nvdla_core_clk)
  Endpoint: u_NV_NVDLA_cmac/u_core/u_rt_out/out_rt_data1_d1_reg_161_
            (rising edge-triggered flip-flop clocked by nvdla_core_clk)
  Path Group: nvdla_core_clk
  Path Type: min

  Point                                       Fanout       Cap     Trans      Incr       Path
  ----------------------------------------------------------------------------------------------
  clock nvdla_core_clk (rise edge)                                          0.0000     0.0000
  clock network delay (ideal)                                               0.0000     0.0000
  u_NV_NVDLA_cmac/u_core/u_rt_out/out_rt_data1_d1_reg_161_/CLK (SDFFX1_RVT)
                                                                  0.0500    0.0000 #   0.0000 r
  u_NV_NVDLA_cmac/u_core/u_rt_out/out_rt_data1_d1_reg_161_/Q (SDFFX1_RVT)
                                                                  0.0282    0.1608     0.1608 f
  u_NV_NVDLA_cmac/u_core/u_rt_out/mac2accu_data1[161] (net)
                                                2       0.8892              0.0000     0.1608 f
  u_NV_NVDLA_cmac/u_core/u_rt_out/U514/A4 (AO22X1_RVT)            0.0282    0.0000 *   0.1609 f
  u_NV_NVDLA_cmac/u_core/u_rt_out/U514/Y (AO22X1_RVT)             0.0218    0.0524     0.2132 f
  u_NV_NVDLA_cmac/u_core/u_rt_out/n2455 (net)
                                                1       0.5180              0.0000     0.2132 f
  u_NV_NVDLA_cmac/u_core/u_rt_out/out_rt_data1_d1_reg_161_/D (SDFFX1_RVT)
                                                                  0.0218    0.0000 *   0.2132 f
  data arrival time                                                                    0.2132

  clock nvdla_core_clk (rise edge)                                          0.0000     0.0000
  clock network delay (ideal)                                               0.0000     0.0000
  u_NV_NVDLA_cmac/u_core/u_rt_out/out_rt_data1_d1_reg_161_/CLK (SDFFX1_RVT)
                                                                            0.0000     0.0000 r
  library hold time                                                        -0.0551    -0.0551
  data required time                                                                  -0.0551
  ----------------------------------------------------------------------------------------------
  data required time                                                                  -0.0551
  data arrival time                                                                   -0.2132
  ----------------------------------------------------------------------------------------------
  slack (MET)                                                                          0.2683


  Startpoint: u_NV_NVDLA_cmac/u_core/u_rt_out/out_rt_data0_d1_reg_37_
              (rising edge-triggered flip-flop clocked by nvdla_core_clk)
  Endpoint: u_NV_NVDLA_cmac/u_core/u_rt_out/out_rt_data0_d1_reg_37_
            (rising edge-triggered flip-flop clocked by nvdla_core_clk)
  Path Group: nvdla_core_clk
  Path Type: min

  Point                                       Fanout       Cap     Trans      Incr       Path
  ----------------------------------------------------------------------------------------------
  clock nvdla_core_clk (rise edge)                                          0.0000     0.0000
  clock network delay (ideal)                                               0.0000     0.0000
  u_NV_NVDLA_cmac/u_core/u_rt_out/out_rt_data0_d1_reg_37_/CLK (SDFFX1_RVT)
                                                                  0.0500    0.0000     0.0000 r
  u_NV_NVDLA_cmac/u_core/u_rt_out/out_rt_data0_d1_reg_37_/Q (SDFFX1_RVT)
                                                                  0.0282    0.1609     0.1609 f
  u_NV_NVDLA_cmac/u_core/u_rt_out/mac2accu_data0[37] (net)
                                                2       0.8933              0.0000     0.1609 f
  u_NV_NVDLA_cmac/u_core/u_rt_out/U42/A4 (AO22X1_RVT)             0.0282    0.0000 *   0.1609 f
  u_NV_NVDLA_cmac/u_core/u_rt_out/U42/Y (AO22X1_RVT)              0.0218    0.0524     0.2133 f
  u_NV_NVDLA_cmac/u_core/u_rt_out/n2874 (net)
                                                1       0.5158              0.0000     0.2133 f
  u_NV_NVDLA_cmac/u_core/u_rt_out/out_rt_data0_d1_reg_37_/D (SDFFX1_RVT)
                                                                  0.0218    0.0000 *   0.2133 f
  data arrival time                                                                    0.2133

  clock nvdla_core_clk (rise edge)                                          0.0000     0.0000
  clock network delay (ideal)                                               0.0000     0.0000
  u_NV_NVDLA_cmac/u_core/u_rt_out/out_rt_data0_d1_reg_37_/CLK (SDFFX1_RVT)
                                                                            0.0000     0.0000 r
  library hold time                                                        -0.0551    -0.0551
  data required time                                                                  -0.0551
  ----------------------------------------------------------------------------------------------
  data required time                                                                  -0.0551
  data arrival time                                                                   -0.2133
  ----------------------------------------------------------------------------------------------
  slack (MET)                                                                          0.2683


  Startpoint: u_NV_NVDLA_cmac/u_core/u_active/dat_actv_nz_reg1_reg_92_
              (rising edge-triggered flip-flop clocked by nvdla_core_clk)
  Endpoint: u_NV_NVDLA_cmac/u_core/u_active/dat_actv_nz_reg1_reg_92_
            (rising edge-triggered flip-flop clocked by nvdla_core_clk)
  Path Group: nvdla_core_clk
  Path Type: min

  Point                                       Fanout       Cap     Trans      Incr       Path
  ----------------------------------------------------------------------------------------------
  clock nvdla_core_clk (rise edge)                                          0.0000     0.0000
  clock network delay (ideal)                                               0.0000     0.0000
  u_NV_NVDLA_cmac/u_core/u_active/dat_actv_nz_reg1_reg_92_/CLK (SDFFX1_RVT)
                                                                  0.0500    0.0000 #   0.0000 r
  u_NV_NVDLA_cmac/u_core/u_active/dat_actv_nz_reg1_reg_92_/Q (SDFFX1_RVT)
                                                                  0.0293    0.1622     0.1622 f
  u_NV_NVDLA_cmac/u_core/u_active/dat1_actv_nz[92] (net)
                                                2       1.0556              0.0000     0.1622 f
  u_NV_NVDLA_cmac/u_core/u_active/U81657/A4 (AO22X1_RVT)          0.0293    0.0000 *   0.1622 f
  u_NV_NVDLA_cmac/u_core/u_active/U81657/Y (AO22X1_RVT)           0.0207    0.0515     0.2137 f
  u_NV_NVDLA_cmac/u_core/u_active/n44707 (net)
                                                1       0.3737              0.0000     0.2137 f
  u_NV_NVDLA_cmac/u_core/u_active/dat_actv_nz_reg1_reg_92_/D (SDFFX1_RVT)
                                                                  0.0207    0.0000 *   0.2137 f
  data arrival time                                                                    0.2137

  clock nvdla_core_clk (rise edge)                                          0.0000     0.0000
  clock network delay (ideal)                                               0.0000     0.0000
  u_NV_NVDLA_cmac/u_core/u_active/dat_actv_nz_reg1_reg_92_/CLK (SDFFX1_RVT)
                                                                            0.0000     0.0000 r
  library hold time                                                        -0.0547    -0.0547
  data required time                                                                  -0.0547
  ----------------------------------------------------------------------------------------------
  data required time                                                                  -0.0547
  data arrival time                                                                   -0.2137
  ----------------------------------------------------------------------------------------------
  slack (MET)                                                                          0.2684


  Startpoint: u_NV_NVDLA_cmac/u_core/u_rt_out/out_rt_data0_d1_reg_26_
              (rising edge-triggered flip-flop clocked by nvdla_core_clk)
  Endpoint: u_NV_NVDLA_cmac/u_core/u_rt_out/out_rt_data0_d1_reg_26_
            (rising edge-triggered flip-flop clocked by nvdla_core_clk)
  Path Group: nvdla_core_clk
  Path Type: min

  Point                                       Fanout       Cap     Trans      Incr       Path
  ----------------------------------------------------------------------------------------------
  clock nvdla_core_clk (rise edge)                                          0.0000     0.0000
  clock network delay (ideal)                                               0.0000     0.0000
  u_NV_NVDLA_cmac/u_core/u_rt_out/out_rt_data0_d1_reg_26_/CLK (SDFFX1_RVT)
                                                                  0.0500    0.0000     0.0000 r
  u_NV_NVDLA_cmac/u_core/u_rt_out/out_rt_data0_d1_reg_26_/Q (SDFFX1_RVT)
                                                                  0.0284    0.1611     0.1611 f
  u_NV_NVDLA_cmac/u_core/u_rt_out/mac2accu_data0[26] (net)
                                                2       0.9148              0.0000     0.1611 f
  u_NV_NVDLA_cmac/u_core/u_rt_out/U54/A4 (AO22X1_RVT)             0.0284    0.0000 *   0.1611 f
  u_NV_NVDLA_cmac/u_core/u_rt_out/U54/Y (AO22X1_RVT)              0.0217    0.0524     0.2135 f
  u_NV_NVDLA_cmac/u_core/u_rt_out/n2863 (net)
                                                1       0.5100              0.0000     0.2135 f
  u_NV_NVDLA_cmac/u_core/u_rt_out/out_rt_data0_d1_reg_26_/D (SDFFX1_RVT)
                                                                  0.0217    0.0000 *   0.2135 f
  data arrival time                                                                    0.2135

  clock nvdla_core_clk (rise edge)                                          0.0000     0.0000
  clock network delay (ideal)                                               0.0000     0.0000
  u_NV_NVDLA_cmac/u_core/u_rt_out/out_rt_data0_d1_reg_26_/CLK (SDFFX1_RVT)
                                                                            0.0000     0.0000 r
  library hold time                                                        -0.0550    -0.0550
  data required time                                                                  -0.0550
  ----------------------------------------------------------------------------------------------
  data required time                                                                  -0.0550
  data arrival time                                                                   -0.2135
  ----------------------------------------------------------------------------------------------
  slack (MET)                                                                          0.2685


  Startpoint: u_NV_NVDLA_cmac/u_core/u_active/wt4_actv_nan_reg_54_
              (rising edge-triggered flip-flop clocked by nvdla_core_clk)
  Endpoint: u_NV_NVDLA_cmac/u_core/u_active/wt4_actv_nan_reg_54_
            (rising edge-triggered flip-flop clocked by nvdla_core_clk)
  Path Group: nvdla_core_clk
  Path Type: min

  Point                                       Fanout       Cap     Trans      Incr       Path
  ----------------------------------------------------------------------------------------------
  clock nvdla_core_clk (rise edge)                                          0.0000     0.0000
  clock network delay (ideal)                                               0.0000     0.0000
  u_NV_NVDLA_cmac/u_core/u_active/wt4_actv_nan_reg_54_/CLK (SDFFX1_RVT)
                                                                  0.0500    0.0000 #   0.0000 r
  u_NV_NVDLA_cmac/u_core/u_active/wt4_actv_nan_reg_54_/Q (SDFFX1_RVT)
                                                                  0.0296    0.1625     0.1625 f
  u_NV_NVDLA_cmac/u_core/u_active/wt4_actv_nan[54] (net)
                                                2       1.0933              0.0000     0.1625 f
  u_NV_NVDLA_cmac/u_core/u_active/U81147/A3 (AO22X1_RVT)          0.0296    0.0000 *   0.1625 f
  u_NV_NVDLA_cmac/u_core/u_active/U81147/Y (AO22X1_RVT)           0.0220    0.0512     0.2136 f
  u_NV_NVDLA_cmac/u_core/u_active/n46333 (net)
                                                1       0.6386              0.0000     0.2136 f
  u_NV_NVDLA_cmac/u_core/u_active/wt4_actv_nan_reg_54_/D (SDFFX1_RVT)
                                                                  0.0220    0.0000 *   0.2137 f
  data arrival time                                                                    0.2137

  clock nvdla_core_clk (rise edge)                                          0.0000     0.0000
  clock network delay (ideal)                                               0.0000     0.0000
  u_NV_NVDLA_cmac/u_core/u_active/wt4_actv_nan_reg_54_/CLK (SDFFX1_RVT)     0.0000     0.0000 r
  library hold time                                                        -0.0551    -0.0551
  data required time                                                                  -0.0551
  ----------------------------------------------------------------------------------------------
  data required time                                                                  -0.0551
  data arrival time                                                                   -0.2137
  ----------------------------------------------------------------------------------------------
  slack (MET)                                                                          0.2688


  Startpoint: u_NV_NVDLA_cmac/u_core/u_active/wt1_actv_nan_reg_14_
              (rising edge-triggered flip-flop clocked by nvdla_core_clk)
  Endpoint: u_NV_NVDLA_cmac/u_core/u_active/wt1_actv_nan_reg_14_
            (rising edge-triggered flip-flop clocked by nvdla_core_clk)
  Path Group: nvdla_core_clk
  Path Type: min

  Point                                       Fanout       Cap     Trans      Incr       Path
  ----------------------------------------------------------------------------------------------
  clock nvdla_core_clk (rise edge)                                          0.0000     0.0000
  clock network delay (ideal)                                               0.0000     0.0000
  u_NV_NVDLA_cmac/u_core/u_active/wt1_actv_nan_reg_14_/CLK (SDFFX1_RVT)
                                                                  0.0500    0.0000 #   0.0000 r
  u_NV_NVDLA_cmac/u_core/u_active/wt1_actv_nan_reg_14_/Q (SDFFX1_RVT)
                                                                  0.0291    0.1619     0.1619 f
  u_NV_NVDLA_cmac/u_core/u_active/wt1_actv_nan[14] (net)
                                                2       1.0192              0.0000     0.1619 f
  u_NV_NVDLA_cmac/u_core/u_active/U80880/A3 (AO22X1_RVT)          0.0291    0.0000 *   0.1619 f
  u_NV_NVDLA_cmac/u_core/u_active/U80880/Y (AO22X1_RVT)           0.0226    0.0515     0.2135 f
  u_NV_NVDLA_cmac/u_core/u_active/n47565 (net)
                                                1       0.7109              0.0000     0.2135 f
  u_NV_NVDLA_cmac/u_core/u_active/wt1_actv_nan_reg_14_/D (SDFFX1_RVT)
                                                                  0.0226    0.0000 *   0.2135 f
  data arrival time                                                                    0.2135

  clock nvdla_core_clk (rise edge)                                          0.0000     0.0000
  clock network delay (ideal)                                               0.0000     0.0000
  u_NV_NVDLA_cmac/u_core/u_active/wt1_actv_nan_reg_14_/CLK (SDFFX1_RVT)     0.0000     0.0000 r
  library hold time                                                        -0.0553    -0.0553
  data required time                                                                  -0.0553
  ----------------------------------------------------------------------------------------------
  data required time                                                                  -0.0553
  data arrival time                                                                   -0.2135
  ----------------------------------------------------------------------------------------------
  slack (MET)                                                                          0.2688


  Startpoint: u_NV_NVDLA_cmac/u_core/u_mac_7/u_exp/wt_actv_exp_clr_reg
              (rising edge-triggered flip-flop clocked by nvdla_core_clk)
  Endpoint: u_NV_NVDLA_cmac/u_core/u_mac_7/u_exp/wt_actv_exp_pvld_reg
            (rising edge-triggered flip-flop clocked by nvdla_core_clk)
  Path Group: nvdla_core_clk
  Path Type: min

  Point                                       Fanout       Cap     Trans      Incr       Path
  ----------------------------------------------------------------------------------------------
  clock nvdla_core_clk (rise edge)                                          0.0000     0.0000
  clock network delay (ideal)                                               0.0000     0.0000
  u_NV_NVDLA_cmac/u_core/u_mac_7/u_exp/wt_actv_exp_clr_reg/CLK (SDFFARX1_RVT)
                                                                  0.0500    0.0000 #   0.0000 r
  u_NV_NVDLA_cmac/u_core/u_mac_7/u_exp/wt_actv_exp_clr_reg/QN (SDFFARX1_RVT)
                                                                  0.0530    0.1354     0.1354 f
  u_NV_NVDLA_cmac/u_core/u_mac_7/u_exp/n4601 (net)
                                                1       2.3189              0.0000     0.1354 f
  u_NV_NVDLA_cmac/u_core/u_mac_7/u_exp/U2155/A2 (AO21X1_RVT)      0.0530    0.0001 *   0.1355 f
  u_NV_NVDLA_cmac/u_core/u_mac_7/u_exp/U2155/Y (AO21X1_RVT)       0.0191    0.0812     0.2167 f
  u_NV_NVDLA_cmac/u_core/u_mac_7/u_exp/n4590 (net)
                                                1       0.4559              0.0000     0.2167 f
  u_NV_NVDLA_cmac/u_core/u_mac_7/u_exp/wt_actv_exp_pvld_reg/D (SDFFARX1_RVT)
                                                                  0.0191    0.0000 *   0.2167 f
  data arrival time                                                                    0.2167

  clock nvdla_core_clk (rise edge)                                          0.0000     0.0000
  clock network delay (ideal)                                               0.0000     0.0000
  u_NV_NVDLA_cmac/u_core/u_mac_7/u_exp/wt_actv_exp_pvld_reg/CLK (SDFFARX1_RVT)
                                                                            0.0000     0.0000 r
  library hold time                                                        -0.0521    -0.0521
  data required time                                                                  -0.0521
  ----------------------------------------------------------------------------------------------
  data required time                                                                  -0.0521
  data arrival time                                                                   -0.2167
  ----------------------------------------------------------------------------------------------
  slack (MET)                                                                          0.2689


  Startpoint: u_NV_NVDLA_cmac/u_core/u_mac_7/pp_out_l2n3_1_d2_reg_28_
              (rising edge-triggered flip-flop clocked by nvdla_core_clk)
  Endpoint: u_NV_NVDLA_cmac/u_core/u_mac_7/pp_out_l2n3_1_d2_reg_28_
            (rising edge-triggered flip-flop clocked by nvdla_core_clk)
  Path Group: nvdla_core_clk
  Path Type: min

  Point                                       Fanout       Cap     Trans      Incr       Path
  ----------------------------------------------------------------------------------------------
  clock nvdla_core_clk (rise edge)                                          0.0000     0.0000
  clock network delay (ideal)                                               0.0000     0.0000
  u_NV_NVDLA_cmac/u_core/u_mac_7/pp_out_l2n3_1_d2_reg_28_/CLK (SDFFX2_RVT)
                                                                  0.0500    0.0000 #   0.0000 r
  u_NV_NVDLA_cmac/u_core/u_mac_7/pp_out_l2n3_1_d2_reg_28_/Q (SDFFX2_RVT)
                                                                  0.0274    0.1709     0.1709 f
  u_NV_NVDLA_cmac/u_core/u_mac_7/pp_out_l2n3_1_d2[28] (net)
                                                1       0.7331              0.0000     0.1709 f
  u_NV_NVDLA_cmac/u_core/u_mac_7/U14787/A4 (AO22X1_RVT)           0.0274    0.0000 *   0.1709 f
  u_NV_NVDLA_cmac/u_core/u_mac_7/U14787/Y (AO22X1_RVT)            0.0209    0.0510     0.2219 f
  u_NV_NVDLA_cmac/u_core/u_mac_7/n13475 (net)
                                                1       0.4125              0.0000     0.2219 f
  u_NV_NVDLA_cmac/u_core/u_mac_7/pp_out_l2n3_1_d2_reg_28_/D (SDFFX2_RVT)
                                                                  0.0209    0.0000 *   0.2219 f
  data arrival time                                                                    0.2219

  clock nvdla_core_clk (rise edge)                                          0.0000     0.0000
  clock network delay (ideal)                                               0.0000     0.0000
  u_NV_NVDLA_cmac/u_core/u_mac_7/pp_out_l2n3_1_d2_reg_28_/CLK (SDFFX2_RVT)
                                                                            0.0000     0.0000 r
  library hold time                                                        -0.0470    -0.0470
  data required time                                                                  -0.0470
  ----------------------------------------------------------------------------------------------
  data required time                                                                  -0.0470
  data arrival time                                                                   -0.2219
  ----------------------------------------------------------------------------------------------
  slack (MET)                                                                          0.2689


  Startpoint: u_NV_NVDLA_cmac/u_core/u_rt_out/out_rt_data0_d1_reg_108_
              (rising edge-triggered flip-flop clocked by nvdla_core_clk)
  Endpoint: u_NV_NVDLA_cmac/u_core/u_rt_out/out_rt_data0_d1_reg_108_
            (rising edge-triggered flip-flop clocked by nvdla_core_clk)
  Path Group: nvdla_core_clk
  Path Type: min

  Point                                       Fanout       Cap     Trans      Incr       Path
  ----------------------------------------------------------------------------------------------
  clock nvdla_core_clk (rise edge)                                          0.0000     0.0000
  clock network delay (ideal)                                               0.0000     0.0000
  u_NV_NVDLA_cmac/u_core/u_rt_out/out_rt_data0_d1_reg_108_/CLK (SDFFX1_RVT)
                                                                  0.0500    0.0000 #   0.0000 r
  u_NV_NVDLA_cmac/u_core/u_rt_out/out_rt_data0_d1_reg_108_/Q (SDFFX1_RVT)
                                                                  0.0285    0.1612     0.1612 f
  u_NV_NVDLA_cmac/u_core/u_rt_out/mac2accu_data0[108] (net)
                                                2       0.9274              0.0000     0.1612 f
  u_NV_NVDLA_cmac/u_core/u_rt_out/U889/A4 (AO22X1_RVT)            0.0285    0.0000 *   0.1612 f
  u_NV_NVDLA_cmac/u_core/u_rt_out/U889/Y (AO22X1_RVT)             0.0220    0.0527     0.2139 f
  u_NV_NVDLA_cmac/u_core/u_rt_out/n2156 (net)
                                                1       0.5428              0.0000     0.2139 f
  u_NV_NVDLA_cmac/u_core/u_rt_out/out_rt_data0_d1_reg_108_/D (SDFFX1_RVT)
                                                                  0.0220    0.0000 *   0.2139 f
  data arrival time                                                                    0.2139

  clock nvdla_core_clk (rise edge)                                          0.0000     0.0000
  clock network delay (ideal)                                               0.0000     0.0000
  u_NV_NVDLA_cmac/u_core/u_rt_out/out_rt_data0_d1_reg_108_/CLK (SDFFX1_RVT)
                                                                            0.0000     0.0000 r
  library hold time                                                        -0.0551    -0.0551
  data required time                                                                  -0.0551
  ----------------------------------------------------------------------------------------------
  data required time                                                                  -0.0551
  data arrival time                                                                   -0.2139
  ----------------------------------------------------------------------------------------------
  slack (MET)                                                                          0.2690


  Startpoint: u_NV_NVDLA_cmac/u_core/u_active/dat_actv_nz_reg3_reg_50_
              (rising edge-triggered flip-flop clocked by nvdla_core_clk)
  Endpoint: u_NV_NVDLA_cmac/u_core/u_active/dat_actv_nz_reg3_reg_50_
            (rising edge-triggered flip-flop clocked by nvdla_core_clk)
  Path Group: nvdla_core_clk
  Path Type: min

  Point                                       Fanout       Cap     Trans      Incr       Path
  ----------------------------------------------------------------------------------------------
  clock nvdla_core_clk (rise edge)                                          0.0000     0.0000
  clock network delay (ideal)                                               0.0000     0.0000
  u_NV_NVDLA_cmac/u_core/u_active/dat_actv_nz_reg3_reg_50_/CLK (SDFFX1_RVT)
                                                                  0.0500    0.0000 #   0.0000 r
  u_NV_NVDLA_cmac/u_core/u_active/dat_actv_nz_reg3_reg_50_/Q (SDFFX1_RVT)
                                                                  0.0297    0.1625     0.1625 f
  u_NV_NVDLA_cmac/u_core/u_active/dat3_actv_nz[50] (net)
                                                2       1.0983              0.0000     0.1625 f
  u_NV_NVDLA_cmac/u_core/u_active/U82136/A4 (AO22X1_RVT)          0.0297    0.0000 *   0.1625 f
  u_NV_NVDLA_cmac/u_core/u_active/U82136/Y (AO22X1_RVT)           0.0208    0.0517     0.2143 f
  u_NV_NVDLA_cmac/u_core/u_active/n43855 (net)
                                                1       0.3879              0.0000     0.2143 f
  u_NV_NVDLA_cmac/u_core/u_active/dat_actv_nz_reg3_reg_50_/D (SDFFX1_RVT)
                                                                  0.0208    0.0000 *   0.2143 f
  data arrival time                                                                    0.2143

  clock nvdla_core_clk (rise edge)                                          0.0000     0.0000
  clock network delay (ideal)                                               0.0000     0.0000
  u_NV_NVDLA_cmac/u_core/u_active/dat_actv_nz_reg3_reg_50_/CLK (SDFFX1_RVT)
                                                                            0.0000     0.0000 r
  library hold time                                                        -0.0548    -0.0548
  data required time                                                                  -0.0548
  ----------------------------------------------------------------------------------------------
  data required time                                                                  -0.0548
  data arrival time                                                                   -0.2143
  ----------------------------------------------------------------------------------------------
  slack (MET)                                                                          0.2690


1
